Step,AI_Eps_0.1_e0.1,AI_Eps_0.2_e0.2,AI_Eps_0.3_e0.3
0,0.02020197397504026,0.20921278368559443,0.03543069548394526
1,0.029354408528169663,0.055400695443094644,0.040152332674755375
2,0.041545541680176525,-0.13364485615979116,0.056203538130792846
3,0.05055431276562023,0.10070793889777574,0.20790377960897022
4,0.05164299833065759,0.03039430513851218,-0.030274316584079308
5,0.0663184543605356,0.06287862038061598,0.0016621542543533486
6,0.02068864988613959,-0.04255539011803344,0.016554750624185828
7,0.06439438632306019,-0.09963570528176331,0.0639569592173192
8,0.04693729239790297,0.05207029572094235,0.061585310855220565
9,0.06774339496196691,0.09472939210005342,0.0254772948088709
10,0.047816700065396234,-0.07213176486359293,0.11284485831416201
11,0.049305376726650266,0.13679475040812566,0.2535835617626039
12,0.002846960272724977,0.02246476176813661,0.08053509571377399
13,0.06671749539223716,0.1052175535849536,0.16984654223365714
14,0.05240200306251511,0.09630937919771261,0.06150150829104074
15,0.042780703131542565,0.17872587192542383,0.04772080113779648
16,0.06691544875661347,0.04334470938726821,0.048704651728011444
17,0.04629642416437179,0.031247828697704583,0.07710535361311034
18,0.04187035602998175,0.00022390039931912133,0.4763955198516603
19,0.02580373562534081,0.09681459049413321,-0.1763859104801258
20,0.01612662800548275,0.18523612312204626,-0.09953081684115335
21,0.07174350588672547,0.184149053958937,0.11755377992911842
22,0.06701626538887658,0.14072514876996142,-0.17716294943499103
23,0.059487747569717225,0.18153439054307688,0.03771464669866629
24,0.0460709267584171,0.09430444075916569,-0.07476536736499405
25,0.04895706900721558,0.18231843347128535,-0.047221809230567235
26,0.02892377789814592,0.07095662241834898,-0.06009371659079532
27,0.03315398237056471,0.018289974438107526,0.047733000139868656
28,0.056950399382098456,0.1459013666941533,0.0507931079029822
29,0.06569347961001523,0.14468385627469654,0.032117583782233824
30,0.02886878384155321,0.057242474028118884,0.04222501059549304
31,0.051429236897127605,0.024086571084074238,0.23828994181995433
32,0.05515747315511144,0.07457695786461731,-0.07313801919667465
33,0.06257484476901752,0.15345015971726825,0.17762105983770116
34,0.044681487464090945,0.02170422938498903,0.036556050600525525
35,0.0371845057460417,0.04815047534584869,0.11872935210984448
36,0.024190313440706265,0.16991705627447318,0.24543513943673798
37,0.05575243622249764,0.11678950940421454,0.18691455007282687
38,0.16731004464373003,0.07193814269057189,0.10850227931210232
39,0.11016823835333803,0.09967833423772342,0.08782882931752603
40,0.08655254026339262,0.045829493759636276,0.08585092503340472
41,0.05665974211130465,0.0264506329588452,0.14965038717348494
42,0.009712454397373352,0.1616846826329018,-0.028684083937026827
43,0.10226881256708699,0.0322916411855241,0.04336040098251029
44,0.05565716233207796,0.16253716451817615,-0.12595704480374806
45,0.10613895310179483,-0.1282926852504332,0.11296573387206675
46,-0.006620778764486586,-0.2508749913025832,0.11001383641157023
47,-0.06326223512158614,0.17569655278033433,-0.0027108147623989276
48,0.15538779954573248,0.08964755769665345,0.03301329765548027
49,0.014256988686542564,0.18596851349564486,-0.09066776559003102
50,0.04065875881352955,0.030565244883057098,0.056872122653216534
51,-0.019295400636446094,0.046908944443377454,0.019381451566522906
52,0.04174164888660792,0.03042556504781833,0.06455155856669131
53,0.04735857053792895,0.1987636152464246,-0.05839482208485815
54,0.15354610469448968,0.05401879742189222,-0.07453049258635203
55,0.03649502183883889,0.19063790372368716,-0.06829485016079422
56,0.10422265021010588,0.011156135775065646,0.11023077901866854
57,0.0763975273793156,0.0893451991063561,0.03965025293114846
58,0.034130186239893806,0.057529431949608606,0.13636623646475415
59,0.029139061610328733,0.0336830916155219,-0.009176663937416125
60,0.10657572616516947,0.005971646396585495,0.08702550617184068
61,0.15892589173940652,0.03949394950232635,0.11683104096864863
62,0.07618871897212792,0.05515173390922734,0.0410607000048548
63,0.0061738719317289414,0.110598694496556,0.0668224572431254
64,0.10119905054919995,0.055454571625010884,0.09571010136987768
65,0.025990781993093164,0.11622658347601007,0.02815544045670729
66,0.11706231040341085,0.028606069203205926,0.1765251852540849
67,0.0610845361411046,0.12528994613225447,0.105027326336678
68,-0.0744500629012617,0.191589900957459,0.20450553223308326
69,0.06714969207666655,0.08156347071838715,0.00958980665270568
70,0.060924555411407955,0.03922972736691092,0.05101671484948714
71,0.06483783637647736,0.15196397972525286,0.06867291757462488
72,0.12345322520346279,0.019142949965012625,0.020457496078148577
73,-0.005366171701786049,0.13594099793803133,0.11687167819655021
74,-0.0022011192655637876,0.031923657956078745,0.006357828976890897
75,0.2816643749966281,0.07271846323908863,0.07080749678770731
76,0.028115304833061974,0.009777172363908472,-0.005957195455766791
77,0.00017571195656787553,0.016193308471295808,0.07553171006710735
78,0.09185268387605917,0.030210727403064942,0.01962191964860735
79,0.04965342210844787,0.05177847219291634,0.0713099939139322
80,0.2362542886914282,0.030399028207439106,0.0261867818070063
81,0.10148376055175778,0.04218524510111528,0.1891080522752851
82,-0.004016337715735882,0.007886970133391185,0.037602357961654266
83,0.3233928232393001,-0.1315613263009114,0.1291234362540113
84,0.09820614675700196,0.164478860093878,-1.0294883359712736e-05
85,0.04688683727495565,0.022324998436721404,0.09920830073952784
86,0.06109457676328133,0.022713363952037626,0.32343812532788274
87,0.016149636913032277,0.12969835895692683,0.2014037403909567
88,0.007115549309374004,0.1581559138925911,-0.029504993413264027
89,-0.06603653477440004,0.19889202060931088,0.07946105578512766
90,0.069074094825607,0.07688655699162061,-0.02016700744377825
91,0.11850724134524651,0.07990266911600759,0.2083844240668007
92,0.24855982126204776,0.02273357920652086,0.05879833579383393
93,0.009109011214981366,0.023098508080650816,0.14691048317163174
94,0.09140815808991534,0.15052403895802424,0.045265330070459305
95,0.13574088140401686,0.0855978247429805,0.054619231435651505
96,0.23020044374659354,0.059207468378061325,0.16564102752231563
97,0.2905580729286473,0.132402782814438,-0.14513634552749105
98,0.0346548629097667,0.02451636319187638,0.06190215757368474
99,0.06319422543399265,0.0585070307939217,-0.05249832315591618
100,0.06873596406456964,-0.04634904169444402,-0.081101474984153
101,0.062333064886083187,0.048443874915385335,0.29846851105527017
102,-0.0468576647568639,-0.048393652704653886,0.06928271926718357
103,-0.17712988254383683,0.08241232967940731,0.06651316086382572
104,0.0174792522559252,0.19338678608750573,-0.12504963568950606
105,-0.0009494695239589887,0.1348971229830296,0.017014955261007964
106,0.09751624434607047,0.053066543685174265,0.004515525660863412
107,0.28339302409474376,0.07279961417332666,-0.14352314007394817
108,0.04949723280412087,0.062278117791067115,0.01551438026809182
109,-0.01955101513811587,0.055655106591002396,0.02165822947007669
110,0.004185609607990748,0.033499585182502366,0.09624502021929966
111,0.03695854865447284,0.01925835662440144,0.23952000871109724
112,0.07722038833019801,0.08254972886101362,0.09698996951303526
113,0.11655929521045377,0.07474109250942222,0.03336272302620839
114,0.07905784738456971,0.07779177210642174,0.05846167482893
115,0.10263610250441586,0.15432340527109956,0.013466089432550468
116,0.025785582612754397,0.12322287907262791,0.23468708501302196
117,0.09552735800683793,0.13825710508173172,0.17554582864830343
118,0.044758418813854416,0.057763387598139204,0.09864954269594667
119,0.1642305010415066,0.16551871117955003,0.0896233677684325
120,-0.08210468616602219,0.19381669609098018,0.08078947484291163
121,0.07812850548043024,0.010929127938348061,0.03116551845860058
122,-0.01295843402088584,0.057258592434619594,-0.10904994670864845
123,0.03773996456868551,0.0082797785711207,-0.008966351178307706
124,0.1884952843446519,0.07767439756436295,-0.00502965241548612
125,0.06182122553639795,0.0030611770065952504,0.13308369650442148
126,0.0377886984650279,0.19178446670795224,0.08938934065915344
127,0.06586537907761614,0.10229607158245446,0.0738781644035518
128,-0.04695162220398552,0.07559757152002478,0.05193951581328662
129,0.03570629828733261,0.14699963562344306,-0.00808844257123844
130,0.0758362745788626,0.14811518345102523,-0.08274162262833246
131,0.019575849007597925,0.05745126302428714,-0.11894171503482238
132,0.30119416639232577,0.027398356476246482,0.11055948809293661
133,0.20483736693122906,0.04071699516743137,0.09217065170967054
134,-0.020500111682980673,0.19914045414727388,0.030056689960401128
135,0.09008537174326975,0.008475652298046988,0.14617426589372312
136,0.04435798488614083,0.03368123639299845,0.08516468048349264
137,0.09551559974249754,0.0942742536464921,0.10272408598546678
138,-0.11035385931806085,0.02112304830001477,0.13852855051304383
139,0.03514158702132519,0.10085835545171414,0.06334654850189161
140,-0.06618692611531826,0.15929248346815628,0.026071152778697877
141,0.030506021625583652,0.09448839226342637,0.022693737807152645
142,-0.02577804294818696,0.14873768046320557,0.04443444166618324
143,-0.05334969389132434,0.13489529027904057,0.028760991583595647
144,0.10376766149927011,0.050568755662461044,0.054527902627068255
145,-0.08362434460910702,0.15300643208758305,0.04054774134479895
146,0.20292281927624006,0.16401223358148925,0.31218934982234403
147,0.15272802334143643,0.1843249283918521,0.10797181604102377
148,0.09163212646620085,0.001395148544256708,0.09959555594718938
149,0.04861875316663993,0.008538055507792852,0.01597772320038482
150,0.2738674901191528,0.039105463282220025,0.010774632341194326
151,0.07140762036551448,0.17477700118265688,0.049771267143840094
152,0.13226690271009112,0.1593394930106764,-0.0639931290819547
153,0.028466740254185205,0.026408048295722065,0.0945535173642424
154,-0.09468335561338885,0.18082639905595801,0.09935595382454968
155,0.024591934153665607,0.09172481593875292,0.015051495277843885
156,0.015320173758992327,0.04066123594517943,0.0628227806028547
157,-0.05148881534799858,0.005822763021842415,-0.058704233238755274
158,0.08482787337058792,-0.1539324610786842,0.21076792242021453
159,0.1177604283616176,0.09412693534256489,0.0449819901982211
160,-0.014560302799416919,0.027687826374693886,0.16454845150262953
161,-0.18035255357668187,-0.08389480173288695,0.17674167594755935
162,0.07386865842764213,0.19297105999659075,0.10904761449124195
163,0.04787339664623551,0.04714120525893827,0.015447886846453096
164,0.3472829612825014,0.24132438541379886,0.052740420796519416
165,0.3151240253867912,0.027459347174385675,0.04316896798345985
166,-0.003953279554988934,0.06835284807721292,0.025828542726247006
167,0.04663813599692906,-0.04525691498194233,0.1540197282323126
168,0.12741810597188902,0.01728759921765438,0.07518985200018113
169,0.042466246648543524,0.017202686632799058,0.026634984353654103
170,0.31685994968177256,0.07779187666513998,0.02231153295144658
171,-0.11997341440418094,0.08580945635888099,0.08599436995056411
172,0.21890157738062394,0.03820368751512481,0.012317439771261585
173,0.006058917750940987,0.11582636413997356,0.07135565037056141
174,0.06040985006755598,0.0434756503296069,0.0992697983939082
175,0.030438005335309253,0.06973215886877142,0.1089173735349764
176,0.29415613911665983,0.02216250648577427,0.19685032586139403
177,-0.0009553344787274418,0.028322707204863698,-0.008776830448252657
178,0.1366613810059053,0.09131679935877197,0.11390995041379687
179,0.020498576939264268,0.18777808153733413,0.05683329098283396
180,0.08005285677120043,0.11308517193224382,-0.6321230742658194
181,0.029608236489027696,0.1978000501987396,0.1160037499008625
182,0.16227235945203383,0.010211114810254718,0.020442046069382602
183,0.061843196253046406,0.06783387069265759,0.17022669389590112
184,0.0770895498748969,0.10358368224255775,0.03478849943853338
185,0.0799981494979642,0.01574508399244683,-0.03252264077149268
186,0.02238297550720661,0.051559480484249805,0.08869638594729187
187,0.08081569785626144,0.0757074249301883,-0.21255074867170892
188,0.03857237827505866,0.1250529879360631,0.1601539371013607
189,-0.03256063908672391,0.056707656433731324,0.09058764133759657
190,0.1693067198843788,0.014837203699827795,0.06117961461971587
191,0.04602285539792532,0.055303064598026475,-0.14810109734846744
192,-0.07603279868870007,0.0789814157365701,0.04396490425233108
193,-0.17004912054439184,0.05802260386471854,0.08854204145326838
194,0.04076652510902114,0.02449825599287299,0.09219447897302466
195,0.16102095632825686,0.062001716984590075,0.02597074295379845
196,0.10114562214398434,-0.23961166877541956,0.12385729513344221
197,0.18341831258765212,0.17691282554014776,0.09937539459606035
198,0.06096526683982584,0.13821998747427772,0.0623760157856234
199,0.12270820514125541,0.001934398281493266,-0.08308556967609833
200,-0.04588706268616087,0.15875971282008228,0.04522248695929599
201,0.024224505362662394,0.10137125124337905,0.014625315141804096
202,0.02911797967400391,0.12910695636192443,0.13050178525761713
203,0.08763903286778273,0.003514573056495107,0.031816651141625574
204,0.23337080279008307,0.09053619159104763,0.014994225726518928
205,0.03056293679105465,0.18155429166545295,0.05071856021810057
206,0.2559444247555945,0.16962460783140906,0.044389218548945106
207,0.1151012484462339,0.07303378517113894,-0.005445764373935118
208,0.09074499111879467,0.00525009460748176,0.14170693465214218
209,0.09780916315399218,0.0481574622843793,0.10004279268810287
210,0.11614955096432275,-0.015527100581736706,0.03167255407489028
211,0.15956236303124915,0.16586229770890226,0.04103018473844526
212,0.051524380488697785,0.034774518848124325,0.17509252123397082
213,0.021119761493007018,0.00799652881696027,0.2919300653859278
214,0.008791066862406959,0.13569113102597422,-0.09833672914855547
215,0.03539090496451696,0.00535320443885885,0.11127670579683421
216,0.18676605076419023,0.06608613443183393,0.14100883742107445
217,-0.04649783111751049,0.028605671032687366,0.09625039354117695
218,0.05893786595156669,0.05139563740743119,0.007980227011864578
219,0.05461569719037876,0.07069600105231275,0.07235054139069558
220,0.1119969404262167,0.14885953279331823,0.05928196989170213
221,0.0047920827539842115,0.007284863669024056,-0.05826588071629568
222,0.021344756492743797,0.0078105124292379815,0.11173572246818265
223,0.0410028749492259,0.018160671487504266,-0.11437132860802417
224,0.007860534144055496,0.03805588665880133,0.18455430709249748
225,0.11771666863952197,0.0541005319458477,0.11554816099344031
226,0.020972969351675082,0.19138365825898923,-0.05653269746982821
227,0.15170805659040737,-0.06612780255833879,0.06929955000752094
228,0.03398802690242385,0.09283624465459626,0.11748138278455363
229,0.07942779238104394,0.09755897898724347,0.04804004864227533
230,-0.0552725789767102,0.1178604089460075,0.14109476623920642
231,0.08712069657514507,0.0992120911763377,0.06553115998664873
232,0.09986861351339849,0.13360675021991483,0.12372927154494878
233,0.10432018379893923,0.09242361504467485,0.02986032179865601
234,0.06633276046139272,0.011618319949691026,0.06760256361170651
235,0.06298358616989241,0.07673198689038228,0.11844406572346201
236,0.14269253165842904,0.03619475440353877,0.03662993223510509
237,0.017528252080833064,0.0635644418813106,0.13088360629103876
238,0.013378002831500521,0.16477829284748668,-0.0010321119924363645
239,-0.03267836922299577,0.07893124151263725,0.08790397321191427
240,0.24486081296933923,0.03263928113070328,0.0932186538019115
241,0.01659047799582667,0.028470920092490044,0.09145469696795096
242,-0.1056499271608836,0.17403189356806684,0.10021914833348379
243,0.0933313330158586,0.10563171652451248,-0.22241483442422114
244,-0.0022089813230587244,0.1102121434921497,0.1375275487799644
245,0.09421376945331417,0.011306986448858481,-0.042193347197988604
246,0.23273762767809672,0.052306758969902736,0.11215860296063569
247,0.034950144845604166,0.0048288877596597505,0.018899956272245565
248,-0.09485789202852181,0.07428168867144583,0.04366526069796365
249,0.05367860554949367,0.12810807013586106,0.06074312887343725
250,0.02127499968978801,0.05912744687120432,-0.01599637005509419
251,0.04992676039080844,0.05322331804506624,-0.05004792618298895
252,0.2480999092373554,0.059177004549275915,0.09624466948598037
253,0.21581946286990222,0.028874418775598543,0.06574455563204244
254,-0.2911511400285628,0.021919320050817606,0.011084603676643105
255,0.14647690080008444,0.033207724627354544,0.06313192250399456
256,0.004269478025269197,0.0500315467348858,0.09767122282373157
257,0.03454268822137804,0.0326644442311369,0.06435001680851378
258,0.42986337691156484,0.020728588779002244,0.003237408254777341
259,0.10140649291714997,0.006712682447850738,0.010038974040452342
260,0.01734986963637148,0.0450569955275228,0.10094600410454609
261,-0.018945375545987117,0.18569996872438235,0.030937938636703046
262,0.05222714369289267,0.05667916941876856,0.07683047026936995
263,0.2526627825380964,0.058187779537498145,-0.10162772912594983
264,0.025466275309040907,0.17687819818478837,0.01036589662904727
265,0.14442878267938497,0.018039326322987947,0.10892469211770778
266,0.08243922819849667,0.16262189457940404,0.060844821955356385
267,-0.05393280904553832,0.1789015260053109,0.05650869375596556
268,0.18556572430610332,0.0578975127013148,0.137684874783368
269,0.012114297364155771,0.01422423683877938,0.005637673884587158
270,-0.015559880141691323,0.017571524763579396,0.07318817229097052
271,0.08595793382529225,0.13316128404466962,0.06260898732809915
272,0.004118618544344851,0.043372582137363204,0.032963751052888006
273,0.10664630346159441,0.024133094025664648,0.028341139383340094
274,-0.01920843463362006,0.006971093695945831,0.02514336351218202
275,-0.15149815818604948,0.08277312632823514,0.02191400482768306
276,-0.02919809782100488,0.05102787717022683,0.08898191600324842
277,0.005685243467805905,0.09543961840337706,-0.014839479543751283
278,0.035677050421959115,0.015424692844168445,0.07127516824225025
279,0.09544997571305114,0.06481934368803748,0.09294518103624141
280,0.006876320875803463,0.03277044432202603,0.03376325034791684
281,0.0315341982422936,0.060328392093917764,0.0703603531329942
282,-0.025287468440311794,0.03899954006754378,0.13791018903579116
283,0.08988927521952575,0.11482212654120993,0.02417409458419206
284,-0.03946413400002152,0.19737118515562568,0.10669793406787692
285,0.13227169688413268,0.007715326661532696,0.05496857370171071
286,0.11730980656073163,0.19962793422491043,0.06696661440745091
287,0.053946677421250304,0.04877745418894566,0.16606902543319677
288,0.051206747337503605,0.06037460809610169,0.20677795967930301
289,-0.1669044933925636,0.14808228436999893,0.03737051642474337
290,0.08776647470180177,0.14149911717078673,0.18940985372102048
291,-0.015565802504299906,0.04219701908822207,0.018152317073541556
292,0.017493532351084633,0.12613692833437842,0.06038344632378518
293,0.05989306448632917,0.022353855166333644,0.07715440145374795
294,0.5679170255423945,0.07883521872438369,0.15195049648840106
295,-0.010795513085831744,0.046347545423371855,0.04392502946859761
296,-0.0005277710759948803,0.01615085043269404,0.02752058833424129
297,0.10017503524889212,0.168961625404843,0.014804783402171326
298,-0.04336083586166309,0.04614910698301495,-0.05119269056583792
299,-0.10062477371501126,-0.4386712887539584,0.011212896041174716
300,-0.0280101982003549,0.1599505972505341,0.11420426395951236
301,0.009739171497811512,0.18419596570437777,0.05689562157175863
302,-0.0007874086865036281,0.04730398187089033,0.04640252344269584
303,-0.029509462583153595,0.025680078233776008,-0.0021283169753421385
304,0.24558796000885072,0.17301449771683752,0.08539465412844699
305,-0.05263937624105902,0.15164241555131142,0.0364088035022439
306,0.030169966374047754,0.1191344148654832,0.07095556821027477
307,-0.09618701208120774,0.013751827850954546,0.16586238194854586
308,0.021081536957028822,0.05416205208947431,-0.060782834525962684
309,-0.03662521037804117,0.10736476611378375,0.08902424958752467
310,0.19251848717740883,0.0009489036610016433,0.13348364427158219
311,0.31882559284132705,0.039798387392405654,0.06648000798850372
312,0.08700804253005856,0.05881571176289,-0.3282812531982365
313,-0.058222121197883156,0.09946422118838208,-0.09552966644073367
314,0.014575371016495017,0.034826896702684663,0.07555057629682067
315,0.12735597657947448,0.06748345884004128,0.10821785556987092
316,0.0140212203620897,0.05214908285394715,0.03854051746325602
317,0.048524738393814285,0.17128423563268141,0.021359522955805357
318,-0.004230099221988866,0.08855895640796728,0.053049530655169735
319,0.03802504219229058,0.044889135234418204,0.05283108609571399
320,0.04600308901411896,0.09290927838781793,0.13480139777270728
321,0.018336928335092872,0.1546241118234476,0.035712048177132624
322,0.13384298851467674,0.06593087714485997,-0.00973402230495192
323,0.11207569284327296,0.02993584678691609,0.0012785463345686865
324,-0.018566209088940328,0.0772754532129913,0.03903492710625312
325,0.058077259575209275,0.07103916882083042,0.06539764234916288
326,0.052249297536921514,0.00786439627088016,0.20341173322432482
327,-0.018159606835437297,0.062224659790206555,0.14143110860008085
328,0.024235315791416773,0.0967839489724231,0.10237803260594831
329,0.019385784577420316,0.13317723707599152,0.036149815256379565
330,-0.02843165345831472,0.0633051218016929,0.026448356510631207
331,0.09567195327370043,0.0015937198130776987,0.0022651957455388227
332,0.04335473149812305,0.011234632816013425,0.032771204583196656
333,0.16806514123957966,0.15809944114602228,-0.05665366340678564
334,0.12453468827226252,0.0034625239745683213,0.14551469985448662
335,-0.026117315454673384,0.19309109042994943,0.010441563811287101
336,0.16742559630371293,0.06896545470424686,0.17868733960755212
337,-0.031170787929930888,0.169026585729529,-0.010465724073825095
338,0.23768196843272502,0.08302682569473169,0.06312083010591481
339,-0.07829335714862634,0.10500979465985479,-0.13526913138104868
340,-0.011261451831718866,0.0025501528865149005,-0.0737701966237364
341,0.06938493576973709,0.00030018669878199015,0.08405535969421735
342,0.056805614837991215,0.03639347493972205,0.025313661709308256
343,0.08772162305210293,0.0697022215943526,0.001482671665716924
344,0.038217279099331786,0.09260598101575512,0.05435723781869132
345,0.26254899377891777,0.015554987963980672,0.07301121537511485
346,0.067012330584079,0.020154890854157538,0.07523744657981822
347,0.05943589572230064,0.041896124126381176,-0.02569156439043985
348,0.1487221994013505,0.08220286312441212,0.02450949631598769
349,-0.009294062544337359,0.08647666940305933,0.07101797006511615
350,-0.062222504894924424,0.12194679773649182,0.12359314438497858
351,0.11716807353326596,0.19142830886162052,0.12299284990077679
352,0.0557447194687569,0.19414014000848684,0.04979068446597701
353,0.024218482027324933,0.035768830698550365,0.03991525235034713
354,0.0310408793229586,0.029680375150335815,0.011894061624321883
355,0.18064642327363045,0.016671027713490594,0.054707699311007274
356,0.23009736908912634,0.057035016323001925,0.01578152354237371
357,0.13079106999987378,0.005443128155665632,0.08180848998169221
358,0.055108878228027125,0.09928803117064265,0.035783867682976145
359,0.055904338866670907,0.15018904805162503,0.04447189963030332
360,0.11154302187142644,0.05325669440945564,0.07598562688178251
361,0.1499141761155017,0.04847071413058054,0.10027546996805121
362,-0.055666901101445926,0.1295931980630476,-0.01653287018859655
363,0.04686909191389781,0.13685150252529188,0.03329542362760128
364,-0.1287413316302125,-0.060981904840064854,-0.03491011318919181
365,0.11161766038140858,0.08910534474935375,0.014226690493108464
366,-0.05068962836354421,0.07746637391514431,0.03526421537330497
367,0.011102039179645362,0.019655401745669283,0.004618869268243768
368,0.29214202627410935,0.01611312594776595,0.06126853937497088
369,0.11424523893902211,0.09770351528139837,0.06789711744728019
370,0.03004934609609021,0.1206016327830741,0.13356578580656855
371,0.38187258497702015,0.042802202820293095,0.060120074090039256
372,0.03849410261549277,0.08816500005124162,0.0239847436068521
373,0.28510455610488894,0.024139545465058893,0.11624701901997324
374,0.17541231182143163,0.04752830238922823,0.02458406707325962
375,0.04868299137882197,0.0413173825966767,-0.062326179901503534
376,0.21961444034828803,0.08013087533840754,0.07326262333367037
377,0.14659939232900215,0.173424212918008,0.04750005856287019
378,0.052158192612553514,-0.01736764028928811,0.18185639388925304
379,0.3986675085881919,0.05949576383211608,0.0844310123367398
380,0.30213321490132394,0.021499667626445108,0.09188204933990249
381,0.30747794576535403,0.04978610871970551,0.05084878353174617
382,0.14739299735766406,0.1840176846035314,0.33810198923507406
383,0.03131272202181559,0.059827493675989496,0.06404051392189054
384,0.04831393972941317,0.09283849002084871,0.0005337894361282514
385,-0.09241496441533384,0.0982157870841962,0.04158938235514814
386,0.26156010264010776,0.010890519198010418,0.05740003431795859
387,-0.051784138897308374,0.07493142832951966,0.08683574169976076
388,0.21900220162008857,0.0331119402804288,0.07543031554508173
389,0.0363450956920614,0.11358458623330286,0.036372799761801924
390,0.03705000315887014,0.026185434043852564,0.08065232570966627
391,-0.03224560589116106,0.13967480256358067,0.027785126694783946
392,0.2241563673251047,0.08361410287863547,0.003002948445931342
393,0.34060093594332314,0.019390779052591692,0.07680683929644201
394,0.18207869078663153,0.09749358841886072,0.07495696616267654
395,-0.24240724021122753,0.08977650703965345,0.06648897952825865
396,0.16639623410999418,0.002982670214910599,0.09592590146145778
397,0.1290251820867288,0.05888198325424879,0.07651803301219554
398,0.14569481720898822,0.056093780707898416,0.09721477492652116
399,-0.11537169105168452,-0.1959758767499816,0.033801353025921486
400,0.23511192873566536,0.009339887844637252,0.03906845178547968
401,0.1845708153318178,0.03894226710354708,0.019098458610947545
402,0.18680584495288144,0.025701522484231167,-0.1131879332282529
403,-0.1702427264318532,0.02328139172913817,0.012687423423806644
404,0.09375669822708166,0.06084454009613985,0.015331516049339772
405,-0.04684362597581403,0.03368039168382364,0.026869883562330953
406,0.07823761533300722,0.028403564116975047,0.00885781408029862
407,0.1843250471195133,0.03773682523304898,0.0784899908970131
408,0.11659026160819486,0.12781533425242905,0.13340223681904306
409,0.06910927438262016,0.06405110787422164,-0.0017650518363629686
410,0.17286490279107786,0.09737139915433618,0.0858777528904979
411,-0.11351476287497707,0.03167421190868702,-0.005261089174490988
412,0.03490170955588477,0.17340767614725303,0.060254113289327345
413,0.04237404138902693,0.06314156272935019,-0.14008640536178418
414,0.2574600917442736,0.05503092256728003,0.04402138459161014
415,0.1613431622613498,0.038898426845167935,0.09708696557105263
416,0.15140133465600694,0.0766819862146055,0.05697663780193977
417,0.18376685973102616,0.025138619542775173,0.19592584257794188
418,0.24675454478727565,0.00876735679057249,0.06682563010924707
419,0.194710151842933,0.07855603452553887,0.046118062390309314
420,0.006712577843129633,0.08650507744278464,0.08074640252760114
421,0.2821766024823251,0.05980836142328362,0.051923906244217236
422,0.01842551939023628,0.04231210424632079,0.020021194170439585
423,0.08778204488104979,0.08550850127950543,0.017218236050549975
424,0.3207621892639697,0.018145585738019897,0.08081793715728654
425,0.17105427842926685,0.010126784276490075,0.09373286641785486
426,0.04863112379012152,0.09011783136528134,0.1014553713166085
427,-0.12276151385143083,0.6132830015083752,0.1536597110271918
428,0.03952579359983692,0.16341093388636663,-0.04460533846269005
429,0.1316160328567686,0.059482062687885306,0.08213071132486811
430,0.06037118278723569,0.20432451279120345,0.01719997307138077
431,0.009021336584823098,0.04089989352727136,0.07667955260166376
432,-0.1408229346435783,0.06907439725694359,0.042105239580429
433,-0.016110539068886445,0.035853985898689,0.03597861527592958
434,0.06920071642537519,0.012548006624573416,0.05354125946934182
435,0.03070909434499515,0.09480137539912202,0.06093979525448565
436,0.2810928488662977,0.0682499231505348,0.0193646969993483
437,0.16761613524819416,0.08651615174785653,0.021209170502259803
438,0.06791994873469556,0.00468903328475978,0.027271118038993236
439,0.10298802481070177,0.08801843923657982,0.09718931976204957
440,-0.03981391601909748,0.026003189154376938,0.0528737063915969
441,0.22140212318568847,0.06540025177938251,0.09125569045101298
442,-0.032694293343165454,0.020344920756559637,0.051346436803714236
443,0.11628611787468916,0.015330699147013006,0.03439251576853932
444,0.3066823776610327,0.08172106098544855,0.04997049004092957
445,0.11300255562824484,0.006467839442932097,0.1775846132890766
446,0.2574486592104103,0.07624752980240707,0.009402708505963177
447,0.18852255993540412,0.04915342880254551,0.01825223509480154
448,0.30632098334668134,0.07776123275167231,0.09050489877568524
449,0.10421530538985038,0.09208175425731542,0.00017992943925830842
450,0.2932111958293868,0.03693340131914704,0.025329418177406218
451,0.15860414877027482,0.05142316207780008,0.05970355676584485
452,0.3255311663939398,0.002323281835105828,0.0005026376337063709
453,0.033798624057435306,0.00019490584705956772,0.16050489646131055
454,0.18574882854134922,0.16508538517008392,0.01408401834985671
455,-0.023185128818970183,0.02993815947838492,0.11174733423147087
456,-0.07467598859844371,0.06746741599010726,0.13301419207369064
457,0.0716372076560144,0.11608330161038315,-0.08507554884439583
458,0.06413197501634564,0.057068137109498256,0.17887427107824266
459,0.008537014129137634,0.008692537391453503,0.03670134717247066
460,-0.32938400681185553,0.14161533321213035,-0.140527531668444
461,-0.010969879917821772,0.10426605662766411,0.04577548527297046
462,0.2803997450787723,0.055031792283299845,0.0417257572366635
463,-0.06536677084913803,0.01920960361430888,0.01867911090302747
464,0.12837262877927252,0.07516133153154884,0.14201731914771432
465,-0.0379464157990167,0.09968683430477539,-0.10073678039341868
466,0.1199237575552704,0.21680019914081394,0.05046993898787025
467,-0.004844888758259988,0.12796154248809488,0.23073601927819962
468,0.04820180807264849,0.08723846347058913,0.008220297135572197
469,0.07962485118767881,0.01881303374151826,0.11293005382541595
470,0.08961277101394316,0.16000960151293295,0.020012880437981002
471,-0.13943047366469338,0.02927965832859555,0.08352847059026569
472,0.11817164247079052,0.028792796914105814,0.08302913061670572
473,0.01907243396369705,0.07060367445458161,0.0953956572718729
474,0.16608689679634792,0.027589719597833517,0.05895041657768829
475,0.12096566560768025,0.005671080601382006,0.06011218384859754
476,-0.22332980870205735,0.09863396812784439,0.07478349651841368
477,0.032687387892773395,0.03679183056964445,0.056626055693530956
478,0.09577017115002279,0.15908974399927833,0.29025257926569453
479,0.3461203965603809,0.01723527608491785,0.01740930438851902
480,0.20177871620180005,0.05822613790246041,0.026982120996985565
481,-0.03559149840396067,0.04905558306172718,0.06846556012983951
482,0.1335919514897936,0.0959056001022536,0.01613969278600116
483,-0.14804214958359324,0.09424571386721863,0.017543413462590085
484,-0.051526910620182484,0.12010502253750938,-0.04126548668200941
485,0.2532345329099903,0.0896536816623425,0.05410650448130381
486,-0.3072493094357479,0.13246593585420982,0.5299724344932691
487,-0.016021982543998406,0.028700524711452048,0.09254064669412343
488,-0.3798967385528442,0.017850148225287105,0.05702623318083031
489,-0.08357517047126128,0.19192157159166415,-0.09624639626825278
490,-0.028479918162246792,0.062339072389158895,0.018095772847058246
491,-0.02365536427701094,0.10820921451620354,0.016063982645751908
492,0.07056552506954387,0.052970955011217125,0.054102655285156565
493,0.025021275326444783,0.19130950163340013,0.34186521481173837
494,0.16272080756065282,0.03104453143420486,0.01973466059669491
495,0.012406102946825745,0.11137891895451868,0.11819919124099318
496,0.2000569264025088,0.10286136638546906,0.058255438257917805
497,0.09086839403348748,0.010282283926671111,0.0805249192055457
498,0.07045381577161737,0.03268680408916842,0.01777796929237744
499,0.016741609196399186,0.04961958893641434,0.059071542934278964
500,0.027903216850482034,0.014366974905063667,0.04534178065447039
501,0.13012352871013655,0.03785562166257138,0.023382304373217318
502,0.35913673324890005,0.08446539848696866,0.024269155407555545
503,0.11385695961368363,0.14508702734907156,0.04761163154245598
504,0.08194110525117217,0.028017288725474675,0.10654990776752943
505,0.07855273602312748,0.009101769328266719,0.1364634808517432
506,-0.03432808567277078,0.0757621232573521,0.07525195952550849
507,-0.00035492727073520997,0.12340209119481876,0.09151830025305563
508,0.19420766786262017,0.032543368779405446,0.10263910820123295
509,0.12030520537032535,0.15842647281841615,0.0235955737862442
510,0.02569346725682517,0.07632437437088917,0.06051866467348891
511,-0.14518052402304926,0.0706715702238874,0.07530178097684498
512,0.23473345929888315,0.050203526997290096,-0.06183969272685949
513,0.11813025511238447,0.006603236511178179,0.0767968388276354
514,0.011039099342684634,0.10880910659574083,0.0027808524414718386
515,0.16386938965320924,0.04129275350496808,0.05877389722328922
516,0.05625590088464116,0.11332080498448227,0.08267667482320956
517,0.05601215233981091,-0.04201904489698644,-0.012869501410253864
518,0.06847741910487268,-0.024252753663297114,0.18527665166025475
519,0.1878029980865138,0.07494074971960518,0.036587299086861445
520,-0.05224122450143301,0.04041348871496069,0.09527806033953548
521,-0.06589485217126466,0.09287310040863861,0.17304011889414725
522,-0.04026474958664293,-0.412116086086856,0.00584136789654182
523,-0.020830001489640926,0.18460689035687294,0.09488012601920157
524,0.06242372756862769,0.1545682120207038,0.03322027668347028
525,0.08813542317027104,0.15425628058279517,0.0478696859381322
526,0.22512786605092192,0.15082911160533463,-0.3090421514890026
527,0.021750979616382466,0.04842216635879759,0.05666531072296929
528,0.02371519263815285,0.0009971798099423835,0.05910133796908765
529,-0.11304857975380715,0.09828514854030129,-0.01921096941970317
530,0.23939924371803972,0.09530087888932577,0.053798966356057916
531,0.09461370676127144,0.08956377017784878,0.09973662251750962
532,0.1325756765989511,0.16956935050107377,0.10382997157772421
533,0.09390313743623609,0.09828807303848115,-0.012552552501302328
534,0.07347331923250333,0.17116443895178052,0.05553913991444486
535,0.04513879556700662,0.013587638386945678,-0.023641944686903407
536,0.2545203810259602,0.03653216329302067,0.03343469673616825
537,0.25532911709534123,0.03985556119456723,0.0801972945539434
538,-0.09163529966973707,0.08993620543979836,0.05804719729315441
539,-0.07376286915574679,0.09610875942276202,0.0014590269873905994
540,0.09899021561578908,0.17931488224617959,0.0032622434112883764
541,0.02055598372022316,0.08619885268276878,0.06317456466621894
542,0.17104004183388283,0.1549477259559991,0.1114575252451244
543,0.04664308277536399,0.057025144626302496,0.2667992811256452
544,-0.05763635855894342,0.08946481488062315,0.046619740968715184
545,0.13596002526972198,0.16168864016577866,0.04541555110762819
546,-0.0611256463532098,0.1086158077880973,-0.05472213924382289
547,0.05151980998584263,0.08198770966186006,-0.04906643490021072
548,0.019171364444754528,0.02745180609154072,0.1681096464751901
549,0.06112405314935153,0.12265487203620547,-0.005234851507676878
550,0.09895794736157207,0.11214488425768883,-0.055831889595063106
551,0.050477665785979814,0.2069664096850992,-0.08854962712246334
552,0.24919900314550922,0.06450978931596006,0.040633779212859614
553,0.3140033448813689,0.03500890089270039,0.009393885852986623
554,0.08003772874348249,0.07418326212775479,-0.06994382328263297
555,-0.020365996111293194,0.03939236463732285,0.014940294724185356
556,-0.04758183718417097,0.045562533873269154,0.08101893484473296
557,0.26489890877355227,0.05108105825335359,0.010573774961862837
558,0.06241979515511702,0.05074153011052456,0.050538707386109105
559,0.03553786875817731,0.018996587281937257,0.03828480676693993
560,0.037363974371668024,0.004231287254822536,0.06449842896134564
561,-0.13505024114218325,0.01320063868973771,-0.3614254267674298
562,0.11182039087592324,0.01728704311406224,0.01915727267842837
563,-0.00011298143862750742,0.043799685155230916,-0.008663742628362994
564,-0.0850293017237178,0.06894811210681255,-0.009189969992490922
565,-0.03068243381151839,0.018083771712979858,0.004061428981738513
566,0.004490118760651293,0.03955849122001659,0.05316811301301786
567,0.1892197131891377,0.014680970135079652,0.07379493016477723
568,0.12469802261427951,0.03888124213161717,0.06725647687950251
569,0.06004083446450693,0.09582330961055621,0.06650409764190415
570,0.05759783963914792,0.1649600525065625,0.03242510118672268
571,-0.08457587484609233,0.07608146231217573,0.013263926397883609
572,0.20571971305448322,0.09470714396578192,0.012330281575806235
573,0.06938067943081185,0.004859896664961061,0.248780851000009
574,-0.20875636633397332,0.16742922952049363,0.3355891855470896
575,0.06976852999067325,-0.017163374535991108,0.1687416470643846
576,0.03241375658980143,0.031865688501145475,0.05449973484978006
577,0.10460849001752758,0.007844255224473295,0.23595403914107677
578,0.08589212878120865,0.06334124192644423,0.40252721153508497
579,0.3594708343295542,0.018210115831660812,0.08447395544760589
580,0.07969271440929249,0.06621880356319321,-0.010592905002902539
581,0.16397748817494107,0.09044789194362192,0.07421734728715108
582,0.061281878084809005,-0.06859228400931748,0.03028325736206615
583,0.06609672893195893,0.10898426032152922,0.10897928495939826
584,0.0407468336427281,0.09372899995877722,0.07636381769446546
585,0.11542997007096545,0.1715614505697547,-0.07374682478956128
586,0.11077033631168194,0.05207666200869439,0.04641251975801335
587,0.15254824644044868,-0.0700749645602951,0.14174975383130334
588,0.0735356346186381,0.02240850269592658,0.08326543856869308
589,-0.0599900476625172,0.12666675380345288,0.1028344691899452
590,0.09300542339694264,-0.00437539419348575,-0.047891738886983976
591,0.03624489542925686,0.054505857042259236,0.1357415912093908
592,-0.013996488476900007,0.058511884073398315,0.08032282179881105
593,0.1176010122886693,0.034754337738956614,-0.06017679920210309
594,0.010414663338151248,0.020225920026972877,-0.020998515931243036
595,0.023413721522299112,0.045463293848630064,0.07956180114449297
596,0.32760913005035974,0.17927573100316507,0.04324670591775229
597,0.07644967095275905,0.006743059683582068,0.003603623350949485
598,-0.04706331941699947,0.01969703851100284,0.07377183631101913
599,0.07286724678342613,0.07628951065359602,0.0822417900904387
600,0.03259008985301548,0.011049770942057658,0.055231881286283924
601,0.032855849515582874,0.18181840259006948,0.11234601538497596
602,0.07810640535250013,0.1678845564684318,0.05956457114378483
603,0.03248842049640324,0.05190530280415431,0.01737011461749001
604,0.15526889738393074,0.014310266134392326,0.11207248460595494
605,-0.08462151471467387,0.0976775736815327,-0.04508585916105545
606,0.037608452588280175,0.03787058796320684,0.024396580178596444
607,0.1256124503889612,0.15393104282772563,0.059015176696090535
608,0.01848040882470061,0.06233986876398465,0.10980877681672012
609,0.07398754969149376,0.10711128907016416,0.06265027080052638
610,0.1286987002492632,0.08902408759638128,0.024659541947270915
611,0.14267387461116665,0.08155593328039,0.04991082160187382
612,0.1781121470468983,0.026403826101711603,0.03791535784282024
613,0.09661405826631736,0.13107072289892677,0.05312109331211317
614,0.043763335863778396,0.1380524261805812,0.05737203219601421
615,0.004986312337184787,0.07576828717496274,0.02362669600712898
616,0.0286677852747634,0.13682276902896676,0.07453400369588015
617,0.03673284754222943,0.1674674098970124,0.10020584692199065
618,0.25474279888538576,0.0479413144874457,0.0499171513658842
619,0.16779358904959935,0.002756279108721338,0.02713335631171332
620,-0.03928520405846993,0.19524869534429756,-0.01787152046377792
621,0.013766573406180727,0.03068048259357116,0.2498742661410762
622,-0.0794637480359659,0.000277730532489584,0.04643215804341726
623,-0.02305657434855493,0.11317984523240138,0.03919208867984279
624,0.0631947843583943,0.1534413766374395,0.056023414831220794
625,-0.017742395467435418,0.13509606640996077,0.14544227736717424
626,0.11311900787857831,0.05505141355239625,0.01884792002797367
627,0.1786495016947679,0.15596557466140137,-0.025555643285197688
628,0.08241343679112642,0.026698793547710764,-0.05533388845228586
629,0.045429719207552274,0.13491121903634481,0.11947058920561021
630,0.06634901460810412,0.1607313486045875,0.14799899642265388
631,-0.027132697218892818,0.04625407683800862,0.029238267026903044
632,-0.06635764987064874,0.15350932487684588,-0.07965009893772837
633,0.08561494306945122,0.02677022307836593,0.03543583120895088
634,-0.06123105893120322,0.013415617616457555,-0.07499330352852547
635,0.062348075184554826,0.12911168949218896,0.056454022603861516
636,0.016000457626011058,0.18179349340963402,0.0590783654185107
637,0.1441410243497715,0.02216192528928236,0.1244374235755893
638,0.30500304113040305,0.13700918149827054,0.12469673844413223
639,0.03399010700162953,0.03201780124287847,0.0010438581539014904
640,-0.10933465131315093,0.04564230056490995,0.03300317149045544
641,-0.01829759576081004,0.044070255759629286,0.040518648346779935
642,-0.023110517451172305,0.14065157980632723,0.05576863859126329
643,0.04869453844664027,0.19438634986639003,0.026292691030526325
644,0.39538651541412384,0.14264914106254054,0.03293567942825461
645,0.15524928501891266,0.14777993772004744,0.11445549849442616
646,0.24346017717485516,0.030110815399778747,0.046114602926927706
647,0.18957005977584424,0.18327297368549167,0.046075656163862694
648,0.00937455306755032,0.05619098208627829,0.07726091538942216
649,0.0036760764382228403,-0.059590692429882706,0.047988440982205324
650,0.056574638858895056,0.08176800827837609,0.15783325298089673
651,0.04800782394401558,0.18401993049784107,-0.128275032942183
652,-0.08790635136918275,0.06055955965710902,0.03370572071178409
653,0.09534236662850781,0.14833039743473297,0.08797926486599691
654,0.03312418767822621,0.03848587124312024,0.019403717000931874
655,0.02603731128035883,0.05224566317832087,0.08679701099663141
656,-0.12988755816054434,0.02766718557068011,0.02211063082688183
657,-0.24146214469274926,0.09161041834475742,0.05513663678176392
658,0.09149135497759678,0.16674619506697175,-0.09517237260038262
659,0.0540215559544702,0.09638284513587025,-0.05485122571080611
660,0.06915620854397936,0.19366168575041634,0.023008168170781593
661,0.09885508523199488,0.011028875981236343,0.009325364577368954
662,0.007672814205235731,0.016744360460853112,0.07357555597007183
663,0.010145363606482334,0.052352335744657315,0.03215117798474382
664,0.05435187764103362,-0.13478346160799337,0.043980639847591756
665,-0.017037623021502135,0.09868308507916071,-0.022142191624858823
666,0.12083989463670722,0.1885500183818134,0.02814052961179466
667,0.047785156245563495,0.021150148309972642,0.32608498512139056
668,0.1669237688775122,0.0069366555615622445,-0.3373365065306518
669,0.14899924044428361,0.03643061983699256,0.05566568724702049
670,-0.14057658240200344,0.019256021146021252,0.0725409064617677
671,0.023266195776821826,0.006532444572633512,0.02208533175234306
672,0.03163582713460557,0.1462889377302203,0.07370554806748528
673,0.2001847377926151,0.07379257669818202,-0.1576011594950108
674,0.07573987558641382,0.03355270168870348,0.05394272989838927
675,0.0856859954155054,0.08133926338244979,-0.052819969515022006
676,0.01045611400487754,-0.003303574095284395,-0.004730173763731763
677,0.07580466234269771,0.01891746263122436,0.09506401190717881
678,0.0331532784259937,0.0384483490951751,0.09186971394806755
679,0.1060580355492293,0.10595260804117533,0.10905417110106681
680,0.05850593923458239,0.006994453278396141,0.009864699783989087
681,0.06763842604161238,0.10523371309499854,0.1725769599478449
682,0.15110015461916337,0.11385890144983546,0.045001152079525
683,0.13018374502445273,0.1937123996372186,0.08312431007566819
684,0.0397936855607927,0.11947642644060824,0.13860664216362834
685,0.15008167947565404,0.1166814422110466,0.18660905182266174
686,0.013909933053194531,0.021495340969591204,0.050927614127903455
687,0.011477582343086393,0.010981624261201995,0.12723352107743197
688,0.10785201868842592,0.12857082164783748,-0.08495164246298718
689,0.086472879982089,0.031809317065985644,0.02963062132935655
690,-0.01856083841224443,0.00797154886452009,0.05225394478341283
691,0.10953361574871243,0.3809003008786892,0.1440070069835026
692,0.0846733374752345,0.09497952840371122,0.05756163416095892
693,0.1385193747815815,0.06689950702914176,0.05540971812964231
694,0.16810225154292527,0.11724319974340676,0.0701982404913378
695,0.00907738753530142,0.12573239146155268,-0.004464330918958141
696,0.014564798175407574,0.01650674264078187,0.041667499325467615
697,0.13877046228287068,0.18077746947879983,0.07028629947380835
698,0.11445852134763344,0.1409505898504524,0.05208910469001915
699,0.1397813726721497,0.18064540111473737,-0.24367124994220135
700,0.014964595436197624,0.1467583731273965,0.1216314776954057
701,0.1007641123270302,0.17923493555579917,-0.016902636328924858
702,0.058927195623457496,0.029874436551704908,-0.11226359122803409
703,0.037227308033584434,0.07889075637395991,0.07706704607407876
704,0.10145848367214383,0.09618920729791525,-0.034069314094998235
705,0.05247481532052374,0.13332790045023343,0.05837622205862965
706,0.08051169953384704,0.09442278504622746,0.04163251733364696
707,0.08735841313775597,0.1249623047879096,0.14725231955235657
708,0.05310923137056854,0.04179959867110899,0.08894262790668594
709,0.017938610316504587,0.027208706709597564,0.037498189017098074
710,0.01628785889866178,0.03838992304806275,-0.07786045126251652
711,0.15605450008736865,0.1353654795472474,-0.050144100739776376
712,0.01953388105970483,0.1913723277598264,0.1693286638775111
713,0.08314402919932085,0.04214202925849638,0.07890363673902541
714,0.07205585992455613,0.023611918319564072,0.08477179603331844
715,0.3702061259192152,0.19908194823333736,0.25074966097464874
716,0.2852275568155087,0.02469614513786063,0.0980053182062004
717,0.13846037480132783,0.022164296020075372,-0.10097523976752103
718,0.06220811795515015,-0.13543065399620371,0.1282223745497172
719,0.03242046992400917,0.045951580603015255,0.013478977265815616
720,0.028932787782199106,0.13006116173158044,0.10025145746073985
721,0.044261351011762345,0.1891048310833946,0.019498286837813825
722,0.06466817139828103,0.04454128968547149,0.09627900645821366
723,0.1154789270823422,0.08321134503729073,0.008921713898103645
724,0.15529655054707375,0.061301027507589013,0.061804832074629265
725,0.04594917157417077,0.06534089729006994,-0.007829381151328571
726,0.1276801339781618,0.12933856272588637,0.12598151827844195
727,0.052049579537777974,0.14906739263849897,-0.10993796185596093
728,-0.012136831043842805,-0.1088879163531529,0.031837844491351075
729,0.323673343449462,0.07511858892256085,-0.28111431264006037
730,0.1873237199702586,0.1968610235855944,0.028472834557114395
731,0.06850155336826635,-0.04806955877798706,0.018610651983425944
732,0.05845765123775159,0.1614378155169809,0.18316027335862467
733,0.034147263208380005,0.07661982251448118,0.010803536251005143
734,0.020465871063141097,-0.04571658370421344,-0.02934965148238311
735,0.2677441258780075,0.07317014004051217,0.049166508111001414
736,0.13884019642242806,0.09186806563383881,-0.03297928274261963
737,-0.020476129451762082,0.19203236475492624,0.15331511414238216
738,0.24902386022537146,0.0647671390311352,0.06038532167417049
739,0.21276962895477813,0.16531132902183032,0.2940979460522066
740,-0.0037221021776046095,0.15114227767330676,0.08203468199102151
741,0.1468700835972646,0.09991540755403804,0.26166845947144146
742,-0.07633813937770469,0.019112399787487133,0.03661221860050704
743,0.053696295260601525,0.0416534601405759,-0.002303020159877295
744,0.06007541644715017,0.08804870732643728,-0.07138123037476579
745,0.03988262061405462,0.1570127315143214,-0.004817229296242571
746,0.08092499010340148,0.030504776789247644,0.12904866885061259
747,0.028466693981494116,0.044390666087068056,0.133007382171686
748,0.0676503711622435,0.10159722734046515,0.004085526053998111
749,0.09827409049861306,-0.002226241099227357,-0.020754278857726082
750,-0.023899409434668895,0.051691355648112405,0.13173404067026923
751,0.08205129141149269,0.086246431285161,-0.029365583552429048
752,0.06421380353751938,0.1744870254920562,0.016904367897904227
753,0.06047562694114723,0.10670837266400374,0.18135783543861272
754,0.043233181700732856,0.1753596546505109,0.09499404427964298
755,0.05787119289032838,0.020853163968861124,0.08493374020723857
756,0.019076454313344492,-0.08828761571513281,0.06981942583752754
757,0.016077256854698782,0.13163397714871303,0.08737486648970391
758,0.004854220168976978,0.09531745337258125,0.07869880933835799
759,-0.025518876898064258,0.030489596585161635,0.15816108725816544
760,-0.04776227567342545,0.07023871352477022,0.06017116596870371
761,0.07328323073558857,0.12309519957959462,0.07698615079208575
762,0.14414059607836024,0.19919300627950845,0.10715569032599141
763,0.06885264756797171,0.33633946315638497,4.3433722437251354e-05
764,0.08753909587732564,0.15685017838659945,0.09424372845105075
765,0.044458333046804695,0.14126324543890298,0.06413411227641694
766,0.2293700669278541,0.037043326161220295,0.0063946575700599365
767,0.09790393108877722,0.054698812723379266,0.10133333623818269
768,-0.09823434150255256,0.002671993832330322,0.056842151175840794
769,-0.03435446580215065,0.17825823503108987,0.1761065931640238
770,0.25483399164625187,0.04846434832370919,0.09700784034343587
771,-0.02992537495014594,0.038672662434036616,0.027381026756345298
772,0.025312836857755403,0.09497944879102327,0.02836254504720792
773,0.06230767361470882,0.1348930162154563,0.05656007274922635
774,0.09285101341305094,0.005874399541418907,-0.057737491053107645
775,0.07779608526104742,0.05359173048110386,0.038132297884195185
776,-0.007493625942209807,0.09916973475011831,0.07842109205998934
777,0.060150318245214246,0.16613365717783113,-0.04179961226085478
778,-0.03145031999105878,0.13129224107886525,0.10740760358552418
779,0.18241149777471982,0.045473825032525464,0.007085427695603538
780,0.19033861126218035,0.05932735201410734,0.01350190007586974
781,0.09770065205962844,0.09587827185183412,0.14833120880215162
782,0.0751796788271179,0.004620563417868074,0.022133097015555454
783,0.046742888918376885,0.1721636430210724,0.09631569617059257
784,0.1389831299810086,0.05534701869040979,-0.038526061466239894
785,0.01764697618345925,0.14386566477870807,0.08349857639035906
786,0.18983801106009118,0.14611133339445506,-0.032683685794149334
787,0.09275213821322152,0.14957489013382397,0.16383783660350662
788,0.3986227698409893,0.13072527658269226,-0.3907036831654705
789,0.06522823710436758,0.30965179166733225,0.11776903646144599
790,-0.01734714356010801,-0.1234279272691146,0.11663800594102525
791,0.022970296889533115,0.03571692686701743,0.08280310833902639
792,0.08125994845187022,-0.002578101613333971,0.08335111773026489
793,0.021093168530143598,0.03033960859157321,0.09892234714640177
794,0.11955701533218706,0.13751587660513928,0.07257263728264773
795,0.19581444683288118,0.09795841504209359,0.06486035835130417
796,0.07940875668489727,0.1331583666178593,-0.00788596684211059
797,-0.13466819249257375,0.06873966115355767,0.024613909121661212
798,-0.0958544042901837,0.17080142186972502,0.13554391806515165
799,-0.11756626337863615,0.022986236846104235,0.24807817621077505
800,0.06419376632738291,0.05813050675141532,0.003809197818098818
801,0.07325940009603893,0.04740555948706716,-0.026312085256092955
802,0.13294115470760673,0.05727997303745052,0.10365722313256277
803,0.07559954594087526,0.020975912657337115,-0.16253254001942088
804,0.09721527948176732,-0.46237157358494396,0.028509273868865894
805,0.15484085918125076,0.1037736230574472,-0.15232571068472112
806,0.08351452266866943,0.1531159735554721,-0.05445696822624638
807,-0.05568314482065255,0.17326364434539487,0.23624049719707513
808,0.39752451141381984,0.017434378997661537,0.04757806462814227
809,0.06500518884212358,0.07363127915685888,0.040773391936435116
810,-0.05170688543512067,0.04449083779767669,0.3919088446127783
811,0.1382221560873828,0.0027630063836799005,0.028651068309057226
812,0.08892394265213327,0.04518818297028649,0.034232943912424416
813,-0.04285608406736975,0.1541780530038026,0.10386244548257118
814,0.0798878921191252,0.10095261566510068,0.10223032308079394
815,0.038026403096909585,0.13414948959762066,0.006730603004793015
816,0.08022763449886701,0.046670098651005756,0.0246534224402311
817,0.06285256032480112,0.08903138277322138,0.13115627555083473
818,0.004351911227135331,0.11746033391840627,0.11949968355618934
819,0.1757301023202869,0.0447508417665417,0.14931048866463065
820,0.02824615810826804,0.08716163773910018,-0.1472201862338028
821,0.13513154099481184,0.15852827434793312,-0.05940802529575387
822,0.035822041600709655,0.19648194955751244,-0.0008900965686218162
823,0.0387433734451665,6.299852814113382e-05,0.11654996792063875
824,-0.02114985304390693,0.04733225448236288,0.039546942128991694
825,0.0845479034135023,0.0773081285925437,0.18030487311359578
826,-0.013064660950665705,-0.1748630035926514,0.06358662312976457
827,-0.17930005889155345,0.069173132745297,0.03091020369042674
828,0.04448804981327033,0.15759484009526506,-0.010162460187944339
829,0.09999917430265437,0.036512397453300045,0.00885592277755567
830,0.2663944618905204,0.09955061701840073,-0.00443366730973737
831,-0.03960385109278411,0.12742111652497415,-0.008010095944939004
832,-0.0397197126801809,0.07648777480940959,0.04799095197861513
833,0.03384570202132736,0.02575472990468121,0.056053679297308326
834,-0.03561182791695751,0.1808655838056069,0.023567928700623023
835,0.1296327401374317,0.04072573126615336,0.03753560203287132
836,0.06162668903730779,0.06641521107552913,-0.007248295249309963
837,0.1680586642614894,0.18084075870750563,0.06421949835296195
838,0.022953991435983607,0.0062267379356558536,-0.018056289416677695
839,0.03179084945337779,-0.029981945491500822,0.09483024560558642
840,0.039744023497026056,0.1663190839651304,0.10030812838147123
841,0.05275295965281282,0.022848903404723144,0.0777211072718792
842,0.023460326975893286,0.1450742859431164,0.06618860341585603
843,0.08882409954181628,0.030725724460332594,0.011884353445573335
844,0.03665691710825983,0.1857447111168179,0.06952855877942082
845,0.059285612822567405,0.10721017747919184,0.19138579143125656
846,-0.022689986237982962,0.18616127127024007,0.03479122687957366
847,0.03846726535988965,0.032408096384732944,0.08339190577846113
848,-0.011117123752934575,0.17623877682551645,0.069106513650733
849,0.06766704656005729,0.05617397427836788,0.12577205007459435
850,0.026793675694845243,0.08056256592407735,-0.07339940891117204
851,0.038755550663394284,0.04741303368204597,0.08035156158487633
852,0.024767816780549706,0.007804960768175583,0.07111894832041789
853,0.17434805445969878,0.1966719056216103,-0.11222809877912074
854,0.06760293239913849,0.05892265715851544,0.09409925617975566
855,0.36980900439895714,0.05970349959828796,0.006505742180974283
856,0.04177815782842348,0.07382098070494379,0.028550589422778074
857,-0.005228071590902862,0.044479673922581515,0.04500218765057253
858,0.1438588896642763,0.02045759438488111,-0.10955088029294459
859,0.12658374672904252,0.07572909251949003,0.13198311264306023
860,-0.05450599590679281,0.09458579697012237,0.11163583296356121
861,0.12203317116742007,0.12904938084171688,0.03178864036412718
862,0.03172681149948132,0.022209135983535577,0.14505349832678682
863,0.060589477771409946,0.048218964479090555,0.01335220328096317
864,0.0826995920051155,-0.018582913625639283,0.058188838709640166
865,-0.08913690349510776,0.10819212787645907,0.027791457802400683
866,0.01990774066217064,0.01576454616107248,-0.011047656404043468
867,0.05018347600279192,0.06206991210521267,0.0770820652714405
868,0.12886071814045558,0.1324357138310591,0.1148092055728176
869,0.14733784489035845,0.10095154893695585,0.06686432946791893
870,0.08075516603421456,0.026566675604221747,0.012549675614636907
871,0.0691270343331395,0.11757640910837992,-0.0008329447928629788
872,-0.007834515185009897,0.057469912149993085,0.06459532618854336
873,0.29647630174982187,0.13923557350679613,-0.20338442449952127
874,0.03602670477555406,0.1806434973661779,0.034195090009300294
875,0.10526256542013977,0.047069301861910454,0.05418707553455682
876,-0.004925105704986471,0.13264518723884589,0.06186407790230953
877,0.1109583079881673,0.09564421794978968,-0.03549570812887593
878,0.04165284720284672,0.11740149341694416,0.1694752667417927
879,-0.006028572750250975,0.1632932193328042,-0.021557663898214896
880,0.1371838339573867,0.062173622933536656,-0.08321468344281095
881,0.08167396465309706,0.1115597867471542,0.1558935231199881
882,0.137766488313117,0.08516658136460918,0.06273568688412316
883,0.24183084010267542,0.031174980532301735,0.0071847619029834055
884,-0.03521006299558192,0.17609580275300662,0.08793017918873575
885,0.1447922213635534,0.0006536507219395693,0.1024735404428583
886,0.0863812925194558,0.01957235258720227,0.05040066448033499
887,0.003101038864484998,0.042734328756322666,0.025103850680319794
888,0.2503130879190737,0.05501012244326869,-0.4670459607309857
889,0.0637718996167336,0.11574187177147596,0.30113226055983583
890,-0.001128584496910931,-0.2727826128850758,-0.019549915667416706
891,0.06131349513006649,0.006041092735061016,-0.05896205884604755
892,0.06129970310500882,0.024849178974107523,0.1614888172938448
893,0.011937531370383066,0.08539071339758558,-0.05136994310790845
894,0.1017730378053564,0.1662060110714435,0.035966552469613236
895,0.09357788579747914,0.06026855666084825,0.06344554900084218
896,0.31315029529675853,0.18380934414187275,0.041579102135686455
897,0.12696590519850642,0.03792932200139141,0.06649284846912619
898,-0.0645802523474526,0.13362227162810297,0.04516097307339291
899,0.09754241987977086,0.07375089510545735,0.07011413579459125
900,0.21197401220335238,0.07962361002973464,-0.23488946606913963
901,0.050022429902425544,0.023904661954517837,0.11956773527226967
902,0.040562939548238856,0.0646089806641026,0.0004762611324558204
903,0.08953234901054305,0.01656504431857222,0.02179128436523896
904,-0.009459508631536231,0.04389761809462048,0.03768652742299998
905,-0.04930151440675015,0.19504136757059498,-0.011135075770808953
906,0.02851599871665625,0.18727682444898577,0.02148198674118034
907,0.13100733877188633,0.009925098288828038,0.08348020446457362
908,-0.04490247161182251,0.16106938684387884,-0.011710959448946776
909,0.13959075415211858,0.0026242768554874396,0.024689745235132978
910,0.010624034069227718,0.03544836444715057,0.10547344890915072
911,-0.03052875120756475,0.19767539649583035,0.018977813841297174
912,0.15019789159674593,0.1720144462992352,0.02474604713434836
913,0.0567758408512992,0.17244667025324908,-0.043831768650437614
914,0.10421450052502508,0.16550279532144144,0.052128180648669115
915,-0.007217025798077405,0.13680650654287427,0.0041782383340083565
916,0.11681652191510031,0.0151937845684718,0.003305024520513844
917,-0.006819286787954779,0.18304827662928808,0.03841963255088683
918,0.1820661253496293,0.019985740108730443,0.058275216119092275
919,0.039002794323181184,0.06257082217831501,0.10270480855469166
920,0.06966315231000794,0.013348932131828074,0.12826457020117257
921,0.030469897986142715,0.048723066492695824,0.15423414611884795
922,0.06898719029523366,0.034585758224904596,-0.04121210832377423
923,0.0002848198798609952,0.0976877136281456,0.0903008535208966
924,0.05531983594239399,0.1345111341364825,-0.15402322680268435
925,-0.0450322592711436,0.06820182503910154,0.040802455802667364
926,-0.014264300946617847,0.07396747351897584,-0.035028288065725985
927,-0.01066128844142223,0.011255585971186234,-0.014681464961901522
928,-0.010343902353989853,0.05313203780870768,0.1443377909139226
929,0.02721205463263197,0.12989983179257344,0.1127549588028871
930,0.05923100610657598,0.05957855280692392,0.10251891094588667
931,0.0398891082525598,0.0793529305736157,0.08451360613631097
932,0.03524860798799633,0.1486845271650286,0.22200102033528607
933,0.10278146736003373,0.13216316906740208,0.02996056977193815
934,0.355494780969424,0.0006051825826307589,0.05618753162189871
935,0.2413226225891947,0.10886774337402667,0.010285493612666001
936,-0.024359517921769894,0.1404285218450657,0.07766903690109392
937,0.08748281618559309,0.009290502092480125,0.1788149307582832
938,-0.012522237850770876,0.18559901723230154,-0.06251807227292236
939,0.02430144356604092,0.11579477571845767,0.11193770140223322
940,0.09163960997994094,0.16300683774453398,-0.02007251864015938
941,0.23088260537781258,0.04037593101615233,-0.17061836706502892
942,-0.10502809269227158,0.008545411787159908,0.2579486243688084
943,0.14921595503148247,0.09690640955110152,-0.016609569842805608
944,-0.02078174588544464,0.16358824362235216,0.0012220306172732592
945,0.049971697831987,0.042786128928974536,0.09409573800555401
946,0.03192473206185943,0.0056709646833135174,0.09553387503923833
947,0.06705275052431557,0.12971007027172907,0.1303379572346009
948,-0.08460412128273954,0.015850605693443764,-0.06239700623415319
949,0.016564343633600837,0.014019114127265716,0.0591392902834413
950,0.09132376374175541,0.06717963135508569,0.038498232023588014
951,0.0023770242073764547,0.019450587486743023,0.03837611174732648
952,0.058283538222690834,-0.1840766264028629,-0.039307901854910315
953,0.0618811260568082,0.07800754672975899,0.0357570945340192
954,0.17495992491347018,-0.09445453298019228,0.001695982774650018
955,0.033978009492232744,0.1536699079930214,-0.02883736961926718
956,0.016129217181198578,0.0058909082298479465,-0.06541142513522585
957,0.13119742094822226,0.06660927768128733,0.11373177364592241
958,0.055432483707369834,0.013071650560904891,-0.030771991910691313
959,0.01734109621054966,0.10567243305981083,0.037392819332078525
960,0.053181918300337666,0.013975341539345432,-0.029331884215734724
961,0.0373856182890812,0.18168178458516485,0.11916763726869992
962,-0.0344797758848861,0.17433461951512286,0.17335234432917845
963,-0.0037400754955311255,0.10044267300664503,0.10367321156051365
964,0.010997213624505715,0.13110099018489305,0.03076347962139135
965,0.008950638535598306,0.12069195755074039,0.0006318999663723693
966,0.16269431063566817,-0.33829494770222446,0.0561348129677421
967,-0.056424908179251,-0.28746090231231586,0.05459010845000782
968,-0.09474421346606066,0.18083784448239276,0.04037552947666148
969,-0.09588399403731263,0.1567293450785104,0.029140533537599052
970,0.02259570229940258,0.10147488673700276,0.09235842119533678
971,0.03924393955337475,0.00518687697566828,0.16950744069202076
972,0.04452808860810175,0.04339025942566846,0.11712915657296538
973,-0.0310566213817033,0.13567343123940553,0.028533190336176656
974,0.19366651758454867,0.1644087647393814,-0.14485138033841488
975,0.0755596847212963,0.01840436518576958,0.050483719418626685
976,-0.030951848537520726,0.16218998224684936,0.13904114992278171
977,0.03965936942451899,0.06748290951634402,-0.02481042270099769
978,0.20304475203597036,0.026267987163656525,0.050032303011226235
979,-0.005967325653546705,0.03543677435687496,0.042233015642450265
980,0.01221571906686289,0.16892826165142313,0.14438400430286807
981,0.06370390846099497,0.0784496374434127,0.08584549031017219
982,0.07224479021974547,0.15076581141570677,0.22863356816209018
983,0.07120782893856333,0.15382906015155448,0.08637324107364389
984,0.02220124254056146,0.020277533414868355,-0.06943495592417857
985,0.1784227980830404,0.0063668336997977585,0.1275516366826216
986,0.24011766502019088,0.04017825404435637,0.027486902726603347
987,-0.041633181084224924,0.0007343276756671902,0.03690224130130866
988,0.062002519790369894,0.03357096940608418,0.03995486589835298
989,0.0628923051967843,0.14995896275961046,0.03415879054365306
990,0.008921126401524593,0.067994738462542,0.06129965541850044
991,-0.0798308629877328,0.1989513020308419,0.012507065622529484
992,0.34666727173920164,0.18718761694337857,0.06036843588276731
993,0.044290921922815994,0.07282020213940073,-0.025657313145804536
994,-0.0017035873273092278,0.06630733381912578,0.0012469702873062344
995,0.1726868873349072,0.11243772266325143,0.11813909443095819
996,0.04191790869328267,0.18694875486782653,-0.13910884048383432
997,0.1259518010236405,0.06568221473233118,0.05016801411929185
998,0.0682541154675767,0.19192375124650798,0.11985551508558946
999,0.08077875141691186,0.0540528740361966,0.06743874799775017
1000,0.39086769969779206,0.12578027777138287,0.42005130318224226
1001,0.0944475707243044,0.13271161337363496,-0.08619931069821617
1002,0.11988306427170511,0.027051956242489596,0.0032564497178546262
1003,0.14136194407978075,0.04117487969650205,0.10642003777548426
1004,0.020620546802022768,0.1309830934942088,0.10724504202370526
1005,-0.020658643465016377,0.04711849407276243,-0.025204139669291137
1006,-0.022231829063411326,0.18899432594328358,0.033978408347554015
1007,0.0026359929175628696,0.17503308673142504,0.07413617833869847
1008,0.06191676521828866,0.004707644014787492,0.03995480096694134
1009,0.0684222725867242,0.08397816007306669,0.4431169253660859
1010,-0.07009678184820389,0.041678655699893194,0.12277336699510824
1011,0.14441114294991525,0.16756846058259733,-0.039175402571970414
1012,-0.0020778698122946443,0.08286817406037467,0.130341812189709
1013,0.00022060823461802354,0.05125999992274482,0.043585815893617944
1014,0.12676921482044845,0.02462188194665891,0.07945915886305538
1015,0.004187144368778262,0.1495276525664564,0.032384276299472964
1016,0.04673705959376617,0.1452742627130234,-0.0725696005673285
1017,0.06914443018919134,0.11894086838474992,0.0898671337819604
1018,0.11601991806039415,0.024330687347716574,0.0581131358288338
1019,0.08414058531391067,0.06696633503649195,0.0500952930127106
1020,-0.05170924397842801,0.18768951530834901,0.10849697994482474
1021,0.0559932679277437,0.09310399424964265,-0.013018411704207117
1022,-0.13740006995180543,0.04141122656853276,0.028163000722075414
1023,-0.055528552076841736,0.0967572753821304,0.038962327734887635
1024,-0.22868809347665575,0.062208295575569506,0.11854764945807712
1025,0.09926359772058344,0.18585494951007356,-0.017462255209442473
1026,-0.04298083652072193,0.034788814397873645,0.05782094765733947
1027,-0.0174680756706891,0.15850345790029235,0.0932662060520463
1028,-0.011920636736788795,0.04074869983221774,0.1362058922222541
1029,0.12280281244540955,0.08161400581734912,0.019948984484185268
1030,0.022560939437242182,0.1528497642440418,0.08330412356758748
1031,0.06876044417128638,0.10099281570603365,0.05660612538371044
1032,-0.06538452684315307,0.013541214255322332,0.19222059117490703
1033,0.21375555566445614,0.17759192238695423,-0.0164000632272725
1034,-0.12035718146029754,0.04203163107197912,0.11728607966736572
1035,0.07016422979300026,0.0903954703263995,-0.0314831260350054
1036,0.13884238252011483,0.12628786628397956,0.15364556059937673
1037,-0.014353760500029095,0.001839553784183501,-0.002360042579101329
1038,0.0546591457976553,0.12516010367416994,-0.06303082570987881
1039,-0.014488991146282201,0.000916086473114186,0.013554057619562077
1040,0.08955992374135974,0.19795097371144055,0.04006362662288709
1041,0.14490181267261654,0.0996288745552248,0.1092251370148813
1042,0.09599221610563308,0.19507896036876926,-0.06636002884648072
1043,0.07228599069630841,-0.017634652295849283,0.1074578360969621
1044,0.1586797082370336,0.05758264421290271,-0.0332669039612164
1045,0.050649326251918037,0.05792036973103163,0.03133633292614968
1046,0.14451134411645464,0.0008474583078117659,0.0524284539814013
1047,0.12431468483871154,0.11278791446732635,0.06063216147469296
1048,0.004365553155002658,0.01873612486000145,0.09219506355622674
1049,0.008875857732202674,0.03605153722228899,-0.026474433521346947
1050,0.31638187766431547,0.12837612376125568,0.09237226911157104
1051,0.2918879312605165,0.03368024988181739,0.06556565429694682
1052,0.14942329448840533,0.045629534196876986,-0.05738818571202167
1053,0.1094233727588558,0.140727206423184,0.13728145861151472
1054,-0.03163449475727238,0.19470640060998226,0.03869252029413807
1055,-0.022265731368158515,0.10732444619582648,-0.011598091948022742
1056,-0.087049266715216,0.09248000247618259,0.02685009553926191
1057,0.010986376062646325,0.10025505727949058,0.06640050326369866
1058,0.034895204329325094,0.026773532383671795,-0.03719176937824217
1059,-0.024853713647427875,-0.12959113573718384,0.12404076285958322
1060,0.013759314169092082,0.01874065978335873,0.060234561292767844
1061,0.17903269014259843,0.10784094124268678,0.07601496928789439
1062,0.20466539960586072,0.09738917214238461,0.03785549491780519
1063,0.10544330711911565,0.17788312548497814,0.15814238062032965
1064,0.11678199963616201,0.009348686332649648,-0.013321715695221364
1065,0.02045042183767935,0.1705954812339947,-0.014308981811529564
1066,0.0065093731630666216,0.021973562540982174,-0.010248406248489855
1067,0.038674959268434554,0.1386815169012256,0.09948196825174546
1068,0.00404076130508553,0.011000075266702948,0.12176004539245827
1069,0.0406732073791928,0.03584946424304097,0.01921200315968047
1070,-0.02815104283545268,0.19968727387363594,0.00587369487607161
1071,0.07493006842482237,0.014376493182229671,-0.02961862039633728
1072,0.2722886077198642,0.0905069787028135,0.09059615152138129
1073,0.1714693658620982,0.0343287228942241,0.04426269413708414
1074,-0.021746080462245423,0.06063075983192297,0.011508724961616113
1075,0.17834584461178016,0.07923594512609439,0.12563311191489554
1076,-0.013736598373471492,0.10623751225605944,0.17319920587490562
1077,0.2530867866403336,0.12052601223389635,-0.05516820635518073
1078,-0.09821654858182297,0.04345205650498536,0.05845743430578221
1079,0.12648505700080773,0.19131920014644055,-0.008352739147383242
1080,-0.1215493686041527,0.03888628121733737,-0.05281730990567868
1081,-0.06902223120540833,0.13408103956629544,0.12606055186754386
1082,0.07424983520510525,0.07545339035835064,0.04186811966385695
1083,0.2931138112394025,0.005244017330533213,0.08184202773478708
1084,0.06631107362509309,0.01407835144424432,-0.14652464930066447
1085,0.017645439820402634,0.015698652523059974,0.047851199987234444
1086,0.046368237219746006,0.002765057650732792,0.018934338829038062
1087,0.11842814303473893,0.16917637702012125,0.07688950790234378
1088,0.06027163192494387,0.1381963591826673,0.31596376727663567
1089,0.038768833607389024,0.074308872630777,0.0028332552541874612
1090,-0.01567040808581395,0.16561306558270325,0.08275873575096854
1091,-0.04427302324183861,0.07680011566489503,0.0007551852646481075
1092,0.0010574521883184793,0.005120522989025766,-0.01837345494100956
1093,0.07750066582348396,0.01685956184315365,0.1434339158910532
1094,0.034651876442473084,0.19312855171356658,0.06108704115515389
1095,0.0715752756819219,0.07568040786457597,0.08700948068035401
1096,0.059339903815503005,0.04396223727540887,0.1724548562036762
1097,-0.051415928250709675,0.16011913161718072,0.49618557710837896
1098,-0.04129247566043845,0.06876476007240283,-0.24312389722773842
1099,0.02454255373472466,0.031201493989896502,-0.1641743715580498
1100,-0.06760637475290536,0.12324116665987961,0.06797164700731839
1101,0.03066218110414243,0.0840484968534374,0.020589521779063265
1102,-0.018007833438378085,0.042135869629572435,0.008295643480209884
1103,0.08685963263448646,0.051200716222498,0.06880269869628527
1104,-0.04875003185298385,0.023670381959169425,0.008615361867073991
1105,0.05635154466321616,-0.019283253304228077,0.07062059721039085
1106,0.0443105626135104,0.12349974229837585,0.013142719314468553
1107,-0.0313094498898433,0.17928062768253916,-0.05554659043788883
1108,-0.08086942874553973,0.09583854620033112,0.03980667852517075
1109,0.3100630922388725,0.05072027387267495,0.013638954563072181
1110,0.2704516037577701,0.0032926937175863148,-0.028373151339620116
1111,0.027816421680615495,-0.05409646263183024,0.04255064902767888
1112,0.07589890808526398,0.14972506083174264,-0.040562747606752436
1113,0.0039391172861455645,0.09084191936383312,0.007338141265296805
1114,0.4340423571438259,0.09253421894477115,0.08284562775963884
1115,0.047634126047996495,0.2518984094695155,0.05625447697226165
1116,0.027162419341130468,-0.015240371259431285,0.12635170504419688
1117,0.11059848733188028,0.18315085759563235,0.011518374882015158
1118,0.04883871023584826,0.03142802834512971,0.0511724387577749
1119,0.1334332412966217,0.016082009969747835,0.06282280907769465
1120,0.2523022070151314,0.04890509990630827,0.04515893842036637
1121,-0.043726472264431826,0.09030483768067077,0.08440878583594448
1122,0.1317101254920885,0.04688160450381752,0.05228784190290491
1123,0.22165869420066997,0.03322595598264357,0.023073848071546922
1124,0.031465868071767295,0.01357382992359364,0.07982762624501691
1125,-0.04029854727325666,0.052236551651078905,0.0642517318638347
1126,0.10033203331413469,0.051007112438783433,0.0791237988999885
1127,0.2779769051935941,0.006356957175867761,0.09246853587728149
1128,-0.11024178846116914,0.06716717214447557,0.07932623865617673
1129,0.0390882320731274,0.058337074359389875,0.01756524753114145
1130,0.09200036732603535,0.09940783924937602,0.22499998429278018
1131,-0.07033026964006697,0.029312345240747464,0.09253059366377982
1132,-0.08164545348214752,0.05580714017585342,0.042618628388506934
1133,-0.11663480597091722,0.16503830485519713,0.05559877145601385
1134,0.19122789199922285,0.048712134743217575,0.06668825682787498
1135,0.3632567177267695,0.09218454901140777,0.009009667582319515
1136,-0.017330987819527785,0.09756187436055647,-0.060072883231298405
1137,0.08552849423007743,0.07020860392197524,0.09658638833445071
1138,0.0467548628272789,0.08311530988079804,0.03541151332309853
1139,0.07430901113430806,0.1023008964773976,0.05875506670976653
1140,0.05166953782653641,0.15359757995102152,0.07717787808177431
1141,-0.24079751323766255,0.05085854430175277,0.045280297740639436
1142,0.08927498757819907,0.05570156869258497,0.03180367287555457
1143,0.2279385877962057,0.029844720070879772,0.003247067299126572
1144,0.039795000146095,0.10891790839711937,0.019144413111066738
1145,0.15516028925978823,0.02997073274725398,0.05902587696794401
1146,-0.006413740281802097,0.02931619241141813,0.09570548169409217
1147,0.1592638902701073,0.0024783250335379315,0.050653686166143186
1148,0.1496501346081527,0.03241080339613827,0.07635581005612697
1149,0.23601359239736278,0.04658963134881158,-0.3601200588547705
1150,0.07665492659354362,0.04786567668164015,0.05735443342514484
1151,0.07666903392168092,0.15674809814285867,0.03107842515667861
1152,0.220687913090334,0.15895180114912286,-0.2689079007382903
1153,0.3265433408748566,0.046103029062081385,0.06548330126890267
1154,0.21281398537517818,0.11805891878927798,-0.14158419431171737
1155,0.4139730531036211,0.07498378832677269,0.06792092899388256
1156,0.2309320932676366,0.02108776681562239,0.06339550123068166
1157,0.16425780561129397,0.08395567814147964,0.01800335672455306
1158,0.008435327902174702,0.05828413449036301,0.08425267537815485
1159,0.13796596346982581,0.0016103247284506629,0.08771741988541178
1160,0.10095179686073079,0.04011601666759648,0.04306005797316506
1161,-0.0021195887366947386,0.07073681952904647,0.04902695547311792
1162,0.043948126882964594,0.07742071692156555,0.05165290868874686
1163,0.007307164348764522,0.03625173144080429,0.0387490382902555
1164,0.15417156323185618,0.014684118929328936,0.03646926854442365
1165,0.20832300567144024,0.014785021160998713,0.01156944779839324
1166,0.2166398719332981,0.011704834758529781,0.09127105471466829
1167,0.22577336875013496,0.09845061285663625,0.06687084208094099
1168,0.06817156968012886,0.05357802812889692,0.04431439876632668
1169,-0.020184356068759415,0.0851920605423442,0.0565089842585115
1170,0.049352054386354684,0.06734754696597475,0.059470540742821855
1171,-0.095115562464018,0.009731069436837915,0.0419809637310942
1172,0.05243720549968013,0.09306033952380466,0.043524604411701744
1173,0.10048574576758275,0.07819761410205096,0.05060687207618009
1174,-0.07114644422939448,-0.43628611223121294,0.1599433705212572
1175,0.3043590377343961,0.07630038951363151,0.03263219299367034
1176,-0.05486102712375568,0.2740501640634485,0.11658118496814174
1177,-0.030442236060305217,0.009568499612724091,0.047358587328453966
1178,-0.18883759234457984,0.06801083935520635,0.013217866693856307
1179,-0.033995115503256707,0.08451304118145704,0.05906605506623552
1180,0.27585236848001193,0.07341942483289894,0.035901756681039745
1181,0.23130587961946422,0.022973367929771383,0.05645796568034063
1182,-0.01111995722190752,0.01208774734999134,0.06948897338481029
1183,0.0271262847139797,0.015050047557792535,0.0643602220268955
1184,0.004570272686505936,0.04455226000357424,0.013104655844411818
1185,0.3376292874169484,0.03772904759215845,0.0543561508669331
1186,-0.0373964264093867,0.080724776751809,0.07380300340766464
1187,0.24622840514897787,0.03150488342826331,0.008942287253654424
1188,0.0095429725918168,0.0858594376712614,0.0394426069605754
1189,0.08367065541036821,0.0806964564383425,0.02508653639162267
1190,0.02517556492332486,0.0796133270885729,0.03965941428460101
1191,0.0670170246894313,0.10213580107081247,0.4229981915853486
1192,0.2892836043390157,0.04794759060037548,0.07450366680096883
1193,-0.12893409508611745,0.06250453128171495,0.06199637940039903
1194,-0.05138980417095347,0.09382845302359795,0.2521072888580029
1195,0.08577292102633154,0.16496509360656023,-0.08844008692330795
1196,0.07749324684093087,0.0027187065218884365,0.02738858108275264
1197,0.21495008784922381,0.05865602018556059,0.09534601907215617
1198,-0.13957023711570873,0.033965076143909215,0.06677552876905049
1199,0.2724670629544653,0.09953112462645841,0.08163940596223596
1200,0.24068608318571916,0.03751830837204115,0.051691636606378016
1201,0.17445507503150942,0.030023576170955225,0.041976263513454376
1202,0.0634766951919207,0.004944870114933997,0.0872077031496337
1203,0.10124048547771491,0.0906853117122749,0.01871296355217984
1204,0.08987733973810451,0.0295286358210756,0.010030909377650188
1205,0.33565401360834984,0.07897949727382586,0.05620306515023768
1206,0.15550221786289287,0.1409522721430204,0.05460002515993115
1207,0.2341949337710391,0.00442942334812942,0.05196168842225837
1208,0.01511157630117757,0.09469171369965465,0.0490151928772682
1209,0.12416769976907237,0.03851058695362902,0.04378957859392529
1210,0.046203620626061974,0.007170384672249686,0.05236368662143658
1211,0.03831734869700489,0.17788575006195817,0.04084530545819347
1212,0.026615109378438195,0.060187193601278034,0.059150820063115964
1213,0.0719120665033139,0.09782874080356177,0.003208547210734292
1214,0.0016750989677110223,0.03996006619785149,0.08778129802701115
1215,0.06836778668145535,0.1637038780466908,0.1439105726770759
1216,0.15923818092332756,0.12077792497283646,0.05728898998202514
1217,-0.14177859575128682,0.09839983395003044,0.028923472183443225
1218,0.10821912058719955,0.10030750447880599,-0.0003906550557046251
1219,-0.023658857906416975,0.09393342327467234,0.07152337381254431
1220,0.19932691595828939,0.04782052479663254,0.0036320307908867424
1221,0.553946314413178,0.027242110805505426,0.017716851651242795
1222,-0.018085835490475613,0.11134579828185637,-0.009671356323157715
1223,-0.044166168263280764,0.026008728960975974,-0.0348239702416582
1224,0.1600135310525932,0.15087194717078833,0.028290257478627113
1225,0.13688968477879795,0.06109209482248708,0.08147224640276256
1226,0.10082926874331162,0.0775011293191123,0.0696766611682083
1227,-0.01679582303659563,0.1302922664422794,0.09847094025697674
1228,0.029297906662570018,0.1998724725760392,0.056297742531347825
1229,-0.002259156414037067,0.15742455412678136,0.05945205433806698
1230,0.05063140215628235,-0.08406306402970982,-0.054709377531402086
1231,0.18106635104223479,0.004890633597142414,-0.04461775892295432
1232,0.32386361306636624,0.042998378496943726,0.037440901568872365
1233,-0.2980012904432314,0.08017863760380167,0.0016860578825731443
1234,-0.009649947658767269,0.26520909364006956,0.08312787546837835
1235,-0.05400864238529353,0.008784283000812066,0.08604338653680843
1236,0.05244227677217221,0.09714425392125214,0.023059206859341066
1237,0.032841037994381775,-0.01992828645995548,0.02451532524279776
1238,0.09119542494507357,0.029966878639011603,0.09081912252203878
1239,0.17327853376050437,0.03311419546104773,0.05085165299221702
1240,0.0018214636759282532,0.08480809215169677,0.07315251842967847
1241,-0.02664899370539771,0.0515668122395528,0.0442959748675444
1242,-0.01120791911403362,0.12821397604200135,0.1913884614974115
1243,0.19705148173854248,0.1121327987905778,0.12621123578098317
1244,0.0751762779869939,0.04344212698093067,0.13767477079957074
1245,0.04927225559819548,0.19037140360610486,0.09562551596362275
1246,0.009061881178739448,0.17412241365647013,0.08463116858297245
1247,0.0776377649915147,0.003728948270061543,0.07622341465453893
1248,0.1952179458549601,0.05691730739540995,-0.17211629041646054
1249,-0.19917787359420788,0.010262723085547055,-0.008210383945575161
1250,0.13441309143049412,0.1367219766120385,0.21449227300138884
1251,0.033470233177300884,0.02931167827300807,0.04231089928695288
1252,-0.0721831224710151,0.013649556777049467,0.04349953386932362
1253,0.12850329236468855,0.12984465566700756,-0.05970782587012251
1254,0.15975240021577736,0.17462308529192294,0.06529810151115152
1255,0.16271933687912457,0.022146640012377008,-0.012043182741034483
1256,0.03797975313436075,0.08824590363190016,-0.12083062601849194
1257,0.06870614999705647,0.02278860376649219,0.09707048672476007
1258,0.102721991054712,0.13979712769191985,-0.06725255078928606
1259,0.04713069168153145,0.13965693496374623,0.14999129560606012
1260,0.05979530967325444,0.320455950281828,-0.011059305704510303
1261,0.002124040561455952,0.09118040819162837,-0.06649190794399999
1262,0.24683085612674993,0.18511256358555167,-0.0007144908357448951
1263,0.0916678701151031,0.054361659130627654,0.002390891839178552
1264,0.09928398402311252,0.03748574285442345,0.1910303440933185
1265,0.1369155048285559,0.08699726426669385,0.07544808419499868
1266,0.03602884324294966,0.05762607735295855,0.043084601157564933
1267,-0.022543042055140752,0.10200577928774193,0.14423600071236625
1268,-0.02714941306228555,0.0807954753796718,0.05882107298920463
1269,0.13684845983798316,0.14886911483808676,0.18933488747075622
1270,0.048117262797818076,0.07493346660046839,0.1149207966591719
1271,0.04571653658024421,0.15511597716850822,-0.05095293315586724
1272,0.1684321976759645,0.12873269631522502,0.044446745221706115
1273,-0.0005597565244885166,0.10898498639738952,0.09649867184229455
1274,-0.09094809415321815,0.09078237232831815,-0.02214715577468672
1275,0.0337912791586501,0.03284251084686242,0.017605486724184504
1276,0.07833387719584599,0.053392822383607236,0.06462112130054033
1277,0.03172179362742571,0.08117684530550572,-0.019727752099437723
1278,0.15107899114500303,0.12688324751581226,0.1217479357938859
1279,0.06245490620497096,0.022083273991566236,0.10485625042401743
1280,0.029277589403323964,0.09338906511821053,0.0004290394237964179
1281,0.26972444030364406,0.014736747311163347,-0.17383349394072067
1282,0.07483370683377844,0.09418859613523688,-0.009755514647056727
1283,0.23711387176609044,0.02634783686586625,0.002683571151987485
1284,0.22086682933220703,0.007522181856192223,0.0423659926769534
1285,0.057638197421558734,0.17954609793348306,0.018991836696147908
1286,-0.010109437461164605,0.04984358817689549,0.05399908937850244
1287,0.10568713842029794,0.03339590113201333,0.08068407112081626
1288,0.07265824336319635,0.04354444242119997,0.0999459571513261
1289,0.045090689736417576,0.14485004356586548,0.06557235156366854
1290,0.033524600255601514,0.12653921443047345,0.1118131618746242
1291,0.02221657540620063,0.04595489855179729,-0.0004763273478880156
1292,0.0772195593532688,0.10249607506568184,-0.129309939531649
1293,0.03357487767145802,0.009358380077217099,0.10341498465198878
1294,0.15819453652667212,0.08185785131525046,-0.22324191754115252
1295,0.01920172229287687,0.16765979414126916,0.09615260969903072
1296,0.06969350019115246,0.14122253271882382,0.04556007630296278
1297,0.0809495588541092,0.19927362316020827,0.09650681618634249
1298,0.00025638043644275743,0.0,0.04112155615179437
1299,0.01050494067044841,-0.047521702343417134,-0.05312861525648143
1300,0.085900973191887,0.010330360833754338,-0.04251874075974847
1301,-0.18507212286252567,0.15797348372804,-0.0019528855138929713
1302,0.08259999866870288,0.08858902185899105,-0.03913585746735318
1303,0.18398126244182472,0.03321683301060061,0.10740845969871121
1304,0.06693512985128118,0.05832984671155063,-0.1521075299010716
1305,0.0440656841436971,0.02539303826934254,0.04813352388937153
1306,0.3589505172805625,0.040647265583471794,0.03350960582481621
1307,-0.04033666538507235,0.046177589906360283,-0.06541828326999424
1308,0.1644517470456237,0.08043226925964501,0.06439293859218467
1309,0.08190322036636072,0.08391868396623733,0.047081554717431834
1310,-0.14487051054578798,0.057637911901730565,0.09263460435638018
1311,0.1658660087572288,0.015601982904018308,0.0956305155138808
1312,0.013429445430242125,-0.022809914634660478,0.16716546980813432
1313,0.2655189049399006,0.08392217822782827,0.022339289602105857
1314,0.18891002586346256,0.05686813987642127,0.02352196851421482
1315,-0.11697227842204136,0.015926252388997853,0.06124881992722706
1316,-0.004389328359528447,0.060190550380765866,0.049145748252261236
1317,0.06913988069484277,0.05052406944602246,0.06850156976437503
1318,0.043935108679191454,0.04946358308503204,0.06853593591015487
1319,0.06753077958745117,0.07176303921178516,0.09047546300795548
1320,0.32412276541913143,0.08858941522685286,0.021606107258720322
1321,0.28258126047090076,0.021438662675166333,0.06698952872484476
1322,-0.036819163846413885,0.032709922318580185,0.06073165487462484
1323,0.06185957573180826,0.27933194428250674,0.0459393977369649
1324,0.24883434848420397,0.08433590626433198,0.06640733543211753
1325,0.19259551203107111,-0.027487452721197625,0.17789678190002495
1326,0.17617597318595735,0.13866288100425125,0.05179905393084647
1327,0.03450525026710791,-0.14416582991388185,0.037743435414955374
1328,-0.06452079989517778,0.02291340073299214,0.057607147371673675
1329,0.044147995656543294,0.05936125148645719,0.009586232968490073
1330,0.17192446345144502,0.06297940779452936,0.08612583969938259
1331,-0.03834771316766512,0.07537850076660252,0.022237981564569107
1332,0.10195863083141599,0.09639440299363494,0.08797737298038655
1333,0.3896840016773615,0.09017287461577064,0.004123773193811364
1334,0.2875535027167435,0.013576905820296192,0.022717120900844393
1335,0.28974910618231176,0.07482309352835993,0.019854144812792043
1336,0.3304743426841798,0.09528557271798851,0.06090253878279087
1337,-0.002657520603018909,0.3520340210206321,0.17789764708125563
1338,0.07952083149309475,0.05499701559757075,0.04364492993234316
1339,0.162809084950432,0.030650305648387235,0.014664692048837214
1340,0.06250058019710002,0.101892102376801,0.16018578772452502
1341,0.00870110004733099,0.07778060299136336,0.09600354986237433
1342,0.006517938008685109,0.046015574063138165,0.02637258012236886
1343,0.2231787595156453,0.07994843011656894,0.26348782407784566
1344,0.14057716177303745,0.08505570706419525,0.08591754163980617
1345,0.013148104074105937,0.17994989659954613,0.0613710101401268
1346,0.05611327104307388,0.06137821382858875,0.09582261626287628
1347,0.09868365016700838,0.05060218236261682,0.0451199623676711
1348,0.3542105043167033,0.15092014783951024,0.36973688860651016
1349,-0.10165033883268543,0.05360569490234988,0.07868876228454942
1350,0.2553635651687651,0.028027007821678374,0.08405386176049146
1351,0.1784728964060815,0.09625630201563862,0.05768327354735224
1352,-0.06667572076177111,0.02302867414367432,0.09607605787074032
1353,-0.159073287373833,0.015088411731253033,0.06734356840130283
1354,-0.003642305918681782,0.08667154040442374,0.06675757254693652
1355,0.01629168292021696,0.09076708526480848,0.027454912720388514
1356,-0.03407811532036521,0.1328877938761865,0.5281340812717777
1357,0.11692852870987125,0.06593469134536532,0.015063826410142402
1358,-0.14839498151005648,0.0979406548320767,0.029319430504865563
1359,0.14125312847197508,0.08255287061481456,0.002652061535124295
1360,0.11249501395898996,0.07454843054390857,0.04139082620188686
1361,0.021745030726144594,0.058525371685095334,0.0877398108278494
1362,0.159352628719226,0.003860862626504602,0.01962194214529981
1363,0.2226078843251333,0.016314671873427177,0.016841183703582185
1364,0.06477269237866184,0.02271424117433958,0.024271987607853
1365,0.027917193454154568,0.08712449503509774,0.013893303642426481
1366,-0.09005294045494153,0.046109830379376354,0.15776952574850472
1367,0.18130757463527716,0.06102904752841113,0.04755259870612652
1368,0.03511007348988205,0.00956456659412196,0.09482172562140609
1369,0.17818733221126332,-0.009464165083308378,-0.007247490209799028
1370,0.31599888291959405,0.027752159703636693,0.0094869288436638
1371,-0.04178086700032366,0.016180872749796495,0.07794333905780954
1372,-0.018268768249504616,0.05232195369230083,0.05019808347039978
1373,-0.08458449974629162,0.0064364668100348466,0.035566002486082826
1374,0.13253649234779774,0.11973062972009721,0.09344427214507296
1375,-0.03463095308736765,0.016372379619505592,0.11006232132500544
1376,0.2787392201610547,0.08546275618492476,0.07687342673514194
1377,0.14813841150193557,0.04433537953789325,0.043962862698498265
1378,-0.020026865848309233,0.009912643684253231,0.011698816511743582
1379,0.10209616871731483,0.12879144780998458,0.07579387748614821
1380,0.093262738303617,0.02986888634746763,0.05569547447488021
1381,0.28502874598232664,0.04362305163075422,0.008160559709146498
1382,0.05940549344324467,0.06705379358495547,0.0823243487854291
1383,0.01555971755949972,0.003956806917072113,0.03981878623956695
1384,0.03576812414325973,0.020544298374076876,0.04191482081595302
1385,-0.20441679237493274,0.037134222226619176,0.08146824630311195
1386,0.24140875353466149,0.022651113655108093,0.05686973597123282
1387,0.32649556413792125,-0.16075187914420627,0.09223588426857476
1388,0.09396617410245063,0.09099068417906409,0.049813845063403896
1389,0.08789339711697973,0.009665144914365313,0.05166029354931472
1390,0.21569127078229278,0.06276679488477314,0.05189226525557218
1391,0.11668432110851232,0.012912555815347615,0.01848246504171095
1392,0.029617402719316552,0.08917420340650545,0.07717362534854849
1393,0.214229016947226,0.08965487775994356,0.040794589881312515
1394,0.06149111333092372,0.1392647756124774,0.09772771753315097
1395,0.1826574221946484,-0.17796738477732513,0.15288510035495295
1396,-0.024556857279778604,0.09674185722145574,0.0851661456671321
1397,0.006103779249938837,0.0356820041953772,-0.10630246789113246
1398,0.05878598364647151,0.045501810670261114,0.02267850059902429
1399,-0.004049727484800814,0.04062966146459596,0.11960634333894138
1400,-0.2692050371054355,0.052142697637752596,0.03490325680130442
1401,0.17778707419235737,0.0992740398886663,0.07719280513855725
1402,0.1309545834572,0.020716036665101856,0.08745622787924685
1403,0.15651953747685945,0.05094316804547544,0.052463484290254096
1404,0.25233900766913964,0.01287542007174134,0.06886188052913698
1405,0.17593714317921894,0.0491354485727359,0.1828822063123911
1406,0.12678899614676561,0.011547616036693199,0.04568767013282948
1407,0.05547337935270389,0.12750659796296018,0.1040045130121384
1408,0.2062948091204191,0.07769269184153432,0.07479138589669547
1409,-0.05384718185511636,0.17038135165235607,0.06388144841301335
1410,0.36864366130560133,0.04780812929679772,0.05400215743132952
1411,0.05206315921018452,0.05639327201157449,0.01183401751969836
1412,0.4803671457346175,0.08840479565597288,0.09166891482392388
1413,-0.05367706309505482,0.05053000611697325,0.002369985384495921
1414,0.24142845640010469,0.033262030358945836,0.035470506036375984
1415,0.2412548611279156,0.022707518574748054,0.03510982307126971
1416,0.003138224263132497,0.012951248578853514,0.0680947721719821
1417,0.3364934638368299,0.07988085699605874,0.042311354688874585
1418,0.20918496505514422,0.022794308085734606,0.03432728604942877
1419,0.09286910349183178,0.09879249276975857,0.022158758821360414
1420,0.011246278109694599,0.18933286062533183,0.004209575392440601
1421,0.09676099892183213,0.08805701416831022,0.07416447591296602
1422,0.02937393519387163,0.0744598804018391,0.08105493946073244
1423,0.2473957104363392,0.013386990580738434,0.049312988344832415
1424,0.1659678336458445,0.044526691198267,0.05870961601652615
1425,0.31329418464413444,0.011728755735229957,0.02524289190275344
1426,0.3029415306075327,0.041122088034104685,0.19589760641854978
1427,0.06544857057948655,0.061027918726805144,0.06813765288906115
1428,0.15489979263004472,0.03382476201547433,0.08876746319321398
1429,0.0025128474520718647,0.040684436009077875,0.03449001392169283
1430,0.08742818086877825,0.026138115175825663,0.002848314755664694
1431,0.2686135978303053,0.012925507239363166,0.014647146055862259
1432,0.06028816043180171,0.06688033431645983,0.029240571533127736
1433,0.06543518129417535,0.09253121636271071,0.001267709289593999
1434,-0.028050651306661872,0.029332447173139344,0.039484747710302776
1435,0.17677016809560975,0.038892404169446754,0.07553663245761402
1436,0.22257031099960153,0.07704905603709358,0.07706441342118726
1437,-0.05977782881800198,0.18937208989828888,-0.2408210439612603
1438,-0.01928955708242608,0.026325343431666315,0.08740260437816681
1439,0.12442300585410129,-0.24554634515471552,0.16713511959798205
1440,0.14267025333240613,0.07040386517218064,0.03636276684455503
1441,0.1543569890581687,0.09156005236308853,0.23698503734970583
1442,-0.1137944295013508,0.04136718061118397,0.010874050999319996
1443,0.02339700129756236,0.08447211545440095,-0.04228862382267354
1444,0.01248914830016705,0.04478831737989795,0.007063747352723637
1445,0.30866675328205395,0.06392145207062899,0.046478828489682926
1446,-0.007742404740980285,0.017752266628801805,0.06418943172707457
1447,0.02730689786901944,0.18322080530037152,0.10554076253556308
1448,0.08922438057126972,0.049357552618877365,0.09048688812085492
1449,0.02448373461911356,0.033301536327896564,0.017165122244792854
1450,0.25520024982962086,0.04957310864472147,-0.34929622786174147
1451,-0.0489205018862251,0.03957324766435253,0.06279837729257315
1452,-0.07187640255450375,0.041474840286135996,0.06658050394546733
1453,-0.007697110596178933,0.08901158707909505,0.0141989851876274
1454,0.091509181757036,0.033049874022914975,0.010351775141020647
1455,0.33051129170075527,0.04280378793504528,0.04792981697113741
1456,0.21986373763799077,0.07822205700417677,0.06404306886237689
1457,0.06974790667827446,0.014733294435324375,0.09224300065662781
1458,0.2479874991021727,0.08404632036850096,0.023449624927980417
1459,0.12577608709621846,0.08054927359490997,0.0973890837358935
1460,0.38044243649366083,-0.14313906620376898,0.0566832822959434
1461,0.2823654277930232,0.3864119972188374,0.016687228684432287
1462,0.24279022241918244,0.008639510178335396,0.050448848732049884
1463,-0.01849996628927575,0.05468269379652359,0.07738397576133925
1464,0.20457657639126697,0.014700910872537488,0.052408895235569686
1465,0.16747429131871283,0.03275920587205188,0.05209610665043013
1466,0.13743515326476394,0.008517148171146438,0.013141990968080997
1467,-0.06025161098126236,0.05213597277117535,0.09177316475667142
1468,0.08656456230354112,0.05851434462603741,0.016038195263476208
1469,0.3747941806708138,0.017600868609789478,0.022646346243411587
1470,-0.12193293867536265,0.07947801712133383,0.009560693612541526
1471,-0.028687830384257318,0.07104824907348709,0.006671157151677332
1472,0.12774718337058238,0.1300633554133806,0.062412744453376245
1473,0.06960000494381251,0.18473754008255916,0.043413776610490076
1474,0.0843023301114603,0.1742000034586019,0.0938115771299968
1475,0.0921828497097925,0.06205374806320523,0.20839165157431971
1476,0.1877376876950848,0.02161035361489834,0.1503963076130648
1477,-0.005881998994633417,0.0978045929288941,0.03407644572800635
1478,-0.021576623045890836,0.13672636849195727,-0.02174962914093856
1479,0.07656854018485201,0.18663525541138085,-0.017119079393925082
1480,0.2420274746210694,0.09809532832835187,0.021373624041936323
1481,-0.17221285914237847,0.010766705485981732,0.029213096225301334
1482,0.03145221557251185,0.1170876321062848,0.10547552358867925
1483,0.35179042436628805,0.04156897192002397,0.09334416613440442
1484,0.055675740218682636,0.014324670600772206,-0.07270415921708294
1485,-0.07173911450799979,0.10519662792521223,0.14781627606401343
1486,0.0717917181448611,0.02007342252127551,0.14630337247311953
1487,0.053687878564525296,0.02613027300276143,-0.0019230554127746755
1488,0.04459946775303006,-0.04287798812497189,0.023869918015881786
1489,0.03849017891169364,0.029920675412017195,0.08929422310084928
1490,0.254077769056417,0.07579533154981079,0.09230178612313779
1491,0.23815927496257963,0.17252364906255185,0.04822562751621093
1492,-0.0269245003561652,0.03807376177433817,0.05431072901761358
1493,0.03418069158311925,0.19506608564121325,-0.12108179182433411
1494,0.041445626807049635,0.08204340004991584,0.14038073181649302
1495,0.035235624605144664,0.16321147016435808,0.15492497585046722
1496,0.05901212768859118,0.13324509638180612,0.05740659250137113
1497,0.13969546993610127,0.160266128137114,0.07375438184377504
1498,0.15885156538820194,0.06884420773789553,-0.026202848966352887
1499,-0.1006451211786078,0.01882386531019355,0.047219777147742746
1500,-0.025527248792825127,0.030647674904071765,0.0469955017259502
1501,0.014492406905654343,0.0472847950029134,0.13779307830743823
1502,0.21054995939565802,0.19760484597755149,0.27377466494272096
1503,0.042376257534082494,0.028901563713555425,0.12190843063888812
1504,-0.002589885068934872,0.3689015068448264,0.10016296948188183
1505,0.20814548973655916,-0.06655020650090218,0.041383599400553576
1506,0.12955304801065787,0.11761521268626396,0.09534505110693753
1507,0.15108595003322245,0.19669172566909499,0.08609978912297732
1508,-0.09532076541652215,0.16123866592723865,0.2892097841399828
1509,-0.01974367197177916,0.0844674776374693,-0.22932587071788654
1510,0.06595241963061228,0.05617408705163965,0.027806246175444475
1511,0.03238168999325351,0.02741112631249974,0.004446838467052169
1512,-0.0009281103283085429,0.18365790777833413,0.06161162201790794
1513,0.1120968677965401,0.13833773869960392,0.06693070910165096
1514,0.17766100788406264,0.16114252715319122,-0.05448197119690702
1515,0.1444211081917486,0.18672692571381302,0.1976212743985571
1516,0.07120467029862433,0.1408357154522785,0.1352306069215354
1517,-0.0036256622005869724,0.05961530025964641,0.09163728243088173
1518,-0.015515773772127997,0.13318749477360525,0.025052926345339073
1519,0.14463726806061913,0.1938209612887599,0.10285059480080183
1520,0.040808714765353346,0.007506594030910452,0.1399403377194457
1521,0.26299731186828035,0.01776172406432912,0.2315843023194238
1522,0.07276122091302975,0.10597549225631678,0.11323842759519362
1523,0.07951603339770687,0.1645375470836659,-0.029997116333002005
1524,0.5294987197212546,0.006212633587812733,0.08357081457729898
1525,-0.030743012735507946,0.069447575793983,0.058578562629878324
1526,0.0763364212315031,0.3219291425765299,0.04241028902593526
1527,-0.054594242382564495,0.04623299496102933,0.060825987565195805
1528,0.11884298385800969,0.09002053684121832,0.195019641094833
1529,0.04232243306317048,0.18444349363467086,-0.025001045804345687
1530,0.040937572277392094,0.07806912331761524,-0.02599017359325525
1531,0.15708358684462737,0.0840725555836704,0.05202561202431547
1532,-0.3995155674321062,0.053409636223796735,0.0482149844267963
1533,0.1031375106106294,0.04356383790971396,0.03924776735488639
1534,0.16415761343643592,0.12523234077959214,-0.09203377162337902
1535,0.13919298420257634,0.024372967463678587,0.031466227375581496
1536,-0.0719537685913178,0.03014059835575298,-0.04754602627312747
1537,0.08068524590085804,0.04478840002797542,0.09689402222032331
1538,0.10037638824875213,0.10019169861785907,-0.03764102043556951
1539,-0.0033136911143708467,0.010916446608503105,0.11888908688679094
1540,0.15950017679138612,0.15196683767722313,0.18312927677238078
1541,0.11387292949408884,0.18367011988962312,-0.11714486158363129
1542,-0.09155803038788268,0.024216418624142477,0.41260470175108865
1543,0.06727802588908033,0.00045834029681048884,0.04676174027199742
1544,-0.03584281477797138,0.10945503095406278,0.043604922081872236
1545,0.039388562010300644,0.0630319867943531,0.14298810069498435
1546,0.06494322628010883,0.1830812563423629,0.04960341236957503
1547,0.09059367708306702,0.07318815281516751,0.09423534061377586
1548,-0.014504668463920609,0.19641385157081218,0.07392129741176791
1549,0.18533560893794337,0.04299986880448989,0.028556723334500902
1550,-0.09599799919597958,0.17936443243500158,0.077242998666188
1551,-0.03228345525882521,0.08218098294463423,0.06871373471156378
1552,0.08682568111100902,0.032123210243722715,-0.0004495516076205505
1553,0.27241733577326555,0.10529141167749795,0.04176450518858157
1554,0.11639370727968908,-0.05089971744059264,-0.03691820522776884
1555,0.11655203114786673,0.13904592611158478,0.017920102982247457
1556,0.056646652078453597,0.06948035155167587,0.04771539710347566
1557,0.13049467790349334,0.18187780469770776,0.18450729862047666
1558,0.011174692960658733,0.1050825495000241,0.18154268963233322
1559,0.03609107869100041,-0.03787388833485019,0.06600788866796936
1560,0.12887866165097006,0.04445214610641157,0.01104499424039413
1561,-0.04412580596561695,0.19102094880194376,-0.04854038217475247
1562,0.27898833535652456,0.019295893187380897,0.07814632115342139
1563,0.08488379763155625,0.10556828226633513,0.13533630509550293
1564,0.10086183052460267,0.04150618633932699,0.06538292295777258
1565,0.06373512308034489,-0.07973690680677215,0.07900203688830822
1566,0.14103020415130957,0.09692709355826093,-0.048919449378274235
1567,0.07094283917871207,0.12137033833303759,0.0531063791064547
1568,0.24464946496521506,0.09253191186011284,0.0172679289732697
1569,0.026817136266132316,0.08179471920570187,-0.025909946156174493
1570,0.18304271380234444,0.09908793734302668,0.05180457147685047
1571,-0.059104410652461664,0.18762397386799567,-0.005399688309677526
1572,0.17168995109497528,0.08508835586865351,0.006627036145638532
1573,-0.05587258973855043,0.11066428156248925,0.038389298767138445
1574,0.08298236196513545,0.04164429528118394,0.0912333522537807
1575,0.04460937245316939,0.031781797658877654,0.13224914701015014
1576,-0.019583543964106692,0.03469194113225573,0.12664297423107884
1577,0.08250124065206288,0.12216731308138325,-0.009244386008261246
1578,0.13971389703634873,0.01940605326998668,0.015856779041670814
1579,-0.03274311842263876,0.19115472413009948,0.09019584497760827
1580,0.11974615986653503,0.1579424690456733,0.08925994860219962
1581,0.24492568582642213,0.19875103288149976,0.04914251583012565
1582,0.22353065641953976,0.1291116591258239,0.041622635760771416
1583,0.020356612962652412,0.15082243003982562,0.003725799462712724
1584,0.09157497440230747,0.013915597496746625,-0.00990612231468501
1585,0.11030082995498804,0.07929521918666163,0.012908835548101703
1586,0.08995738322620009,0.10579993861714863,0.013749765849883654
1587,-0.009177996797551567,0.14392238572968494,0.015687061683264197
1588,-0.0010130865048521911,0.12046638456236203,0.08077893349675816
1589,0.1882291412003554,0.18417119102219545,0.09928438547403606
1590,0.05819512198773187,0.022121606593410472,0.013537094129621993
1591,-0.07891347396636288,0.09088344055375007,0.10138624385904553
1592,0.021979708250965835,0.000513872711111052,0.18437646731021196
1593,0.15847171703385715,0.06865844273624284,0.10013250422411543
1594,0.08088279368352116,0.16799838075481277,0.10114088643618177
1595,0.06814936582288136,0.007546094673446391,0.023414754490038436
1596,0.12909442007843056,0.1660880015030232,0.08146567964260912
1597,0.19360753083251703,0.11623951539214064,0.03425783680314662
1598,0.04756818867765964,0.07856215060363798,0.015700604038665092
1599,0.17782452593489756,0.03844051385170227,0.0005250271596734593
1600,0.06782762825747357,0.0768117426301465,0.14672805767595215
1601,-0.1940131057449076,0.10145458042916172,0.043945592061584576
1602,0.030835143637547885,0.11372761286357423,0.06031253437664687
1603,-0.05453056919954208,0.08604611322694758,0.1377783049274689
1604,-0.07623172461758401,0.04206697246595712,0.0018280630619195715
1605,0.039344576257933854,0.14813203265584368,0.017256028398377345
1606,0.0035416962101269753,0.008691606398588481,-0.14425031046357106
1607,0.07094536130466929,0.07959477840898802,0.09083256959307473
1608,0.0652635661520757,0.03999914346419593,-0.03625190083372405
1609,0.07464468133738751,0.006554801793349796,0.11746451913610169
1610,0.03179805613203815,0.09772473150316414,0.11195704346842889
1611,0.28985609023068415,0.14867303596748438,-0.26074008277767424
1612,0.06725596867808885,0.14339986049822617,0.17287789669165965
1613,0.004396783269273208,0.06759129403449206,0.23144405588546613
1614,0.11253986358857375,0.13024609303867155,-0.026884501848336198
1615,0.04854197643522129,0.07634008535322834,0.0826076420804593
1616,0.09829731998131398,0.06636863282009219,0.08575270217848485
1617,0.11562417175743356,0.01112665189578299,0.17228924016055422
1618,0.08214962940650017,0.1952498701514659,-0.00975965785647008
1619,0.10151451180734006,0.051520011530897095,0.04093536416295513
1620,0.11748366873670928,0.02315926369147612,0.21475548058646055
1621,0.1459901166574552,-0.33762793823556686,0.015877324308601358
1622,0.10440655894155006,0.1503271640527276,0.09630454463387111
1623,0.053440270093309566,0.049937571668723486,0.014933155192092595
1624,0.0671770566330913,0.16139461581064735,-0.03796778643699607
1625,-0.10489002252545956,0.019387871059094564,0.178395868707002
1626,0.04882407280315994,0.10025325941464523,0.08359692615398687
1627,0.04165532554212527,0.16136485703409936,-0.07317461440829368
1628,-0.06770423039951058,0.15471646209874176,0.13928018901149222
1629,0.10861786331424753,0.06241439380192874,0.05202058983976959
1630,-0.08917723771185272,0.005466429705574405,0.06367738589511045
1631,-0.07702176394773301,0.13378500215406966,-0.01804496833390691
1632,0.13508384911312077,0.0763028646901553,0.15701281698395514
1633,0.0639095978992473,0.022866274977570523,-0.06653102342749356
1634,0.10234995482438466,0.08119824590532293,0.04991765138512925
1635,0.08106223909624394,0.1314473203273742,-0.013483850575784675
1636,-0.020423502902729332,0.1975759204867806,0.0057348896241287695
1637,0.07384227981144711,0.17472836469411535,0.07147870738487738
1638,-0.008309017573391461,0.18554789367341606,0.06257775861110075
1639,0.02157025676883149,0.16466661530394766,0.026146804930067127
1640,-0.0403090741566582,0.030273151150023516,0.04177034630680834
1641,0.01479338521364118,0.014162987777714298,0.07791536652199124
1642,-0.0039193680171151005,0.06471151107215929,0.17014073491623388
1643,0.22846305918911153,0.010451073832303023,0.11748244910088827
1644,-0.05636613182308904,0.07425677451690604,0.07120750220244274
1645,0.0108828585183663,0.02408139026762182,0.25187352271250146
1646,0.08698982575698458,0.09874665932156063,-0.05418567154830421
1647,0.026944252084291867,0.08878224074201875,0.08714857620654623
1648,-0.056519338692483254,0.0990459483308477,0.025848554111769752
1649,0.06193449278699379,0.005575634313122024,-0.049370086166119695
1650,0.01530863676415578,0.06556150485266947,0.10284512300240813
1651,0.18144353536328345,0.17060802101166805,0.03547071049372471
1652,-0.00882765714367667,0.12735165403901352,0.1904491874964296
1653,-0.018037260692103915,0.18201024478939123,0.02176347438056993
1654,0.25557399744955644,0.1878862866063683,-0.5715863571196976
1655,0.04023078487202027,0.12371589222019,0.06604399684692087
1656,0.22671201048209497,0.01656203592058684,0.018005714754305846
1657,0.04263458080640194,0.15580288403633746,-0.007991382727438934
1658,-0.04212082951892632,0.11485510723234234,0.036259253288600045
1659,-0.17629821678997268,0.07093461724250368,0.04421796383685422
1660,0.022976254012148575,0.09576994544322315,0.06518955384467955
1661,0.08689033051517397,0.14438422137889192,0.007982904542097512
1662,0.05170718117131294,0.19156820172560426,-0.004410750277346699
1663,-0.044644211923038135,0.08427707113063994,0.05484011570378722
1664,-0.24088480135906368,0.02751119567600724,0.07888621795041582
1665,-0.181239343379222,0.0750800324795286,0.05587458758277552
1666,-0.0429688012435812,0.1811755675909682,-0.017477746167507593
1667,-0.017878365042961253,0.023744204309524064,0.11862928126381532
1668,0.04974030523928464,0.14708834204614848,-0.21370678460968526
1669,0.09195226716633267,-0.09121422426844862,0.3525175329731761
1670,0.007358654374967244,0.00334926920325469,-0.11078474679672702
1671,0.17155911517462596,0.03186185873363736,-0.08649650710351324
1672,0.021303906949711317,0.029112654903768444,0.07832283361210646
1673,0.07392403029233767,0.09521660220251656,-0.043913470952355635
1674,-0.01286990698366898,0.09618067646679432,0.05586166793934733
1675,-0.046700672737913645,-0.06208602400018569,0.061215772352495645
1676,0.09878441576162114,0.19722654691805266,0.07406752447565039
1677,0.08927986158991118,-0.044321264718700626,-0.011295206370501446
1678,-0.020030189557249695,0.08219640652616543,0.16694083089243372
1679,-0.07159356717115792,0.13771398009609204,0.07983069556993602
1680,0.06534965489342497,0.10930337397150787,0.10429278163255296
1681,0.0924374031263134,-0.07073340702173689,0.044760179043963656
1682,0.04089695022325821,0.08520435303091428,0.012192888913625598
1683,0.09936150018633302,-0.2368939921157045,-0.05382647696551518
1684,-0.05246839017994223,-0.1629290527135485,0.10199557060799394
1685,-0.06547433565366785,0.17879635264602906,0.10367091830797714
1686,0.04012247836035023,-0.009582045310900853,0.03770144096573298
1687,-0.10622427005282166,0.15620939995664596,-0.006456252075780766
1688,0.15125161431031667,-0.12435512990756514,-0.07501041949742998
1689,-0.026852745984526794,0.02922541412973456,0.022917669492032586
1690,0.11945981197514575,0.06644469122981914,0.1464391936056441
1691,-0.026092806547135916,0.16035713309673114,0.2589826226096956
1692,0.12366516578602256,0.12405705763532118,0.13133917711113174
1693,0.09699412796603683,0.02374820158366797,0.06696925008735682
1694,0.18743454888140082,0.015185143697684311,0.006682592502384299
1695,0.08256227072021129,0.04649949378617597,-0.06546530035818558
1696,0.01827970732080466,0.18391391905031748,0.02520360855357583
1697,0.032970924056736614,0.04391736277162994,-0.010740213494498711
1698,0.031413067629018084,0.09760007212125235,0.013733516913870251
1699,0.04369149923748695,0.13014885764863623,0.06293348122452361
1700,0.1772492236635555,0.18010691014547858,-0.02494688515339534
1701,0.18951917026531645,0.04249568301461837,0.11644865140093447
1702,0.2665879801223634,0.05666121621545847,0.09426916286044314
1703,0.002820066049123132,0.04621353628383898,0.052758949161475194
1704,0.06929802672190304,0.06270648749866307,-0.0008028211921491252
1705,-0.08692566407441939,0.020887459539958544,0.031046872519764776
1706,0.022267892132632337,0.14029018460376935,0.23873576854687223
1707,0.05967234038992916,0.18331520914621902,0.11630684427242112
1708,0.05139679543194523,0.15499499644288312,0.09900089510431923
1709,0.10454130288497665,0.0023915543029362496,-0.2192230329426486
1710,0.255743696957829,0.06347421525648654,0.23114152882151393
1711,0.054833413272821215,0.05677424393816943,0.073267640156853
1712,0.12179021564114476,0.1903719138416641,0.1120746300296984
1713,0.11143243759091394,0.0006503377804409239,0.06086955536297617
1714,-0.1894800266291223,0.06472694446615378,0.09113859889674514
1715,-0.011779014486238379,0.0006307721383570913,0.01621237902377613
1716,0.04815623605481111,0.09721261767733483,0.009154828500579922
1717,0.020388958702866642,0.09458528767914516,-0.005179121740960059
1718,0.06661863449615008,0.12805485431903924,-0.015653977550701928
1719,0.19900026086723566,0.03680540287139211,0.01461201275776583
1720,0.06246055377342399,-0.04530988409293676,0.02481102711135787
1721,-0.002546876047213993,0.030711095948809053,-0.02439104378573627
1722,0.19657556768355422,0.08140485424486686,-0.01987937588340734
1723,0.04035441233206024,0.13964934234623463,0.11695693991864017
1724,0.03332130514397423,0.0008209124814726687,0.012287117347087873
1725,0.15475642901255915,0.08756125037161294,0.07994787503064374
1726,0.0021404069193601133,0.18911606505051093,0.023417022831898244
1727,0.14601547677760712,0.14722746772100245,0.06435070319748382
1728,-0.029023774427797883,0.023705529112827306,0.025804074287628216
1729,0.05182255364785667,0.09362068691875162,0.040624432549576
1730,0.1906643097368076,0.06808356901771694,-0.04872513922989166
1731,0.1795384918425324,0.05054833195637915,0.15766141658963034
1732,-0.012472171442169604,0.09651411325025067,0.07469260929909088
1733,-0.009916822421420488,0.16682547727290117,-0.24119393175161674
1734,0.0767323961280459,0.09808379712243437,-0.0739288630575024
1735,-0.002655737532811696,0.0437259331804311,0.05960793005387737
1736,0.11902989067754256,0.027636455291766907,0.060982835942730726
1737,0.05865877642251238,0.07539700904353351,0.06767672522789525
1738,0.26015631589271865,0.06110519677347364,0.0535933183949847
1739,0.08157777151256487,0.47143409383508883,0.03574606808326919
1740,0.010070731013146504,0.07636306427944933,0.041426471188326416
1741,0.14187465378006392,0.10987984295189555,0.1483745477610755
1742,0.2494686451870354,0.008086158141785883,0.1516245939234893
1743,-0.0033195039261555218,0.0775663377353476,0.1181598622670391
1744,-0.07917327112818974,0.12170823572791556,0.057939170314486435
1745,0.1345349108735241,0.15492695751947694,0.14069440929832788
1746,0.029181984405630426,0.0782873346317373,0.027696916373944665
1747,-0.004638236750315841,0.013799615352375906,0.03929916191536968
1748,-0.13619610325365578,0.02773220775905192,-0.18446375053701175
1749,0.2941187911753924,0.07279413340721426,0.11515884278575753
1750,-0.015518684483624728,0.1133561912147466,0.030073505108069845
1751,-0.13556202694539599,0.06882280694405687,-0.09803221239984021
1752,0.14427758058154758,0.09587407617346876,0.05374257801705884
1753,0.010230207224872959,0.03393170794401451,0.07863849041777451
1754,0.1798176060451146,0.12856244494216582,0.17202495334767112
1755,0.0944450154255192,0.1962088616638317,0.043112325688378174
1756,0.008798019569065674,0.087400320850558,0.06684185388687588
1757,0.032008859670333,0.015771930859705695,0.1632542848133363
1758,0.04198815079870861,0.08111804485846408,0.1195340584084309
1759,0.08226418898226173,0.004440754568645434,0.05652735081018822
1760,0.009406085853217928,0.06897132867485593,0.008257749953397953
1761,0.06628531369458808,0.07179617379878225,0.014022869205514925
1762,0.04085218214531572,0.17404890797825107,0.08144367943699321
1763,0.029008947607506316,0.10941079491147357,0.13634475261757448
1764,-0.1103296547798447,0.004196653987877297,0.057553236482712246
1765,0.03329390160142309,0.09992142130896751,-0.04966114473688042
1766,0.2061867328584407,0.024220006509975425,0.00786344885710659
1767,0.08906132793879207,0.07672067196754491,0.02206664648901674
1768,0.028071391449712955,0.043444092227736666,0.051575247825527734
1769,0.08956299368103801,0.03218612844169986,0.16606627653700207
1770,-0.06327996589164177,0.1738367045197291,0.14992121062521369
1771,-0.009227319275410414,0.09634616201173259,-0.02901365302949553
1772,0.1677554877651813,0.0010046901040804636,0.14767187064846843
1773,0.006043466504487262,0.22779671462818946,0.04278019634404847
1774,0.06460377662004904,0.03612315398496755,0.04463379890071649
1775,0.3693750516018962,0.08737877237572056,0.0027236614177235663
1776,0.15039588695655787,0.0169970336962999,0.045357493897891205
1777,0.05401925796053283,0.08405242222920362,0.09278040580602043
1778,0.06198301683229092,0.05681654211022147,-0.04270034429379019
1779,0.04627688908851456,0.08045733683209842,0.005532271942932508
1780,0.2038950476151035,0.12341475135157105,0.04683224458345412
1781,-0.04310142824146333,0.05453703696511339,0.04800682443527843
1782,0.027138082948626994,0.1530360681182571,0.023612387313120892
1783,0.15155437297757168,0.1621150747614558,0.07474021665740474
1784,0.14067297198716494,0.07118883327508914,0.045865435845665145
1785,-0.02049076747360734,0.1948191819682096,0.1250210022701994
1786,0.06907732032524155,0.02002118108033937,0.17396593957534728
1787,0.013548689876821382,0.04246268257892414,0.04766780467019707
1788,0.05687380138351771,-0.012247851555118806,0.057821257349313794
1789,0.02140106927992768,0.2799802040226219,0.009275777275932741
1790,0.0271717216344121,0.03383639790005282,-0.019724767937279813
1791,0.03128793933316697,0.10325831062548896,0.010076814089178182
1792,0.08076710757561417,0.5041065077587219,0.009248878051650776
1793,-0.08390542008559826,0.1640831007162053,-0.08422708641133989
1794,0.08600534738582631,0.18109566587995315,-0.04826419160718996
1795,0.05937229156372506,0.1469306058916291,-0.02232772175873861
1796,0.0435069049100654,0.12819926943657897,0.11758533946817182
1797,-0.04640580616349943,0.012429764702736512,-0.5412558212251511
1798,0.14791812771932134,0.00485043329131154,0.03723596894895821
1799,0.003295728312084201,0.06749200375005875,-0.04051265711092439
1800,0.06584786926487056,0.18315544917850468,0.023224715695975517
1801,-0.10650822466954245,0.1762736805161308,0.06484052227636676
1802,0.01962269986678155,0.049985707561034404,0.2015903156035475
1803,0.11527294650671989,0.05352417392406039,-0.29444307519133484
1804,0.0008383575849938985,0.045722002149981227,-0.098640745158007
1805,0.10514603649030048,0.15735821978037567,0.04082210514761238
1806,-0.08585727067315149,0.16184283644177094,0.048885861844426046
1807,-0.08082164904017076,0.01937996307889929,0.1392589524776915
1808,0.05287343470727771,0.01204310098343211,0.013740457468091154
1809,0.19604609295787884,0.015029338946370886,0.04371984939796575
1810,0.09649138228744594,0.12672486873455513,0.009940896346326507
1811,-0.037215612055499864,0.12766958919879004,0.011020769778075395
1812,0.03709380437642368,0.147791179613614,0.020543336016040487
1813,-0.018101345457046003,0.023725312245294908,0.11902319708624216
1814,0.03418752895556168,0.1664044574286237,-0.011406536662399352
1815,0.2971149952254886,0.0698690138405808,0.008072633299778816
1816,0.08735372179829758,0.16576896538450195,-0.020504340155783368
1817,0.023269097160648716,0.04074973627977347,0.04371109747287662
1818,0.08527962667262369,0.06326708257318088,0.04682309703016793
1819,-0.03665746611794547,0.07987802958185218,0.13521689493827127
1820,0.13484635364904524,0.03914862796763932,0.08039713867740432
1821,0.10239400738319115,0.04473040825688406,-0.0002157382997833232
1822,0.07774949677235163,0.1265664923938045,0.004186868917168941
1823,0.10541602812470113,0.03251853539367877,0.030703395155566998
1824,0.030348790925964632,0.06399814259598786,-0.030562009528929263
1825,-0.0346353915153088,0.06496337419215883,0.017403154505728047
1826,0.12555419454751202,-0.065069032124898,-0.023443415736562324
1827,-0.060126053186467854,0.06666626870869465,0.09486186919289331
1828,-0.1951541801823515,0.010705577036336334,0.004044372210042379
1829,0.1004593104226034,0.09508108857545104,0.021134072180911526
1830,0.06867514330676537,0.029720601000561998,0.05960919061531837
1831,-0.005130335651907347,0.11833180303090772,0.15101949302196604
1832,0.20673853888722787,0.18979338628770737,-0.10869854860696078
1833,0.3601418585456252,0.03391729954588943,0.00603869464664708
1834,0.15060026847229105,0.08552914810807294,0.01358241435870773
1835,0.11939451810073565,0.02299980512769193,0.07993707312775761
1836,0.29084882042442195,0.06951576235612193,0.0743234511581733
1837,0.01206794042948886,0.13268261864268874,0.10562048091381036
1838,0.18115571741190423,0.007020984060908031,0.009851731048347046
1839,-0.07840943236449302,0.09902441164346265,0.0018084905708564804
1840,0.14553260327158413,0.06454571885345614,0.04683160071003872
1841,0.040069844661618,0.004816648486715725,0.06456571722702116
1842,-0.05618634051603541,0.06920877787854143,0.011733856182947278
1843,0.01830522377028166,0.14336111274103705,0.12076321087518208
1844,-0.0423789052341868,0.1736870884950507,0.08332036905049052
1845,0.08047861101581871,0.1446914679770951,0.0940615692680748
1846,0.03082887892225998,0.10665841087178776,0.13207540249152117
1847,-0.10303757595877802,0.012815289355205085,0.18608706702855776
1848,0.004965054198561562,0.05616683665165675,0.03605940035616755
1849,0.05491037914549202,0.0644376853474039,0.07532991070661854
1850,0.08878905077464296,0.14965460496418667,0.15734538533563777
1851,0.05118094060533356,0.1716977681222126,0.02042987203121209
1852,0.0912076705493375,0.06295985530024782,0.13121679190312674
1853,0.05386698487069858,0.24556253988774285,0.05564161807174317
1854,-0.033327560291735614,0.15522237050600796,0.04804717485145863
1855,0.10176298209970491,0.06735679415360153,-0.03682516168743191
1856,0.06599680158111175,0.2683637274867211,0.11538910862927632
1857,0.09417465986358783,0.039328226129619996,0.017826880273095935
1858,0.01566749526161306,0.042913685540152895,0.15304802995059785
1859,0.00843208572482377,0.06825172949352987,0.10583201134218154
1860,0.10008251725991596,0.19126633642385604,-0.018328654772690453
1861,-0.17650940927104541,0.020337597839061063,0.16336761447846998
1862,-0.012190382392883232,0.057061154613544975,-0.0004912246266268461
1863,0.0734298422238048,0.08384175461119808,0.06729806807652054
1864,0.02399872070849704,0.04395268786620097,0.028046738497164773
1865,0.12197943875514233,0.1830082075758862,0.04325833404362688
1866,0.017888662326219634,0.12445732002954546,0.20679499461664036
1867,-0.3148738977783443,0.007072475637293997,-0.02789699547487877
1868,0.15281826181848732,-0.03713162363482609,0.042297033943511676
1869,0.10574300229875376,0.16880739087106136,0.06142683141835826
1870,-0.0713733894457847,0.09860987418173635,0.056016879278738635
1871,-0.21785175409031157,0.02633744230958102,0.03391873417225734
1872,0.0422440442219689,0.14966088974472336,-0.03205161776649236
1873,0.15139741502298848,0.1430147147913766,0.06826703601156758
1874,0.07739281344243967,0.04086731148128384,0.0005278744033491087
1875,0.19172308622848447,0.05344457287451518,0.00651913373593761
1876,0.2300752127023781,0.03924633701040027,0.019867317575388274
1877,-0.05466282991891873,0.017708931907129587,0.050281031321541506
1878,0.009193958426847712,-0.33771616421752093,0.1577571952989636
1879,0.04437226645512469,0.10757703976954869,-0.38398125369759306
1880,0.1552708114428103,0.0875758223988832,-0.03373407513295719
1881,0.1927594135773512,0.07153496798393814,0.04547768009379021
1882,0.05996741255918932,0.10504068968094225,0.02036711104003673
1883,-0.07983444715524592,0.05996699547622728,0.09655357967929451
1884,0.12954140384923826,0.15084684584980335,0.027401431386238673
1885,0.26247089918446476,0.055775810801749454,0.026003568087275875
1886,0.0436144518725982,0.13419735994615783,0.06678386267897071
1887,0.11829429714580704,0.0738941868602846,-0.10637988587897766
1888,-0.02794347702611176,0.05040118722944751,0.0938939844190406
1889,0.10585472704530773,0.007237506372376301,0.25660131102242467
1890,0.06160464574247524,0.11029383445276837,0.037046618766774314
1891,0.1607411390467638,0.17165252742281475,0.38540306215157494
1892,0.00785771205109357,0.14499584603341237,-0.006115852976331347
1893,0.04987782376132094,0.032916868419950056,0.1778009535814467
1894,0.043653166440467184,0.14290673299611184,0.0797527026436651
1895,-0.027701457084318194,0.05388522996730264,0.1302334877704112
1896,0.06073469194306479,0.16990447153693433,0.052762940710893685
1897,0.41929455738343213,0.0658554170320047,0.06184497799132366
1898,0.39394827574485647,0.021951669059779536,0.0741364905581575
1899,0.03973627907583653,0.0786077350229765,0.052878176751708465
1900,0.08514263949510435,0.08565130024194792,0.0017888821109379033
1901,0.1730836662915849,0.0705438449648665,0.08509646443974885
1902,0.1395290519513096,0.14343486974489267,0.114246900828199
1903,-0.07872138557004368,0.1962221711357158,0.012387410962972403
1904,-0.0936563047488437,0.06259578336686936,0.043907246151603116
1905,0.01772724807297632,0.07639666317526173,0.02892098920374733
1906,-0.022616850544128514,0.02200755185541401,0.09059608682096545
1907,0.08833519687415266,0.156216881289512,0.11381595843317754
1908,-0.0018250097909678145,0.1781383255028639,0.09837936007051962
1909,-0.014391477787483314,0.0008243956609524927,-0.0936207716435025
1910,-0.008288514820940479,0.030157902056664087,0.07634020663644636
1911,0.046090571965039205,0.1946976773055267,0.246463083794866
1912,-0.05693737375613882,0.11172926394323535,0.17345688839135384
1913,-0.04844274021888306,-0.17570132525881296,0.045369921464726404
1914,0.0598465192412885,0.007449772936264898,0.11893466396822984
1915,0.14310107718363108,0.07265577289653453,-0.08458570221783372
1916,-0.05289364855898171,0.18071383067296387,0.09237309153771402
1917,0.04334357476695846,0.015447347749978801,0.07095380897279156
1918,0.10750071005394732,0.02693611204832316,0.0015034295721204696
1919,-0.10939399319463976,0.09972432469013856,0.07277323862505168
1920,-0.06216380598210569,0.031124058036750536,0.10840459071864478
1921,0.023864914282380235,0.14091934911823015,-0.0008147910394917593
1922,-0.0518132346389434,0.002682729728132993,0.13095942037775615
1923,-0.005364280468669158,0.05205019739394517,0.0
1924,0.043614429841271875,0.13990274495819707,-0.21397418046030023
1925,0.015191866326344686,0.0018407559298270204,0.06407218200119758
1926,-0.037075072065510944,0.09741026799241276,0.08970342736141795
1927,-0.07383989258279375,0.0823258972216116,0.04822119732570078
1928,-0.1060670177529482,0.18531554752217103,-0.008422181357727924
1929,-0.05525900199853616,0.08180549950858339,0.09203283899315455
1930,0.18761227152534543,0.11031586251322928,0.14974756802294376
1931,-0.021856469924336333,0.07672821156589225,0.018756685209659927
1932,-0.02540160835848712,0.15731836655026324,-0.046790530514481926
1933,-0.04594769480532482,0.012804455738157673,0.13883789435348298
1934,0.011349575251940922,0.07488002610065114,-0.14403904468986664
1935,0.050441978170952834,0.1292626962820259,0.07370356143548318
1936,0.044909436991059974,0.029345547807718565,0.0356099012349843
1937,0.019016516015816387,-0.0201197643771258,-0.3332923181392447
1938,0.03684157015776397,0.06624825098334888,0.09016959868789681
1939,0.03640616050066764,0.00807264404772523,0.11519446844302034
1940,-0.06445850735851176,0.07507679744445771,0.1530187962733088
1941,0.06573773708672877,0.048744938185901136,0.07652811223489663
1942,0.05418118747170603,0.016231881443820508,0.1233023666594962
1943,0.016179901278070077,0.13446653936041605,0.10958437468492553
1944,-0.07390395249569576,0.03588326338062644,0.043838061919079935
1945,0.022204260185973414,0.09415835734908651,-0.028538123081551375
1946,0.039764990728732616,0.07196252961146217,0.04517755186365757
1947,-0.0965216987679293,0.08024460642766283,0.1048641250671531
1948,0.06696487041185928,0.1831559577553964,-0.025980016742495365
1949,0.29031679629759644,0.0288679335462156,0.05146778211265492
1950,0.0055487761152379494,0.0837633170838962,0.02695183196099181
1951,0.01456494577814634,0.07593563337764721,0.05342388158976777
1952,0.09627131046473864,0.12069886416208889,0.12694676337693675
1953,0.08746582768675651,0.1791159722560477,0.009930146280483651
1954,0.24612983284848552,0.06104652043861152,0.0009394443713536815
1955,0.0053176486128240705,0.07894946101138861,0.13017743912341423
1956,0.018257519664371176,0.049352724323514986,0.08921529229482145
1957,-0.007586001524666222,0.15172801806678576,0.1732254275434681
1958,-0.0030912583615782113,0.008128660242308258,0.054517538249549746
1959,0.06684729808006085,0.18887562374162398,-0.011543476907205578
1960,0.03339647751895959,0.08931657373041027,0.054808382360334376
1961,0.03513051526308572,0.014852284539876838,0.021035503116586713
1962,0.13083442997944156,0.09473750272213542,0.011498219881667597
1963,-0.0028191374287649187,0.18741103196430187,0.04073565809654632
1964,-0.01782232627967023,0.13541157721476313,0.08910356445782809
1965,-0.12860778233077652,0.07691295255171089,0.09313168940099463
1966,0.13115650490398506,0.10246330905261106,0.08021113080451528
1967,0.16917316335994043,0.16179882459594752,0.10302383350820639
1968,0.062302754074818056,0.1641763792645622,0.042033167445908806
1969,-0.09510730164137372,0.16846479395166503,0.0630322869879278
1970,0.08570537270503974,0.18212426345422236,0.06027343986887786
1971,0.0599080879135769,0.07992920469686929,0.12276783484521467
1972,0.0023927608024155306,0.015068999944460315,0.03378923970556395
1973,-0.002516783228232178,0.16740421427226962,0.05972732660254886
1974,0.09894903457573885,0.01660251601006286,0.03634477692494853
1975,0.08008892062462289,0.04069895660033765,0.00017431084838375605
1976,0.04558846810300307,0.264450860998947,0.13303595837360604
1977,0.0379486522296782,0.00410521883569297,0.07251879694936783
1978,-0.05497735584266683,0.04682553139298944,0.048366394339635896
1979,0.07305582082057475,0.08277782276448012,0.044784728828588985
1980,-0.020763164533176656,0.09153708932212808,-0.15925447779785168
1981,-0.062041029973993314,0.1710876986871422,-0.030138216368758672
1982,0.23431984996570823,0.014464327273559573,0.009532467052796919
1983,0.03992930615113381,0.09333898825240261,-0.06661451608185401
1984,0.0033179834029194374,0.008168584172106974,0.013709485973462901
1985,0.45878143956650563,0.08356982621240423,0.03757479731840372
1986,-0.0840715964572677,0.06454417827217772,-0.3449819456867743
1987,-0.0026059744376086755,0.03301702245326665,0.07448380980334776
1988,0.14375533620873016,0.04924507607284308,0.03913366756949831
1989,0.02715502174793101,0.07701746920084923,0.08819623005806912
1990,0.09588924297819028,3.231033390440619e-05,0.04569402520238445
1991,0.08682302823059607,0.13520218580665463,0.05375850659000665
1992,0.027472314483336965,0.1639263952536403,-0.12301900296557791
1993,-0.06600634333428115,0.09369634304621369,0.08611273213052774
1994,0.12463244978963132,0.17693986013093535,-0.05962760229948566
1995,0.11796896450047535,0.044805444365831296,0.003104507314732906
1996,0.06911440162571209,0.06964711020288297,0.09237304299982327
1997,0.326563712112938,0.062354307642567997,0.057080416029878116
1998,0.1354292716672325,0.03962682900839687,0.016314941636488545
1999,0.03637019095171702,0.07498165857997323,0.011957870258450083
2000,0.1197649376599438,0.17291969076208552,0.08560363896775156
2001,0.1692076264937983,0.04018173982413831,0.13359065555322883
2002,0.029305419185660556,0.05197618636532704,0.06071147937248039
2003,0.10070303822055708,0.1439798930345116,0.0031710741031958645
2004,0.06714150222901533,0.1226953070568717,0.03136485311209889
2005,0.09468961179839643,0.08881057080348226,0.023863158087391284
2006,0.038269960853918136,0.18277281264554715,0.0700077784144344
2007,-0.1179758767074317,0.09464673139405007,0.30382431642655267
2008,0.09366334488542967,0.12377659793534253,0.020004436577111026
2009,0.36649060337545014,0.01695378653427535,0.05407570155860428
2010,0.0006097825270069412,0.09817825569212815,0.028353861152901155
2011,0.04349068769979354,0.16940969215419727,-0.023562547741432044
2012,-0.029152320324448408,0.06303399214449223,-0.05798287984404489
2013,0.03254597045641745,0.04469830189270259,0.008645058019844318
2014,-0.0010243503667502,0.19419086516296166,0.14300052275768638
2015,0.10713232543578277,0.09313278591348342,-0.1278202155649284
2016,-0.025491429044141155,0.03461252663959591,0.3537638107113016
2017,0.1469803321623036,0.09789246272385033,0.039425147782747416
2018,-0.022147100896937624,0.07969280798384021,0.03264700532449975
2019,0.2047835574319858,0.07618690674013184,0.001836152877916908
2020,0.06970642145740841,-0.019774654204267744,0.2745001959340674
2021,-0.0675837968179186,0.06766722787842061,0.09020280557141591
2022,0.08884556599587097,0.07870934182002645,-0.08925715083346121
2023,0.011548828423457324,0.034216308344241234,-0.0254684099117089
2024,-0.06206984389718713,0.15055534471226678,0.07031463566437815
2025,0.08311805834873925,0.0854512901621454,0.06315644607520363
2026,-0.04555214024109645,0.45438678199964544,0.05072417517796713
2027,0.009260939313040527,0.15633281896959972,0.04450722927425407
2028,0.07587535455806664,0.11293907006713291,0.07097279371263608
2029,0.021927709862503614,0.035057230630879156,0.020758109860631514
2030,0.09267011150882443,0.05434305709215784,0.10776866596189878
2031,-0.05060074653774535,0.0955864786889711,-0.10544693591498173
2032,-0.0275241316857522,0.009607933550542925,0.14064279717714614
2033,0.07226546110852902,0.09097090017344117,0.03421004508144945
2034,0.0035520336762036794,0.05789675656829714,0.015815329898392065
2035,0.19717384923951953,0.03377320704965774,0.06850868653292122
2036,0.09531057426746653,0.06761680460361814,0.07189683569037622
2037,0.10625637331496071,0.14874863689662296,0.024871569544981556
2038,-0.0039659603853298975,0.09792516899731153,0.04186813188942518
2039,-0.010851417636051477,0.18730791189089252,0.1948074217222931
2040,-0.003357967909794611,0.023910539031702108,-0.12140348462179097
2041,0.13291305671347098,0.15689659414748414,-0.040196272404654954
2042,0.043882841766262976,0.01832356548057974,0.15081773866981962
2043,0.072834782323612,0.18867381001048666,0.20453981977567443
2044,0.014925725915682544,0.06616237479247229,0.048113232228647315
2045,0.1523200531953285,0.0012460230381960093,-0.048770994331888404
2046,0.1847747958815874,0.1712729104585002,0.03968686193170791
2047,0.10807051931976158,0.12846877333376874,0.016050869189261477
2048,0.10055301545736901,0.1776311281608891,0.06845039583019788
2049,-0.02627239588704955,0.02599027639636278,0.0938419284762269
2050,0.10459062684462589,0.06771994511510311,0.007099386316974279
2051,-0.04794959424263051,0.09341857332078768,0.045739541226658575
2052,0.014010605910077717,0.1816804545098744,0.051461979955435506
2053,0.18013044459661867,0.16992238024437,0.04741117909476264
2054,0.08120657839428719,0.07483914634631132,0.052704072140414567
2055,0.15781833683874513,0.04161968467288122,-0.0272405983823079
2056,0.0487565290894334,0.1011124597620141,0.0
2057,0.14825457014412619,0.12032010301686631,-0.023894619449624982
2058,-0.08740884624633667,0.04484980307451236,0.049398421640567264
2059,0.050276588495485934,0.06821872790786879,0.03116725635564007
2060,-0.2614206776632952,0.07461885155143898,0.08063673064825919
2061,0.0013735240316436583,-0.10054339985302341,0.067260733686545
2062,0.15334683643662725,0.10347781412792599,0.09599479945640943
2063,0.01888881472100369,0.05753054076687467,-0.06779443598944003
2064,0.016109800990283852,0.056298826594303276,0.26775744571206034
2065,0.07305602823725804,-0.01812299847845543,0.0641029138820794
2066,0.10362783762026814,0.005511018556803627,0.013281561075906674
2067,0.24890396773774107,-0.07636369276537851,0.08491775751623429
2068,0.054639688378890314,0.01367715633327542,0.06434438528414396
2069,-0.085409234825692,0.10219409001124086,0.12074101393778933
2070,0.055242297719956326,0.0372112598222673,-0.12310730233484739
2071,0.07002920511621702,-0.26378569497417836,0.13165933710377617
2072,0.08212703141977132,0.13273769336213626,0.03230223508137476
2073,0.11375737574188122,0.09753288928024835,-0.08052981490908785
2074,-0.10776466515347272,0.08226887646478127,0.13151683879674894
2075,0.079530472641698,0.06961435120092495,0.0742739574323599
2076,-0.03727380758158658,0.008766953612039052,-0.043921582347287394
2077,0.02566252881345728,0.10310879955314377,0.06887902192226565
2078,0.0985854090049223,0.14557867206591035,0.08193559352519661
2079,0.1252311008471546,0.05110095913812236,0.09902005372270024
2080,-0.01985860499218127,0.03158072724500338,0.3574711323436905
2081,0.10202480698152927,0.1783801136299721,0.03862759914869011
2082,0.1821417008158489,0.1972513411347004,0.053275333784625435
2083,0.042372960152826475,0.07522798651718539,0.05225680601246293
2084,0.1581214051634718,0.02594554155394431,0.03191188138711057
2085,-0.031244304504566528,0.12408414083777981,0.046754770394775845
2086,0.034495420606700584,0.0052908522662334185,0.0009502211784987493
2087,0.045142789972283125,0.16050835543639197,0.05159113795496495
2088,0.1443108500773797,0.05498780683745948,0.05033169169172727
2089,0.1381796958505223,0.05990773682830049,0.038962605414119056
2090,0.16105259449752274,0.1830484103820812,-0.06573725472757255
2091,0.06082275670181386,0.048154967781720154,0.0023421429100142013
2092,-0.040048706840765905,0.1995770935140112,0.12065349614607618
2093,0.045508101396708946,0.19318025645912829,-0.008715656875519284
2094,0.09803415964426676,0.1572360046463054,-0.023836653735895663
2095,-0.004180149486870931,0.0025908874656744713,0.02165559283345032
2096,0.047352437858978504,0.12719306625706053,0.032668329866079426
2097,0.05270066450089635,-0.04216016726119681,-0.010742771367373763
2098,0.0903135362694813,0.11844587485374847,-0.011209678623906122
2099,0.15768555346159424,0.10104418005253113,0.06125191387941168
2100,-0.045392377863893704,0.08165918970473207,0.07618250014084586
2101,-0.03915941467886776,0.15999807244961803,0.14757261532841476
2102,0.2367996553899292,0.094255853942043,0.012797511974351706
2103,0.03142354495586537,0.13887338614048947,0.11330569132211044
2104,0.15906629815268614,0.14395920062670722,-0.16107924290200973
2105,-0.060676232943248594,-0.030133982182177065,0.10662608621852931
2106,0.09468174788398648,0.10873028880181466,0.04191186400968
2107,0.04032215680168254,0.12086723752493884,0.058586470755867
2108,-0.03167645851958248,0.1554667034823299,-0.07126495989172744
2109,0.08969805144570366,0.150891302569358,-0.015393568519348047
2110,0.22148503876778822,0.1625553289585568,0.06712866108363921
2111,0.07548818189821757,0.022114856115894633,0.03431124176678533
2112,0.09656620461947035,0.03032542209658642,0.0189427818433994
2113,-0.00339754207173381,0.0054848722819508255,0.07351441572058547
2114,0.07226400050560558,0.04673588408550122,0.10070975123849027
2115,0.027568961668239855,0.03885955606071041,0.061435973079012524
2116,0.08257073121831732,0.12790396682544564,-0.04256143223045823
2117,0.12472922236819955,0.18879781529336367,0.12369376318105427
2118,-0.020403107608528856,0.18966224179348254,0.13677148779540207
2119,0.034551014468914454,0.03550340529751055,0.09126644704294362
2120,0.059701094263989486,0.12412239919998816,0.012674293061903305
2121,0.009540870137529148,0.08017483276477791,0.054395604269254945
2122,-0.09340716678122472,0.15536879028925873,0.10211309698217347
2123,0.09590842499692045,0.04742462026896604,0.09326912425662229
2124,0.08508340185312455,0.15134782833066562,0.03650036507667141
2125,0.1082495822941395,0.06223409381179393,-0.04619206896501307
2126,0.02231808635926018,0.17169945929870686,0.11110658917030972
2127,-0.011644097118671648,0.14024565632642974,-0.0946142251498742
2128,-0.0001543842116070518,0.11292958370796223,0.08717786089114177
2129,0.09796195621718581,0.07354611661771852,0.10536349633154393
2130,0.11770749491438097,0.032701670443883904,0.05698347109574936
2131,-0.02470803852824316,0.025557880981731042,0.11487438535259493
2132,-0.11249911579405855,0.043126702765220105,0.02125963449952939
2133,0.030778996821416656,0.0354267551038957,0.03852317580919591
2134,0.18148943725902356,0.09168960691599255,-0.06664855426063156
2135,0.11589927236468178,0.039450354151533064,-0.028521531673599165
2136,0.18763430614333165,0.06542455569572118,0.1038851535115547
2137,0.016894932133400722,0.2513745663618841,0.053373675721783934
2138,0.1404532835303445,0.14630378325644305,0.04186195748699988
2139,0.0942898192157599,-0.012432533994753544,-0.03887249187443859
2140,0.13556160128562983,0.07501178742924074,0.10232954690826289
2141,0.06709627881230845,0.07105913570905283,0.1197238562240749
2142,0.06369621360860042,0.11670188130040487,0.19045180430191255
2143,0.24902270724679873,0.2653811966275727,0.05047754838547157
2144,0.06973636153919907,0.1739962116221849,0.17939687684127792
2145,0.030364975376913725,0.029643477456820923,0.06838628799026202
2146,0.08248617024374733,0.1773761103549874,0.085571556412651
2147,0.044452495700419176,0.03760541839093643,0.11729375306478866
2148,-0.05023353550370299,0.0552407714645665,-0.07340242274930592
2149,-0.1749716577748312,0.026506517680349905,-0.08725379137466474
2150,0.2196425223124247,0.09984697107019054,0.06041868950529221
2151,0.0757602562829802,0.06293296852975726,0.008985179392083348
2152,0.054010331513613195,0.1892098000374267,0.11361984489659005
2153,-0.06373503463093064,0.19950434566572586,0.09580178192887381
2154,0.04609163251725391,0.06588968200782844,0.12491780358525668
2155,0.11097136481600231,-0.06389041603205967,0.04877493011899571
2156,0.024479904049853816,0.04090186458085785,0.1550390804029035
2157,0.014151399891762916,0.16321204667719885,0.056207754214916056
2158,0.06481637486479626,0.09924567115245904,0.2505372142227905
2159,0.1464749148872871,0.055327359549127736,0.020018189718411898
2160,-0.023555237954600114,0.12689778463584075,0.07819110482985736
2161,0.043699098973234984,0.12198268741311738,-0.1410393696846367
2162,0.028063293561690645,0.199350340671152,0.11546120662097405
2163,0.03953727367392357,0.028402303094576767,0.39706970453435797
2164,0.17258083423007606,0.016155732507281886,0.06459426031384942
2165,0.013589339461018514,0.19853141787990575,0.04719824057507318
2166,-0.05198306300785041,0.0930178388579658,-0.11940807930880812
2167,0.0711310563539221,0.08027063816389433,-0.04655418009939809
2168,0.10672038559978106,0.1642712824962895,-0.01646619642544249
2169,-0.10659322407030507,0.03772312503914624,0.08958460139817649
2170,0.004407569024896411,0.007469041351504591,0.13926104468890327
2171,0.11251740526997099,0.11603009452980684,-0.03244223236373178
2172,0.037136334420262776,0.026742412360024215,0.14265607753925943
2173,0.13502628426471688,0.006297320903903048,0.04682254769524809
2174,-0.06862524637425235,0.23845045178564356,0.007169097287330832
2175,-0.039367770580733416,0.06245835688796038,0.04728992748419285
2176,0.08705817057929617,0.0898259017417562,0.044033556000447525
2177,-0.16342052893400713,0.05198855492179984,0.005425537092254573
2178,0.137690909029253,0.03734234340992686,0.04391423514029727
2179,-0.13406990873995808,0.12937434412084262,0.08713161264614405
2180,0.010191799572264966,0.14568859371243145,0.15136742062823605
2181,-0.018644311840491076,0.10712388328387437,0.0897416982106949
2182,0.022251974582894896,0.07474429388037761,-0.11852513238303287
2183,0.11553291888718215,0.12884233352381944,0.09877399996147
2184,0.09018363523100197,0.10790744568884081,0.02604498878205881
2185,-0.19934107844748017,0.05059477210076351,0.020978451073509492
2186,0.0855721940516566,6.639160297139401e-05,0.04868233535206141
2187,0.04304430379766169,0.171570782453604,0.07885920683568642
2188,0.07160504440194763,0.021320916156986332,-0.016167098485340658
2189,0.08331672433399509,0.11665861225335819,0.009048884211094677
2190,-0.015028743292977584,0.00026105046087545605,0.07556374646814283
2191,-0.12371070569914047,0.0622988541508194,-0.005704650787927833
2192,0.0017826095904216535,0.05900967908488511,0.09941542341452056
2193,-0.05440440818612559,0.06738891963363414,-0.013288199300124315
2194,0.014268372209227179,0.1105743664965741,0.14191618378213172
2195,0.12916350681197003,0.017038684312785348,0.023222275861387268
2196,0.29773237421492843,0.10236744306678143,0.056027870516486014
2197,0.09219206658629683,-0.43090249835762146,0.09049237427780156
2198,-0.021096957644841915,0.025930601897953487,0.03054621763408725
2199,0.10573421711440012,0.12108665444621836,-0.05817747620127371
2200,0.22423109809724573,0.07031683621506853,-0.19049165611177002
2201,0.03353376497451569,0.03580053956439779,0.04519194794245785
2202,0.10634476234098252,0.2437500183613364,0.15648155643993023
2203,0.06717610398097783,0.016079306930628402,0.011181101508858309
2204,0.04595820721213706,0.06324651106136599,0.07673559669433103
2205,-0.018511848218852628,0.12534786450482915,0.14450332132482818
2206,0.05173302452966166,0.15457524231420347,0.030071526644904752
2207,0.11690235877562245,0.18025648654990667,-0.047916085121178564
2208,0.02052210098779288,0.020324722851160555,0.07479172019392771
2209,0.018364065268605158,-0.18057044901125288,-0.059566347924805765
2210,0.034600883596514156,0.05443723819042848,0.027481922180787193
2211,0.04824908637570213,0.1370334318522052,0.0718762631659228
2212,0.06656134535981492,0.18401529003231298,0.04925528619112832
2213,0.09019369937965721,0.02439613773020788,0.04858100499035695
2214,-0.05762937726025413,0.07100563380309684,0.13627395011005916
2215,0.028497822969884606,0.17606257623326965,0.0024530341454195373
2216,0.09209167779687458,0.07697258472146327,0.03144637217674702
2217,0.23960332838806286,0.0137246988031285,0.005204362575643537
2218,0.18239176696557574,0.08900730158521825,0.05228383868538146
2219,0.15349677376688445,0.1440145406863509,-0.01011381247512897
2220,0.004591499455574181,0.14447986451544215,-0.18065605430158743
2221,0.3433642896399395,0.044391921069216536,0.01229044223108533
2222,0.08346965033224857,0.0733705406849731,0.12759575085251285
2223,-0.08474759076826648,0.0374335808749646,0.03824882791458329
2224,0.052389184405035726,0.13709576635039547,0.06095389338970132
2225,0.12191658616947991,0.016005542498354886,0.08284985845969385
2226,-0.017171600492470282,0.13449969903429815,0.06047467315285265
2227,0.121942222563598,0.08254423398037003,0.04045248881710857
2228,0.1978734764025163,0.0971924672518219,0.09021082327271751
2229,0.35278561834389954,0.16222341031254728,0.014837001428026825
2230,0.023826586000523387,0.06302126250438589,0.1436116899323546
2231,0.05384462557690804,0.047463102248967416,-0.35519745386911566
2232,0.019477464193732322,0.10961805824088443,0.0893724424549577
2233,0.03072391188272127,0.13923199399128317,0.23384200215554773
2234,-0.02877634768527558,0.008134660439296516,0.048716663663380594
2235,0.22722890593922762,0.06163746558264101,0.07490256338805307
2236,-0.009228794784315042,0.13400305425807016,-0.0764535959275937
2237,0.16899009699503492,0.09009069510271371,0.04078969552797177
2238,-0.014348421295216587,0.05291585057703829,0.022668775471226893
2239,-0.06633551544223504,0.014937377227817673,0.0002301289251607705
2240,0.032512312406573915,0.10485243529014768,-0.1310350919966552
2241,-0.08737237976502955,0.16878930279241924,0.04758398131556804
2242,0.14720612513519038,0.028882060075978978,-0.07055419480519134
2243,0.1954514406823436,0.06798311674635185,0.10511228994222498
2244,0.08088746930669806,0.0685830213158884,-0.035637450752383365
2245,0.2823287569047771,0.0866926861225471,0.05413725141520853
2246,0.0878309260604993,0.020460900657364008,0.08273661000219974
2247,0.10814071587072215,0.012035424981609456,0.045815115031771284
2248,0.2241471796601246,0.07905279197159394,0.06674071334883368
2249,0.257907977899195,0.10082800632235167,0.03300027906168018
2250,0.16093409563548944,0.17329552023767203,0.1421524371005019
2251,0.069836471633178,0.06603743043743594,0.0687583268073659
2252,0.12992489006403954,0.057039114090915104,0.1499290702233046
2253,0.3296459866778383,0.031463167311380956,0.08436582165300882
2254,0.1617312987481836,0.08967943273979308,0.03311908143009492
2255,0.4849211766062024,0.05489519619595267,0.06705293615384865
2256,-0.07185204363546514,0.13605589414336292,0.05624785177612099
2257,0.22852727765429803,0.03658507871446544,0.02613967175326798
2258,-0.022324257583180213,0.012825714830501645,0.02480560470386113
2259,0.006155428295097035,0.08152581592389811,0.09981654995375654
2260,0.10487844630006521,0.02540442845692283,0.13927845731896507
2261,0.10163050907514819,0.026031193154766596,0.04326133587896916
2262,0.13264834944155315,0.01772008173222277,0.023772917528871697
2263,0.1847952636205965,0.04973277742396682,0.042040592440829916
2264,0.12515810817364503,-0.05172121835209495,0.1593933726977278
2265,-0.034027508468546463,0.028860637862671713,0.07663085049379838
2266,0.39280088215832065,0.027263825022202516,0.0672333183267462
2267,0.22424070800840845,0.03465116237665714,0.0075237581611824035
2268,-0.03150254382229811,0.17805038734315684,0.039373556568342925
2269,0.09819117637575264,0.039607233470030145,0.03446091231681769
2270,-0.10581516151452819,0.018078338502518745,0.06167184288105396
2271,0.19138100449224654,0.0971374817426073,0.1218424963082166
2272,-0.05168111848126741,0.12417501460420383,-0.012524512637174134
2273,0.07847481728620768,0.007028742486418416,0.054942306921006906
2274,-0.0924201554453459,0.06140849428742554,0.04665943836871507
2275,0.0630068455782757,0.04799858894867603,0.03731586482873241
2276,0.005665598484124318,0.015489755271590723,0.06776958888975816
2277,0.4074131631965475,0.0002927467475897561,0.05442810819034197
2278,0.015993188309750772,0.05653946371761973,0.34333596614710804
2279,0.131117919499221,0.022901462789319618,0.044592551824728245
2280,0.1262394337941625,0.017128646997747143,0.06766417800954756
2281,0.11618352294823744,0.030198870244382937,0.018760038108327527
2282,-0.18294613163156095,0.049206094003333124,0.004123440447528948
2283,-0.3163484241800576,0.1511855249564918,0.0636007660058435
2284,0.16872675575957197,0.049199306872019954,0.1598150387813316
2285,0.12751552551564552,0.14903896130088465,0.06719293352047535
2286,-0.03709738154298867,0.0510212068494242,0.09897093157061147
2287,0.1354011511884116,0.05614289356234181,0.05304048222734296
2288,0.013853801173066574,0.03450038500268889,0.008272946252626067
2289,0.07473785633923033,0.059745783950926806,0.00033626099317149997
2290,0.16434717356046535,0.05150278025639585,0.022031587972990364
2291,-0.14904517570808404,-0.40661269695057917,0.087720021652578
2292,0.18877348875959063,0.041125320265166354,0.061229288341324996
2293,0.06368677657192494,-0.08375619863081356,0.2417873471473103
2294,-0.14765621289467443,0.025334856759768234,0.03231417828407507
2295,0.00905889430542503,0.0534975917411157,0.029170159853285083
2296,0.10007869214304091,0.07885178215129479,0.1183149758257713
2297,0.2750630353126621,0.019251202899492836,0.05889783029454272
2298,-0.039382496001692885,0.08921891880875457,-0.35430710129588805
2299,0.21109263487092172,0.04706879590312799,0.0158156145090112
2300,-0.03498190193196604,0.12028853510994608,0.1784243309116963
2301,-0.06922598025520779,0.03131414691200748,0.01880590101184795
2302,0.24865268075309013,0.0280610556870077,0.074596974984165
2303,0.1123301345916375,0.09373584935328053,-0.17494820334516345
2304,0.3093192350299562,0.06438660612547242,0.03259335112207682
2305,0.02236090608237844,0.00450783210323924,0.04220509960114689
2306,0.05863031523845929,0.06722991073271416,0.01838709603939359
2307,0.20851230786350775,0.07647320792597799,-0.2082551800434577
2308,-0.20968003956940548,0.03232129368817802,-0.15183165238684826
2309,0.06367871312638565,0.0631746138763699,0.099756387103786
2310,-0.033657893809664774,0.06787023601342022,0.02808136666981378
2311,-0.10527677803267646,0.12431473938352121,0.06749998689108365
2312,0.21168730780627143,0.03495210926845945,0.0838584391795244
2313,0.02759603142681042,0.01868820181064651,0.09460975186292693
2314,-0.05562293707628033,0.07992011588165025,0.09407622831825217
2315,0.02188503917419969,-0.06455498984487403,0.10547483178989725
2316,0.10497918484287772,0.01019406927799056,0.05170213188712928
2317,0.0917209996144094,0.04899123773845543,0.023230699471181428
2318,0.14026314631590436,0.05198481761069521,0.023397583325770622
2319,-0.0510950639809149,0.16483470921153753,-0.051239404954864426
2320,0.1706732248062079,0.13101451520965945,0.05840909266700234
2321,-0.06400090343447709,0.019607790600012134,0.05112801175480378
2322,-0.011024623654934354,0.0067489202987567444,0.047452201317200265
2323,0.08261731930343691,0.04526405153796636,0.0844493800636218
2324,0.05608563657639857,0.03637080965043049,0.03749244108518422
2325,0.09720380819468834,0.053873452450402426,0.09674893867628905
2326,-0.05839984685517771,0.015237340675973033,0.012123765896786065
2327,0.23119244320986204,0.056405023772165525,0.08738144509224999
2328,0.16795459550601677,0.023613731818976403,0.061305109787943804
2329,0.19801639296943205,0.09760913761251039,-0.22791787806073113
2330,-0.08186931493270172,0.019497496408319104,0.051861708129275666
2331,0.09175788154328093,0.11140228599832729,0.12815529678338944
2332,0.048034444143977374,0.07823106391752763,0.045309964018691806
2333,0.012061198428002233,0.046343265201019675,0.060804052693855665
2334,-0.09246634708085516,0.08875740694875785,0.03343126985663878
2335,0.0049743375657065325,0.0827759328881251,0.06675453557158137
2336,0.06550005216850613,0.010405222832594374,-0.175468029495545
2337,0.06117559997660339,0.09514153659246749,0.022594238933502465
2338,0.28986865749626045,0.04912890011293123,0.01513152981163184
2339,-0.11865812579619064,0.04615188143991488,0.0492317258443344
2340,0.03300867970852826,0.08054675328592127,0.19905937982797345
2341,-0.020145209841030118,0.09468867546501054,0.0866290855013587
2342,-0.09792978162784816,0.06955602040870547,0.16105388581847244
2343,0.20686703831075848,0.016210055985721762,-0.011593940056077577
2344,0.052469193975128864,0.005385515574637967,0.042136940278369374
2345,0.02567034323659248,0.09226578472869951,0.03421775588336764
2346,0.29001930608845095,0.04335097767552418,0.09281972069949665
2347,0.0012185183270552319,0.00089826356366427,0.07847092689373324
2348,0.27826452357491344,0.0034283996549181795,0.08675995886068905
2349,0.12792974716619274,0.08915321589472808,0.010314960268171504
2350,0.15329300656597328,0.04419987561543845,0.025453569690993296
2351,0.08949835542642798,0.04156082743521179,0.08562191781842354
2352,-0.1664384115949505,0.06669097796801508,0.05615725307262455
2353,0.19479678963226554,0.054394310163925874,0.049589462245778995
2354,0.028753969931038632,0.17119273270345167,0.01656198878840453
2355,0.08154245011436971,0.008743185134158803,0.045979237452762715
2356,0.12357610440407613,0.08265984301698802,0.09055659406484876
2357,0.1652512503377696,0.05184181301467721,0.01752261072464457
2358,0.07672075327919213,0.011938330177090851,0.04233387602279795
2359,-0.011674423300416861,0.08830480047599959,0.06015026604071464
2360,0.2475098906627217,0.04135671320267607,0.0897894722727241
2361,0.05351382066950447,0.09013169941550771,0.023909657795842334
2362,0.09382976990132624,0.08032965803603723,0.07482026645756933
2363,-0.06953343038704876,0.0755106770838595,0.0262330434400278
2364,0.2005901863865876,0.06637830448527071,0.043122619128829046
2365,-0.19572183870136678,0.06819761196330916,0.005732316468904076
2366,-0.11408486534882442,0.09895341163916319,0.08593723653032012
2367,0.07614814121983694,0.022749437235041928,0.03729198468879517
2368,0.038616925684274696,0.19272157342949348,-0.10737394720822957
2369,0.2576802775105971,0.057274048574661084,0.05429873718462688
2370,0.11485987947648574,0.07331600970712204,0.05477039803792001
2371,0.1563069804511515,0.0658358430715836,0.03277461766151315
2372,0.030415768294728085,0.017871651617763523,0.07792018528607697
2373,0.13964044078201887,0.03914768484873038,0.0895411389653436
2374,0.05137449964621843,0.16721944192741656,0.0034001713164611147
2375,-0.007404026669080341,0.14420136509078152,0.0680918383103732
2376,0.07218528023378669,0.039486346955953926,0.00017894856762514996
2377,0.049414058066098436,0.06736300801592919,0.0771310960883468
2378,0.07351315274994326,0.07430716161128868,0.05581159324144572
2379,0.21113710314912362,0.050064304767891456,0.27947286652177217
2380,0.10162144904640025,0.01930516006344524,0.013257163763433645
2381,0.08469576250875385,0.12709585366548234,-0.04221177725565184
2382,0.07527076321856421,0.032989039063059826,0.08365401927721383
2383,0.11933834485304598,0.0727868586619841,0.010562366365981235
2384,0.2760659037017258,0.0849861306482374,0.08621340464857355
2385,0.3598168920762229,0.0007807764412365082,0.06446773106259861
2386,0.26571315946619334,0.04220007755863281,0.0796864832670125
2387,0.019577088845482565,-0.021628584977346724,0.012561730173347892
2388,0.09893674034021961,0.03268157955631581,0.04189922230786727
2389,0.0739790345587348,0.02135699368450259,0.034074452267209794
2390,0.07202344156080286,0.018243254997887415,0.09993069487230093
2391,-0.23086079723883726,0.07809168582673583,0.0508348405408873
2392,0.15548394872745414,0.03788174510614022,0.07927277882287802
2393,0.008302191912140003,0.011925063559865091,0.07560515881538828
2394,0.10866708963062158,0.0015108113121894196,0.029628664174966415
2395,0.11775003389183679,0.02647099381297663,0.05966428804626886
2396,0.26657449761892893,0.10319282026819664,0.026226473031284746
2397,0.08824895078833474,0.04777839790134182,0.02857533266408866
2398,0.04356738879398966,0.02892286163080673,0.03175700257241676
2399,0.04727044810557524,0.07945325626409024,0.011054408052940168
2400,0.18681807181649454,0.07079620484865548,0.062383854947878785
2401,0.3523150220970126,0.08197812535760765,-0.19107323299509882
2402,0.025798593108903468,0.06700759472793494,0.04738943548242753
2403,-0.13201344582396274,0.0927164681861109,0.0495542048901608
2404,0.41485765954334386,0.015819579470773892,0.0015754125169747946
2405,0.05208975177738974,0.09012282787641207,0.05092031586200703
2406,-0.13466545328642385,0.05995426366726875,0.07425394502253066
2407,0.5352052467912568,0.012471524119989811,0.0216763098283851
2408,0.10058570597493391,0.084280302783016,0.025560584450925516
2409,0.17714584303571226,0.0016316372036485728,0.05290434592366288
2410,0.22425761700385835,0.03220042360773081,0.03238534521258866
2411,-0.01564763948208342,0.05485982106448879,0.046284411821594096
2412,0.004230151057579623,0.07059721755710935,0.03944540351737267
2413,0.02751087661794689,-0.09177577429887057,0.13030203519225353
2414,0.07827700511938589,0.06909627138404115,0.05352217336298303
2415,0.1618791495952668,0.06459405923979593,0.29559353993507975
2416,-0.07985807177469298,0.08346163449612594,0.08326852090189575
2417,0.24879217432118925,0.031795300124494386,0.007739773136180206
2418,0.04032111957873398,0.05873114995262081,0.07453433007189775
2419,0.16375810803948576,0.09681473037517155,0.0723027093612556
2420,0.048909768315664855,0.04504039200861749,0.060182470887204596
2421,0.02483267571016544,0.07644534209301426,0.05265554525287716
2422,-0.20891790003372104,0.04735422885376442,0.0693356482858118
2423,0.019131983160497495,0.09308353282025728,0.09696819409834684
2424,0.04364736577574216,0.17148905010198023,0.09870385468872014
2425,-0.1092712381467505,0.07292279516023216,0.037229887599353584
2426,0.2832687432626211,0.08884181298770172,0.05763411944502794
2427,-9.190387752923412e-05,0.026347975241938937,0.04230073169691313
2428,-0.015199147121579118,0.047645157245373895,0.05454167923831883
2429,0.0912604588126306,0.02579970510120973,0.015595360533966249
2430,0.43352246762851876,0.06306116731851681,0.015761211302970392
2431,0.21325140416422667,0.07384905177844685,0.011794915217675006
2432,0.024664368621178708,0.0967131622319459,0.0467384932716011
2433,0.24123392527647944,0.09520431391617985,0.027256480885180803
2434,0.0943837291906325,0.003598896468736268,0.09616847478741652
2435,0.11220568473263265,0.060440190010129693,0.0799747225594958
2436,0.3227091877569924,0.04676814614887171,0.06685696038750888
2437,0.08855749802955355,0.018516991733341093,0.04122409981545751
2438,0.193903943335756,0.015370800158725462,0.0530211965447388
2439,0.13191510337087997,0.13834928779670913,0.08078511170290276
2440,0.09793147118500614,0.009959365644234865,0.05505296220638234
2441,0.1712552339420037,0.06960055850255009,0.07272735108771027
2442,0.08933718930498467,0.07611616090573224,0.07634379279006608
2443,0.3219358527562023,0.0056502784907910275,0.054693977002890894
2444,0.27053457116259594,0.06995324715210834,0.041000202731737025
2445,0.10195783389033361,0.06695938851408433,0.3445592343674095
2446,0.17121967723418907,0.03247411200124073,0.02752348859582426
2447,-0.010481925932626701,0.18421755137984747,0.014657012946919963
2448,-0.10769253675296869,0.04903700185188966,0.027542843643361417
2449,-0.04105913593199331,0.047752319251686715,0.06372482714639542
2450,-0.04759872570185514,0.046353347247886006,0.05441941380253971
2451,-0.07420262707396807,0.02873297231843832,0.03939206572685615
2452,0.3240008659670937,0.0008698801565160987,0.10788277752002187
2453,-0.08684159285872972,0.05304416230452894,0.07477799205736933
2454,0.11817814135792773,-0.09146214503248812,0.039163687358635464
2455,-0.10526733426188367,0.015228742661325368,0.03775555941060176
2456,0.2566281513768327,-0.10725287925098556,0.08857548896548517
2457,0.14918296699102362,0.025595434430638997,0.010062198347313301
2458,-0.16006927629638293,0.030682584379779998,0.08024555030461947
2459,-0.05470068480358575,0.021549538181597928,0.02063290379609203
2460,0.2171329105412816,0.10368306132045974,0.05294103100886735
2461,0.13069666338065258,0.0024530539248686437,0.07593563603209426
2462,0.031039749666639457,0.06390019333810806,0.04940219819433133
2463,0.1327859235292004,0.022107078395608683,0.061332538450062736
2464,0.027046598804589123,0.03792609866771597,0.0510003478640428
2465,0.049242943494559134,0.007620006201974339,0.274857683239971
2466,-0.08621779534305275,0.12752875029091,0.1602806689443904
2467,0.5081782094997396,0.024594007647218166,0.025613600365169853
2468,0.28471365910286306,0.0477182329877934,0.09977381786179068
2469,0.0406164631259152,0.09637359480849302,0.033017919799697315
2470,0.0005625117290272777,0.018687586092190886,0.06064754652420874
2471,0.17028867825331184,0.07492091355511281,0.09562976332331238
2472,0.2942887845036437,0.07824307225210468,0.06847873590652832
2473,-0.032092473416807585,0.13300233644762927,0.13620985845074438
2474,-0.03616014623878622,0.0483700372036652,0.004074500751833932
2475,0.1721450812030518,0.03169553801063607,0.0011724541852337956
2476,0.15244601618918951,0.09377427199099311,0.014716547572126471
2477,0.013394462863532894,0.016699349572503363,0.03156785905524401
2478,-0.1852228345402289,0.014560353271225035,0.0798160118537779
2479,0.1837069577487887,0.049533574539640635,0.45694532608889166
2480,0.14165607650053685,0.21687185653118296,0.06337328334046631
2481,0.036667695946746515,0.07696480134404345,0.1420705371539085
2482,-0.044408083012268146,0.0031314063892179836,0.07592331857791701
2483,0.33276393621376155,0.05081542364762464,-0.44004805697874383
2484,0.11914241763008815,0.024598337694323815,0.07636260580676518
2485,0.3024709837500958,0.06182998833317113,0.0812249758925006
2486,0.28210253852405864,0.01847741287103054,0.012037643209213522
2487,0.19313304463195596,0.056942729103700324,0.07241052318580161
2488,0.11462688559091955,0.09365890359022866,0.033623221358342115
2489,0.06639428918116272,0.05094679217009737,0.03635943880223924
2490,0.05138332823131023,0.03930464536721783,-0.05827995051876475
2491,0.15134567599808885,0.005383971365383456,0.06513276708154754
2492,0.11679620435806286,0.030247367034406027,0.07922120151694458
2493,-0.07207777037260765,0.04882298391846122,0.006309232750878047
2494,-0.1191156673409123,0.06129409086390053,0.06752321477029781
2495,0.019893292235476312,0.06724403251238319,0.0884744365007276
2496,0.3654236214333427,0.00945986379073478,0.053464468203800554
2497,0.137026960463649,0.019407190426335586,0.11012513018406465
2498,0.3606253948451753,0.055343993819988814,0.022496464601684175
2499,-0.1300743373298246,0.09293203526826105,0.07692271368654507
2500,0.12453452516708959,0.03594936365735303,0.06028422000535286
2501,-0.021933344777181174,0.14367562616772236,-0.2956943739356883
2502,-0.06171069355744602,0.010616174829396875,0.020024446349082837
2503,0.06091554611003046,0.031435346385211706,0.08430963652254493
2504,0.3541481867723302,0.07603928828109259,0.08235527287502198
2505,0.005808426285570004,0.028952541720853743,0.05255500166270635
2506,0.06972013462911258,0.024072401222781894,0.13344142140806953
2507,-0.0025949301671128466,0.07237770372031721,0.0389655341407726
2508,0.008355135791191633,0.12310892610350453,0.04198049221476893
2509,0.0850499231960243,0.011500420160014825,0.06426616387179565
2510,-0.07544542503634849,0.024054340888194706,0.026588814112187355
2511,0.033369776148233984,0.06751795840656387,0.06246163142247734
2512,0.2119210863613974,0.27555195105589514,0.1355749512145627
2513,-0.37752947662285113,0.09394263306904985,0.07243418480509797
2514,0.044631080084369903,0.1034168125067902,-0.06719114897173553
2515,-0.005691039701108222,0.19908355071596123,0.06232425648030812
2516,0.2505964883291741,0.039718420115588085,0.054261549574581375
2517,0.12159377158808482,0.012335502299085144,0.06470698099894837
2518,0.2696303419575792,-0.26807652740776544,0.15451517758038033
2519,0.009551279246932373,0.02275065119119455,0.038917398536043764
2520,0.3572033755586468,0.06339340277022998,0.040967801720886925
2521,0.10443109860480126,-0.07769780202508747,0.30537877801747415
2522,0.041162885426588594,0.030278192391577655,0.01789713669178469
2523,-0.014137692913599051,0.07413093493628407,0.048621224590367676
2524,0.018218875099136837,0.022453290943590668,0.03763426991175351
2525,-0.15527593015881716,0.11204872243531955,0.057019961094084
2526,0.258341120799767,0.06890538872760962,0.05007258630373279
2527,0.05190607934649349,0.045738183304235486,0.16348341316411516
2528,-0.026397129807695957,0.007079199822368366,0.03364676293392926
2529,0.27413645217965177,0.02175305540261037,0.07800560628880654
2530,0.19206483027124188,0.038809498458870044,0.007639545836969741
2531,0.17870251029122566,0.0319557963806768,0.07367985842579244
2532,0.3397554612920301,0.09480311763197354,0.07205914295319717
2533,0.02041434651033351,0.07793109089525718,0.004208486478741835
2534,0.0071235355492421035,0.12099526817721913,-0.03095542955984175
2535,0.3648454916281023,0.0471941321840758,0.08212016464210542
2536,0.17511455340585813,0.04967532502951138,0.062470620344386205
2537,0.10079828369633917,0.011708161019363462,0.035427248628477015
2538,0.03388425741909317,0.006535574892664431,0.015164040166710144
2539,-0.004085955188868243,0.03369896934024811,0.04796383359232736
2540,0.25707347279846526,0.07966141487097504,0.020011185227642447
2541,0.15459130765405704,0.2227994536101679,0.07916139285134648
2542,0.16187034798944494,0.025763444887964858,0.15045483551410682
2543,-0.11768800994515616,0.00680761356402505,0.09083544594058222
2544,0.1311662299042375,0.005222668154332344,0.09044818958541528
2545,0.18540674939489382,0.000717051059323437,0.020339846422287023
2546,0.09099599473959225,0.07595627895035986,0.08087056496439157
2547,0.3435868195619381,0.003793533349119027,0.09636405643326268
2548,0.18288846456020152,0.03879212048151224,0.018811275029203968
2549,-0.037094974595203056,0.032900897886988356,0.09981235795198032
2550,0.1309599892555941,0.03542849851305705,0.07426320230224412
2551,0.17088355192936144,0.06512623978067421,0.02421304689777655
2552,-0.017379954208553247,0.06736553993514258,0.050590972297066245
2553,0.019646213846760976,-0.12563496042617767,0.09337601921858484
2554,-0.1391704882264252,0.022221587340072846,0.0348118089735892
2555,0.20563529729474023,0.02667905673454888,0.09770319868045328
2556,-0.00020588397918247978,-0.0466697464470815,0.03281253580286999
2557,0.05158844430412974,0.09173479430659226,0.09622983081096845
2558,0.059996747859201435,0.06850667841175448,0.05825001242454428
2559,0.27807461892222796,0.01076589056168975,0.2181693221569345
2560,-0.07010714536048103,0.008591662044431007,0.14404693734236798
2561,0.05064096661103749,0.07540744369110926,0.007921474472450474
2562,-0.030912752829898582,0.02478524402840712,0.039952259898284916
2563,-0.028730362730459563,0.03398203634967171,0.09164219713808248
2564,0.27621138215949376,0.1833928189991754,0.07408514916758341
2565,0.4790548994643688,0.06490531806491127,0.09521163914942059
2566,0.16504380300507687,0.0974848705353705,0.05132769189516696
2567,0.15828324846216835,0.08986773201826158,0.08132125655808509
2568,0.3144033988785543,0.08254223056550948,0.05545110833448733
2569,0.25554817022458554,0.09122588816442474,0.021099849948048102
2570,0.10273619720317721,0.050833643045313015,0.056356837290408704
2571,0.09582025725283982,0.07529630096904007,0.013005345198181828
2572,0.20332109832456954,0.04468650887055017,0.07873781659922016
2573,0.01594875858349163,0.04048140654594117,-0.03327940031593088
2574,0.07472721444651502,0.06033763230039551,0.09212304245310708
2575,0.1080173532004401,0.0012654754036547922,0.09160200466692081
2576,0.3337197000330331,0.1586347293397635,-0.30188367239869646
2577,0.06262953981585215,0.04385450823727029,0.016110437856718618
2578,0.10876177318418849,0.05911506953203452,0.08210328043911674
2579,0.2913951180553763,0.15267334133636543,0.18370546778048163
2580,0.13874231657883518,0.15762200097397228,0.10243627444346066
2581,0.07817388626954862,0.06700737316298762,0.0762345311871738
2582,0.13142173909883853,0.09172834606530184,0.06382569125606734
2583,0.2544896641058637,0.08502877855947959,0.09201182165080057
2584,0.17184257284302645,0.08028197629489214,-0.27390812464714276
2585,-0.15364745428552726,0.09247086946750949,0.09524195602137586
2586,0.11354266724988588,0.07948694614410755,0.029385007058092494
2587,-0.006483633165940153,0.000919118813396147,0.029911516944164843
2588,-0.008841762970957609,0.06498465556936175,0.028373761720496073
2589,0.19469082086930464,0.1881041471988432,0.06241485076797558
2590,0.058754177583912166,0.09582397584889654,0.0036329600274855657
2591,-0.030654661720262807,0.11493002913728206,0.012899787039760913
2592,0.1824177291119206,0.040749633396115495,0.037982154792366475
2593,0.3118171806913822,0.07223379708848392,0.0370721561113028
2594,0.14200984757284804,0.02117332830591715,-0.0003564277229081009
2595,0.023076546147846266,0.04932239477484231,0.09940764216906472
2596,-0.09059795159127598,0.10065848899994762,0.2048238024497144
2597,0.07337792150333522,0.07561892876220243,0.11549632600349598
2598,-0.038499321970463934,0.010713625059305221,0.023012077382504076
2599,0.1472298633773835,0.027167622774314504,-0.057894773134564134
2600,0.1555265105432368,0.05764520873671711,-0.0421466864246167
2601,0.23880869306019958,0.04256225035592213,0.023955278714024364
2602,0.20902790497054025,-0.021758250694144957,0.18551252540038443
2603,0.19186034449575717,0.09856328527254227,0.02865473547249019
2604,-0.2157582425860832,0.02207829743349864,0.023936811804986136
2605,0.005219572353842072,0.05871953925789741,0.08408045136235655
2606,0.04433068241931969,0.04866826067375223,0.03333881602900024
2607,0.1502185643079962,0.04546145251416827,0.041326223669852793
2608,0.03804610777277019,0.051502569427447804,0.18159353475934795
2609,0.2760334047371354,0.08070112307200998,0.009145330330283441
2610,-0.01667206087449194,0.06649003963304817,0.03435165666629582
2611,0.23359892249122477,0.09356579585275396,0.04203628426314541
2612,-0.0942379768587656,0.04552912796195263,-0.03344345408979095
2613,0.10884739169965707,0.1651696784414476,0.04291528818103597
2614,-0.01637151203404337,0.1714882990209522,0.08763036669014064
2615,0.286343283577915,0.055589168685056006,0.04209251830760105
2616,0.04725890055477625,0.07295316866024561,0.08068875167479672
2617,0.17313561324428348,0.02980149494947161,0.01621768074659412
2618,0.42764283493707556,0.07728606516491199,0.012667342370050516
2619,0.07827180979115386,0.08015599610033465,0.06041518016474896
2620,0.129919426546358,0.18944771131865912,-0.1940008989033746
2621,0.05497848532022348,0.0823882166645697,-0.22523717837993723
2622,0.13201845123815126,0.09861132965367586,0.09681921060731633
2623,0.059763229102408486,0.08243858039841562,0.022175597989180996
2624,0.17379875852911564,0.18780083222080085,0.04200628544204585
2625,-0.04067718429853967,-0.01676427226980185,0.07708722265610145
2626,0.28912362205983877,0.09469165988786338,0.04465730054936007
2627,0.0501750226352042,0.033723675216855986,0.053119527447971215
2628,0.010088132976172032,0.12387461911674919,0.1799754722926481
2629,-0.10156127177164864,0.0044517672130141685,0.05556705127026033
2630,-0.12488096629715145,-0.0449426270387257,0.057387145788599096
2631,0.09550102822055656,0.06441160047294957,0.002220425180926311
2632,0.2633375681144581,0.02701172356258872,0.09193316312699656
2633,0.034506231067851084,0.12114787620604049,0.09399486030068271
2634,0.2204933450334778,0.09395882396296851,0.07585193578887683
2635,0.03932736878125894,0.03622830970830017,0.05263667893887163
2636,0.11914622165082894,0.024799296354254687,0.10710430107486296
2637,0.16163501148019224,0.0034707041704535903,0.08855225239485286
2638,0.08952803942646737,-0.018639966274352115,-0.04771808344468927
2639,-0.1366266520458561,0.0805587862599902,0.0502362179596663
2640,0.22398591077528462,0.08620531169842578,0.05074349456520158
2641,0.15026063561230668,0.06105883068128583,0.07251306877079733
2642,0.15731179565024953,0.011522829362653843,0.008811816251374616
2643,-0.057040505583484,0.033441854928951235,0.03149047314745227
2644,0.1008359311032212,0.004911981622565254,0.07493556762004473
2645,0.10949331175161603,0.08061785813277084,0.053613817061291605
2646,0.21082126200871193,0.06880892019784271,0.07615627810024628
2647,0.07179018902738271,0.09620022921189318,0.04776368511357037
2648,0.0027545475183156365,0.061233498784383174,0.08547319842538091
2649,0.03177952428224942,0.05628948455668266,0.0861107838457788
2650,0.07419388180284345,0.1523405765353051,0.0025764495744089663
2651,0.025285905674001186,0.048361441538203,0.07697162036529165
2652,-0.04004872466643511,0.07149615684647856,0.05417868792087355
2653,0.06319398891855967,0.04003055066743673,0.05677240416603907
2654,-0.4655973229159542,0.18607838403685073,0.05201697542147053
2655,0.11660505045880028,0.06848479758181922,0.034511647134233735
2656,-0.03810555002125507,0.05686173855097834,0.015888426622648
2657,0.039547856840498934,0.17527257599876678,0.04094536256802271
2658,0.12554936806510997,0.08938112409033178,0.08831121715342455
2659,0.11822556693517322,0.007421423969047891,0.007801090331075522
2660,0.258735967700354,0.06900916385997961,0.0805160446675193
2661,-0.03123903559065333,-0.006545310904342148,0.16121740715172056
2662,-0.052778208465354276,-0.008982350421911537,0.035068630784415404
2663,0.19503769831487602,0.033489476724954406,0.056510090878455134
2664,0.24126942631841367,0.05468125460535431,0.07769807286825148
2665,0.1458488621962954,0.07744607849965052,0.053483844821811746
2666,0.07168180673008118,-0.2604754932723393,-0.06687671665841984
2667,0.1467991439601431,0.07567636920925153,0.07521536388082997
2668,0.17103308822709046,0.05718322234938633,0.05247548639387433
2669,0.0762151010056378,0.06657146491632412,0.00796148892853874
2670,0.1966158587371205,0.03117097078669089,0.08169190178511977
2671,0.26062526003703657,0.05425449530140724,0.03055777899822716
2672,0.1202974397527958,0.17168087938962606,-0.0072792213183468235
2673,0.3222859690977406,0.06652074569367435,0.04929429801578969
2674,-0.06876190331506421,0.03204955840371816,0.014494698529809126
2675,-0.011843452521028267,0.014267956974029085,0.039982500824720206
2676,0.09829383834567322,0.07184761188237841,0.05933891295597461
2677,-0.07333570495425777,0.23540622120928872,0.16522098386348819
2678,-0.021423318141419817,0.17871608522244387,-0.0024201727902377554
2679,0.01064046789611144,0.030771252144119923,0.07420304508067346
2680,0.29900329192531583,0.07434802977527218,0.018215534188453255
2681,0.04505510163504568,0.023343063636355035,0.023166284731858514
2682,-0.1770066263882805,0.07950902017717036,0.06465831647837714
2683,0.129249046724195,0.0464238129697605,0.052215648956339115
2684,-0.009658310992332664,0.07070661468838323,0.06510157440623349
2685,0.12087477314850692,0.028366868049785755,0.05382198172380455
2686,0.10197828403237631,0.42460111551813245,0.11027995347447056
2687,0.2572638025856019,0.09724581023741201,0.04771468257893835
2688,0.08774833464364289,0.06106724421056751,0.07570116383411224
2689,0.19150643419180344,0.338305995536385,0.009206945941997557
2690,0.22450551083487585,0.02848005906056668,0.08590723830181762
2691,-0.27824483123072397,0.09911210160127423,0.06409717533999686
2692,0.18224359980114688,0.08968310321680742,0.09083580429055092
2693,0.006910257792607247,0.09439349687271195,0.0305552192291801
2694,0.31637645854469526,0.04128098309810459,0.07353775559257991
2695,0.2824427018448207,0.017311743721323592,0.03034103516439306
2696,0.1375395970911851,0.0527718938493019,0.036830891968190414
2697,0.12542366494550722,0.047584189701751246,0.06921824163644219
2698,-0.21031000057000962,0.02436259075403653,0.03672820182977683
2699,0.17811984395426333,0.17438149271244022,-0.1319343936350503
2700,0.09839756839776335,0.038907832344948906,0.010511951379921537
2701,0.13373254343636512,0.14956222613941317,0.1555038766417387
2702,0.06050539160256661,0.08476317081180405,0.023195278919491524
2703,0.06310070013180738,0.0311493592410426,0.04544245485264928
2704,0.10866089192061967,0.054806156784884305,0.04334220755579548
2705,0.19880789678862468,0.13574759396185615,0.040327459519620745
2706,0.024383097228103442,0.0261304822623049,0.010620867870645756
2707,0.12964941617848103,0.06945349538985639,0.02016764516116522
2708,-0.08779826824056713,0.03146022944590661,0.00631392076571411
2709,0.0986292157420949,0.033609162988607534,0.0667091722392507
2710,-0.06047399179849558,0.012447901547093099,0.046779961889427346
2711,0.06885195192073146,0.06318907144492383,0.0463947995291574
2712,0.1964771201094815,0.04262967997389762,0.07437670838895981
2713,0.1236411663161204,0.1473582764554956,0.07392182823122664
2714,-0.05714417038820173,0.16592507196588407,-0.016392304539636554
2715,0.03506289562619855,0.061207594838793324,0.0777142301074381
2716,-0.019626642698345353,0.06584583899353746,-0.08020993776202469
2717,0.11113625135639002,0.18966931350367253,-0.02111657569435947
2718,0.06312493583904409,0.13692265934222933,0.08479351126686585
2719,0.19197687464636284,0.08688179132720479,0.03910055950343079
2720,0.2587293404196215,0.0292434446861099,0.01713023557524158
2721,0.22006673161325696,0.00118814957289064,0.027929868335479557
2722,0.2460586224879634,0.04203535260263305,0.03221480870134696
2723,0.06307860772150398,0.044390192032292025,0.006014348389721658
2724,0.060666357770243436,0.05731680944545043,0.0624623598415478
2725,-0.12974948013750132,0.0972332428442823,0.06498519207619788
2726,0.11814846332365686,0.09285830066942223,0.08841172480557435
2727,-0.011486682519224002,0.01388265676449929,0.08470841974472663
2728,0.19290283028267663,0.015233963930192097,0.058291622373112674
2729,0.06290047014557501,0.06178564029872026,0.04144664779503776
2730,-0.12451923750174468,0.060163137005215694,0.07377797440939002
2731,-0.07465571285929437,0.07994888534432532,0.09298781598694039
2732,0.2796584331554598,-0.061329719072001104,0.15897669279777893
2733,-0.07734809997411915,-0.5042557933605734,0.06296929832267406
2734,0.15133459093985477,0.05051667972904464,0.07414539717353497
2735,-0.09366963391800122,-0.09300224561376523,0.012811334799229024
2736,0.04583219174579054,0.03474035458429086,0.08068746324984444
2737,0.2072527200681405,0.05738230759028584,0.005541238636456659
2738,0.18069230489551835,0.09915170883395732,-0.15956097480279727
2739,0.045748371708705285,0.056817750105401216,0.056255656533656155
2740,0.11078278498727372,0.07376608765133429,0.07134329972549225
2741,-0.05057964627543281,0.06369242878859448,0.011226407464734101
2742,-0.02888661859805862,0.00653374147191943,0.12540827409589506
2743,-0.003998610163714389,0.00016017608785082738,0.08567538252706763
2744,0.05595374489707269,0.0556027857428854,0.03168682282537503
2745,0.08535956530831,0.08587175062371886,0.07130027517763342
2746,0.0662849435884392,0.010132091939064591,0.025709350634624734
2747,0.5317212088575194,0.07383871419704614,0.05242814511759476
2748,0.07161433733061259,0.01584751718491998,0.051704070269451875
2749,0.04185544176936898,-0.11065349337794571,0.06999553864869004
2750,-0.0877853950863505,0.036963224497744585,0.1616018246987861
2751,0.12243362905932569,0.05893073864679432,0.08728609189551301
2752,0.32536133577857396,0.04261829667198888,0.05092373222679523
2753,0.16395352855770892,0.010055894962290103,0.09553771046450148
2754,-0.012979978443666926,0.0252516342204133,0.007182289782231399
2755,0.1890593442648778,0.023085850935295023,0.01438766178136739
2756,0.05336938349857379,0.009746727234306297,0.003250111833973035
2757,0.030801931287476575,0.04352156493508851,0.055641604875784616
2758,0.0706660704838919,0.03271329082954166,0.001738959381836225
2759,0.22472973219991507,0.0862763745070011,0.19171409686695448
2760,0.15998866989099558,-0.036312763854082955,0.07075561123637435
2761,0.1428712269936086,0.030033829012358272,0.17130347617957475
2762,-0.05842801226613731,0.004712998255575963,0.02625204454324801
2763,0.042653015609304915,0.016232063641880647,0.053109322467819735
2764,0.06758233252644011,0.06519228729325957,0.04376105940430719
2765,0.027113483353212522,0.01844932796355079,-0.01919188946035756
2766,0.20447498673703707,0.052395085413135714,0.001175038483038471
2767,0.008251150069202878,0.012795129556307705,0.00198812298112363
2768,0.02274369825389079,0.020907996809950015,0.07918544096959065
2769,-0.07625728115227574,0.10313691560206735,0.12899138608794114
2770,-0.060812888353928035,0.059246193388398274,0.02629778208051079
2771,0.10749336953246924,0.04203689079794735,0.04492125336169922
2772,0.1041157564248634,0.07399718236208705,0.13390712992545972
2773,0.10961669870008593,0.09312511966861783,0.011882596521473332
2774,0.12766711089850408,0.0054309510275951,0.03178447258295224
2775,0.30918009293593285,0.023114415690101836,0.056577653800187866
2776,0.06607964919756291,0.0672132563921669,0.07840386246137697
2777,0.2017781573109122,0.004800875216151557,0.02758547727358486
2778,0.050803527303945446,-0.10095332113243476,0.02235119761753215
2779,0.18596455953834184,0.005073691845697304,0.050344232154643835
2780,0.05391987022077009,-0.4836589997187691,0.14272587916782242
2781,0.04802622818092089,0.02126026096048083,0.1964001048436428
2782,0.2205658930862568,0.0766887545957731,0.09671970941492436
2783,0.20185082481677455,0.16597448183549135,0.053359553864162426
2784,0.11727456643118256,0.0610554449350008,0.19754271683506375
2785,0.18365406606774873,0.09843982010441171,0.03829956690816999
2786,-0.06633582865153936,0.036718928287251366,0.07442350295622373
2787,-0.09004969444766535,0.006637391465101006,0.21515013667814048
2788,0.19420732073238678,0.02805653818348677,0.05733276804939801
2789,-0.20929915430290505,0.00048460125356187823,0.026389997572641988
2790,0.2041406650770684,0.07415241179514227,0.03615363165567236
2791,-0.040510726179417506,0.07210149585880377,0.06744553299951889
2792,0.1191504597947248,0.16973448029450228,0.0914234215220138
2793,-0.05908817358816354,0.031102195117377964,0.09779742694740426
2794,-0.009356810414041128,0.007054075629648937,0.006498561566958216
2795,0.06326281212284134,0.07167126527897741,0.02906380221162437
2796,0.09273551773176192,0.11227120784808048,0.034879222319809985
2797,0.039343778239459226,0.09084458952594522,0.050397437349097435
2798,0.1990965684156366,0.010071130440518728,0.06909128800468085
2799,0.11453178226025708,0.01407773258896098,0.05036564736760131
2800,0.06508752323253678,0.016858552330902388,0.011725225008601526
2801,0.016678754722805972,0.11882773774005102,-0.26723890144027374
2802,0.016477662507353913,0.22482385719889197,0.11311171474763393
2803,0.1846322444925145,0.09304026418097125,0.09203953011067253
2804,-0.007583387334086769,0.03632471873797889,0.07907291425409996
2805,0.21794116376628814,0.06490096085815293,0.03650448448637144
2806,0.045127886134335375,0.01176355440488812,0.00044644228648117826
2807,0.08401239440024952,0.09144727972480231,0.04751822417348914
2808,-0.09839896263319359,0.012119620628363165,0.005998336736776456
2809,-0.008792086184051293,0.05353553798075164,0.010107088847766399
2810,0.16832011395382246,0.005936053939439013,0.034180825813002656
2811,-0.0865464918796382,0.02317147488883442,0.02797769162887609
2812,0.012724555012931585,-0.20008025161614018,0.1939871579449254
2813,-0.002124193860450055,0.03613081748828019,0.08629467375277505
2814,0.09392925379007577,0.0862972446715827,0.03443853670398008
2815,0.2133807460376232,0.04471441533797139,0.03640721989562197
2816,0.23080544224703606,0.05455808445611461,0.043850384330236206
2817,-0.19496255730925297,0.05024467390556908,0.0665951462737644
2818,0.36062965385878004,0.1686153577974573,-0.04654129254896436
2819,0.11183959019984621,0.05205407859752077,0.0877746745122539
2820,0.05471134439535089,0.034535888058229686,0.012765802045779625
2821,0.023102072463490886,0.03521223202170428,0.08791690274200312
2822,0.10503563200100922,0.016490631594102172,0.033975913455629975
2823,-0.07491450495897292,0.03337264103418806,0.05906572507228263
2824,0.07593021627776789,0.03284214479403726,0.037033560626209994
2825,0.3567656188026467,0.051914543937978175,0.06726537426368585
2826,-0.003682311175022969,0.03454123161482598,0.03616396303712055
2827,0.08383036168201458,0.02707210262320462,0.011203728480671271
2828,-0.02726406120390515,0.07627411642482052,0.0780097849728592
2829,0.057392362262333504,0.09159736356757107,0.09489235225327643
2830,-0.05385339724803212,0.03468564664314283,0.09524551401024428
2831,0.331252762628625,0.07250741788042006,0.0683554395057823
2832,0.20765145313499028,0.14591317390914552,0.1631593787754234
2833,-0.09939893440029596,0.3301882907736833,0.12651307836430267
2834,0.4210092522436224,0.07986887067977586,0.054359431508304495
2835,0.3535480492784713,0.04200415391403409,0.0964840825400664
2836,0.00292101239578596,0.04900439107920514,0.06400725145756547
2837,-0.0824694619978392,0.08538642032958338,0.09246161227692518
2838,0.11970379440526102,0.06812843789287519,0.0506812625050938
2839,-0.07631812485479211,0.05218374173863696,0.04248294094999468
2840,0.04104983290260149,0.07515538028564206,0.0349929926363578
2841,0.15019518649797703,0.055544537818374144,0.12114547423957367
2842,-0.07931602552164241,0.09275645468853089,0.059419789646124745
2843,-0.0010717541450649126,-0.048568423763432476,0.02122428883499923
2844,-0.03271323040862789,0.05596370064181858,0.09398219876553826
2845,0.30473346512116206,0.030668865098594202,0.0927620977718703
2846,-0.04766312866207467,0.0040184475909042505,0.08317542675120781
2847,0.03674950266357589,0.05771876240616744,0.015987234418580343
2848,0.2430365255220837,0.08886070399879106,0.15853276672473748
2849,0.05521202932841813,0.06581515965695957,0.02152332512464694
2850,0.2564623282461427,0.12605670425763205,0.11881280700201906
2851,-0.10290202090310016,0.04758409366562123,0.03901528309043223
2852,0.18108012150526492,-0.0212023081170902,0.09687521375461974
2853,0.08038923093623762,0.18563450937072662,-0.005931506624747864
2854,0.1138232261768106,0.09488003170631257,0.0030259647481397202
2855,0.052632411789354426,0.03449595106524183,0.07695956738975879
2856,0.19532377095211545,0.011504280425192581,0.0016916741987196395
2857,0.17228287410076606,0.06144402257259264,0.043078728907837205
2858,0.3492732426602011,0.07441728829178867,0.04863752680133354
2859,0.32431422935070664,0.00600600736087229,0.02954738650784744
2860,0.09125321069107745,0.1043116196448804,0.0008326150487366207
2861,0.07112576366034903,0.03957247442324338,0.07370796712296394
2862,0.18182072899517043,0.05796158422604299,0.17927551245532275
2863,-0.030173501548521886,0.12969858066246193,0.004937594553267546
2864,0.16377594754920316,0.03847048462947501,0.04777632460938707
2865,0.31460073886031364,0.12444879692055365,0.05358803443533668
2866,-0.0978946995756147,0.0556995662921574,0.05652029690428435
2867,0.1729882280329808,0.03263097183016144,0.07828581586263178
2868,0.19353235647345252,0.06311883897792213,0.05313802723431757
2869,0.22418962457127248,0.011021680959375058,0.07335501277299822
2870,0.08230018252298375,0.03246335138878428,0.06967426113079331
2871,0.25311538658407895,0.031214439269964884,0.04120287641349703
2872,-0.03229604652254392,0.07195391703840032,0.007235217582321963
2873,-0.050202949771662286,0.08067894883270017,0.09522613504058071
2874,0.1510332780949243,0.0244394384363831,-0.12913295621383586
2875,0.011061086928266461,0.028120543013980023,0.0638537727870349
2876,-0.0256480757001043,0.18650103745984756,0.019853524414665126
2877,0.08134278163442131,0.042005075228988456,0.049153264008667555
2878,0.14662697869627087,0.04343231253553795,0.09264793920559274
2879,0.32447734432693387,0.09189687757765735,0.004494030691960449
2880,0.3830595726185927,0.07734255300381794,0.053365914851397106
2881,0.07489595496178937,0.07102922667999496,0.06981200883448517
2882,0.11937561979273813,0.004832147897357308,0.05345658684824115
2883,0.05033280100464983,0.084114081296831,0.04692429714667092
2884,0.3317822197220043,0.04652844393729527,0.06408989921493506
2885,0.09941848809517737,0.05679739898973474,0.005460155372481058
2886,-0.06324753513742357,0.03620635099860064,0.04773473898000169
2887,0.1969233408368658,0.0630696599239509,0.018121284753047306
2888,0.09130717471069476,0.08877620941260268,0.06885743565110167
2889,0.0759097031580666,0.1806742009069487,0.19839110765400747
2890,0.1339480226112376,0.05310100197229608,0.09112164971101794
2891,0.15082617980784416,0.08934414422970277,0.01847925617903341
2892,-0.010672634090388246,0.08755678302740474,0.47675421059990053
2893,-0.06596821978824473,-0.14093440726658243,0.16759049750092173
2894,0.28608414545077876,0.08183489522893554,0.1447583865187526
2895,0.1307688004283249,0.004731553443431014,0.04954242292184863
2896,0.13552390344633874,0.031492627060697435,0.02256879703746875
2897,0.10489848398826337,0.03944960776296228,0.05035997771524553
2898,0.11222824112458775,0.08655001739654355,0.049019676756070545
2899,0.1304500677091892,0.05071770149865216,0.014059258305525757
2900,-0.003991440457901577,0.014117847614143609,0.040032133167167465
2901,0.08030716112579872,0.06949018812386441,0.09831509338849641
2902,-0.009821008361296527,0.010854626061847727,0.029953064523477693
2903,0.04462508518212091,0.18408184209528222,-0.18668219033625935
2904,0.13901004522286664,0.18469628939954624,-0.07251584569680619
2905,0.18374362681752862,0.010832263149927203,0.0777931694771712
2906,0.22680146520665598,0.18758549904974303,0.08643835132006603
2907,-0.002351125164281903,0.04881702550867015,0.026313187792958784
2908,0.0915479689445603,0.0001410160111591896,0.04432592278306377
2909,0.33141059032869447,0.05548304992369188,0.06924918616789216
2910,-0.07507498927824238,0.01715668154413983,0.028426030144868355
2911,0.267199301961116,0.13868352157721248,0.23359306491309045
2912,0.11407671543679451,0.0628991130291571,0.009451249590385758
2913,0.24925320759408084,0.09459328001092229,0.08793943110291476
2914,0.19716200250578805,0.013497285507427438,0.004762861664696039
2915,0.07869832481038143,0.0399909013627744,0.05698263477520672
2916,0.10814514265333665,0.08168351159406567,0.1713592817459302
2917,-0.057120668964334376,0.16397086952622122,0.08357815950111466
2918,0.11882371055034086,0.14760649555504246,0.1347235076312227
2919,0.0731567558310024,0.03489136626956646,0.18304896426574901
2920,0.024464009208904652,0.036951094561514075,0.059132003659278246
2921,0.1531998155510895,0.028479282859930555,0.014157332951502967
2922,-0.007108615408873656,0.020189080484298107,0.07256904908645491
2923,0.015198471254487533,0.0774994411680553,0.2864377696946265
2924,0.24829133276789836,0.0313464535749032,0.04856606859354687
2925,0.09253833314064137,0.07308723190471454,0.09840634777843567
2926,0.16488781914307285,0.05871392146827839,0.01319321614412835
2927,-0.13240738731934718,0.008629317254479863,0.07082550164251458
2928,0.09810386228221286,0.0004188097556130477,0.08625932440423462
2929,0.12745626607032443,0.040196643845701034,0.044515920077130136
2930,0.10720645517207637,0.0002911772042336947,0.09829640274769974
2931,-0.010881753164209279,0.03591603239545151,0.05498417608679357
2932,0.07094131551220344,0.09438221354374876,0.010801477391426019
2933,0.013830805417861566,0.07966022149784224,0.0021825168125781612
2934,0.010599332319254584,0.039298597777775834,0.09563066507810228
2935,0.02083506761889058,0.048713804408054444,0.046299231900595296
2936,-0.010440583884783819,0.018670986606325813,0.0537030617487965
2937,-0.03748906043359293,0.06892419892876227,0.04821148683383519
2938,-0.06427622178336442,0.041453357604644116,0.050918408970781794
2939,-0.008978881931208119,0.01852715959291179,0.0667320475684026
2940,0.18009489485679941,0.06137012551543426,0.027894911383539236
2941,0.154325626879274,0.0136035061245115,0.006371602351875572
2942,0.1265146635872921,0.0020155837617531927,0.032118195069507326
2943,-0.027405470823529343,0.04949746851260426,0.08381261719478353
2944,0.026008924013592602,0.07426222873068439,0.09939863243570388
2945,0.047280277367807155,0.01503634575656685,0.06125399182375505
2946,-0.0221450280171495,-0.320036281520356,0.05659904131348936
2947,0.14508111704607227,0.0921637033335202,0.08062205053638671
2948,0.05428198580308257,0.08562659495470995,0.08692581229845632
2949,-0.010269246879074559,0.013116030546089742,0.01692888600781958
2950,0.09006577041306658,0.047706190905716345,0.046634959286636406
2951,0.24309652908094498,0.024003425621847853,0.030661488187347208
2952,0.0587033422681262,0.07647539341248843,0.041456318548911394
2953,0.044086426787271114,0.025263176734609472,0.02783959404710397
2954,-0.08217491686102527,0.03961606321404228,0.07448586297865384
2955,-0.24755059062762816,0.02039741761446079,0.06648319995989554
2956,0.17161534310569243,0.001761418967109929,0.08363416256493206
2957,0.0652961923257031,-0.17830636418920212,0.1429259989645841
2958,0.1643908371535776,0.046210418414991024,0.05259562437717061
2959,-0.000601379160529746,0.14920088748060642,0.022647629825034776
2960,-0.10695513727889386,0.09284318816413764,0.44425957346327655
2961,0.07475061836515713,0.08249572066674132,0.04926230893778693
2962,-0.1200159624687033,0.05545910404538091,0.33482999032942373
2963,0.04088990121960236,0.013209812785759579,0.0027965738246173767
2964,0.03752427028575064,0.04420068616070917,0.16319810484687228
2965,-0.18194311022902984,0.0017175169729643947,0.04473410536827979
2966,0.04348650190482878,0.05309432493548624,0.019834843829593607
2967,0.054447854062403364,0.1679829479561636,0.21337587597344976
2968,0.08607885977490225,0.0537699562798748,0.09419267090246565
2969,0.04186492709377982,0.0423818948368263,0.07979323640425177
2970,0.04736020954439989,0.0976490095050116,6.492094042197527e-05
2971,-0.08886814458981934,0.08152379629725065,0.02851001106871547
2972,-0.01625257455503562,0.010201277397287257,0.029490955894509355
2973,0.05905645923321871,0.16647373899164322,-0.10289688161388745
2974,0.1446750166404768,0.032513148438536255,0.10901040780487879
2975,-0.13383641575215854,0.03297057759349033,0.06465014421173905
2976,0.09471124635587322,0.08687578139817322,0.03811675642408137
2977,0.1617611547611555,0.07524563420454039,0.26213516379718277
2978,0.0014655600689375131,0.038307982924443665,0.09584217784936307
2979,0.1438027217853814,0.022618597962062392,0.09016103830903972
2980,0.2512959407363802,0.07948579313833126,0.05529079171286447
2981,0.24628710674371493,0.0764331952391557,0.08199535322076709
2982,-0.010796028693382698,0.08825149772823941,0.07246888454443921
2983,0.2230280608934455,0.012001056785623477,0.09784174628365555
2984,0.06111542370260615,0.08830155992128515,0.06521871334488556
2985,-0.06023464278698773,0.07521401042619023,0.009435952432000107
2986,0.12442891490092357,0.07688454473646257,0.06088957445519414
2987,0.10807250325796042,0.08947359280703567,0.07597461227598538
2988,0.21896964068298075,0.030197806975109032,0.052324535155690424
2989,0.1841606893405645,0.06825838549949031,0.04835662172957764
2990,0.1710043955943339,0.018578770851843368,0.14384444469375987
2991,0.32288078142855503,0.00641457894589893,0.012223192991158795
2992,0.049809843124161576,0.14528029244431048,0.09636206623971809
2993,0.10732877523794135,0.09643777957389134,0.041462748452373
2994,0.23347840372594053,0.08639714595234818,0.1566631939639134
2995,0.13637149409963895,0.07089881249236553,0.08887762457704096
2996,0.1603066540849778,0.0004194630644080877,0.08213713640766658
2997,0.2448229352071516,0.10917332466437979,0.04640376900403866
2998,0.009403777134157507,0.023503076066442932,0.05990772101966513
2999,0.24179852861866527,0.04963252406309148,0.0797675781608152
3000,-0.19421621214174895,0.05240991256105754,0.05459837288338464
3001,0.10329563094111602,0.013377774331077619,0.08131909798710713
3002,0.08605764541883978,0.029931181039955082,0.09882782340947148
3003,-0.06223651988888787,0.007759199770152026,0.08835645922993009
3004,0.48292651734797387,0.14814838710004294,0.05753211752951695
3005,-0.1861574429258625,0.03514827766359166,0.16475122124533592
3006,-0.0712303085603581,0.06500763251506282,0.06621421011605795
3007,0.07559302396841866,0.09853444439143555,0.08825693323650434
3008,-0.01949978876250556,0.18537481401027162,-0.026055844789885752
3009,0.07080001602741251,0.050772762472305215,0.030206509041407172
3010,-0.20240956419269213,0.017283976679895296,0.033436074684881766
3011,-0.23608751137084907,0.013689964220944796,0.1596470899936426
3012,-0.008635385086603956,0.07781109310565835,0.0552895479032629
3013,-0.41673321361118865,0.02846749031550454,0.05854305366968916
3014,-0.4356504010532566,0.06893769690603718,0.060788224873234355
3015,-0.1453422824794243,0.17530763703698343,0.05667755554360535
3016,-0.09023030682672431,0.0659241234981899,0.032598599993855594
3017,0.04896177325584293,-0.012410963375077605,0.07515635209464255
3018,-0.07178836158667563,0.020017387090956185,0.09985494020277992
3019,0.14300053253122252,0.0030974394523137663,0.0933148221011036
3020,-0.3364272290710695,0.00570777694227631,0.023189252233147373
3021,-0.2992079905132793,0.08636310709595893,0.028576631007001953
3022,0.0319833518561739,0.020547240641133335,0.011579500800728471
3023,-0.006069001897906906,0.17870589842824947,0.1732789168519693
3024,-0.26380088338160834,0.029616115807133105,0.08466863148822901
3025,0.1300939463219301,0.03062517190908104,0.09547257420805419
3026,-0.18025627446723297,0.13287699169430084,0.004782628449466218
3027,-0.06579444494492023,0.049524109069262856,0.035631384482907015
3028,-0.22922257093909726,0.05568931372389856,-0.5928895513047148
3029,-0.16418585831969684,0.10915233488149108,0.012791314312695548
3030,-0.14116069746053125,0.023425508033037546,0.056205747596749345
3031,-0.36667359491016416,0.07091266195090835,0.0056603677387207065
3032,0.08865046630173379,0.05639980878404105,0.0415182484653638
3033,-0.2639420048479859,0.09514901061558595,0.002564723681937997
3034,-0.16992319308091047,0.00498903657579125,0.0369132172952657
3035,-0.22739898571378897,0.06833882390389244,0.08514619599838648
3036,-0.18501195549906832,0.05688589363127591,0.06428783854360484
3037,0.0030885726923178952,0.1775205059401222,-0.37178000817775203
3038,-0.25715250126552225,0.19141649287587648,-0.6024935973959251
3039,0.00962567811012896,0.032366268027562,0.03343649959096291
3040,-0.15721539384001437,0.09986801973917622,0.028130014060292398
3041,-0.05728460831929877,-0.09279416308812649,0.058388360118589194
3042,-0.18136731687932275,0.06650792553983273,0.05764211669878221
3043,0.12022453353391135,0.06584793971820666,0.028819739689685334
3044,-0.010773638931660265,0.040618609253035766,0.18454468302717197
3045,0.1612339277601698,0.06825485850112066,0.08629803201463113
3046,-0.04898068408044976,0.035241229447402336,0.008445198487243899
3047,0.058567218521687225,0.08880759706871183,0.054482215642027536
3048,-0.15678475319628446,0.0986595146866151,0.07200609697313036
3049,-0.2508647226857194,0.05646682345815022,0.017482665672953302
3050,-0.10683294519434947,0.009510343486586782,0.06838191630172752
3051,-0.09869415815480212,0.04612918612771286,0.03237973190625681
3052,-0.06732320637780884,0.05101203193611414,0.08385178860830972
3053,-0.27042496531853855,0.043747525471376204,0.0364077388885253
3054,-0.07685652291300225,0.014012574069343465,0.0007085465983858509
3055,0.07685344170101321,0.10276821219358377,0.07327335745177263
3056,-0.1235446262392787,0.031147123133792178,0.09203685559215308
3057,0.06493677623979945,0.03884022901542446,0.011546912270832977
3058,-0.16807512089344917,0.07796388300156275,0.0787485487686014
3059,-0.27746806622131415,0.034256853347795956,0.045603748474608234
3060,-0.13644459102247336,0.09179991019451667,0.03000365338822708
3061,-0.2963678821153609,0.0700648174776568,0.016209429458176928
3062,-0.17748039530680149,0.09341709858832696,0.054311016947663826
3063,-0.07365144061783585,0.013286888485444171,0.05645664515236942
3064,-0.09124148707194582,0.05260237832185074,0.014388851740583797
3065,-0.2764938363077543,0.13614548046193806,0.053062575422268915
3066,-0.1806509427036459,0.04481672363755197,0.0338210545831422
3067,-0.09586463373658494,0.05992863181182917,-0.2960421741307159
3068,0.04637084919006989,0.04697021556216982,0.04245981639117303
3069,-0.02838026879344946,9.214918054613054e-05,0.09774753448497563
3070,0.008484880046856352,0.04924446628719346,0.018334334957065414
3071,0.18003845989356812,0.05533275206145778,0.08917731705453263
3072,-0.11460703940500938,0.044003826119648384,0.06962829287518828
3073,0.08496235032429195,0.0555790053884501,0.043100711331282376
3074,-0.021834159753255616,0.0005527878816704357,0.08202051173241565
3075,-0.09126544636715708,0.055679733865929816,0.03850501908296117
3076,0.0,0.07960170046578874,0.08321310179311689
3077,-0.28625305335852425,0.08995932524870115,0.040548998311362085
3078,-0.2668606987103498,0.04356339480239307,0.04456957467624874
3079,-0.1828773304910648,0.0075397772837709764,0.00811713894617666
3080,-0.21308690258023116,0.004830672971941341,0.01612394899435913
3081,-0.08691530551859564,0.013282969081214714,0.01867132654578002
3082,0.06496132885295325,0.021632259074548743,0.08705273049976722
3083,0.17603332488289938,0.05664559467285807,0.04738091169379493
3084,0.08998494057307732,0.0605403995521986,0.01956816080556595
3085,-0.17754545624409934,0.058323442993802044,0.0025013858850384653
3086,0.017569801675695926,0.08300769239113066,0.02208084823249741
3087,0.11766868110118478,0.09063687186885466,0.05236294780642501
3088,0.11056815720192092,0.02993808738519939,0.049044722715375945
3089,0.16269359444491802,0.04685830682384612,0.07456254317991172
3090,-0.14816556987595664,0.014067873293463352,0.007952054841972755
3091,-0.2597820045243574,0.021180783047196724,0.14563793751823348
3092,0.09668853176996478,0.04011058743429429,0.0777931798849738
3093,-0.07618375340540126,0.06521213588857099,0.09655697449494563
3094,-0.04979166039206758,0.12425610762403667,-0.06861898718456762
3095,-0.32381094842784564,0.027942295999879165,0.0021446707880152906
3096,-0.1556040996107967,0.019227219213481153,0.04829708210055265
3097,-0.2854275617908335,0.05486918299411088,0.0714769956342106
3098,-0.2273979287305315,0.06505550763557848,0.020901765468108735
3099,-0.10941410258013691,0.013016376388159523,0.09182736160945304
3100,-0.2112592410220407,0.015880651732238262,0.029769952391156363
3101,0.08364357577043724,0.26131719636571105,0.0020530112677022982
3102,-0.28660462064800785,0.03579211298777773,0.035905180564900496
3103,0.022051759289890116,0.05101314274884398,0.04954624139297266
3104,-0.2662168738100591,-0.14512250980298913,0.14738064617453736
3105,-0.22729906622458243,0.03564696596615276,0.09211128507866223
3106,-0.07501534583297226,0.004979081384396656,0.05531880166323647
3107,-0.21338896287967846,0.14224647118310635,0.01799206763833845
3108,0.015958585530570585,0.01907103443886753,0.08313193206474664
3109,-0.18337077450030323,0.02407144445409425,0.01997966707916419
3110,0.13625141375283795,0.0896527679393628,0.1538454991578092
3111,-0.16038065114808026,0.13828911055392576,-0.004163170930614406
3112,-0.019914264521542657,0.08395188207420279,0.019031804496669604
3113,-0.30767334002712066,0.05585836489080231,0.006644390377396392
3114,0.1812852651713807,0.05064596888466626,0.09581430497255916
3115,-0.12515016582995453,0.014549888595560912,0.014065968309317445
3116,-0.12988291694737913,0.06158170424571411,0.05991121485890414
3117,0.0029709810432332565,0.039270005620895145,0.007467340837302561
3118,-0.19709486725715733,0.07247796687881784,0.06741445567544367
3119,0.09061780238321235,0.0427244463561869,0.015483011355409216
3120,-0.3481275130041305,-0.2717554447335569,0.18942043316537566
3121,-0.25563410233308625,0.016579833999105488,0.09478969111278268
3122,-0.12209574164369047,0.05974255237382764,0.0792722794329697
3123,-0.49301372758254214,0.028688068764881537,0.07130190299704597
3124,-0.039795278198114785,0.014947914756566061,0.03870464299468135
3125,-0.16504221495112475,0.0026533123189846465,0.08604949568909404
3126,0.12867572959980628,0.015049865323127255,0.032916368792529516
3127,-0.11933650081157704,0.009164667267639004,0.03329671426076523
3128,0.043125600735188424,0.030648203743436055,0.09433575414866709
3129,-0.21778456999926354,0.13616311558688932,0.0780156199801757
3130,0.08761018737209231,0.016400275056552695,0.08931314234256954
3131,0.32686997013523666,0.05257197959323765,0.04869390551016245
3132,-0.16167902225249373,0.015201632540163558,0.03659684345928978
3133,-0.04672452272530776,0.0001587641287783992,0.06839598074218392
3134,-0.16939758518773823,0.038085262869935514,0.09000503631596628
3135,-0.021466674804115307,-0.20457414881757124,0.12653959998736206
3136,-0.06042759111382876,0.030676160080201322,0.01309276861932387
3137,0.0534932341572229,-0.0548344551035745,0.08991172886116446
3138,-0.14144038361947997,0.05873177741081623,0.03706514658196319
3139,-0.037960088569021715,0.0867535391392724,0.01163217215928163
3140,-0.020621564365239556,-0.005926262586485875,0.03451083559950663
3141,0.13319219251830586,0.02740826547797356,0.013644901230003859
3142,0.045429468737915146,0.04819499555145387,0.09216077715637615
3143,-0.19258273058255912,0.11418193287035204,-0.2629020664646374
3144,0.05389004695115966,0.019758144151824843,-0.11625582656892486
3145,-0.16890731785311747,0.0986705963518582,0.032405522162577687
3146,-0.10232048160636854,0.028472066057752623,0.08047386962001736
3147,-0.2889546566150327,0.05735804419696783,0.027284379630173473
3148,-0.18917021293769554,0.06229275949023105,0.02283012934517988
3149,0.1397228287563741,0.005486073534507408,0.01206738493545846
3150,-0.06219145950751222,0.08995286917808284,0.00830539930425408
3151,-0.26851615509305404,0.03404080461824962,0.05065704167923463
3152,-0.03353982207153275,0.04724675636509423,0.06876523384446157
3153,0.05442171977486634,0.011988674484083472,0.013626687548756468
3154,-0.0947623352098138,0.05357981070058258,-0.09713644578763991
3155,-0.24115794354314485,0.02865565458810613,-0.47389213127740576
3156,0.04907438705440892,0.011080238300436418,0.013460111350323767
3157,-0.07390480968245344,0.06621393104973315,0.09140509665235819
3158,-0.1153739810627337,0.07448074211084638,0.17320207390337206
3159,-0.17105092287930457,0.012230359991601448,0.03397814813740022
3160,-0.16949498867611537,0.1704319188254057,0.02571723231059027
3161,-0.1413853169038441,0.08370173154930327,0.021541194476175432
3162,-0.22353150926991422,0.06471224202177421,0.08224382439667999
3163,0.046331963931278655,0.1380599792016954,0.02671464231976997
3164,-0.20169354244422508,0.06241352164836596,0.038429501615768115
3165,-0.02247466887405575,-0.08385047861037531,0.08029392696296732
3166,-0.07394724463325399,0.07761907389100603,0.0856999890241377
3167,0.025969112007714512,0.0623108667503,0.25635249130700344
3168,0.09884277154251123,0.011007211731127332,0.03664518044806715
3169,0.06632748566987107,0.05213502816084203,0.0989324923283899
3170,0.01416415910614284,-0.15321649528504838,0.1144609618478293
3171,-0.07074603631641493,0.008126910121141407,0.03548987129006188
3172,-0.16619133292066357,0.05956528085343039,0.17813069732249487
3173,-0.026096754733579294,0.059957334722332355,0.06294843464240973
3174,-0.29848762532174844,0.05100586258881637,0.019014972392246088
3175,0.06897833402675671,-0.05609518141500993,-0.004219103626469207
3176,0.024295097317972303,0.09585430010313745,0.021209746579794676
3177,0.13730004841427365,0.06389714385519582,0.061646553820952014
3178,-0.13034582303793263,0.020515598164041547,0.019861548102558867
3179,-0.26025092278625317,0.15190387155374688,0.048317390468918545
3180,-0.22686261728685406,-0.16853353111748692,0.10225764579158717
3181,-0.12314323741704544,0.2090353399479202,0.11231870796450186
3182,-0.03424033615142669,0.0028136919766682204,0.048437978912459795
3183,-0.09368346649369055,0.02078394900145918,0.1554789577403075
3184,0.2446680837169222,0.062146157383602,0.049284073865071935
3185,0.07313043429487504,0.0782844687482375,0.06183919930699699
3186,-0.16756469309761762,0.018446440440033185,0.045455629824667214
3187,-0.02393361018491834,0.18505888600501452,0.4638117522926516
3188,0.02893755836023977,0.026004951168272544,0.06611276083576571
3189,-0.2981178886661995,0.05615549522615455,0.03748476815709804
3190,-0.27367833694375954,0.014622049759311263,0.0382516883768507
3191,0.020311699737265213,0.03524095982572,0.09981404722003501
3192,-0.05414044056688404,0.0015816043945227178,0.09852717180535209
3193,-0.05674635294581149,0.062135696227928854,-0.06280125826695013
3194,0.05497892334465012,0.0993176876739224,0.0400475616393047
3195,-0.19421652935434608,0.0648097484969908,0.09778560301008925
3196,0.19394801719766872,0.1279964856873883,0.1234550459645614
3197,0.018420542853363225,0.0664954467056681,0.09825465109465142
3198,0.011615458209900023,0.09041660816566055,0.06918673463721896
3199,-0.2416527186777661,0.04074194404798798,0.08899300440272713
3200,-0.012262897976897877,0.04687177436466189,0.048592781190932494
3201,-0.17421597325625185,0.07844957664240149,0.093951477089731
3202,0.04089705169528448,0.060721541469050254,0.06504590672224353
3203,0.06907549181915817,0.009532265677911045,0.041728417294209924
3204,-0.05762051986453347,0.0689560682697476,0.07205767040157955
3205,0.012607783524791541,0.00929886043064336,0.015801499872355462
3206,-0.19001367921713985,0.09288022010051367,0.07843212453703036
3207,0.021825113081622535,0.003648618541401905,0.062095085059809776
3208,-0.12552604880470614,0.021377566269976413,0.03372219678246465
3209,-0.26264868173771183,0.07926767877554847,0.09060194876458016
3210,-0.05085685888345603,0.07139664132966393,0.059660751809720025
3211,-0.1496808225760637,0.03835145278558316,0.07495752556765581
3212,0.12449304494268429,0.05199656754580717,0.01981419842032317
3213,-0.2307695081746696,0.0800916709927437,0.0013786793617840743
3214,-0.1720947546570073,0.0060970433409165085,0.08557073761136065
3215,-0.0758800064281536,0.13915837689050978,-0.19279055632843686
3216,-0.09976405043846355,0.0034106550895935507,0.07161661218645701
3217,-0.06362465909420445,0.03793658774886151,0.07461853380283161
3218,-0.14981142844724812,0.1778638225863092,0.011501418606471948
3219,-0.14992266863156717,-0.41684839042710903,0.08496033455913854
3220,0.0853206031039015,0.06424546102593341,0.0758175324563024
3221,-0.23722314563523514,0.124059934007195,0.0526391985368936
3222,0.009774710870589093,0.0334701605423116,-0.08471551544547573
3223,0.05586768283425608,0.06948425546031888,0.03242867580495184
3224,-0.1562136839719069,0.008118629097793817,0.0006778249467975118
3225,-0.0386444604847798,0.07505935699673352,0.08476128489557504
3226,0.09193585056565678,0.0007734718425436715,0.016327720774537702
3227,-0.06361138213868972,0.008443602747889986,0.013037806124814135
3228,0.1665890263388086,0.010891830784072732,0.04139777099105803
3229,0.06401483025043883,0.03553754132748526,0.008713041009795875
3230,-0.16542183539720928,0.05685115772216457,0.07706241158045286
3231,-0.1798189974821843,0.003952709303975433,0.03580677491698991
3232,0.07542541882362777,0.048314394463927116,0.06284935720595326
3233,-0.31546192398879347,0.012435307648981776,0.05455718254136818
3234,0.09686785282330676,0.057131475079268426,0.04306980341487317
3235,-0.09330717465745732,0.02339520353064522,0.11589021092777747
3236,-0.16378088483316294,0.01465954420726915,0.06614930441904858
3237,-0.30460937072590977,0.009182849449274366,-0.0968773218627347
3238,-0.21865322733258674,-0.009843168471678487,0.04575822978858433
3239,-0.11385115533365067,0.1567579799119454,-0.0020618707875466186
3240,-0.12663967523398725,0.03659854851291152,0.020978686117815604
3241,0.0232047331655494,0.08141828445351672,0.04858245655097555
3242,-0.1675848797634341,0.5602128621244521,0.1520605305236119
3243,-0.16257431472802214,0.06252285788798766,0.02563638817604086
3244,-0.27876357762434045,0.09805370866862757,0.04482236124551323
3245,-0.15421861138874665,0.028441583426617525,0.018746284449867368
3246,-0.10073117005539764,0.025846643822440563,0.05935371912820862
3247,-0.1094063822031143,0.18313597244476693,0.13278266342895914
3248,0.14996005966135653,0.08987629967341779,0.05882415388808979
3249,-0.2242857302507797,0.09222872596637688,0.007377121507596252
3250,-0.34405678811904206,0.03471020284359018,0.07926901225198434
3251,-0.32132820347984015,0.0034128307607100175,0.08048003657809714
3252,0.1334352273474452,0.010747589960181958,0.02204263073812083
3253,-0.01884233344587096,0.19527400291034358,0.11645150420296295
3254,-0.06072519007979602,0.09349714500944042,0.0715061383861768
3255,-0.0963191065750433,0.0529847821313602,0.09129078357642018
3256,-0.13685915971256674,0.002426011516536164,0.036325018466830984
3257,-0.39325285451900127,0.06081211591196942,0.04309232233387575
3258,-0.1863751700395424,0.08591179376287136,0.07686075937053105
3259,0.21758487900338694,0.007640972031423332,-0.08635958316640782
3260,-0.24299469432726448,0.01852133630894719,0.08057151379233811
3261,-0.22538398117367617,0.03914019770938207,0.07743292249334474
3262,-0.00043416621612128725,0.03644071019161121,0.07059049645911586
3263,0.008191278935137625,0.03053186022548626,0.005983514431667891
3264,-0.09453076394784081,0.05518960125382452,0.07651149518401902
3265,-0.007012871686300416,0.08463900792022763,0.09153636222924864
3266,-0.06465996641075894,0.06652213601025271,0.09661767592427498
3267,-0.018100835813610675,-0.17700322748674222,0.019789068722257455
3268,-0.1530161153731192,0.033994123193073676,0.08819813522361898
3269,-0.21659467230002294,0.09561429940014868,0.06636203919104648
3270,-0.1767875470138332,0.09249598897827821,0.021543917929447223
3271,0.0648902803964936,0.013980912939247246,0.057065162967215664
3272,0.012182332590736658,-0.2049100528173261,0.030659684087505412
3273,-0.15444375840559305,0.008218864397480475,0.006740890975760739
3274,0.020750443298568455,0.030032722259964964,0.0602810901879145
3275,0.18787355051594126,0.02053149059233499,0.06272114123620201
3276,0.1016032895192007,0.0494468911021903,0.0708281778569543
3277,0.10934090838492487,0.171053781741852,-0.008477295392691542
3278,0.1200754186135877,-0.40362857668121466,0.1370660017984832
3279,0.14054158765445196,0.032558729528137965,0.03247246771517616
3280,-0.1644353464746766,0.09020277519472486,0.0016395970664084048
3281,-0.10349042070994577,0.011026373664595236,0.027595108306946038
3282,-0.2741712764020488,0.03635809512374893,0.055980820292315964
3283,-0.2587852784266294,0.15676735407308262,0.04046369247292518
3284,0.11655464318696918,0.06148303005362572,0.05922740208605142
3285,-0.07183146840443332,0.028080696062978274,0.04124699223105565
3286,0.048196402891507284,0.0783927358815498,0.06925300455365051
3287,-0.2035153612009219,0.07412991881614132,0.05002768719665274
3288,-0.14456741264516965,0.0014696485047194009,0.034565798025713315
3289,-0.14728936763477257,0.04345406989838159,0.08218021134627224
3290,-0.008699513686241153,0.0534548473189622,0.022912654664944188
3291,-0.3692083699219736,0.07776556523051248,0.14199552186856942
3292,-0.29202198204355734,0.011847973934307466,0.08700293425124475
3293,-0.07631141386753246,0.027658913942288532,0.0757713523011306
3294,-0.1818452698623737,0.028142585507468176,0.02986066621527378
3295,-0.1817879355293611,0.07919861410672387,0.040196987887856785
3296,-0.2948430322408261,0.0942122635391434,0.03456242264103302
3297,-0.27752375557093245,0.03783965753870904,0.01310638450913575
3298,-0.15394717663254287,0.07124105441878258,0.09552943977648183
3299,-0.07574512275061902,0.06429343108419161,0.1743660421246127
3300,-0.21078833905485334,0.08053078186841495,0.2350715551607357
3301,-0.17269658856364173,0.07445061574751416,0.03145571159812893
3302,-0.174473899996037,0.014986490089600936,0.024700253201501876
3303,-0.20947207965129477,0.1751262314687998,0.05233337687051661
3304,-0.08304508956405779,0.06275713532883409,-0.05973627459562287
3305,0.040415433630582004,0.051329177446779686,0.0709402850038005
3306,-0.1295285867173771,0.14226111331343788,0.10562862625941723
3307,-0.057613663209288145,0.16697845743984713,0.03971746325561611
3308,0.0065958585495700245,0.053856267630077836,0.01627386475687138
3309,-0.24613948982884207,0.06393491100655718,0.04429508810356924
3310,-0.09518620429281649,-0.10610621085464761,0.10434087121726421
3311,0.02276267385641333,0.01949253724956326,0.018145937768955057
3312,-0.08301807432355171,0.03191699587307747,0.06126603349329573
3313,-0.06875268969799797,0.020979158432726422,0.08508127363339886
3314,-0.1478180870801777,0.028725046792268328,0.09545531806141501
3315,0.051051927659769666,0.058294282763797736,-0.05602233791420289
3316,-0.22969119245341996,0.09239955326387599,0.07570200439018455
3317,-0.06226905165558526,0.014985952611654724,0.16707047069374048
3318,-0.05279544930087679,0.011795457262561072,0.09612548106619552
3319,-0.1699906666117713,0.04243270155799681,0.04783512147264819
3320,0.027379898267328506,0.03686462211255783,0.030422249599509357
3321,-0.09463878892841796,0.010618351936796966,0.07466377702797486
3322,0.02793072343954206,0.055045198967335965,0.02601929625599987
3323,0.12350782256490034,0.006165210730417293,0.003408019096046511
3324,0.05186855983126548,0.03831819523726019,0.09792238506273446
3325,-0.12443108385751903,0.044882306033472125,0.0738793911804884
3326,-0.34522756886111067,0.08841047168855128,0.0606957968917383
3327,-0.18229051797358797,0.05005225893956298,0.09400531238022011
3328,-0.37822026601064496,0.06914565206910357,0.06345515463833583
3329,-0.07639526219519327,0.025334580500568672,0.0805237931838041
3330,0.04169608533801514,0.09515797441863061,0.02439587903035787
3331,0.07020876509999063,0.02515661929659965,0.09128239465336155
3332,0.08930042612004191,0.012119884455214482,0.024542163221189486
3333,0.0731040991171085,0.010549196106859282,0.03241708443116444
3334,-0.2852809549612968,0.04348929594009951,0.07449096706180557
3335,-0.1098509263975741,0.030762747132457594,0.082380264295453
3336,-0.30933721523031765,0.08098278565078407,0.025837007189320985
3337,-0.15440599244039194,0.007702133353144014,0.07451687711611227
3338,-0.19502261261030318,0.09169002721593313,0.03943492505183624
3339,0.07434535873872145,0.05721039697419117,0.03441329205741502
3340,-0.05709461173956888,0.1775055774852112,-0.2018538402496994
3341,-0.19037992137160656,0.04146583880970463,0.06569882925516153
3342,-0.13653457736357805,0.015289713049499276,0.05652135694112775
3343,-0.16652498954095107,0.042400528625508194,0.0356092963084992
3344,-0.2107134075446459,0.05055143736699533,0.04105816718535972
3345,-0.10771936524354447,0.17303399452906942,0.08739015282246963
3346,0.01921558119640468,0.037688201003665225,0.05686132631110498
3347,-0.07645875727325155,0.04866444511916645,0.0179356589039145
3348,-0.054319715733412516,0.07851513938802007,0.028911842058067683
3349,-0.2733658783088569,0.0392991202522398,0.08507057833960599
3350,-0.04207361829807877,0.0007543568649492349,0.07010003630951264
3351,-0.19137126817523611,0.06322388771595083,0.0024095679185323626
3352,-0.0493861031343802,0.06110834970658068,0.030114837102445426
3353,0.04244344219050136,0.19123669940859145,0.024015370428597305
3354,-0.4494123367455214,0.028462766338564552,0.0785545500001391
3355,-0.15139333862392795,-0.18897856993291517,0.17759728930081142
3356,0.021711549174879427,0.08404517993184314,0.06398239153517814
3357,-0.14178301540693034,0.09597291109170186,0.07360282489114595
3358,-0.10466973414214266,0.22139624567076577,0.017607913230564345
3359,-0.07094258916108326,0.14466830110094892,-0.020107430009811633
3360,-0.13329860809747052,0.08014802552665326,0.03516775283988534
3361,0.010943740014367112,0.09331924929969415,0.045803172373927
3362,-0.15460005490410503,0.0032069177262530335,0.09288105745711095
3363,-0.1447998208289943,0.012044888616537831,0.05541970703186719
3364,0.02856178478635779,0.07658236616722097,0.030954123134199065
3365,-0.17909616404407358,0.007736899256705743,0.02420442636751422
3366,-0.09401415091807765,0.056974988029176055,0.021786820543581133
3367,-0.24410439517947372,0.05367343785570252,0.08909699461087316
3368,-0.10744590860622993,0.020641987299087818,0.040358121653311624
3369,-0.00487830363379755,0.05441278569806103,-0.11135461451387374
3370,-0.17558449129669584,0.018349550774627,0.09571001780907061
3371,0.03436565064071318,0.020209926420336536,-0.08813884139528355
3372,-0.35863055857676296,0.05958314959475023,0.035531314654355196
3373,-0.26962966806915356,0.022613821435813433,0.06556778503099271
3374,-0.29835822348131713,0.009030441687338398,0.013845486685869678
3375,-0.19368971912869126,0.06508227893457995,0.043426954429350496
3376,-0.06839769824831521,0.16040037488487166,-0.14284217206841626
3377,0.01825125472649966,0.07024200357236698,0.011897821722221535
3378,-0.202186822233338,0.042747818859412735,0.0033892146314537077
3379,-0.22457018070566337,0.060579698094223616,0.038289598149302384
3380,-0.028456013252731897,-0.07539842172891476,0.015938854200328423
3381,0.14560240258823104,0.06468144970098882,0.0887004005678238
3382,0.013658767372594818,0.048571394109561176,0.03446248934074502
3383,-0.05789021813905943,0.0018956208974447609,0.09796791620497083
3384,0.05332670271417894,0.04132077733143128,0.0027893377832763026
3385,0.056947192383598445,0.05926933670358279,0.04100897447794136
3386,-0.1374042529714628,-0.026658570967927894,0.07344269759524431
3387,-0.2384037320327325,0.05996929345314078,0.053270407581866665
3388,-0.18300554382203088,0.0016686990554433236,0.04954136714612291
3389,-0.12024663523149642,0.11907116784375282,-0.18206124234984788
3390,-0.2332402196585153,0.1598274074699847,0.31346521407991274
3391,-0.0611716786272643,0.06988303541699822,0.127732521259396
3392,0.17717418128425924,0.19411237328698722,0.10590872159768767
3393,-0.1997490692735615,0.13666581575085482,-0.11118488051833504
3394,-0.051784213008400415,0.04287661451539504,0.05732734142912831
3395,-0.10877165329578957,0.012629370203461455,0.08393377940748908
3396,-0.3191819852578486,0.10712570125067639,0.11934770057098981
3397,-0.21283267911315598,0.07086531261408786,0.09302734697638343
3398,-0.02864661411486645,0.08926983830064227,0.005665910250475615
3399,0.005035575047177145,0.16583781189320618,-0.04679310827119489
3400,-0.0882296586228078,0.05941667499596204,0.012904481575901506
3401,-0.06560340970285491,0.17816687612985596,-0.12749661925230005
3402,-0.2911371419656528,0.0712857978694655,0.06150222743250314
3403,0.03147466185158654,0.013822946038482598,0.009780296253357058
3404,-0.13818436514552407,0.057184008708599146,-0.10195459014171156
3405,-0.22258291944212028,0.09778037760509217,0.08994351180498211
3406,-0.11810048108378893,0.17042758824199566,-0.06591410618812679
3407,-0.035551640721564706,0.04116469635161046,0.0446515927671187
3408,-0.1156464649513936,0.04107944289467588,0.09228977517982928
3409,-0.028394329493594286,0.0026109147061864515,0.04234121040672885
3410,-0.14073968079092866,0.03489778889328774,0.06692125569547658
3411,-0.2953877369228338,0.08147006926824475,0.07965723869220469
3412,-0.2222981257962011,0.07566123671101037,0.015120782945777879
3413,-0.17929935019138718,0.08197415830776433,0.0498098248642159
3414,0.08515077297832438,0.025282252178181933,0.07092899039227955
3415,0.0007540249881705282,0.036431109817883174,0.020748444281516416
3416,-0.11071012952678552,0.03151488671185262,0.048131355657758015
3417,-0.05729703124662411,0.1228603740574603,-0.12679668666468863
3418,-0.10332262211227847,0.015516385144470058,0.013667217271787647
3419,-0.30708115706210853,0.09003352782674064,0.01608233178130223
3420,-0.09351104015760783,-0.09127404142723565,0.04144630707967306
3421,-0.37800267451858816,-0.03173422788538241,0.03404304197185679
3422,-0.05875880106803666,0.10308790365794605,-0.06085785140965863
3423,-0.18648952759471685,0.046347077591712076,0.04471023372651178
3424,-0.08600589423479944,0.04573741674813913,0.06222155136949015
3425,0.046170347264947946,0.02926853237409153,0.028561278777052362
3426,-0.14292097662782655,0.07077027877135772,0.09826303329708491
3427,0.022195036048933567,-0.06607974507354171,0.18324706692363363
3428,-0.14221460206316547,0.014415370812599915,0.03135735573105817
3429,0.04361379110327677,0.06162896745053629,0.03923340542060747
3430,-0.15435703409862556,0.07197679515797113,0.04432096867072066
3431,-0.0352711802020223,0.01180548706056337,-0.15764727666452494
3432,0.021736401551115184,0.04172497547440518,0.034089968813463746
3433,-0.054332784455296615,0.08397953172372956,0.095662207038061
3434,-0.16816903971127412,0.11663045066275113,-0.007161357812382106
3435,-0.02394709032017156,0.08842292516779841,0.058886178864287125
3436,-0.19918118838803206,0.05796460929357164,0.15540968543353925
3437,-0.19401412581530442,0.06379096164883083,0.08553347546601077
3438,0.009870106596161742,0.03548640177907336,-0.10268215338333563
3439,-0.3747955434294413,0.051682378218312536,0.01599568744764185
3440,0.008382793495727785,0.04628185348200392,0.01914202666695258
3441,-0.19769673666074594,0.09663325031410547,0.06106132979031034
3442,-0.32666003971372104,0.006198211380241492,0.07725669499635991
3443,-0.10233670970331407,0.03172081789762276,0.045440131333301576
3444,0.04911819935174469,0.03163942808187186,0.07975442804600967
3445,-0.26159226116260414,0.06058760306474048,0.015154592572785675
3446,-0.21368036564563184,0.06554560875147822,0.04140057843466004
3447,0.08090435179170427,-0.13512124344611826,0.04168509190379634
3448,0.0628740796620686,0.025004279578204475,0.052000548523961465
3449,0.04467591642432051,0.01558701177049362,0.03839637737928494
3450,0.04953908519401496,0.017088615531569217,0.01613729201451058
3451,0.040582863494918735,0.031868892606249054,0.01171745504229902
3452,0.050497671397196124,0.031385680720132834,0.051001871008069855
3453,0.038383631728944725,0.05968258007490501,0.01388515635144266
3454,0.06787488423312982,0.04794063319151949,0.0002953413652443393
3455,0.03091210946069316,0.01638651237065016,0.010312723516583662
3456,0.04502614333557042,0.07127559774645648,0.09654322567214385
3457,-0.14439210686584159,0.04466880209473656,0.08571410581417589
3458,0.008226100738566852,0.021070191886951976,0.0008812136534597745
3459,-0.13751238789602982,-0.011105776738217978,0.22708211632252578
3460,-0.03411609060026609,0.01129133774629424,0.08761151623163914
3461,-0.09427802755092973,0.013505612313791793,-0.09783594155334649
3462,0.033461721172656334,0.03315002156411089,0.013926508708287287
3463,-0.09583334196614039,0.007529406358703462,0.0789192259083611
3464,-0.13254863453920804,0.02502605476427924,0.058495912371022724
3465,-0.27290053055299124,0.04974777457606119,0.022252486053648015
3466,-0.09322736708826285,0.017466231740666117,0.09916953625484472
3467,-0.11728112369323006,-0.045434331881713155,0.09275448544100039
3468,-0.07939929718822859,-0.1635288338496803,0.09993145638541848
3469,0.05530308103177033,0.5669663693500528,0.03674943409958841
3470,0.010833842411803888,0.05201253659868702,0.02983721913610859
3471,-0.07288641516977011,0.053601812924525954,0.08295285646058573
3472,-0.11259964097054474,0.06672417585887407,0.025346487825010797
3473,-0.22515685273047928,0.03957009629669987,4.0229761202525976e-05
3474,-0.23573367618522648,0.05114932796419223,0.0545709382105907
3475,0.12693050625775693,-0.2540732849133247,0.17191244051499716
3476,0.08492996220717877,0.07191831201746939,0.01212401983393584
3477,-0.07919278327605553,0.08453379288427176,0.039434864935839364
3478,-0.07157151634768213,0.19206168663654732,0.07843835398327201
3479,-0.14013338518331311,0.08395782106014633,0.0397230271533759
3480,0.03709769348567309,0.06627253593181749,0.05750557813628467
3481,0.02169341916912336,0.1719886100487945,0.009653107181133935
3482,-0.09468779033465755,0.09457087146586907,0.010347410869520136
3483,-0.02062001268678658,0.04984651260576391,0.04490143050506817
3484,0.18594513723403602,0.08250880067820271,0.05823636631408663
3485,-0.14722592755094782,0.05053040619878529,0.03057112209501539
3486,0.053772842686539445,0.038850283839612,0.01810680655606371
3487,0.03917491792531364,0.03547365239741374,0.014460948293469814
3488,0.03973064951115987,-0.04515255830231293,0.04551530639717603
3489,-0.28687060435305173,0.029239069415449483,0.04097507437762944
3490,0.032421554755724356,0.033922491001238654,0.02043864899849836
3491,-0.018467941937670637,0.0930568421217387,0.040077966652974396
3492,-0.14457852384974812,0.0012954536607726497,0.08576447487309174
3493,-0.05015867042286026,0.08204252583795262,0.003819045311055369
3494,0.01662394593875586,-0.2694685810463626,0.025255478074465577
3495,-0.1764128542911627,0.020515701329771797,0.04299382046236714
3496,0.022685694602533335,0.02727534128171079,0.00913863034345357
3497,0.025340426605952048,0.009009005706045606,0.015258781051478208
3498,-0.20783690827646412,0.015700469680322737,0.006861501182236097
3499,-0.11344585495476273,0.013327621425624426,0.0011352222697166403
3500,-0.16656825349067014,0.10186096238735849,0.02356452142656093
3501,-0.12161795340907576,-0.004173058415467716,0.11668304991649275
3502,-0.3460370072149864,0.011437931546041148,0.06313643421494529
3503,-0.2489515407265799,0.0228317908425147,0.06263557524848098
3504,0.04380042052097685,0.051557767556337564,0.035131467804355936
3505,-0.16866051646456648,0.0062403888130629585,0.07871894646003208
3506,0.0813384015046909,0.07038250358570672,0.05045593428635036
3507,0.0702504755185373,0.005529919228223615,0.08873723389821103
3508,0.04726207925916723,0.008017638281914818,0.012349978077336274
3509,0.05773167223896156,0.028627050120433203,0.020014281124893746
3510,0.058732814204709376,0.009545644098394146,-0.26553886972508733
3511,0.011357156975351758,0.02198056984384503,0.03438342054898323
3512,0.003332569865160462,0.023701940924680823,0.0400234722455966
3513,-0.10638162150606927,0.07296714447304481,0.0002014489243663875
3514,-0.05215734163899351,0.123065948800064,0.04245510032514731
3515,-0.01304370362588507,0.04676962554352965,0.09045530840380565
3516,-0.021984267090839095,0.16115265571504955,-0.06249989810285936
3517,-0.10731312181035414,0.08537332764999833,0.03406915273078555
3518,0.06649413798067697,0.02959631243627854,0.05871915320546877
3519,-0.16806689062558355,0.1097670028948087,0.04355514717703125
3520,0.025432320096042047,0.06534916537079259,0.013349129683898632
3521,-0.17038231152306832,0.050682644284448665,0.004011587709688991
3522,-0.02768831280278425,0.19944112219409132,0.0428355046087221
3523,-0.13329494196471287,0.07484060243916993,0.039097975376367715
3524,-0.24700965987171827,0.0907136811477535,0.03268597779500059
3525,0.020502548300222984,0.039430745554005754,0.03224913901226952
3526,-0.3274641695470629,0.03752387087340037,0.08532435125983479
3527,-0.03403742894818665,0.04600606087296924,0.09343218744718866
3528,0.025265117228961048,0.09945061273391473,0.02328060404016006
3529,0.021713116330874874,0.03477443158352461,0.03757597058222392
3530,-0.1332015440384226,0.03559019217507791,-0.09609041948049454
3531,0.042504937865852355,0.0476564552699281,0.014121531974777835
3532,0.24767846072436597,0.03956416557894985,0.11812097239188463
3533,-0.15282409531886376,0.016053654133112272,0.07692517710718894
3534,-0.07717144089579757,0.0447629487798335,0.0006747239102620206
3535,0.0238234360257029,0.04571070706031505,0.028797848180878674
3536,-0.31278718940049477,0.023150463323116335,0.0689788763534155
3537,-0.12052084802479063,0.05498568533552,0.050614411177247645
3538,0.061938390287712086,0.3400571014637209,0.167824733410885
3539,-0.16054346592275484,0.028502786929233505,0.06812273867828358
3540,0.016514158296562997,0.02830623319730789,0.01987560755327745
3541,0.0427138588679481,0.0021229611814907122,0.028814410933543824
3542,0.04381405871721544,0.09359792296102293,0.038016717916933354
3543,-0.21464723321492368,0.03347578076414339,0.0517182850270859
3544,-0.09019840779725365,0.032409798927588385,0.02100690536140807
3545,-0.05565079507523656,0.08210196137248323,0.0773504159899729
3546,-0.16288801770228306,0.0030336602819893144,0.0017305839255065238
3547,-0.09157362670071634,0.05974603949493909,0.4404805172942511
3548,0.006997080603235006,0.0547137865837408,0.027998093976330213
3549,0.02947867314916236,-0.18193879967042859,0.16351899828402972
3550,0.004989708509375218,0.09532034836929096,0.07336334483508103
3551,-0.2883823522170608,0.04529333008093574,0.08361085371884497
3552,-0.06178026013882453,0.003430017161553023,0.059273840849914654
3553,-0.20080126540447152,0.05217394236136535,0.06996428997385379
3554,-0.20417414564718606,0.08383063178250122,0.022664107021842208
3555,0.052739996747153295,0.07095938907121066,0.053747645409329525
3556,-0.013994866267230052,0.11578069475807498,0.03425618796152641
3557,-0.29993514596729365,0.07261022637944403,0.01686249821885143
3558,0.09107423232719661,0.3928448201909869,0.008562994998653928
3559,0.0877544724082606,0.004451166780667037,0.07650782681428508
3560,0.08379352824172807,0.09638871434315928,-0.2953007368123048
3561,0.05376076874027683,0.03836074617465964,0.021129010255845817
3562,0.0021452174333983867,0.01138424512403906,0.0460056881105157
3563,0.022696860088406125,0.034381660097903576,0.059800734765385145
3564,0.05403585429081633,0.051075703616401145,0.03822279999003999
3565,0.05333912841402439,0.03595739339505801,0.036223188083693326
3566,-0.04875335873643229,-0.14863994739908315,0.025696642948341376
3567,0.0053861840869846725,0.0022820388468666633,0.06618640996854185
3568,0.022878816703296872,0.008011417388044813,0.03563161569565557
3569,-0.059165075649443385,-0.041428954354254796,0.17653618560444517
3570,-0.1091285970153581,0.026415434142163026,0.02349304275054918
3571,0.03458387217311438,0.0345512454637147,0.07402142968101998
3572,0.04235190262562763,0.06393657586825197,0.04921573137210442
3573,-0.0037197681799495397,0.04009647628612796,0.06127690402422414
3574,0.00015796309852583734,0.05286553721808385,0.0823707245118512
3575,0.064289389569885,0.010520808036587224,0.05834399977784039
3576,0.07643974391088718,-0.38840164369064945,0.04300529802856378
3577,0.05879660855577575,0.017492762302513575,0.02650991679104465
3578,0.06480997420301311,0.0003977284120695091,0.05882044922438459
3579,0.018804692361465102,0.0314851803205868,0.043813983359076415
3580,0.005646222148082962,0.06348068053438616,0.02267513074499307
3581,-0.3007959445164765,0.04899711105977727,0.08442497715582507
3582,0.027365552140368482,0.015674046745086323,0.05927184692711115
3583,0.1366597099467522,0.06407812861650534,0.083977200616097
3584,-0.04760256794450564,0.09761153665665126,0.028176961804533558
3585,-0.02906523258806315,0.0015892388474453402,0.032409555924374014
3586,-0.1958238374252797,0.33834068657253874,0.044830879562823125
3587,0.029174149178263793,0.040191206229750566,0.06514819943372803
3588,-0.07556291786757402,0.028072630912174712,0.03415661320544107
3589,0.2850933595825258,0.07134585152980255,0.04534152583315268
3590,-0.06765047731510035,0.10705772640602354,0.062458090917258235
3591,-0.1230261992404904,0.043193679394377016,-0.06045119833545551
3592,-0.29482411015149673,0.06759469928278274,0.0024085441334848693
3593,0.0012188575650326828,0.0364752175252505,0.00792217469479822
3594,-0.3295187927738996,0.07975440215777384,0.01880747398427909
3595,0.11264784942776893,0.09306599034429852,0.07302939271352447
3596,-0.08782192728603924,0.002646962597511149,0.04916218223849516
3597,-0.34435159618951905,0.09592534872108564,0.0071574239250861375
3598,0.18496341289506932,0.01074751387373767,0.02280405626479456
3599,0.026019016300761047,0.19011944002998774,-0.06933390515960128
3600,-0.20031435420779517,0.0995051478570698,0.006738951249255077
3601,0.043374826991337705,0.05562172066195365,0.04278878638488217
3602,-0.1876545371008043,0.08804872850099005,0.001079457235158421
3603,0.051162940571500504,0.05068337277069662,0.049224946094417577
3604,0.01670480885057284,0.017830997130296553,0.05665168744629933
3605,-0.1284745204232239,0.04892844578556217,0.18602209759993807
3606,-0.272642443480204,0.03727184393928706,0.03116692516716616
3607,-0.15745990005573243,-0.0027877730536759807,0.13932814053839257
3608,0.037922291805337634,0.01287754958590591,0.03897270457849222
3609,-0.27272477803664447,0.03812403578126118,0.008995889228582132
3610,0.05286039232325542,0.06261215020768739,0.06590320898967672
3611,0.00951618401422078,0.03202461289749608,0.03859260044871457
3612,0.042102720511788594,0.07849133967091025,0.03858603792778769
3613,-0.16752805950655797,-0.18474974782964965,-0.020045870814131807
3614,0.02153203879478635,0.05654869469305362,0.09772453187111997
3615,0.11838267977546807,0.06460661067302598,0.0015474107339629617
3616,-0.13371595271900202,0.05283105321972549,0.020951432764760913
3617,-0.20836757325682825,0.04970173373550921,0.07323346831653937
3618,0.08322004397590303,0.06843049108005694,-0.1000570666022887
3619,0.022194303306536003,0.25385547548697174,-0.032137164612252814
3620,0.04064201480853791,0.057717432817701746,0.007708793077922805
3621,0.022261518187638583,0.01646453637929056,0.06655293522832927
3622,-0.21408321099451944,0.08961766878862382,0.08379320371050479
3623,-0.36643479929167555,0.03388870802824764,0.013276721372513968
3624,0.026206739966549698,0.0664773743252447,0.009901971897115036
3625,-0.17097817902353046,0.08568443492673707,0.040828477450404944
3626,0.04443332747729107,0.031013529398383588,0.03287396577854428
3627,0.0158647971451418,0.005724069899755402,0.007445436299739938
3628,0.04609044127646004,0.008476984594532532,-0.5072343893859627
3629,0.05759266828890275,0.020590243518245798,0.001146864846102062
3630,0.02443511925980547,0.029451830441092706,0.01487536443148126
3631,-0.1100636119087838,0.18706785624583497,-0.11106377905320088
3632,-0.12805451506715076,0.18816585233939406,0.04431142437103379
3633,0.0618742146665698,0.06615767740480467,0.01960481104407631
3634,0.052673432910077055,0.04249333763870688,0.0019823272588046577
3635,-0.16482134586392003,0.03923549323482825,0.002358789198229974
3636,0.04065180476432703,0.048192614850936406,0.017344686041054644
3637,0.024148345305281132,0.03444580069496873,0.047286601633413854
3638,0.004407375040953247,0.004414965433784191,0.039642715670108485
3639,0.24194295231880522,0.013518947185160814,0.05113214792495329
3640,-0.18012827600338807,0.04716400758185244,0.054145748296157196
3641,-0.08887922783330843,0.044342879334897625,-0.12477250051093226
3642,0.006392566428895727,0.08262189617161309,0.01171315627913765
3643,-0.13583189438781745,0.07840329534773319,0.036010907104619586
3644,-0.1842709721808385,0.07907641727679249,0.048128748209990635
3645,-0.3814966495456279,0.04585407228537839,0.061887012784301865
3646,0.01791673565982983,0.0154159497773139,0.030403280493764714
3647,0.09966567394962832,0.07717365428692709,0.08147986742461436
3648,0.01582840183064147,0.21130592661123265,0.018484441280988174
3649,-0.11803872804883933,0.047603134934680005,0.059817305661667014
3650,0.009731572179921807,0.04266973209809967,0.07860940655563203
3651,0.032354210232789636,-0.46005299668392263,0.0016324645860512966
3652,-0.2242577629679835,0.18597779456651506,0.03440402816626256
3653,0.011592860880320027,0.0045638530147492345,0.035529962417979934
3654,-0.08238029451401123,0.03329157459616684,0.040226756901573346
3655,-0.3401619946966121,0.08994292078045835,0.012875015361515786
3656,-0.05269740300845978,-0.08466831906655976,0.1769427327042662
3657,0.08564025460245499,0.04832865855862493,0.09609676247032424
3658,0.04272665429647807,0.013908714395828949,0.05738158387013409
3659,-0.16981855698479428,0.07416549126809245,0.01945224411183584
3660,0.05324063436464158,0.052106712644015285,0.02222096697594383
3661,0.009519227081908388,0.09484377005056044,0.1411345678529436
3662,0.17361168402233448,0.06487668853129464,-0.34888815995644534
3663,0.020256408859677603,0.057625922259449035,0.028238845453020255
3664,0.05601589718466119,0.0012627968153307986,0.036494880074387746
3665,0.026151744650151222,0.017814004660200056,0.18294597268126025
3666,0.008368363863406574,0.036858576262000405,0.04722417734238137
3667,0.07860028922494053,0.005908982051487333,0.06353099741653898
3668,0.013065665794788829,0.010298482305973381,0.02529292520861506
3669,0.0875086077535837,-0.1115717269647071,0.012797465482547954
3670,0.031933525281236545,0.002444244179959543,0.04416288243105928
3671,0.00959167880866816,0.19229222255681094,0.09842468728841904
3672,0.05220127575374909,0.0652031579077998,0.32259714476419
3673,0.009499401392880955,0.01535738343635896,0.04110805644106437
3674,0.03140604208469817,0.008477190089870343,0.012050688954384067
3675,0.043534233794076255,0.05225526815144609,0.017813801401162788
3676,0.005129148085608915,0.06002699592446126,0.011241930325472842
3677,-0.1881057854021822,0.09454405094420577,0.058208265791116265
3678,0.009227303137624262,0.06542932967440193,0.019021420384748484
3679,-0.08519685328204406,0.04512248242165337,0.11679316469591186
3680,-0.0938589622868783,0.026124974204911656,0.05435456307185155
3681,0.029595794308075737,0.0911569705163352,0.08931011837521179
3682,-0.01152821539759813,0.19769516170123935,0.24091843615158937
3683,-0.11546492644846511,0.0370091846841978,0.5172759336148609
3684,-0.15714176323429777,0.13138559243032186,0.0006347554511135334
3685,0.06426590269565106,0.03449166436325612,0.06331234592856683
3686,0.029926517880925953,0.02491920944296354,0.03384098872950302
3687,0.006507102536052926,0.009196273668153506,0.024122340550160506
3688,-0.1553244866594205,0.00250414784411952,0.04418394873930629
3689,-0.2331445286147848,0.06313919822115055,0.0902993282961256
3690,0.05742272956638815,0.06264192299184158,0.1953595828722701
3691,-0.07128183317717351,0.016778943530100232,0.03169998289365652
3692,0.02275049852354241,0.030371478501022328,-0.23240543493164117
3693,-0.23284193967075542,0.09014511126934933,0.030985289129983863
3694,0.0352888967586266,0.06457662316903316,0.0961554192165452
3695,0.03394616411607957,0.011779536018738757,0.013925706493967816
3696,0.1959102679009516,0.18476923936161627,-0.1370257202149494
3697,-0.17156862679594423,0.04114675196910164,0.0866070485248007
3698,-0.27992490471084186,0.03126290802736629,0.04272156528291071
3699,0.04691493019051971,0.038683328101413166,0.03672379395188811
3700,0.0578326956038403,0.024557696840676074,0.052756150874149164
3701,0.021468158461266654,0.051594018000364755,0.027302543516056915
3702,0.09094989708404948,0.0839427041866283,-0.2298452241171221
3703,0.01933704828435628,0.02209144939347302,0.01011070182702932
3704,0.0058124715885549206,0.004005794453619268,0.02714503688679278
3705,0.006374936643175788,0.0036203497155133713,0.1191095351987254
3706,-0.03078668317003276,0.04416799808844869,0.005701127116860028
3707,0.054127892687391654,0.05578563271911165,0.04140210722002509
3708,0.02405454140443214,0.09592936295190227,0.02368858381686753
3709,0.049899566202980555,0.058867612554097365,0.06690113575801497
3710,-0.20292500589483548,0.08944409757994728,0.09554220535464969
3711,0.039359310749644195,0.05696184906148273,0.08620725858307744
3712,0.007267124746279968,0.012038010806561151,0.06489651000980479
3713,-0.17541088765779606,0.046564354326731144,0.025066437976559542
3714,-0.10839049634380353,0.06724343532850963,0.06484343566634267
3715,0.01018725351648494,0.11123246816849491,0.029950494377911464
3716,0.005281867602625553,0.04948639807220507,0.061928299903754015
3717,-0.08715789933977741,0.09483456076644897,0.22717258258231832
3718,-0.05959755335077266,0.010412935250135891,-0.020784742380816207
3719,0.04905192522243838,0.02035276741894897,0.05959474082789573
3720,-0.0606843080195168,0.06032803697383429,0.09665370688862239
3721,-0.41069521533993625,0.04956056022340708,0.08760912229138429
3722,0.03469058410002123,0.00858901607126236,0.00014809621058097615
3723,0.022402098688247447,0.08519141333779273,0.024494260124871166
3724,0.040175700369303104,0.035121926878923,0.04842903457831058
3725,0.02259942168513345,0.11151641978335708,0.02586308026446036
3726,0.048238870716124135,0.09180616722811352,0.03533654006655658
3727,-0.008122111921626832,0.10682051203285371,0.009851323801258745
3728,0.03504705739958592,0.03189340899199814,0.06536139830912462
3729,0.02580292462176287,0.046722477675168295,0.08854833423586898
3730,0.0004884692982492538,0.06636993900909074,0.014049675994353576
3731,-0.3243625520462041,0.0179237641168984,0.028495739641332965
3732,0.07670475003897516,0.0031663986103244394,0.04609386307799146
3733,0.05698699307100842,0.053354051380857206,0.05286048175859342
3734,0.07861163559492305,0.007376996961740656,0.04678551451896321
3735,0.07967312319619382,-0.2883963558654149,0.02371305083777704
3736,0.030284338566422316,0.050462982203760914,0.07430031003417782
3737,0.02314379635736558,0.08244645885875153,0.054824919990363354
3738,0.023690425090296938,0.02558317095396715,0.059166427316647265
3739,0.07865780276674487,0.08226074213980991,0.032531216049188794
3740,0.06831175756580349,0.04924896877180465,0.0651955194795583
3741,0.04216084646939853,0.07599148992789073,0.04705843928212664
3742,0.09214644840641095,0.0207550993031978,0.01796788014733619
3743,0.040582888721744204,0.06720570059719054,0.09204625229115587
3744,0.04168462735308355,0.010178252033636726,0.08045681746996301
3745,0.021791165109001864,0.009582972793656072,0.15527791246475423
3746,0.046504112354493914,0.19332694063330993,0.03875212775328073
3747,0.01999873103536389,0.005110849931914641,0.03518013391639035
3748,0.06453231238469923,-0.1153514833984531,-0.12698006056123398
3749,0.054839127341798785,0.0717770118803843,0.023678854577303524
3750,0.07632432138260274,0.05397402484044918,0.08994194468583838
3751,0.03261571267173783,0.06001067937542544,0.03280383257955051
3752,0.02243230541198732,-0.018787536543063726,0.0969784731051091
3753,0.026156934747138722,0.09854227627346507,0.07161550171648641
3754,0.022185391883348296,0.17969866219414482,0.2561715370093122
3755,0.007412673625830299,0.02701919724018841,0.07403252261006568
3756,0.22471544817343073,0.03391115014417874,0.09304574824681523
3757,0.15834803483673204,0.09061795434801598,0.008701370386382813
3758,0.04134128079776024,0.018163270612198714,0.02422000496760942
3759,0.06282739763387371,0.10968161807282811,0.08242769766941828
3760,0.057093024943432165,0.1434847178999291,0.3859920026634569
3761,0.03244811504973707,0.08365092142312947,0.04121922283987628
3762,0.014981025424773977,0.024289350750260705,0.19005710624403682
3763,0.02035072653599732,0.023943349463574917,0.02248068436519748
3764,-0.031249770745658476,0.007649443173004833,0.0369094374512516
3765,-0.1594781834825056,0.07870515641330822,0.0807041532900756
3766,0.023881325716777816,0.005804607213422708,-0.09350840165513968
3767,-0.08631432302212853,0.09161869719284121,0.04325967834879644
3768,0.03411884131685067,0.08491956546311602,0.012725357965338125
3769,-0.06764873710596853,0.1432244767243739,0.3873854380172247
3770,-0.3507061457807008,-0.1489246213261132,0.13758182935684474
3771,0.025961226449554578,0.1377625756893118,-0.47146513024553427
3772,-0.050025635587942485,0.0672182343835407,0.018691123459054992
3773,-0.1601901477199401,0.0009513044837211716,0.0801687694870997
3774,0.07795197543694243,0.06587894600410052,0.20702665685889834
3775,0.05268503631191494,0.02188745313544568,0.016457666444430943
3776,0.03232376434549007,0.18676816335855362,0.04123723490346645
3777,0.010907659957043223,0.2976556844625321,-0.03665609370457823
3778,0.028479824149146623,0.006888780520828901,0.046277084734208246
3779,0.029920439488922056,0.00806399728950422,0.06315630001240077
3780,0.07666717761823419,0.07182123600811066,0.08091446249867709
3781,-0.22044476497963364,0.010682216976399162,0.08707829997965767
3782,0.002096799410309543,0.03513544153639012,0.04510515511356752
3783,0.04780025426469767,0.038727946576823574,-0.10445148266971588
3784,0.04747401672376432,-0.037801502390096206,0.09624230417929132
3785,0.24097540306268195,-0.07300012385032204,0.17377316821950373
3786,0.03774965136858639,0.0884678668138435,0.05339475471589919
3787,0.004288320430721271,0.030019272935802366,0.03322842170171012
3788,-0.14729870510443427,0.04536381584541066,0.021187916029135535
3789,0.07103137904354434,0.0703305037268578,0.01965089765268152
3790,0.03505254955462041,0.05935483755796908,0.0683389288764265
3791,0.05665203331160151,-0.01209810632510741,-0.27798686635973335
3792,0.06095280642332741,0.03191884217187192,0.08651461552111457
3793,0.06119355238485227,0.08551683948253826,0.036431337462723624
3794,0.050307204982590684,0.08376335247459449,0.06054228117372439
3795,0.028547182171600346,0.03477951193567999,0.10314876893626822
3796,0.008005768894140071,0.08532426097295737,0.009730239041177867
3797,0.08166048222611823,0.05292585783679136,0.05811570452421971
3798,0.05154434576867307,0.09213036802667714,0.06530713613930321
3799,0.03734550014954988,0.02724533944672989,0.021702413644554247
3800,0.08149643427173396,0.04431037817548688,0.09661627133405881
3801,0.0345446960706139,0.09519598083272458,0.036349540138840356
3802,0.05561128257216135,0.09677663213999477,0.08231378291171558
3803,0.049161947849124615,0.060594333507292555,0.04795317262902683
3804,0.039239371053781225,0.04149213095671226,0.08820134589022971
3805,0.037144970601142045,0.06650362531622298,0.04805070409259469
3806,0.0516149671191919,0.08213224097071514,0.025287797379521883
3807,0.02563005317785333,0.03186847729291477,0.09638698617108198
3808,0.036428993788522906,0.03979417054268097,0.02529703144764738
3809,0.013965279464345559,0.086627129853747,0.04478722878215842
3810,0.07990213063054603,0.004783054542684362,0.054083893599872535
3811,0.03399981132895404,0.06022646077768249,0.05633566799674971
3812,0.01230817333152591,0.010524008841455303,0.0352497992453504
3813,0.06366209471181294,0.1205194511803842,-0.13482754036390027
3814,0.052392343784845946,-0.3165220549084329,0.17881741652156402
3815,0.023179524587705065,0.012087296506206303,0.023052854299498365
3816,0.08814723751237372,0.05653453868544581,0.0037718541775169645
3817,0.023512954868222795,-0.028451009849695147,0.1257909696481606
3818,0.0339973550842903,0.18397492128582782,-0.04704145121186213
3819,0.07115016650970746,0.01953952034408082,-0.0699843855292791
3820,0.052433262208734295,0.04446169298385592,0.01785920730629208
3821,0.025888296260957008,-0.009879465416269995,0.0015024617386195207
3822,0.02258448821107977,0.05356538263980229,0.010943101368960602
3823,0.2983019223833991,0.024231235839760223,0.06747450793923439
3824,-0.09933159884071521,0.07606077789735091,0.0024426100635725257
3825,0.015250971072006368,0.0282465580462971,0.0713757630917552
3826,-0.12911621680942106,0.008987720913503684,0.029814987251884386
3827,-0.13234358979322014,0.04708835253536672,-0.1788234246755443
3828,0.08232327635880274,0.0027107165248264065,0.05622623273791882
3829,-0.26006891738624843,0.03576510659296302,0.06057894568607989
3830,0.024981351623078463,0.002676302117938989,0.009467291572147318
3831,-0.07735923698718787,0.04061804151480613,0.04858097075499949
3832,0.03397147406771583,0.025347876124013458,0.0001685407579838816
3833,0.025870039962998498,0.03007541933115757,0.17675321415646877
3834,-0.025401561625504054,0.09038055247119714,0.21807199089587176
3835,-0.08635792045088214,0.05267645715348183,0.0017676265411652903
3836,0.030016496014977637,0.05000900647099158,0.06227135105714326
3837,-0.23734170812821545,0.09959850286880362,0.07906873434463396
3838,0.021793853867321803,0.09350922246873827,0.02677697640077419
3839,0.10029882804109161,0.06880278501641318,0.036977860117702786
3840,-0.2582251717408976,0.537557776476775,0.03744619322654912
3841,0.08054375625668589,0.0023859134264473617,0.04462163967091576
3842,0.03851071859964782,0.07610138614002805,0.043252229173136106
3843,0.023031886523658455,0.001711935737588366,0.0952493604456183
3844,0.024924604060303047,0.06464160311533852,0.0861159325880678
3845,-0.040262518967715544,0.07770560324941796,0.09149275514641379
3846,0.0053214085683240125,0.02634789358912395,0.04394055428605522
3847,0.16685421944032772,0.010450589426630241,0.02710177000965357
3848,-0.20418061716974117,0.0016556882636475923,0.007630501179822835
3849,0.04650821356865098,0.14793251020504722,-0.052175374345397194
3850,0.0421547519035176,0.08554041617670251,0.012191184837991531
3851,0.03131744132395421,0.13302471137950944,0.1827491551174626
3852,0.08088608337155667,0.03218177213174983,0.09467731969787421
3853,0.0412204759835409,0.052839745008897855,0.035304828395106756
3854,0.03857904772405688,0.13998006967204188,-0.4510649347417446
3855,0.08556389286314825,0.08232944414825843,0.09283333999269769
3856,0.0665862931926664,0.05792627623987954,0.05542810051524323
3857,0.08066903562586887,-0.05386723109299006,0.05786958808077232
3858,0.08608713567067222,0.018276621756903793,0.007411342946483089
3859,0.030998682694876458,-0.10569515177201372,0.01216658406311132
3860,0.03682358710477936,0.07127908138406185,0.09543624731343463
3861,0.051747809388318175,0.06387507146783343,0.639684934006655
3862,-0.03767948891535457,0.0957947325737264,0.04549413553086569
3863,0.060136613840070685,0.004597016409999277,0.054960884909666136
3864,0.028148842876681773,0.039816124232615296,0.01859537949219441
3865,0.045233656096960846,0.09413323963338953,0.025600467346300417
3866,0.04969322707115774,0.016739288222558036,0.05549465995744262
3867,0.06297319792922602,0.018996112732371874,0.05706770022385591
3868,0.07693658390082667,0.051816460794343,0.0828687794716288
3869,0.07323139777034685,0.009839879385695827,0.06294233073279779
3870,0.0640173108993207,0.13272983583535808,-0.1981837359875434
3871,0.05475358096864038,0.08071874694008518,0.008924312454447537
3872,0.004641462719424522,0.026311050672333823,0.1883084107497264
3873,0.0724522782214176,0.06230389811678741,0.06696509512279944
3874,0.03412675439720811,0.19895097163339115,-0.13765262462538363
3875,0.05992023567507191,0.057871230632723585,0.009902466015140655
3876,0.028889554617585987,0.08026972358515878,0.05275668834439862
3877,0.02405475557935646,0.07333690609108558,0.02509523085490303
3878,0.028724533461730446,0.06455467748678875,0.07080063385342653
3879,0.06023842104702187,0.04732976414183224,0.09066456760643471
3880,0.038175727435200826,0.09684798186712687,0.08552657938203381
3881,0.05755251568749933,0.09033877974615312,0.0361060160859446
3882,0.03927278200545409,0.06509530524776279,0.04595569493675164
3883,0.01875215565971894,0.043113150368075163,0.04439737929611814
3884,0.009133098049548753,0.060694972524957126,0.08394097749810947
3885,0.07042543013228082,0.16088196887353348,0.10082365867418042
3886,0.02101495373042999,0.060255973279816,0.0207054953444245
3887,0.04549108385643143,-0.07160548297648875,0.032268673871914726
3888,0.03132083697832674,0.026742664872223546,0.006993879787077839
3889,0.058214759314604195,0.044214155857074,0.04613100882814991
3890,0.040176857006450725,0.07432868206011321,0.02103110152924055
3891,0.08657022460733654,-0.11603445154705,0.07951585223228992
3892,0.04571491290485631,0.05034276788794889,0.0793532257216332
3893,0.08774096418615895,0.1354450365017726,0.07978078911961575
3894,-0.2018666113345338,0.09124974891525946,0.09526257819348677
3895,0.0694365862921395,0.06927771495125998,0.016673139500039947
3896,0.04054017689210171,0.02208248401531776,0.0348024057831056
3897,0.048006702006376016,0.11032729447748948,-0.18226765054216024
3898,0.0796701634844886,0.06633172501075801,0.06877640167992304
3899,0.0628226381609814,0.05251196420722072,0.0688797277923587
3900,0.07495631179442622,0.04824666731453051,0.07609409874995601
3901,0.051394257799933424,0.027125373871336605,0.11983933521023504
3902,0.02365047737500736,0.15059550336444338,0.02244451004874289
3903,0.0775567780303593,0.03377829083876294,0.08985610890801451
3904,0.009662818917624154,0.04521385343029599,0.06296740055109232
3905,0.03394245386084756,0.15448205548438854,0.020775617133057336
3906,0.048611965012511714,0.02099376897414188,0.04884646012278171
3907,0.037918144726333536,0.06666182603010261,0.07432541649633982
3908,0.07677394624328625,0.03302022939302758,0.09182774450564307
3909,0.05556482533284514,0.05356588144555594,0.04843842379605073
3910,0.06315214850986009,0.007599391412897095,0.06299224289747124
3911,0.040018335139312314,0.010749839755759395,0.06971313537827076
3912,0.05251884779030024,0.02673038220604749,0.08155450183245935
3913,0.05435696184727152,-0.3469885195922924,0.05562172347834651
3914,0.04769407585737678,0.023553814542716614,0.09005529432004138
3915,0.01353525297158066,0.06505519942852869,0.07671150410537109
3916,0.02946141821792451,-0.38763175044525155,0.09425688227312556
3917,0.01927714222138807,0.08193823886027796,0.053185136530434995
3918,-0.036366064455351246,-0.1510133164151309,0.0358216600060711
3919,0.016627410320816376,0.055528945464653916,0.00884567120514459
3920,0.042459055163437696,0.03732780155533975,0.06195003633192767
3921,0.08246905622894977,0.44266497941373306,0.03197957636717561
3922,-0.19153418805813638,0.05687091223036116,0.0997314175403706
3923,0.05544104346822252,0.04077158905227052,0.05502637426865073
3924,0.046592944307746686,0.014187435047020847,0.022455602360533868
3925,-0.09751543526419908,0.11291792577018317,0.02601408419567179
3926,0.04296128747997621,-0.30602310114886433,0.05430672601378877
3927,0.06668885648363686,0.011184331649841084,0.05781275118689136
3928,0.02882928188005354,0.045467880365866,0.06266437235126057
3929,0.05481021709101593,0.08259396004828878,0.17002117195834454
3930,0.03654458028341378,0.0066926194655375975,0.031599422931174716
3931,0.002284378455680837,0.054236136014126295,0.0990130234141037
3932,0.011818636713436323,0.07159134236221223,0.031100043512526418
3933,0.057441999822573454,0.03782192725313759,0.008466845767939879
3934,0.012469996287594036,0.04374074141974804,0.07399837740908163
3935,0.046467102825194465,0.0648801016691377,0.010058318903495678
3936,0.04111688859161617,0.09816522778320072,0.09788951776167593
3937,0.06578390803653719,0.42711587428608694,0.060172149542889346
3938,0.06550159441942262,0.06211322931475728,0.022171834339962938
3939,0.044996566049900676,0.09355106312662181,0.0455161293820002
3940,0.04903333974516119,0.07392278489464385,0.006491022278744818
3941,0.032008226252996375,0.06290263868608043,0.0455539320151822
3942,0.056811332393048294,0.09897035470961604,0.02382156893429136
3943,0.10292442088783246,0.0011554981108665263,-0.0027257230143819602
3944,0.024908939264230885,0.010388518442661332,0.08491938695489096
3945,0.02191098495371885,0.08637742986128936,-0.2465503148166601
3946,0.00719737888787951,0.12955262378188737,-0.04879673116741002
3947,-0.36412612709558023,0.0703359368048409,0.0580213284593262
3948,0.03737359631326633,0.06997274042417073,0.04739744901481629
3949,0.0494007978385487,0.08155527828220006,0.05741576747198155
3950,0.006216172085101464,0.040726613619325475,0.0015029732357048004
3951,0.05655885571493628,0.001204804250086955,0.0661886673558544
3952,0.06738864958970123,0.08424737565813895,0.09239427643991549
3953,0.048285798291707906,0.01568450773199728,0.03688956041567324
3954,0.03909521719223902,0.14360069602279354,-0.40866001650871464
3955,0.04984025733031054,0.07495513852271289,-0.1176339573833593
3956,0.15634394674869634,0.020022515105347617,0.030885724808799298
3957,0.061514969574879105,0.04877763848657029,0.025081203380075568
3958,0.04009651869605502,-0.12391239846068242,0.004816542751759779
3959,0.040960250719890234,0.0844436693768789,0.06703134750573295
3960,0.009643147438393965,0.009449653356402977,0.06727459452418981
3961,0.027490315602442323,0.06291993236843055,0.012654819630610149
3962,0.02040571128340685,0.0924960156766639,0.0823100582614251
3963,0.06733987726130594,0.01364757229200655,0.09179778670566274
3964,0.05756208417108552,0.02202373572241443,0.0820002671536158
3965,0.04165479461375264,0.1249968611307381,0.20703790003371128
3966,0.06660819989520782,0.17902191889224378,0.17450749157359305
3967,0.05782828518384088,0.08427756605101158,0.010431082834910422
3968,0.05178069508116556,0.0493207385035887,0.018592867343693687
3969,0.02338945968922435,0.015769918440091926,0.027944247096826535
3970,0.04528334870418216,0.06625962756436905,0.044265600663893796
3971,0.0356280885566438,0.07314619333619318,0.03684072142125309
3972,0.06768651477759634,0.06861588982063231,0.01541807949639159
3973,0.065182193782692,-0.021762149955892082,0.048269042814447216
3974,0.06152725992710206,0.016182865683087022,0.0947652594129757
3975,0.03159955337863532,0.05125963097130848,0.030114363049085435
3976,0.04876463044306035,-0.3376786224617449,0.05940764436526447
3977,0.02995767049887402,0.03756432872167686,0.08752115585687117
3978,0.02253903594935205,0.04289233938257639,0.052620046921772384
3979,0.04295561994242891,0.06772972486073002,0.08253615779069302
3980,0.06947826639714727,0.003059459471989701,0.0471176231608509
3981,0.02646482791611887,0.03269901083752999,0.014791145692845883
3982,0.06132963224384021,0.06954424346284875,0.009553050396896757
3983,0.07515978320914911,0.013714923452921524,0.06638468721827828
3984,0.06593107715456989,0.008959081144158432,0.023230767539352017
3985,0.021909084421614662,0.03825197576996462,0.05167170304927846
3986,0.06339981200416396,0.01220888387934609,0.04242525029741058
3987,0.020475356508375765,0.08936582907581342,-0.04420327376883235
3988,0.07640704710973377,0.08684351766531256,0.0828515801128216
3989,0.06615487153535395,0.032489854672922515,0.09532613640172032
3990,0.04930964172346251,0.0903149057826334,-0.11811995360608984
3991,0.04579191298723707,0.08578649059020599,0.053905225933803286
3992,0.031039470791773386,-0.1700553398229609,-0.06529077641955562
3993,0.044118663255782994,0.05992086391891972,0.0635514969784745
3994,0.06881215291803786,0.036717832022722184,0.07891106559412922
3995,0.07494485176080812,0.028833253107432413,0.05497065990061259
3996,0.055362695626677776,0.18429752044995196,0.09533268630667899
3997,0.06631314951725818,0.14705085538638268,0.02417926809037696
3998,0.05583122458367011,0.08663218465069669,0.09549693391848789
3999,0.01361940378178689,0.032211499250186515,0.07760805099812061
4000,0.08633372106053484,0.058027640229277505,0.08432413922098898
4001,0.027706749456625872,0.021509027243590852,0.017778788559443016
4002,0.054939587930201296,0.04276907921289598,0.06346846597748589
4003,0.046815083145931705,0.06386906132285182,0.036295410687865536
4004,0.03758842776219114,0.05090055137350777,0.013195293690949595
4005,0.028732309833795412,0.17042745000873247,0.014792079047041126
4006,0.055126192059499396,0.04787148231432581,0.07101781309091601
4007,0.020808287990845387,0.0823604178471854,0.08507705579659253
4008,0.026926359166922573,0.018674934202884467,0.17175507509092594
4009,0.020962336358946718,0.07104228571002862,0.008120471401103436
4010,0.030712564111731823,0.09304047988751908,0.09790761367761708
4011,0.08431906027945998,0.018910965697111284,0.04938903692330097
4012,0.051519687595484934,0.07108515831939181,0.08285374562858469
4013,0.04312926275352915,0.03354286422511376,0.06811041417348325
4014,0.05157054045105218,0.06446141574925233,0.06880824014788059
4015,0.07001869090535676,0.07472958205396775,0.030959601387394675
4016,0.046354624861201774,0.07744586271299381,0.09234578373936855
4017,0.03683236343662787,0.04960691567988307,0.037557370955382835
4018,0.022878880722956713,0.0188803528149335,0.06574739611339515
4019,0.01912674998963358,0.09862049996652533,0.07721451518775585
4020,0.05805574792505985,0.06836390221474137,0.01758494926855425
4021,0.05420287614884634,0.0392297790463628,0.05134704815553855
4022,0.03589468622134539,-0.1309943757897255,0.026376079416189323
4023,0.05019623499703439,0.46929811036050934,0.12005137489600899
4024,-0.11960809232977554,0.08701678034765516,0.04122966362640328
4025,0.046380128625566425,0.06620494931142347,0.05498870893052449
4026,0.015293282467304414,0.028886580619449338,0.015045861497358102
4027,0.04461740844661679,0.07449737716977045,0.029967503363004713
4028,0.030252714814693847,0.027398221917195053,0.003259286860148869
4029,0.02660513015801296,0.1855348590538417,0.02170439986207513
4030,0.05950164181696881,0.08040691245212364,0.07897597466938411
4031,0.040347161778414964,0.09064569296466232,0.010256452494063007
4032,0.060300025046805865,0.05816773479269845,0.06500354252398381
4033,0.02996432563904618,0.0232593914189181,0.04382723290837637
4034,-0.1429368368746981,0.037521704319050664,0.06960214924600847
4035,0.04415515718765079,0.005171848490703324,0.09121352286152258
4036,0.036499778753418026,0.0725152858267224,0.03387376956717155
4037,0.02491376909908202,-0.09051091341110233,0.02153269706395495
4038,0.0478408231487368,0.05289507900353601,0.04537944119873854
4039,0.05079733657796766,0.06826159226253288,0.0682717354034891
4040,0.0599857668974514,0.0738297031210786,0.08396844428900102
4041,0.03920968359039757,0.14318775036921422,-0.23972569007540295
4042,0.06297603567450916,0.10626273597357286,-0.03224862107790298
4043,0.06470905650447412,0.058423170743415354,0.07465421195965338
4044,0.03844406307776299,0.004405671080027196,0.07292577804231218
4045,0.06901941638054788,0.05401554299418263,0.03642636196958511
4046,0.054701448589815155,0.08281173970785653,0.023423362799957572
4047,0.08166855326048772,-0.15453211628918356,0.08148122162700627
4048,0.025943113833549605,0.021188902997954367,0.05415658826047487
4049,0.04625386982078475,0.06930780685581653,0.09323001936377193
4050,0.046287580787936926,0.025730018881434356,0.17873484802803974
4051,0.0919130206474225,0.24374393204846562,0.11194688193675434
4052,0.053690085126777955,0.044592877695268374,0.0866162292273942
4053,0.06014660739788336,0.028269547710889742,-0.09984660242378576
4054,0.0647874439183036,0.01884702669173536,0.04428229340697938
4055,0.03525812560039831,0.03553919866296792,0.03186293703962147
4056,0.05600363555767337,0.07412738167502445,0.06602698401379963
4057,0.03886302296851231,0.09077259240000995,0.15928212084911958
4058,0.06469066538563441,0.0626823934277485,-0.10654008290893698
4059,0.0819856460592184,0.061868005825901885,0.005974735612999194
4060,0.09609575636135931,0.0665409687283798,0.07387771628117466
4061,0.037927168977999824,0.02287032279787088,0.0621840012459988
4062,0.021901584431151783,0.04559999511874439,0.010081824851701993
4063,0.0644923179577894,0.027927948788740678,0.06831246989467238
4064,0.07933651527623248,0.03814529107033071,0.022381758721829806
4065,0.057527090053219515,0.08384385043763208,0.08619184469779172
4066,0.015787552126521262,0.04691090061689769,0.06687828908139398
4067,0.067576986495089,2.6982524947949395e-05,0.02856117176776142
4068,0.01606374410678922,0.08603192029465188,-0.19768277037092363
4069,0.04987309694151532,0.09432588952431592,0.0027390692190053523
4070,0.044068078768172175,0.07612522332593785,-0.08973745571042628
4071,0.034368863751040014,0.12685270842762625,-0.18635387649985508
4072,0.03264277189650126,0.051770348314181626,0.049534810129225976
4073,0.07334226674346901,0.09569089659210822,0.0847341671947392
4074,0.06969561708423035,0.018518430149484646,0.034692685351985296
4075,0.07789437596509169,0.025513234856451895,0.07907379341708712
4076,0.05299741237529505,0.02464752251980089,0.09193680377594626
4077,0.06262828279450758,0.08905619968211792,-0.25224162454311905
4078,0.04746542050312647,0.012579522401723098,0.0645172339085721
4079,0.03954963430293917,0.03751689567493739,0.08518960248056082
4080,0.041980638057344866,0.0231300513548037,0.04113172271618429
4081,0.07111809789194663,0.07517155450740627,0.032356306010723604
4082,0.06484934292153545,0.07799534555177229,0.05359323282562185
4083,0.04671972018661797,0.010221262196961046,0.09262091562779742
4084,0.07899917216428319,0.015218390985600672,0.09929635075270613
4085,0.03627605384670882,0.06026545709014878,0.056591215548364715
4086,0.04525469305669634,0.03361674916326406,0.08214216355518379
4087,0.009705608217955413,0.03001495687978244,0.023135131719922788
4088,-0.15357759122185577,0.08892502658880419,0.043630114935224895
4089,0.054101997728344696,0.06515750555601109,0.015099319941139623
4090,0.03700084747155136,0.0412863310107808,0.03798503676090598
4091,0.07293315770825846,0.22058704878214686,0.17204135256417413
4092,0.0385511534013466,0.055389036729221665,0.025620979990875283
4093,0.0381436686883853,0.04680236361913292,0.09621085212511865
4094,0.07756608492801767,0.04289158964029596,0.09721137214820258
4095,0.06381634312474976,0.07689775938088632,0.03825280836572712
4096,0.033202677132254395,0.08959369067643824,0.05447501998002964
4097,0.01335852448430256,0.006525744343162865,0.029372396759138775
4098,0.06248568012366079,0.18526549286636737,0.3903096858446633
4099,0.015025689153775407,0.027347132487599835,0.11358480732772035
4100,0.03319153187331275,0.05960533343672794,-0.16784293598254824
4101,0.048185024343109076,-0.07160548883224471,0.1487227737516587
4102,0.07489847085559562,0.030996937390873502,0.08014531634684628
4103,0.045350017980275034,0.08673652912955902,0.043120303638816915
4104,0.08635063284596411,-0.09598543783083587,0.15767677066108998
4105,0.04378902640638041,0.017704683907506458,0.0287822704425442
4106,0.03743460903078706,0.04512611563838875,0.0568507814595102
4107,0.07308924889493701,0.030001985797718123,0.03193824699514993
4108,0.012952876529034024,0.0334880849621689,0.1335630496049158
4109,0.05207558224905286,0.012429873809263182,0.0418272607922196
4110,-0.2225672467613877,0.16265487311632473,0.06181470127072616
4111,0.023589910116021393,0.05422144446144356,0.04516084105278491
4112,0.0541173218024103,0.0996442555614867,0.07910152073199392
4113,0.05867121745992665,0.040691856125666996,0.09773067934335605
4114,0.05982564958873896,0.0065993047243322785,0.049295075352698114
4115,0.028407616079277824,0.1620920141968265,0.01914924787597392
4116,0.042876272632303786,0.16499928433721733,-0.05970625848363518
4117,0.016414594786876846,0.11642748739052902,-0.033008229915311854
4118,0.05023005184296544,0.06998534548607753,0.06046579231305943
4119,0.03861839666745889,0.04753301509387713,0.012435372789834599
4120,0.036861842085794745,-0.05575212954973219,0.12176897091137906
4121,0.01801238348451921,-0.17196857705309548,0.026400461492477986
4122,0.06871348153844418,0.009641110850342928,0.04995481053666219
4123,0.08523234354108244,0.04893294979243915,0.003933007503497766
4124,0.05535090850162446,-0.04295235858471345,0.08738208791653171
4125,0.06847146388862094,0.03304640082483364,0.014034554111396947
4126,0.020594709698476772,0.02184089627748158,0.03677490478603446
4127,0.06452531049592368,0.09525778237482041,0.09797866848509866
4128,0.02778094645281241,0.07829529435274656,0.0790949011860409
4129,0.046658779489672425,0.03712865001977975,0.0991942633885511
4130,0.05214312985177251,0.03828488719615683,0.04521305066467927
4131,0.029866742413711938,0.08042307543245626,0.07727666129049704
4132,0.06014933324868139,0.011798058603422201,-0.027053332664877867
4133,0.025066692754896636,0.07635208813301693,0.04442719276462884
4134,0.03582731484442858,0.07130294360280806,0.019691435170083427
4135,0.10434203565147449,0.18167551621828265,-0.03597652322974122
4136,0.058653834243581005,0.014196243431034672,0.08895961695080111
4137,0.05353333439318548,0.06318852258780033,0.060007232477455034
4138,0.051184442856536075,0.08003701185822741,0.0017316882180563376
4139,0.0958955813472239,-0.10888225682303672,-0.25527538917961
4140,0.06702089570692885,0.08325181612153104,0.0546705926271217
4141,0.02037904447033874,0.06247790639377825,0.03721229178439971
4142,0.06964927022971636,0.007425697287102274,-0.3735908217680426
4143,0.04983320344564728,0.14092452862724042,0.043669585162757735
4144,0.07446051165932463,0.08709661014560106,0.04865731213067005
4145,0.028369428685774495,0.018294688425263963,0.018014392227397574
4146,0.014574698985481499,0.0061502887629176555,0.02201714466994228
4147,0.052777192174567215,0.012060902331420776,0.0055563167826579
4148,0.04837250019397574,0.09527920365600673,0.07948215387180775
4149,0.03756369624282804,0.15250060695134826,0.023376571422005478
4150,0.03546776601856207,-0.27936511662383884,0.03980848786609921
4151,0.048323620137643075,0.02542741030659078,-0.15710132216538591
4152,0.04879997490793242,-0.1860788543039647,0.02918832687648436
4153,0.038048660056616376,0.03358872090711536,-0.21758836959718952
4154,0.027160293054043775,0.01974169545343669,0.0014787059460851237
4155,0.08372100014895156,-0.2045393497309712,0.0829356357864885
4156,0.06939228941023065,0.08191738532300497,0.0653202825399165
4157,0.06917162047763503,0.0711374693054621,0.04875647186724862
4158,0.001774088958880926,0.09258772630336623,0.0229672691534206
4159,0.04118808111874354,0.0203451604563202,0.04378914679530234
4160,0.03935283042257105,0.04605941772550293,0.03757837766613392
4161,0.05697400691909768,0.08135349320822849,0.04776084938612055
4162,0.06082673303314176,0.015397052495422659,0.0721743567504965
4163,0.03156734907950505,0.024949026830658583,-0.2271553085453647
4164,0.04214060053458897,0.18547431257112645,-0.09573992339107701
4165,0.05879111445522103,0.08253932704796137,0.0016995992353285305
4166,0.026461372222117634,0.060929709334583915,0.004034021190059345
4167,0.0684890818990081,0.04591413834979102,0.03443946396675086
4168,0.04981199662140053,0.012502440350149559,0.0856273514412775
4169,0.045614421954023744,0.0025348138775426413,0.023604707097231205
4170,0.050206543709164,0.14606344653544567,-0.09285294881629777
4171,0.05353450823747065,0.05964312000399751,0.04887934442925937
4172,0.07146622091214926,0.06960635612984756,0.0016651528148432073
4173,0.05007779906805631,0.0647063530394264,0.07447197261127947
4174,0.03864979206775082,0.09295638904969593,0.09012506173840912
4175,0.0026967561816369917,0.02072847025489896,0.06551833125255571
4176,0.046241186291202,0.04309435966201641,0.0026640687584331027
4177,0.029748720487564925,0.0679801105183693,0.055180038800746095
4178,0.014884520766671247,0.0876646783197434,0.028428353470961877
4179,0.013923003307887835,0.024262891073851375,0.19874973153828124
4180,0.04937815400244507,0.08115101660635403,0.031267802856147
4181,-0.06428491363013618,0.08329962688847295,0.05162864402772937
4182,0.07024617801154914,0.12922479009167823,-0.018124806678325778
4183,0.04838719535979053,0.09422273253809427,0.012898674165922963
4184,0.05985355814193005,0.047459419487206105,0.020894282762244643
4185,0.07482278373821584,0.02528382348625995,0.05730817430926525
4186,0.05261678833536132,0.08515532306245709,0.07502657598193085
4187,0.0522652363710958,0.07473083463699381,0.05916723646167587
4188,0.04285737207099617,0.07373457992573816,0.06717841367059062
4189,0.0016776316179115056,0.136179156806917,0.02402943156809756
4190,0.0,0.005163379767708066,0.08803488027045858
4191,0.03694739260026916,0.023278563146501674,0.04443472127893481
4192,0.03423098283305466,0.04052896863503215,0.03527802322508468
4193,0.0771225031202369,0.07737893323189576,0.08740580099191994
4194,0.05269049249926463,0.043913583737298194,0.08905348966272157
4195,0.025476725471480822,0.07953905098244946,0.06698779453100294
4196,0.04036389250002346,0.04458689238639274,0.051178880646099136
4197,0.05295928497449323,0.09809627963909354,0.07563406725945594
4198,0.060826523976292304,0.00570774127266146,0.07135294988744896
4199,0.05420336175848995,0.12288954555777754,-0.06871234070725471
4200,0.047695761603400846,0.16044115534959902,-0.05477953359994217
4201,0.02205681083974939,0.009783696576284818,0.03185097510678734
4202,0.05108128143926952,0.0006532568840866061,0.08297841747856827
4203,0.0663585523652292,0.12425245117743045,-0.19302045446734906
4204,0.025008085382781108,0.04486297720934301,0.04411951602503425
4205,0.043905732814594214,0.07599413405760783,0.0721271120613256
4206,0.03749469926951878,0.09655149949194873,-0.0631629284536441
4207,0.024465194144791626,0.10961135591791049,-0.10787588448717067
4208,0.02831055516215701,0.02754644775741695,0.017820295991090244
4209,0.0052792268250825836,0.09668143155391498,0.01648463591024307
4210,0.04090749061660469,0.0497437563236393,0.03598347228564143
4211,0.07058167959911062,0.06535333538944543,0.013226251399784129
4212,0.08763942615952344,0.35085831191953487,0.16943476423316178
4213,0.052436510194657546,0.061482830063216476,0.037745185308950185
4214,0.036615444057132816,0.0020879099118242483,0.06282748657654617
4215,0.05236629329361455,0.05599669021569244,0.037387940046705516
4216,0.020044874205593567,0.02671043391562629,-0.1433513387994431
4217,0.0812934048755091,0.0018253479368924186,0.014294482102269725
4218,-0.09956578556882145,0.034441556365221504,0.06834254914641495
4219,0.05845309237574224,0.07726427992260515,0.0603328417345351
4220,0.04779396128055681,0.001370271137215462,0.08759074437531002
4221,0.0841193609247466,0.04851996838868253,0.083445866891367
4222,0.04341277324892081,0.07951795841921039,0.04078277999996991
4223,0.04923487194421956,0.011234513952657163,0.08945787231492351
4224,-0.1446184795274975,0.06284144031305744,0.047920294384464796
4225,0.12481715986203343,0.1662763078530645,-0.02498047328214406
4226,0.06683116801555883,0.060923169125394666,0.0021474352424112443
4227,0.056169864757365844,0.019111731830171754,0.029570188765573092
4228,0.03538717926242095,0.1665464259782489,0.013984401983308813
4229,0.09734522889875204,0.09623771408973908,0.046001067338895724
4230,0.04215695405542516,0.09267956594531829,0.06647795390434051
4231,0.07888413741751536,0.08827299897593009,0.05299475757950173
4232,0.027148982390896453,0.027588813876727767,0.13944582942230133
4233,0.06038459047707378,0.04669052736597682,0.03814667400265762
4234,0.061072553143900137,0.031477583092681886,0.015857201085854134
4235,0.05400301639234403,0.07449775601689539,0.07845426254847032
4236,0.06872431516768907,0.028603337296972387,0.09075850405112434
4237,0.055758344280531905,0.06059186590533212,0.6170185692496027
4238,0.05648084515524662,0.09739255135788304,0.029852210566582396
4239,0.027529279386963753,0.04139458868482304,-0.015422962017203168
4240,0.04298114630967267,0.007132129375806585,0.024743277228462802
4241,0.06536809631270875,0.00593540338941504,0.08243791300705783
4242,0.036696350970503167,0.06360529175840608,0.045036848331076275
4243,0.03399696422042862,0.07064799911889841,0.009675598334447102
4244,0.05674169308244502,0.03108470079037437,0.12495497621894208
4245,0.1337474279671551,0.02629132955604039,0.044535269403425795
4246,0.030041700682014547,0.08668319819950004,0.09086049138291419
4247,0.06236275010509674,0.03553739062290865,0.06187681350649587
4248,0.048267878105007975,0.009761025424153504,0.05313393182034806
4249,0.0602700760156942,-0.05249688515017208,0.14242549379299138
4250,0.052993112099076305,0.0905372878796394,0.037737648074076036
4251,0.05429549041109866,0.07275486923652622,0.02901487558842103
4252,0.041909125991057214,0.02708553638025169,0.056937146726541224
4253,0.04226483183550041,0.03433764648039948,0.00963463625684612
4254,0.029420479806231442,0.1745880019096485,0.01998032082790161
4255,0.07402587047343426,0.03895643220204879,0.010621625438468708
4256,0.04010115138090526,0.01357201720410638,0.0808534623352764
4257,0.05726813929141284,0.18319859405871938,0.24501521475638488
4258,0.04503098337827281,0.2500579525422273,0.08403786124348969
4259,0.054754054216441854,0.093042903396728,0.06373613001277545
4260,0.007122684306539173,-0.07398877936364856,0.10369833100611253
4261,0.057303679858607556,0.014069235090322874,0.21679493866566388
4262,0.021207111728636194,0.022818820610053383,0.059013021984471864
4263,0.043904285268287636,0.020531791363077256,0.03306316334415468
4264,0.060696645410533726,0.07901993724344188,0.01726201989915066
4265,-0.37908576100175573,0.010161732904970822,0.010777004678250435
4266,0.01933859419717761,0.024142787202798322,0.09968009457218818
4267,0.05513373708571506,0.14669316525157675,0.0005379003056526915
4268,0.06830981932223368,0.05334238223565818,0.028106163572956547
4269,0.038433469423080284,0.043790623042613164,0.002053291872315477
4270,0.04256682993089915,0.0896646648519796,0.08813086023779403
4271,0.032213414218077094,0.05205106677802398,0.06510447162954802
4272,0.07984345118096728,0.011411958023521719,0.03187824869878777
4273,0.01848033433990215,0.04852000320627501,0.05898999120463253
4274,0.042686169749995354,0.09350312359213866,0.056097578651890224
4275,0.04573103870643659,0.027631147663280287,0.08429023195504393
4276,0.0753532926186891,0.0670554838786817,0.035738208324188885
4277,0.039513873775221,0.14927105332659282,0.19009636893864437
4278,0.043793597998299134,0.06855405996971722,0.0365127016621094
4279,0.007104434750531241,0.07423262422256899,0.02730507364931676
4280,0.00830273397775964,0.020217624709013643,0.16803207025960715
4281,0.0670548768649469,0.04353270340842468,0.05030284949532448
4282,0.011635000493022468,0.0017506598963545452,0.018774074339886315
4283,0.09268103399458906,0.031090677920141665,0.009043267462124993
4284,0.0764912832853574,0.05258425242317527,0.01920622912923007
4285,0.04961141918028714,0.005465182893637954,0.0007540100486063683
4286,0.0719823619445181,0.059034875287608285,0.08604708016279969
4287,0.038929277243193824,0.07615909327825376,0.09202137724497443
4288,0.04468005908257332,0.029721168924031538,0.09431967532758788
4289,0.06347169856622802,0.0832941364746686,0.04865285651360231
4290,0.037250068813166476,0.03383624023821873,0.01650669453293263
4291,0.05230879334435444,0.048980823376282026,0.07458009954812332
4292,0.06123373991749458,0.0396847025404963,0.07619143906690617
4293,0.0882504231716488,0.07628608294790472,0.030037489290418076
4294,0.03187495530672527,0.03173365761841869,0.053535635023595055
4295,0.06430453446029002,0.04048148953179246,0.06107489743963092
4296,0.05459850767923757,0.00929768464226437,0.09347099329506736
4297,0.05719388046279408,-0.3326560631851547,0.02464591649152721
4298,0.027709923176719723,0.18714073379323087,0.00484118855931619
4299,0.03932559189794877,0.1991434808171006,0.012240611370284496
4300,0.0141282209620279,0.042040750149714486,0.09297935734443658
4301,0.04279483165711524,0.05543587253738822,0.08320797560374837
4302,0.04824591994528767,0.033294666280122474,-0.1375737119031608
4303,0.05049190928160078,0.007792139289236478,0.004551156928688527
4304,0.02528247383703842,0.12485488795430995,0.038407217454299855
4305,0.05325045812981873,0.5375655693948479,0.059558045732866674
4306,0.07930588794945193,0.008002052233226576,0.02562201415815997
4307,0.05519377771832503,0.035955875040664664,0.3925163129315794
4308,0.04886805395826234,0.0009767535541457886,0.10305227952363931
4309,0.0631569599514386,0.08189035762004478,0.03884692336705249
4310,0.06232573388744353,0.06334417939060331,0.32037400337080746
4311,0.06066921599910628,0.11324879667397811,0.030024356483340855
4312,0.03927792263147072,0.09252157720674788,0.03282852259866079
4313,0.02755967115702801,-0.16581073588133785,0.15134692091657984
4314,0.06378016343427581,0.016474755022403188,0.08911292377844976
4315,0.020108675895779415,0.19337338187006126,0.012195209838545301
4316,0.054783051884155345,0.1002040784115515,-0.11830504251483771
4317,0.04832307516228092,0.012278020653004918,0.05174811973970163
4318,0.04733690129912745,0.04030560640481547,0.07117957732639245
4319,0.03865615107376619,0.08358379932517279,0.05676444932177571
4320,0.06121605275458585,0.04061039329185648,0.04272522723139999
4321,0.04068990763735808,0.15251525160753726,0.1292541276398457
4322,0.0752399498626225,0.05540572260422433,0.02801280645976635
4323,0.040762585412897206,0.11681702399829494,0.19342162922392775
4324,0.022269322738963496,0.12420754713344383,0.014883612828754058
4325,0.05370788331815005,0.03273896788565354,0.003957397699074883
4326,0.061481483038248394,0.02063741042315971,0.05721656492691727
4327,0.07758786698518014,0.03195572842302139,0.039659999859902734
4328,0.05294575649497589,0.07860930656386786,0.024372270472935144
4329,0.034654239765217185,0.04145292150493647,-0.1197667305632133
4330,0.06339732687949112,-0.07290126799520033,0.003545043636224299
4331,0.06166269193450722,0.02997562826148157,0.5264066444905349
4332,0.05279972110938751,0.09331884941564912,0.028407571656227093
4333,0.03556753134956471,0.031385729243112385,0.003487336554533496
4334,0.05777208209117336,0.08461163252270919,-0.07655222843164271
4335,0.07686635887603081,0.10396341851897017,-0.4145609115131311
4336,0.02197427250886909,0.024391043589403597,0.09582928239788358
4337,0.04104238597363476,0.013598266911458766,0.13150449994989163
4338,0.04626846576301161,0.01629331009282511,0.005159302522013598
4339,0.021748073716958697,0.03620788227027882,0.07007173715547149
4340,0.04928022123783332,0.04962162317216408,0.05809633285079401
4341,0.06906331464219195,0.0695622753227804,0.023544336500217436
4342,0.09892162465444047,0.10367159610194765,-0.3180668580476163
4343,0.0399590649608105,0.09046191684194205,0.0896270127510446
4344,0.057415790734729896,0.13113484073756898,0.16882620298757434
4345,0.048542277910628484,0.08450055886353351,0.06898085211943947
4346,0.01947977794342266,0.03987438152107373,0.0030992598070891833
4347,0.08818330013307331,0.044806435395529004,0.07131809497774787
4348,0.04471282230265368,0.07327389595303774,0.010130824748013878
4349,-0.11536587726602189,0.009269682109751055,0.0562265648707362
4350,0.0742960769668023,0.056004594271876845,0.07097880664292394
4351,0.05468473623778997,0.030544208158605146,0.051756844191295684
4352,0.01329315115692628,0.10544550179187964,-0.2517583175391036
4353,0.05562032365981419,0.06403351586749419,0.029714265295655674
4354,0.05718433215266866,0.06439681273769429,0.054418675451524984
4355,0.03443892388673787,0.07977013996516351,0.004368510369688195
4356,0.031726847376067506,0.022588092426352728,0.07135125774269327
4357,0.052511833067911934,0.0751691734550992,0.07826740912731295
4358,0.038651443945830664,0.14955745499438486,-0.16730783363820242
4359,0.03712417411668538,0.08025400581958275,0.06610316591336583
4360,0.059151888202571744,0.06466031686662284,0.036524816724436415
4361,0.06584922722038494,0.08031393292085603,0.010847540470922746
4362,0.07184092347250555,0.2534548318956711,0.1601007637576359
4363,0.09399775156346082,0.042433694984715845,-0.10213636569729367
4364,0.05753288718898881,0.011029940068251955,0.017909813263655604
4365,0.06056113229962222,0.0403529882547099,0.010645353571436367
4366,0.03676445194354969,0.036837681378862855,0.030361578322343923
4367,0.06409223465357422,0.02114576438657554,0.06064877475662052
4368,0.027640120319030542,0.09958762466636636,0.07673733193999838
4369,0.06982147953387333,0.08702301452581553,0.0273076227181705
4370,0.05940084031747788,0.06208947614870387,0.07135920237704332
4371,0.04432633028453366,0.11547453877469455,0.05718002278486453
4372,0.05876523099030515,0.021110396555653645,0.002115594364650142
4373,0.07295603731468724,0.000567577905814698,-0.20895365562497262
4374,0.02904916708467279,0.07627722826712961,0.023482347331438794
4375,0.08581088087909758,0.03354617227376943,0.09002126720623527
4376,0.03673052187073425,0.05140830800937018,0.08079469566316393
4377,0.07880547310175967,0.008383885013226223,0.08887422523208183
4378,0.09669843286039036,0.08116623596912104,0.003841691397613856
4379,0.06549134627061148,0.09885784482665094,0.004836208096277584
4380,0.05814440147507848,0.09639551057972033,0.04617485299128146
4381,0.030079328072345445,0.0096575646921228,0.04199717292005295
4382,0.05929976557476009,0.06871192568014074,0.09938479317854892
4383,0.2749989586038617,0.03603296373072047,0.0937390861371163
4384,0.037158300110192444,0.12496568110103326,0.04422980674380661
4385,0.06005354624109963,0.07420472061109916,0.0405596997646081
4386,0.036813469000696805,0.053236542851935145,0.020363766404834838
4387,0.09062697334226529,0.056496370584120936,0.06924509331662175
4388,0.06420114709831122,0.17105246377596312,0.2839632545623677
4389,0.06547648891955558,0.06555422220152628,0.0633928810068989
4390,0.04205486828753234,0.05620312510392313,0.08736530240945695
4391,0.0580392521373312,0.04425360543975615,0.08288741984456419
4392,0.07240512134400269,0.03889480736926398,0.058461071913196876
4393,0.024681455178381856,0.02547100137843532,0.03648427612628624
4394,0.03249106133073554,0.0655509223295926,0.09148589744948527
4395,0.06288649781773203,0.05226820968184094,0.032854391003317884
4396,0.05506788671905479,0.03914652961088937,0.06059283249787724
4397,-0.19964393090387472,0.011562750563205871,0.006194536748803714
4398,0.07861242902542201,0.0019490471081142103,0.04019363659447278
4399,0.03974144706688844,0.00754699843701665,0.06929615293784046
4400,0.03497787853139193,0.038231764719931956,0.06461590628373541
4401,0.07470383961479937,0.01109244222085023,0.08595174296469105
4402,0.07373667564692915,0.08646093240141586,0.06261854196305232
4403,0.03293204879203821,0.0472502304970292,0.06692273665807669
4404,0.0059055461337680915,0.03965851527872685,0.025196254800441877
4405,0.041869214261662846,0.0838660297836224,0.08581511442244091
4406,0.060201490192594985,0.04820272615069681,0.07318392623375868
4407,0.043257793379232495,-0.22125127495886554,0.08364252582439057
4408,0.05005472770882526,0.037319063957090906,0.018957657813398688
4409,-0.08758628230140979,0.06942739044810481,0.026837531650947113
4410,0.004368715873684127,0.02407860125295594,0.005947779861693415
4411,0.05699825311064036,0.013261506527410094,-0.1843334571206796
4412,0.029799642962300685,0.17195088925187585,0.037958467121652205
4413,0.017604382390631793,0.06860572878130174,0.047996493480151996
4414,0.04014250862327416,0.029684843895963427,-0.18057637323594491
4415,0.03622713737245915,-0.04640645174792701,0.005284909350948919
4416,0.08242832568005287,0.06311140035381796,0.0544092693407128
4417,0.04700559086809549,0.08374725907480712,0.06062310073132136
4418,0.05470157348049854,0.015287183496577107,0.09320967381002171
4419,0.05355884952353883,0.06628117875338084,0.10808571573345759
4420,0.05173679703535074,0.0029338330504599442,0.04109215741450628
4421,0.054848006108823066,0.1846369597993239,0.16866236399270598
4422,0.05110198337474556,0.008037601384905757,0.030780204001082667
4423,0.07212700277663082,0.06987683901601248,0.006732534680194491
4424,0.04731387212213583,0.10408270580287089,0.0828085606492952
4425,0.0422978463844566,0.07438442538345943,0.023549683613555562
4426,0.05732474425499966,-0.07082170582192865,0.10171333653725174
4427,0.017436167846510187,0.11557477734455578,0.01716934077781615
4428,0.07004042188645787,0.07491471246807639,0.09853060858848514
4429,0.03444568175589754,0.011280217120667372,0.14341874797716628
4430,0.06052026118518345,0.029525606952911933,0.018418778224977117
4431,0.03431551904279509,0.02390610896850978,0.17903325536118478
4432,0.058995479395602665,0.05234549462895938,0.03448096509772213
4433,0.05719136527835654,0.09020011643672018,0.005087760347252324
4434,0.020147021959463503,0.12182256601618412,-0.3503648197054287
4435,0.05535464294366211,0.09197816108053698,0.07424750912517619
4436,0.04956058101393962,0.0885791776760093,0.09838476194750423
4437,0.030075860643868805,0.08841767882387778,0.0770778434231051
4438,0.042973930438300806,0.06066368277333703,0.01978956614314921
4439,0.05347410365107562,0.09743858716237014,0.06232286526247142
4440,0.02878736466854939,0.08200658371238334,0.06356790537072307
4441,0.06653056128906785,0.09802590561180102,0.05293912058829016
4442,0.06596799675455037,0.08584118268527272,0.037394012507503537
4443,0.054412322388882786,0.09256809414938388,0.18294138641164215
4444,0.08034246928264395,0.04930990907714997,0.0817537669457133
4445,0.05894282953483315,0.04017707467522933,0.08690460775072799
4446,0.0801889333244103,0.09299371789713477,0.01518401241302132
4447,0.045030483159278954,0.05778173353072949,-0.20407462106616348
4448,0.007046245082284831,-0.09551579218280598,0.12681983448261547
4449,0.02910011840459404,0.059504486651451007,0.019811020990949085
4450,0.05574712278287805,0.0969272614467468,0.056352524244737315
4451,0.048056463552521196,0.05500267926567986,0.010699413994110774
4452,0.055712210692853,0.0478975105768153,0.05660406469433244
4453,0.012844335242305473,0.02682155872255731,0.020223742459798612
4454,0.034040345985359516,0.02615832262369473,0.07696685765362271
4455,0.0791274920324739,0.04465417040686749,0.01140244785047364
4456,0.030083731691958774,0.031759181922164294,0.031187187390952532
4457,0.04600402464413028,0.010461411892557415,0.047254019397077456
4458,0.06077247102849403,0.08330738837753592,-0.004679960209738904
4459,0.05090391158129913,-0.14038706536592566,0.07028924993000717
4460,0.04380571092819184,0.05276921420588944,0.06724244644201488
4461,0.017570185352299393,0.08570872599360736,0.01916849504407895
4462,0.06300383556826829,0.0903988538518867,0.09444414371365584
4463,0.030074936264882578,0.10976922442756704,0.033423906529032106
4464,0.024011303869244015,0.16173973581125936,0.01610689980819642
4465,0.04886858116390009,0.016487166091025064,0.013860600727223693
4466,0.06324549889480013,0.07125455607752527,0.027422680849507178
4467,0.049322313937770854,0.0002917383095813131,0.03760688228042567
4468,0.051905955867511795,0.17594885709460784,0.10563387320092762
4469,0.08348651952924238,0.09859497780590926,0.0011614626172674392
4470,0.03647212740070017,0.03557659846118138,0.24516175169928978
4471,0.05080612563148625,0.0177896798934724,0.04091709204266857
4472,0.03498998047855815,0.05873346390069607,0.09457939420095529
4473,0.08037923852449688,0.27184839690284657,0.14309563264048836
4474,-0.03926414617304675,0.06012080539324462,0.05185364050365963
4475,0.04883641168268615,0.08186867434030567,0.06660176486735488
4476,0.01991341557688172,0.050472701430868495,0.0615462536466609
4477,0.06539657130927395,-0.42889122025319293,0.04509971815775942
4478,0.03904493391662134,0.04460604473168492,0.06051777127234295
4479,0.058167329494169334,0.062011407430684506,0.06908641623053342
4480,0.02749281776013166,0.01287765991380121,0.004811071729901817
4481,0.02572947463924731,0.0010388638920979076,0.027343548506388773
4482,0.0570734684888591,0.013734595123337101,0.07017124519893772
4483,0.07017267362639341,0.06853098238929739,0.04507204781769358
4484,0.037859797609912385,0.1463180894481198,0.03469790885955676
4485,0.06629177163279258,0.04116786533398579,0.015188411180568163
4486,0.023580654206403803,0.01659866321908272,0.04270835077009649
4487,0.026455525727364912,0.02159019008676142,0.004696395879750348
4488,0.057609050424995235,0.0319217757704127,0.0157449773764424
4489,0.0014972947013393554,0.023451506435809188,0.005059447629562219
4490,0.05564065170299445,0.011378402161380963,0.08978494966670593
4491,0.05550082056119893,0.04019186340630611,0.054120564748783656
4492,0.04381632237035068,-0.3911936917001235,0.04323750728643416
4493,0.04113207718822702,0.06916553884153122,0.016408327141651503
4494,0.03758564357456951,0.06698144061365081,0.07347086187578408
4495,0.04532288669226923,0.007747648439484379,0.032916965709433234
4496,0.06311764101031725,0.012743469860277868,0.02150917251608817
4497,0.06115683452366362,0.0923594389981609,0.17629465895602345
4498,0.03797749494417489,0.09245686247017211,0.11278270975941093
4499,0.040632152267061086,0.07244139039129364,0.07663199734461588
4500,0.10363932986188346,0.0899075159287451,0.028778504459172773
4501,0.028868874899382006,0.18999335958516955,0.02515312776822065
4502,0.03889407965667232,0.005817669440170215,0.029147863464850987
4503,0.060280193338475195,0.06893871359668591,0.03269550032253389
4504,0.04802572437128499,-0.0607075443035208,0.06273444883765399
4505,0.058176947082748245,0.05936980545315639,0.07310236348492387
4506,0.026867283695368994,0.013025930420509634,0.14301700386809665
4507,0.07029024842048226,0.02626334048930401,0.05495820377750332
4508,0.05103779153474526,0.019813255027277356,0.04770226592328977
4509,0.03286361031167881,0.09861527253144027,0.0280619590917096
4510,0.08195275176798253,0.030883755414321614,0.0985952545192553
4511,0.01873508453307572,0.16279155303009765,0.06684303511447225
4512,0.005792212980046028,0.10065983742936582,0.021029854401973126
4513,0.07279931404166864,0.1075965071376272,0.2596839283786817
4514,0.02664778810955889,0.046439039574697964,0.02316280811392718
4515,0.07287214646340377,0.07426033974313712,0.016996560734575707
4516,0.07835544753293244,0.09689028091361522,0.012268420136808756
4517,0.07127891171149363,0.007791199411623196,0.09601427093357283
4518,0.035810666859798654,0.050231024895752076,0.06375316248424925
4519,0.039532315451422155,0.04770232862143661,0.059231483740123506
4520,0.04338393949623317,0.0008407275847012952,0.08306871552591409
4521,0.02435346370391542,0.055179377914647755,0.014239763786519666
4522,0.0412307257665268,0.06260284569470044,0.0486688765607066
4523,0.014128894624238228,0.005575758618863305,0.02072054833530733
4524,0.1260769158771863,0.006713176939995025,0.05966479081947967
4525,0.08767404003957571,0.09711516936304948,0.2645145975779647
4526,0.04098242140021138,0.09629506809792368,0.025390398694968386
4527,0.04176062852483461,0.010863977866497126,0.06034850456765143
4528,0.05794018350826638,0.06511911924605848,0.022386417683147353
4529,0.040014944831257095,-0.1770257805338175,0.19253993637648803
4530,0.06105744043920012,0.03477269513867851,0.03258620540502765
4531,0.03399646610526635,0.036268616833676305,0.10877721017566061
4532,0.009476613920445173,0.1368747016496363,-0.1717818767687002
4533,0.0546840731069489,0.024437017910134164,0.0981605608158842
4534,0.05302422271129528,0.01659377082976068,0.07347646520045631
4535,0.03509439199099287,0.056459162336075785,0.087525085594345
4536,0.026108569013371344,0.006950051701080363,0.0287461073703825
4537,0.07302014260181924,0.06623913053920609,0.048184357318968175
4538,0.08114171758184327,0.1215030161439558,0.11530622153001083
4539,0.05340429997845062,0.06083657087550655,0.05457941904896862
4540,0.06518164405187125,-0.08741205495336574,0.17647870583511854
4541,0.0366039774788855,0.0,0.09720805070494275
4542,0.02051618123547951,0.14564094238516967,0.030235713813522407
4543,0.06383086070894146,0.03149922855576198,0.03386398334209545
4544,0.05321473820268382,0.009815787240886132,0.021110378397383278
4545,0.03599557243486545,0.03521505414540557,0.06233047968546737
4546,0.04868980252885946,0.005378516059258609,0.001925497167535506
4547,0.05120343556512836,0.007490861176333297,0.03487909706191702
4548,0.05391046448533729,0.08203181342144017,0.022615417952644958
4549,0.06492500153718317,0.14078504232503877,-0.11499315280509267
4550,0.009894896038402412,0.018387421256636095,-0.25079053267332385
4551,0.07086858011897407,0.09252728627523182,0.022880985997677197
4552,0.049941019853584845,0.028330207172596655,0.013334236789747446
4553,0.09333040436259457,0.039303898582121,0.06190947463359406
4554,0.03650949360380871,0.011134873664449924,0.17223426158480049
4555,0.05852031556247755,0.038388537796749146,0.049855342318767606
4556,0.05127611285271138,0.16482697637513188,-0.20140199584513566
4557,0.0679221927586605,0.034746641315168074,0.032134173091399446
4558,0.05255004057994083,0.04431200539072423,0.03247880777884669
4559,0.08627482814661984,0.0857734025040102,0.051912211834871595
4560,0.014903742249995374,0.10528916556536741,0.030545469976966666
4561,0.037704012442441065,0.05847659683309101,0.04549315581517373
4562,0.05455733189283525,0.06009620414113087,0.02656994832076224
4563,0.046479187064589145,0.046360742844385065,0.08734995673340012
4564,0.03697832896912012,0.0463035996120774,0.055039023224277964
4565,0.07573752628346823,0.0718810567054201,-0.01755914872757565
4566,0.03584635291348177,0.17129504168545842,0.0831002232229779
4567,0.04547161691453962,0.09785517118365317,0.019767956560152
4568,0.03330097548061374,0.025044038258165806,0.03571444860637827
4569,0.012493024600502283,0.01421078244770458,0.014000802118628858
4570,0.03321517851885063,0.04718955828397686,-0.3254594973754633
4571,0.04843821752553341,0.007665969880504143,0.0718911989204584
4572,0.06470357691343623,0.07259111764262913,0.03290561414732187
4573,0.12530246579843157,0.06049680901218051,0.020893995843109237
4574,0.08477310333701055,0.0807714489819463,0.08126187376285798
4575,0.042829930908862654,0.04944950682646704,0.04483290735767952
4576,0.031086536749789666,0.027981174281300373,-0.37531738656604374
4577,0.05758848915481,0.0011728408597880824,0.06462627287336234
4578,0.0,-0.15964264504167952,0.07598134314049343
4579,0.02090364151022368,0.031730426375061474,0.054810175385277826
4580,0.06530743885959225,0.006198900642434002,0.09779765389906621
4581,0.015256514591137766,0.008039293176694632,0.09950361043122793
4582,0.0928902808693052,-0.03811771930829736,0.14502351958060014
4583,0.06438786437080395,0.08602801184175578,0.008455307186933403
4584,0.06353972500139274,0.09938786761734858,0.06771027183240469
4585,0.013066094271351586,0.15081686088215118,0.04099350049321671
4586,0.035609514098368066,-0.021715014036017118,0.07966873882125065
4587,0.07677520216137394,0.08105088010546224,0.022783564033917875
4588,0.06621389756743637,0.0025825235448705187,0.07386146998079392
4589,0.03262629822252825,0.028529908740149927,0.18194089012777723
4590,0.05525417972008751,0.014788485606693415,0.07897714862169114
4591,0.05252623126475913,0.0485098646680025,0.006647181390249935
4592,0.07686245198802953,0.06276187770223905,-0.0090663346000006
4593,0.04994692723196209,0.0685374280441621,0.015524432722328996
4594,0.0,0.011165134751316771,0.1790974626534756
4595,0.052383974328397365,0.104187315680329,0.18042491726728946
4596,-0.12663241312077128,0.08627470787372718,0.09467505784327103
4597,0.8390917887214379,0.016698418140156056,0.06660616602881751
4598,0.03553002237035201,0.04659144067657074,0.028620404535689793
4599,0.0463093448423757,0.014681445141699102,0.03460333123090553
4600,0.04550819484125259,0.01823064781476217,0.046961411852154945
4601,0.03311527006573921,0.13176567303203054,0.10574429436912858
4602,0.041508865116601665,0.08476132028597878,0.04054423258758586
4603,0.0350630974366484,0.07241648033501684,0.026626444888162615
4604,0.056540105627951455,-0.20563242893336306,0.026845573610058772
4605,0.03782142548533479,0.07832539510346981,0.06284619016822127
4606,0.003922081716882873,0.0017253181999648086,0.15651029406311748
4607,0.026689954300289063,0.036939986292831906,0.0869444933695113
4608,0.06258771444583561,0.05815325063727256,0.024506462721610934
4609,0.0584439021337731,0.06122456278117884,0.02474927044647446
4610,0.05341195695080049,0.005880962996524297,0.04362862613891401
4611,0.04265414471507034,0.07540205608504175,0.018283558815264202
4612,0.04780181339856387,0.19465435066881454,-0.06297737928706915
4613,0.07373220138697398,0.02684493917546761,0.026829460870238544
4614,-0.07121602806459393,0.0190628464676484,0.08514350424849348
4615,0.025126919595384392,0.035834219881634176,0.15009223657490744
4616,0.013674321607752749,0.16764577271129188,0.0313706674887415
4617,0.06245613015694114,0.042332660821141226,0.053783946959598886
4618,0.042122580710056916,-0.05629668176035829,0.06866346286301764
4619,0.01637653088114307,0.04926291429392176,0.018825387352778868
4620,0.025668187377042167,0.01689624443489691,0.09938916095417266
4621,0.06499370788225393,0.06168662016535499,0.018923755983926083
4622,0.05846298600539713,0.026944526319099306,0.01309418995184154
4623,0.05029226674699633,0.08400400145471149,0.04395653053275392
4624,0.07182438299662881,0.0023263740440764183,0.00314091794210023
4625,0.05436318436409663,0.05432589175874112,0.02171056176379779
4626,0.06370983745535677,0.0014579996748677493,0.03980280812486863
4627,0.014574987878098612,-0.036770168009817805,0.02052935349112377
4628,0.06320238806524803,0.09436408879261958,0.018419773256523542
4629,0.06538501602053276,0.038810799219600914,-0.3077284922035183
4630,0.043273735396579374,0.15584283029003637,0.0326257155068899
4631,0.02533805277055204,0.04767303742019227,0.002240606395496303
4632,0.07830635785756707,0.09691393969699026,0.014922120475778289
4633,0.04223329205805846,0.030706288349989532,0.06119415623622361
4634,0.06552174856320037,0.04922990128271391,0.03905745838398339
4635,0.05481787995539519,0.0103220287427776,0.06387392524967797
4636,0.023150189203714342,0.010352978635097522,0.04962379804828512
4637,0.05357978359638454,0.04832053353952057,0.045534353564019206
4638,0.041709224947657345,0.08313147520422504,0.04510011814677293
4639,0.0266301935431452,0.022050165241317567,0.06583452537993859
4640,-0.13176000430698764,0.04145478541985962,0.08246319226776376
4641,0.028954590328415783,0.007817442491388483,0.03280957378340007
4642,0.05259211039902036,0.03722601079834042,0.09740575312666949
4643,0.02059878386935848,0.08995176993377187,0.018864024449976636
4644,-0.3285506873043444,0.03143768671205354,0.1918533660990645
4645,0.04636033040715049,0.04476872135918857,0.08966714377668122
4646,0.054152234601724185,0.07999606790365449,-0.02620476184771646
4647,0.04942530235330391,-0.011402687766536919,-0.08233719859633432
4648,0.08710243948902541,0.08123663299599848,-0.2387562617920317
4649,0.047307046342203354,0.07969723745101086,0.09091318828021808
4650,0.02045811507589743,0.12631521849795996,0.17165580325272442
4651,0.04307065636450274,0.16306207560088082,-0.12037774860396315
4652,0.06555690425723751,0.02246203024446787,0.37967758737055907
4653,0.041026980762234225,0.008952548856081132,0.06277698777795773
4654,0.059115086050956264,0.05645118180109953,0.04544982918348981
4655,0.06137642153130215,0.09975180728755906,0.0886122378766993
4656,0.061520875382416844,0.05068027411699305,0.10033306303831165
4657,0.07333229798745826,0.18771649046976752,0.09141582041875468
4658,0.03679265774691615,0.016462738249990293,0.007298272091274128
4659,0.053964241488777105,0.09597972726499003,0.01261597538334729
4660,0.027446611614692872,0.05926053768117807,0.1748043227770456
4661,0.04983396991366514,0.07789733554256928,0.04212446833456739
4662,0.03457361028194626,0.0123451602082434,0.014445937623724193
4663,0.06426902868825946,0.07529291580855624,0.07596031009261787
4664,0.07144163197403329,0.015005684362769979,0.05772049453059935
4665,0.025240224047676493,0.0920142764059265,0.029861175693876845
4666,0.045832010720992675,0.04939978147661117,0.06668359546058023
4667,0.021962244689949076,0.10880863762576626,0.034631309500436996
4668,0.06835106143295494,0.012564070686964413,0.09897405026083113
4669,0.06405550756347228,0.07453369285903605,0.07274607430624994
4670,0.006168043057963965,0.1130926391560256,0.03822034244593025
4671,0.05766033647035383,0.026586126820419588,0.0719946544938622
4672,0.035791159980113535,0.061992069666892684,0.08445828619495069
4673,0.03626863994006645,0.004665265698718539,0.05246438653175194
4674,0.03742168773440961,0.005669158280738807,0.049036261767180206
4675,0.039266991541339974,0.09741177698144217,0.08383594208470942
4676,0.050321147465135926,0.07160554356372788,-0.11894532546082145
4677,0.040765210321246234,0.05278590091536738,0.07163439271664501
4678,0.050742200330582056,0.06455086731208173,-0.11610756922668398
4679,0.03488751918531515,0.08616550292814587,0.08841660652232759
4680,0.45732231835276,0.15152044070410103,0.05939579699700964
4681,0.07419138538105208,0.01707880846648965,0.020759145769238985
4682,0.061682294706413045,0.0352220805624776,0.2750815458253746
4683,0.06167246910877386,0.1958391876682373,0.01646966886279741
4684,0.035172885175712605,0.1783732808258442,0.19031412340596277
4685,-0.08707193936342064,0.06751093011035064,0.04651459899907834
4686,0.0271791312270805,0.044486391984842236,0.03732250124913408
4687,0.05453265653929514,0.01283114287852506,0.06936315927229002
4688,0.055777564233009294,0.05317520826980483,0.08198396573398302
4689,0.061815295200342714,0.06240488030163315,0.09381447266112719
4690,0.06700136843084953,0.04841486044716434,0.13690005057218396
4691,-0.08015526756179436,0.12472060609962342,-0.04759556059302536
4692,0.057123284759952174,0.006525319616775583,0.05725679784765371
4693,0.026806182095041774,0.02077684787405353,0.13240526082945836
4694,0.056575242630178095,0.05603508287877628,0.038216393875582205
4695,0.03068728167551483,0.029881025106154858,0.06460887305639976
4696,0.014094955876378231,0.19119392871224905,0.03386197288097826
4697,0.07164186543005426,0.14807209105807387,-0.1998085343521559
4698,0.038230080775314715,0.012611511926135755,0.0027300874280731025
4699,0.0673063939081585,0.04689405123937018,-0.11652081916144338
4700,0.012009889048449053,0.08473717664234175,0.07144110303419587
4701,0.03113226770196092,0.09485005782957479,0.09491943069418933
4702,0.05888971511118586,0.021453074830798037,0.0323865289839173
4703,-0.33735372144696146,0.06519372445908106,0.057282487416454565
4704,0.03792297029141144,-0.061348938715618535,0.11348016613521608
4705,0.047268851978137086,0.018388393108270198,0.09616510425938081
4706,0.051241289361245,0.013332907897689407,0.059586744427745864
4707,0.04979760089551933,0.08890899238850208,0.07590526838172046
4708,0.04761571411033704,0.056967520544092876,0.046528671819211
4709,0.027946550833359996,0.05253758820628615,0.06003675763528382
4710,0.02039077891466866,-0.14935410034445146,0.08103082971958409
4711,0.06511386689259581,0.060280634254193055,0.04638381617833481
4712,0.027436736989502844,0.047439050571212456,0.011500985509050278
4713,0.03485288277494705,0.028334288210859794,-0.1967571794777003
4714,0.10129514605724584,0.042422657336186366,0.04791966075587961
4715,0.035178554695529524,0.041946141002982565,0.06050680009625088
4716,0.05857101434454481,0.1489842182896558,-0.1404634970451618
4717,0.01884059025091718,0.018248027878297324,0.09528617660615296
4718,-0.21523427291946728,0.06012946682549474,0.03738273462511824
4719,0.0032023698362773564,0.05593505343272357,0.08942154919463198
4720,0.047897862943295524,0.045912100940289885,0.0027278235348203728
4721,0.02185523223521796,0.31731744308225207,0.031090412672652713
4722,0.049320883593718313,0.04062013268833188,0.06020295737333906
4723,0.07761329582442442,0.02654263411596727,0.009620962440240445
4724,0.0639567428355369,0.02794206884497276,0.030775354134823275
4725,0.016096236755513783,0.011802754178506259,0.31190671078279736
4726,0.02603858475270997,0.022657685720497336,0.013684905583216979
4727,0.061224779500944945,0.06655861488384994,0.037793029470859676
4728,0.052546976289778245,0.07301189807014331,0.01331600449676469
4729,0.05329251615164402,0.09049486117555709,0.06396920930308585
4730,0.057384097592297005,0.1843956102029234,0.004133188613055699
4731,0.07901147409546552,0.021559529677416568,0.035730295012967275
4732,0.07203394108000853,0.027163550456212507,0.04487721957936172
4733,0.06385081988757378,0.08907006112102006,0.030969513862733167
4734,0.0429416949456042,0.07423503354770436,0.00831002118590971
4735,0.042897015384513716,0.06511174286300273,-0.3342330493392274
4736,0.025627367780258738,0.03294686547699446,0.030162416664800618
4737,0.01973640623003458,0.020604457203715305,0.009604626603719798
4738,0.02765656832357578,0.025955660309056064,0.09743356566843014
4739,0.03888647064865079,0.007472551996385808,0.17507294647041047
4740,0.09079840593631056,0.08871436450175857,0.08970535069624078
4741,0.020630083434689223,0.09621058548934801,0.09861615988399401
4742,0.04067293148537269,0.08425294113234523,0.00848919722077578
4743,0.027796102041711585,0.055997350616603596,0.06316665256746871
4744,0.017573290192952645,0.06151140706068921,0.05708069950818162
4745,0.07725175129243848,0.04611708163744036,0.03335361503905811
4746,0.049211889680515014,0.07960552891871886,0.04446602838974198
4747,-0.1369915577720276,0.13053710819858066,0.15671259020905884
4748,0.0485576924525087,0.017479549914327507,0.048996255481011934
4749,0.06518947272061208,0.0009515301544601563,0.09728559150722632
4750,0.04898617003506516,0.029410971147655254,0.0412706074793002
4751,0.05006389083764822,-0.02046372719102859,-0.18363038392202258
4752,0.04745142682824172,0.09406791310964079,0.09026002246049222
4753,0.0668148441731834,0.049949539672806846,0.02262027369728932
4754,-0.05167698001850321,0.08026037694738533,0.0437509507874933
4755,0.06428866657312937,0.09085577063863998,0.04012196174612982
4756,0.06961749016040035,0.11146976946059511,0.13275051208520092
4757,0.038565450095037215,0.08384027990773857,0.0804955631807529
4758,0.022890250882889516,0.05015520292582936,0.03236892292592913
4759,0.08855560320128572,0.038447516652368334,0.06453803057171298
4760,0.05280476541146455,0.07185791107523705,0.056429103146897086
4761,0.05718730796121585,0.09150701117876896,0.07650966366125016
4762,0.03466933478974425,0.01017136672718616,0.05040331761680934
4763,0.07598655540284077,-0.20780134892884702,0.06282702575156983
4764,0.06560412430593525,0.022110341043413674,0.06685721662907146
4765,0.041820326637868645,0.08294106666133323,-0.24500463005837098
4766,0.06529146849805567,0.06323899044970034,0.062246583238371504
4767,0.06847155880833908,0.02537844143023651,0.05986718243587278
4768,0.04398133274662602,0.028772390099872282,0.017280610792013287
4769,0.06608200515266123,0.0006244449779717943,0.09921548200882613
4770,0.07865618243664307,0.0744697073066719,0.046893018189571235
4771,0.016214736518103123,0.051112828609351416,0.03440905134432109
4772,0.048102151713060856,0.03973931627600526,0.06339749063747936
4773,0.005817939743338281,0.05746432642621675,0.07283719017783685
4774,0.053144161059274476,0.1945962364411943,-0.30911667350247896
4775,0.0330544176834174,0.08674945418695175,0.029230062039884496
4776,0.05897227109276634,0.029263921752857115,0.08328430869091832
4777,0.05086956737417158,0.019157962528800244,-0.16252359797305754
4778,0.06405127980874022,0.09725975266359876,0.08230211177346053
4779,0.013553154728926571,0.01155314954757766,0.03233389083187499
4780,0.024693137323880898,-0.043938191920030095,0.033700866630028706
4781,0.038930342107993544,0.023829224907682557,0.07141689957763614
4782,0.04931784461934685,0.013476861349049352,0.06619069084466865
4783,0.058590180015186955,0.012580485120014907,0.05357061745786096
4784,0.07753940924605984,0.019811911601394686,-0.015114629690772187
4785,0.032414674922843965,0.09441951005093989,0.0634803089688482
4786,0.04220139173043964,0.02493231392316866,0.07144447004296099
4787,0.04058213185846434,0.14664338071161576,0.07018412076058582
4788,0.04842440100049248,0.04788012503158393,0.0391292514797038
4789,0.06873180131967101,0.07106988544818738,0.17934397170353739
4790,0.07502147788131977,0.018238953977791572,0.01901199752288374
4791,0.0087242053404382,0.011366278035740952,0.03821523113524066
4792,0.025098788326351956,0.03949105766607726,0.07270750329131641
4793,0.05597987443478663,0.09221485996952317,0.11027495589293092
4794,0.0395810328721339,0.0676588745833634,0.07744911069161041
4795,0.07012392970303709,0.019256731375188574,0.042794674211161725
4796,0.07986445726023897,0.061346036594856414,0.020800106978616995
4797,0.044083811488925755,0.01144031543216908,0.19842044091447525
4798,0.035014853798947934,0.018425657648630477,0.0949732137548245
4799,0.04106028933410103,0.04713201924075272,0.025875088375166236
4800,0.050505688021769954,0.047860006866449305,0.0435809947275865
4801,0.030283817001693046,0.0869061456090704,0.021567270953084052
4802,0.0337502030724134,0.01822554856248885,0.01507795373074311
4803,0.007770464393899883,0.031306865387070025,0.07999918344860764
4804,0.07911183504442561,0.07485390625480424,0.0341557509463702
4805,0.07259611718244889,0.007065415223335348,0.05213466145903526
4806,0.0666359846095568,0.07787346271669454,0.03146266886869618
4807,0.043945201671779996,0.09671288090676355,0.09257902709944038
4808,0.055284201241877266,-0.11535847409114192,0.05792441637705024
4809,0.07251253514341327,-0.24082903536547698,0.07216313272050372
4810,0.04204187692193803,0.1798069334092331,0.4180669625193585
4811,0.04860182559912659,0.08273617719303472,0.016806103078920887
4812,0.0707167697832849,0.03680900165214667,0.04126321815635982
4813,0.07196327218747613,0.028747378668809154,0.08105029115781462
4814,0.04382112405497697,0.08718907171667008,0.025723585456158785
4815,0.04248532152977836,0.06402267961286179,0.07840961872217006
4816,0.07308205812836535,0.048370677168904856,0.07070370787043438
4817,0.02008329266354162,0.03126694737565627,0.026363358156580377
4818,0.0020348772074807453,0.015046070454023987,0.056957602287390635
4819,0.04064367240034005,0.16168224072310633,0.05704726342586131
4820,0.04419639449128994,0.1483728984057562,0.22398204625396423
4821,0.010400724005488068,0.05930525437072107,0.026095961329632947
4822,-0.060064037905371404,0.02852771127488076,-0.07187179742213703
4823,0.026969370592627752,0.025704351261396016,0.006605599133255802
4824,0.033228676396052176,0.0029142967738535644,0.04239340414787366
4825,0.08760241404216432,0.053937995674042775,0.05730637438921794
4826,0.05703174690115127,0.05204639705065674,0.015801794089312215
4827,0.041225049288940385,0.010170348216842574,0.014461010099346673
4828,0.018089969783440584,0.0421343016221596,0.188843855544689
4829,0.020645332795731712,0.005149786233491233,0.07347962641256993
4830,0.06992561417048694,0.05864178195802581,0.04069020271628322
4831,0.053958464653070255,0.09411438526558584,0.05690038798243957
4832,0.05028584229928833,0.04109024053836337,0.05460423490423423
4833,0.06649446962327374,0.06771294895099937,0.007561808305024076
4834,0.030851689527413545,0.09087891567195755,0.02801351444344302
4835,0.009340666275877228,0.04078590274608101,0.07398780137388425
4836,0.028111816515578116,0.03741968352206373,0.18043589841730512
4837,0.051265289983292286,0.055794321663899596,0.09103002251502385
4838,0.05425201647948483,0.05053473902690106,0.05992238596244476
4839,0.05896263460726338,0.11870706587005764,0.14753556928071204
4840,0.033909928508628596,0.09718267708125683,0.057931349325912256
4841,0.030267705702370844,0.025851311312025473,0.06539506891238961
4842,-0.3112097036844928,0.026268039128567955,0.02913813053421609
4843,0.09247238483108672,0.0021958358754886054,0.07539499336338427
4844,0.05154742643766472,0.08504009096667052,0.43969594565229564
4845,0.058292855443193584,0.08065547537304697,0.01965076582834481
4846,0.017557760206074878,0.1553418717449103,0.02753043428522823
4847,0.023923486139134822,0.08628860709903362,0.04306999455873767
4848,0.04270002766683744,0.017942806242395803,0.09599655095910263
4849,0.058276888617349046,0.024654018431413894,0.047420531233154845
4850,0.02564482473168552,0.09245795543303643,0.08724063231542764
4851,0.031049856904305933,0.0020946342102499127,0.0431623725171718
4852,0.05767901093373287,0.04541496909517843,0.09301374513592793
4853,0.016011260587871355,0.075093585531606,0.016431996936790108
4854,0.0,0.03490758255400626,0.020412776632851938
4855,0.050915914818185325,0.0469146639351232,0.058031321526525306
4856,0.05631925027970074,0.07544652480445183,-0.0734957020832486
4857,0.04489325810100832,0.05361512875173838,0.010817577880347118
4858,0.08802543798399956,0.03143824975160882,0.036476523895358916
4859,0.028528890109459203,0.06013885618466913,0.06703743071611977
4860,0.030570732720059765,0.10333768900912006,0.010218602662520122
4861,0.023579954071058364,0.0241898319615532,0.03483695262275952
4862,0.052113426546726495,0.05397095073664779,0.015542389061512764
4863,0.0,0.038893535808726745,0.026311629736210554
4864,0.0791202724676478,0.012372658005214988,-0.018012178216887775
4865,0.05433900282931784,0.06872959571081719,0.030923863172029165
4866,0.04993068484524627,0.08284002148230712,0.021733251290916945
4867,0.04324641991371004,0.09860566944155341,0.023120911604297512
4868,0.04368419465459215,0.08014274862791226,0.019941172368528305
4869,0.0816964730548671,0.049404588996541016,0.0989691669666882
4870,0.05870677991082433,0.055912738911682615,0.024523474672862856
4871,0.07111600479149761,0.004166512873229111,0.08350860359854761
4872,0.09159190568753611,0.0022243885003672584,0.020448547571364963
4873,0.11003782279375049,0.07593209899224022,0.05210786578153224
4874,0.07906701105518837,-0.19572856964636767,0.06509828670328868
4875,0.06686277753234697,0.09383848972503234,0.08496026710303732
4876,0.03808149833630271,0.051105329656693614,-0.3006087476080618
4877,0.08300429117525347,0.06724179449191468,0.0457317743967533
4878,0.04037575243191451,0.14753886801338306,0.027877737327549643
4879,0.043466580707157504,0.18164862654343972,-0.17449671386676396
4880,0.060285556302845815,0.02211538569380335,0.07717757616854604
4881,0.09401902996725801,0.09481056728804182,0.01456394678177283
4882,0.17378630629241254,0.09366101519554698,0.08222221272002211
4883,0.08414363102273933,0.09797478591766184,0.0857169549181219
4884,-0.09420070523442577,0.1427875332515494,0.20782966082087756
4885,0.030102560265218983,0.02120601035090757,0.08989657158198124
4886,0.03417463776872981,0.001579442194776759,0.010279592023293717
4887,0.09128063122096534,0.10775118452776206,-0.08591856848689096
4888,0.04776903269076922,0.09959089810348137,0.09625610086092085
4889,0.06712090993796967,0.027594613882375243,0.05028385286632665
4890,0.09009815802459614,0.05093477033279408,0.06247849068540097
4891,0.07954352275809194,0.09361098828618482,0.2705287572794124
4892,0.06718978204279213,0.04873904955556203,0.2015131389764403
4893,0.04987299996107367,0.09956327234273618,0.03782677148422891
4894,0.043212214755276944,0.04479005425221501,0.08338035101940948
4895,0.04302817426805012,0.0997055261295653,0.03815643819322267
4896,0.04775375331304916,0.07588929858309779,0.04114118717067913
4897,0.0809943362700718,0.012151943607675643,-0.28302960175064296
4898,0.03902249638377382,0.04934951363395199,0.04888041796092142
4899,0.05341064517342252,0.06929912274972805,0.039043389372928776
4900,0.05790688664038153,0.030106115271828063,0.035451140534166425
4901,0.036081988127487086,0.02787105938450214,0.012194392765657525
4902,0.03037385685387881,0.06644073271971337,0.05393393988555221
4903,0.0,0.00640784193427304,0.04210952052126376
4904,0.01910621951832048,0.02393399519781829,0.09855994597073783
4905,0.06373224246100358,0.04098431518489996,0.019418383040969635
4906,0.06385303501499039,0.009635434200321848,0.05584343974989291
4907,0.06976289446457586,0.008858927955509311,-0.07639791813840457
4908,0.012041595707360232,-0.5022878526634724,0.08280433933596339
4909,0.055229982260268214,0.09554764710001576,0.04954797104243174
4910,0.04050000889418196,0.3401569428270885,0.18945319513913725
4911,0.04606173318412782,0.04505161080420599,0.494424700429449
4912,0.17533538326522383,0.04457494756527818,0.04307923834076204
4913,0.018702732629778625,0.07412085586030236,0.023810843204716835
4914,0.04779702469235578,0.13540831983520787,-0.05870664922406415
4915,0.06172557956639901,0.04264251076102265,0.027879144988151906
4916,0.05125606885581207,0.09595211135152158,0.020288474719904505
4917,0.026954342918424898,0.012347347707628187,0.049816309315132146
4918,0.03052813595041476,0.48564131562517077,0.10913236285516477
4919,0.01391302033252407,0.03717455275226738,0.06488298166010034
4920,0.059826802269837304,0.03627073039717817,0.029943803544448512
4921,0.04326594790433713,-0.11329859578900595,0.010065914618653918
4922,0.055976097552496495,0.006630731663226342,0.05522658849528435
4923,0.07309107007229468,0.08984461579840014,0.06636530294675172
4924,0.019957692804686365,0.13079015430008198,-0.11020706098256178
4925,0.04150282124423113,0.008202628372654263,0.0741579570384152
4926,0.06270287280289133,-0.3623132493071357,-0.3609097667206195
4927,0.047698970311459366,0.06617472626631764,0.009634795857926128
4928,0.04859941757358936,0.07568267730252742,0.09026804581163876
4929,0.07354640875896559,0.01777288768922154,0.004829094562141423
4930,0.045096077403067196,0.024448752557462386,0.05326166292652654
4931,0.03725870581979217,0.01315555826314776,0.011666339768294466
4932,0.06226129452773068,0.19191298255445532,0.002147183187486279
4933,0.044659749382347604,0.06723567298455987,0.02448616863244492
4934,0.06028706735623648,0.07720993388862966,0.05982553903597446
4935,0.05353566838060761,0.09284362975080801,0.039376461723514014
4936,0.03428942441270624,0.08028662067898001,0.04359749814417584
4937,0.0628370610491893,0.008848197143294633,0.002767899698850407
4938,0.044590583686695426,0.061836233048104275,0.0903604824261619
4939,0.03404497421550083,0.04386742767181452,0.07887951783961905
4940,0.014864327216256128,0.010021217162044016,0.08606929385449515
4941,0.0346052160679753,0.017176605447420834,0.0512961582529555
4942,0.055093383129927606,0.07613937502803367,0.0811926382490063
4943,0.07767012549310244,0.053233785619031165,-0.2015656592503941
4944,0.07569842542675025,0.06689515478435504,0.041002428478737286
4945,0.03671725195665257,0.021931865207422588,0.046081812476535255
4946,0.08298584747086263,0.005113423414441776,0.017472390151561146
4947,0.03350393877221887,0.04290575287974572,0.07652598761552001
4948,0.022410731437899,0.006512532429353835,0.015945494986683482
4949,0.021714539395032515,0.005604024641694494,0.06206236929769332
4950,0.20556999047167807,0.003561833003415871,0.09978115321901186
4951,0.031553957620339655,0.014036936286112979,0.0002232708294623853
4952,-0.15560699596546917,0.09343603177218929,0.07813748968718227
4953,0.03969260990202972,0.03281686228408503,0.032319939253768484
4954,0.017184301258599873,0.15647793019696654,0.02512056175500697
4955,0.07541829729926998,0.08290910802177728,0.002808018405722479
4956,0.029123228108934397,0.04256690685865499,0.027944302371882335
4957,0.065898030982189,0.019529799012710503,0.007106287844459336
4958,0.055628993898580524,0.06680044085187457,0.0582763873465178
4959,0.049679077422221815,0.099331564082511,0.017768493713792244
4960,0.08878781154155532,0.07032807649087076,0.04462433546607271
4961,0.053558278827104365,0.12853255034799993,0.17353089905176652
4962,0.024626876837878238,0.023179050498594166,0.0031344504249734007
4963,0.20858026184211997,0.03709163823026623,0.05741840462564296
4964,0.05581414270180854,-0.022626551814790202,-0.073606085769336
4965,0.0534480089887045,0.01301068331017229,0.07280991943519338
4966,0.02835933853777247,0.019928116399037122,0.021450292209801804
4967,0.04673551774055459,0.039698613076870226,0.07606617037003785
4968,0.01805424417509025,0.06674026562854239,0.02588348763406437
4969,0.052608544021345856,0.08762506963668798,0.007716514387619966
4970,0.03240615469034269,0.03756202093947417,0.04441942533145521
4971,0.04397626396658289,0.37358443064451274,0.19261923534220196
4972,0.04133993732270871,-0.1942513216357784,0.06221608663940914
4973,0.0902525795217311,0.061306882060244955,0.0027896352398661508
4974,0.056228304859568,-0.17563192813071316,0.055945664540287536
4975,0.05784350071117736,0.04752824466769904,0.04952932636258104
4976,0.07067421110771131,0.08761848064426107,0.05107166178572762
4977,0.061683180777871154,0.09255932176494525,0.07926712999991059
4978,0.012422519013302422,0.011508951715078375,0.058666265498609295
4979,0.022217554424479383,0.1589749806183665,0.025364637330885505
4980,0.06758876665077884,0.07791342467010214,0.06439722503456766
4981,0.0459215473832747,0.07194906359064478,-0.4712879028512761
4982,0.05977833800808534,0.09987712879118521,0.09368363841832578
4983,0.03309812482319514,0.09286284862209404,0.022853501828514103
4984,0.01906371086152326,-0.09947775904458109,-0.011325440587055348
4985,0.06699478215155977,0.06966072890086028,0.07186852156082203
4986,0.03476747023303883,0.020436129153450545,0.06706025103055648
4987,0.044177971442994894,0.09203763866023923,0.008977369374058531
4988,0.050364322691415206,0.07770672304005673,0.028007879957314664
4989,0.20409777878597612,0.0844112710956657,0.05277893780697227
4990,0.08377422055750591,0.0769623369574388,0.03966051263865783
4991,0.034400675198582434,0.025508849142466594,0.007791238535564716
4992,0.03942309016596258,-0.030413402471365023,0.13687878602916487
4993,0.02344199067304605,0.05639433748418326,0.08919081129391276
4994,0.04901679276201276,0.019704481113202832,0.011449103324238841
4995,0.05913971507456526,0.04424839456517701,0.03959748393742675
4996,0.050953158320356524,0.04942912724567618,0.04158029901741322
4997,0.06672014161196937,0.003036820376299043,-0.33112193001319035
4998,0.05478287078143686,0.0037426109847001677,0.037360425940001475
4999,0.022962661837307958,0.028894476823532148,-0.2548685882441931
5000,0.024309269361579434,0.02260245025572627,0.1215117720766744
5001,0.04271609006272529,0.04631360900437347,0.2612944559722172
5002,0.04028674927706395,0.08610406984398501,0.015467453876743432
5003,0.048797505540569594,0.053963834800514636,0.02842901573205009
5004,0.03516160697558453,0.08232406876536191,0.08690172443182972
5005,0.006331853515899022,0.019804910849127,0.08813836429321618
5006,0.049444739232064654,0.03981970887312813,0.06345166213144678
5007,0.078206865846746,0.03699505105999092,0.03647158872959971
5008,0.05553377840925251,0.07448590516008799,0.014513991943121363
5009,0.03673560222165101,0.039207763610083726,0.057213025551452
5010,0.03388000078824594,0.008197122503818433,0.030388192660594327
5011,0.04263811897423329,0.038049436741244794,0.031595219269126465
5012,-0.09900605459106843,0.04976094537592696,0.01945917507957029
5013,0.06096636292982799,0.017659931515382744,0.09075659319186762
5014,0.03766864901288073,0.023035106845143462,0.011699419300662806
5015,0.01821469958962898,0.07748077161964173,0.025452561364770712
5016,0.03684291192843242,0.007724795750373082,0.051975641411678375
5017,0.02928017733714407,0.03315977816104737,0.0648112853142416
5018,0.045178748644143986,0.09608117785284884,0.012366263062149163
5019,0.056913416614174366,0.04734805457409746,0.05097793936368203
5020,0.06124573540783333,0.049952012420462044,0.022607940070094104
5021,0.05338930826094813,0.38572969319766803,0.19138182953400676
5022,0.05196736622173664,0.030860708959551633,0.044206178567182466
5023,0.04943433636676651,0.016975786504286983,0.00930283651120486
5024,0.033338626131730505,0.061338094233353284,0.04559871610528711
5025,0.05357624756456905,0.0453737860816609,0.04423150120464078
5026,0.06438775294970303,-0.15445418704071748,0.029527206741665424
5027,0.05131649491333571,0.09338558352901197,0.07326110853960636
5028,0.04786530560573667,0.040111267318077654,0.01253387863328439
5029,0.047218975843843054,0.03331069520637497,0.028954470069081608
5030,0.023693198095645282,0.1218423986284407,0.038236294488629675
5031,0.027825944466915834,0.09220286884345766,0.030367026448941858
5032,0.06304025711490059,0.08389710264391023,0.08243380301715901
5033,0.023276320100582774,0.026515839327603208,0.18102235641522207
5034,0.03493670271586398,0.09969418008691999,0.03042484010880413
5035,0.045321625508137876,0.08145740674901086,0.021737942697045744
5036,0.013990546621725372,-0.11688997965373427,0.15355783964463843
5037,0.05961915042632592,0.04876148547650982,0.010009777312754443
5038,0.0779217194063587,0.05402551534161774,0.08665942379968698
5039,0.05810611113592693,0.07906510252532191,0.08898318927313431
5040,0.08419895964736838,0.09702279887587695,0.02780159813853558
5041,0.050560380186819194,0.054931607382014906,0.07371217465107123
5042,0.03418872260885421,0.08497335882655861,0.00701014561877954
5043,0.0925959320313193,0.014585299091550609,0.004560581033859912
5044,0.06282133485983842,0.11846418855543787,0.0816143817482316
5045,0.044800677357697306,0.0023983103176414057,0.022697008820747655
5046,0.046445998121810286,0.028382272952057332,0.04866992061092647
5047,0.19336462016060207,0.04291727408688198,0.06260164732573044
5048,0.07582831569568298,0.06581814332078545,0.016751262265040947
5049,0.045707013567708704,0.0698685185533912,0.08109932997697762
5050,0.01593016057103909,0.023736689313279578,-0.005376225398212864
5051,0.051852598351085855,0.0004175399223643295,0.07245893480268722
5052,-0.5417192223072551,0.06146981939109625,0.04286035603548308
5053,0.04476480345480915,0.1790878500432862,-0.06057576831317166
5054,0.058702345952325374,0.001608900393642354,0.09653306232082395
5055,0.06012746283965484,0.09443354187238204,0.04025762960731525
5056,0.020080983316533907,0.03624048266131302,-0.006054890518591288
5057,0.018766406592095594,0.03300734557960885,0.022830112018887197
5058,0.06592160132011869,0.13173914496629305,0.1072549329696698
5059,0.019284002476404286,0.0350742910362965,0.028013605648811304
5060,0.04046193231064434,0.024006175013297795,0.01916295223002237
5061,0.04272157083181449,0.0445745135983116,0.0047527298017204685
5062,0.02385701522525874,0.03391939871564607,0.0704072238114072
5063,0.07640070561323108,0.04104224696126807,0.050678849973298745
5064,0.022616897570739102,-0.2370931340131181,0.061345810708579834
5065,0.04323242853827336,0.21997215900462375,0.0024301718239180987
5066,0.03062232748313565,0.01656173802972295,0.05178642369041984
5067,0.043157011066292265,0.016496038489968168,0.07845929544655827
5068,0.056591158937659994,0.08722282559755784,0.028683729851788676
5069,0.02885529114331229,0.006449499325888414,0.14736681543710645
5070,0.033891586855100575,0.09426904369813614,0.05711721408706734
5071,0.03667284777833794,0.09660158658285191,0.05733776551620256
5072,0.033687057264533235,0.07412069753803865,0.05161454793074809
5073,0.03992780230196946,0.025771948735076003,0.04912022807353346
5074,0.04945026637840765,0.0869793657363541,-0.13695784805599712
5075,0.03130444281277149,0.11193188827547096,0.18771400724196652
5076,0.03688203829499515,0.18394610885641793,-0.18972572897630519
5077,0.03283603541780226,0.04905558209228048,0.09512844635606243
5078,0.049508752079071176,0.07213198119681104,0.0956270295538417
5079,0.05627098770771512,0.05948842905727341,0.051685845412883305
5080,0.02164626929338827,0.14006205686383721,0.0396377302577397
5081,0.038392280817429854,0.016815832679288212,0.06405459024555595
5082,0.04226973090769085,0.021822890626437774,0.03649860780357316
5083,0.035243892919990645,0.04116792566349662,0.03383156375839987
5084,0.062197256496820646,0.027828938125737803,0.02138824562795294
5085,0.07120073891714901,0.09297368904351383,0.053708379686387475
5086,0.04720790657499789,0.12126563881287855,-0.22762230927487231
5087,0.05577800645286877,0.12122293233241602,-0.2457504292681437
5088,0.027405484009395773,0.008786365289047082,0.07076447970906777
5089,0.06277023278764132,0.07777007765678429,0.08762677153580722
5090,0.040993852036758066,0.0785305540825054,0.023841463325836056
5091,0.06312865979169195,0.006889517002390844,0.05761004667107357
5092,0.0385838386387864,0.06215866483152881,-0.14225416395684704
5093,0.04672366728488948,0.03845862444961943,0.02704124943246844
5094,0.025257060065940685,0.021641422198776517,0.061486942426863644
5095,0.06238894311671295,0.08364576597063672,0.5325774400089184
5096,0.05039961238561589,0.030660780023694302,0.029112437311595563
5097,0.04541779489034649,0.08739629693483017,0.017180651362428936
5098,0.05728318764891084,0.026042386641386386,0.05090662967182873
5099,0.047991923972034445,-0.027879893067498912,0.08977424220869507
5100,0.026925417498562344,0.08197036560043212,0.021994812010423883
5101,0.08465462364755805,0.023286558043734654,0.013470034351975392
5102,0.021766766010237,0.08173832979473955,0.02680684474719972
5103,0.04233975544156582,0.06350054422067733,0.08899483366619995
5104,0.05077537155612466,0.09489636180283982,0.05751869979921558
5105,0.07952320872564227,0.08464337785169185,0.07572810637140803
5106,0.03160212217591925,0.03574296994891739,0.1624518299683858
5107,0.026921954380453108,0.015288729059286119,-0.06451953592738142
5108,0.0457456706726557,0.07004099600517172,0.06391859272831164
5109,0.03822460389707992,0.008775190290584423,0.06754176673278135
5110,0.027838111374916416,0.011625369486293925,0.005267768842018128
5111,0.05260278352606483,0.03233657288163614,0.027442869093148484
5112,0.10050013009631792,0.002186555864858475,0.15712179405196422
5113,0.03354428553135189,0.09376470716197405,0.07359191734998187
5114,0.04245608913390999,0.024817549911304106,0.05382840447125386
5115,0.043823112551895665,0.099834672433632,0.09413763472019426
5116,0.062820862548333,0.06648123904431465,0.06291685440474236
5117,-0.21365609763456067,0.009069056403395582,0.04295120181305501
5118,0.0490255840729353,-0.15708794201660042,0.1701114688769541
5119,0.03480140890095434,0.39681502305665567,0.059729907875666434
5120,0.08781656517941526,0.033413641556016505,0.04708855902893112
5121,0.02890023960494233,0.07777006573898225,0.08309890772701914
5122,0.037515830885956225,0.09450233749128935,0.01476136598544916
5123,-0.011056739284416667,0.05438916663080611,0.19999693058994045
5124,0.04834077019849693,0.06777597510834091,0.07462164091474054
5125,0.03758035945980554,0.04799783431038285,0.023808937833889123
5126,0.02333332823327433,0.19392910765142904,0.021466497168598254
5127,0.05407308841279086,0.03371252010523137,0.07676218106870701
5128,0.04698279645674083,0.04282190553781844,0.07578284426540742
5129,0.030591963587109926,0.042729364495492965,0.04668125304041964
5130,0.047663558777451424,0.09156604671502502,0.08105446049698992
5131,0.026208529506268795,0.06801294153738058,0.017047573784753335
5132,0.034834756223938515,0.03168202809975398,0.09093046971091051
5133,0.09481668337827201,0.1336459646212456,0.020933735394590716
5134,0.04602430826713132,0.1677251767476982,0.03721161550445673
5135,0.060702217871981275,0.0010258902583403784,0.04334138313753401
5136,0.026640587241823457,0.07147089047715958,0.09791837458968919
5137,0.06806842733856018,0.06212274274245703,0.0566795232389517
5138,0.07373605478582815,0.05700602626919043,-0.13949764688571162
5139,0.023080892236631286,0.02459043034984735,0.01361548223628204
5140,0.04931578010660808,0.0978085250494356,0.08103448399857603
5141,0.010638412392535343,0.030393416139449764,0.12636322514795534
5142,0.029325020391731703,0.17145189768763747,0.033115278884756634
5143,-0.12113244088766266,0.16057384204117875,0.05474294276734671
5144,0.06462541813432464,0.059140886764895685,0.0655143787501268
5145,0.07623996983923878,0.044492661458468565,0.035747710883433204
5146,0.035584965666193666,0.052458304784313764,0.031181528615966736
5147,0.05167448713898162,0.0807188653095619,0.08483339393466066
5148,0.0641376333854068,0.04426091249260378,0.030023045623208677
5149,0.09951580214518982,0.13270413457650873,0.07211812835275595
5150,0.1543132343941921,0.008462696995038866,0.04115669382016153
5151,0.00909639546085713,0.058102489168572725,0.02237325078262664
5152,0.04755977920825077,0.12932508663257591,0.00011543960369730932
5153,0.027886035896937854,0.05432481758203309,0.023737217810873828
5154,0.018566671489158346,-0.15569078471805275,0.051487222969352
5155,0.039600287702117695,0.06921279068133426,0.08005986757645593
5156,0.05532988307451499,0.03630607674451513,0.04131660528700292
5157,0.044618383757835965,0.05792909580758859,0.08591023330359561
5158,0.0490922157805089,0.01082973838028848,0.04753645547392857
5159,0.05620390902409358,0.059016970738893886,0.03468754793863096
5160,0.06209135811264921,0.04848400422354411,0.11553279785372941
5161,0.030758291735926712,0.059514681312666975,-0.06128329932991311
5162,0.06649746273384723,0.021785904464086382,0.04249896823928961
5163,0.0159431240906266,0.016453606577061654,0.027657168238819068
5164,0.048381558456731644,0.02509520684503347,0.04679856404436533
5165,0.033217683685747366,0.00790373517803762,0.06804869733331044
5166,0.03402219030703734,0.023569831248954023,0.025825747885679765
5167,0.025581034148914394,0.005969756010755334,0.0764957758891329
5168,0.05452529943150934,0.03989424537579091,0.0653531716315534
5169,0.05707672306431145,0.05669104108405594,0.0016892179018060838
5170,0.04217394751515928,-0.23184222328628779,0.15246078534857457
5171,0.03456210686394274,-0.4215615109662566,0.10043004372181877
5172,0.010600980973006026,0.03143871234597482,0.030424907237611987
5173,0.0625142569821822,0.08884382909618212,0.06588403907247709
5174,0.058976255900783266,0.17546812467936032,0.46116513876578263
5175,0.03550414267206265,0.12945570050738672,0.017935084079962887
5176,0.03904235512742777,0.00842742737840545,0.011018576054338614
5177,0.06623764840312774,-0.05520785583011305,0.01929158961090094
5178,0.07531211093374669,0.029307450091192445,0.08796303306662928
5179,-0.045083155221358535,0.05153762807213968,0.03279967905224181
5180,0.043247778676418734,0.09129460934634398,0.1094805333727544
5181,0.057464998065955,0.07749756976651621,0.007858473756642826
5182,0.07655281401751071,0.008368349000470832,0.07451000018246365
5183,0.05997885206712355,-0.31870836385518225,0.11671748518916099
5184,0.05882020909309038,0.0881783921130009,0.048341667294392425
5185,-0.10492477973203337,0.07288521432742914,0.02015147715914425
5186,0.03158794619344449,0.01546852640613704,0.09815807565425842
5187,0.06665535985072549,0.08884081596987545,0.039114694611078304
5188,0.06910228376725988,0.1888341483530267,-0.12438016874069616
5189,0.04905429381991038,0.04375282450822221,0.029949391636660362
5190,0.054233868042008804,0.019478189809173353,-0.06171473563221652
5191,0.07798283260423189,0.09063164539736926,0.02733949023837734
5192,0.014735155380099252,0.09556271819191807,0.01856595655060949
5193,0.06249932060752745,0.0005732563416401271,0.04023595771731178
5194,0.04168120699807207,0.04286461505472351,0.059254712856797453
5195,0.09229886121592339,0.036819019242857756,0.05864716408526305
5196,0.07364955134835198,0.011386333747165212,0.0286424237595753
5197,0.045385838356483035,0.03888547587671451,0.08305964772228465
5198,0.02784072345185914,0.13723474827999746,0.024693158403977462
5199,0.09915723689227172,0.03867550647222732,0.09218933636852006
5200,0.05636187621663572,0.020225180053663663,0.010120066526911798
5201,0.027824294040892903,0.05665190696888898,0.01957750158844305
5202,0.051351722708371995,0.1132263426803452,-0.0596035166078459
5203,0.02914379018612318,0.020355661717511377,-0.13970032160810703
5204,0.004304342020551917,0.08611875517009447,-0.09971716199801454
5205,0.006408434250541457,0.07348833811120821,0.02409826804889225
5206,0.008153935148340036,0.0573552690826304,0.1461251727910533
5207,0.031378053223960325,0.054463832393679794,0.09220959626678205
5208,0.050933603535714043,0.056844123390980376,0.0035482835865428223
5209,0.0561533816985184,0.02936397106374633,0.06469104680482156
5210,0.07577981210450416,0.03888176446770656,0.08701693471944111
5211,0.05916292640202294,0.03059656818143728,0.011343874834587521
5212,0.07861197537511874,-0.1580893084888298,0.12331412134584559
5213,0.05202921843633733,0.05011894230990619,0.08359345674711591
5214,0.01838903349043915,0.19100235599440818,0.040004494850763093
5215,0.027376624152815825,0.08428295280853437,0.052655045969251746
5216,0.04774487810200177,0.04775595647446157,0.08429662092699637
5217,0.048915473036854215,-0.02511140799378776,0.20551463853381804
5218,0.022482800100452966,0.007732838674584019,0.028863026284471374
5219,0.06507064903790999,0.0906055818067343,0.058843319931465236
5220,0.0676575148631786,0.05484649143234526,0.0002775869348644822
5221,0.053060345516234994,0.030120106283326398,0.017251194346105548
5222,0.05128948308104785,-0.22586988804218444,0.028645653246087456
5223,0.06945630357762664,0.0610899525186571,0.0851287369837172
5224,0.059721419309995485,0.06852615517537768,0.08562358659776331
5225,0.06854046947615226,0.05523734287312444,0.06596979480776646
5226,0.026144683704974195,0.08960760552346794,0.007296845239254619
5227,0.06998316271076535,0.024249147370612137,0.008848154662129992
5228,0.05103726962967808,0.005431954331871402,0.04395228501565449
5229,0.0749293977334973,0.02114049549022532,0.005824446681755591
5230,0.09125745521607684,0.012295340891488205,0.0315493424187145
5231,0.0428374912780087,0.03589029366955398,0.05364841585265534
5232,0.261732530933676,0.08764825631526557,0.0836963869385618
5233,0.06764380046603805,0.023343989944750856,0.0025562060363982786
5234,0.011535965082589458,0.11637318472975733,0.11994506930245907
5235,0.020742694874605866,0.037121584203755296,0.0662473174276124
5236,0.09129974903241048,0.004009134717936314,-0.3978162393117336
5237,0.03282012639180394,0.06261511708633151,0.07848506821526365
5238,0.03634890450085568,0.09822990018718974,0.07750316041304109
5239,0.06682594051283583,0.09534963074602337,0.009688991864874165
5240,0.07300196345683244,0.05216777793775678,0.008653638107427064
5241,0.03631296711737727,0.11474077357584621,-0.1723565551003363
5242,0.036871575181982835,0.16682724235867885,0.113907919524324
5243,0.06659389299242638,0.0716291443828609,-0.12075832558428379
5244,0.03229984027267174,0.02722445630023006,0.09704052012748082
5245,0.05113276520153609,0.050868717765711814,0.013729584080744074
5246,0.037521884189827825,0.043130369813497195,0.07816640293129631
5247,0.08393194514223422,0.05225127647013146,-0.19310638310104708
5248,0.0376940877645761,0.05247841503137793,0.07273685676753427
5249,0.033892798657828196,0.017038872189355115,0.05697882013672282
5250,0.06202722968571921,0.06002450638639171,0.042653145676222526
5251,0.03541320079312351,0.09367449146555508,0.008584539161573956
5252,0.016430635296659536,-0.2889500207836041,0.041470998778515594
5253,0.04167615485889548,0.019985797882416192,0.022639486663218703
5254,0.04187094721520218,0.00987180279801525,0.14568010772723278
5255,0.02201449357913761,0.08875937835076064,0.06468770761915132
5256,0.022542150950883137,0.02340071754462826,0.04936302535418045
5257,-0.2854625260118788,0.1204430775919084,0.026089608010592322
5258,0.01695998007899837,0.07851991133736835,0.03540934379619407
5259,0.06107128904097986,0.18206668108030483,-0.0037197086646327815
5260,0.05776674710768023,0.011999113444643817,0.0955036319515481
5261,0.03047429050359355,0.0906585196918459,0.09339796417311232
5262,0.02230912639254755,0.01112402612895509,0.08825955030276746
5263,0.021731204407348895,0.1205063878757783,0.012722490171603141
5264,0.06261786705790284,0.018085422056838354,0.028331645338985623
5265,0.055887105737477315,0.06079830921251366,0.09330489308897794
5266,0.0267565298275296,0.027133747343566713,0.035062658645229075
5267,0.07209260495748966,0.004912296040280562,0.040108572486689566
5268,0.04356808758295487,0.06964783499909631,0.07718933372546594
5269,0.051194675625194155,0.02562565562395297,0.0229052271870573
5270,0.07226669064807377,0.08720000096633262,0.07455411173141648
5271,0.07515503683798491,0.07739360427452796,0.09564959938715234
5272,0.06531950395718153,-0.06485994903077909,0.025368823851226893
5273,0.046238573054529636,0.05938424663973442,0.007078511680448441
5274,0.036915076049238355,0.09192450652459794,0.07776006748745774
5275,0.05661975523541824,0.1397782278320628,-0.0350412194608042
5276,0.04928010539024207,-0.1345569952955894,0.1779466472289572
5277,0.05420100829569639,0.040278775544466294,0.013976909201673361
5278,0.03562816109361813,-0.21114268174260198,0.1385073362239045
5279,0.01153892927208242,0.032260513455616646,0.035225495872241656
5280,0.0353742060481259,0.02085919902303737,0.04738215717068444
5281,0.026089877900095926,0.003221829540590382,0.06494278337716738
5282,0.08149141094106745,0.09247895721956201,0.06042482305212274
5283,0.015619838866205162,0.02388685311030397,0.17623243578037062
5284,0.026499296509350238,0.05530405094480037,0.02751363769455715
5285,0.04118219759622398,0.08077553545545331,0.02858656312998188
5286,0.04182659392532316,0.1758493796471513,0.028382281384417275
5287,0.031446035704403894,-0.02776396248051518,-0.06907677143794884
5288,0.09120702212672308,0.07811036120560266,0.046112551905507206
5289,0.19496119279625196,0.1958344496077772,-0.06350636370890245
5290,0.03075714862510774,0.07272493483347386,0.059130324163438636
5291,0.04199712456253707,0.0048456823796871554,0.08273471374748577
5292,0.05753296774611451,-0.05595465928986637,0.17007997640153127
5293,0.039322376663939854,0.04645738983054731,0.19896467716213695
5294,-0.12379119160470642,0.06298526190097944,-0.013885021837453305
5295,0.013122559056960744,0.02148923299067479,0.008937955278487597
5296,0.041241042882814286,0.165279235356926,0.4388682701389681
5297,0.0279277823547424,0.03187167197803288,0.11954929355048448
5298,0.033268704747506705,0.07648953152323625,0.054896130688067084
5299,0.03769790742652644,0.02070178559337902,0.020756133352855824
5300,0.07235733612220668,0.09297774699412008,0.010558055294521352
5301,0.05819788592165879,0.09259898526033468,0.06820425491420296
5302,0.06228848446180692,0.11663119523571717,0.03210370709384966
5303,0.05017386726995997,-0.18222996425367438,0.1281136346543247
5304,0.05744824544595775,0.09778112241448939,0.010995387398352374
5305,0.009307426672667912,0.031387031104256356,0.0627428414983399
5306,0.0728863135712797,0.012480550627164367,0.06836453359592981
5307,0.06458196649934353,0.014925493978042714,0.07781762441862
5308,0.013609817345121837,0.13950736751140502,0.16527295057667435
5309,0.00932267599343194,0.07629712243955461,0.028054024448331986
5310,0.02897045626211226,0.18951240260596613,0.03688870671319377
5311,0.051311327241386914,0.014058723339699342,0.056029810836492826
5312,0.029030951492557484,0.07342429953173236,0.045081602584161974
5313,0.048688095837483236,-0.21701609113354037,0.015200647569098648
5314,0.05493597530558952,0.03275255989448496,0.007475689733559144
5315,0.04308573102844448,0.09838796838073009,0.01461754335416765
5316,0.07925135211064024,0.04411682158640783,0.05294453925081636
5317,-0.23188984283619954,0.08946975273783783,0.008979767494071478
5318,0.06245717294962334,0.02498686257333387,0.05584667267218531
5319,0.029229394718628596,0.03542508271294475,0.051365410667861044
5320,0.03321353079282185,0.025445800123674225,0.016224651960694038
5321,0.03665322585399346,0.03991071562741119,0.007070024933991515
5322,0.07936233154213755,0.02085986140422043,0.05609556535674445
5323,0.0526920795672076,-0.03480116225341384,0.1409354081338191
5324,0.050958133975033335,0.02127421553401207,0.07891631416633471
5325,0.06285717797330612,0.061149962899914256,0.042182011397102905
5326,0.03434780932578845,0.02143482029424734,0.047765154150635494
5327,0.048703289969776985,0.013181801075352896,0.0999318242655039
5328,0.021032239668831443,0.07510553230281874,0.0024734516150628385
5329,-0.19671749032151253,0.06627275690976936,0.036079853924385834
5330,0.026707054619465456,0.16412529733922404,0.5559227739571219
5331,0.07913601596085118,0.07925528330221013,0.0579363915991373
5332,-0.011265148321957283,0.05922186408568419,0.061196889489878996
5333,0.05380461780430595,0.13742621918846373,-0.08811425963230156
5334,0.04688685106867577,0.06675057741917964,0.051569720020537495
5335,0.0601475695909575,0.0417711002458078,0.031573791365510966
5336,0.02877360924928316,0.03145452439760277,0.038981592707388796
5337,0.03267735618889707,0.01742538029055965,0.1497412749520221
5338,0.08363486170932244,0.03594284556478237,0.0786048969272214
5339,0.05936070676832339,-0.20697507861019765,0.08181070017346792
5340,0.054769097613507,0.03467031506266956,0.07434957179090886
5341,0.025211327888264145,0.038531414492356246,0.02515929269844029
5342,0.06610442405958818,0.03779417054092506,0.0898643569365587
5343,0.02411643546726902,0.030733623081896543,0.03155012646939604
5344,0.035953390287604685,0.03240603727808653,0.005449876507457052
5345,0.03735004064980268,0.0632350176560678,0.01111082026409972
5346,0.06738049787813469,0.1476925725559285,-0.11777158706860497
5347,0.06971534345418652,0.02266662704633765,0.07932743255426343
5348,0.04942979183402391,0.09778378855823187,0.08030662772422831
5349,0.031035633739833937,0.037294084392231586,0.1006427753022755
5350,0.057497844405266306,0.06070072610187424,0.09775637281135259
5351,0.04320497015299718,0.0031120859563125826,0.030179261993579044
5352,0.015969792123326616,0.0071521797189425425,0.0020367223302171
5353,0.02543620992663902,0.04234445382372329,0.040083814605446716
5354,0.012251346996603893,0.0094854230192989,0.07903548745915313
5355,0.025367009874825385,0.07678779173855839,0.0833136072907741
5356,0.036022608809079794,0.040619905345332406,0.0061880063916708306
5357,0.02736499663041618,0.05034807399041048,0.02438872784309431
5358,0.10040759259184531,0.020894125719678164,0.10451550813314532
5359,0.04708440152664819,0.0325308731232806,0.0406125960243423
5360,0.04863625825672276,0.03989547206989731,0.07439955318718171
5361,0.058672160916990505,0.05378867866099446,0.0001556438430997731
5362,0.05688512118265566,0.04128031757414352,0.0979083805631788
5363,0.08525659082553705,0.06624172312411418,0.049399028625367464
5364,0.06891849140348355,0.11560647649138107,-0.5474297314420268
5365,0.02011248347223081,0.004066925114629816,0.035011409864953345
5366,0.05398840745727197,0.020347176265386527,0.04794335737918261
5367,0.01712089790242039,0.08157836877443987,0.037815055454827495
5368,0.05327896755025802,0.003087536343930064,0.07821288682060785
5369,0.049011444511393054,0.06495672386218211,0.028591751621770002
5370,0.05683863723696679,0.06407960475522631,0.0515040726711321
5371,0.05635236047906023,0.04102127150874144,0.025585214617272103
5372,0.008907450583617726,0.06246967045632558,0.046600782081685874
5373,0.052335852722415,0.10052491111824267,-0.07105373991413211
5374,0.03120356438981487,0.05810707240773349,0.025869529296661087
5375,0.052201842842736636,0.01197965082758492,0.09689263168226536
5376,0.021227923172358477,0.08359934591737708,0.02580388553480885
5377,0.036231037243796,0.030109649790536097,0.030207250201195912
5378,0.07183888480232099,0.07987268676047099,0.05883165420003936
5379,0.04148130080407003,0.1555477448850936,-0.19069461785526673
5380,-0.0879336893881386,0.021339396568785297,0.0251091095151173
5381,0.053197017488701086,0.114734786086266,-0.21124874769711988
5382,0.05442363448265501,0.046082509098574156,0.08954902389904339
5383,0.0672417099515298,0.09857215666696,0.07070495841613203
5384,0.06551708941358227,-0.022261879764573902,-0.11468630831093896
5385,0.059045870297923006,0.021637549634839617,0.08597685485480154
5386,0.048602506893213146,0.035254759842414385,0.07837930811899034
5387,0.03638080702780136,0.0841367157418133,0.06654922165377185
5388,0.07345945886374744,0.015144857324794082,0.009680870093489802
5389,0.05044465851347727,0.08037636280920647,0.09948879366468533
5390,0.08567112244182296,0.01710183857911627,0.03507515990937702
5391,0.05842135549938857,0.018684056571375507,0.04914333867601951
5392,0.015578232514715545,0.10213999219930195,-0.1569606148776632
5393,0.05066375241776848,0.031022011710091526,0.04912632433886952
5394,0.017213571474906736,0.0273604211247248,0.08976832721646295
5395,0.005459539887928168,0.07271382569216844,0.08997979186241938
5396,0.06591491288602011,0.05771752591107898,0.039779572677142494
5397,0.04987206509537007,0.06606058404489366,0.09324492197090116
5398,0.005244155140207263,0.007277879122367337,0.04157828687005216
5399,0.08919930105161245,0.004692631483712184,0.0750815445314566
5400,0.04037928930154549,0.008110849598342329,0.008627411950409692
5401,0.04345295000989026,-0.17050848338141772,0.08352972755605931
5402,0.028588605389897423,0.08678534855719207,0.036085739743491975
5403,0.06797747464997664,0.0919620365120589,0.09347478263222637
5404,0.05154332366406453,0.09343929340561608,0.05956203829377277
5405,0.03258882064125539,0.08260452808964212,0.015594886997117897
5406,0.03291443096690047,0.019795453472378568,0.0870181509117292
5407,0.05709620129543781,-0.03253870334118693,0.151009242232228
5408,0.0633116828494846,0.03349033669130064,0.026760408160947713
5409,0.08453221962473215,0.0529469913753467,0.039343335970361354
5410,0.03367925943897225,0.0017563630516994279,0.06672089486592486
5411,0.07258337883572633,0.0865288057781792,0.07730123675801016
5412,0.03269448696811239,0.08114447894369425,0.0213508116806868
5413,0.0487045417574218,0.007199137849064097,0.009910585773040338
5414,0.03570024650302239,0.039988976616375016,0.09391648651080087
5415,0.06678853431524018,0.08264153322570945,0.0885251310661957
5416,0.013311111282269895,0.05089149009913781,0.09324121091803281
5417,0.05321988927529147,0.0395704173943772,0.012422084135569623
5418,0.05266560461824855,0.06854353835152242,0.057058371592658724
5419,0.030274938066077717,0.07483511878407416,0.05686663991842155
5420,0.04634366553908934,0.04811331287204062,0.07709260259874014
5421,0.041789238377716004,0.09546985962137629,0.009498298198470034
5422,0.051448650031044575,0.10681484138987565,0.025020446546061642
5423,0.05426091074445931,0.06836891836797881,0.03142590924535415
5424,0.0,0.0690159427241177,0.0729086482456341
5425,0.06299387209903345,0.12680515629004827,0.40641365394525514
5426,0.021061546076438918,0.039961804448880395,0.010106856091492379
5427,0.044763791967039154,-0.31098620357475737,0.09160134017588935
5428,0.07303226889355023,0.05175077987677549,0.07243756095265746
5429,0.040083391847535635,0.007930442368662595,0.04507383456843775
5430,0.03197834288187368,0.05575353243341868,0.08530524444112288
5431,0.015215821135115729,0.031754172590892,0.03708642356665879
5432,0.04814537217785826,0.04555989105903555,0.07088800403154488
5433,0.044258396885660974,0.0634607392783643,0.06293565581448922
5434,0.0020841682046557827,0.1632358208723917,0.17685166914876235
5435,0.05962515463493691,0.013924431593322207,0.06439081113817392
5436,0.01596245730798918,0.011266510803528123,0.04305304459254092
5437,0.01640476987806059,0.44873199059305746,0.01745022699173655
5438,0.06789037844665681,0.013625783436284023,0.16218628321856945
5439,0.06960294154130243,0.02494369474799617,0.049319240035285795
5440,0.05842599969441541,0.07896381769296384,0.07156893246903845
5441,0.0481212660143428,0.1283445699200176,-0.09832237139144312
5442,0.03680978327933482,0.03594413428330773,0.097395125496037
5443,0.07130912830067422,0.10352532620149289,0.019381582437971293
5444,0.04352672915594242,0.01134642750627356,0.03373134207906865
5445,0.028861316751569336,0.04192437346384159,0.05732547372000038
5446,0.04835045473803004,0.06529643588185495,0.00010834676158800369
5447,0.03065912337416756,0.0234295039004647,0.09865497662786785
5448,0.08244524464070703,0.01770383492767294,-0.12016217397416488
5449,0.06088653268311272,0.004257522109375101,0.0103650105165916
5450,0.04963246121258171,0.015439559182540682,0.053552209685009955
5451,0.06691096780687718,0.15797168615314397,0.13637341705834327
5452,0.06745674354969852,0.03455208033492357,0.058898405996602246
5453,0.012980085046260234,0.2151029808620928,0.08422006694396214
5454,0.039205089412367916,0.021423740483635635,0.03354683039318234
5455,0.02162823096715068,0.023690553801026783,0.04754499248153139
5456,0.06762078133628074,0.0021650654413560956,0.09296638655488587
5457,0.017968040493777572,0.003503236906646532,0.02390315413419133
5458,0.06482145609834795,0.017497249993451203,0.08012578516575805
5459,0.027861600657304475,0.017430003453796243,0.05645365407189893
5460,0.0656363955050619,0.024339396299189287,0.04791538279542734
5461,0.07402653508195088,0.015334741363570936,-0.31862965660430287
5462,0.05310620452512218,0.02416183306745587,0.017048735059068187
5463,0.03162921860395239,0.09111085563175872,0.09440511065442439
5464,0.041831690655470564,0.0501513088678921,0.0761444463574879
5465,0.02433377269594344,0.12567220236155777,0.026099249618419234
5466,0.013932275319208043,0.049446903503701234,0.02637988808185007
5467,0.07302627996658512,0.08144835113117309,0.08987421623227243
5468,0.020911110994179017,0.1641072578904391,-0.3541198840595893
5469,0.033350578980743346,0.06486302259334693,0.011366849337029873
5470,0.0224232459107642,0.00655853265801033,0.05050273441809723
5471,0.011208877488565,0.058837668549070105,0.02872979677109987
5472,0.03680589936147206,0.10488739341547015,0.14741998391187977
5473,0.05953567032212248,0.0014036937300204166,0.060988237546601855
5474,0.06329917488596994,0.07636401960666722,0.06827215926146489
5475,0.054534835904348086,0.09919664218634351,0.031041777993317
5476,0.05836992923977823,0.10059635775819031,-0.01264685742346125
5477,0.053507192839777,0.03702562723260643,0.0019895051298408073
5478,0.0099203487791076,0.019625242354082358,0.08149420821187435
5479,0.05895120108358931,0.030279761184835243,0.06997955684025726
5480,0.061967748469625945,0.03993433786304256,0.01988896971131955
5481,0.054933563531908244,0.18441661320907343,-0.0910674327576056
5482,0.06036349274438957,0.05891521341023767,0.011223092317360052
5483,0.08543526963885953,0.22714154114908752,0.05978539473766334
5484,-0.14650103919157836,0.013714573696533217,0.038522550595471106
5485,0.07409169001442886,0.04072364261690077,0.06623659601303426
5486,0.02211475597309354,0.015388574910654186,0.020379004114159573
5487,0.09529586109950904,-0.30100683396841854,0.05652877938587464
5488,0.09700524850703512,0.06754926712304847,0.0972648754639421
5489,0.03266730478466798,-0.14869193579021173,0.10309038368397892
5490,0.0629346285997679,0.07340050966998916,0.05596136256844153
5491,0.03962695281331722,0.03499144208951214,0.08110496181494335
5492,0.04614212449989605,0.07740360321161514,0.08598161384847228
5493,0.08525144929350623,0.016325808647506736,0.040725585154960935
5494,0.06826362920384542,0.02943185373443822,0.07943861317436988
5495,0.04729560557059313,0.06334616933973675,0.08775973592000745
5496,0.04745555297919313,0.008405845916539412,0.02593493243180589
5497,0.07625724051868946,0.07790138553201921,0.07636965394583894
5498,-0.11904130163531226,0.013260145390446643,0.05773083462885899
5499,0.0886831746957211,0.02335143410423809,0.03279678937104721
5500,0.07746509688736333,0.08840117907399575,0.025909722814897385
5501,0.012505014456946184,0.005400493860178435,0.01491339138524216
5502,0.07573426331842453,0.032086238894045084,0.012503085707191275
5503,0.059715756085846665,0.08071922302225963,0.09797056627469662
5504,0.044671525049513994,0.04324765938778044,0.09564327550771687
5505,0.04879483814452299,0.048616429888469974,0.08551431351816476
5506,0.045901202071764624,0.1468187415138878,0.1421145173148942
5507,0.05621473690022156,0.08004301211164981,0.021796424935880035
5508,0.05588961633265971,0.03702775866872273,0.06107783356297112
5509,0.07860652069416141,0.023226578242400243,0.0669677689585003
5510,0.02211194125399733,0.1295619670727395,0.1281221226080812
5511,0.06250961570151609,-0.0477285235751796,0.03109702406976532
5512,0.04356066085752997,0.029843479485091185,0.010168317937658922
5513,0.06115842834510197,0.039240851534100556,0.08760178870787214
5514,0.0525403108001914,0.005378098489483063,0.09531633518413091
5515,0.04903689999717741,0.04439700092398275,0.017398704945395638
5516,0.05078426541217042,0.084958565403535,-0.06462305057631412
5517,0.04352193219406011,0.06885305046613259,0.013715954428917477
5518,0.0721454152291108,0.046283689528845595,0.08488291971960193
5519,0.054684796241614445,0.08863395105982498,0.04953862373998791
5520,0.06022935429656594,0.03607439367093756,0.06999356421870444
5521,0.024605728225186644,0.06086536726447143,0.021953730561100504
5522,0.046096156748341624,0.05432000687909613,0.09732790991704932
5523,0.021458733811184544,0.08162467016083048,0.04418915663086456
5524,0.04494434542482824,0.10866403127675675,-0.15995681205092127
5525,0.053175055550746274,-0.03605134903707684,0.056339481201077374
5526,0.0763717417315633,0.06442761293124653,0.09188065507261489
5527,0.020118258469655873,0.004098428540606935,0.08592254141612408
5528,0.03864530355128027,0.08603847663282312,0.023778560419120666
5529,0.033893605311796145,0.04870300914128822,0.022584813191634304
5530,0.04478048487967609,0.09239119293429023,0.07139198783202212
5531,0.04132062813917564,0.06206387906172759,0.07962285138597429
5532,0.02850133967233484,0.13279301513805206,-0.05364483588427383
5533,0.029441248885335943,0.11994785019620365,-0.03828246620898407
5534,0.03779903362680911,0.07135007679124815,0.2383613073424017
5535,0.020103558195835123,0.02673293961648353,-0.0392154522784488
5536,0.03146067522017573,0.006529123312330853,0.03178966078062519
5537,0.06304176089973397,0.13171182403432596,0.23566324754819082
5538,0.07203417648894514,0.047244225639502216,0.003065703877485504
5539,0.0691030118089069,0.0629899589342057,0.037581526919468616
5540,0.03696103846562061,0.049937663358389534,0.0677126874562133
5541,0.0398462361985191,0.013815250550325554,0.022664438311468728
5542,0.017516492337352772,0.07899311397627483,0.03642417294893572
5543,0.04881374670227604,-0.10458789650650314,0.10767875557697651
5544,0.06215287953915979,0.015437789138110593,0.051541829195598625
5545,0.021517408171467415,0.038124295216445274,0.08450966488020964
5546,0.0077763980150302656,0.10155605326956625,0.04765425076352098
5547,0.07085160036496717,-0.14847377352491267,0.04949193182653562
5548,0.06328347790216415,0.0452605675963141,0.02520992496939314
5549,0.03573967816784422,0.07252778103753517,0.04827363036709843
5550,-0.15119811680440937,0.08558993507478208,0.03607450211478308
5551,0.044220810867634706,0.06785695972830295,0.03498186874260969
5552,0.0526531869763898,0.017505471967408426,0.08992025889645147
5553,0.04418109722313315,0.063591220224573,0.09685621959229375
5554,0.05699062580003723,0.09987173234142371,-0.3605283820158053
5555,0.03564109841952445,0.1890906704934957,0.025196270845898604
5556,0.045360803473601566,0.06953340566235856,0.04226221277804735
5557,0.034063731020543414,0.05700150120989658,0.05008345793275654
5558,0.0450857899097473,0.08557240062419695,0.005474398115661305
5559,0.07613927878052806,0.19222962538112295,0.11748998608129745
5560,0.0405907659291984,0.03846380554019803,0.055444446540811466
5561,0.061690515366550125,0.02111782050403629,0.012904317186037984
5562,0.03886648111865701,0.07707685507814659,0.005442693729902137
5563,0.010567950683698105,0.039690647074656575,0.07837986508374795
5564,0.05044831258741474,0.12760123866758652,0.1435566812192156
5565,0.05577489155466059,0.1686334244988263,-0.023727773561080412
5566,0.061328832729156006,0.012666928614161944,0.09860378147259503
5567,0.0450235437269114,0.061863983668697754,0.042409443181262864
5568,0.06304996134059455,0.19693913044921812,-0.1401758230719873
5569,0.0841522021928362,0.07127118092880595,0.0762283249791696
5570,0.0,0.03211228780900203,0.008422812317540518
5571,0.029037670054289533,0.037572518672454834,0.013690298893685249
5572,0.048558487605492244,0.030275764770929595,0.003242732236469859
5573,0.05141584997693907,0.055581375327104804,0.01033320046636882
5574,0.05401248634175518,0.03832770196771823,0.0530687652963501
5575,0.027186106345886783,0.0934428109204179,0.03316878280287128
5576,0.03187627157835564,0.01791182457133457,0.11351467144979283
5577,0.07181200907619589,0.09640460525186867,0.034454403638051634
5578,0.053630522046012374,0.015572320345747005,0.06590098142741753
5579,0.04458420718451587,0.06037570749898509,0.03119841831419794
5580,0.09361014309140292,0.01746348782249312,0.04129989888567213
5581,-0.08260782079255302,0.04136063178885834,-0.09422056073514332
5582,0.020661193168229623,0.1591248286086908,0.013374647412381906
5583,0.06791787442842005,-0.11916560670778012,0.09914524059013996
5584,0.030217467972601605,0.025771598831432475,0.08546175692091346
5585,0.08827795087947352,0.04262544451616651,0.05350967119029128
5586,0.022476036195856943,0.04477674900923752,0.02112018712910201
5587,0.07288293513498789,0.060393772009727134,0.05347723557470377
5588,0.043968977911945865,0.09796054375978153,0.03509272757852563
5589,0.061381227318681036,0.03967569811209444,0.010185843287851116
5590,0.02239276198062188,0.09670276992342723,0.013591546573579118
5591,0.01855610077957362,0.049403116243804585,0.03883719598839284
5592,0.06553238387745963,0.07939311601050933,0.06424007169233095
5593,0.04299138655239374,0.01719298862486285,0.08690381391283247
5594,0.024245949940458873,0.03875979230928532,0.04666113298373631
5595,0.040755084266440936,0.0464821490409442,0.08857289957530812
5596,0.023933615143843807,0.05982386174227743,0.09879401580438418
5597,0.06044001130246213,0.018924756692131228,0.020428224290044972
5598,0.020760780203275604,0.023418059296425178,0.09165795879127954
5599,0.04879911126017889,0.08609658782227597,0.032962181474953556
5600,0.06088087926023503,0.05283038000309718,0.0015077413004153885
5601,0.06520416133056228,0.09814375297199185,0.09532871288310808
5602,0.036697278508184154,0.022835963282160712,-0.16351528493867815
5603,0.06453161403126462,0.036767493279139696,0.09382409943821761
5604,0.044052864180781776,0.05114892805851634,0.07665669330494519
5605,0.06237548329053463,0.08912256715732819,0.023752910903630454
5606,0.04576018688516779,0.027129691038802407,0.0737819657165582
5607,0.038456348926279596,0.05491143280498252,0.19028348647821133
5608,0.046162347882023246,0.06635693660011836,0.02930549210430419
5609,0.060994169751315386,0.009899215155780995,0.021501665828305195
5610,0.04602042427754395,0.027316336650623087,0.011987825438257604
5611,0.060398289924199974,0.008563504555037793,0.09577721521692611
5612,0.05973673019092528,-0.28313533193021084,0.05736012141518481
5613,0.018030019351624564,0.0724940860222064,0.07987830023258524
5614,0.07868150386584856,0.08070748179126264,0.045735186490880486
5615,0.05645538996229356,0.08397143635151617,0.03809212888463568
5616,0.08009533021868476,0.0028122291632493024,0.041219448034585694
5617,0.0785249919386567,0.06235724236995504,0.01426677207183319
5618,0.04718004583038309,0.016688806118674803,0.06753057632775539
5619,0.037833435344699656,0.051861846997207806,0.0990274663920288
5620,0.05033353780038676,0.03668704479525183,0.0013324737156106938
5621,0.11848814686742606,0.02605965983194701,0.0078034765969753166
5622,0.08480341837015865,0.09711772929593641,0.03423193320657974
5623,0.03099157097002201,0.04041600172123001,0.0872972434175145
5624,0.03187897697080953,0.15643241467286848,0.005801327790244049
5625,0.055260872034192485,0.014143389643678995,0.026427018177485207
5626,0.04091709291814312,0.08276876862435817,0.0721951501713509
5627,0.05475698490382203,0.14620997995955115,0.11869914983846959
5628,0.04517829275203008,-0.017366232558356023,0.058113855682849304
5629,0.07162626996288979,-0.11737260246893934,-0.017424837379961602
5630,0.020993870573912096,0.013379973808763428,-0.4018222713735671
5631,0.0369176383546016,-0.1564328070962367,0.14935769324481804
5632,0.07783592658217917,0.09875308942264355,0.07627816708589974
5633,0.025615137537830644,0.07047609454746365,-0.15454936433833394
5634,0.05894490086960234,0.09553405048556472,0.028794786809304553
5635,0.056096136736645,0.09846207653028043,0.05439642020773559
5636,0.04240329012634311,0.020304483556805062,0.0008491108491266441
5637,0.04557005458395464,0.0004116619101742214,0.026290998176794225
5638,0.05975228552509746,0.027773991466004344,0.09774722069785913
5639,0.04478063026834119,0.07622150696533513,0.09882349394490961
5640,0.05170477839661617,0.002187747855405753,0.035112137876199115
5641,0.027722961899395694,0.07730962192015327,0.01567368089777479
5642,0.027803794794471145,-0.3188746881085965,0.05505525218127416
5643,0.06338469547188166,0.18904652997735794,0.2762905566552069
5644,0.0,0.0012762135322341495,0.02648701265686273
5645,0.0583569815736799,0.017419147338873286,0.08176067734465009
5646,0.06554103633594749,0.07531255353720073,0.006232155504461778
5647,0.008615864701712238,0.06863378343449213,0.07200279341162717
5648,0.03520765189777236,0.0277325827347932,0.09860665095476123
5649,0.045399406912375095,0.05623235448421428,0.022124818927943424
5650,0.06190925987883725,0.0026202543636563713,0.06447306387424255
5651,0.07306499673250536,0.13696172681676957,0.4038097138444119
5652,0.10126013792000366,0.014691390010510452,0.2799281702407145
5653,0.044444466930192494,0.00420075893121713,0.007255639432632533
5654,0.048864061699339496,0.042950929570180874,0.05393192889734534
5655,0.04814751699132344,0.03556270307733248,0.04112836853425457
5656,0.07813533630680747,0.08456263689182524,0.05077674453680886
5657,0.039513010724033945,0.037130797903803185,0.05682378452257589
5658,0.018949049977029002,0.03757606045127504,0.012830982522819856
5659,0.030099078073515858,0.03894928654292094,0.02325405186262827
5660,0.04140482029355234,0.033816092277595966,0.09397945187496436
5661,0.05426073392091065,0.017405307525201554,0.00353074734156561
5662,0.051167764072905464,0.03633720064578579,0.08045604788388537
5663,0.0861674973266238,0.06202722777164404,0.0922254617435842
5664,0.077990726321827,0.013407698249727063,0.016905196428005666
5665,0.049085518333234414,0.0625668810039519,0.0038272763889087517
5666,0.02799631815786695,0.030637822418691875,0.06508619355594249
5667,0.043504920263969356,0.046249612013083,0.04868481294053807
5668,0.03285044796118604,0.032520025217675455,0.05521281043986628
5669,0.030738580427006567,0.3066683424239454,0.19314914027601993
5670,0.09218746643507364,0.06908630020152329,0.16601727093119636
5671,0.018205758551482543,0.036075849303920854,0.12591763638833559
5672,0.045354885576988774,0.04080418797865956,0.003709096479766483
5673,0.0576908622778985,0.011494624230262651,0.06475582978607575
5674,-0.048370174873956805,5.20198398758609e-05,0.011924580155450538
5675,0.04149142798638168,0.09138477570336656,0.018877409856751938
5676,0.03385219917352128,0.003574094445815079,0.09211623740632548
5677,0.41186779356660375,0.031043311394457075,0.044514279220907664
5678,0.06085808363673091,0.023265320288849835,0.08776185076018078
5679,0.023622935978337003,0.004548281911542451,0.09814066483782115
5680,0.027195579997487302,0.022122636335671044,0.027338184709079616
5681,0.014847072956192945,0.12205965403122272,0.0186140618087473
5682,0.04232701168142469,0.0953606927451034,0.009000004579589271
5683,0.001009406268753632,0.03357966512789481,0.023240594719822275
5684,0.04970247317186746,0.13730820430142113,0.3410191969966662
5685,0.044037982781256105,0.06298231474655692,0.08043570007818857
5686,0.0660749254576109,0.019777566861679,0.21394400217775938
5687,0.03805912372361692,0.03147571165492191,0.0943821247274896
5688,0.07348072053118956,0.00965061174458795,0.049550262212492036
5689,0.009270344791448615,-0.17091534188583268,-0.08463929182793822
5690,0.05968280064989471,0.056517503049091804,0.15574906702949984
5691,-0.3430559673881656,0.08590431758075044,0.029373130521843063
5692,0.001147663561575963,0.02185270292998988,0.4949500009023353
5693,0.03501585956138581,-0.45726281398402335,0.10162539075088609
5694,0.04836549538735658,0.053097538845393755,0.09555880778291297
5695,0.04892850005744023,0.023008481450170204,0.017539049012391283
5696,0.10364297566090543,0.03873726598649239,0.02026927834434583
5697,0.038939109983573195,0.02036470228277736,0.008952435748442622
5698,0.016799568740706643,0.1580215528831717,0.44914475288070677
5699,0.032864792739463154,-0.30807195178150043,0.17183265070273634
5700,0.07722428391449843,0.07921246063562214,0.07190195735773255
5701,0.06700906258725926,0.0857394980580028,0.03966282969317399
5702,0.04302183426158401,0.035260271491999055,0.19871475555015466
5703,0.040912131664166004,-0.4120879752538686,0.1736111315605402
5704,0.04506617260397439,-0.22002411141756326,0.1451631257545247
5705,0.05691184263241215,0.06021439985092757,0.03509820054593748
5706,0.08261520679795131,0.08165053446634984,0.04635913005512021
5707,0.062198975502251785,0.09118883387859866,0.04101630635183994
5708,0.0515273714837029,0.005996066591875904,0.061033030475298095
5709,0.2204176686185692,0.09821399483939026,-0.0186975821828142
5710,-0.17331885860653257,0.08218251339773634,0.0995474182855902
5711,0.026649643492441945,0.02641572732884369,0.036772617888861096
5712,0.07813919628175557,0.09619625564808598,0.053214995353346554
5713,0.01583459009374487,0.0744412836372734,0.013212661781679692
5714,0.0018819454426086402,0.026019673225193364,0.0037421467207902296
5715,0.06429782054114769,0.03759911719373313,0.026413944633218323
5716,0.04379823332616539,0.01644052153437403,0.03624442262658901
5717,0.02267389128751918,0.056573934538805305,0.0755695075866683
5718,0.03203727831323468,0.13108580197704828,-0.14343477289235515
5719,0.04094452124735062,0.012887617827603216,0.026368616767657796
5720,0.022930818888737034,0.038888374716637225,0.10706872863159744
5721,0.03243352533944287,0.03146205183936212,0.06991988692470788
5722,0.029177138706885687,0.1330843828207193,0.020270706445157913
5723,0.046467975011283844,0.03798314990525473,0.04138326302068715
5724,0.0505052823111306,0.0027433497660928952,0.0784103559047744
5725,0.04321045280170787,0.08106183344162388,0.08758041217681256
5726,0.07901429691489523,0.08031999044228473,-0.00841373009331113
5727,0.08186449818969704,0.07755452267373852,0.010342830652359514
5728,0.038574769003045066,0.010607472974106824,0.05710772416341151
5729,-0.14557657205328417,0.05676724416101926,0.13263426712475587
5730,0.03658731072280163,-0.14599544764214706,0.08411721285175033
5731,0.033389796140140426,0.06978051827649027,0.09594601839583838
5732,0.11113284960386266,0.004865603347561221,0.04514720524559482
5733,0.04829506257028022,0.07396751098023416,0.009907265020814172
5734,0.030027833189049516,0.021801434921426235,0.018213338398139347
5735,0.02963956680013526,0.034692039053172544,0.09453785314528096
5736,0.042334554104199194,0.006720922174184196,0.05969019044720473
5737,0.04288970799011306,0.07813173085270753,-0.03494503420978541
5738,0.006156668103657725,0.060228119367577194,0.04665010330729953
5739,0.03971273503937619,0.07522906961099968,0.07448887373001173
5740,0.03292537919604767,0.04595520023668346,0.04586664277837317
5741,0.048220747543386525,0.003209485119455302,0.05763503839177358
5742,0.01599877605379777,0.0043382206915465685,0.5751233238544774
5743,0.019688521842361424,0.03008359915927665,0.1737937461236211
5744,0.08312701877251771,0.07896436157194472,0.07661729791668105
5745,0.037382706652593724,0.015629329898798325,0.06295898531998112
5746,0.025732507429759355,0.04545779506192078,0.05975378519836322
5747,0.044614176125686175,0.15615660633611828,-0.0855668855224498
5748,0.047792960608151865,0.03838506571794386,0.09142766316659563
5749,0.034885881057255624,0.17932938959244252,0.02047407449363552
5750,0.06718815725982238,0.013149487993150822,0.017975123004280846
5751,-0.220822362077073,0.045923442693135454,0.08547692235009624
5752,0.03889183850938111,0.020069654826804197,0.006948991367023383
5753,0.028587970835385584,0.04778067145739993,0.015519523166834604
5754,0.06395055744912831,0.03107751323329886,0.029364318707800475
5755,-0.02360019274369885,-0.11499285916561541,0.18482871592241323
5756,0.017497516458602917,0.07346885010284038,0.0833834880369187
5757,0.04392812399353809,0.09723026336448634,0.09168832729657773
5758,0.007266787912827706,0.052900623143008904,0.013450868591201868
5759,0.018467331975137904,0.040391703345201584,0.09918550046154184
5760,0.028407358606836755,0.030264033146635904,0.008188916563992787
5761,0.013750085837731477,0.1005926580240657,0.02540238324793802
5762,0.035421540288202866,0.0979727517771608,0.0800041858091305
5763,0.04393192914762857,0.05502011771528072,0.08341361766741687
5764,0.04419062323653242,-0.40393595617275196,0.04764825966553028
5765,0.059457544683661157,0.01791637475838932,0.09548005675977
5766,0.002831186732116753,0.04909037197218247,0.14723270040495856
5767,0.04370597561994451,0.017914332600018058,0.014461899802589152
5768,0.05363194014125823,0.019102826724812727,0.039510640092385
5769,0.033415648014124,0.011231529819899645,0.0025867744132411444
5770,0.07009621575703485,0.0467995786011011,0.08656795006922818
5771,0.045936847878694814,0.15928709280616957,-0.15287222445092077
5772,0.03810194331330936,0.012745040423151999,0.08217101694028867
5773,0.03427445618962273,0.03348141832683406,0.1705401224809755
5774,0.05406374879877144,0.08185927469423401,0.03923497584163963
5775,0.037279077560806395,0.05326373275754818,0.011014012035681876
5776,0.0609683026746738,0.03208559245291586,0.04374539065850387
5777,0.035077659388920976,0.06001676883462414,0.029921693947915298
5778,0.03859795264379414,0.06814349993470914,0.06551618617579463
5779,0.04991813784254107,0.07537404920230462,0.04599851924895337
5780,0.06367785894887981,0.046619165574599435,0.0012171698942552212
5781,0.025784741150424936,0.02195327956091211,0.09374475463453907
5782,0.05330060056824623,0.09156850951757742,0.06678157288867628
5783,0.015447995191369496,0.01400661612980112,0.08866328176845982
5784,0.07019577063007518,0.09341247815846832,0.05461269515570997
5785,0.027604602773503493,0.05605875826635101,0.06651202832692446
5786,0.06274368623095228,-0.07501246638643047,0.05589473149273147
5787,0.04703605942127947,0.05663986137635929,0.07097773857807231
5788,0.050556832382554956,0.012643040840906818,0.08148871508113706
5789,0.0597949673392172,0.04714423227384199,0.01765010731889829
5790,0.04612554510865129,0.044094608637636014,0.07959928544975528
5791,0.024277836728193985,0.032026798178507725,0.1625652777086936
5792,0.03209621040171773,0.018583693881532623,-0.20622432027133086
5793,0.05306381623765618,0.00700216878736586,0.00680550091469081
5794,0.03157497518746907,0.07542744731786113,-0.29655694523399867
5795,0.033885971233599634,0.1469429869388265,0.028978810345524065
5796,0.07907349680740834,0.06454214857493065,0.03373722248337281
5797,0.030460668864791356,0.006257173361625379,0.03970581247855365
5798,-0.011988374788495695,0.08422311328719977,0.03317333621360599
5799,0.021422257383188488,0.08556801752611568,0.010842327946880054
5800,0.03798600050328518,0.044423337459143376,0.05150667147667684
5801,0.21935305604233785,0.026384150160049625,0.03703513227484164
5802,0.043753865521296544,0.07252009391911506,0.01465516682189455
5803,0.04310083451460729,0.13804423210298725,0.3460941944861076
5804,0.06924096793347662,0.04791821127697391,0.029484030117012883
5805,0.07571562419717282,0.0670873910968558,0.08714348717168025
5806,0.027801133281315008,0.23041454528529243,0.017058152201012988
5807,0.05396260541673482,0.09184901598397208,0.09305094333978646
5808,0.0008476187219293579,0.052172791751841724,0.06832703649494748
5809,0.038493820251411535,0.03360328787025312,0.08881119915265066
5810,0.0256094945468805,0.1528749115171176,0.12320850173342267
5811,0.0561293215870777,0.08276170178783837,0.08593241134506674
5812,0.03815116549649675,0.05827932388003494,0.0140702437449174
5813,0.04654118106588822,0.047707332889021674,0.019245192603879597
5814,0.05363948702872278,0.04704838608209114,0.07336424817635144
5815,0.04765097647118261,0.06212235118823774,0.049168603560271
5816,0.045976487745972336,0.08000923112918835,0.0624160872896311
5817,0.05720029654259416,0.021268302690521847,0.07443278318296952
5818,0.03681940213882504,0.019251797125467787,0.0532989267774042
5819,0.008908457173029807,0.00603768623611759,0.01338621916849958
5820,0.033758201753663244,0.013819450721172966,0.08154639259221214
5821,0.06266164444218443,0.020895520133986236,0.05760312912468182
5822,0.04611601485691352,0.06683208372398274,0.07493721806378414
5823,0.06721299661506049,0.27778942689175357,0.030768417767087032
5824,0.028803001126323276,0.0016948601975148138,0.0581200742587151
5825,0.04350951520475979,0.016105249215259687,0.04254932404258676
5826,0.06412520781895767,0.09466154825338641,0.07602101152568294
5827,0.06595835560827146,0.01992102722578064,0.0821724626396467
5828,0.05519821358157948,0.0008277143584901059,0.051518270158809526
5829,-0.18533073963163108,0.05203746027940274,0.028363113661894958
5830,-0.0809210192916267,0.09807222247978126,0.0728905148266126
5831,0.06450277698025146,0.06205483503988515,0.09614489971656406
5832,0.018812566561222994,-0.30925261172859037,0.025739112989954446
5833,0.05911123058087059,0.005868217152544597,0.023503591207420817
5834,0.08024886648960958,0.0857498579900697,0.02139562921544759
5835,0.02487366792215495,0.031135998729132874,0.021051459285122604
5836,0.07204945343059913,0.03800984945068262,0.07418058126668624
5837,0.038952643143280896,0.05069907824851112,0.05474207337430326
5838,0.04386657773834477,0.07649211696453123,0.06186281090842988
5839,0.04916807052903696,0.10233167641575365,-0.20499510235170326
5840,0.05561511936772879,0.019309422964210943,0.097082747941002
5841,0.05939183023725636,0.03581199924766572,0.0650077375460321
5842,0.04376138956619477,0.09118882223993002,0.06026736495118887
5843,0.009822579587871914,0.026785827836104094,0.13834255244159208
5844,0.03258880052901933,0.010429007899597964,0.061284894069205564
5845,-0.17673301505609318,0.0959865507137701,0.004570423915799493
5846,0.07618076090973948,0.0003438744256305304,0.006080967940730375
5847,0.07880955177303305,0.0461910627711604,0.07098266736996828
5848,0.054510684090839,0.056312540572443705,0.02381725186946933
5849,0.017345368018902015,0.01570777520915694,0.015381754280208665
5850,0.059787235697936265,0.09147860889329584,0.03254454099373664
5851,0.06038287024166339,0.04516000189095379,0.09836552261536416
5852,0.0668551504108765,0.056761103963031696,0.08300335540158592
5853,0.046317866237047395,0.01029071849501666,0.006183631680194868
5854,-0.009788790163082938,0.1770854699693174,0.13575743396305148
5855,0.026041669947805792,0.17653282112486435,0.29309476624028563
5856,0.1265399900260078,0.12283820261580322,0.051290634466444864
5857,0.06482186212684767,0.004106539864358705,0.04843872861570073
5858,0.06893799429144176,0.047074144676752486,-0.06461231838329864
5859,0.041151347110195795,0.04404606465980857,0.03648839478598215
5860,0.059577836007966095,0.07125295811667022,0.05800012530243118
5861,0.015219526498306858,0.09982781961167919,-0.1593906939614907
5862,0.07291505426853485,0.007175262528463289,0.08567318238634915
5863,0.05015354391335445,-0.008184650603546076,-0.014683172690939855
5864,0.03312959271333567,0.09541464604990821,0.051523897931570174
5865,0.01697390351814021,0.012690510289555191,0.008836823642567626
5866,0.04062679272916989,0.10999356021356395,-0.014922682144097518
5867,0.060883409282989374,0.06126447644799832,0.040759255841553134
5868,0.046107093495349354,-0.051225914016872216,0.19053901669499906
5869,0.03486245803298281,0.09681630091933269,0.034643552861360394
5870,0.025584303961861822,0.022972328440409296,0.05465986129767725
5871,0.042785118249283424,0.13421631773190223,0.1515771902029193
5872,0.04397522335695393,0.04586970401887647,0.4998941630287061
5873,0.08230456308025805,0.09288972763485533,0.08832656150098586
5874,0.07666174586021922,0.014453869835880085,-0.10859106359071677
5875,0.050547436077141746,0.05470248225431201,0.09461405559352742
5876,0.009220768993077562,0.09905074782850984,0.08933476196106441
5877,0.32885387896242513,0.04380900980794172,0.09375544012087939
5878,0.05656792612099642,0.018123273624828195,0.0449303761668622
5879,0.043428644429120936,0.11573683819085334,0.2309143035762573
5880,0.03885184172120359,0.013515269542497932,0.03076887318291769
5881,0.06293707114769787,0.0387785208995785,0.06342208675049299
5882,0.05161273800756563,0.020972523386783883,0.041819153193637784
5883,0.052088544632374965,0.13801700060738373,-0.12086939951090056
5884,0.010535606134819492,0.08453649980384575,0.0668018104546323
5885,0.02830146511124902,0.08702334456747374,0.07274298369895103
5886,0.09359311794484623,0.0897112694279176,0.0174445091614717
5887,0.03458726408123719,0.18642497576589323,0.02317814337315451
5888,0.034075868784756026,0.028744893097015667,0.030596054590768054
5889,0.055202292948277484,0.08259337219481042,0.056998365612344906
5890,0.029099106981328626,0.0327341661377083,0.014579333884561708
5891,0.0823504142796431,0.053503581181703064,0.04273309452596095
5892,0.06629804113165698,0.04593706237759786,0.0651138957139945
5893,0.036128592622766596,0.06863829059493236,0.04597997249553635
5894,0.02865769906647983,0.026378012600769576,0.4144112683512995
5895,0.0439539502721446,0.08534711206398532,0.05531295537796513
5896,0.004435422258298161,0.07168756339766134,0.3002968811744158
5897,0.0741061236320661,0.1547044888012212,-0.040410750777966846
5898,0.05812653884485658,0.09467267991409285,0.016350422657518095
5899,-0.24897489236263554,0.0979160842072448,0.006434228785379537
5900,0.031684635804463124,0.043958968644935086,0.07611278175808406
5901,0.027913241962619257,0.04284968680659145,0.058336048587035574
5902,0.022651466613463744,0.13167816150965692,0.03154743233147041
5903,0.07148263070399383,0.043514549418549466,0.0746138334834298
5904,0.06901998833348685,0.006759146993188714,0.03877153784193349
5905,0.048350152539430924,0.0701625633252541,0.06552946942922826
5906,0.0651173425190867,0.04094199144509228,0.04877577122369186
5907,0.029978651143385052,0.09045630072122218,0.08292948140300714
5908,0.04158123281628987,0.025031620164462903,0.17202508761331478
5909,0.07521408340354174,0.05033111865366237,0.09691391390672283
5910,0.04362487327920757,0.04749311775080505,0.043254200949425683
5911,0.06933076227834067,0.1680714739150476,0.421674290576714
5912,0.05083892182693192,0.10716553315843319,-0.05090221468622576
5913,0.020052870683956617,0.03630704617813355,0.04213798452456274
5914,0.021675457691249924,0.1568355755287587,0.019507209693070668
5915,0.0522044837278411,0.08602152871295066,0.06830497333821219
5916,0.04569061385772336,0.05294143925389875,0.0638153657983777
5917,0.025725328796910862,0.026118573011294832,0.04899076161205679
5918,0.06277218657808119,0.09571405361212716,0.07369840757218935
5919,0.05913607110144982,0.05318062303919707,0.09778208283890202
5920,0.06680579471254373,0.026779928565218415,0.02491430809162636
5921,0.0013010267269455249,0.016474118553466303,-0.13057334283370883
5922,0.047866361941919414,0.049610037213812,0.04543037337143764
5923,0.05558701911459908,0.028055205642761663,0.07320775197302809
5924,0.05483379380311878,0.11984613604764355,0.1318818290933532
5925,0.037302083243488764,0.046657111710108924,0.054452539411050986
5926,0.08520353052711874,0.0754278445218377,0.09392795204845877
5927,0.031039504595505578,0.09705064004697561,0.0809187622349496
5928,0.013784633633681117,0.062122772961088174,0.007968588004311813
5929,0.04571433066859222,0.049428486734768295,0.025335636550130294
5930,0.04685613860954768,0.04786889830945154,0.03210614721240247
5931,0.03877892881067409,0.01713762019126205,0.03888764563794313
5932,0.05378640838672018,0.05635237882641924,0.02866852799004296
5933,0.06271602460392062,0.06662072351179603,0.040106823478034195
5934,0.06436037380345477,0.06347983230182118,0.05865035187233469
5935,0.06713477466556046,0.02637561455121006,0.08160578150252507
5936,0.05083117246966386,0.020637069255277807,0.08243027696279671
5937,0.11358397436463886,0.0653711748754545,0.00613615861331247
5938,0.027166659631956615,0.0069840387432159815,0.0778278746249183
5939,0.04486498253957244,0.04474238059015309,0.024132668401057045
5940,0.0023732629489994703,0.04908890066262864,0.048910477774469135
5941,0.06635985323051656,0.034948394618286076,0.07217625512769772
5942,0.06401482969045799,0.007673844746674641,0.0596112026980198
5943,0.06571531264283004,0.08445794697305807,0.04939341938483192
5944,0.03795764430200169,-0.06190810197715196,0.07940541860358473
5945,0.0393180666010525,0.07210142146978728,0.09216781521843062
5946,0.011936365509680268,0.07347710324488364,0.06937728888660154
5947,-0.02386832881668837,0.03549442044788026,0.07646515499442891
5948,0.059670219400509615,0.0686792982821131,0.03675570279761786
5949,0.047807766554017445,0.027959609409594945,0.01100323387562262
5950,0.0417726851808496,0.051118707617811045,0.021811464517433446
5951,0.055031089302338576,0.036838630373459316,0.08948137147018446
5952,0.05055309557665605,0.03713977360122666,0.06406177267974192
5953,-0.2717044984799184,0.0959604935712319,0.06828311913622961
5954,0.03699068239919416,0.024987623540495475,0.026178641322252984
5955,0.05377621654980858,-0.06327936930245298,0.11531567338301803
5956,0.07322624155465532,0.09629711453581824,0.009284835270303193
5957,0.090117631167732,0.0016049413943997838,0.035928471999028114
5958,0.04236192230195878,0.007433143011468713,0.059896342784088064
5959,0.18727658857386587,0.08385164138596922,0.055383880062997055
5960,0.04596670792093855,0.041082892496205906,0.09866316516558495
5961,0.052242677156608915,0.09606361010763721,0.09595697911601596
5962,0.022473755685679896,0.011370688241360083,0.02797726758424636
5963,0.033190682676260644,0.029116085316163123,0.06206371042971637
5964,0.04637231476840496,0.015047320293237056,0.07178292701289991
5965,0.03183402972064317,0.04895990959588079,0.03028272179402408
5966,0.05815316411344611,0.07388319953424875,0.023149167357929646
5967,0.0549670882695066,0.09354599428571776,0.07638123079394962
5968,0.2645158988147135,0.19638343875195916,-0.0883339557105737
5969,0.006776568385234112,0.031696421384979495,0.03521635703373639
5970,0.008859376588877428,0.07297811330064465,0.01845086546116317
5971,0.030322992339430657,0.03764903045090025,0.018563813624802156
5972,0.025674992201596282,-0.09438145164627192,0.07333080740086821
5973,0.03452930471840621,0.023962133437880062,0.09721933573694042
5974,0.052903177082674065,0.0838752411676096,0.07582009259493241
5975,0.020720217142015336,0.5295660571199444,0.009295049185966669
5976,0.014282805037999662,0.03359054266958722,0.00939389556219884
5977,0.05564934286583831,0.035506868927592077,0.040577965837867186
5978,0.07184701575466085,0.04135070046244922,0.05575791026066226
5979,0.028541962255736714,0.0664576944319425,0.06767697032297604
5980,0.06954944144460701,0.17593301881004325,-0.234313517094888
5981,0.022537641479289123,0.001602493911626457,0.023004956780600296
5982,0.07725399539281448,0.04175419727394919,0.004663235613620731
5983,0.06917794496770359,0.05568379117503211,0.0038686391321650637
5984,0.039785023483949036,0.032565117941802384,0.030719571688724745
5985,0.07264930325589616,0.031019853665164267,0.08345925122190612
5986,0.03609233213314203,0.13154647837798117,0.6526404097301347
5987,0.07298874761068051,0.09695576581610385,0.008599548939164836
5988,0.0786064815735576,0.035347466284135855,0.03591242835898025
5989,0.039147286521089925,-0.4398467237290431,0.17323263012554174
5990,0.07919898245344888,0.04259965365877216,-0.35131210113388534
5991,0.05846931873146635,0.12717149259770497,0.06481082300878677
5992,0.0318948872066384,0.11714040534279176,-0.2449845978010016
5993,0.08328358568018238,0.03226079767639003,0.06541353019106448
5994,0.0,0.052900884871444814,0.09475762021487409
5995,0.0445409708895505,0.0469909789101417,0.06454983864968081
5996,0.006748197144473705,0.182130660392132,0.014057398094089095
5997,0.055317683399192324,0.05417523447294405,0.07166359880681454
5998,0.03574173300539756,0.1383023496016874,0.009861634895363408
5999,0.07570375286755017,0.05762223020509664,0.06867158479369379
6000,0.03470466492173472,0.050118756339751484,0.03387654389106971
6001,0.07832024777537672,0.12698652832155127,0.03204618690149
6002,0.07447065768850583,0.0346041039170266,0.025397509078529168
6003,0.05566581058225363,0.08119095980224571,0.048837438319729955
6004,0.08704997919025224,0.15777394792847088,-0.1884948157641348
6005,0.004851203375956629,0.1551272264802767,0.011996375722664616
6006,0.0722601366948827,0.07932585264052594,0.07978967970349796
6007,0.04939785914365135,0.09488951324164906,0.08673345748889502
6008,0.0,0.04009119525994142,0.09096847322030711
6009,0.009503426886448533,0.05039214276802867,0.08566162729139866
6010,0.07135664261893038,0.015890091197474365,0.002574365413893398
6011,0.0681289143279344,0.061288979816114655,0.0632963022370328
6012,0.016293347003806677,-0.12568478761911436,0.07493947065989766
6013,0.017659319317675073,0.03526494088913956,0.02731975260974876
6014,0.06073000862410439,0.010313767974758116,0.05091027597909368
6015,-0.1384970395847798,0.04419403301915695,0.043323005802590554
6016,0.028180614267873428,0.09115420124271631,0.05627123450170242
6017,0.03903324357950782,0.051382177557417696,0.06166044464406531
6018,0.042874040086692634,0.08101176012714256,0.0683417072460235
6019,0.04923720262055701,0.06846705256558895,0.04278388998534436
6020,0.06824773760503276,0.02094932642399984,0.09304806893681015
6021,0.019552152353868382,0.03322394183906294,-0.3215559413056041
6022,0.06385295465563448,0.006393556687431501,0.02116793519287509
6023,0.05839464917844115,0.006556377003012737,0.0038720379800109674
6024,0.019221139378023246,0.06945043512989586,0.018207558147540392
6025,0.07830158866214343,0.15349094342538155,-0.27861996773177355
6026,0.08102139121984261,0.06839946544892905,0.07549145895683891
6027,0.019011562443113136,0.044363057417771516,0.05938020719090419
6028,0.045005225102586546,0.08132216482236143,0.038111691331157216
6029,0.0730139297201101,0.01402763619017764,0.02666911027547103
6030,0.057775243331609966,0.010884647570384832,0.009757764034449846
6031,0.024780721138069464,0.04716520412130968,0.05541722573871821
6032,0.06696458082427952,0.04098746552206076,0.1625296933073041
6033,0.08443240322226778,0.04506590437322342,0.0028626887527982594
6034,0.04846972695557237,0.028575689517011862,0.07633848754070095
6035,0.05852304175761501,0.002499999123459218,0.04571534031580981
6036,0.03373760389201441,0.028724231494512836,0.08690953464017184
6037,0.049267421943145435,0.04523360021051699,0.03184352231609893
6038,0.07143690309898376,0.09280518117552422,0.3098490376921283
6039,0.0343598123361051,0.037842973052562345,0.02087016917049698
6040,0.048164255358786615,0.045814974323312545,0.09610669165020498
6041,0.021619061926685588,0.023207313389732184,0.03251338205074641
6042,0.042785022034295205,0.16114465030428582,0.025343934452936267
6043,0.04555623678059655,0.01152941423049252,0.009605241882529859
6044,0.07036940945851554,0.05455352086691714,0.064555830880168
6045,0.05761167285344525,0.018867896020291104,0.09508084686942955
6046,0.06859331228153039,0.08604724068721703,0.004705945490675767
6047,0.057922776421592645,0.05024754168489424,0.09905069039192896
6048,0.07066669007243138,0.02806876657613616,0.06929025489195176
6049,0.0801122090743524,0.41960839407735834,0.04045582106124066
6050,0.0,0.09575640099959698,0.06858872472847367
6051,0.012816166173167899,0.02025226717965356,0.03011539122989453
6052,0.06030529351952345,0.09625700112723717,0.3960385028985468
6053,0.013988513377376695,0.04374620339199245,0.013311867042343299
6054,0.0363545862091539,0.15630246147559954,0.3592675365355873
6055,0.019836454293078325,0.015959902359067135,0.04293028469737157
6056,0.04260333885984708,0.08529923611039017,0.021527325977930813
6057,0.03903443575395816,0.04041093419517864,0.015510904807075666
6058,0.056668136820018984,0.010568937944892743,0.013972474649993506
6059,0.05529511735758137,0.055316663575413,0.046148884931814675
6060,0.06261563100106712,0.08928791414963143,0.04317178807286947
6061,0.07801395142696031,-0.10838729356348252,0.1952532682026303
6062,0.008957792326411598,0.06473588503058246,0.024520151506452405
6063,0.02699452898689302,0.04002517163891544,0.10293854583732241
6064,0.03184711367827736,0.049895411849390836,0.025425074320013966
6065,0.06113756875238395,0.0406306462059454,0.05841539350920599
6066,0.05477117103346059,0.04514192081014762,0.09793098425325757
6067,-0.019227552933064593,0.06606883985415704,0.023317142225337872
6068,0.029394012930939635,0.032575729059777236,0.11417849597424429
6069,0.04046314258250519,0.02086781721405584,0.16977685504393153
6070,0.05521125570079652,0.07296088726012594,0.041361924718821934
6071,0.049630573385333526,0.060482404839488885,0.15703072763116438
6072,0.05467251849422869,0.0061365709203646925,0.08649387489470499
6073,0.01416131386772728,0.03688732434951351,0.07191991162309386
6074,0.02921778006891018,0.06832933370149433,0.07230942403632117
6075,0.08170474740086162,0.0775041815060624,0.06878209418047322
6076,0.055648678968294896,0.07024864735887945,0.030633842755603158
6077,0.05533063338973415,0.07037918071988461,0.08941073858742646
6078,0.04264344487390551,0.022344052166760532,0.08475930718435237
6079,0.030134308630079126,0.0096145305172901,0.05609496965910426
6080,0.04722544856087411,0.014742411764988972,0.07080216829125317
6081,0.05752757713379715,-0.14258553637072804,0.16907385849151568
6082,0.05917996392629835,0.06858788952967877,0.011932955159947346
6083,0.07555490111158145,0.026516013180480615,0.039644367664374236
6084,0.03477603940148571,0.03427972737034081,0.07610173754845395
6085,0.07903847773552278,0.05575928080269324,0.0275732652512125
6086,0.0458599344280167,0.05812725857931994,0.007754590960925545
6087,0.04925298375257099,0.015297920721961233,0.09168244523707052
6088,0.0229163042390076,0.09618310624099236,0.025215114629586356
6089,-0.23581739805614083,0.03613563366465954,0.03908208475283537
6090,0.040735444218793625,0.046933359757659526,0.08142002949094916
6091,0.03292603136695063,0.1851659975682476,0.013213677047998506
6092,0.03187324296655532,0.011084030375807907,0.047276315887386455
6093,0.03274497580728102,0.006783713869954345,0.061942842658346146
6094,0.05124695643567406,0.03694540785967137,0.09735445866379776
6095,0.0508321512536339,0.06671246326533922,0.023889864794353944
6096,0.0,0.0009592907145361985,0.033591763618775805
6097,0.06116840671882438,0.005415548481489419,0.07961904101005954
6098,0.06653491550999015,0.045300111689031336,0.06391640295288367
6099,0.07106378476408205,-0.09505587741037322,0.18834967903186717
6100,0.06664918902924838,0.03382950622611174,0.056169878874192836
6101,0.04363171324161494,0.07642766331279227,0.009493696070019965
6102,0.05637421535460236,0.01924649608930668,0.05436880175391242
6103,0.039731347191002145,0.07745739113368369,0.05784117146386852
6104,0.06219104672917707,0.05707002863176097,0.0453776247711907
6105,0.043773083815522154,0.18289436708471887,-0.09264722586685725
6106,0.06746226173876588,0.08249024621486345,0.000920056384718937
6107,-0.14662012022375442,0.008282198074446957,0.050998439206348146
6108,0.06538702128375982,0.0674014339962221,0.069964317769494
6109,0.07992435404757779,0.052382303759220705,0.08772852709690028
6110,0.18640428297083422,0.0751891029905486,0.0986398854340244
6111,0.09746587249072314,0.06652310413272647,0.047339147547240716
6112,0.044291864067853175,0.005693054050699664,0.07964529124015922
6113,0.017955269396956082,0.09646407441153246,0.06815065699718796
6114,0.01803389603550873,0.02841891058285594,0.0295629993997653
6115,0.04575301736960089,0.07853399707428768,-0.14591703449578636
6116,0.07301322503974518,0.03824357060631548,0.005594720095782435
6117,0.08340558929155514,0.007395501251494252,0.06816851818639799
6118,0.058354857602665726,0.003513061493526648,0.05813657871424821
6119,0.041868819563629436,0.004780373404918637,0.03869858464306705
6120,0.08439858281382695,-0.16946507255780857,0.03951182498315991
6121,0.11331561015138555,0.057951725405705215,0.09173336243005098
6122,0.08065881341524105,0.04874989157021118,0.03310230240005564
6123,0.07293899782405192,0.08226303548723723,0.026211305047419076
6124,0.03293900417995051,0.010735136900345577,0.01626828487320442
6125,0.005370819859817716,0.03961152515549247,0.02605544968125083
6126,0.06182463500994362,0.05823406038417256,-0.03161752092963408
6127,0.04346522297428356,0.054808385751709876,0.05682152718096594
6128,0.03683358259647743,0.09808299291470529,0.06286138906631426
6129,0.015602291408418796,0.06007266612779177,0.0027123307730428817
6130,0.0005873529723865734,0.014791057695956164,0.004702891825157596
6131,0.09688883263539058,0.08269270766105054,0.09830274166094921
6132,0.06872080740506027,0.0006292311035797638,0.006254755594030859
6133,0.06443790681981867,0.0806349431458112,0.04370978549445768
6134,0.0629932283526649,0.07388265455395017,0.08231039872827697
6135,0.14348655763258727,0.08349300508340478,0.02584491619917292
6136,0.01891467756502546,0.14552907978736748,0.36276818998170657
6137,0.06349349932578417,0.041244001022626244,-0.07843727519903088
6138,0.08712100144424442,0.2992073279938199,0.05038482079644538
6139,0.051622132493118374,0.3386753496509618,0.11967328656182832
6140,0.054200297444592226,0.00650790039272261,0.052391968188672755
6141,0.06098776406948666,0.06511573389686666,0.01367862415436606
6142,0.017852142443794343,0.1358283494137186,-0.08760153085458383
6143,0.06692855393274422,0.027047582660903804,0.0015764800967683736
6144,0.07586740361210301,0.038195936625254556,-0.03702364170757985
6145,0.06484550352582177,0.007283333678030291,0.07642499850972895
6146,0.08248009648078292,0.25873019274752734,0.10744501979724333
6147,0.01765382197548196,0.07120411204689722,0.026756987178841365
6148,0.027820241038942622,-0.1549189514130651,0.05960529251894467
6149,0.118263801750877,0.06302736420009339,0.26055583867652427
6150,0.017956774850281687,0.04715906949454771,0.03140228631355201
6151,0.0666998982344489,0.07346192735939575,0.054718034952410635
6152,0.05230976282771716,0.003986480379872737,0.013343663316527254
6153,0.05323803959052665,0.014298140512513203,0.09335584423011489
6154,0.010639083624445066,0.07137628831043759,0.046390895927060104
6155,0.06080772356556017,0.0945254990113388,0.04490603934601516
6156,0.06780226560765179,0.04882240237280096,-0.08841375120333347
6157,0.04008363951281566,-0.05431633637182695,0.03436673381254263
6158,0.058057344147767795,0.07414787837902738,0.034389034777477255
6159,0.04599446634694851,0.04984656669224731,0.05351909728890935
6160,0.01980396348729315,0.02499947670769039,0.023663790905955873
6161,0.1653048385067129,0.055794364326459005,0.09529244861264674
6162,0.06217940930397212,0.022572935147521834,0.19937198014641153
6163,0.0861266336560523,0.049898309036783994,0.13110142466745425
6164,0.05152942459842873,0.02149370640394506,0.03512973603295666
6165,0.05895133132806848,0.07072190781656626,0.04505211761359589
6166,0.08831698573628327,0.09486367308664848,0.09489581044661168
6167,0.0407038102048055,0.15018694991804782,-0.344351436897453
6168,0.0659320078563283,0.025743527394957624,0.0024734010304573897
6169,0.03176682828762458,0.04202466554230536,0.04802783004521424
6170,0.06728322140151005,0.05196216731181405,0.01662681261181037
6171,0.055621903128645886,0.17462820585188524,0.0059423426427571485
6172,0.03781799785541793,0.026736897255198854,-0.08994610202738967
6173,0.05414960385445382,0.10799875398885742,0.2148750912598316
6174,0.06106391789008778,0.05359797648514101,0.07803605403486533
6175,0.05831136535022695,0.0013260291529982315,0.01010068026653943
6176,0.04109395152498285,0.30646390979772214,0.12597782197331295
6177,0.06495219481054165,0.04687301468803488,0.06513254308691614
6178,0.06312527916679427,0.08089592349815417,0.09653511808074916
6179,0.07949943050898386,0.02081758723717928,0.09320584172696272
6180,0.04634995748336693,0.0036534929641641625,0.0987472099862395
6181,0.0010178097871463918,0.05378145741109202,0.04588173140791469
6182,0.0345512775812275,0.12147165170352561,0.004969690410280472
6183,0.042529276549978366,-0.035308263539477705,0.19711796776242343
6184,0.07521431113468705,0.0017415717370596663,0.09273176964381975
6185,0.06149239897798151,0.04113742271837052,0.012344899669966769
6186,0.05106514324413888,0.05390050711236535,0.031836153080325356
6187,0.05460093554248909,0.055064145724744634,0.06810031950296305
6188,0.03915230554575568,0.012220571242121081,-0.2589350652602731
6189,0.06148892509343667,0.03666310308836016,0.00837192239100949
6190,0.04747470940239276,-0.38443607704413907,0.1362475208950903
6191,0.07135330317485071,0.06713763893227769,0.022937334528820463
6192,0.06152358509736997,-0.016054541317405302,0.3582516702831613
6193,0.02901447662522296,0.006251982924086685,0.0887012047911494
6194,0.016673302728146495,0.07551706249023238,0.09411983049926466
6195,0.07628294053049806,0.06329251445810678,0.04310213256137191
6196,0.029566040634260635,0.19255218319508083,0.028521281320752132
6197,0.032707775994166396,0.1710927604591015,-0.07947085923097039
6198,0.08167392571294613,0.07209134377096114,0.0025335197815455346
6199,0.016200563791976968,0.0672369224463391,0.02394171696595184
6200,0.05885011829624365,0.07030106301164976,0.023023919907591107
6201,0.05559093264085191,0.00015611986202644925,0.010430496912314891
6202,0.10499163233140216,0.1226745373450826,-0.31943039466636247
6203,0.009541632057879132,0.00035166080396724646,0.060966873899696204
6204,0.04956268694405541,0.08196286682804416,-0.11780598633118469
6205,0.02973505593869294,0.0724069992184621,0.032506514334121196
6206,0.04569089529252704,0.15932134083807803,-0.06976393019775612
6207,0.07006989577587291,0.07368355633121695,0.09177513018987735
6208,0.03374154493163211,0.014093671413674258,8.681703937217164e-05
6209,0.037170627308984905,0.0658991242221017,0.08367844468310422
6210,0.06115768745896878,0.03704830873809356,0.08984887580932187
6211,0.0776832771652804,0.09287484757481104,0.06402824965780046
6212,0.0054348042814723226,0.1746025928819805,0.017236324297492816
6213,0.1313237626540028,0.13251215520256676,0.0006461505826645189
6214,0.05171289332060098,0.07151852533379728,0.07697342232024501
6215,0.01919184517783191,0.03024053689341209,0.047481042238283123
6216,0.16599031630930225,0.05159536141072901,0.19260384184519846
6217,0.05107807956095547,0.06361150176534977,0.02049244514615547
6218,0.05614856164268052,0.062143068599334966,0.04377473198526774
6219,0.03917605275898052,0.004085664178596771,-0.11089996798582633
6220,0.01363364103510973,0.06326360190633237,0.07781654629401805
6221,0.031156318921179177,0.025256444711031147,0.04707423879576864
6222,0.05722740877055962,0.03872762351306108,0.0960109236949092
6223,0.033025515136991104,0.08872209758985855,0.008089203399571244
6224,0.025763242910835215,-0.13041542820109325,0.14530915772120576
6225,0.05708799779236556,0.025070490069479826,0.008361682694112095
6226,0.022074857404128397,0.013151289792494936,0.027607101256060765
6227,0.05450140033324888,0.050686984429989305,0.0810417055629743
6228,0.0644115750858987,0.08384269100559083,0.03897826572828977
6229,0.007667865535684215,0.003455084888316784,0.08717249823033561
6230,0.0,0.034780491855674216,0.04175207557657874
6231,0.057250246898826344,0.08435471987514313,0.03204174817302957
6232,0.03312760127400412,0.004236387643214302,0.03183841616731314
6233,0.020808385178319514,-0.2365883498187073,0.07470437958001926
6234,0.053477791720633494,0.024148733826983272,0.09447927188406971
6235,0.04032760833011268,0.007809170171534208,0.38487219725918087
6236,0.043420122304382816,0.00866680636729541,0.04740321743051921
6237,0.02458705393118825,0.021925005744152144,0.08810343012077765
6238,0.027121389399470147,0.003033964004213208,0.021427046917819072
6239,0.04962644000638608,0.0056107030337725575,0.06962350918902095
6240,0.07749539804885192,0.06383806075483069,0.024405775923309683
6241,0.02155971335338998,0.062380514846130615,0.057591174406939206
6242,0.028199565058131728,0.12795019515024617,-0.07050444618678695
6243,0.02546534917393412,0.13290413722996006,0.03955783553296909
6244,0.010058483882313278,0.08310249872247442,0.020747444842296417
6245,0.028240028778276333,0.009046783172648986,0.06334797169954917
6246,0.043838102945385087,0.0703387752519906,0.0031275453793972786
6247,0.08595352898159087,0.04805570885270697,0.08150401565634159
6248,0.08810430351381383,0.004755249486025537,0.028961672648957694
6249,0.03170113995764575,0.012353006333429195,0.016739290714934983
6250,0.034452942794592725,0.1554823889125116,-0.26887549762708085
6251,0.05603731047099111,0.02098129161842921,0.0025111855109291705
6252,0.038263929780677754,-0.09103230579382116,0.1665326704490312
6253,0.03298995900385751,0.1570856770956526,0.03329232506288611
6254,0.04183904480109501,0.018866220547335378,0.06510682811549764
6255,0.05990920526388893,0.16695102035695542,-0.10870682912117129
6256,0.06776443688655273,0.0946391019659818,0.0758975675444069
6257,0.03759212084149633,0.0073305539188767595,0.006532627532378377
6258,0.07533671896601861,0.013560512378754797,0.05721717282701874
6259,0.027471706196551787,0.012808136846562991,-0.12372603738138016
6260,0.05268016800504375,0.08130776794068796,0.01217575729636582
6261,0.051984672368029,0.08514253274137215,0.01624989358337672
6262,0.06742564670216297,0.08590977972238455,0.260384054950413
6263,0.05901030418368482,0.023459051584011292,0.08981174026045262
6264,0.008991904032553347,0.14783338780039765,0.030460057444572163
6265,0.055130728826546356,0.024155032496778098,0.016427935862703368
6266,0.07865995388576202,0.0041158158005802775,-0.22410780591536517
6267,0.0455426178172949,0.042180751660123354,0.07024631449789856
6268,0.04533601807781749,0.08670769923381522,0.04383905355957795
6269,0.025969596355736577,0.17049027439368775,0.014150870039545039
6270,0.04031378929855928,0.04560810410390055,-0.005198804591175665
6271,0.05598032236854701,0.06042300476079698,0.0946523751259687
6272,0.07383275712680053,0.012639268611562627,0.06537444110762201
6273,0.056713231112232976,0.04593544563673503,0.021658447323447984
6274,0.03579929006773633,0.010251743026405837,0.03732149547243154
6275,0.0715103550923048,0.07580252149220995,0.0015704151744749485
6276,0.05498401878650086,0.007926486881242712,0.08419874839902786
6277,0.060207879024490554,0.030760298924800478,-0.15826123893139893
6278,0.049979736137830806,0.14040487328303217,-0.08050392142003855
6279,0.025813457565917245,0.048523198362219216,0.045083975812720035
6280,0.05869382889947356,-0.253738822227205,0.04230547012045449
6281,0.05117797568852546,0.04321273792246079,0.001662190050139789
6282,0.053604307056816146,0.04253529260412786,0.08584566590404435
6283,0.02560459063463921,0.010081013007351515,0.02196881013447357
6284,0.025017799659259522,0.0630470635554903,0.0070336547167687
6285,0.009820958133637765,0.010359347766223796,0.08838134271729506
6286,0.024777204702235215,0.05565555438485094,0.02421150379619119
6287,0.031175769952965622,0.04664156640361066,0.09841926803397855
6288,0.24652864188465937,0.01235294074676694,0.03956485766101623
6289,0.053025523836846285,0.0687245510750903,0.05110111522040237
6290,0.04383944876571432,0.08807537733871244,0.035749557238572004
6291,0.07010747270958327,0.06838598012307522,0.053066604133063106
6292,0.06638589393027128,0.08000997987124916,0.01575476368223173
6293,0.04374638954568571,0.04518488689730304,0.058499187134031454
6294,0.08341061113343655,0.0603614954348268,0.025411446272782513
6295,0.04718789568407194,0.15958293536854815,-0.10545732872480616
6296,0.045380755093836565,0.036843589279503396,0.06016227551064406
6297,0.0,0.09810554495311773,0.07760614053687445
6298,0.04622204482738022,0.08679488410036279,0.01162958118529669
6299,0.058275462549849034,0.07279487719461816,0.07759868010276774
6300,0.019975169232160826,0.16113199824765312,0.034852594953654344
6301,0.06264550347403394,0.08685252112186312,0.04405981797151312
6302,0.02594963162897951,0.098867080916687,0.08786705151645766
6303,0.05220594726062248,0.08221298951992165,-0.5221704509029907
6304,0.047125103707840954,0.06898611093868463,0.07147789104013551
6305,0.04622672246951383,0.09380140956081054,0.029511942060214347
6306,0.02463875224832077,0.0089090240236958,0.02001205071922035
6307,0.0042495747761237546,0.09554528444134626,0.0009620592499645309
6308,0.05297967934361755,0.0916177749809009,0.009951970687643264
6309,0.049804299866916264,-0.1141652386637367,0.019895120715845427
6310,-0.2297294943917708,0.06747986940698329,0.06792109002838921
6311,0.03800754501159424,0.0029509645757488825,0.012808720335796631
6312,0.02646338244981726,0.1950929942342124,0.02816400530228243
6313,0.07880142274749849,0.05069893651157038,0.0034600353466686
6314,0.053337350283703636,0.05470786565481453,0.08592011346286735
6315,0.04442268622904384,0.015826111646894382,0.03454623775704302
6316,0.06932212589918013,0.04673189649004851,0.061922603183332564
6317,0.10112528768236215,0.037027673438165355,0.0843627669737333
6318,0.04172983032532229,0.06562404547205333,0.020168483382472336
6319,0.012728782311726583,0.016414015544263538,0.011294946382992221
6320,0.0646121041893401,0.010576476700828674,0.012449640784442419
6321,0.038101093736964756,0.0030973554666308247,0.014553789097656922
6322,-0.12648174114049243,0.016466342278235124,0.0633836193841285
6323,0.03132185219682724,0.013247846179007317,-0.2597072737469074
6324,0.05056322190351195,0.040095723321587666,0.014783192984055183
6325,0.05302973612714555,0.00687281035391204,0.013093464720699234
6326,0.03253873118091742,0.02297847197538553,0.1299786564001883
6327,0.09592567723730278,0.07616242623722466,0.058832656409380436
6328,0.06447593691264361,0.06382450132797395,0.08480558517549819
6329,0.07029044576284448,0.13184886543112215,0.3094791543449329
6330,0.06874705970774152,0.07207150444068575,0.011566651657041039
6331,0.08439502736774697,0.09299130172846821,0.0344111658951017
6332,0.033194025210639695,-0.06108949489672974,0.01938774549524358
6333,0.029836956125644153,-0.11610726608399817,0.020065122243936022
6334,0.014205668525088672,0.026786919480337804,0.07255336450967585
6335,0.0771571923940257,0.006407529352501451,0.04702319316401959
6336,0.02818744726724371,0.01777530585294109,0.1762910591220944
6337,0.06727735354796939,0.05892957622546076,0.07257199087919794
6338,0.046846422066631636,0.004426092387478664,0.05051772953942013
6339,0.029372283311214657,0.08424375645834045,0.0906295316598967
6340,0.014343318265482333,0.1095131247084628,0.03121055138839258
6341,0.07298991931803125,0.0074725649084444795,0.026872099861863653
6342,0.05949893805749932,0.06537123716202203,0.007015992201715438
6343,0.04411345168179686,0.06722373503070349,0.029553433944161447
6344,0.02758046753399151,0.09926867322776578,0.08282100650518132
6345,0.03954864918154921,0.07150733838738983,0.07314729880287801
6346,0.06612768974398175,0.07030369032688016,0.004519762147331386
6347,0.061405123902598134,0.008723452098199214,0.051797296692693985
6348,0.06397999086744523,0.029952142821936256,0.06525886280277536
6349,0.037762972566138406,0.0003920390806802399,0.07590666699223603
6350,0.03642417818876552,0.1733589999114823,0.03704128283123904
6351,0.029564577618901227,0.0375471457330264,-0.26414889700215427
6352,0.05353868777252232,0.05263993901558779,0.0104819959625165
6353,0.034085123899776956,0.011543208792982108,0.0751877291528151
6354,0.04553111224960403,0.06548052019237668,0.07707308121017067
6355,0.03617442698867861,-0.00847946596752587,-0.05571110085985757
6356,0.04322630048787175,-0.07829162354094701,0.0923090748172041
6357,0.03834486262711014,0.07755831294877326,0.012050911770282537
6358,0.08602728982980112,0.0464274634590532,0.18599052877480718
6359,0.04658761129877031,0.08375026040727554,0.05721216239265517
6360,0.062038468011001296,0.04452151222560522,0.035175377623575886
6361,0.06343749327135799,0.07270748658373782,0.0709717251481075
6362,0.04501847657309108,0.1768415346951561,-0.1479439479651391
6363,0.0607494493801403,0.030344529348271355,0.07464004846839105
6364,0.03993018574983834,0.10373322528481776,0.029994395403544205
6365,0.03815927225896246,0.09681922417662915,0.031691092225608286
6366,0.06230208979418736,0.08418789209098898,0.07853690896877161
6367,0.05561222605965678,0.007711401197188695,0.015430201199842064
6368,0.052878028824280415,-0.41479196583706957,0.001504285854665155
6369,0.14194676576814683,0.07503302209739525,0.048555322135883955
6370,0.05932891546012827,0.03367667657365691,0.03550071716680008
6371,0.05145287587610318,0.09523321030628713,0.05330598550405918
6372,0.05073622790818663,0.05636947426662249,0.13968089394469443
6373,0.06630336212246626,0.17215042049366117,0.28729483244970966
6374,0.06282552264192183,0.05807209266849528,0.005140881421623456
6375,0.05696597319618655,0.07430437137906086,0.05763378273399087
6376,0.04424818393944095,0.0549225821771702,0.03023809126813134
6377,0.023053955578376382,0.0215638239416883,0.03853660910957428
6378,0.05823172456328564,0.06780415879855206,0.03865608583576226
6379,0.09331923609835499,0.034135131755118245,0.0582244589459952
6380,0.05757490167283449,0.013605766827618616,0.011176824726901458
6381,0.07905555319022649,0.08991653970256037,0.03120407388855888
6382,0.034768824725882594,0.04163038956738905,0.037583964553620036
6383,0.022835905873887678,0.04034651585271662,0.12259368995090879
6384,0.04287584224476911,-0.07616563838130536,0.06539706186089951
6385,0.03712604242409762,0.06393706364370343,0.02887010212932143
6386,0.01905278518380155,0.01507342925627382,0.019916516773584435
6387,0.060581314300784235,0.01098853478793671,0.03140910813921951
6388,0.02878129308708026,0.09636359408762292,0.08193606507583501
6389,0.06958340944466423,0.0742750772532176,0.05799847796566224
6390,0.03901807568345513,0.06037300105837017,0.0892108612176199
6391,0.04320068847176103,0.19365516236075006,-0.3196588725789952
6392,0.06240016922496357,0.07883100668289754,-0.23827903001860942
6393,0.06808697814495941,0.04371341723712702,0.09974357509398409
6394,0.1444146328103027,0.08294402868567924,0.0970039815422753
6395,0.05613868924113919,0.06655608498675089,0.06840990521368108
6396,0.029743387229572094,0.08159761551375984,0.05433786804057448
6397,0.031349397581475216,0.03639994016604462,0.059009349966123816
6398,0.05908257123207831,0.0616151747324227,0.017721546458327277
6399,0.06537488934971479,0.08141459994132161,0.018497669414374363
6400,0.039774133870730255,-0.003389509680531949,0.17903672314159624
6401,0.07246206732074861,0.030853071329593997,0.09462031928328536
6402,0.061508781079292876,0.0942367108766854,0.0466434408568224
6403,0.03458906744235867,-0.1202284825533488,-0.19794467193796433
6404,0.07339208536529783,0.08482286238436126,0.055652643028570405
6405,0.0033098346318320565,0.06600657856868733,0.03372190369385425
6406,0.04635899203812574,0.023260192650107914,0.08211332995399735
6407,0.06950239760555425,0.005905173773687423,-0.01085106497393716
6408,0.06869208600515081,0.0432988051365782,0.019515526085527812
6409,0.029456358589844002,0.003498717100622828,0.026226171269616808
6410,0.02193433794634378,0.12981767792982676,0.016644072921938403
6411,0.07160143279709696,0.20475351058257227,0.09457703023783792
6412,0.023265462060055118,0.05419164750663317,0.02222965984904909
6413,0.03330567616836968,0.0586056986773577,0.08859227173357655
6414,0.049175766063430604,-0.35910759388690294,0.01995671731141038
6415,-0.15524019679179082,0.05219855329075343,0.0906501800220203
6416,0.07678837235286105,0.0851512908873918,0.03969808409124215
6417,0.01931899490084467,0.06822201817791788,0.03592472786347065
6418,0.031053924004457535,0.069473695316876,0.011703573896144416
6419,0.009565573802349653,0.02390680660194168,0.04655076815120596
6420,0.017883905367782213,0.020610848728335407,0.0690670856815526
6421,0.033305430633812416,0.09505638411747463,0.08015058309367745
6422,0.039603990888350656,0.05731913580130235,0.06698639785921219
6423,0.03451212662381632,0.08204615154054344,0.06425098122337934
6424,0.024806620112190196,0.022393518675691195,-0.27750685117201546
6425,0.028397526942952212,0.08749072468960596,0.09448118081737077
6426,0.05780579274653627,0.03374422722485284,0.04356902353284322
6427,0.06004596281670479,0.05576899344403174,0.04631436942271758
6428,0.07443635811094879,0.17614962226850786,-0.2962617378218109
6429,0.056846124378951673,0.07492248711861113,0.060120725218944154
6430,0.07486115675733651,0.04111872935898369,0.060797242581668555
6431,0.015866924024433893,0.015859192560150927,-0.18247116019217818
6432,0.05537132705273159,0.003625978911863348,0.06412176505538662
6433,0.011033495515613254,0.014691332481767835,0.18799759214836212
6434,0.026786771219664354,0.08254663582069155,0.0020954249172609575
6435,0.05769798221134162,0.11390314145338873,-0.38675554192071626
6436,0.0321042459799106,0.02265108687281552,0.020080985749516347
6437,0.5317002305879802,0.04322214612804231,0.007217959604116697
6438,0.05105402263422137,0.035292646186581594,0.1565692757311702
6439,0.04637411289298606,0.07400097616313697,0.030675874606186173
6440,0.04081159292871938,0.00460468954745501,0.0062691344770510644
6441,0.04128435677560301,0.04756857438932243,0.05748858307990251
6442,0.021133421212428682,0.01827826975158464,0.030230905647336295
6443,0.01825853785394764,0.17100902337313337,0.02344464070197
6444,0.0939074273359291,0.09620437263262838,0.06510263649901585
6445,0.040531793365048016,0.07756788846988655,0.038605263488544
6446,0.04817012627489753,0.15027767816712467,0.4142576152903178
6447,0.0797130663525198,0.09018296561055891,0.042716495053048614
6448,0.04049499316177979,0.04145707939815438,0.09889426608873303
6449,0.019664540929322738,0.01557212590341438,0.08605788334484238
6450,0.07413939611070657,0.33042556936429923,-0.1384551785689498
6451,0.0447181070056222,0.0791705988631175,0.04383191585066113
6452,0.040268954519267514,0.09660151532358938,0.007179798197118581
6453,0.07956341425485719,0.025031108515347834,0.004237611456180457
6454,0.05563993966660066,0.028816138658297075,0.026093031479770358
6455,0.08458740430378253,0.030756301328132386,0.016010015498778653
6456,0.022029775649450023,0.04252161287686323,0.07439272478592085
6457,0.03076248736647831,0.054401177379464295,0.07538931626421247
6458,0.07770833050142406,0.0420634791020412,0.06069753834449937
6459,0.06789787681341423,0.03829517680499403,0.03297022900413745
6460,0.0764785414638431,0.04877409159843156,0.00787266427619856
6461,0.01914272420062884,0.0175970416336247,0.026725676375597394
6462,0.05205219655823066,0.04648565283869482,0.09301840405860129
6463,0.08950127084357141,0.05805801216146253,0.07160502641839042
6464,0.03861001635956862,0.11823799891582831,-0.20946179696868528
6465,0.030821473275011283,0.07079665908355467,0.0043266948320598185
6466,0.05231053077259209,0.04967167058858797,0.09363982575747426
6467,0.05959343135987102,0.041368322652221345,0.07267158457766701
6468,0.051626313647548404,0.08920581424813223,0.06346981966301661
6469,0.05795561789986547,0.005253199533530362,0.05268813067271208
6470,0.03620344856870133,0.057202858002151837,0.05026178545147956
6471,0.02894230127745533,0.007214474748877609,0.08019085683707924
6472,0.053526673863277544,-0.21913358783056913,0.004742942689025087
6473,0.06546610216116502,0.08576196415034987,0.07824079217355431
6474,0.03655789321856619,0.05960157743594163,0.04133994716875569
6475,0.015850922669849075,0.07689682297229697,0.02197699005728349
6476,0.009226425297517337,0.0989106272443535,0.031233101597407206
6477,-0.1760595621869282,0.03904122474289182,0.073871508785033
6478,0.04108402780787945,0.0806364657848408,0.04477519805750473
6479,0.028477545632655654,0.030276544799674388,0.021590084141718414
6480,0.07759480641311775,0.0456920018292121,0.03347301013426368
6481,0.0421442469018365,0.06623956991977335,0.4309561372973685
6482,0.020369663591651828,0.0611766028538882,0.023959414647323637
6483,0.02863114486939757,0.16160988231796214,-0.23657226591067756
6484,-0.4537584151833963,0.06792030462282285,0.02735486081546761
6485,0.030963863995578055,0.15017929467941982,0.0241502428032132
6486,0.08652399844504707,0.005066065575095969,0.026863146292879538
6487,0.07630747699913655,0.07354325521392331,0.1011930840845639
6488,0.06446752857671605,0.020213053932898708,0.09904358452290898
6489,0.01716404259667522,0.08457830393020957,0.06345714114836308
6490,0.03309108812236156,0.0879304742999945,0.08079989019635676
6491,0.021777272253401918,0.0666580248095469,0.014279664749741178
6492,0.03368728046011202,0.020967911960669477,0.18754586971437848
6493,0.059789013154762274,0.051696124172726225,0.023346406791298447
6494,0.1148363384930696,0.047382805548758636,0.002457505708988017
6495,0.06667230807173867,0.018069181832499972,0.013644393626932427
6496,0.07383831747933217,0.04403626673426986,0.033524635938469306
6497,0.08294653341384911,0.08251511830118133,0.015808262817584007
6498,0.03624059792746578,0.152564796690557,0.06251253918053551
6499,-0.13446680641040698,0.053115323789601425,0.024130956619244505
6500,0.027731049251303624,-0.2273230440641198,0.02629605577290628
6501,0.041616576756401014,0.07008664305009835,0.06651035417796565
6502,0.05387623044506405,0.025589537955695962,0.02339834327970032
6503,0.05322752946927413,0.08453872079784637,0.030984151548602082
6504,0.047811671295993494,0.08178891679391656,0.02634037806258951
6505,0.028431175257682538,0.09772580606510373,0.018422294896292848
6506,0.06704804445915574,0.07615510316185424,0.06019326658132845
6507,0.015275270540227835,0.07291016250868003,0.06729366853401002
6508,0.04725752172762686,0.012042349590851277,0.021680436445281916
6509,0.0485570536762657,0.0922892800121745,-0.017537428119900292
6510,0.049905273904189355,0.09337715636444166,0.011363404666613154
6511,0.046211036512735316,0.04620976317397965,0.007123226329546862
6512,0.043306369445979515,0.0872863872931763,0.022412200455688126
6513,0.054858901469503375,-0.3771264211883093,0.05359306907882331
6514,0.04344323569662425,0.5957343009001335,0.17325956803314568
6515,0.046843096445675164,0.05999269206809582,0.017516619564287305
6516,0.049606551457714455,0.1007294761137407,0.13594453517937266
6517,0.043882298361082296,0.04328812218089806,0.03382214017237924
6518,0.030541063953599252,0.035040135927029106,0.08895916901275873
6519,0.06401381508676818,0.04683890256616981,0.0653588825809563
6520,0.045877548206533794,0.08775765682198752,0.018502420590519788
6521,0.05550229916025895,0.01023773514152484,0.061456069810408145
6522,0.047350253375904795,0.0021851097424168578,0.0031715832739309005
6523,0.02740436199174113,0.03167539403414022,0.0059089913745909335
6524,0.04212412157089054,0.04819132627418143,0.02957694828812465
6525,0.035308715899506654,0.02956500635522613,5.402179199309742e-06
6526,0.017221353167219376,0.04786526616020153,0.02515451059269642
6527,0.06718264198145582,0.04031809999424806,0.006150578638979465
6528,0.012326965526094791,0.07965689013048174,0.04524235644391937
6529,0.059078208309173555,0.13233394048802738,-0.34061624669169976
6530,0.039201529621702536,0.09290821233211975,0.06451702754884654
6531,0.053886315741094405,0.05783821657808041,0.013957679476943298
6532,0.07288274199386462,0.03623582292835808,-0.07760218213493633
6533,0.055211224834301104,0.0032167961936209522,0.09083847993144788
6534,0.055526756160639845,0.06177758668493134,0.09330433821366284
6535,0.10541889919886999,0.05662680145341692,0.018788073538977792
6536,0.09634471945419781,0.08067911796158621,0.019544383161364268
6537,0.041424553528227735,0.03399139765744583,0.03740288431392961
6538,0.05916616192278331,0.15952516969563046,0.09030929773194685
6539,0.057482573945924174,0.03840049141549179,0.08342046444416307
6540,0.03133845788530273,0.02772212212878631,0.0585939997242412
6541,0.027840118289142214,0.05056800649424285,0.07259995666789162
6542,0.022846429426102398,0.049346348925309536,0.08857081101685102
6543,0.0388624791665589,0.022347910289389424,0.11779784697288831
6544,0.05383681098134028,0.04163603194720386,0.09135255072373338
6545,0.07371429606020727,0.1669060233293353,0.025326348144469185
6546,0.04614193588886769,0.06111671464931523,0.09342607575086301
6547,0.08279013537803545,0.004410260872086525,0.0207656179990687
6548,0.056874937452020165,-0.10658615204171601,0.021087764150467182
6549,0.007284122874883621,0.07468681098947316,0.0675036388102294
6550,0.10095009881703298,0.03517611353309515,0.09080298192712971
6551,0.05345434986186548,0.06161552428515658,0.0715421647793364
6552,0.02563921851743136,0.03272467752985638,0.08309767423057365
6553,0.023991454183648963,0.09705327417763873,0.062027169009895355
6554,0.07512018183249324,0.029361519079879408,0.01207836837955677
6555,0.0600875428792822,0.05782282200139047,0.014778659215327972
6556,0.02025486632964671,0.025467958011421706,-0.1843113246365231
6557,0.06641751992537616,0.09922481450367585,0.07990512633574735
6558,0.06576790781871358,0.04791346896252721,0.03217197047135104
6559,0.03771591278778905,0.009514472562766042,0.002505411934734525
6560,-0.04036728667717791,0.033646863954889875,0.04807292777603137
6561,0.05516977440605639,0.010343251486258566,0.07074604727998647
6562,0.0484844251339985,0.009924876944892537,0.028532799933476394
6563,0.010639228686089706,0.06630397166934586,0.01769501532325074
6564,0.043307684089590986,0.04882093271075182,0.014775673400733148
6565,0.021374424096154258,-0.019034243152433086,0.18338034688146454
6566,0.020198392368837997,0.25238554103246236,0.13024446286152824
6567,0.02577614246343404,0.03922764362982209,0.10336439366356423
6568,0.07512541376910528,0.05632285494577099,0.23234383832318103
6569,0.08424074896901104,0.020118804630071475,0.11046274798534159
6570,0.06597798500415558,0.09059467081152514,0.04149870613992676
6571,0.03225682564788099,0.028992955143280624,0.34917399133033555
6572,0.06744435258335008,0.016762811405501055,0.012505140740207511
6573,0.0878298085064356,0.18483280357219362,0.05101072758530098
6574,-0.17782339986841011,0.10379295289634466,0.18668321153031597
6575,0.026136940396254624,0.09674908398921046,0.09245832252248247
6576,0.07194412979941506,-0.2366410586240087,0.12502816785295037
6577,0.06910014866119807,0.0814307571240458,0.07115020699325734
6578,0.1076209878370609,0.010202100989407515,0.06062447641668031
6579,0.05038885907800495,0.04774254974548114,0.07225402077615949
6580,0.066558989315022,0.01815641241810161,0.049187980750279116
6581,0.028828611427565855,0.0059806800734533375,0.029594336582441785
6582,0.06315189522421531,0.0021845873070655665,0.09015046076333888
6583,0.036722277124691685,0.07492204524450792,0.05429924632451466
6584,0.06553750638014938,0.04673198096329424,0.06451451322708626
6585,0.05568023975980505,0.0016144564354961144,0.07756838095563437
6586,0.015648641845014057,0.014699986522359758,0.031030672255208194
6587,0.05002539086656621,0.12453478497032577,0.09696167023236993
6588,0.0726481337424705,0.08733303782755092,0.08610814471551936
6589,0.0467037792631258,0.0681870985997383,0.037226548157120176
6590,0.05377864056030825,0.049524742564661356,-0.3010795539123613
6591,0.01583744484667058,0.08047917246002456,0.06820273232442355
6592,0.07012386666552317,0.054817254953820976,0.019484955245565483
6593,0.06324930338740899,0.015269852477293967,0.019794617563379937
6594,0.05929054112378254,0.0021313910256452575,0.07113054355128805
6595,0.05563470399898006,0.028109895336547966,0.01330334460589433
6596,0.058096493553667625,0.04463063216042508,0.07030587425293515
6597,-0.16271279126464985,0.04884198378048543,0.08511351114714122
6598,0.09269841850478176,0.01682959952027027,0.088114010092216
6599,0.30243765347162244,0.11005701089379652,0.04428203987543303
6600,0.02992943416080722,0.46113579504170693,0.15898903784798257
6601,0.08832995330596309,0.0679936510178608,0.017382782662658757
6602,0.049660005541704785,0.08340345544537578,0.026799991409276094
6603,0.011667854034958708,0.07601528911297509,0.06787859061661142
6604,0.06698862484954397,0.0050749570837158925,0.0665882169817193
6605,0.03879645408041104,0.023170285946745386,0.1454560722080097
6606,0.008956332234907008,0.11077929372642803,0.05292060402927258
6607,0.025775844470751277,0.1940531394779762,-0.03712699082700695
6608,0.02586761223249134,0.07316074384994985,0.0864596083081233
6609,0.08040213073145813,0.03883395562253207,0.057078406206637816
6610,0.031136295044824,0.0711300328697564,0.05064503562568251
6611,0.042606466607077724,0.03336168824631911,0.03763473994969566
6612,0.017705994588165824,0.01999643301383297,0.06058306744185561
6613,0.04578051393251208,0.08402718036290904,0.04412370601313198
6614,0.07100794013874825,0.048418130288090236,0.03254959189321428
6615,0.056694446157627754,0.004254841525078057,0.034504767022840326
6616,0.03389512986402541,0.04495736892826879,0.04093621194597942
6617,0.05680767177035652,0.011086921891608415,0.01545878671656501
6618,0.026847002715737544,0.07350956917945446,0.03949105892942777
6619,0.04460384363942677,0.1367569223854882,0.1656964755039569
6620,0.01048752842895579,0.19633305387003633,-0.07507972016233418
6621,0.02883148268509748,0.039962498351043235,0.04510858051324922
6622,0.07650338326357306,0.0644594547074379,0.0346894635837842
6623,0.05214325201271105,0.04654754580914007,0.07996288749960458
6624,0.03830283880673352,0.023867793649594772,0.009803307898816227
6625,0.07112144719446661,0.06470263671262638,0.007484732233557723
6626,0.05540000790047309,0.22084438827934966,0.1925533026703191
6627,0.021104992765512327,0.0836103941965394,0.059782975500278585
6628,0.019536381872970337,0.02222430373345276,0.01176637367189852
6629,0.06251574197968014,0.06458583503358555,0.023375011029276072
6630,0.020396545258743695,0.11539509791957568,0.016371143379880364
6631,0.044941874616287555,0.0033470050703507505,0.20895275175190023
6632,0.013721030168857413,0.015368898786203906,-0.21911457327295902
6633,0.07314441957035207,0.0533843644401552,0.06904762710911216
6634,0.05826327090152435,0.027209844253199524,0.053337916487206184
6635,0.0677244253405112,0.07954043452384238,0.0848279014854412
6636,0.053057062282242835,0.03759554587449385,0.06957851026905121
6637,0.02573036550883115,0.040445109112533975,0.1754418665323024
6638,0.0323053152817645,0.006741323263433952,0.045189581851903186
6639,0.037213871160462514,0.0022537735347638588,0.18697380829259275
6640,0.027847976666203304,0.10084243679262417,0.015750194707200533
6641,0.03497892919911348,0.13687102294162173,0.016672114326327363
6642,0.030772524044519085,0.05585777062160107,0.026369397750278203
6643,0.028920328738673486,0.025945861151724384,0.053523203057271596
6644,0.03622745739021433,-0.1113047844264688,0.006650320119579201
6645,0.005697366758666826,0.1252894233181083,0.07208309481083693
6646,0.017060457843856378,0.014024934251499444,0.022489526413092736
6647,0.05507164848102622,0.08433796819300761,0.008432967923630874
6648,0.05725539232078485,0.04333828699872327,0.0473629633220821
6649,0.04650119190026709,0.06154605921465245,0.07646317182119401
6650,0.05516394020449992,0.038687387058212876,0.06900718555778283
6651,0.07549197942928254,0.09835722908207548,0.049097013795734314
6652,0.05767542341269448,0.055790322441558265,0.09296229256910474
6653,0.08145751898242855,0.041866155832005675,0.005411547283375862
6654,0.01915691775072208,0.0813286568086642,0.08314828884985066
6655,0.03954707680542527,0.030916725687552944,0.2565206864023237
6656,0.05505896463635604,0.05264254578493929,0.032675727581057336
6657,0.07379661787028285,0.2347629553237005,0.05635150032829479
6658,-0.23452694337136032,0.08967266698888207,0.09994200529758268
6659,0.03659203032651974,0.07274131664383608,0.07532284053750002
6660,0.06264555596422254,0.05518679293632352,0.07262486080433862
6661,0.0348529373688078,0.008096520431940013,0.04462071342371358
6662,0.09044180377916117,-0.004116215936243978,0.12471071638014695
6663,0.09423920836299227,0.005018042824501645,0.030107262906688748
6664,0.05148934772960459,0.01779470779237795,0.09226500271519962
6665,0.04076794495336453,0.027165029678505617,0.07893353852761271
6666,0.03667411024358988,0.09878034853582175,0.019956408855041644
6667,0.02806592638425545,0.02715109778881781,0.06298757278231952
6668,0.07513453969440725,0.0862977586857774,0.003256623628950417
6669,0.03856721785766763,0.034544560578130844,0.033111671849124995
6670,0.0538657282720318,0.07941345136176729,0.03121410135425409
6671,0.06990069340832789,0.08030469411970753,0.00243561643703093
6672,0.08023658773509233,0.00798675590172322,0.051322541796269966
6673,0.026172729984943542,0.08728187781400175,0.00613454002071614
6674,0.07948155105797508,0.07850050268982568,0.08922920658215205
6675,0.0441216333194048,0.022366316919002628,0.11886694069001635
6676,0.04728642314727185,0.06856561021951278,0.06660610587010306
6677,0.025148998753420925,0.09077673523067008,0.009567273057070015
6678,0.06269568500779685,0.13048050253615853,0.1628214653958434
6679,0.028641500059794895,0.0038837146086369793,0.016819035941071658
6680,0.032794802135503454,0.03284002605167793,0.09430864121284131
6681,0.03691099993142907,0.0037884843594170104,0.015662628251967983
6682,0.034102677321824204,0.08264155835699556,0.011252155107790285
6683,0.0684732987191645,0.03028156551629371,0.0016105858696965681
6684,0.06109430486057054,0.05427707655814837,0.028570999321835322
6685,0.03431763648004878,0.073702735200581,-0.030128911046400933
6686,-0.16578486551445804,0.22550045634087315,0.06626247192696824
6687,0.029181537941604226,0.08953615568865886,0.026963328204842405
6688,0.15556049390195453,0.0035675741191640298,0.0496813107619021
6689,0.023441059402416562,0.03152353070638148,0.022008010627879406
6690,0.02605347444936121,0.04235443195713504,0.031564517939801515
6691,0.03178864265557519,0.04579628685739404,0.07456536824726795
6692,0.07471919967143917,0.07031859053651596,0.08756671212241102
6693,0.0906557573960213,0.017240745318060552,0.014243648149914525
6694,-0.25509936602854866,0.09439069657574527,0.10955828355353048
6695,0.031892171387675014,0.09563511463376309,-0.03375892365313525
6696,0.060363039482967874,0.017069788505842842,0.019114675716341324
6697,0.060965870513157244,0.0227807559598866,0.08127523454322505
6698,0.058605006371233385,0.0878485291481887,0.002104074756644958
6699,0.09361419128872592,0.016697647958632888,0.061820794866983636
6700,0.18990159982011226,0.16594041564935447,0.2210927918664636
6701,0.03163656341488739,0.1825791748467557,0.03476011922309224
6702,0.04766062447834412,0.0793598928308494,0.07082620937207595
6703,0.03034851902560202,0.010916369869370158,0.037248476882537795
6704,0.04213045949745514,0.023894409759347236,0.09768642434340004
6705,0.045503811893165,0.04634932363547121,0.02030578449542242
6706,0.07689786099781167,0.027824358942635265,0.04418567798226617
6707,0.0425068305301964,0.09911900127319116,0.033485070467557436
6708,0.18043343542336954,0.03517708219801468,0.07087569067242082
6709,0.04933640868897808,0.07672022603985096,0.01619621608853622
6710,0.020341030397525,0.09401583858189216,-0.15888726135025916
6711,0.08732356586046608,0.002037127661298177,0.09775084548985431
6712,0.06909066767532457,0.014525918391446303,0.05578662084013487
6713,0.06187677040759275,0.06343537124378623,0.04888336755641859
6714,0.035295888245103504,0.15367336596603534,0.03853887000513697
6715,0.040373824634417,0.09222864517932707,0.05755505354681878
6716,0.05647385150746206,0.006317252479672068,0.031196639818840858
6717,0.036283609776986595,0.00046704033021950365,0.02970649675452022
6718,0.024012729540670262,0.09746180339027302,0.059122766336866674
6719,0.03756411790137825,0.04190433678365645,0.0039046332671625497
6720,0.08830872274936241,0.05156433045012017,0.19497502932915034
6721,0.049624676640754255,0.01424470999183174,0.00832795290822096
6722,0.08370115915655657,0.03521923537173192,0.07383111053188855
6723,0.044410138754683665,0.09413406025370062,0.0522374403577777
6724,0.037978542352690804,0.07652168453088726,0.009394623590489544
6725,0.02791506482195498,0.034083474127423345,0.056909361935559157
6726,0.05896652561244797,0.08263903324689359,0.09958851960112336
6727,0.033136360852038346,0.18534152536092918,0.023601811535852033
6728,0.09050927860178012,0.03423279545133475,0.025005906401792732
6729,0.05860097519210596,0.0910097981404805,0.02576319017757768
6730,0.036878218315987116,0.05784936848964524,0.08198229347173477
6731,0.06515427711231327,0.06602777961386408,0.06567267094622455
6732,0.05905169027380268,0.0375728830895336,0.09324186669704926
6733,0.08134970307813864,0.18110365855647212,0.03668360890369864
6734,0.041470899610437276,0.05738139740611656,0.017338331616954895
6735,0.03573480276055502,-0.055154224977773905,0.18125271490374326
6736,0.04632332273860548,0.09187534132624635,0.06312982739105726
6737,0.02532353052475248,0.09600929594034228,0.03792869043917066
6738,0.07836729441618957,0.05097193574840562,0.02829727071900977
6739,0.06856349860415147,0.08760163526317638,0.07966688886960581
6740,0.04651225012050979,0.09356022919617557,0.09533539247372011
6741,0.036534833180805505,0.0923474632769829,0.007025033278213722
6742,0.022102988560312835,0.032536885814630066,0.18544519372178506
6743,0.021637504930615295,0.044295678477383776,0.044259829615922446
6744,0.018893553323777665,0.03054678645880091,0.1794829802826554
6745,0.05608275264595519,0.05881794031490763,0.08511598091561029
6746,0.04504374724025131,0.16818693910619165,0.13206567396240237
6747,0.029083348039569447,0.05491185456348844,0.08842271732718872
6748,0.0579823675232751,0.04237479644429394,0.013470779387747968
6749,-0.1325550227751394,0.1404136706085582,0.1280960759696505
6750,0.038783308237108564,0.07435942993148113,0.06311840756353965
6751,0.017484078832828494,0.06205060973557113,-0.058330573512112474
6752,0.054933513615627524,0.013114855718086538,0.06937547945142984
6753,0.06564067283415237,0.04473799691804952,0.01318950007842481
6754,0.0026307239860482445,0.04304165588728373,0.01249011020245594
6755,0.07733331686217605,-0.4136244144073039,0.06213711522911125
6756,0.04333108494811158,0.03045258051556711,0.05596153621417963
6757,0.027445274321160413,0.09387778499846856,0.01809871948201778
6758,0.09774854969734678,0.0807006575513722,0.05377919628070174
6759,0.05011384751377857,0.0786953594950495,0.06575551539580958
6760,0.03250391868484535,0.03756891552404519,0.0297730442329308
6761,0.0628114655029597,0.042642960714212565,0.013398599723518435
6762,0.03019186817024738,0.027120626685502157,0.028114058888346727
6763,0.0673891117165924,0.039651779438953476,0.02482789750275255
6764,0.03602038861558133,0.0006624153094727082,-0.11145103265077215
6765,0.0982697435124249,0.04447457767502917,0.024681795214040483
6766,0.0387747218379618,0.08990239551771047,0.04263173063847169
6767,0.01730154984478509,0.024613965111770122,0.0646427158397791
6768,0.06214660743714127,0.02495274964758758,0.01690720989311277
6769,0.0746684706699613,0.018611380256340192,0.05266170813630136
6770,0.0868183171480423,0.07652897752576243,-0.04688893210888103
6771,0.02714603985229666,0.013865961821077875,0.02865580198836115
6772,0.036453567169318614,0.03691567020366051,0.06541260803994609
6773,0.05615652351323506,0.05729419672090217,0.08816060606756917
6774,0.02000882510822475,0.05315669007950107,0.029873484212151715
6775,0.059293203684432416,-0.0653123947737422,0.02664285483832294
6776,0.02586539891828255,0.08738780328280543,0.03244385912699
6777,0.04219668484937801,0.06536554548544672,0.05314141762289537
6778,0.08578963334886158,0.03090727888649536,0.1572425456684524
6779,0.0719597506156297,0.09348772521303239,0.08363930462276026
6780,0.054196180337532096,0.0867544329284801,0.03384817100074657
6781,0.032575927654554485,0.06320385070487429,0.07193120800847763
6782,0.0750752895112401,0.04557753593694019,0.08861212932789
6783,0.06419890549260995,0.09988210762401468,0.030245034693905472
6784,0.02096400694380228,0.03601475407758692,0.01880919861435025
6785,0.04924862113922307,0.03640198277817527,0.03225720056959497
6786,0.05587401848463806,0.03598916903770318,0.04703684009365721
6787,0.08561007987258584,0.005725022912515843,-0.1003650830305738
6788,0.05736908819702286,0.08014848552706756,0.09658366614127595
6789,0.03051610882480577,0.032274852668997565,0.02557260483596499
6790,0.07380540187074869,0.03737307791615825,0.064952542925767
6791,0.04494284556208826,0.07053608774116754,0.028282836564547442
6792,0.05359008381010773,0.05746355951067444,0.016003372853477728
6793,0.03908924764934938,0.006891978898796714,0.038714133357443906
6794,0.050428065207155266,0.16680204540499377,-0.33923474652960717
6795,0.06062983649830505,0.09958519126997217,0.047611501410185775
6796,0.037499619606595744,0.009792822052497397,0.0767584226469226
6797,0.032694086186765156,0.03404230271057664,0.03401446298537069
6798,0.07765423745852669,0.02072226441396079,0.08578175574711563
6799,0.07176384568736474,0.08979464636984591,0.028828164740632847
6800,0.043089921681211,-0.05698707476999879,0.10381296326889417
6801,0.06113291821090423,0.0669103598728265,0.089273442717097
6802,0.03789490745802121,0.07457296482347016,0.034706319309423375
6803,0.01661169691954513,0.07184570348456462,0.040801982892022116
6804,0.022753182437970556,0.0673127311514834,0.02552033545312291
6805,0.031383033028797705,0.0031219167663783967,0.030954815052834816
6806,0.031547070611069095,0.03283533935933847,-0.13194746184336598
6807,0.06468846046728077,0.08188925014077232,0.04498312213937557
6808,0.03028335673628727,0.07169833232970026,0.04969443478919603
6809,0.029277612189054513,0.010425052126580093,0.02496801701007873
6810,0.03258647367839481,0.02483841186412592,0.02331577834718658
6811,0.025396877767702202,0.03809942605807293,0.02411406763428134
6812,0.060896619966145614,0.0245399828735295,0.09770693351405288
6813,0.03136337779102563,0.09332002985764248,0.054480138112996096
6814,0.07370950526599031,0.09009930255333456,0.04389753429210594
6815,0.05973610447088913,-0.3474898369130799,0.08075307486840325
6816,0.01918708557418878,0.011664866933442259,-0.038247943952569516
6817,0.037104301511763735,0.05718502884010601,0.06762138285955446
6818,0.1048068371183225,0.07482422588743073,0.034811907174699834
6819,0.04076751288561969,0.03202761128559397,0.025445042705982603
6820,0.03468383248821541,0.010894672345284497,0.025580945969907367
6821,0.04343650851686144,0.07310838112809478,0.06496961856533985
6822,0.08529126235005186,0.020952741684255517,0.033678682524954505
6823,0.03681290339403265,0.05685199543193245,0.09279751569162539
6824,0.05074380771439022,0.037653445121795,0.037426325509884416
6825,0.07563695840858183,0.0806525987662958,0.01926895745994899
6826,0.06639718286188262,0.038475458419422306,0.06146832253335654
6827,0.0560368938054074,0.028597653271583312,0.0033682425878357237
6828,0.008560277482545967,0.022375478028923,0.1315545621187547
6829,0.052979910455222066,0.06666202243731163,0.09601393188224056
6830,0.04029518010067754,0.08910809880622503,0.07867742163392451
6831,0.07955801467538068,0.02812358609418586,0.08886698008297154
6832,0.038170616347359604,0.0009180002600839066,0.0944992088940264
6833,0.07033071990516224,0.047103853086645525,0.05220804225510304
6834,0.06602023532484261,0.07874695110022571,0.02053320217755841
6835,0.05241983751547099,0.07354760654341913,0.08434848944081767
6836,0.0730599341365892,0.30799409388411425,0.06768614677267495
6837,0.008459983755630271,0.0896420762719846,0.045481326129188704
6838,0.07364817580122546,0.0365563259138415,0.2606250740213528
6839,0.06697328205519101,0.08981655921759031,-0.03648769105556077
6840,0.06472987627942327,0.06806148976620816,0.06048194082755547
6841,-0.032016334305279046,0.052221311594280284,0.051854271146394806
6842,0.05628696993929228,0.016843461983671714,0.01531399018238614
6843,0.08514834786273348,0.1418214808611402,0.13395873911562386
6844,0.0688569846072501,0.03383494598173793,0.0576753114803151
6845,0.05867898625786204,-0.09232580423605101,0.18787069474513352
6846,0.04037806415464243,0.039075745764833573,-0.019448809814148205
6847,0.07353192914086325,0.002914318060731391,0.034355015935547455
6848,0.042364745424941466,0.10601732825203075,0.31605888424059825
6849,0.060011987823863966,0.02225024423928983,0.014273161027973769
6850,0.02776286397625484,0.037933521071082936,0.08690408475999496
6851,0.04424303176699729,0.008205183273816708,0.04556034424899569
6852,0.03922533903055507,0.02116367237175436,0.06822628136561107
6853,0.07163566775530815,0.020157613631200035,0.09844379009249793
6854,0.05176258647440368,0.00922655718944354,0.04245167251528628
6855,0.040495320577141586,0.06955637553609458,0.04509402319509287
6856,0.021003266667097828,0.012625397632080128,0.008528713164359079
6857,0.00465154543195128,0.015427658094496999,0.07361065081683207
6858,0.023464393743530054,0.03989821357461875,0.022008250305803778
6859,0.024587899850904475,0.08850334813433387,0.015289531852924665
6860,0.051078925616765566,0.06480594967774934,0.07101363612715082
6861,0.06512581511890163,0.06687061265750975,0.052828349427319524
6862,0.06605037160845513,0.07832033981518277,0.09726504367850575
6863,0.05233773864686232,0.06521736017528168,-0.25078559227368574
6864,0.05939404199759116,0.014179691369800407,0.03541900796823094
6865,0.06588945115294373,-0.27705724405340204,0.051639374970772006
6866,0.054890739117630635,0.10277768146156457,0.20183911721273634
6867,0.04968946671967735,0.04797918880417865,0.08012789732412622
6868,0.04940242840201219,0.05986814616515005,0.08020472868762234
6869,0.03849812858831065,0.019711355628799013,0.08518664835519402
6870,0.019271454516422645,0.1771758838470792,0.014603529419579028
6871,0.05535688323747638,-0.0743808936491261,0.17050187122679702
6872,0.02220237534883816,0.03368251852161541,0.022302486625742045
6873,0.05027614004416557,0.0735863159822657,0.04931870014837524
6874,0.028951315347335655,0.06424278004114892,0.03760267785773602
6875,0.08469080312449329,0.0205019239757306,0.05426609132026661
6876,0.05205596067116844,0.06531038697168594,0.052350147574382305
6877,0.06088456305774646,-0.4890444037555357,0.07132946144735341
6878,0.057264765223522744,0.046492974706817985,0.04105188848882521
6879,-0.12013433675979428,0.050422126588232835,0.10387258113970949
6880,0.006454373548898218,0.09056892169205351,0.01951020416665375
6881,0.08510675959676367,0.07885992603867976,0.021867564098236238
6882,0.04615374607390744,0.06834192792669964,0.08689428853621967
6883,0.01872058060300221,0.010611760582224973,0.018904120785082714
6884,0.043381173893608994,0.08829878355185912,0.00019406135058589458
6885,0.014745569016635242,0.10708688563437435,-0.2357056846639838
6886,0.010824760677562661,0.03901436943891121,-0.10759357392399467
6887,0.04060860728135729,0.014865796656537734,0.11035770062450856
6888,0.05386103362966742,0.16288386209787345,-0.018410371063913494
6889,0.039390827511018536,0.02876748151421195,0.04357215029736827
6890,-0.05847934129333993,0.05570208055282466,0.014936103787285215
6891,0.051167116531597084,0.014251948580516805,0.08928740630836725
6892,0.016951199783181048,0.4315470812763138,0.04038981135436617
6893,0.02875554344865257,0.06260260485344944,0.09571219358875227
6894,0.028290601651062806,0.12531901053999125,0.02298955704771424
6895,0.03157997594988781,0.1747764735956219,0.0210520549434739
6896,0.077810908444758,0.087134716515608,0.0028131337899169884
6897,0.05698062134026119,0.010057069972290767,0.033843306528398155
6898,0.010936242446785226,0.09220561055258733,0.027394628383560705
6899,0.0,0.06615068641619735,0.3460370609412973
6900,-0.12191294236460948,0.06776379810363643,0.00048196240119868783
6901,0.07934086807699384,0.055908016437205825,0.08308323497141029
6902,0.09764662002303916,-0.15346065356199082,0.14816936157660207
6903,0.008533141988180955,0.07398724750659548,0.04053267092104184
6904,0.04152843553792033,0.07737120088257474,0.09667319988516847
6905,0.04779937471312775,0.23346668790137934,-0.26432747866373774
6906,0.036853910751245486,0.19145799353866022,-0.03633862112392923
6907,0.02630224060960592,0.029748859803080348,0.04030044975948635
6908,0.037882080517829916,0.002144568106920508,0.03026303808981863
6909,0.054415595085526534,0.00633853128389229,0.09407155073084938
6910,0.026780916568988518,0.027683209112617794,0.10836946325675759
6911,0.030733646541481578,0.05843507585238586,0.02540152579800375
6912,0.0138712984859337,0.059378671767778,0.0068228173616136645
6913,0.09520728043887405,0.04640620604321893,0.09624997464896716
6914,0.06247499186523494,0.12012932663561904,-0.07082686326604337
6915,0.0697734362566835,0.030070522413221557,0.03017077851047676
6916,0.03461421314318991,0.12556754535170342,0.01580431455452811
6917,0.04180199364800917,0.007817554722048236,0.050795408191061334
6918,0.06395274089080454,-0.035331118857732574,0.07454842255971028
6919,0.04087864963306931,0.04937956289803783,0.04736881525356486
6920,0.028047341277508284,0.013434617875032084,0.012844532426733835
6921,0.08222748963442761,0.008525155893157789,0.03860897079678438
6922,0.03605810628552281,0.09526217419781625,0.07323075889883139
6923,0.03390090520741179,0.042686398706329697,0.04640019559499133
6924,0.03999820732018812,0.02288945163334808,-0.18712574756928843
6925,0.03768923316680198,0.06606577499896124,0.05100273070120013
6926,0.024364483157947942,0.036819423514059174,0.18812749986323885
6927,0.0802751233068473,0.053340315538939115,0.0936672429229129
6928,0.043202113322993924,0.0689597359997579,0.042928168096772114
6929,0.043521722098849185,0.09977601399024716,0.08313903694538882
6930,-0.10440935463728991,0.09101032090592513,0.08144792521640008
6931,0.019385643116813733,0.10621828640636995,0.016426787437677524
6932,0.040140954969715655,0.014215381116463744,0.008869252343270817
6933,0.06788447998043225,0.05450257007171309,0.08544341817191523
6934,0.06358194803303739,0.009513587557320305,0.18429863593868934
6935,0.03975313186918403,0.00636157841438505,-0.061677044905120465
6936,0.05869067660945196,0.17518448025278124,-0.19529769454749055
6937,0.05454371331631911,0.07689717576591179,0.06657083180068778
6938,0.07101112043908656,0.08672572308514657,-0.038531186723776416
6939,0.042329212395248214,0.06963709434653596,0.0850652216937918
6940,0.018431417525540526,0.05844824958255997,0.12477789129892876
6941,0.061267374565468775,0.07189547629093218,-0.26639491314667557
6942,0.03570048110637086,0.14515570568158448,0.007427488292753762
6943,0.027758633076375206,0.020431065967613182,0.06526512283373598
6944,0.03591540249491333,0.23385068732562916,0.01750371839618311
6945,0.07912639456759912,-0.23753156960641858,0.16666608086781232
6946,0.022769342925553028,0.09757912302003961,0.028822685737007338
6947,0.05885965793409709,0.07545820080074976,0.08680012755367017
6948,0.04894207404334637,0.004031543766667878,0.08367039314107161
6949,0.062011088410930115,0.019388254154755192,0.02040485654718841
6950,0.07128021161300957,0.07319673706890323,0.07582454353494034
6951,0.0367076996633099,0.08638444229375246,0.004106407581993365
6952,0.05791478944059301,0.010510993782018363,0.06951593234432718
6953,0.06273812388503507,0.00831549922655983,0.06203332070239569
6954,0.0473082070725529,0.09441274779944056,0.09786194743481437
6955,0.032423126671327386,0.028875762967912968,-0.007845841857267555
6956,0.026681998722988157,0.011274244596908373,0.026206451084922366
6957,0.030283451711101687,0.03203273930010307,0.14012993252250303
6958,0.03494392806002448,0.02545646661628539,0.11075327116658368
6959,0.05380759869782905,0.06993080745099331,0.06279780598555393
6960,0.02048138896931396,0.04490633669829756,0.014729786547438662
6961,0.08068374151083797,0.04695021496155915,0.006585081075357602
6962,0.04230073219868102,0.03769014717973649,0.0907458233653029
6963,0.10131884007494926,-0.38737558974301456,0.025892825595555325
6964,0.1647930719571152,0.045278362444453116,0.01511541916215199
6965,0.05662421898269594,0.015932599418944593,0.044040027964195344
6966,0.03978986285698247,0.07721582307027708,0.03656013088445532
6967,0.04929470705378252,0.19359426561100482,-0.42090737135404915
6968,0.0509443301615009,0.02808627955068327,0.0821420747479209
6969,0.06012156268457166,0.058816607155275286,0.3814506073944568
6970,0.040102086042305536,0.09390518355456583,0.08461244510586574
6971,0.048090797324112804,0.02406906594704246,0.0923595607799414
6972,0.03849211315306487,0.023937720301978216,0.04574608363492776
6973,0.05576273383904998,0.016611688150643743,0.02721056308246549
6974,0.05602958554095663,0.08387203070069482,0.04499220307472882
6975,0.016322581247808207,0.10507551338949064,-0.0537364199308624
6976,0.025850581430211336,0.07924279550121408,0.011673436056148684
6977,0.06738509211893509,0.0165730411822422,0.03647135299161584
6978,0.016567557563091362,0.04144534284841748,0.042640941795761035
6979,0.06017849204274259,0.0693560208278056,0.007929547619615163
6980,0.04208316997545027,0.009478115093384632,0.012395532198135174
6981,0.03358274963559312,-0.27467542135819156,0.10665747068267109
6982,0.06692621298882666,0.022848233279489785,0.03922887355316904
6983,0.049472834532056364,0.042583068316069644,0.03399623188151107
6984,0.06783753122100915,0.0773015637359952,0.1226966394656368
6985,0.04781855225220187,0.023520168913875983,0.08744445405131651
6986,0.029696597681085145,0.04680542086535649,0.06161843287533856
6987,0.05448140018810841,0.04170301755387843,0.08984293554844254
6988,0.005044468992792588,0.059014665516628186,0.09291646935135879
6989,0.016672341221505044,0.04863576092538083,0.08424475507080742
6990,0.010273700399809238,0.042576789167434875,0.06556664689175852
6991,0.03338534001217393,0.027068455325657104,0.095211485755491
6992,0.0482198222552526,0.09455264483085885,0.09759276347943845
6993,0.04769507537303515,0.02055242531312933,0.06908257300077068
6994,0.032639941329982755,0.026040223691073037,-0.1977392097960466
6995,0.0615226031776371,0.06997216630057493,-0.1361911918911519
6996,0.020871600385828797,0.07306194131125854,0.035610294739714034
6997,0.006373070415919821,0.011598252814680242,0.038572064760594306
6998,0.056114780194944903,0.07150568905063007,0.06603935099558239
6999,0.06261851098725052,0.07430243565738558,0.001097059758794905
7000,0.026245166825188047,0.02888759243118658,0.10627954803062212
7001,0.038949200985014365,0.02695922321316295,0.19454060346519783
7002,0.044429229135145576,0.021351941748640482,0.01114756568085127
7003,0.05234320492599989,0.039618108960505154,-0.3564271263136001
7004,0.0263880890055155,0.09757286843613754,0.056975558199007376
7005,0.0379623438183614,0.09687746199972525,0.0973182233983691
7006,0.07969071171545605,0.07114489379084896,0.08373129639958621
7007,0.08260598141364872,0.14066106744964282,0.04032417766671131
7008,0.024608241749345387,0.04866055346340347,0.02367708522985882
7009,0.061164829320623906,0.1001460684712558,0.24934933316280766
7010,0.03851004274616623,0.027075824853294485,0.08613827595184531
7011,-0.27485658299803495,0.0009134651064057642,0.09865017990447274
7012,0.06073467780477884,0.1705400436686824,0.09973415120756157
7013,0.05254136672301174,0.01934504814640713,0.036507237592312794
7014,0.03749040597422981,0.09690026167671603,0.08840932014281835
7015,0.04028806898302905,0.1884284789478825,0.03045994140610575
7016,0.0741980163286016,0.06658904201140749,0.06861116215959605
7017,0.02163078383079644,0.17910401742976428,0.035609359285505376
7018,0.06602838061085084,-0.3220923924101059,0.0003320361739203026
7019,0.07857701546909909,0.012129578960253552,0.3306431047122095
7020,0.028067941282907394,0.02661844042508828,0.13172334399924318
7021,0.015546703613155022,0.09305611206119753,0.09732293988871181
7022,0.04042360865542153,-0.3405834281286396,0.14486222323979397
7023,0.059645303887703935,0.03879731422798719,0.09137589777635992
7024,0.03518016266960545,0.07536073803117797,0.07779239359749911
7025,0.04499850335159229,0.07935458472711282,0.053897661088468274
7026,0.05375600197080497,-0.16439242243731933,0.005107548445361121
7027,0.08255048499237926,0.029301487596761513,0.08635170964239489
7028,0.049939111488042656,-0.13781845672053789,0.061191023534433425
7029,0.0814141494717927,-0.0452527032948056,0.08333024294420854
7030,0.055446927331074015,0.08014153693995793,0.013101401785185386
7031,0.046931547879535754,0.06364925572771533,0.06645178038198643
7032,0.019977927833665962,0.04254255541806487,0.13974251984678837
7033,0.02159409238284071,0.11399785737575285,0.030775940691474803
7034,0.08572810166930711,0.041662685507496355,0.14952438752668978
7035,0.019065372191690317,0.0441973041426931,0.03678208008952268
7036,0.0578588565865205,0.03500570545684284,0.05792443031783104
7037,0.02791320731309661,0.03724206054309716,-0.27891324374753873
7038,0.03762160257051063,0.06351859653320378,0.041372475933772926
7039,0.02368667110246865,0.06804621034175631,-0.1885173417186533
7040,0.04546694050362697,0.01874677189655587,0.03802084918283475
7041,0.030614763064156603,0.04004376160399386,0.031320130310182125
7042,0.040881583493435895,0.019824184406870383,0.001750389115944384
7043,0.03325488459798625,0.02623093674504047,0.03487244158033057
7044,0.052666350548982444,0.09277775132938494,0.08926174488609834
7045,0.038770822474441025,0.1330461427571542,0.024587521871338752
7046,0.0037940743311315646,0.02800715273918012,0.19233328567982536
7047,0.015451423051000272,0.07329372528864568,0.02698354396426136
7048,0.08874301809739502,0.037600263987024145,0.09037987807184694
7049,0.049069217649987645,0.015091721753877197,0.09814433590087095
7050,0.06323217338502564,0.08710244427134135,0.08090333781068867
7051,0.054518576017300625,0.09140989721521502,0.07262375327570347
7052,0.0901924854007694,0.015445579016246214,0.06273985073852692
7053,0.07143162686921696,0.1154777332111205,-0.2579271469016341
7054,0.036825738299424426,0.19769339244429818,0.0185459958207037
7055,0.06418654155362301,0.09386935481054387,0.09898466690311247
7056,-0.22129285372654173,0.06128707420686954,0.0016033482616163665
7057,0.10406704930885277,0.01340468663459289,0.03711908123480936
7058,0.03861275757505077,0.068916332109887,0.05749310297001512
7059,0.03909796452231829,0.015973794335451576,0.028988663962514174
7060,0.09446649638304425,0.052147278247378887,0.07455721695983394
7061,0.02146320159745845,0.027124500417458744,0.021651359775142178
7062,0.056778069266293696,0.018336451504495723,0.018482596433097444
7063,0.01974087987977744,0.053747530153368465,0.07087160340167685
7064,0.05085262254396221,-0.06559143877120065,-0.05850933509382644
7065,0.038805547680189956,0.03080526939133186,0.08247370194876105
7066,0.026792952078176908,0.11528814029422262,0.016152956040735147
7067,0.03559723973449766,0.18304607721923016,0.08082455873193412
7068,0.040458787555943926,0.05422485428038885,0.057931360337312054
7069,0.03376436186771641,0.03725549600960372,0.08270340655650849
7070,0.0514234761487359,-0.06684139396561133,0.11217619281172227
7071,0.04446255222728768,0.0986226113293503,0.07262139488672983
7072,0.335161670594725,0.03992421844565024,0.06855910399993573
7073,0.019589665866678832,0.12868509543813356,0.025252839613469406
7074,0.032560365038882474,0.10492986534708343,0.023587346597294435
7075,0.03686959155125921,0.08339502583837126,0.0735511112474345
7076,0.06997662140477512,-0.1320439124558259,0.18080775656474213
7077,0.059078772296336346,-0.11540215592462107,0.03474975832398435
7078,0.0358992011373358,0.09307440710298584,0.01326440736785478
7079,0.0357148416880756,0.1779737005714614,0.08092298401976414
7080,-0.14224390923192903,0.045424906448192776,0.08973144766377451
7081,0.02950692116125692,0.03775119497777621,0.0764867530354251
7082,0.020471562431817948,0.1848556115158314,0.02863974203037396
7083,0.05503900919977737,0.04619139657982522,0.08205248188910011
7084,0.041604040958845616,0.0253306094498986,0.0527389664761616
7085,0.07128318467189806,0.0744099670901472,0.09152897835128598
7086,0.06492942727614845,-0.05435453241979194,0.08013962116548087
7087,0.04137113847099178,0.06630139259285346,-0.04699094704652787
7088,0.03149247533577812,0.049356232468743017,0.03049048014899236
7089,0.06521698377889265,0.03692829474689479,0.0032926433410123026
7090,0.07049022057908781,0.07281624296020635,-0.1551996839103243
7091,-0.07552648792749958,0.07997712245319114,0.10874041294479733
7092,0.05711110137918165,0.17273613549611908,-0.22242983935924582
7093,0.020828203668577492,0.031068001612596097,-0.0875087356519368
7094,0.07223864629171506,0.023659710150897597,0.045773837663123464
7095,0.05362231229087507,0.03092463307199618,0.010105164700110704
7096,0.048940988453408156,0.055617159074872725,-0.14946014605977453
7097,0.039259131391996105,0.08899677471829893,0.035135433952948096
7098,0.061705787839295874,0.08596759308413045,0.07277441015667
7099,0.034843042618555406,0.07072066712761418,0.026923894826113817
7100,0.07803328265573338,0.09550974491711593,0.08373469590366905
7101,-0.1660294079701411,0.0183010457041482,0.021078058003635814
7102,0.005799981369863039,0.023270905062087746,0.03838849797921832
7103,0.02327583171340332,0.0292574239070995,0.07691534365483843
7104,0.07161122474019628,0.08543668550866379,0.030629027734425208
7105,0.04849849298511174,0.058779782604818545,0.09544804669548185
7106,0.07038599114799535,0.13347268117462932,-0.3849654526759657
7107,0.042383425821660506,0.047573334608297095,0.030855989070314352
7108,0.0,0.020554709507532166,0.0391109580255013
7109,0.05742988146730058,0.00418435620559341,0.07323832076225031
7110,0.09742006659622174,0.06472686590811487,0.037905203593635244
7111,0.029258090382567027,0.09153220094821778,0.027194395113357816
7112,0.08429699581306542,-0.04017069338665735,-0.11665746068960522
7113,0.05941898519807913,0.06752176669512999,0.005857956865546543
7114,0.026508621067011497,0.010898839684644092,0.06725044622088297
7115,0.07035309894154369,0.02404685107582434,0.022216658774740352
7116,0.07556083317900031,0.19944531145082633,-0.13558848233028545
7117,0.028559916828560013,0.07126370950940579,0.05821901853118985
7118,0.04841932524142642,0.07183385841040746,0.007107210676442633
7119,0.057990428554308526,0.03432229942699264,0.0313902194096165
7120,0.0018009662186267762,0.057472332272391125,0.04385309409313125
7121,0.05904904192413609,0.020877615778246972,0.07371933188495004
7122,0.06328167458294201,0.054794302176741354,0.03544834681092407
7123,0.09311656118130057,0.08687810170993204,0.04015613060303713
7124,0.03651827150241785,0.03597316437907979,0.08647927955919833
7125,0.050782247956046925,0.07890834563041046,0.03924548895716576
7126,0.09256890045197824,0.07811694060440137,0.046305235794641325
7127,0.046924633666486484,0.06658846523654145,0.09091374213727366
7128,0.04201003691313414,0.05266219695133392,0.05050716366597894
7129,0.05534608465225738,0.08993609297501154,0.052273723520108964
7130,0.06365681253846125,0.08379695251919012,0.025533037908021305
7131,0.04446877290521527,0.020572104250073033,0.07130909227757515
7132,0.02804487445716344,0.013495458316515874,0.05510613991828163
7133,0.040906964819399726,0.024171609270620276,0.08592577623877092
7134,0.08147205564124037,0.07943766979242602,0.06822010095637569
7135,0.047716537263325774,0.07152866793991643,0.0187326651941683
7136,0.07016068082209055,0.030652749364681667,0.039140047838286486
7137,0.06767022291568953,0.09739372079279576,0.03787574269894776
7138,0.05411023075092663,0.04711064858394957,0.04049166795812812
7139,0.06761735328926716,0.04833264001168868,0.08622158993639607
7140,0.04145234084562924,0.0066639674125733355,0.05030995276749148
7141,0.02659715795401456,0.021924538585760812,0.0891100459407942
7142,0.06551508197544391,0.06386553060847698,0.09971957343842537
7143,0.030488910620133786,0.05908020406652325,0.058856278399866346
7144,0.030237333190489817,0.02444828706861737,0.03149064750567576
7145,0.018151596625252626,0.02158045905779894,0.11932642446300597
7146,0.04761130310269819,0.036507959958033166,0.0030373501738072406
7147,0.01960725993347719,0.03384124661773185,0.0023358326531378037
7148,0.025683513332343543,-0.33804490477275384,0.033740499436219575
7149,0.02930275611412805,0.05112636508000489,0.030294248542481098
7150,0.055859709922644614,0.19566898743667097,0.16150388256604753
7151,0.026492841988749165,0.09596738148769023,0.08752493517697028
7152,0.0018138939971704404,0.04296251960262351,0.09138664638094968
7153,0.04681496514723662,0.033191258538842375,0.0568473917416658
7154,0.013758876459792865,0.043329064066311006,0.01585378584079477
7155,0.07007153182140677,0.08393467598747549,0.03142919419119986
7156,0.04161814573445584,0.0029642348927210738,0.08122583885980567
7157,0.054796458277504914,0.01788202179773887,0.08345064234737776
7158,0.023529614809359105,0.010792730227181652,0.13144612952563203
7159,0.06584744535569075,0.0029672669991322566,0.10002403706111979
7160,0.0820310752662963,0.059244570449038796,0.06347519126281691
7161,0.03321157509231959,0.036256114361251826,0.09790956933195481
7162,0.025898876937647072,0.09213288517178089,0.033771430720159805
7163,0.05620914493857665,0.022157534421481842,0.03336432566064969
7164,0.05347239489184954,0.026288312599987942,0.05009352514955942
7165,0.01679067764226378,0.25901878434209596,0.14556921093578842
7166,0.02509014449640093,0.07982059335257799,0.0363544509724157
7167,0.05723278684828724,0.002422943195319105,0.06702720170227344
7168,0.07622814272956865,0.036589788998600485,0.02084026327565036
7169,0.045502666535010436,0.019441294702853742,0.05848371077042312
7170,0.03542546508513561,0.1873415568354698,0.013102652647264578
7171,0.0,0.02763445092587724,0.08077090974054872
7172,0.07462268478050736,0.005588233380033947,0.09462775244373887
7173,0.051174688530263225,0.09706578211813638,0.023190264699966903
7174,0.05222352525224322,0.10408034846231573,-0.04364912065684233
7175,0.07207163406878737,0.08913151786794032,0.012469482325051651
7176,0.0622729022812972,0.04971580938638759,0.032901925961538396
7177,0.027652016171158957,0.1333491924451836,0.03675939457599407
7178,0.031028990240772592,0.05693025307749988,0.011093107600881792
7179,0.034280972535770574,0.13434627716639,0.12312706168782442
7180,0.044008889175896085,0.00236341428123088,0.022444206062858376
7181,0.08520106487951903,-0.2616575846292827,0.11063618468674895
7182,0.04748954690748087,0.0826948055791964,0.001501407127869607
7183,0.06339927587616866,0.05618873123919804,0.048825867890043576
7184,0.04685821828434831,0.09342149373508685,0.05650973314587594
7185,0.020950826867332812,0.10453717873994035,0.02055405081590437
7186,0.023562980921665064,0.031128166572926382,0.02509628922480278
7187,0.07610821743381002,0.0720408761142379,0.014052677715396568
7188,0.04622051895518027,0.09957849197900492,0.012462483621498278
7189,0.05495437136036545,0.036735912841926455,0.1497579296497681
7190,0.011746484769956773,0.0921880028782227,0.08267250052659246
7191,0.04741237526900515,0.06535943965072347,0.03601992254087435
7192,-0.10218229994391147,-0.10916327503799195,0.1369370909330012
7193,0.04339056707360166,0.08555930789212796,0.044038420236079456
7194,0.08701505429632228,0.07626136806597034,0.0848523115350479
7195,0.07120430776953096,0.03884187851493447,0.07860849061879789
7196,0.014370690951124969,0.03680908101074521,0.151358827480355
7197,0.061301757940678936,0.04928243003588462,0.07523787506655394
7198,0.05513338814247343,0.007023739510983818,0.09254589637885383
7199,0.041695693815337255,0.0024531492302694805,0.018450646656548855
7200,0.02268836998089768,0.07661577306790353,-0.2941136665247194
7201,0.049021458498252374,0.02489406816074892,0.040005208984754306
7202,0.021975124338772686,0.08683712876468902,0.06487047582673901
7203,0.031790148639112024,0.016672803385388468,0.07221445680214801
7204,0.057501554893125986,0.07972502183399635,0.04723407056765586
7205,0.07745171170176593,0.005129237621186145,0.04729364008183164
7206,0.059931624560861554,0.06838757712824077,0.09078966378682374
7207,0.04627656377412809,0.04356672292961784,0.07262301028815717
7208,0.03894680412688094,0.09075902408658505,0.5162268339595683
7209,0.027788763167024937,0.0994356785784038,0.0026920752928836114
7210,0.037979750304889745,0.20066599372189814,0.15354008771300942
7211,0.04186658445097609,0.09092543765724735,0.02556181722002311
7212,0.044460240822081123,0.16872814134665284,0.15559499626303572
7213,0.07879070525157593,0.18878470490092297,-0.028076155838234
7214,0.053644535877114916,0.004054248435821717,0.021472263113192558
7215,0.06033005015097905,0.00727432572877349,0.08661277645421007
7216,0.03166512345518259,0.17395453667997526,0.023207987655733668
7217,0.0,-0.169354440498709,0.03403553320687219
7218,0.11113628791318522,0.09488734284430411,0.005394800395603272
7219,0.06659627226656416,0.09973963504906298,0.013577723869926684
7220,0.056249978912664436,0.08358387130384298,0.047042049495890206
7221,0.04373929197192269,-0.055401071062381506,0.07289110600513386
7222,0.0426786497904173,0.05022943217092621,0.0831266008705398
7223,0.028845800459714716,0.09714889513890425,0.06824727642701442
7224,0.05079283586956596,0.12339935870028929,-0.003171592763764386
7225,0.08135946524172605,0.06990321519659617,0.09032878581441535
7226,0.06095968173095764,0.06497381389736952,0.0038334907188438314
7227,0.01594817922663845,-0.0700246273712212,0.0037796894836010565
7228,0.04419381406732688,0.01407643418488469,0.01881001316959211
7229,0.08551946083795778,0.09883966495187957,0.028511731598561442
7230,0.047829171978111026,0.024798924106685105,0.0514391254008882
7231,0.06256370101978845,0.3065343044054437,0.10703604612137492
7232,0.0503989017640562,0.05258700386356349,0.07898103918009694
7233,0.04879429731226394,0.024004332096433125,0.09725596138256258
7234,0.07212202173435862,0.07504221331425795,0.07517121196692639
7235,0.020906976319111686,0.03486033262133994,0.014015964359178802
7236,0.051323596060334035,0.0975814186538988,0.0719945961566315
7237,0.04597512701180011,0.020602987359063112,0.04925563882821347
7238,0.06555780221956027,0.06636549595198153,0.09842802915130336
7239,0.04929705532738925,0.05338741833951974,0.002323577643985453
7240,0.04236418139376364,0.09498881104850562,0.09924599184609281
7241,0.05842652242264068,0.0826638218366011,0.046888797495218126
7242,0.04186608005844454,0.18796164040151508,0.21272870235993896
7243,0.06258014492746304,0.09620386203368514,0.028152741656729808
7244,0.049574668663721226,0.06502017047965732,0.0997408439390667
7245,0.025284051439173758,0.08157210815517738,0.010890822241499159
7246,0.03367171368550759,0.0031952109858572777,0.040893861733621376
7247,0.031171872641510782,0.055856614958681695,0.00768168227751842
7248,0.0592196244369532,0.12164660520667232,0.07819041016709566
7249,0.014093367857387698,0.05069310816092233,0.040608310528057356
7250,0.04537724090915105,0.014341337498616047,0.03946087689583514
7251,0.08616029699757452,0.07426269782899185,0.056276730189704305
7252,0.042535604519904464,0.12612634269795478,-0.22060010108933917
7253,0.028086567888254827,0.0001828499316687826,0.05930411912654909
7254,0.03937012705837548,0.054673768598845846,0.025528248029150283
7255,0.04681165166708295,0.05932379815328967,0.007181740869327036
7256,0.06241090377448543,0.0493131021336391,0.006452087042966681
7257,0.0692952917600656,0.01532135652540413,0.07889475642816625
7258,0.03210541846604425,0.052620251826158884,0.06379678714884035
7259,0.05579970470505232,0.024581051240565335,0.07692937004104343
7260,0.03312617268175792,0.02049572952789627,0.0469975621062828
7261,0.05817820093415064,0.0763826474480519,0.07421389502972553
7262,0.044827961781828116,0.09474336729407856,-0.2163496846523244
7263,0.08227408957644508,0.09956329423707186,0.01817589332585473
7264,0.045335417354246815,0.14041266142178874,-0.14685167111699965
7265,0.06757144517417366,0.02162043503570398,0.07175960681757453
7266,0.05822967272703337,0.0008009802178220783,0.049732255974472256
7267,0.030660988220147872,0.04595954177766795,0.04838120665480333
7268,0.04569557192374693,0.0005139726031501146,0.001672458718704062
7269,0.04765180185685289,0.037648624319105574,0.01790351121107986
7270,0.03830453539268767,0.028217762433075267,0.08066726660475156
7271,0.054014561962715,0.00025861397925445176,0.04476747290611861
7272,0.04614223254965826,0.057949536799395844,0.011452471406646791
7273,0.045403762336749635,0.08792544709032564,-0.19792292669327527
7274,0.030845296010981505,0.015139329618289944,0.02392013039599783
7275,0.02713253811978653,0.019040130636237704,0.17623043828142204
7276,0.07358669030808054,0.028426783509179744,0.0017056272845370924
7277,0.10224335901074004,0.02564312122045234,0.04770980847048352
7278,0.09085440743978021,0.08761003218830471,0.04220914985459791
7279,0.034971945643454114,0.1125302202369767,-0.14367034165888698
7280,0.07584250474944108,0.04582104301192903,0.045255088745605035
7281,0.06353450949202072,0.07397206625579582,0.07231616485699992
7282,0.03370421844783445,0.07874681945777001,0.011050031533287687
7283,0.09000553547488488,0.029358796568285418,0.061174655262709744
7284,0.014996120336736633,0.0962552930687783,0.031619954673952025
7285,0.04158231851450189,0.03551250420161161,0.05747874341721143
7286,0.04970139581869301,-0.14574803778860465,0.05798698331979022
7287,0.036127207211277504,0.06962789417563364,0.04640180551845864
7288,0.049240047904010445,0.02783755709977951,0.008540785512293814
7289,0.05117245671317146,0.030890826797039885,0.0016043186258931864
7290,0.4041234360080846,0.09137239226320767,0.05372391332143787
7291,0.047765909464129466,0.0037513103403669645,0.022897542770574954
7292,0.07134783544161685,0.08660740287246595,0.040831314454787805
7293,0.02281773092761471,0.022755704098609466,0.14025209980749176
7294,0.04979960769335902,0.03779650391127333,0.027825550632045806
7295,0.05543353025866936,0.09528398487306816,0.04664322885633733
7296,0.007503871673407131,0.07782900118656018,-0.08166884740866864
7297,0.08361311452961122,0.15481291813173814,0.14770678863776168
7298,0.0271003626012867,-0.004528225742128397,0.05790386491253319
7299,0.057650256104324074,0.2229189447615577,0.17254994289629355
7300,0.09020211771530487,0.08376588390257197,0.03293514777085006
7301,0.06386044118794902,0.055691221437484284,0.07140706310082266
7302,0.06007629467003579,0.02688994257622328,0.010638256458728224
7303,0.02767336019631016,0.022998690741499298,0.13093045326527608
7304,0.024148511670089433,0.039403338916994136,0.0712716990712288
7305,-0.28322189006202153,0.09076703799985125,0.09005127904779603
7306,0.03343028618460323,0.0012155473170061197,0.018658556776364795
7307,0.009320226038648863,0.013437327083358576,0.0641253225562792
7308,0.07924474631283446,0.06379334861744947,0.021987179341641974
7309,0.047399588222646144,0.3043381271823303,0.11396065797567093
7310,0.023755795982264336,-0.1392179028582265,0.007033183290356959
7311,0.029176976778020232,0.09818539898044003,0.05762846533969747
7312,0.0540377329587407,0.01849087479377448,0.09252200461741408
7313,0.031115178311931405,0.037663846322027995,0.02749892744861072
7314,0.06642491648880508,0.022765676819675985,-0.1402634223265993
7315,0.03209688682246331,0.19535084323090415,-0.14693394582580405
7316,0.038387143613159966,0.0176449082798385,0.0038054918837672094
7317,0.05995939263336913,0.07881609317392359,0.03410421373913738
7318,0.062186052842449505,0.006999045091519285,0.06497929365131389
7319,0.05638801966493595,0.057329877331279956,0.02786249688132604
7320,0.32853959046390147,0.059856626479679036,0.015340714368736241
7321,0.03660614221659282,0.003401566526980293,0.02694196217157411
7322,0.02667470211849426,-0.096190751177534,-0.003597325038589033
7323,0.08478855259741913,0.15599497236200222,0.27125583645407075
7324,0.0664989051377451,0.031174408021256917,0.008631564945412474
7325,0.03159548255492763,0.05968830898248752,0.022663500720280817
7326,0.0,0.017263677421242973,0.021995512902925254
7327,0.08504279682439778,0.0897606031523306,0.03973205155632908
7328,0.04498120265793504,0.058644184189837814,0.0011625013757331382
7329,0.05334461728903115,0.018647086058665753,0.09391591862971077
7330,0.05348260787585844,0.03275829471936551,0.01930320769068832
7331,0.019041859064873583,0.07088985998949096,0.19404641940480702
7332,0.04653157572365522,0.06532200008026938,0.03014799554068688
7333,0.03031233442887754,0.014609203293483471,0.06429779275796532
7334,0.05114835296758893,0.05428315770290058,0.025936187424982805
7335,0.06433434208229968,0.005545081372776506,0.0017402521825520712
7336,0.054454853963805575,0.0024899533131507168,0.017449009269740214
7337,0.03485066876390465,0.1103361772034524,0.005984349171357137
7338,0.07782775022138654,0.0031346864861370397,0.06672427299740422
7339,0.07063965902020225,0.08375614010327707,0.07776531167830583
7340,0.12283180995065895,0.09206209242842395,-0.09808945432862509
7341,0.03481235580529154,0.03841116683490371,0.19468578604162837
7342,0.029992070099003548,0.09279677917918353,0.02545106277113676
7343,0.0779665652788798,0.08550810633947296,0.0029000210720942056
7344,0.03703776118364685,0.021569025546165858,-0.011790021909691473
7345,0.06576369921750565,0.0333760839159733,0.020287428943475107
7346,0.03928870817583276,0.08821680499335856,0.030580972780766637
7347,0.022556550443892397,0.006350891102226386,0.07130340221438176
7348,0.05169799061957993,0.0638630263123312,0.05840482567373842
7349,0.05534877321945969,0.07550157447505149,0.05146328020469805
7350,0.04926836850256661,0.17504112764547675,0.02641016258658485
7351,0.07199947216585426,0.02054435486282892,0.07694651940331906
7352,0.0020098763582873658,0.06856373124629093,0.05564295376660551
7353,0.022712564502641263,0.07234348309337861,0.03878210248169255
7354,0.07230558191533328,0.09072879502971887,-0.15990168706355284
7355,0.03852759106322556,0.04457465945991315,0.06708781155361963
7356,0.06387071877532657,0.09806048460622602,0.07094496511168899
7357,0.0029329884603340665,0.0286856766583912,0.00860184483112616
7358,0.0701871475167097,0.05065898939467798,0.02288551979995327
7359,0.042612055528516324,0.04901434404784937,0.026585907369078666
7360,0.027804786119068406,0.1579976671092057,0.024408183814650708
7361,0.07414850920557518,0.02185203350122289,0.04421350106369674
7362,0.03433345759361826,0.05263706743802448,0.07474074172301788
7363,0.07048244255167631,0.07096963592617586,0.0628186757550705
7364,0.06911601526891564,-0.007960596513001975,0.1987701002460606
7365,0.026780398629108814,0.06148980835254343,0.0434982248050114
7366,0.04439963717502967,0.020995407296853154,0.00784261079477363
7367,0.04452240920658821,0.038267032746984175,-0.12988427375271433
7368,0.05315479152618616,0.054135721708329004,0.025381519177605782
7369,0.07902930673815847,-0.09957418838541676,0.19117362952542516
7370,0.0677405608012655,0.0681316270334808,0.1546418767319981
7371,0.04033671460221312,0.09047995572785872,0.06494709630590166
7372,0.0341751398482968,0.01034928122231601,0.008794527054488499
7373,0.0199257133583669,0.09222078786528101,0.07603724182154543
7374,0.05092739273561974,0.04856615696915968,0.09122185348578851
7375,0.04787459578594546,-0.25861158688370867,0.13522947378988603
7376,0.06725737153760952,0.11114533549566939,-0.08097622514421718
7377,0.08103555486634474,0.01617105296519431,0.041049737369215834
7378,0.02798241248679828,0.015270571490986151,0.011762351347830036
7379,0.03345503620546063,0.013244431261096291,0.03678779981417592
7380,0.04471424677621523,0.1588747919597845,0.4334047290439459
7381,0.04532615245963203,0.06698579587403365,0.05257635579291317
7382,0.02101697087381276,0.016161235833227646,0.17554342799781172
7383,0.03806997166745657,0.033915785938051314,0.02834406663679484
7384,0.053471095244777944,0.0720755219947916,0.04905484958428298
7385,0.018286692341965238,0.015804865281743272,0.010667863107406651
7386,0.01578468372226425,0.032929388563971075,-0.04601950924625404
7387,0.050858633242701026,0.05591566856052546,0.07412595292478731
7388,0.03898580921393926,0.052262349248337385,0.06571146227348149
7389,0.03871990446208332,0.08332276601390305,0.06609839030575483
7390,0.06740525305310062,0.051764496012383046,0.009444996216805402
7391,0.031102143981566986,0.037886954196184985,0.029089440541290645
7392,0.033989663383754004,0.043662044510268665,0.08663546083552237
7393,0.08556215553821331,0.0017224502844209067,0.02180775001538994
7394,0.0706988205764614,0.0352935182641132,0.00700517845836689
7395,0.05095921841902321,0.13352023820195671,-0.07430701841944365
7396,0.08367603746342255,0.06701883342728947,0.08250464732131951
7397,0.05687533834536614,-0.031494340742961924,0.15047103925385336
7398,0.088716867798616,0.015305620261586883,0.02872879200466634
7399,0.027713699369960116,0.005742029742037951,0.16864107447808202
7400,0.05044809983002301,0.03413059926783203,0.023715534406632745
7401,0.04742574132170713,0.025322253039830878,0.09244606007329233
7402,0.043527575767775384,0.06992830697050804,-0.3393789598446758
7403,0.03218691166873308,0.12254648568404557,0.03631802673697408
7404,0.04193761402393207,0.08037296563165425,0.06828483725531362
7405,0.01780262758084583,0.0792700681166984,0.05040757054702275
7406,0.00997912827823874,0.03160287666683135,0.014057707076562953
7407,0.0300540140209629,0.0707226527586115,0.09252280001664259
7408,0.048487117288206046,0.06642023599615697,0.043848100852742204
7409,0.05139819885158643,0.11988967737375891,-0.0338741311653232
7410,0.06664637489949798,0.07421910989887526,0.08589114230694686
7411,-0.23883031621178424,0.06105652550031954,0.005608596891052709
7412,0.05368363927002773,0.09072861845015474,0.033442415871339636
7413,0.07645060137863517,0.06355329633164047,0.03487759116516327
7414,0.05883512703172648,0.04047830389945879,-0.21986256207332905
7415,0.05569928179951063,0.007453947730041122,0.05434139986786213
7416,0.013468362956077375,0.01789442673582965,0.07055200531686055
7417,0.0595381002474557,0.011748524538359652,0.0831122300943899
7418,0.0364101838576342,0.02806869729268187,0.02608656578961758
7419,0.046012975517793916,0.03838153987389453,0.07471858607483284
7420,0.07481446689466109,0.05102685688473291,0.08847979253440029
7421,0.09746521238784972,0.07609752820509662,0.0177524039973458
7422,0.02536246683467912,0.08109432953985835,0.09190674940037245
7423,0.04385992767338096,0.08369716385492179,0.017234200042441538
7424,0.05577461384950113,0.01420611552997294,0.07118461079488765
7425,0.02055459303105337,0.05885489766346752,0.028572071731818804
7426,-0.011206649353752499,0.08154192954158963,-0.06193603779902922
7427,0.049007799568755214,0.05546521409066742,0.06342246669954181
7428,0.044800521728314516,0.23441434289217858,0.18703758131975265
7429,0.08198325980868232,0.035642546766795354,0.03466441311292658
7430,0.0360530525616968,0.0037880373632736886,0.021977301878329414
7431,0.01793045947895562,0.010254700855002404,0.027081792429194562
7432,0.06531372486421926,-0.1065172064710684,0.13069029449194844
7433,0.045403288637067496,0.00018817788390519398,0.2431113088086066
7434,0.059655991723644664,0.023323217237180272,0.053264028299074506
7435,0.06846591985467984,0.09131793803479288,0.07023021381039571
7436,0.08490372148505676,0.07585851635061219,0.05706732963714764
7437,0.045534753321239754,0.018040606006318217,0.002092600458813376
7438,0.0523051710745661,0.000988604230042378,0.09860183870174884
7439,0.02662111383766037,0.055255999077915965,0.006062060078393139
7440,0.06466666943087347,0.053024633879789576,-0.2184054719286188
7441,0.05625166558347894,0.08988284906158887,0.04310511175139329
7442,0.061573316262751004,0.06516544192954199,0.024284554258052517
7443,0.010440635012146584,0.021125532956997543,0.012981577462112204
7444,0.04836069242901077,0.15920710773419172,-0.011090932599258752
7445,0.05329694264375704,0.09820098677691036,0.05202981655751137
7446,0.03384617468389345,0.06084779419186881,-0.2315080661441974
7447,0.13717474750387096,0.0956899008087026,0.019395434944209068
7448,0.0778854160106673,0.09904675305465364,0.011717951397911854
7449,0.03620611991481277,0.03500122956726725,0.03524095408441554
7450,0.028878877024238536,0.07160170803882675,0.004162181723976655
7451,0.0173985722227211,0.03468589530641339,0.05797250839474232
7452,0.05945515861687844,0.08657400066511156,-0.057551554102189234
7453,0.07162534101073459,0.07363636443290365,0.06375362385657576
7454,0.037584624087410534,0.04193782554428032,0.04676523157799905
7455,0.07340409982387833,0.044852144180291556,0.006908101458789207
7456,0.03892485749517255,0.08910768410746789,0.011398580461371433
7457,0.05749443891148181,0.033988315140172955,0.007378975869600013
7458,0.017336340443931234,0.05043571580847565,0.03777369354936664
7459,0.037075778521926256,0.04284537643152116,0.04137435401137282
7460,0.0700684689251792,-0.02328483592062515,0.08502905826451078
7461,0.03759614785923716,0.021994373266199654,0.0996216798462797
7462,0.06606702104195028,-0.26936867817243015,0.017189486343819782
7463,0.07069527344840865,0.0995138460668048,0.014397527171553083
7464,0.0629180376576669,0.0841128062099149,0.09650852826236356
7465,0.04874579003046304,0.11396446886386402,-0.09833247624446628
7466,0.014224817386798198,0.06869082199959348,0.03657902036488777
7467,0.04387475042478299,0.03479901801043602,0.027773872140756786
7468,0.043703003297821286,-0.031157462690876506,0.11704742461623474
7469,0.056064173111600446,0.029674145466232052,0.08322790464657535
7470,0.05590489723149246,0.09432152873509453,0.0682542292380207
7471,0.04651659734909602,0.09112459767124392,0.02536129005866852
7472,0.05134834168976354,-0.15113584534763505,0.05361231926556229
7473,0.04740860150019483,0.05733800008694261,0.089202648503441
7474,0.0646768502095798,0.06087743784105204,0.01294005861780111
7475,0.006743087832912935,-0.13759430045275503,0.1198279510872786
7476,0.043923640952262664,0.10260002252576453,0.016931107061838962
7477,0.03273379985170412,0.07621219443173886,0.09669144456095408
7478,0.031051134002522775,0.08077937078271662,0.05739972577600325
7479,0.04202575600590506,-0.1564270719468811,0.15455169351200115
7480,0.032389686066682334,0.04858692619504812,0.04779277843160641
7481,0.08409897744921865,0.05451820612899865,0.09709488310619663
7482,0.08369005614016131,0.08146458890346288,0.047303212372861884
7483,0.031811699897395795,0.005351081175835437,0.08507820987960525
7484,0.07787665968423545,0.23909248413709058,0.21334917908071518
7485,0.023716556082265524,0.09931672712349077,0.08041040204801288
7486,0.06841609809380575,0.056215236268391616,0.07204736201581201
7487,0.07052606251782059,0.12884726219967665,-0.38131450555078483
7488,0.03178427686558306,0.02997638222858451,0.06629378821065395
7489,0.04172544524349128,0.05530600148659816,0.05684975838887742
7490,0.044815423054414584,0.06019385667316149,0.005175385362916696
7491,0.06101915774047118,0.03565367567439487,0.038814817162906995
7492,0.03575564026102532,0.021201584408210773,0.07058264761308838
7493,0.08279561440082965,0.02931650431928312,0.060006609181456796
7494,0.04513284852922706,0.09669659527076058,0.0674582043369009
7495,0.056106145036882334,0.09434734371238096,0.01634718049811006
7496,0.06725790598707015,0.0072563126113092125,0.022282374031204612
7497,0.08080927675226574,0.0353782805449449,0.007830421980615176
7498,0.01638236309101499,0.05481311458962588,0.00668703609993333
7499,0.023423999145941,0.01874971173636473,0.09874057328980945
7500,0.0,0.0028652450614837124,-0.16835308906803897
7501,0.054928898125197446,0.029034215322450586,0.13037590810824734
7502,0.06691634032561265,0.0004694014927541068,0.00646360483593863
7503,0.016776830966231858,0.13110964381960413,0.3310559658230245
7504,0.013525755605920687,0.035858416865247884,0.03216426963969583
7505,0.07240235092058012,0.0706604573090701,0.001214357445587533
7506,0.0696315653405916,0.09524497504501525,0.03216544649624503
7507,0.058300749910081544,0.5826980869670487,0.167306669214636
7508,0.03784767147113188,0.04968557684024405,0.05160321516315197
7509,0.06436191748373041,0.17305020186512599,-0.16941537684268754
7510,0.0563995670154665,0.05202907738095898,0.04947167558103092
7511,0.02315452137756768,0.09666086536937689,-0.15366480665709228
7512,0.0744185801695629,0.03075471709774339,0.04748147456081319
7513,0.04404771131774941,0.009692958654832962,0.02799828583808608
7514,0.029527586071268565,0.03411634629665674,0.08429059129524544
7515,0.09138517101445179,0.003579642231810931,0.06938589881487707
7516,0.04533149028313737,0.08141780837844577,0.032378485018264624
7517,0.07061787011553965,0.037772446052316215,0.020429219792897215
7518,0.047300994575434435,0.04249001496033836,0.03604581880977457
7519,0.03800163879403454,0.06135011455065764,0.007209533418816961
7520,0.03823161037727955,0.08436015584623197,0.0565980591323082
7521,0.06382228375728445,0.09263070666200211,0.03373392119436983
7522,0.0448775944784483,0.07170728853538448,0.07012050983558417
7523,0.04723207803433549,0.05468854779540723,0.03677787662295236
7524,0.025992623358728737,0.05655718001513961,0.08922756113396775
7525,0.03198729713116809,0.007249418482547943,1.9185264191812212e-05
7526,0.052657295206066476,0.07670016122840623,0.09714727640501375
7527,0.02825047347130742,0.028329936391314117,0.016790064582803788
7528,0.017373788292128385,0.024233099074432142,0.0202614764822313
7529,0.03804541868668866,0.0797365893673912,0.033423262161031086
7530,0.029755828103414157,0.06115799490563454,0.025022936949935494
7531,0.046209936024557065,0.06595420024505001,0.07968640170300188
7532,0.048196418281891945,0.06812896742658614,0.05474222677124052
7533,-0.15520012944790007,0.35156805895888216,0.15970152601997878
7534,0.015674685714344824,0.02793304270676478,0.06896581275532723
7535,0.26628008366543543,0.0004832221462385045,0.09237217286041276
7536,0.04282800866770239,0.09334006588802264,0.08210364207231644
7537,0.04574351516640587,0.09167210070983138,0.04174733183962559
7538,0.07935944552232752,0.0348012326899547,0.01972261197221381
7539,0.06463860978167212,0.07933651988640786,0.07986494889593483
7540,0.03074463742744628,0.06343937585517578,0.0854671676575448
7541,0.06679803735302875,0.0003509824693724406,0.026977778031589794
7542,0.005160717320542539,0.11951662921526371,-0.07562525513311025
7543,0.014533278938353609,0.12222910096097349,0.026621110912942676
7544,0.04269402058498748,0.17629069731795655,0.0364179227528023
7545,0.057206269349077576,0.09373572468919332,0.011723210454322175
7546,0.028666004559099106,0.049482808209091705,0.07441579672815893
7547,0.025503686553351515,0.026218453691248245,-0.04701475089323548
7548,0.07477366564293543,0.06396465240119055,0.011983999067183105
7549,0.01219996360933,0.06325929060180613,0.012082579056851754
7550,0.05363109929999094,0.013741735257911614,0.053266568500976955
7551,0.032671008081857245,0.06896856246722827,0.07276119431360341
7552,0.043715423015206964,0.08990350467499325,0.031857742318079064
7553,-0.03621124726627538,0.18847326265716985,0.17776679877044527
7554,0.05942811787653767,0.018474414322017973,0.0007966849599379267
7555,0.023101569309332933,0.033503381578077356,0.1866279009621593
7556,0.059467887181659226,0.05996544710525872,0.055448200976213405
7557,0.06576558056093969,0.08133535420593885,0.07262583128861369
7558,0.03220899129133424,0.07170149754280944,0.027406311833213515
7559,0.055599666539874686,0.059093640703908726,0.08759893083708904
7560,0.07002170815717869,0.06574107867033056,0.09767620704499724
7561,0.09156189042961459,-0.11385176571570542,0.07103121424907648
7562,0.028280613888640792,0.04505764122862266,0.04350011954025133
7563,0.03512436724516335,0.04328157853339779,0.052384659691290636
7564,0.056868230664393976,0.08743123199133494,0.05006531004340427
7565,0.055262038165302264,0.18775614841101507,-0.20482239473772965
7566,0.06321353676250098,0.05645781470598574,0.05408362628564485
7567,0.01655087081132063,0.007229909031890958,0.03974890713235756
7568,0.06622595663753418,0.08256109319956113,0.06778931765721173
7569,-0.0024454805515228134,0.09438873421527984,0.02457668657303034
7570,0.035817833451674906,0.1306204547898577,0.018425005292529238
7571,0.009528916081666679,-0.21172998654819722,0.12576641252036563
7572,0.06452911642297066,0.0019452284146667443,0.03545765840674558
7573,0.04994204978745988,0.07756214681152523,0.05178922778134958
7574,0.030144683111934842,0.1471354105040141,0.03170753639611861
7575,0.049008092849367045,0.0827023579216441,0.06156940008662322
7576,0.055793614805068045,0.028464312896786515,0.025891740393145304
7577,0.0037053398963572542,0.06635573670471541,0.0722915457172227
7578,0.05771121467135977,0.06769831371543512,0.06504478578381338
7579,0.06499816995491521,0.002125391655677622,0.09496695886538932
7580,0.07404318010148672,0.030656171144059975,0.022276883886669707
7581,0.036221558305212884,0.06396054536930036,0.051596991479443834
7582,0.07972972964325026,0.0005298740173268591,0.037217418518434665
7583,0.03753882927992964,0.0021361603626319117,0.06346509919214587
7584,0.016384002548989883,0.1709844723966091,0.19029788331673025
7585,0.06023950368411807,0.05174555667345424,0.06583611950691985
7586,0.0251690087173069,0.03741158365415592,0.06756335245838918
7587,0.029517261124329182,0.09262775888682873,0.048527193602515395
7588,0.07308906593783149,-0.1488913976152927,0.09618886667483695
7589,-0.028499924122890083,0.011342384439936348,0.017658502328536687
7590,-0.5581282365436814,0.05933539621638726,0.07513438233221026
7591,0.07120176439290922,0.08107839694062917,0.06451786766140266
7592,0.056835949639163934,0.06991786784587029,0.09835289743152915
7593,0.031730044966663075,0.027497595039343695,0.03417917727257352
7594,0.044189368690978406,0.17387541543852283,0.15695014725855985
7595,0.059017752073623836,0.06511397371624415,0.038362762590303294
7596,0.022971378081804043,0.05369899147716635,0.04019870837374346
7597,0.03634654518059819,0.025570092615802665,0.0415585952601184
7598,-0.19261536777554678,-0.11570725182352468,0.09119137576836277
7599,0.050396435982011226,0.0588957899517864,0.09575978420062112
7600,0.007042683792332267,0.15069461247762733,0.027002817210881058
7601,0.03525675064385809,0.03326629004086865,0.05406827751587439
7602,0.09301028619747906,0.012281708721521468,0.010796179855333134
7603,0.04647502391082257,0.07324783976592653,0.12068872991624721
7604,0.059267861808257896,0.07663443080581221,0.0877901173410948
7605,0.08402036190830128,0.003020447498663559,0.09132069583694732
7606,0.029733018890633914,0.05824251191111754,0.0800004145997359
7607,0.03651522291576338,0.04561498783684287,0.06119140043530694
7608,0.053896533547090286,0.0046212480241548,-0.1942806436702715
7609,0.016328177516259243,0.05998002938026106,0.06912274126336616
7610,0.02283724815452234,0.03659608978091245,0.09329774382376732
7611,0.019433503853959536,0.15992106912145487,-0.3811946429320839
7612,0.04448005132146583,0.0581030101314632,0.006251574768799961
7613,0.018822389163945644,0.11080426963984014,-0.08101411629652622
7614,0.037741167554275326,0.021592337828042686,0.028723969533772754
7615,0.02962010284486003,0.048871589301573204,-0.2784969940138868
7616,0.04114577997462552,0.08740355394728677,0.004907418341992054
7617,0.03449875319678805,0.071760518740763,0.05145918777809414
7618,0.050483169423896676,0.053302785981614434,0.19355961459503693
7619,0.044995311107698964,0.04893851905665918,0.1600318623495639
7620,0.07917445209378399,0.1596341158565921,0.17712900503832793
7621,0.01934210303333101,0.001785305884403874,0.1447647333811929
7622,0.038419408487492306,0.031210479245928253,0.05246478685999805
7623,0.021350895199832676,0.010120946420742495,0.08026625471442723
7624,0.027814970270897958,0.031138228380909818,0.015611947114586945
7625,0.04271731789831055,0.02397137481553471,0.005972756575745331
7626,0.038932301895797994,0.0808704192669575,0.08856389827464432
7627,0.07136690465200793,0.05187377573675881,0.08063051447213126
7628,0.03478093500304086,0.017811924409219096,0.19116787036947708
7629,0.0418790109535745,0.036584261723689414,0.004161989891131923
7630,-0.5267480821027236,0.018917690512121943,0.06675799034427349
7631,0.03331212302693206,0.195486168751668,0.09647901781929497
7632,0.05239274526319623,0.08025254981236757,0.05816025891252028
7633,0.0802259675230169,0.024622458585018048,0.023286169315784113
7634,0.053861444423176294,0.032401874150708644,0.08538460062335157
7635,0.05288438256250046,0.08001839878234923,0.04794566994512417
7636,0.030749224901760675,0.080115339425419,0.0765370499023984
7637,0.01375902151312536,0.028868043132702265,0.18123743102037831
7638,0.024468640896611014,0.042500629874811895,0.006960618366829846
7639,0.0436184438841848,0.051272863081891995,0.0658967619450783
7640,0.0051278886664902525,0.015842113786613612,0.19920245919814794
7641,0.07697827452152745,0.09748744026396314,0.04913056046987916
7642,0.028073074132837536,0.010800438988972939,0.037188786523724385
7643,0.07315922568487367,0.006000076101480878,0.0608342047168837
7644,0.02951945239169379,0.06485709815044785,0.0666071207055156
7645,0.06135327521448914,0.08408951524852651,0.04107877443124506
7646,0.0747170316935988,0.08392960839244454,0.016037551376542614
7647,0.09174434642239929,0.0799499953613878,0.07455513458799781
7648,0.06043900937575362,-0.010034288427156368,0.009355087010656305
7649,0.02113838525996799,0.07897521788289906,0.019937901095975742
7650,0.028724742443188546,0.018550769091431354,0.040931388056150125
7651,0.03735358491586998,0.060153078676036455,0.08075346971024683
7652,0.05012210703010627,0.006468230576688272,0.00969918913593807
7653,0.047507727915981075,0.031729373514262464,0.009768416142408087
7654,0.06411612612548072,-0.1958487997527874,-0.017235676024372426
7655,0.06249451139368371,0.06535701382202169,0.06763110095826279
7656,0.05449335870737606,0.21334218428341636,0.10691065244185902
7657,0.0949794777071537,0.19038641650043628,-0.31412967166471367
7658,0.05009095473874727,0.06416029702003717,0.03083432213511468
7659,0.2037115450417368,0.03354793807024294,0.024496176191646568
7660,0.030300309555001112,0.0526038574105229,0.03338185299296731
7661,0.033784587501512774,0.08264775675202692,0.05953758664534431
7662,0.04430954814604054,0.07981150780522649,0.06490578516049839
7663,0.013354989590793925,0.012863705512578807,0.03739932649973101
7664,0.04062685807631248,0.08829521200358541,0.09306406359240837
7665,0.02177586677151895,0.08043678694604385,0.05819485573318033
7666,0.009957497776596339,0.135613344344761,0.25557581081405895
7667,0.039447209840109215,0.07219307870519855,0.007040916769942807
7668,0.04950231626492588,0.07067512539016413,0.04480595766106232
7669,0.01817713183576522,0.01724243318442219,0.10552602655939876
7670,0.10621382804280642,0.008594865840838462,0.06038094430469625
7671,0.050198745948161094,0.061611124056191346,0.06481715193245843
7672,0.007478939062927129,0.014979547305170076,0.18428171365381107
7673,0.01618416201514604,0.03430699712702915,0.0546341493759293
7674,0.053342500761261624,0.15745186080264537,-0.001957818143408757
7675,0.02861334108911138,0.13206291936342587,-0.3153343933010442
7676,0.05437749407981346,0.002501512273612694,0.06798799742658002
7677,0.031598436923193335,0.08573953600651149,0.0668387370520007
7678,0.05302100173297475,0.12173573653211464,0.10415457314540076
7679,0.07170818207631782,0.08609594228790632,0.07523276622782281
7680,0.07097308420479156,0.06488404377653227,0.09553828516866547
7681,0.045304011770216784,0.015748446599670052,0.07161324037416092
7682,0.015230087947965057,0.10405127770813388,0.029379143001959658
7683,0.0011051032953870443,0.01578247590173636,0.02118403467598653
7684,0.055215682905385643,0.09458710679194232,0.05649200702960591
7685,0.04458730016546545,0.0690582651515503,0.02799521027860339
7686,0.05125907463201466,0.019511668750716638,0.0076275454942863405
7687,0.04665668005131225,0.017771885585907643,0.08722233085658142
7688,0.05851582881626599,0.07527354977524044,0.0943824113203645
7689,0.047959206902413495,0.09248644775820264,0.07186287339761897
7690,0.0208724735977722,0.005483865902325968,0.04081122924739794
7691,0.07979638902956321,0.005773349101276948,0.013193475674744038
7692,0.07868054900537974,0.031599126566201896,0.05287349974433597
7693,0.009150411335676178,0.0647420059162058,0.006429288258559374
7694,0.05842337131954091,0.003800821798840115,-0.36466749409758575
7695,0.09829564790774023,-0.09882618879881973,-0.09359733180029986
7696,0.03440046823492135,0.0800411195773072,0.046301724795535015
7697,0.051919590173231514,0.05148320570646425,0.04072068440896945
7698,0.02902092038252242,0.07641283654383063,0.017674340284401225
7699,0.05306245559770737,0.08768222031817825,0.025737832061102018
7700,0.0658566322506104,0.017376884509663227,0.028509675920963706
7701,0.031336355557806186,0.16310775120594478,0.0970939964035027
7702,0.06175319325448677,0.07800629967309443,-0.16612190826660306
7703,0.04547642688850649,0.03334963616053164,0.03015691540070603
7704,0.034734843174797414,0.024941448899692308,0.02462931632449852
7705,0.0296965294454845,0.14116940324710467,0.03698164589774919
7706,0.015303240330396949,0.09950944689570967,0.046226822077879016
7707,0.05416711270683168,0.001918585329614675,0.008427401559502291
7708,0.06837297289372918,0.02898815907143917,0.029126256951391705
7709,0.032224868870818046,0.14073279215518222,0.37980734458325704
7710,0.05920631645954168,0.0939440852846138,-0.08964448778051476
7711,0.0515419119585939,0.05992275044529575,0.06476487448422516
7712,0.05176510770206232,0.09711534575546593,0.06663442148241204
7713,0.06013582351081764,0.15695641545997707,0.03420805417462247
7714,0.0460341174940438,0.18128413604779378,0.08229871244441485
7715,0.03731113075532573,0.05355528001775978,0.05087587698770418
7716,0.018589884136849352,0.049397691509608835,0.048199361767468245
7717,0.024118465561811287,0.011885141423395675,0.043800022190964884
7718,0.04042493395537528,0.09826742359290286,0.023730627004906836
7719,0.030562278675494103,0.0636950386577478,-0.08504574925296654
7720,0.0893326467446263,0.07174937646930418,0.05235141566544576
7721,0.07500942543092101,0.09881400957330956,0.0870716553760349
7722,0.05315171881144505,-0.1195776366903824,0.12442587584497503
7723,0.07048255534675946,0.09775782441451035,0.004871613659220054
7724,0.1488918175226694,0.020237056520871113,0.05504386864431972
7725,0.06593459197580702,0.08874719735286744,0.022744081852313715
7726,0.031096290605893924,0.05124902487601353,0.07739805834169976
7727,0.059434334789743914,0.008329491286366076,0.08976208214058835
7728,0.013471454495496166,0.053004926851014114,0.09139432465990183
7729,0.06341221100050982,0.059021790645700345,0.053582416948855766
7730,0.047179767608475844,0.07377189564018062,0.02542623343697599
7731,0.08618191204215045,0.0775650590058325,0.025822122925450965
7732,0.09292498991977202,0.02307202266324231,0.021945050397243884
7733,-0.0038572360555446106,0.006344171783347197,0.08420718600769728
7734,0.019905236798303333,0.04331767443265587,0.16533852456933695
7735,0.07190853020152693,0.035695744453142164,0.05431107846802204
7736,0.047500635293375094,0.05142952325817001,0.05416114402433142
7737,0.0,0.059852265482827495,0.09715011676635535
7738,0.05519295807239432,0.054221580994708245,0.028460835959575714
7739,0.029209590740352273,0.023372097710705253,0.04102557125296741
7740,0.06155166464274815,0.04136960953284206,0.06597282444328043
7741,0.09889450722098389,0.06486901696436496,0.00720733221675719
7742,0.05103476791360967,0.05348742399145311,0.0477276289233797
7743,0.05417425992921785,0.07231571802148841,0.0036285007108055826
7744,0.05926488490633533,0.07016712815307523,0.0692486478075145
7745,0.031684898031072904,0.0568219040694857,0.05222077611601248
7746,0.06799204080116389,-0.057481298233857635,0.05246586571932413
7747,0.025298553152987825,0.08270966138905558,-0.09818881323872124
7748,0.08207350916151661,0.1576657541622507,0.6324901675307545
7749,0.03740597684403987,0.022320777268917725,0.08341244634053332
7750,0.07340654162293248,0.06478748570053124,0.007134545763887068
7751,0.0718781230714975,0.07728988173672396,0.03617391855589837
7752,0.072788540007674,0.05744886861291756,0.029960505900621548
7753,0.0,0.09906406213409448,0.03368196449155899
7754,0.056162345137032534,0.004704552200267154,0.0895862286956162
7755,0.07017598198532374,0.09884574680919976,0.09045485113226821
7756,0.04474277798800319,0.041273945441245824,0.06761146716639634
7757,0.050680642833337,0.012919269563879935,0.02510651492908202
7758,0.03548858877581858,0.023647658579859107,0.1556301526223143
7759,0.04316237184027013,-0.3917062591030448,0.1433490436334726
7760,0.05382801010935925,0.028563448735290476,0.06976246171561964
7761,0.055202748474710475,0.07343936056063255,0.007146967034411301
7762,0.044599317906481195,0.07622167377466482,0.027651481660076006
7763,0.061041658962715115,0.050554943345671226,0.026016482155040634
7764,0.03703738458736518,0.05056224632353373,0.05520137572831482
7765,0.07005661256402088,0.0837453755945425,0.09520871302835542
7766,0.024548921810348675,0.025222028865424163,0.17073057469008862
7767,0.07716454282628554,0.07096821753489509,0.0061636688151966434
7768,0.028722414200191396,0.11277756965841244,0.024914705946753435
7769,0.046909107867361785,0.001942008575131926,0.004017847360467608
7770,0.05462383506021897,-0.06838352326124521,0.07788231174725685
7771,0.03879906916447093,0.08149808089171598,0.08464545142783754
7772,0.08527266873740638,0.09656502017105027,0.1670664098588635
7773,0.03985992062112287,0.0982175524446213,0.042546725445667066
7774,0.02308587135833959,0.012175551746094642,0.018547317366916376
7775,0.016034174464369482,0.02327640941713942,0.031035300224496364
7776,0.07838655199081146,0.05878959565525206,0.08763601209568345
7777,0.05976574917700416,0.10494937355106666,-0.17849540343148865
7778,0.061228115223683655,0.08737545284150885,0.06714934259576467
7779,0.01011387811108197,0.039264794631215905,0.015379723488664976
7780,-0.06385633742962744,0.14108294624192425,0.33475536492774993
7781,0.010930136153521132,0.06796067224059159,0.02247930685028496
7782,0.01800654612250261,0.02871353920381712,0.057376562533395105
7783,0.1545687615070065,0.048844334957512975,0.11320012679364638
7784,0.0491012829767748,0.013166877848048087,0.08166565208367049
7785,0.021243040803377966,0.12748701763099035,0.1960613692988833
7786,0.0728766757741958,0.09956772566105439,0.0864031623644859
7787,0.051899910516323394,0.015593113374934088,0.06819649517088432
7788,0.06893224547326787,0.1225447255237528,-0.057814551983729146
7789,0.06323997637025788,0.07881102556927098,0.07063278398183559
7790,0.05074933220765898,0.06771204154708997,0.002794498154955305
7791,0.040014793063064893,0.02491481838779407,0.034972097531702905
7792,0.05258056962335522,0.058814467026439145,0.06612223927630627
7793,0.09501656261008226,0.09523636144551395,0.004380085572826687
7794,0.04662050774224444,0.04101043233685179,0.0487150639731046
7795,0.05198152745624539,0.02336719611400208,0.035801574769662135
7796,0.060211403819774405,0.01772690136195799,0.07492756235848284
7797,0.0070297843238970245,0.009140501979302286,0.04403173391503904
7798,0.020756487765112887,0.06255700004727616,0.048471212805808475
7799,0.05692761809794614,0.028853304129757708,0.012901101372002866
7800,0.047236823308602356,0.04596794490293076,0.07115174539426337
7801,0.04316330898636338,0.036338912444274896,0.07299127625060932
7802,0.026532393237249246,0.03345882108449734,0.06978900994197576
7803,0.09546686627088516,0.03719116398275742,0.02316508135657306
7804,0.024331671556148102,0.09056539270326579,0.09479907294575665
7805,0.04983378492606416,0.058685410460446334,0.5843463341794621
7806,0.04009529148026565,0.034663470104556886,0.02885631397159191
7807,0.045092834197557954,0.14217433389491238,-0.19601939716552402
7808,0.022087511592852913,0.04379743103206048,0.0779555633617491
7809,0.03880075787068831,0.08139121230148856,0.06094547634046681
7810,0.09706793566607556,0.0706722098548953,0.008628159893516164
7811,0.026495919311564132,0.04996883425043194,0.013896095577880841
7812,0.04944193941039963,0.10063513512405,0.002118758805232801
7813,0.020159390036055404,0.05775961949251242,0.026297000633366364
7814,0.059356989344861215,0.01734835356823594,0.04303263738116561
7815,0.049314370611928345,-0.41270073755429754,0.1590299047949853
7816,0.04013469045502413,-0.14724128937218328,0.09081721456843778
7817,0.02041279721247624,0.04060700236238434,0.01865938493086158
7818,0.03643951308869785,0.022803495895111797,0.027055169053844
7819,0.018064283564670783,0.03349149174743931,0.09673455354617111
7820,0.036814751491480724,-0.11195944613333576,0.12311076149996891
7821,0.030322350434954157,0.08551135162225532,0.07649248161184191
7822,0.026342262562069323,-0.06675825690632284,0.02449599286743437
7823,0.03279231069355215,0.04232344898599341,0.08763300321702314
7824,0.07272619579831681,0.009459370112130062,0.05489836524674259
7825,0.06386925517343979,-0.0252230753122828,-0.03454053498478326
7826,0.03429648122826137,0.09948877692291097,0.08644801053765315
7827,0.06974360994366426,0.04785260075072802,0.05181636383316235
7828,0.02350390655033516,0.002351556236031649,0.06485962597976686
7829,0.026220641468316545,0.06249798575383545,0.013993672521922386
7830,0.06582807134471062,0.09999034029666652,0.020939292144057153
7831,0.15948961424465433,-0.012591177913636772,0.09448242832442327
7832,0.09205586489067154,0.07521958894652665,0.09789775356737009
7833,0.01234023548463948,0.1319434115904284,0.028590488709312436
7834,0.14693664900202866,0.08075104465169497,0.04787725635971715
7835,0.047709195633178596,-0.3344890704190826,-0.08817126358662987
7836,0.05353217983351911,0.022858892967737465,0.08303946114910433
7837,0.020669044622162153,0.06091024535107972,0.018838452282635906
7838,0.019320707367318286,0.028477222673818393,0.19684491813085267
7839,0.06118700687678047,0.07250442011831235,0.021361991320285923
7840,0.07901807303548232,0.04003471362993871,0.06697125775609751
7841,0.0602112024527847,0.09378616144148781,0.06721157893421696
7842,0.04319629588120667,0.03424971917373909,0.08962479780088133
7843,0.0375034726066439,0.17560777902134825,-0.6714287989943567
7844,0.06780268863475367,0.015446074464128712,0.05292221984998346
7845,0.017563956428121467,0.16475519876385375,0.03424003905125146
7846,0.07018607697928458,0.005849923288067838,0.09091744362436964
7847,0.0158719054080732,0.04673502895489941,0.037325463814272375
7848,0.0703109867935947,0.09318748336453392,0.06990883034746309
7849,0.057231347573310005,0.06085014814406721,0.007955853087056753
7850,0.04058111472512624,-0.1705248513911488,0.06504935864927433
7851,0.02068536470861804,0.019856556249777606,0.05749646785188492
7852,0.07388230751343078,0.19058877802415486,-0.007141525219987052
7853,0.0767070882247943,0.027866762262741943,0.05375548729525338
7854,-0.06634734573382921,0.05311436525418946,0.07085562143509914
7855,-0.1662138900409603,0.028476879715732806,-0.036057671855571224
7856,0.021940776997353383,0.09604160806770373,0.042491194977266146
7857,0.0812156202997534,0.053380627719141927,0.06666284050632522
7858,0.049104498339860414,0.06174344214433647,0.2618169430373255
7859,0.07147594932115907,0.10711649304889491,-0.31526670288947045
7860,0.0653946607307738,-0.17685983812652162,0.10355654768398043
7861,0.08236343260248145,0.012548529249858609,0.08740261760851536
7862,0.06293976234292946,0.0944913884875162,0.07275149610576596
7863,0.07306965941146881,-0.16192269469681841,0.14300217447862398
7864,0.017941310866160992,0.04477473528905427,0.0632279848075562
7865,0.07755576525196893,0.08084381509058777,0.016167755704714404
7866,0.051720700276558805,0.08318295181871338,0.0013993594070969007
7867,0.0923143623631009,0.05352624121909995,0.046551714470244566
7868,0.08131213136693033,0.0476338189604832,0.07716344394976891
7869,0.05394247817894285,0.09943203442063381,0.014560500354627193
7870,0.04013770864854073,0.06357983237019614,-0.0094081759875752
7871,0.044795965765932005,0.039979423776130854,0.06552058488967191
7872,0.06417111363298436,0.08876180495509488,0.01012350675806406
7873,0.07652975404565752,0.1334806304080683,0.10780468114080724
7874,0.045594880268809285,0.025924601813811555,0.06980293965968846
7875,0.03149968202320598,0.022434784605098942,0.051824853543420035
7876,0.05824852066939737,0.09044449595350018,0.06711622867780687
7877,0.01089920735315002,0.04892849592055684,0.022377404119209215
7878,0.027900607278109103,0.022146602390492542,0.05938726132266989
7879,-0.015229526248223713,0.09851216789132683,0.09184490996066444
7880,0.06059749049589798,0.04901986375431533,0.07706527654665918
7881,0.06296841135478459,0.17438545887574675,0.015114520772204099
7882,0.040389189563953785,-0.22500325751574715,0.020443609108592727
7883,0.02584107138477441,0.01762827492870367,0.03940469182359555
7884,0.030039351226780787,0.0026320329822190794,0.029632829323806967
7885,0.06686536677001982,0.015366254340694075,0.02849728893207243
7886,0.03296408607255702,0.015127394192254872,0.08504806739547546
7887,0.048753667477552984,0.028279400168516614,0.07700302574661962
7888,0.0443208591182992,0.05196310303802842,0.08420411234234754
7889,0.05873901381436874,0.17157114137080015,0.12894293263196968
7890,0.058329036517590374,0.07285608863421293,0.04620427476631427
7891,0.05545514941954085,0.09702087067570651,0.09050483632568854
7892,0.031055144789099532,0.014397678834909111,0.07317624989936657
7893,0.015687525195550094,0.041114628450261446,0.011852885048244126
7894,0.03116267130444374,0.04869924255810354,0.003718138567058538
7895,0.024229471055870744,0.02815420425350658,0.08547698364967089
7896,0.07764784289115417,0.0683299477824081,0.00911847341841504
7897,0.06042252668562829,0.027878373340419194,0.0077205752607494744
7898,0.02601640308091152,0.09612563121848519,0.023164290944460163
7899,-0.15789846509653885,0.1937983859044709,0.08287778143523639
7900,0.0041990410725771116,0.0762940179478615,0.005249132407735813
7901,0.029591794494618722,0.07360254783726645,0.0021820062474602886
7902,0.04540587875246532,0.03467603117440399,0.04182083067777939
7903,0.03842309597261589,0.015019249137878022,0.0668976519511861
7904,0.07920997698679207,0.01140389969318264,0.0912524893166609
7905,0.013470338604990698,0.030769135972050457,0.12342294304880841
7906,0.013619242470590688,0.025334154299189574,0.03898012650987736
7907,0.0693947545057975,0.04020743094381385,0.0643726304942995
7908,0.02580405989551559,0.014808988103263443,0.05687194899177225
7909,0.03853135369937699,0.011469649019181807,0.10096648696875504
7910,0.023353100559456587,0.009093145057577079,0.022618058515099373
7911,0.031150674494374756,0.08433587196569578,0.0949569603517053
7912,0.03896734902077991,0.034203350223281505,0.020429658908461712
7913,0.04611042759738916,0.029430455272020817,0.08894731143776752
7914,0.04035446900187844,0.01502193808096671,0.026473084246225038
7915,0.0,0.12802928380356127,0.02478237241777655
7916,0.060435581185191364,0.05834918221053246,0.05372009075014056
7917,0.08890205536563867,0.0781751040492066,0.0680997858952876
7918,0.03699911716443212,0.13036335217098677,-0.2140533203153711
7919,0.0677146496741452,-0.27421256275483874,-0.04437552434517543
7920,0.02820675259464049,0.0344203320584832,-0.07597166074427679
7921,0.03381636713290611,0.025397677972636878,0.15858634424867224
7922,0.03565718148239651,0.045433444331552345,0.06491681237305401
7923,0.040677478624100635,0.02456144019947214,0.0937276010205131
7924,0.058910027962567016,0.007772528245279853,0.06828935473866143
7925,-0.011487697519902154,0.01367506827231243,5.5281340400337164e-06
7926,-0.07291405450139113,0.047117591802863824,0.07184636862602126
7927,-0.03976939575222663,0.06712200286926696,0.03220002015327792
7928,0.011960295262925413,0.06609367600302735,0.028678400358623346
7929,0.050540009514038906,0.05250508332275758,0.03676175092015732
7930,0.025590263147295535,0.15883482202083696,0.02532820027749925
7931,0.009954516063795077,0.00899197853382815,0.018052562269696714
7932,0.04833027131816305,0.04676604442025126,0.06561332405292718
7933,0.04597086798580782,-0.010233470645766254,0.12309356735735691
7934,0.0020839969444763212,0.08033637239572282,0.019467985547186085
7935,0.016538297195945538,0.036197216454339036,0.13021604139688556
7936,0.0,0.006840863518113427,0.012238778287548657
7937,0.060527909983864855,0.03806285928857807,0.04041159750171891
7938,0.034888221427545774,0.07045803881629265,0.06215247465405299
7939,0.015164308067136974,0.015277252814187,0.035436899496915863
7940,0.026404113582050002,0.17883423443018365,0.014151879049080942
7941,0.1563089540055617,0.0025310596984014946,0.060730309537121385
7942,0.059187568000162144,0.013690176007406962,0.03169129706875884
7943,0.06559721150012748,0.08982235855154912,0.08667621796013385
7944,0.012030681163238924,0.006952237739736767,0.008177955289147354
7945,0.04854216010386948,0.05807532497751322,0.08462831928986458
7946,0.11960934742381245,0.0868893781062475,0.07785507947974862
7947,0.05474467492009479,0.049449774420331084,0.0017265494541873205
7948,0.04085158280166041,0.09962579196969397,0.09427970394287397
7949,0.06309827847449408,0.05491713880510847,0.05212776322083767
7950,0.05338518262763369,0.0536455930650353,0.07144099264987235
7951,0.06588340065399183,0.018257613769889148,0.09172074880131541
7952,0.025985877663625697,0.018249596087248323,0.025810247896070993
7953,0.05976332428660753,0.09626829156435901,0.0651255600941482
7954,0.04440920405071304,0.07168268920988934,0.046555266206448356
7955,0.045012733124588665,0.03071795310621014,0.07768202436693843
7956,0.04214393097323019,-0.1372111961993317,0.007698835955850459
7957,0.02562570146778755,0.021842905720729174,0.031338098021821595
7958,0.05038657401557003,0.09767196882884283,0.03144005790878488
7959,-0.07960145471661098,0.09122726439637169,0.02330527242453645
7960,0.028289203711169223,0.08476106639542957,0.022690132206023485
7961,0.03228508876463561,0.17131526170901487,0.018986346629638294
7962,0.03257386167960033,0.032749314971136825,0.14176318762749165
7963,0.03641262135289894,0.14355763087952525,0.005838181426449235
7964,0.029385230637211067,0.19056098149982417,0.022351219745101947
7965,0.04982552849110403,0.055512328168886516,0.03453651624475731
7966,0.024128861396987056,0.19597991146875463,0.36852496730715145
7967,0.041554924242892866,0.006298932056612827,0.024688407134275947
7968,0.03598783118922999,0.05907913270517776,0.014425877773905317
7969,0.022417111349255562,0.05829800940058322,0.03309958822646414
7970,0.055421674344295596,0.05301364758224541,0.07125563460726891
7971,0.051215220775938174,0.08974607613171001,0.0893896825676731
7972,0.030387518883316342,0.1625102375454548,0.12908541863317452
7973,0.021834506950089868,0.02805429477550502,0.011961940927911375
7974,0.04377319756296692,0.0684259438889691,0.025471289392188512
7975,0.05426535232629628,-0.09154838805645364,0.0034963163690396428
7976,0.0386155793619622,0.09342507949438537,0.017703482195517428
7977,0.02743475731538285,0.02153991494328912,0.027886991173024026
7978,0.15965597021779462,0.07114149753557245,0.0777512004509262
7979,0.0314493264594348,0.029981469069027575,0.15549168562415872
7980,0.03083872760948978,0.03955240383121824,0.12546993895252212
7981,0.027593165598626714,0.06673928000496315,-0.31857679779785286
7982,0.04306618377085793,0.08012386878481413,0.010086673047382156
7983,0.06142876368064547,0.12764361790453582,0.12407427355431762
7984,0.016337938220379808,0.011556633886997458,0.024163718975714368
7985,0.011227479432225596,0.06930468294253794,0.01747252800811627
7986,-0.0033469129809227255,0.01225714791799406,0.06500503148661932
7987,0.08377998600975284,0.04466299823918253,0.04883276659196556
7988,0.0769897455980755,0.08717706922885841,0.08502139710133245
7989,-0.042689154122917204,0.05355680722736823,0.03689978931824659
7990,0.04267686535721545,0.0191669438906404,0.0545144929080076
7991,0.009782102464615083,0.06791761100766583,0.06855962319011866
7992,0.0688834106877987,0.039913897268148084,0.04716575535903337
7993,0.016008052099605503,0.01863005908990928,0.061847398607752596
7994,0.018680690823375458,0.09974527278488377,0.04564749445723987
7995,0.06674899678234701,0.09142571723207012,0.03326877957145663
7996,0.02819412501926156,0.046161895346970794,-0.20034587968514458
7997,0.06762898186592675,0.06439514540708693,0.06813478075831624
7998,0.053450329602763365,0.03931519055221142,0.07769037697763644
7999,0.06482380714296845,0.01503861738122092,0.029581482628537537
8000,0.03736407555618776,0.0167063623147096,0.09809861415622534
8001,0.0586594724099308,0.035906971645734934,0.003063855001101912
8002,0.04003028512528327,0.021724755770974682,0.06362680619405309
8003,0.03149744946947115,0.15467950675194433,-0.15857279156718657
8004,0.03433533181594485,0.021869324263352464,0.018480192902476492
8005,0.025593995354955948,-0.07665992604938941,0.09229963093914079
8006,0.035408406019182465,0.07105443983969441,0.00011611272281091267
8007,0.03994667945184496,0.06740834314442888,0.06056681495592876
8008,0.024391862395268096,0.08600359100530153,0.04165806830448413
8009,0.0186824983979873,0.08424363396154408,0.09107971035151739
8010,0.0184853440778069,0.06026127724077878,0.04795395838447769
8011,0.03081020086866109,0.05444476590598429,0.03318523518781426
8012,0.052363196337294214,0.04359225463258573,0.005419395343376487
8013,0.09663682189314199,0.02732900379008618,0.0869786701687586
8014,0.05445966492801656,0.09527738552358456,0.02731582844248246
8015,0.036773814902297246,0.13501215849994494,0.03150576998863012
8016,0.05552194012570827,0.05883255898033479,0.1433537592442512
8017,0.10476371495514875,0.13687233119962788,0.14777277698555583
8018,0.03296652397362951,0.0167483847954357,0.09507789291439679
8019,0.03996520592444049,0.09985983122195663,0.0743071943524407
8020,0.08722384010139389,0.006033704552726105,0.020998165811953753
8021,0.061447739380665015,0.16116272318491687,-0.006935774839234771
8022,0.05817491446519747,0.008179802493636657,0.08683659011349706
8023,0.05253113937283717,0.07075960530890939,0.05319608546667635
8024,0.05710257918338613,0.018859946797280425,0.09005068592324098
8025,0.037115068852519105,0.1003830575921249,-0.03022961199839641
8026,0.08517126765759957,0.08842986889974119,0.035130164184615155
8027,0.06472021850684916,0.006585162889428842,0.3050608128554421
8028,0.06738991607349662,0.087089956731958,0.09250431229908233
8029,0.034149224041694015,0.02453389847140748,0.07097366706776943
8030,0.059241257734634054,0.07313572082772389,0.06007992301308143
8031,0.0383773166874371,0.08501840040504192,-0.025394002898150386
8032,0.04095547121582661,0.09252489301539625,0.0032311695798506236
8033,0.03605441403339242,0.07992839425358522,-0.527392080565728
8034,0.01516137605921973,-0.14909175398295293,0.017475082417730593
8035,0.05746818434153926,0.1854006788590586,0.1501374869100308
8036,0.02767346448140486,0.01996322628653254,0.14101172019032415
8037,0.05304613267054348,0.05508290659400592,-0.04787250323098445
8038,0.09272925869506529,0.11136863407515707,0.025323948715388636
8039,0.054967176070657674,0.07360876585227112,-0.04057788978153315
8040,0.044370689683650856,0.058163708239287175,0.06607126215706348
8041,0.03219809215056184,0.0832157163286069,0.02395509975044706
8042,0.04892011203604775,0.04055569352820311,0.08229958200653256
8043,0.005895110227368404,0.037149063937401076,0.004405837164995742
8044,0.04616399039347241,0.0201370515714008,0.0026955261736463123
8045,0.1924190746091945,0.04137213843292884,0.023349695604007504
8046,0.03548475430107308,-0.0666838462460545,0.15369717615441436
8047,0.041305951558130556,0.017277532882900192,0.015280243420531893
8048,0.028762910123350357,0.02932377544564231,-0.014320137121340115
8049,0.04968526359973783,-0.09948512855553181,-0.12617136305163246
8050,0.06900804012298932,0.25428720784157155,-0.2391843562927121
8051,0.023403847522114857,0.018098925875717896,0.007617917220297546
8052,0.06369069305632878,0.07624859852262594,0.050577822340743456
8053,0.021519658882256078,0.014342795503839713,0.11598808351616326
8054,0.022621429966214225,0.13931585888118425,0.02240399114299132
8055,0.07221886601105329,0.07086265882951216,0.06248477325654461
8056,0.05048043079287679,0.07382700965347526,0.09586710711190014
8057,0.06425651647448624,0.07524155798223445,-0.3882378021457066
8058,0.08505225200881482,0.012491299031151893,0.027366316121213697
8059,-0.008916712147727227,0.08162080101607838,0.01786820346561464
8060,0.05378824418706623,0.0422242812703135,0.0016705586766191827
8061,0.029612376137234248,0.05726460008974535,0.017923991860384018
8062,-0.5043633580940412,0.03654540100228831,0.015874498088854928
8063,0.04538831241036251,0.0981609551211284,0.02999434444712562
8064,0.029959099052505895,0.08979985156077513,0.045743134791126974
8065,0.2672817006839581,0.023008981492840155,0.0535036884691055
8066,0.027812155153516382,0.06630286472682138,0.04098791144247252
8067,0.0675646325367606,0.008017769474831215,0.033800378661279676
8068,-0.10411940830439044,0.07044192352424335,0.19599062133377726
8069,0.02757776300725839,0.019924120453023664,0.012083310486162591
8070,0.05077437408051907,0.13867747050390297,0.3455953469115045
8071,0.05295200128615092,0.06176406045371054,0.00404508375199325
8072,0.026706392068576633,0.035801081417154594,-0.4367259864479336
8073,0.0943769262263946,0.16100139869819613,0.1999459814804324
8074,0.053710753610973105,0.07695170416794478,0.09196406831198457
8075,0.021594212978963835,0.01694896829830388,0.04486552822737329
8076,0.02640990703335997,0.09802236377892537,0.05851386906027565
8077,0.06385922304304983,0.06467578459522298,0.09720937641567162
8078,0.059039932412184304,0.09386194843592226,0.052408360942979154
8079,0.0639304297609374,0.05708770309905695,0.07422518273321237
8080,0.042569538756314765,0.015440157410870847,0.03826747175587611
8081,0.029561801537779705,0.08936533160961702,0.011434096497433455
8082,0.08451263294847208,0.18889188378462712,0.2233162610219604
8083,0.044653723141827396,0.09247091575237547,0.07353463622992368
8084,0.04970549801653606,2.352752291263638e-05,0.05763045940751769
8085,0.06758198786979193,-0.108505356636808,0.1884365908504666
8086,0.07235926288953522,0.007963953390707391,0.004064318495948816
8087,0.06014761452359281,0.005795812745306064,0.02739308027727655
8088,0.0887940066119752,0.08499958672365321,0.021867111006521445
8089,0.010028263605682805,0.029247588398897274,0.0052390017984242036
8090,0.0702730822285493,0.25257886595784584,0.02834494788125688
8091,0.042068496211582276,0.14429083331090145,0.4160605239652604
8092,0.04771124120906393,0.053637943114195744,-0.09894977961922789
8093,0.030745371902004458,0.21491690436263583,0.1850961248697486
8094,0.02038314360788845,0.030772272851798555,0.00594168244704314
8095,0.06824080150634616,-0.13693719696452866,-0.01528810271626918
8096,0.05834277917379856,0.09068537045913888,0.09905563904572089
8097,0.03079650110768978,-0.15645022781642084,0.027710179842270893
8098,0.041359878197259704,0.0979547937154222,0.04260511432790048
8099,0.05723507104865075,0.008411407438897667,0.06272615866928268
8100,0.0736773290629558,0.07334448394664342,0.021527430362576164
8101,0.01930089989113121,0.05342833501854297,0.023919665922189734
8102,0.06377043283212755,0.060821790900237586,0.004559804226940379
8103,0.049137871085366255,0.03389002194224401,0.08863636390429805
8104,0.05151924072228703,0.022837950670684327,-0.36141567741717306
8105,0.050448312070500996,0.0924893897666615,0.02746897067246227
8106,0.027892542322582238,0.14528902839566935,0.023297069831334644
8107,0.022608600559059083,0.0005287016604604844,0.09963437104185124
8108,0.044130841689105374,0.05292680700625636,0.01984935038783603
8109,0.01851930328929162,0.02267076937156375,0.10237802239410808
8110,0.0876264855735354,0.08538374580419517,0.05085823024965365
8111,0.0501550018370547,0.5694571055197559,0.06338622264397867
8112,0.02875327536989532,0.038455087924385345,0.04152721692889934
8113,0.029313977055948088,-0.15713221056072846,0.18299380074869254
8114,0.021125982291513454,0.02276311556454476,0.022989370640965803
8115,0.024213396278511913,0.05050652273800049,0.0192702713667846
8116,0.05098020641723725,0.08826135565119125,0.09768841026220898
8117,0.06948681237932358,0.05264236649448826,0.08517732060987504
8118,0.06585985259219765,-0.29340706175115966,0.05303863332042638
8119,0.022052471786670202,-0.10930573308180953,0.06261632079182995
8120,0.08044488163121094,0.4867380652647409,0.11938442709620123
8121,0.02236487767492004,0.055577324077551296,0.0985457222059741
8122,0.0,0.059402530714230364,0.07926780523031664
8123,0.05013274193605769,0.07990974106237007,0.023934831025640313
8124,0.013578847775005546,0.06513496909250004,0.06161341204366696
8125,0.049063296638551294,0.17057223518384684,0.27585999777235726
8126,0.05597702892340153,0.03774793922061499,0.04836896272273379
8127,0.03713600035917829,0.05357190141279538,0.014676928458339615
8128,0.04415401815958787,0.03076917849654809,0.07288171362691404
8129,0.03444881544143473,0.07277683110749393,0.07994937016480876
8130,0.08082433657900556,0.0634659347680052,0.007065573513770018
8131,0.07378595055527805,0.19744410190865436,0.2424189531930625
8132,0.0672301961353356,0.05719181515751225,0.08309344882991926
8133,0.05555020239548481,0.07177553249942992,0.0012664636818484844
8134,0.1686205190008318,0.0627279373802717,-0.03002158302733464
8135,0.05791283588722906,0.14593381537364555,0.141268030359996
8136,-0.24957706333333446,0.06233105232283614,0.030423487526052007
8137,0.061249117894981046,0.07608070908362202,0.07940182923404702
8138,0.06430710367186815,0.015330425249296765,0.04948611346707287
8139,-0.18553155809765767,0.0616640271808515,0.15939170810087727
8140,0.045639700855487506,0.09858759060640555,0.006966107353056273
8141,0.026400074778844554,-0.10547690244173873,-0.006303359633414343
8142,0.07045912384173564,0.03736619200411604,0.1386643285757268
8143,0.046859324286470334,0.09428303246976179,0.027358830901445853
8144,0.08715370458663196,0.09731027740667798,0.017354218992491656
8145,0.04994733878592008,0.08963794931888795,0.05899725850389244
8146,0.057706654703551415,0.12006659367943354,0.2781096338690713
8147,0.07154164244287385,0.18847273910945836,-0.18042765828297438
8148,0.040946317132084194,0.06127435347114838,0.05843876047127934
8149,0.05534482299659781,0.02031579924628235,0.0467089444500996
8150,0.06495704819420965,0.0438293414445174,0.09476995959598089
8151,-0.035348524546977136,0.056551589766689225,0.0328102674702867
8152,0.08951840033921737,-0.10945634034805486,0.12195397275865015
8153,0.0828724300427013,0.08952610426864478,0.06900466290102669
8154,0.040021699411160926,0.6536817511021598,0.04521032859283909
8155,0.02477350275852117,0.10666654076838449,0.05898803277912284
8156,0.4731234642860284,0.006125604773270377,0.04205465425169232
8157,0.068392784707755,0.013363005492685986,0.07409425390155026
8158,0.06006532909146909,-0.4621982184154353,0.21665775770018442
8159,0.028421811544283672,0.07576217858285078,0.0058049432415894775
8160,0.05043648731223246,0.03579568957613011,0.06988922576015114
8161,0.03407270100814045,0.04011451038931371,0.01353996053117581
8162,0.07805159484135485,0.038345770601890775,0.0206607008134607
8163,0.04945541098885367,0.08245285748995096,0.038227563544672605
8164,0.02614420773697808,0.07157721295847562,0.01538697866624894
8165,0.013209199283891894,0.06785791553090097,0.19846437272991824
8166,0.07105294470532005,0.2695908161935142,0.09253797406360245
8167,0.023529520591511026,0.08735978297526532,0.03899131645136636
8168,0.07152425202455814,0.08147438905746493,0.049177603570813994
8169,0.052319422864314395,0.011379580815528501,0.01398723700745812
8170,0.0830833309029515,0.02790412693993527,0.06956918518397148
8171,0.07184625528353004,0.0788239858770506,-0.1599375308736113
8172,0.058483550335949944,0.01568247692503513,0.02275346060405549
8173,0.038947288041365956,0.013079984607284857,0.06903927833356444
8174,0.043559393725286125,0.029143094339870546,0.0759044461339923
8175,0.03569057552273926,0.06493121379337398,0.05121557370517345
8176,0.04621461415955358,0.09082782909827189,0.08340697477890074
8177,0.05468201649274251,0.1288854325138845,0.06776432623014997
8178,0.0568866078629654,0.1616812811420718,-0.006640138751444799
8179,0.05760397426938446,0.09903652291675774,0.04659706800630571
8180,0.047311697171350864,0.05702147928016606,0.03534631334547426
8181,0.0722532360002534,0.025508718836011825,0.021371714392309206
8182,0.0629854513444616,0.056378067069671814,0.05904332416292714
8183,0.013831000884352102,0.033406156829700426,0.08353559832825759
8184,0.0959681774907394,0.0639612784186421,0.014940060022553592
8185,0.03976092548571092,0.18929177174197998,-0.18374617209665248
8186,0.02709871260672143,0.06914901511109442,0.01373354402233956
8187,0.008901556894627086,0.038416058453498846,0.1361813632075661
8188,0.01428764126217886,0.026844019765280534,0.02209609977170532
8189,0.033814053713617065,0.0762132890380643,-0.30303149003465074
8190,0.03927990276651331,0.015853099583473685,0.02507127776678926
8191,0.04671818997378706,0.005956768770539889,0.012927458360434785
8192,0.06151828941581182,0.03994535899420342,0.06641437901292017
8193,0.04926909223949198,0.008922662725256925,0.013478657997050293
8194,0.045105665777899866,0.021810703720543025,0.04260463332965811
8195,0.09955807460529227,0.08052597629641584,0.09404010728401138
8196,0.023639552526594425,0.0232138425897906,0.11199844683399546
8197,0.01672433773342498,-0.0735303336929825,0.004383676480341281
8198,0.03594555492699298,0.02178671094261534,0.03437482888035485
8199,0.053262251322197474,0.09196732427648235,0.037837392772501754
8200,0.031129680008090684,0.07187519828379667,0.03220593891856207
8201,0.018335833039630406,0.058900658276456935,0.060996950195416524
8202,0.041464805025675164,0.08255278468768806,0.03722856444943473
8203,0.03979177620069379,0.08300498845327148,0.05305052431437623
8204,0.03988794625012328,0.07366742699138921,0.09432619068012062
8205,0.0459680262966123,0.01284274908394858,0.1103050793808513
8206,0.06268210957707601,0.16625747920214423,-0.1966698506767104
8207,0.014650550717427307,0.037304310793778384,0.032928984995383125
8208,0.06287273307369992,0.003368685780790737,0.012153802650394674
8209,0.06915066296412987,-0.11229223069969009,0.06496290370448281
8210,0.045708369194519594,0.10837690462612454,0.0715407357705056
8211,0.05159409370039936,0.037766837212355936,0.008514843030179376
8212,0.06804908320336911,0.054324307397076776,0.07870218629863601
8213,0.050612671734676255,0.08133352119924914,0.030340112399888732
8214,0.05396848840860472,0.09217838992131806,0.03101056405982268
8215,0.04429417414201646,0.0392662024555889,0.11205548036867441
8216,0.030298204026328334,0.03636118919897803,0.00874351739876882
8217,0.04253185701653804,0.0172900204118013,0.03737685465223866
8218,0.041257681733578036,0.0019454417243360612,0.007899271140302434
8219,0.04440678010135873,0.07360027253620192,0.020138682582197642
8220,0.03953090623619273,0.07187901719874805,0.11496123075862094
8221,0.05673936377670628,0.05447972707425001,0.06303919702922335
8222,0.028824036967573696,0.07343992743511679,0.09062985112601957
8223,0.03663852304333049,0.17782205728217845,0.019012855443451198
8224,0.036427483398517015,0.040872756901599507,0.04447658778190013
8225,0.014633741369840622,0.08344161261348253,0.04760987474282435
8226,0.053327264015879984,0.07616850009332754,0.07693157075356225
8227,0.04432964706959249,0.00434169613208478,0.18754850366822284
8228,-0.004892602883268746,0.08973832122191762,3.617850671669975e-05
8229,0.0017507937926664497,0.05713959374802174,0.03072086868535955
8230,0.02528014475909886,0.0522707379949809,0.03393126323918964
8231,0.01320036869570703,0.09705063648249,0.005490070004236469
8232,0.06426018405557478,0.09108822951470441,0.01865681343510969
8233,0.019308616489616848,0.18583996013109338,0.017032412749467707
8234,0.030767956177144618,0.053166834826620324,0.09353776179809672
8235,0.03751889163982035,0.06474385842824237,0.04297419723270347
8236,0.04988927237360697,0.01756797684284537,0.09292984206588734
8237,-0.18389759495243102,0.16187879271166125,0.1987348815360533
8238,0.26970879843815565,0.02896953486271885,-0.044337254223481386
8239,0.07724277005867286,0.004532712632991975,-0.3284263694802753
8240,0.03960934149898035,0.09041353570908192,0.01814919251466369
8241,0.05180596648571931,0.030068466825428165,-0.28964057076025196
8242,0.04117890380743661,0.2671284579962554,0.1953994972864685
8243,0.04297065265015188,0.07838792881790799,0.09880768677581322
8244,0.08074545003193509,-0.3098092446884312,0.17347744615749452
8245,0.05594513931816266,0.07619377058496558,0.09575846780812415
8246,0.053590626561594856,0.01851902997820767,0.06710883465441388
8247,0.021189597527394334,0.05432394118334299,0.02271103993083802
8248,0.04619366265628064,0.05111477112845804,0.05185982188194971
8249,0.04166686897666676,0.06450661531606343,0.09867773528395202
8250,0.051618314555768485,0.14951036038698584,-0.11750820364866427
8251,0.07234056540758756,0.014428218872772326,0.08146450652574026
8252,0.031758979137992326,0.03078636388212426,0.043609261076169505
8253,0.0637068854944028,0.07088996407737454,0.023476004824444743
8254,0.03362281448798647,0.030600930720515642,0.07589992820300828
8255,0.011443176590802455,0.07941734421437222,0.021330205129262494
8256,0.06608931227722527,0.02593324567327774,0.01780472662183381
8257,0.03745371939557483,0.02579177376719273,0.195411009089162
8258,-0.18043085291991284,0.13295575034716817,-0.13451962015675367
8259,0.04272528414163233,0.002340719441793615,0.06662914447735951
8260,0.014282334127772245,0.054991087259346955,0.0022150527043864445
8261,0.03265616252881183,0.01800248068986039,0.09667073228434293
8262,0.03021405984287002,0.011371762901251414,0.07060417566078511
8263,0.05969005280798627,0.07751856962633882,0.008931716058922868
8264,0.06369985949831455,0.07127739187906557,0.08603134837339184
8265,0.052252020568473403,0.05277090502434989,0.01853659787679357
8266,0.07154408964196403,0.1997943112901217,-0.0166894106083635
8267,0.04787175976814149,0.042760496881850074,0.09933689800464435
8268,0.05024309065456389,0.06337485305312311,0.03479376175444343
8269,0.06691631947363486,0.09551998404416992,0.08468298643146915
8270,0.054110522290458866,0.005613540984524635,0.06027786697293123
8271,0.021784798963788817,0.04667710900953072,0.0326371352243806
8272,0.10901437621918464,0.03939811913641305,0.09368832583846884
8273,0.0843223163665259,0.04247785848275692,0.2125302196960394
8274,0.052525323161629896,-0.1594392082091678,0.16448480919377886
8275,0.015849851098025322,0.07570220398088726,0.004911905163047581
8276,0.06504196705132465,0.044495489151934055,0.023480083741358262
8277,0.04814414279293856,0.07648564467433049,0.02662591069303081
8278,0.039394725402366985,0.0074470090297668705,0.000518640073514165
8279,0.0646750315480693,0.05145225733312225,0.09622167834765598
8280,0.03781894779050765,0.03531273990118313,0.07721503880090697
8281,0.02927547724032278,0.0246607274139232,0.003491558783215343
8282,0.006271711879820931,0.03520192435944554,0.04667091915699691
8283,0.029365537683740436,0.044195774895507314,0.04500377816159408
8284,0.04671675338948004,0.0451411137361927,-0.28878674248624164
8285,0.06447499704508067,0.06326585845528397,0.0349195830366127
8286,0.07072917688295667,0.05957662969313187,0.034307632286234006
8287,0.04913653883344643,0.08177006431567345,0.0863605564521842
8288,0.07529340914137284,0.03496715362402293,0.06916512071730808
8289,0.03430783032247662,0.08347283744266219,0.06588119177353063
8290,0.07109363219941121,0.03636060162405843,-0.01513602918789135
8291,0.06560847229761814,0.060886665683519484,0.03190276693160194
8292,0.0293882666456397,0.03915135628281054,0.061057598930191165
8293,0.04737591821707196,0.023469006512958683,0.17643503433276897
8294,0.040384069288655025,0.017374645625705756,0.07034878033493173
8295,0.01106946401540411,0.17003830237796563,0.03573590724560617
8296,0.04246713660016715,0.054905087487203665,0.06599929647178131
8297,0.04334126098992007,0.03531714701074861,0.03687626945550422
8298,0.08384586093542214,0.061041091827069724,0.17747939661318574
8299,0.05849603022542072,0.07281229781491852,0.044247881010379686
8300,0.06590145230643743,0.07563154995866973,0.061215588843410454
8301,0.04357137989898674,0.12029342159961387,-0.2802041178973369
8302,0.05364150804520594,0.04662284214638637,0.01132733461368516
8303,0.06087325673239745,0.0999654924458944,0.013442888233626238
8304,0.011374091742529804,0.09370915110133987,0.05261343846616276
8305,0.06988050823157929,0.17298801427288424,0.19791194116212354
8306,0.04814773244586176,0.0694498688121714,0.028102713133934754
8307,0.0029540640033092203,0.0770930181937385,0.045705082594139704
8308,0.07115274910201305,0.04804435417413499,0.012728029047201474
8309,0.04321147413422633,0.04544911112147344,0.040214356267311825
8310,0.012755457824910185,0.027371029075200153,0.07825528569551954
8311,0.035739532649479815,-0.06747443637944578,0.01274908429290226
8312,0.07364844354056074,0.030940601595369346,0.05837920620067049
8313,0.05198418479844665,0.014349074538362684,0.08990338777572532
8314,0.05537263341205464,0.04533075093517389,0.08071446762010398
8315,0.06419916920846587,0.005597682377644287,0.058228120018330304
8316,0.07086264155479252,0.08327882386756483,0.03144170922540943
8317,0.0662504263850867,0.0967985320799204,-0.12031427888048023
8318,0.050839771323603934,0.07779143953184704,0.1246406316050403
8319,0.06859055542175403,-0.021799214704410715,0.16790556340458707
8320,0.055904295481431374,0.04316796055230429,0.08151851539828847
8321,0.027255130476547516,0.03291336307898323,0.06625172081999431
8322,0.00441999216215061,0.002592828715886834,0.024413643310069736
8323,0.09592846629236541,0.25169085003333036,0.10233942025278692
8324,0.05296564056373187,0.03279835986929273,0.006149145222048347
8325,0.08924513076104612,0.0994715524380465,0.09722076716165429
8326,0.022977881712224073,0.12030632171360663,0.04012247194435599
8327,0.07908957137985857,0.06400190064320187,0.011167512506800481
8328,0.0486833292362336,0.04601331162110035,0.03950238488364621
8329,-0.2005181865874144,0.1750631256405609,0.05100504333091231
8330,0.06607755255120311,0.035464829304869085,0.014481817009241615
8331,0.05588000233344572,0.04360903409357794,0.07232865183386342
8332,0.04007367396427163,0.04172852951717389,0.013774980906075252
8333,0.02500975699854259,0.19186611332767653,0.04102478359171867
8334,0.19811548769470816,0.03907218846341959,0.05910287644475115
8335,0.07459165484271407,0.006200092045410489,0.08822865902667637
8336,0.03524813987520268,0.029662242881183822,0.18689108312954053
8337,0.06223687437569961,0.2485146334313052,0.0936822317821171
8338,0.04973406052328618,0.07041330361739162,0.0004750015375815431
8339,0.07107179723412163,0.09530455513535596,0.04876660640089697
8340,0.038111207852671844,0.05865675120848976,0.030533275457266553
8341,0.03540732712693506,0.02958692837651136,0.06363745700371008
8342,0.04463723387548385,-0.01777069995882649,0.027890130891963176
8343,0.06470084031207922,0.06240646669062194,0.03656623105960124
8344,0.06902648259301641,0.07793980578057824,-0.05313267830207467
8345,0.0,0.025316312718051716,0.07610620615940852
8346,0.059011947372808786,0.05055291172209403,0.00560124042461021
8347,0.033466172369715726,0.17252717995896422,0.061742179234370226
8348,0.04218079785005805,-0.1622007810351308,0.1544239729429141
8349,0.05941082429261493,0.0352362180405803,0.09458774044580703
8350,0.0721359465773941,0.031799065026346884,0.07493040608771716
8351,0.044871694241356966,0.08969460427724456,0.08706287555801578
8352,0.027947413295091768,0.040924605032732,0.04667764243605979
8353,0.04076361745221804,0.007411147574666266,0.058360381410977935
8354,0.023229798113934445,0.06588207192811343,0.0034772806920055467
8355,0.05144972761810188,0.02838362069183097,0.03176535987442345
8356,0.03367017797877683,0.11204825326558915,0.026466163429253786
8357,0.045640256459842,0.05906533224579222,0.022951495239058196
8358,0.04199865644767113,0.04967241325783664,0.0501970028446329
8359,0.10732298956552067,0.08266171807968703,0.06983712740732688
8360,0.0026077661186637013,0.026648571371013674,0.05784408255431694
8361,0.0604462686543971,0.06199740004876633,0.008563023231821221
8362,0.031582704270014944,0.09388640562733382,0.029358881388830242
8363,0.03167179106423039,0.04721691260730143,0.036278020979835866
8364,0.0514865962357731,0.12005202750063104,0.33252356680903333
8365,0.06230801870099079,0.006195970175930499,-0.34264310988102764
8366,0.014659596469491477,0.0848745694208452,0.05020947894874531
8367,0.03957598465299114,-0.1492699119136101,0.181838531519648
8368,0.1694197628273665,0.006242557683787531,0.06387808897257745
8369,0.019309978719953262,0.07595835427101633,0.01788824410172999
8370,0.05671893628115701,0.059058561966569736,0.008087191438377305
8371,0.039193269601734075,0.042390917400050854,0.08078324845331364
8372,0.07107651175122182,0.20414025287559479,0.08645353113321114
8373,0.07411298810208221,0.046627761516814664,0.042951462147765324
8374,0.0630460659296291,0.0755995306154005,0.02730372280169543
8375,0.05403731335069715,0.015936836397924894,-0.015346424465006059
8376,0.05632482015048047,0.06023409601354687,0.030979660995439175
8377,0.06896329154925544,0.09142905253908357,0.09716776804719017
8378,0.017213300106612456,0.0012157932614009549,0.07524994052667215
8379,0.06222741343474908,0.08777338961457318,-0.20966032562232664
8380,0.1476155795640656,0.012594809427185561,0.03768929956346792
8381,0.0744909425337999,0.09210978402836752,0.07962662075256843
8382,0.06613974091288038,-0.06068978981641196,0.07815640913850862
8383,0.019195897358290127,0.15969620798012407,0.038252518562068794
8384,0.0839539476527525,-0.14817677912799376,4.1638104733721096e-05
8385,0.032089388755343215,0.006584082182656737,0.06666399040243881
8386,-0.1256932855957607,0.10188922047828496,-0.2242705719256778
8387,0.04531884407257931,0.06493850674120104,0.03191565872681409
8388,0.03248330975400528,0.06721814222713057,0.07852278873422033
8389,0.052463778262876196,0.09687806309951993,0.05166350088336829
8390,0.053920759726024704,0.09520582719497231,0.05175990562059188
8391,0.01164875662739405,0.06345617769043664,0.041176817733605736
8392,0.0701538816259977,0.01866013539498108,0.06736085148342572
8393,-0.30887770199867,0.02977825859182619,0.041472239608727916
8394,0.005563755041326846,0.017408177146192156,0.0052583542640921655
8395,0.02713446597132058,0.0035034261354023634,0.17849462086019513
8396,0.03557393164576479,0.023333995858840103,0.08284174989604676
8397,0.054996275092587345,0.09426397456977967,0.06333771875431114
8398,0.03493847088999463,0.031439174804197424,0.01243622335506367
8399,0.04192111127963026,0.00907007868655897,0.05019302170670851
8400,0.07481462659068158,0.036260403039800694,0.07677143322892586
8401,0.07877812912009033,0.0656226726421794,0.0015248741341002626
8402,0.02259530251408705,0.04699745246749019,0.04206776031122424
8403,0.059807537581306684,0.022599612853650454,0.0985076018226049
8404,0.032132775212135575,0.027737465581145666,0.022802241227665967
8405,0.05759741286835875,0.0659263443963302,0.010218764361438272
8406,0.048439467678647666,0.08368174928120263,-0.054937815452171954
8407,0.04375074298934499,0.2921285004604511,0.16146218437910342
8408,0.03298972663351618,0.005285571234707809,0.08803663258238165
8409,0.05399422817053812,0.05988348499506775,0.021788203308880007
8410,0.06331356571983575,0.03406687838779809,0.0987746795774923
8411,0.04466024134837057,0.05601861095801857,0.016272849265448575
8412,0.03353085164207721,0.3925272334960539,0.02867733928746854
8413,0.029153084962656027,0.010661370794666437,0.002996741012262638
8414,0.03743394546727633,0.007558317074825172,0.010762086675394113
8415,0.06852752623696869,0.15325513907185748,0.15639256619662137
8416,0.020266293159347352,0.1781312116606737,0.024586457695594807
8417,0.03705504713633484,0.0028561765044220256,0.06820133360110064
8418,0.0,0.058465476185666346,0.0005825502383931313
8419,0.04997757174106003,0.0035262228968290566,0.018694246299314633
8420,0.07801007097361226,0.08656950915543865,0.06356586657768229
8421,0.08115475661941524,0.1251290386203015,-0.36761649092670284
8422,0.28696503493969716,0.18864065139860176,0.03853774241027059
8423,0.04743816859161048,0.00656326429087949,0.0884869181549194
8424,0.028939251935274475,0.004830598990006353,0.11954184964996546
8425,0.024282934093143898,0.009369167639258295,0.04577743094111495
8426,0.07803807866327578,0.3548293992032685,0.06332652564406771
8427,0.0620812213698308,0.08420264387254675,0.08104167371638399
8428,0.015694263153315367,0.046189726080249294,0.15310018844194198
8429,0.03802298883098684,0.004101055565368383,0.07515818003180648
8430,0.017474904414836803,0.06944521295515609,0.005787500184933715
8431,0.051116490888079465,0.14586066498125883,0.09647177627815776
8432,0.013064295576666628,-0.18056964750022259,0.0811028654449924
8433,0.05834035196587417,0.08571281052936286,0.035648642606298346
8434,0.17749129760480192,0.023508447478969664,0.035651496887646066
8435,0.0809007830625608,0.05572542775393004,0.04595019294563971
8436,0.028063024217735093,0.17082077242888097,0.11037642270634884
8437,0.0852305743433984,0.0507582658271893,0.01895332949787828
8438,0.04704803902724084,0.0627285735601935,0.05700686516825523
8439,0.029815827125379057,0.09352746780347142,0.023403794588980485
8440,0.04669996857461967,0.08921985961379103,0.040330922090892264
8441,0.03798608990683318,0.09413587998577945,0.09027292244472357
8442,0.017531328665650776,0.08266089830230365,0.07996045431624377
8443,0.03234962456374729,0.1409751670965266,0.03501541606842258
8444,0.04722808554039532,0.09498473216485565,0.031428268171433626
8445,0.02806493604149406,0.3777550623616719,-0.11080072538536627
8446,-0.45962683452194086,0.07161338979831498,0.027075918694322923
8447,0.030982669739962887,0.06613406632611621,0.035592598485159235
8448,0.051546733219486364,-0.10300056338222909,0.1808615027945301
8449,0.0274048255258825,0.015113077256687792,0.04341824973627371
8450,0.03880738706188806,0.014915619897105426,0.016512459925367807
8451,0.05259610975539166,0.033551457204100264,0.047015039520627626
8452,0.01968603931877138,0.026297575445828135,0.17600330924351762
8453,0.04077102501271036,-0.15701988659595018,0.040528084004718745
8454,0.0,0.027656967265267385,-0.08978519351575784
8455,0.06087044482928409,0.08118803989698226,0.06499772232400912
8456,0.06327233871300861,0.03856414028347386,0.3892855532919441
8457,0.0570183453086281,0.03788048178045886,0.04577733952786359
8458,0.04296103424285418,0.016310725447864407,0.04638181679947513
8459,0.09287933485530092,0.042038781122314656,0.010175207747356509
8460,0.05971417306676363,0.017621088169071097,0.008606323067954147
8461,0.04683011300532589,0.11965490667130882,0.17221235639682905
8462,0.06721789256384819,0.09870155327607337,0.04661687066521756
8463,0.026049770305819567,0.030392545304156606,0.028952759097365912
8464,0.01956829857828585,0.11079297591333069,0.009326461698449109
8465,0.04666535178443081,0.04976417009596606,-0.2481924732145559
8466,0.04359018490082035,0.09489765167124327,0.06628388492283796
8467,0.035890471252361146,0.14419103321229487,0.004093672151411654
8468,0.13389273990840422,0.027938421556894452,0.023265822186688802
8469,-0.1115988957980308,0.03785913597880611,-0.01949737021696331
8470,0.04534615863179578,0.015389602345139227,0.009784638718357058
8471,0.03958535738475209,-0.5849376338631865,0.020080534281114382
8472,0.08965087268481167,0.006111525892636582,0.035923962671775535
8473,0.048517275044175044,0.06720618335296205,-0.024771240697100252
8474,0.056606173550482086,0.07690002497294098,0.055988658875232335
8475,0.10238754881234065,0.015362223612850535,0.05630500353724523
8476,0.026510532295577295,0.0021349115577663836,0.045836861052894744
8477,0.06586360989208243,0.01829665192307268,-0.18349080989575425
8478,0.04155107108041049,-0.04939061952064293,0.018971940537195718
8479,0.06827448326885391,0.07887899729934413,0.004551939141898298
8480,0.08314071971170396,0.01913080787301119,0.09908309687145767
8481,0.03300300783887884,0.030937469067338786,0.026972087989967197
8482,0.09652450970250437,0.08571920523104942,0.06118129834453086
8483,0.08594592781586509,0.09403076249283712,0.029398957109623793
8484,0.05272972251260658,-0.07000059051046803,0.17573273085191807
8485,0.08174870256311098,-0.34597590620081276,0.12960053218383294
8486,0.023736185833745253,0.0012473163573919145,0.0571720662375268
8487,0.027742733417560075,-0.1521110052196022,0.16495048489136718
8488,0.01775079549523681,0.08851458314550542,0.05441348655739181
8489,0.061185898171549735,-0.007694843114586805,0.05157805748531216
8490,0.0439220996118187,0.08110619679618104,0.055557836640234476
8491,0.0364058221699643,0.00753350604288161,0.03611769479379177
8492,0.04326525612544011,0.007489484867354357,0.014620526542796431
8493,0.04617782673125943,0.08831921420917982,0.06959188718109735
8494,0.07164024458558624,0.007436431647184294,0.03459140945354832
8495,0.04344221140191788,0.09778521624465213,0.02529827584081822
8496,0.00791082531467754,0.08240977206311491,0.03624473824829727
8497,0.020199647965480377,0.02072900063869776,0.14175273513872652
8498,0.04357864326717711,0.09316248255867926,0.027636444914464233
8499,0.06502348383290196,0.04784826285187887,0.0358028948754057
8500,0.03646875960786603,0.044359291933002955,0.0781411955736682
8501,-0.24505142913611824,0.049073180496339,0.0030696872912590826
8502,0.07017038474711298,0.05606711785264934,0.05382530812149327
8503,0.04037650788321088,0.03194784489125554,0.07167109161499452
8504,0.06457308038304779,0.09409864020717437,0.0940642986637008
8505,0.0903204092235395,0.060131263132199846,0.07836301272240448
8506,0.03461362518098525,0.033122697440983014,0.04255350351254775
8507,0.07206722390207015,0.026239825133613573,0.09881172223696263
8508,0.03339493178920518,0.041188682319404216,0.09879305661804205
8509,0.047762287572492304,0.024099746793730836,-0.13040657117075888
8510,0.03998103825095385,0.01558173777395165,0.12498478408234098
8511,-0.3166138635901844,0.04603859956576212,0.08300268493225829
8512,0.040983911407231434,0.052185981227468606,0.04400954542646002
8513,0.016642179901053867,0.062471207856737425,-0.27883768910201456
8514,0.0660682713717562,0.000707208068227172,0.0225084575750258
8515,0.08499722912279357,0.0016176427876217093,0.0323137192510783
8516,0.06337193557852411,0.08523728901802136,0.0608705218025723
8517,0.07700108020976754,0.039621521069249016,0.039336107431822136
8518,0.05304900923938728,0.08474275143564597,0.04163639677049957
8519,0.030869998061426644,0.04033836763039898,0.08988482192524777
8520,0.0022360899767654013,0.006320673861946392,0.024429445018180174
8521,0.043337448722927135,0.057294563624154055,0.015872281243780064
8522,0.03715545150732705,0.07330422712019047,-0.10935747416647879
8523,0.07045411870439404,0.027785294850105613,0.07678337229171517
8524,0.07755689923986,0.026474092099356986,0.04114039472594341
8525,0.047064140243465016,0.14978706400522873,-0.23827923918805377
8526,0.015471352757834976,0.0022711026462933215,0.03458598680188686
8527,0.08804567841630337,0.19836981709590837,-0.1895122286410158
8528,0.06540991393822437,0.04389974495313405,0.016146057888158507
8529,0.03236119404286529,0.029372712558764426,0.011256127275692307
8530,0.06064515579487523,0.06609225504123449,0.048108977188893565
8531,0.05685066824490244,0.026594596189706443,0.09125037709132508
8532,0.04319276146046393,0.04343439888927483,0.3701268870338118
8533,0.019980769424821753,0.028117510332848875,0.1981757312333821
8534,0.034700746762891935,0.11154572247811756,-0.11098054692456895
8535,0.07425780971343003,0.021552327204671207,0.16058602772798958
8536,0.05788031830687439,0.018646132423120212,0.06737872989060854
8537,0.05552838762084246,0.020497762223749817,0.08032410889529505
8538,0.06071674964662961,0.011566606452451412,0.03844100707387421
8539,-0.009406725817650952,0.057311382133788925,0.054783006132024026
8540,0.004729775530541564,0.014152135615384465,0.02812390702506465
8541,0.05800287017109057,0.08488689081354069,0.09602741578453122
8542,0.02388228305247433,0.07248220834856188,0.018311883310112943
8543,0.03847440032715233,0.09410530166795555,0.03969959975526384
8544,0.061394802945227235,0.10551942734646458,-0.03269590355670868
8545,0.06510845747900815,0.012260245745798738,0.05691980382582328
8546,0.04489895470111969,0.04327432939267346,0.018314133989589865
8547,0.019689777582338593,0.16351474489726442,0.03979043732882099
8548,0.0,0.07495304943103406,0.07039688491398072
8549,0.018341931718705087,0.03185705619589276,0.006235755378032559
8550,0.060249148980682024,0.07347096388485341,0.0648718625008163
8551,0.0806495310777001,0.08285170820597723,0.05223260950802394
8552,0.03629786204001671,0.005839343607639436,0.046352674862062904
8553,0.07920428272883596,0.15297624281237693,0.21336244817673866
8554,0.05668906574705874,0.08482157752833033,0.029337224745232128
8555,0.039333168286844404,0.007690553229103533,0.012855904103865843
8556,0.054409332741035064,-0.0005473565244227541,0.07370547743831453
8557,0.04887682554961458,0.021098504192699243,0.08763901648827482
8558,0.04057371513045725,0.0522984505927377,0.01558705991420324
8559,0.07204915101158672,-0.023879324069251487,0.014988102313934238
8560,0.06788621921558768,0.16483436918959196,0.5911199213993855
8561,0.07579512039656634,0.03929506622138821,0.03971852047890902
8562,0.03843168961850796,0.07868631423427982,0.034264872579667774
8563,0.05786366811099697,0.06500765806839744,0.07707781701518844
8564,0.008582140297999644,0.03626454031513966,0.020107209454528898
8565,-0.10267857898610175,0.012451026133128307,0.030438183036211677
8566,0.08537555958526638,0.09701664663204408,0.005167525891922542
8567,0.031123994897188246,0.03448260771539996,0.08080775243235766
8568,0.026699706148845398,0.053879078326554586,0.03066296512335496
8569,0.021317178309858482,0.02034519744878274,0.022216463354892347
8570,0.030735703639102236,0.10301241027405919,-0.09467375469907008
8571,0.007964437118649841,0.09970570000961909,0.009651310277119516
8572,0.040433949013927856,0.05743787098297313,-0.46850476646226524
8573,0.04450242547101015,-0.057005148269767485,0.15178376897448867
8574,-0.2996380327262971,0.019881898052931182,0.046994049373359915
8575,0.07481958354839803,0.08952897508179837,0.06261892246403347
8576,-0.07370561004881325,0.00762693098243914,-0.08153959040009548
8577,0.02728035496203268,0.045880708849402686,0.014031464041239661
8578,0.042960886500343846,0.05498805758358927,0.08675507482646574
8579,0.05109398442351888,0.05625802552928121,0.060304533063633516
8580,0.04802699376264578,0.09579518974543641,0.004825589261275776
8581,0.08351580667262362,0.08936193889135505,0.04595420581810177
8582,0.015831495734451154,0.004812795101650314,0.05477294037781755
8583,0.058447780611592025,0.14059047319455434,0.013312512717646219
8584,0.0681384230536532,0.0651697559536252,0.0015086199116530197
8585,0.08341440405154056,0.020200094858584296,0.04904264142135398
8586,0.043586621933333264,0.004211872454234378,0.061428772932015346
8587,0.03575950735112099,0.09420894162957338,0.07587592723352807
8588,0.05679193588786765,0.06953571379240801,0.06960696379050665
8589,0.03987319990976244,-0.1394131122763459,0.07250941150654433
8590,0.02622559678178488,0.007439770171454874,0.051348793204274296
8591,0.05761819208431748,0.03607302722071457,0.005298222634271089
8592,0.019778172116979503,0.0022104075283708945,0.08075141247609252
8593,0.025165214766497742,0.030045526799192153,0.04328072300587365
8594,0.026832275195765837,0.008508893838778887,-0.05121467502996737
8595,0.04010977642282131,0.00020535124200424804,0.08040825214795662
8596,0.04816214958247789,0.08811407780862893,0.07731426889232207
8597,0.022216372456020414,0.0358003167525914,0.07007597097968891
8598,0.05349397070072284,0.09459297562646012,0.026038395644304126
8599,0.04513527577775367,0.05786401921238996,0.05418815921139223
8600,0.05725893839874706,0.09307063688722537,0.009871566597344707
8601,0.014036037743630568,0.0655676174127915,0.026009112922615554
8602,0.03302232496842797,0.2731490006610946,0.03225785570021597
8603,0.048475248859041295,0.02356172698156942,0.053397374013099165
8604,0.06439061087461272,0.0734066671354984,0.021450262832376693
8605,0.05057277479616339,0.18568278012207584,-0.2528843436796348
8606,0.05678282795356129,-0.3153488176740864,0.05503750975400053
8607,0.06827313175572243,0.044918033172808215,0.08265267921872672
8608,0.06233273631226343,0.062284701349479415,0.0024923786435864016
8609,0.07440740795946214,0.13662931555531627,-0.0415901037807355
8610,0.049047579368776545,0.07830954827204348,0.021093595444047944
8611,0.04356073651518301,0.06359536213891402,0.02788864432651349
8612,0.0063433182746849065,0.025116016570477212,0.05446243688447267
8613,0.0842841340989984,0.0768318194464307,-0.15027095103742433
8614,0.05660774737880778,-0.17958889920917326,0.03093095456809274
8615,0.07277044856384654,0.04329537499748251,0.07278904097987826
8616,0.047391099202332275,0.06908065413413314,0.09197657996231506
8617,0.04771750201382015,0.0729137181466807,0.029914410170562455
8618,0.022793366100696464,0.05790994550078073,0.009559402246819587
8619,0.025342154895946413,0.06223683375147289,0.0786203035328471
8620,0.019285937000828868,0.09592198193786583,0.07485852872816444
8621,0.050041797880448234,0.03176558361581231,0.024114224263783002
8622,0.057381046978282564,0.09237524172941061,0.09230315293559208
8623,0.04918820734249522,0.044438182407656804,0.038919347412194716
8624,0.041272917985014854,0.08597779483595952,0.07826822760200972
8625,0.017010778168571314,0.049586139713996294,0.019116799420951083
8626,0.06554794059960464,0.047251915529315826,0.05632383108171213
8627,0.04661687813817056,0.020618258722946682,0.08389033859381698
8628,-0.12628325833723247,0.021680645101185905,0.03899140167468096
8629,0.037056360240354275,0.07501339625415103,0.034351119994662525
8630,0.04204644318682239,0.0066631400623342165,0.03229488359792506
8631,0.04509792369303177,0.03647391501946123,0.038133391848683584
8632,0.05457268498267003,0.03442331066502805,0.03486061952028335
8633,0.03968175802926535,0.08500408486718353,0.033945242010363495
8634,0.04516144932228573,0.07317346481146932,0.06554758210193713
8635,0.03595694109134033,0.008105055899215364,0.09990500688179949
8636,0.04228732927838681,0.08734942846470586,0.050346371064015016
8637,0.031307573519262534,0.02291464446269563,0.06945908285405385
8638,0.027324272641749234,-0.07407907114386122,0.1754405968154551
8639,0.0721053355616903,0.009086493994419742,0.09734420587127143
8640,0.051631580577825735,0.017510841126954748,0.01926359952371324
8641,0.03214883760615883,0.026198429130053935,0.13002167299750034
8642,0.049437942289768735,0.08755322045163152,0.024208203837326633
8643,0.04020251976753579,0.13831187789646596,0.02942906306958031
8644,0.04112206389721793,0.028716381533065778,0.06290527086961431
8645,0.05633503468565585,0.047831881053029005,0.07431466002673616
8646,0.0708063595932568,0.07995320950587524,0.017570952497584138
8647,0.029185546507893213,0.032890968537097325,0.006939292877596104
8648,0.01984643167116985,0.014242719204080267,0.013554365810522107
8649,0.037534408865596974,0.04500113652279302,0.04453214573293737
8650,0.04143211729459984,0.012067314738039348,0.008087921589995412
8651,0.05918755594728254,0.08370505341945336,0.015512518255323328
8652,0.042353458366931156,0.008470065718990939,0.20803122117204623
8653,0.0423986272842856,0.031540610826442494,0.023286500247216638
8654,0.08320298960718893,-0.15535889940558958,0.19784349069070614
8655,0.015421715496186185,-0.014401585029266653,0.041820598518628696
8656,0.05537000828736398,0.01636624819053879,0.06816495733328792
8657,0.025708577529998985,0.04264339136084636,0.07352061874023445
8658,0.06599373442640678,0.06260990218549255,0.007668900854916905
8659,0.05630669901571444,0.07200603281335766,0.059549493648398844
8660,0.03921588813744541,0.006134290684028232,0.06232965699110642
8661,0.04467566833482092,0.04604035871662918,0.09983582214653018
8662,0.02445305192064358,0.13025350244727837,0.030636883520074987
8663,0.05652107000293127,0.03943506554588762,0.06152720039884462
8664,0.01659613777250389,0.020321272908588206,0.057666155746538765
8665,0.014446856677794,0.055905194782281176,0.018830655420916158
8666,0.028963644443970843,0.02155005842641006,0.056697560497199345
8667,0.035198356298686534,0.054623188842055095,0.07965784462686093
8668,0.08349720068066697,0.09743144442368867,-0.006462703068405656
8669,0.05898752201681961,0.0009688326110492973,-0.2817154014617105
8670,0.0316828237694399,0.029208876662935146,0.011190823124274463
8671,0.029088216582754522,0.05919209093309759,0.019253700135324618
8672,0.0672364974808756,0.003990043234578966,0.028725523206205153
8673,0.0725428883174151,0.056935768225639796,0.035454264267019246
8674,0.0360248630580734,0.0018733370525255144,0.03416048430532367
8675,0.03296559031996364,-0.23092473334539196,0.01875148554687232
8676,0.04294993925836935,0.0071122214809034474,0.005914287013715713
8677,0.02075375992248294,0.024953810588014096,0.10652409548819226
8678,0.04482713913672769,0.7607914938313574,0.08286952791729928
8679,0.056976209092782455,0.1780443364414827,-0.08993814593534351
8680,0.05085992769694738,0.08600414799431837,0.05968754265041182
8681,0.03853035370068192,-0.10832872879387942,0.16434188248903764
8682,0.04634564392958343,0.01822753828424532,0.029265249209003575
8683,0.05954634330765555,0.07485449182182995,0.03369485973430175
8684,0.10286086674798586,0.09276090554482785,0.09878869715354555
8685,0.08205465106891982,0.032534787989776486,0.013106030680678827
8686,0.059226749011305285,0.04761473503759662,0.010553560064198232
8687,0.015802884607338953,0.023027833569916525,0.0828315524603394
8688,0.003484728584802407,0.04510535805017648,0.017595727791996547
8689,0.061103040702326264,0.052211237302642405,0.08332291352740204
8690,0.03706877552141316,0.026330286179319908,0.05952072547209128
8691,0.061595675186227966,0.028047057143069633,0.07771991285116109
8692,0.04242850887959132,0.023497448860603773,0.13865129511160307
8693,0.05755480653056292,0.12137020753340162,-0.4821228584027702
8694,0.063018294082242,0.009744392550401937,0.07842509776888223
8695,0.06638873502633409,0.017285208217679315,0.018518113391681468
8696,0.04969747424424825,0.1375190829795467,-0.023088942908440088
8697,0.07226178679769188,-0.043152320675729036,0.09948541945133278
8698,0.019480223509613075,0.11835089294117292,-0.23316185545967602
8699,0.036017542334192486,0.08198888161031047,0.045906031553503236
8700,0.07116531649225948,0.09884128468924815,0.0835397391232925
8701,0.04050356131551444,0.02806154553083076,0.06329399309268527
8702,0.060771944195603354,0.0753887300806432,0.060634497118800756
8703,0.021004953532968863,0.010746596311415814,0.025237344631726003
8704,0.07015514281278445,0.012751952488147157,0.05897866821707856
8705,0.025934814687604776,0.03031929637513908,0.11567176878728797
8706,0.030552948325444404,0.12197086319677371,0.03441707918554488
8707,0.02902854539457257,0.0951017820036803,0.0656939882778819
8708,0.042811840640436416,0.03154381774314539,0.0069908676617073395
8709,0.23778770663322504,0.015187296926236049,0.06825569304563606
8710,0.035006492399720104,0.06458586460251851,0.09111640119475067
8711,0.027048019678856276,0.09003149810119687,0.07645544699034629
8712,0.050797364099734385,0.017606842364247,0.07941957024446109
8713,0.03470169144672806,0.005733207291249221,0.05298008272325332
8714,0.02973175673870524,0.0430758826368993,0.08976731912094936
8715,0.051188809162511624,0.044062268228107465,0.09294930213130256
8716,0.08177539798934805,0.09827442663610629,0.026717318923257894
8717,0.06338363992414542,0.09674760820299858,0.09441419961140797
8718,0.03244675239440105,0.1809092318618087,0.19417690062502413
8719,0.06338253283867075,0.013367106321129852,0.03237112455770931
8720,0.06466587219773855,0.04980209473296913,0.05011299924993573
8721,0.03630701042064312,0.08707651560444135,-0.13614533548705413
8722,0.06433164652449988,0.07454968895571656,0.06847073447449958
8723,0.01756601115051018,0.07503069112372723,0.08856727472209168
8724,0.06856979736104582,0.02879205345109295,0.006024122991869197
8725,0.04928273153563173,0.06553919289050539,0.06493717083093249
8726,0.03634369601516132,0.19090486291618092,-0.18800458645236057
8727,0.10378555789774652,0.06386755894851419,0.05169921619808572
8728,0.052967564595091984,0.058380517458045116,0.01033971472119174
8729,0.04870000470912798,0.06161394025824111,0.01053233905409462
8730,0.07219688952427564,0.07649886658821689,0.09581773809124898
8731,0.07334517647928267,0.03357920758117971,0.07566955125264081
8732,0.0599797178805119,0.008522681463779148,0.030212444634351722
8733,0.0690915118872911,-0.016381823747520327,0.012033132002840974
8734,0.00652485049685184,0.08736939937988855,0.03936027694829431
8735,0.03833315107008031,0.021858332020103975,0.14558431081398968
8736,0.07210457054034194,0.30949906637586655,0.19814549284977542
8737,0.009303036117785997,0.06508702547193153,0.019395151753957698
8738,0.02944284041819389,0.03536398762511668,0.05733033619200315
8739,0.06713552472916248,0.09646129139111626,0.0472413648350606
8740,0.05745624681598497,0.05850064813086946,0.04807105703225269
8741,0.028625902400747704,0.022032109897609432,0.0035366846440768374
8742,0.018014054137449415,0.028813165217622963,0.4330489837984003
8743,0.028573264273595838,0.05755231522176956,0.022394949032167658
8744,0.08164910727952171,0.02726205136393467,-0.3443600229632317
8745,0.069309218595068,0.02352921053482412,0.007271299336061888
8746,0.02768708958633089,0.08417202180808203,0.03556539198655317
8747,0.03895128976751505,0.0052892989387761,0.05469466200129313
8748,0.046274070134579987,0.02619331276454532,0.06846740572609401
8749,-0.10295807522727506,0.04421388280746259,-0.08204424267411337
8750,0.06459799208892754,0.006073811633486948,0.042636891037220695
8751,0.08077147067550741,0.09395073133076728,0.028309361744459183
8752,0.06844902920389323,0.06701581335783889,0.03706456122858992
8753,0.025035096807096112,0.01886739666673366,0.16493442269908487
8754,0.02728879142457883,0.013123486687031654,0.14035754950846066
8755,0.09215050392208957,0.14531924848363006,0.07593639990970191
8756,0.04719255796035481,0.04358569358885244,0.08210711529989895
8757,0.044817941037103876,0.06497431324982914,0.09802622240977638
8758,0.04486798250727648,0.08709784559044914,0.055647852617197104
8759,0.0,0.031169144577403954,0.0533626500625746
8760,0.01153357857489915,0.027366467709718546,-0.08384012677413932
8761,0.031395324791992536,0.0858607724442775,0.01519128821843313
8762,0.04087673360477311,0.167815217828029,-0.05413840695940633
8763,0.04346392542022983,0.05569933406922831,0.16676526722414023
8764,-0.05648240236436947,0.007737099816552662,0.05208152518739406
8765,0.06891911899898145,0.02191026251196908,0.056947554139854806
8766,0.011271906936834518,0.06848503123247754,0.027444951314178137
8767,0.061819303158098506,0.04321133499651173,0.08140525081012889
8768,0.024102003677961933,0.05701246245425615,0.09290772426145194
8769,0.04440793478391011,0.05225358965448346,0.0763898915579364
8770,0.050721769820210635,0.08209941703370721,0.0013217161831636682
8771,0.0390295848082107,0.05090951172483933,0.08883602577970881
8772,0.009471699973040613,0.02488341008970061,0.008350914824098965
8773,0.04381391463200557,0.08467161856625553,0.043775397878717384
8774,0.06794506352407055,0.04692762775419906,0.02910385851233065
8775,0.033099659804628354,0.12122561571480364,0.02888286936930503
8776,0.05004393537290868,0.0371865852999976,0.08750920682843127
8777,0.07594881898943216,0.014943822250149641,0.02807002968479008
8778,0.02887074380847277,0.034885469590967354,0.0016883251877772621
8779,0.02350974289379408,-0.0503527133350441,0.03748340161140146
8780,0.06715763569542155,0.05048241595372099,0.20948440034840585
8781,0.08848102368399596,0.08082146464257253,0.05752848210905949
8782,0.043221224045207,0.01244863364959331,0.03697465429630851
8783,0.06514561134937545,0.028812930174988306,0.04240592360563277
8784,0.008700794487703993,0.01275279981745353,0.06047999075124349
8785,0.05019457490647012,0.07565979439144725,0.033517114563883024
8786,0.054930284930365066,0.006108361384152539,-0.28292571349807405
8787,0.046255893705068045,0.03078002855003005,0.033569327981687935
8788,0.055170925971421064,0.09288687624762143,0.008644068656822023
8789,0.014049993913810774,0.08312416287023239,0.0523019139939829
8790,0.06609217880869217,0.08090365910447339,-0.1923835306323891
8791,0.03352558143859197,0.021885939425222913,0.018683892675290626
8792,0.06397561985423379,0.06358294598841412,0.03171609402207536
8793,0.06264997623558757,0.04311508283818919,0.019304731707155454
8794,0.08958372307868258,0.007659625784815227,0.07900459938531465
8795,0.06991749195579164,0.09221889920048706,0.06462173436257276
8796,0.018716982014118998,0.03373630719716212,0.038699251131921165
8797,0.0,0.06141771211439706,0.0783369632305446
8798,0.0438364218576425,0.06334835778858358,0.04085629508841501
8799,0.02418565818503405,0.13232824318830158,0.02979321302979828
8800,0.05097365701950938,0.058017694170501004,-0.1582265931550984
8801,0.02701300707696045,0.041475218918839575,0.02126896527019011
8802,0.07554575110107166,-0.2949722652195324,0.10167463633238359
8803,0.022853982463024128,0.08627628174953246,0.031075546085283907
8804,0.07007475237521074,0.02536580442769916,0.027177823350927346
8805,0.04861888552366165,-0.38066463516781035,0.04844585067425864
8806,0.011682625647694365,0.02506721233953997,0.02553972372529041
8807,0.007869296436582955,0.03670766288214158,0.030328581472280642
8808,0.03324392918958702,0.006187314605843775,0.014856686362158034
8809,0.02724835906954804,0.1386944624620828,0.03668710094288634
8810,0.012043449186517494,0.15661678980081653,0.29563403588639137
8811,0.05063056796925898,0.021308606243626016,0.05611972474359971
8812,0.029857435008550384,0.008177868940095256,0.05237292524137702
8813,0.029804626586970046,0.09054125967980642,0.0368468227439168
8814,0.003055637907960866,0.024261657428049047,0.05702461698499837
8815,0.048153246185935146,0.02047847370320319,0.13279775257190102
8816,0.06824947650763599,0.024065258433630412,0.04781793430975212
8817,-0.13039900460787468,0.00042138090906627127,0.04849283523145744
8818,0.01659815276007255,0.11877946635773139,0.20210161119003361
8819,0.05434027200554309,0.001950702314473518,0.06756699461770763
8820,0.04443167891918701,0.03128220222055383,0.02339152440312934
8821,0.06503299660771582,0.007457572484721653,0.03610509286994268
8822,0.06322997884544704,0.05248756362833687,0.2207849609600388
8823,0.02172464156214551,0.09426700261244703,0.09086088186385198
8824,0.04631651739264756,0.04529194612340015,0.043973287584556466
8825,0.035495309983575314,0.045978254479646555,0.05969779582950403
8826,0.0528896518841194,0.10582214861540545,-0.07977411174138183
8827,0.04221303511883709,0.07025309421287539,0.04015249991270459
8828,0.028973556833730835,0.12335902144604134,0.032640993219361966
8829,0.042180388295773925,0.011594829280275332,0.08272210868002096
8830,0.05639453660626587,0.04653337559803699,0.030797270144239376
8831,0.004621986966466082,-0.22839850714288157,0.1025603277812281
8832,0.023487215836567647,0.14809034608176375,0.026521820619240483
8833,0.04590216523026949,0.08406290291143576,0.08816310626951424
8834,0.01882936692417098,0.09392610775728467,0.003721422497325582
8835,0.01780205737905935,0.032567845385378366,0.15873048051351407
8836,0.050211189735459814,0.03483612929637786,0.006366359585292991
8837,0.08479369440998347,0.06774709166483577,0.014522856505429305
8838,0.05423495992843236,0.03461433387855289,0.0568602432353506
8839,0.02921931529106638,0.09191938808880656,0.052430386518060756
8840,0.014213799555194404,0.017411111877522534,0.06063034123804115
8841,0.0734835265892817,0.0003392448984468999,0.02819314707429629
8842,0.0575078417632755,0.08447654052329134,0.027137420886326327
8843,0.05050687048661386,0.08888153785361838,0.04630254567589424
8844,0.004642765326878284,0.035149483344482035,0.05874556814001523
8845,0.022415687613274064,0.050719188791906206,0.07360730666565073
8846,0.07650805866231478,0.05472789207379807,-0.017923017476126082
8847,0.059310330328601044,0.23976507884882697,-0.12375172696683939
8848,0.050563422759973276,0.0014394181225778847,0.0014242515077789843
8849,0.026477237507932808,0.025481983629026695,0.01950434357754863
8850,0.07819278647722039,0.0856973785703794,0.0847503829617258
8851,0.05742108684523699,0.03378848847675925,0.008106640898894724
8852,0.03396346538263344,-0.053051757967960335,0.08748084312079928
8853,-0.3097886781449146,0.08321353859805465,0.09458067439380365
8854,0.07430562261375133,-0.23393914117967485,0.05069531779295566
8855,0.07129335086147162,0.0306967022573299,0.03733694458969106
8856,0.0,0.003284608612619278,0.09239155543630133
8857,0.007077574348635374,0.08749437594195096,0.09435244096711741
8858,0.029647072318378275,0.06926146013239402,0.262439929334135
8859,0.04795293414992998,0.00886948204405348,0.043209788666913995
8860,0.03108707276716039,0.08369017843830973,0.07015959941012061
8861,0.05017905435196345,0.03512732450078463,0.03913923193674916
8862,0.08159682079876418,0.09542212840022014,0.04773739862998238
8863,0.04178144970068878,0.038205699194119605,0.020860865930951746
8864,0.0485493782237245,0.0038712958571312964,0.02942632819283927
8865,0.05860473466300303,0.03260914148775684,0.03257603647491436
8866,0.004371500132868175,0.0163663896631184,0.03354997709339793
8867,0.04632803271952189,0.06230193231346838,0.09737597175932283
8868,0.030546857147733305,0.02327101210788615,0.08090442995796515
8869,0.04134790025446726,0.0777571269424211,0.09220012582895735
8870,0.03241262960977516,0.06786775716010555,0.034015350188273466
8871,-0.11651197855532716,-0.16299962215890706,0.1269473861151588
8872,0.046388843649339796,0.01801572471888231,0.07154462781301378
8873,0.07530744264940561,0.08442652581174366,0.04040871958914677
8874,0.02565268853171701,0.03556041895064088,0.019996675246761075
8875,0.0715713875391279,0.08756147944394248,0.09937814819667179
8876,0.06738733055965956,0.017896781329862953,0.09702121302174609
8877,0.04338522224443807,0.08741072673026788,0.05863783529461508
8878,0.033328477548304654,0.09669318776537032,0.05510620385791522
8879,0.05032071228673352,0.0027873365001729322,0.021967557003580176
8880,0.012141681640260991,0.004063295208096796,0.030631468404219642
8881,0.018307903515315048,0.035170316420852166,0.08418704463297305
8882,0.047699955560941136,0.05580204027325182,-0.22191095158345728
8883,0.0654474849574887,0.08880497940023974,0.09055188396852698
8884,0.06623361451569011,0.018829297941970826,0.02800432284377662
8885,0.029158289999313403,0.055420981208681025,0.0648522829384806
8886,0.3188401799513082,0.050884180179984785,0.0886808690662172
8887,0.031454995166123156,0.04101156775337666,0.026370188194601643
8888,0.0679836085837525,0.020467409270472893,0.007920206289571286
8889,0.05375008708065656,0.02243950625595528,0.09519297002554301
8890,0.03701684283632302,-0.01682738145362292,0.11699618376984047
8891,0.034692205961991684,0.19163184667305855,0.1612010407626517
8892,0.1028270004992631,0.03224186859183752,0.0005153813462500101
8893,0.03881783879625768,0.05011167058387659,0.08611728245931277
8894,0.06617398950198769,0.07969174136631424,0.07064135356076355
8895,0.03920591051205449,0.07924119582376438,0.044671153787567065
8896,0.08073294700388489,0.08609524500720345,0.07127176962527469
8897,0.0711876391674637,0.01929044225861385,0.09876667283298489
8898,0.05688160074822713,-0.14126426070401643,0.012362433515079175
8899,0.4535028502393142,0.011976128237803764,0.044637709228740344
8900,0.03343510835607871,0.0139236682777106,0.09188932932041749
8901,0.04653848467481905,0.06525217297069039,0.09051483668879592
8902,0.07567580313010908,0.07274490853461084,0.0454846906344819
8903,0.058271059196322375,0.09637345593803125,0.06043379398885525
8904,0.06293701310640168,0.006377741414848504,0.07038189138761448
8905,0.022490298280109112,0.013812481632435751,0.010548938621054648
8906,0.03394650202165114,0.013330936627366535,0.1768910193194764
8907,0.0489521076050895,0.041425594710557595,0.004461258738297691
8908,0.03832675668916358,0.07764205038684151,0.09540319637604952
8909,0.013455752466864389,0.15516283566876418,0.32498861571667725
8910,0.09902052426856214,0.018052356634744294,0.009005557477582138
8911,0.07187867099755979,0.035156895024073286,0.06397560142308606
8912,0.03590745927242722,0.008569414163265999,0.08372184986844758
8913,0.06043780619785677,0.04719668973498018,0.0988301499060314
8914,0.03914151192408042,0.04010713092252899,0.04184212144522237
8915,0.06254115804497376,0.035577877124022494,0.00357104276752559
8916,0.02428333902392832,0.10498304759592235,0.028179014904050795
8917,0.08299739654267121,0.017974751749157126,-0.07466815891737466
8918,0.06742871148258023,0.015312804579305717,0.0023177609084015006
8919,0.021671139609221433,0.19112179024250564,0.02651161970638741
8920,0.009326735364091461,0.09237903428213548,0.020953892267152434
8921,0.024146868669035666,0.0402872101124091,0.10321219070348202
8922,0.01480618736773378,0.09797267392762066,0.07031896058382124
8923,0.034840051792853835,0.0138070467511348,0.04303410980499239
8924,0.04792140521272828,0.08330101935216956,0.04568858123215596
8925,0.037043448923968554,0.017852343284140572,0.03725908713590537
8926,0.047884541264872474,0.12679191508220405,0.029052603826919633
8927,0.041368944389073535,0.005212321357844985,0.05655503467535344
8928,0.05593743800223281,0.10061234450106918,0.23636442359646467
8929,0.03719311003381205,0.04004582014327046,0.004175056931984201
8930,0.046761202313870015,0.0003341960372897246,0.06463749462482875
8931,0.06608050031851927,-0.04903314178327575,0.02338224365043371
8932,0.04009208543894883,0.08814538053656573,0.04973101161971991
8933,0.07156019682405192,0.08410377111631913,0.017849014424061515
8934,0.04715377722631992,0.04934688922740021,0.046762800566054634
8935,0.020913846816350265,0.016422322864097012,0.13881265596923645
8936,0.045517067908124695,0.07756517317233813,0.02713225308948658
8937,0.0203031450492364,0.1521506202722936,0.020119518186639134
8938,0.05922723747756697,0.023829511785534607,0.003628459973741849
8939,0.061189323383258776,0.052911254748120584,0.04638112309782717
8940,0.021909709602818246,0.03894350069111551,0.010079668839762457
8941,0.023655653293788593,0.06104588326336524,0.010773690336620168
8942,0.03901355733824417,0.07509138790889906,0.01591967684175747
8943,0.008623468892257694,0.0927093277346381,0.05646352606969606
8944,0.07270540713843464,0.053413692561393,0.03646078644774521
8945,0.032832573729344894,2.439337974907696e-05,0.19885366228364626
8946,0.063128721886407,0.03745754617561973,0.06189015163437728
8947,0.040326244333284404,0.07155593364252447,0.8672413600786475
8948,0.048168437922368454,0.045613701455133264,-0.000961833749872465
8949,0.07481018833526085,-0.11104952796548043,0.18912322314836955
8950,0.004123003589721147,0.01785412099633108,0.02349045800362053
8951,0.05356788179782122,0.04073417438002722,0.20233759296828444
8952,0.02859982360926224,0.01342388323092194,0.21198262290383496
8953,0.04298269701185781,0.04172088870479066,0.06423054954529177
8954,0.06650750006513366,0.003045667312586509,0.0030305728664029256
8955,0.02914793141543873,0.11498214912791549,0.03799265010259959
8956,0.008507536626707293,0.055430190936094116,0.07413712356039115
8957,0.04493987527676573,0.08943743675088817,0.08769914232921025
8958,0.03745046496313767,0.010731734975832508,0.09436165025570781
8959,0.05300019589660312,0.0043645667209114,0.048698960190544
8960,0.044731367851860084,0.07000573014990912,0.014080160004010522
8961,0.034514179627977024,0.08687925252958537,0.016951547212883156
8962,0.052951343331494836,-0.0983789322347956,0.14238021139440857
8963,0.058878572077655275,0.013580832480273542,0.07522643216227402
8964,0.056611980455690034,0.016970339763351185,0.08727651918187607
8965,0.038097141759544276,0.0779253559103049,0.011254109888349696
8966,0.07390282305724157,0.05001986954065418,-0.17349906203716192
8967,0.02257372868041081,0.026864652170260975,0.11312169465474907
8968,0.016926366266949405,-0.40578853686305427,0.09590950341539065
8969,0.0779422454071171,0.01801859726880708,0.0807987096790066
8970,0.06716478638014894,0.09521777985003438,0.024945603428983942
8971,0.0542104017925642,0.05316621557206458,0.09809038042320632
8972,0.0,-0.22953913020418887,0.14417518079698227
8973,0.054946963821013925,0.0972905535776381,0.06302491965981646
8974,0.02873913572346881,-0.26472569277118163,0.16450289584660746
8975,0.03579149209473723,0.004070681914637819,0.09685618855031011
8976,0.024609788134888268,0.037340803759788994,0.07909631838823578
8977,0.05456025846701979,0.0903307746666755,0.04977688424593053
8978,0.08302435060760006,0.09525781353369923,0.025037526070836005
8979,0.038870389590777384,0.05087538221742857,0.07678240844855622
8980,0.003760872798332149,0.062085998100543494,0.012072495701328746
8981,0.02683098335145509,0.037317607744627536,0.050125060329163695
8982,0.05533751909493118,0.02025328323316963,0.0003207897017072137
8983,0.033870983504213956,0.025929918177081127,0.06600976082779741
8984,0.018817786552137134,0.016668460569696498,0.03565034546186126
8985,0.040968537221697125,0.008764137261353356,0.0864145892702989
8986,0.04948374625659407,0.04664213552302106,0.04213467174220771
8987,0.019002529223299664,0.09234353037720519,0.08465825379621056
8988,0.041279645335766516,0.10626537919453148,0.017222717881502994
8989,0.02444222225322897,0.042611974425903566,0.09502656486874195
8990,0.04892707678883685,0.09324322615238967,0.05039885464260574
8991,0.029738071846567123,0.07160257011900222,0.016632355086803826
8992,0.046085155902376385,0.08384744094478197,0.06156032482661559
8993,0.03388878523805977,0.019994980048599367,0.09744947403823413
8994,0.040002605366814485,0.07447454812624348,0.07679756416000685
8995,0.06629565976727825,0.08504188403564075,0.07667431964982549
8996,0.032749757603009716,0.08427377646582307,0.015432685052396526
8997,0.06645133124109007,0.07084129244141085,0.04387476381820652
8998,0.11425948348296666,0.05650547896280111,0.09995959857283448
8999,0.047066124264109686,0.05681149645096706,0.0019235547050993286
9000,0.014319279894650837,0.1382915650841134,0.1647381819644109
9001,0.011199915407542116,0.05686542422877823,0.0495109554332725
9002,0.06504840831126193,0.05242332775447263,0.03443267372024075
9003,0.08215061199181267,0.06650745534317018,0.0531511293328723
9004,0.05881851984306642,0.0039655108359457625,-0.05207500829485845
9005,0.045468811293398706,0.3998824263147074,0.2063100166029427
9006,0.04277429240870407,-0.31276263029870743,0.18735668686201953
9007,0.030009593129317478,0.023192694270413785,0.06780103755291925
9008,0.08184927961262001,0.06522406164512876,0.016823452543656893
9009,0.03774526025072806,0.035091761933019106,0.06706232464364341
9010,0.07723041027276148,0.06985095399472566,-0.037613928809664306
9011,0.04032729751704638,0.338796351126273,0.10682590596101155
9012,0.028405513935544916,-0.08473216726173557,0.17060292209110073
9013,0.07009968850579928,0.03643954389786785,0.09502795996713251
9014,-0.2785965975930549,0.05185519613452921,0.03932807901686606
9015,0.05763473835024089,0.014337403703015018,0.06452568032286174
9016,0.03328174231149021,0.11497942651967126,-0.0124465331809199
9017,0.05121085846120952,0.031325058025125065,0.0164384821807672
9018,0.046241647368390364,0.15889763710240212,0.04810506550506795
9019,0.06865163908396932,0.047407743804908344,0.09491175783458516
9020,-0.1014243870215106,0.0651506752848789,0.05789406585688494
9021,0.015610421962068556,0.09911054585721449,0.018780361419412306
9022,-0.1308905806934736,0.04749541851871001,0.04546155660342897
9023,0.06703260491098881,0.08114665069336292,0.05220633997612633
9024,0.0068872309766023765,0.0433349230713904,0.05574573010445958
9025,0.0406547359365446,0.0768062509857346,0.02161140353403919
9026,0.034341820998867845,0.047357962535414,0.03173827790977879
9027,0.055247802027200046,0.06714676008997272,0.012645352943428957
9028,0.028690585037376055,0.0589744451070985,0.02169767038782914
9029,0.04062312390930167,0.05277742150752088,0.054238927281514505
9030,0.03222436380523139,0.06170716763248749,-0.04765906205772995
9031,0.058935583996939496,0.004136174658102798,0.027436865339213745
9032,0.08329386741590619,0.024848989356527285,0.03964529972782071
9033,0.05869430111179567,-0.05913050600121732,0.12280300308666742
9034,0.04172702467537645,0.0981009049759089,0.08279432279589888
9035,0.04236229611579677,0.1176509545072778,-0.13989887823159045
9036,0.021452522661583494,0.0890270674379966,0.005284889506394597
9037,0.04353833090276474,0.1476642474972628,0.18668179974736548
9038,0.04508448464251662,0.027909072590374395,0.009048620897862892
9039,-0.12257729430190413,-0.027701863541284368,0.17961810471346387
9040,0.02068278451644417,0.10447832883235163,0.0315976272322364
9041,0.04192731751119556,0.04166544277181529,0.030640031751371845
9042,0.017963239467822696,0.09455305241159634,0.01988523995566706
9043,0.04727376052418833,0.08768427721485861,0.03320593032125411
9044,0.08056856724369466,-0.21794246269013018,0.15829190956374625
9045,0.08423506556124091,0.00821485746930375,-0.11690443805218109
9046,0.03363467346886738,0.0700334793645294,0.07034639807707195
9047,0.027962058267857665,0.023586354345974794,0.09732206647502083
9048,0.014067776963966015,0.0633823606720815,0.38046042462907115
9049,0.013919859084676632,0.04158902758151338,0.06221471773803744
9050,0.0526991065627376,0.07182068442066764,0.07210470522491706
9051,0.03312029553212632,0.059505877397841724,0.05521891110879249
9052,0.04706643138638872,0.04906420025642246,0.01694707229098385
9053,0.02774030126890598,0.018590324617649645,0.03182543282284308
9054,0.08235266914714554,0.058850037314601145,0.02887571053540814
9055,0.06414132331604014,0.09634296799311265,0.043707956158535115
9056,0.0277677799030715,0.2849855611536866,0.10589911178620107
9057,0.01667197938765385,0.08304157161981437,0.0529609751281275
9058,0.03335375413394402,0.0064077871825498406,0.04103096550928007
9059,0.0871767384889435,0.09745166204107687,0.057119196976887165
9060,0.0477218174059682,0.0448702456086647,0.05858077130969746
9061,0.07293417369690376,0.09443981763763988,0.0033266944232487553
9062,0.0829077545203129,0.046622436276867324,0.0534643122918301
9063,0.049830101775778055,0.017323532045562463,0.03098415849680284
9064,0.04685146672531071,0.15858375245087136,-0.11645142326628165
9065,-0.12449264855809172,0.05823451377177601,0.04185418945233828
9066,0.04887628082418072,0.04653833387099737,0.021547780866736713
9067,0.07117972094376168,0.03978899532000277,0.03819905622531947
9068,0.0712360977643259,0.029451050076174323,0.00024927308292033157
9069,0.06688333373129038,0.05407119527286095,0.08690426151457403
9070,0.13996032585423893,0.6801372095222767,-0.10488940693771881
9071,0.03692387697555092,0.02298752675970761,0.019403160234337937
9072,0.01895308234150665,0.07563930889609516,0.03854471738203585
9073,0.0550721617602501,0.016653507606398478,0.003305760350552123
9074,0.0522130934888936,0.06359260659504999,0.08619992939020593
9075,0.08193617690498448,0.06084303044364438,0.03734879692894227
9076,0.0806961808954006,0.1947905427424203,0.07741884937288065
9077,-0.04877916103997648,0.052664423301276145,0.07642611876143654
9078,0.05179469911839088,0.06501931189266684,0.07049950360759642
9079,0.05900502443625691,0.08657185113155733,0.01387203560225908
9080,0.05108765696438804,0.03157752509183836,0.038032411015766425
9081,-0.08008904905100514,0.05995136276103048,0.016003428696433654
9082,0.06554536555459561,0.010808358109795402,0.08381454799715155
9083,0.07509045165856212,0.08200026047061067,-0.06856196477492989
9084,0.052352654700098894,0.07284132026721794,0.09938589891373578
9085,0.08063333924446003,0.010671199129622711,0.08750243013647047
9086,0.06386993811034589,0.030782093249782573,0.015219985937148184
9087,0.061628698962647485,0.04933821549031038,0.02011131724665817
9088,0.014070571270861816,0.0677239820238716,0.09563946453658269
9089,0.07308202514449927,0.013207925726834569,0.08288081496201195
9090,0.019837668767286917,0.07698913616378252,0.061759658382000794
9091,0.05934136663492266,0.08636504301423961,0.04772110821929207
9092,0.0849189433225286,-0.032778286921049976,0.11549637686482772
9093,0.09857836957291992,0.048554152881973435,0.037924419848568425
9094,0.034865781308344904,0.07455037075230316,0.04816005722307712
9095,0.030789932021218346,0.03660092590561727,0.01040569280976379
9096,0.031382276402300374,0.002625509281118288,0.015069145462298029
9097,0.045690539246463435,0.020303380321732945,0.03210204536730672
9098,0.059043254575484164,0.07012035472710733,0.04349900680562845
9099,0.058199398416890175,0.17681562788005667,-0.4355580955283549
9100,0.04168363818954701,0.01014969981548991,0.09260403786830941
9101,0.0663900148587012,0.022388929115056355,0.09994819475838926
9102,0.05480680671898126,0.07019510479949241,0.09570598527275395
9103,0.06048612596426346,0.01715484086161685,0.09254073253697542
9104,0.023980125321942783,0.0028094043102271263,0.03312300251586673
9105,0.06293284984456132,0.06388543697306287,0.021297122519862988
9106,0.00500477519018145,0.09928140890678822,-0.05212276218128495
9107,-0.17568039895172302,0.01014553124031028,0.077507390034936
9108,0.02963423406277975,0.06039831394876084,0.09267105127274922
9109,0.03451462910037344,0.03350041025523004,0.09926927401030676
9110,0.03722342662588869,0.019382480683515377,0.04529662017653131
9111,0.04062740358470228,0.017073544238583205,0.055260236499493014
9112,0.041403970672597774,0.05807041392153375,0.030387016003134305
9113,0.017122731382564517,0.1914043983292125,-0.08706173960471664
9114,0.02835455307035242,0.017597825554722123,0.05223148626623675
9115,0.027722856176790264,0.16002891095679916,0.019537532463827504
9116,0.02964857697145243,0.06591426980797913,0.041178119362532406
9117,0.05639349981137188,0.1992260069085077,0.15182525998691507
9118,0.07516467084329168,0.014033041624817156,0.025169219524252696
9119,0.008782017195951605,0.08543475616880905,0.11147770060089535
9120,0.06382311761526482,-0.1964790425045233,0.09051436883139122
9121,0.0471170069070323,0.030350086888279115,0.06176368593818591
9122,0.02548085317670105,0.027089140345137333,-0.04373965244337629
9123,0.07794057163045799,0.048369113644921725,0.0839121865583487
9124,0.012296331135772061,-0.25547959621775396,0.13393970996625962
9125,0.05824033964949581,0.0478778204645985,0.1856912987667902
9126,0.03482815112694882,0.09648359373932916,0.06481921771054182
9127,0.042633484660477304,0.0964253714950735,0.06605775910998148
9128,-0.01171136836329735,0.07562975638238806,0.09903057407187899
9129,0.044616132365935854,0.08724547815292033,0.08847391895222355
9130,0.051228873524053815,0.07678741817157073,0.01192643791067668
9131,0.025922029857939923,0.09080333145124109,0.027060214317238665
9132,0.059222797628110994,0.014736007872338853,0.06429676957795777
9133,0.014263372099061734,0.1226201964145163,0.018520167854762612
9134,0.032734267305363995,0.017737035610541265,0.127999644534563
9135,0.059506440077633324,0.09373863679680289,0.04325266863875528
9136,0.024814948182652515,0.19626253202925756,0.053380229356157355
9137,0.03670452187955412,0.03806636715303623,0.09478249931049082
9138,0.04780863441617255,0.06343571031597219,0.07833498441019972
9139,0.02354800997006511,0.048188323797994995,0.08816868114987056
9140,0.07537225544644144,0.09164009723682748,0.08155261622854171
9141,0.08186144717743993,0.1252140519568304,0.2489084347187157
9142,0.08313369890127677,0.07924873612061357,0.051927750671160636
9143,0.038930890492083876,0.03217972840587827,0.05247231443524434
9144,0.029768940140454822,0.2197459132980561,0.021385536483367364
9145,0.027029024117595876,0.03048846676808983,0.040799049707282514
9146,0.04060679271032351,0.03344771263135149,0.08241822543698218
9147,0.06887950348807971,0.002252793185505031,0.044679855982665134
9148,0.04834103858274565,0.016700064182425402,0.057508526750943194
9149,0.06785679049822363,0.058286435644616455,0.05778822291612441
9150,0.07314015121335105,0.06775843615344275,0.004251043777683761
9151,0.01795676150903707,0.05936243747905365,0.05592704680072885
9152,0.03911470289151903,0.061668218416470556,0.020694451205706378
9153,0.07817957792869648,0.08881345505199738,0.09605914515671038
9154,0.03592205636550501,0.0877620417335503,0.02125927497893808
9155,0.059405973956988066,0.05456035227074907,0.07092540342571328
9156,0.02841859528523221,0.06300070056228682,0.03858125277878565
9157,0.060895828460531695,0.09411334917301498,0.004584874542608986
9158,0.037560966824325234,0.08961658843765714,0.08691197642711035
9159,0.04584268348626102,0.09517763545108332,0.007932561612260436
9160,0.07742418259316614,0.0218006720539254,0.07470581759460834
9161,0.037413508652502425,0.05443362497680702,0.026920414016521534
9162,0.04682893195147713,0.06395894474704523,0.0961356633219281
9163,0.0745520366725676,0.08992422429194691,0.12762616576276287
9164,0.08590590793393332,0.03059279253023155,0.03023071881011872
9165,0.026362997532276403,0.06399377852778991,0.02431501363685833
9166,0.04786889318081983,0.1463824326826027,0.0959019042241751
9167,0.03769287613305875,0.01563252158285599,0.053321197757460505
9168,0.0686534148929722,0.07054878971814259,0.04334651282324884
9169,0.03490671165111532,0.08517265545697111,0.09135569438555251
9170,0.0317607004616343,0.02055845279016452,0.06573924152283342
9171,0.053230331440005156,0.029740984361000377,0.0020146491560819753
9172,0.06888989435802839,0.022328049772770198,0.05129476704366309
9173,0.026442644020073583,0.026389243218764527,0.0415650807418247
9174,0.048941773158887446,0.04627073781952992,0.0075829296321433875
9175,0.040602492495064105,0.05845437775347456,0.012106529354023699
9176,0.05469132811078123,0.018125396066237632,0.0015480987196301755
9177,0.05382958468694489,0.012266904272877223,0.07066091173401468
9178,0.04526269257431361,0.0012989780117927952,0.03021746768064909
9179,0.021711287051352477,0.036481266000310354,0.06183458730618318
9180,0.027408931182166037,0.16480559404909656,0.027942934368477026
9181,0.07153710502634623,0.05162301098408787,0.02177889521926898
9182,0.0667976124661485,0.006578115486617387,0.015903033111956788
9183,0.043707859188928166,0.0992935674959853,0.02102252660799564
9184,0.06911277245287861,0.039777987706326234,0.03835386110297545
9185,-0.05116515763261846,0.09644621391947744,0.011711908861791999
9186,0.06141643149281531,0.005785312167496582,0.0012182220067275319
9187,0.03996382434139509,0.005821680657903761,0.0931973113149234
9188,0.03874643981902366,0.043570675147255815,0.03574990063851596
9189,0.06386933022762943,0.07043057104440935,0.03330099193245985
9190,0.02287607557314839,0.07726072210206775,0.035555669601061365
9191,0.03495111312174921,0.021451255243011214,0.092538355188578
9192,0.07036076529169641,0.03291676131144997,0.034175068309434786
9193,0.005054199189442533,0.08314472682488666,0.028864796705665254
9194,0.017771270266163826,0.06143081756916191,0.03177906327980309
9195,0.03789422123112718,0.0015828374550553637,0.004549731953007597
9196,0.041693628306414904,0.03975908642550641,-0.079933445036206
9197,0.020811180612141992,0.01917171581219185,0.009540693332554829
9198,0.059466158789914646,0.19632350496585704,0.7977143516357663
9199,0.025210519537413413,0.025709137750210047,0.11339884707196864
9200,0.031015961273941108,-0.08580648136654248,0.024184744844212284
9201,0.0458790428674923,0.05319548217179292,0.09193475480408175
9202,0.01828215568377023,0.07246387768709536,0.07013157810025383
9203,0.0,0.079212650122913,0.09318406808807875
9204,0.03799168998544125,0.05925154552601172,0.08572622661415603
9205,0.058922128375974415,0.003867375079889779,0.07061510195119769
9206,0.022249023810977223,0.04256210371675419,0.05940880323724021
9207,0.04051032016123462,0.0934027492081463,0.0068210908807166855
9208,-0.17287119989621436,0.009953877772071629,0.014258815445965346
9209,0.039618852430144166,0.08659069468975178,0.081595253077065
9210,0.05303938019609991,0.08194806849957356,0.020671123455438624
9211,0.07757151358735029,0.012483773689290024,0.016386290456334808
9212,0.033443393501369795,0.04500042319283437,0.09774188060430801
9213,-0.15841368766128366,0.03340589024405293,0.08862084690564996
9214,0.017819665534833037,0.09269792657021213,0.024432271907095852
9215,0.02380990286314862,0.003909179749024205,0.07874037155033714
9216,0.012734227148086568,0.02077294213289726,0.13058537123086367
9217,0.07652531745628839,0.04004160531634188,0.04425816633944533
9218,0.06476540099029295,0.007006734726963071,0.0886018474967652
9219,0.06479378131061497,0.06923137019755941,0.06603706987510499
9220,0.0535218438642131,0.024841795833136216,0.043524254237394144
9221,0.0045543958659855326,0.030820277620345254,0.10790142629157476
9222,0.03362894154948703,0.0924557671747841,0.02096025336551498
9223,0.05449128635398973,0.013783154648171392,0.04347025641232512
9224,0.06662980923303749,0.05719649620529711,0.06957360165730106
9225,0.04111491759789541,0.08154537124148127,0.03678288966207588
9226,0.029574204684685447,0.07062344926239845,0.011827671423698595
9227,0.05052445816762442,0.0037358184706617116,0.028201751875402106
9228,0.09334155888415205,0.046483064075412465,0.06542347481408234
9229,0.041230586459168266,0.19902480292537383,0.028820516243444633
9230,0.05949318838026825,0.028709401570102756,0.03651934235253506
9231,0.07083250065343373,0.01586578095891995,0.11101076669943075
9232,0.03466882690982617,0.08296941566204996,0.02506590217915916
9233,0.036450484607252046,-0.3069069945703579,0.0606161737877248
9234,0.023612114185888596,0.036500545966406686,0.042525190161195284
9235,0.058798411468512,0.04256611920698106,0.04044992034281058
9236,0.03643983934078046,0.14029412576812325,0.09587347600372949
9237,0.05644488284099209,0.020725507619660258,0.11459795875404222
9238,0.06815954362491058,-0.05055873731654734,0.037276894661135665
9239,0.04464152598720044,0.09420538499435324,0.026223207147696905
9240,0.07877639232183568,0.07604880146190973,0.03854876848663113
9241,0.07339602596100238,0.13293132830017038,-0.03444385734783806
9242,0.03113848634718566,0.01874130354860179,0.10457689096398434
9243,0.0761438823138966,0.08937949372420231,0.013148967968999038
9244,0.0651406108403728,0.07702049569221676,0.06734764737031572
9245,0.049344020089817926,0.03341924861338709,0.062142128330597346
9246,0.03617315273873891,0.1025515794074887,0.02242869603921624
9247,0.06687986586980454,0.1387644626489065,-0.04210992277928632
9248,0.053869382968491974,0.053038774002143275,-0.21693080599699693
9249,0.0313090455545488,0.023698727965141234,0.00015569859370241358
9250,0.06888529724660782,0.0955651944450599,0.07607964377907882
9251,0.023602875293790557,0.0758397621819604,0.04883361114937747
9252,0.029644719709528887,0.06022025022288611,0.04940112908386425
9253,0.05202177413675291,0.09619526946379202,0.006222258591980024
9254,0.036413604313224594,0.007038896774840509,0.0898343339164834
9255,0.02255981419804964,0.09335403582194071,0.07550181103672317
9256,0.20126554641749428,0.0765307773996685,0.0756947619258836
9257,0.032669182437091826,0.002093204608513144,0.07667845781700798
9258,0.047247129818410186,0.04605964469829267,0.07729605676432896
9259,0.06117716741439695,-0.0823690730135988,0.0089086726650909
9260,0.052727784755183194,0.06159977989696606,0.05331416595770962
9261,0.035658734510731205,-0.02898967793801048,0.13608612893301075
9262,0.09274367079483595,0.12215483375837416,-0.23049783483241204
9263,0.038655069212062416,0.011814848545903612,0.05806987470652643
9264,0.023792256139797872,0.08559857239911503,0.027817894032565404
9265,0.0513693712719731,0.06395006840680244,0.09033434797376183
9266,0.06300155967612461,0.0024703363919098445,0.0800824697622689
9267,-0.19803576210085333,0.08734330178290371,0.08785039085922638
9268,0.03604750259322753,0.07985356905719015,-0.2582058412119963
9269,0.04970020593756354,0.09033073497832267,0.08702445493690832
9270,0.04471731264874824,0.03609337783667697,0.15470936713697414
9271,0.059670758390174966,0.04263626294628362,0.06735267551865692
9272,0.06077199627601571,0.09562682010044266,0.09064383256378758
9273,0.015195526167211587,0.14529376892814821,0.013139379427161292
9274,0.002925175905446817,0.04985429078275802,0.07075196242643443
9275,0.035388219736432004,0.07968118459924267,0.08172609162995409
9276,0.04477978350179065,0.3561550820570456,0.02018966787895753
9277,0.03696984945776095,-0.018391018586498595,0.1662317882414378
9278,0.06640794363567648,0.005966849837068755,0.0552873570504291
9279,0.03440194383377521,0.1544735349938742,0.002639166570323332
9280,0.05434693331318062,0.12199639850955638,0.16643513871661306
9281,0.05077107963680422,-0.19291910848100527,0.1391687872137601
9282,0.05607685195221436,0.008115271343430852,0.03396406692377394
9283,0.0598505207288878,0.01863746332718812,0.09788057853712943
9284,0.03000803055685393,-0.1539263722633973,0.07668747605310229
9285,-0.3578950804075752,0.0950705498958367,0.09373221343443044
9286,0.04563045459039381,0.3150023639696325,0.07343542351921793
9287,0.034349482673075984,0.03480022978928562,0.016410130326625683
9288,0.03184233954078257,0.02268735426001328,0.08023241255635882
9289,0.0580600725127727,0.04507584960460847,0.039656191836763964
9290,0.02908683032268396,0.013988111517376578,0.02576545282815659
9291,0.021894473663768742,0.009357940838538437,0.08312917486963228
9292,-0.11044024065565408,0.06547677403116406,0.003361244454025292
9293,0.011253485910566699,0.08906066382475741,0.019482933485212857
9294,0.03863236444643054,0.04871322316459514,0.0032938834749825733
9295,0.011477522150977009,0.14124236003633758,0.015929831521248505
9296,0.05146632282336429,0.022326591907086604,0.010710491726962534
9297,0.05429245971562705,0.040611679887073614,0.06258770399314119
9298,0.05651306614025974,0.09498897035016793,0.08464560174929027
9299,0.04573294348806198,0.05303097421761534,0.14088659073737478
9300,0.024767427960652875,0.02352927207279497,0.5685782424662427
9301,0.052391520276062496,0.05939811129306913,0.06313618802480168
9302,0.03665648437782093,0.06719378346024572,0.05780161119255492
9303,0.04629473175653851,0.016646727061122912,0.03381101753462256
9304,0.04389505971730476,0.04060589628091408,0.030080269695211905
9305,0.01762638537160307,0.08152728766797052,0.07561687321331133
9306,0.04243316344519323,-0.3303126838501358,0.189571880470785
9307,0.02379884034025794,0.02004592284597191,-0.3150028680249215
9308,0.04469082677012626,0.06675901573063547,0.02869213211664591
9309,0.021525508516065005,0.09460830108948413,0.009881895385499814
9310,0.04502583761674279,0.02102322441681803,0.041918907318813516
9311,0.020882631101197268,0.3325504677335559,0.1946804672070509
9312,0.03909044327670343,0.017732651573264657,0.019222031545332086
9313,0.08129161498004797,0.07712443831312951,0.06774333981738201
9314,0.0385582804144814,0.28101397562271335,0.045750242451851
9315,0.060616920835359175,0.04513864147093849,0.06851086719663023
9316,0.007663850628915191,0.02582853782566288,0.058031501091938165
9317,0.03504355288640468,0.09887382049579861,-0.010087971354751438
9318,0.0914770644462547,0.09876942785675076,0.03959605086062843
9319,0.014741151820798371,-0.15630044452130326,0.019048796129105844
9320,0.04666755956754825,0.04794692466587012,0.005771423736770909
9321,0.028347988743876888,0.017824263088112136,0.07501386097274709
9322,0.09440004031262689,0.08147482272340877,0.051431225165159536
9323,0.03995469371292415,0.004897333017635153,0.061208936820403494
9324,0.04930684109900622,0.05031460736256408,0.24976746164148428
9325,0.05839958148062654,0.04158140119326607,0.0190697879399519
9326,0.04329392636558494,0.012963482221615565,0.002043921627179035
9327,0.0511817168493178,0.018216808350560443,0.07746830345466542
9328,0.04672661616779199,0.050899091472371816,0.08982387326823332
9329,0.03289642768376932,0.009514853141436195,0.05189172241409493
9330,0.07538753015859323,0.033245047789322545,0.04238682547743723
9331,0.06479007409953735,0.051472848384516046,0.045282763706944756
9332,0.06223300504803406,0.07261111407130386,0.01997615881855317
9333,0.03390875433459718,0.08214057353157067,0.07186637059819283
9334,0.038031333246940496,0.5061298195427086,0.12373439586487883
9335,0.01882252585058711,0.027554200754287494,0.026685277733832447
9336,0.07575228728882014,0.08453898642830003,0.03649874581760526
9337,0.055165764078704334,0.02832652321091902,0.09808470932525293
9338,0.07471672609479382,0.08808008115044536,0.29228360447522
9339,0.060923907053957616,0.07730254006392989,0.02986418211496804
9340,0.056057699272188996,0.05651890678193103,0.08650293136663184
9341,0.05777141266655423,0.06129033281957391,0.09920265662848338
9342,0.05409733909619588,0.06944487264524511,0.0637577228910875
9343,0.029009301716816222,0.00013962814167922666,-0.14977518729520742
9344,0.054100673788368456,0.1277859303786668,0.08022089292004618
9345,0.0455716054150434,0.0706112786423158,0.006201553569443164
9346,0.09161593797529852,0.005419207669214887,0.001501996713156173
9347,0.05945449777477892,0.06986070078655089,-0.3513456860904882
9348,0.09945867197005698,0.09576775747521431,0.029720284211590453
9349,0.04478979614590544,0.0847274214653769,0.07844145535791917
9350,0.031069950485968407,0.094335917017736,0.05023212682088588
9351,0.06736720940724278,0.08019803553744918,0.030358588829788525
9352,0.05708928272591424,0.0809601834531041,0.03065438055722506
9353,0.07879631553683278,0.08243084846529829,0.09121455151537824
9354,0.02621591839152325,0.017656436725554715,0.056723671173519924
9355,0.05482916956308568,0.08321617209128679,0.05214929625642528
9356,0.05114607238754213,0.052514608199469674,-0.020982707576026605
9357,0.023971690249885977,0.00039562223692862775,0.037387009320254405
9358,0.014645672382764034,0.02756379751009526,0.04682579474527093
9359,0.03095477173672853,0.06771429466993324,0.09147635237613039
9360,0.06632027381806282,0.036047242855165196,0.056610697740312944
9361,0.03826253054533965,0.08261848132019867,0.013379174173357057
9362,0.06517719403187283,0.04302748766421849,0.18345585283221486
9363,0.056289141453380744,0.014388823863194589,0.03313519205383738
9364,0.04398343439639982,0.3141365644464203,0.018000508440418405
9365,0.01477297874351191,0.15351082607810307,0.040060343891709614
9366,0.04640826149960544,0.07342746781109065,0.09728648334649365
9367,0.04145560772007865,0.06280828862179462,0.0815725597045081
9368,0.07208738056308049,0.1222699917772882,0.08373873423367198
9369,0.04193383426863993,0.005988061442241222,0.0007686161601354824
9370,0.021658752652685062,0.026642680263794807,0.05277604668656355
9371,0.0550850726169179,0.03241675876564265,0.07358219879118584
9372,0.050983043375291894,0.016808488057245052,0.0766616508378723
9373,0.070732083726181,0.08923243402909334,0.07965517898622954
9374,0.056382419435363096,0.047485675552922206,0.052713931664725815
9375,0.0387008452546539,0.09217441293737609,0.03756217873789791
9376,0.052198744785883135,0.06275233152592438,0.02063994368451785
9377,0.0,0.271053236552407,0.18872897956368181
9378,0.005833697002989206,0.007771310136430089,0.05960156084714768
9379,0.0681228089360206,0.007702277677084657,0.05448939607317249
9380,0.07760798689572576,0.08751410655963651,0.011336876343836911
9381,0.059049847844052636,0.0852173012073896,0.08302503089313129
9382,0.018900010094042775,0.05567198818679097,0.08152554687464926
9383,0.0006463167737446457,0.018440766742802095,0.009511144056570608
9384,0.07204393440280724,0.031060365106204735,0.020911317642682538
9385,0.03829359015880489,0.093854448042325,0.11415947707352865
9386,0.0552639074606546,0.03562875182077096,0.07322659641532593
9387,0.04218864712568911,0.06353278410725993,0.06804104721870317
9388,0.022986563953000593,0.0818394775156619,0.038770813929021056
9389,0.06043623716148497,-0.2705785577025217,0.13863657825531525
9390,0.027614347375855823,0.01952267478905787,0.02859180630110888
9391,0.03184894628878886,0.1080683753008329,-0.07992787213238942
9392,0.05320745497648201,0.003493186775243218,0.032950541922548315
9393,0.024512071362929804,0.09125453866620611,0.09169209236423313
9394,0.04168565240042736,0.10900714733452005,0.211417359217048
9395,0.06685303258788769,0.017777068002481022,0.041297898895505336
9396,0.006766170530154679,0.13781942697531321,0.0579975657596811
9397,0.015069144083360133,0.018166506898586093,0.021511177047189942
9398,0.04337109170314561,0.05490418176315192,0.04541353342300486
9399,0.044306858899825906,0.03850275897778184,-0.06345541782238198
9400,0.08500014048390755,0.0017308362990341442,0.08279217517555763
9401,0.04219907744836332,0.0066214500578462565,0.05810719561808293
9402,0.0744891844042329,0.024580962582503463,0.07444247470078864
9403,0.060506951791317196,0.047128148905497026,0.007539069473037741
9404,0.04792420946579915,0.08463887178933624,0.004755053829059042
9405,0.07532735110265323,0.03433238007772578,0.09072543269553254
9406,0.06396571360681917,0.028360274010570754,0.0609118317108519
9407,0.030871670601413072,0.04962391421503124,0.08850393533505292
9408,0.00957507149788591,0.0310050440009244,0.09171443622856565
9409,0.02313529821526621,0.16162218921855465,0.326539919501047
9410,0.050349947837289785,0.09947653555379649,0.014057474838097252
9411,0.05441261760157138,0.07567180204720585,0.017098054976417254
9412,0.05705919570120034,0.07005677986972296,-0.027652541908680717
9413,0.06904181603831838,0.08564099599387323,-0.19389114622169534
9414,0.04583317537329552,0.15383952864680533,0.47080171649818614
9415,0.028561603471492458,0.07638123010080336,0.09486010428158181
9416,0.062050859726122676,0.5132359112382535,0.13625539774400408
9417,0.027221043983995538,0.08782413172899298,-0.17013452587683195
9418,0.029970238379302926,0.1193346870981597,0.008755458077877368
9419,0.019866584203025422,0.021542658015594764,0.046241338270853166
9420,0.06997640770423601,0.09272948580020642,0.030881581901715784
9421,0.020150404603045416,0.017344778191429832,0.06354673483184689
9422,0.03682852421258423,0.08306186601215591,0.08660568036317712
9423,0.03132591983527637,0.14408483136557595,-0.33126105058007493
9424,0.056418064745126256,0.035172903320523766,0.03427318172089914
9425,0.029853013210549787,0.025501267254775396,-0.07405692254439031
9426,0.06914886135092753,0.0044005393315847295,0.0832379085830483
9427,0.02311018801434615,0.062254176661726834,0.008587111151275348
9428,0.023332628020127918,0.04436956157411368,0.06738772156984552
9429,0.05046787790307435,0.06293772149764754,0.08709734027168939
9430,0.06605821289156585,0.08082807070596025,0.005172344742312896
9431,0.025499627515378716,0.06327750758616567,0.03065147297644527
9432,0.027798430788938136,0.06044795865925118,0.05304380623117108
9433,0.025561591807301418,0.008315919311202957,0.019739937402803488
9434,0.030972910821953893,0.024892506961566647,0.09924585350635338
9435,0.03046832634619763,0.035277304094180395,0.04321345718028931
9436,0.06253957957237281,0.006197944812604017,0.09165105652328236
9437,0.08553866380974434,0.09319033340252543,0.014024568994956589
9438,0.029664864264040896,0.19925722727939132,0.020558774933148602
9439,0.09115084971848775,0.043344885175620664,0.002354145550440312
9440,0.058174408461781256,0.061881365831592164,0.0497567844923399
9441,0.027544566080748824,0.039346181883174264,0.053794421358634395
9442,0.03022277368149919,-0.014524274418109842,0.07930376144316337
9443,0.07753525420297283,0.0339714843404804,0.03752797023885021
9444,0.06678528498143155,-0.1272653434299488,0.003594140722355066
9445,0.05964682826304756,0.013907207777061715,0.09114165632636939
9446,0.05871077864642126,0.05483028715436065,0.06680116256067185
9447,0.06657307811992597,0.013536484345304446,0.0839696425256353
9448,0.016753067765896572,0.02516015135911201,0.163261373347707
9449,0.04052095418972176,-0.3282617342084886,0.025677443415535087
9450,0.03825862868152739,0.0010714755507504781,0.02457694239429863
9451,0.04627208051087176,0.1838719521409693,0.1194602101665353
9452,0.05961203107546066,0.09768545591250571,0.03202321652429412
9453,0.04626630072614621,0.08191625649338695,0.025928566551433142
9454,0.05748164463989146,0.09465235727682009,0.08676802586712667
9455,0.06520483438972913,0.06885210233473973,0.05255700473081868
9456,0.04248438498491344,0.028424120451288396,0.12485221050472602
9457,0.06633625243328667,0.005253468343719115,0.033906373801875216
9458,0.05387296491419458,0.02755947929654541,0.06691176774142608
9459,0.027899393792421227,0.0668129184038214,0.018763589415313992
9460,0.0909236571771948,0.062231046188189254,0.08541261482726485
9461,0.056456204719972154,0.034001437231324406,0.09972049993004223
9462,0.07377896621062074,0.022125867651364973,0.0009793511505515994
9463,0.03212110876900262,0.09936972409321819,0.03135216082279672
9464,0.026797002526086324,0.04910563639113516,0.04001404507518741
9465,0.06116914933539756,0.02603345976735623,0.0213477092487401
9466,0.043577270581604086,0.026628002687233542,0.05255924171238775
9467,0.0504472678302253,0.4549148380397692,0.1065775121972278
9468,0.05855600668282119,0.00445581455707668,0.0465271216911619
9469,0.04757218342301616,0.13839174313587932,0.23510617861416305
9470,0.05834658626120601,0.05637982719714865,0.05904511609731997
9471,0.08197010348552594,0.050361313933676856,0.09220536598193674
9472,0.07389113398446319,0.030147578077511394,0.0757467032534659
9473,0.032287878196703666,0.14053888667774475,-0.09186414640121109
9474,0.05410389225730253,0.013307674538426196,0.011992671432293378
9475,0.0263480680374409,0.152854993036858,0.03614657179019217
9476,0.020315065545316605,0.02295934847631127,0.17978831467022371
9477,0.0826748778798912,0.09810612557047134,0.0868886732743224
9478,0.0390198681039247,0.15379580175491958,-0.1483906333079923
9479,0.09284520235858729,0.047110089113011046,0.037010417400381246
9480,0.08445776153458445,0.011262555271753516,0.07942556235235035
9481,0.03065235304082945,0.18476486707110604,0.11165360869503221
9482,0.010003636708444653,0.0897551080481516,0.028249233489467052
9483,0.028199213697589084,0.0708839324438607,0.00508809408358405
9484,0.05902781740810502,0.02945795793734024,0.03873776743559868
9485,0.02645404878811429,0.03965116733727358,0.011578317122853189
9486,0.06628234878031575,0.03576729276601359,0.018218585379010867
9487,0.03864526820352399,0.07592103314289862,0.05010412435254908
9488,0.07158067581892345,0.03483462973826206,0.005075891703762026
9489,0.057883535502222055,-0.15611944392886817,0.07273064528420124
9490,0.0391782407094082,0.023454036019334767,0.02100387753067248
9491,0.03141904251262177,0.045870736913504434,0.04006094761457279
9492,0.07519493326718779,-0.21800956652165943,0.10158523735819705
9493,0.02877036810701825,0.056404639150964324,0.06853280153953947
9494,0.053044302237396604,0.010264840921831964,0.002329256257262935
9495,0.06318855896998068,0.08471292966357981,0.06676811694500769
9496,0.0063164028209840364,0.0020674304026349734,0.041384645116182145
9497,0.054405172992447244,0.033359865187935094,0.02465589753603098
9498,0.043864440025306796,0.14821158712300203,-0.4044368569456145
9499,0.06055652643365714,0.061792468209970954,0.06959623306741611
9500,0.08072784379706734,0.00395926165602285,0.028397049124549736
9501,0.0771616107681,0.23782675964855735,0.024183115960992586
9502,0.06492092233075018,0.08328021626092084,0.0789770672093083
9503,0.05699136493141817,0.05951367583218434,0.09512795275683697
9504,0.013168626990796671,0.02019895724355458,0.1683806560994269
9505,0.04112188312050609,0.13176811647173145,0.03478988782000225
9506,0.0640044415544234,0.01224206919749945,0.046756607071106626
9507,0.02981715708009311,0.01286555920696747,0.026979390117230873
9508,0.03724176955414227,0.056915873488591145,0.006044614017258399
9509,0.05386897699722007,0.05900694774789814,0.08012785231637701
9510,0.0019238944256562349,0.024590165471784744,0.02392920805855252
9511,0.039750746460041925,0.15232028486309193,0.029401206113438938
9512,0.055157982562290216,0.03471225079354882,0.08924328466498808
9513,0.03619111351090626,0.12571340828975475,0.08543553734653733
9514,0.05963175425647774,0.04698443157150405,0.054234534912356226
9515,0.06989349883849666,0.024394988381939032,0.03345613903963394
9516,0.05460879960309922,0.03622504276624542,0.09859617869011095
9517,0.07051208709674922,0.09178435219124331,0.07060915058887599
9518,0.06300153066304603,0.08538872091230473,0.051680756863401504
9519,0.043928443443625356,0.019327191445620687,0.008547222340785943
9520,0.06544244816282531,0.09453595444737092,0.09979979255046986
9521,0.062359036800024095,0.015546902836193754,0.09079725832078823
9522,0.04014250804461282,0.012180905562658363,-0.017085138074754452
9523,0.029659916484809038,0.06324114961664389,0.053212339395548806
9524,0.04231330248958112,-0.04144279617417793,-0.04979866080867141
9525,0.06905948214978132,0.009852475950018192,0.09110613281495761
9526,0.079454526308683,0.011567288515549968,0.09508846849140967
9527,0.05433361170855322,0.08711539722599321,-0.2504372339256321
9528,0.07208418942328702,0.09768473464912987,0.01592404573552473
9529,0.02939629644470486,0.0618575677683999,0.04014037794011767
9530,0.05953049073985328,0.037237553492845625,0.05914679075689527
9531,0.05156720365685754,0.21445082539020072,0.09381425579655023
9532,0.03651305425272866,0.031340665821602665,0.046829620517393866
9533,0.024406047089744195,0.08319908723563274,0.0845125535570735
9534,0.043033713032317046,0.054785226827116666,0.09104911434793875
9535,0.010721339276105003,0.011752873725338599,0.013918779639981484
9536,0.011053777892575736,0.008422399430087468,0.009859133476067218
9537,0.062174870799549885,0.02484764098341672,-0.14690341114323205
9538,0.06680328410287886,0.15536228510324868,-0.06872024757774602
9539,0.04566380296482183,0.07621264315042364,0.09130810850824846
9540,0.04804965916699155,0.045745344962665226,0.0837739420546511
9541,-0.33163513992409743,0.0935275042741826,0.04775238967271714
9542,0.057050448349948865,0.06427063109082815,0.013571265493242814
9543,0.042155468401815166,0.051103857916174694,0.08335970572024215
9544,0.05603994268868931,0.05841669730596898,0.03103298671824287
9545,0.04148247699212587,0.14312552387845662,0.11648433681799218
9546,0.07780672696485302,0.057881432224732236,0.03409237677016865
9547,0.0421496641317501,0.07093372570763871,0.040475346059220554
9548,0.0663894386598963,0.09873327941255833,0.014927401701092647
9549,0.0543187761470645,0.06378941844059093,0.0974895566704056
9550,0.027109339327515695,0.0056067980970406885,0.01637001411142244
9551,0.02946250660767767,0.09925376193149904,0.0629613999470357
9552,0.06028302368022642,0.004289795586067291,0.05602633568148714
9553,0.0,0.1238545139613388,-0.2137510029723964
9554,0.014368274066040264,0.029398850012729794,0.02389369565285858
9555,0.06740858381346457,0.061819281576889255,0.09351625737467201
9556,0.0626479797505164,0.14361172197580996,-0.08946573616128276
9557,0.02125686363979715,0.0828766644881352,0.02318588655456861
9558,0.06101464335091202,0.186115032397388,0.010661144575048048
9559,0.0011322348711766482,0.02498494567598655,0.011468477895528918
9560,0.03373112682055519,0.049848175839829006,0.02413105289164056
9561,0.06216931374414343,0.060300389875132226,0.0440169552118352
9562,0.0015683820213222774,0.054378669466463525,0.06690730298111468
9563,0.035423024427890276,0.1268892530340113,0.0965712502390467
9564,0.07392585120680346,0.07440041606144542,-0.2747387619460449
9565,0.10005893823704967,0.08445289360688181,0.09111923522129273
9566,0.07381490340435777,0.006651682878358278,0.0027296783591416853
9567,0.03666055693881156,0.01276386514933725,0.025802223353790454
9568,0.06547098195613783,0.1586770813052985,-0.2771426454083309
9569,0.05395881961841938,0.08633325056713739,0.06938329257930752
9570,0.04552878891187363,0.0036150863665399104,0.08242045510033044
9571,0.07122704024448707,0.05421157279552396,0.0497445963719967
9572,0.04210915316081462,0.060078217611181345,0.09695291264870147
9573,0.047728530402142796,0.11372938000286623,0.09930463457606618
9574,0.04379128557878407,0.017816851932708346,0.09770860548660093
9575,0.0867842535168051,0.019834108695614073,0.0044186387582366374
9576,0.07129231029642033,0.04963261668680258,0.034868107663302075
9577,0.050837398348937995,0.1432568251585924,-0.09087986056562432
9578,0.07881621585324956,0.05146675340388157,0.08321538508475101
9579,0.04466070426632856,0.023780418352524615,0.059347353745321685
9580,0.03335116776695014,0.029641285710926016,0.07824735138162509
9581,0.03915928856011162,0.06102592750534741,0.09595576076636936
9582,0.05038053381608218,0.026832879403150347,0.06184940144933243
9583,0.0718074394018535,0.05533702576625266,0.07901681613194782
9584,0.0731640942177368,0.018295062269557783,0.041840388639623007
9585,0.05864359144241537,0.5714121679743736,0.06385104844312775
9586,0.05457710711987395,0.022886762449252952,0.06850067390617921
9587,0.06385553351234867,0.02844114946992813,0.096081867827001
9588,0.0694222672087562,0.02846546970400317,-0.0896373163250901
9589,0.03698242682137684,0.14237787426431578,0.029311597292116548
9590,0.061504274904897856,0.04532436533224257,0.011155937522741933
9591,0.04165849752151851,0.08446415738030298,0.012944228799084046
9592,0.06310134995743642,0.0737637935003184,0.003033896819400672
9593,0.010853406899581764,0.15050635773416693,0.03508573979930994
9594,0.05164922219461853,0.03934103463817154,0.0420633453771641
9595,0.04686679669460622,0.011043016456928602,0.02000309236352309
9596,0.0532047307384504,0.03549042413437104,0.053177431575778665
9597,0.028324740692786395,0.05508691051925888,0.09172293642703626
9598,0.04799549493983512,-0.05465853456839705,0.023306807638979035
9599,0.04160985882157167,0.048750287133702976,0.0890969912320808
9600,0.08152093417429393,0.096778555184788,0.05819535869213648
9601,0.038698345608699294,-0.012134019491921874,0.050223001521199906
9602,0.024947202159922684,0.02194160384118704,0.016778702649327702
9603,0.040830907300174205,0.060881807284573014,0.013844774502508973
9604,0.08070418533185375,0.0377929370836472,0.05753456490013318
9605,0.0529469688812171,0.053713355234420994,0.08403443365950462
9606,0.01609626463070063,0.017105209822913813,0.014613438535280167
9607,0.04515084917126105,0.07238374518743243,0.020287551020768194
9608,0.043084219791342526,0.12074510904323521,0.1963486854444236
9609,0.03834961515558156,0.04145759359886985,0.06301933481359133
9610,0.018732627262856155,0.08372850623288436,0.03976472977385927
9611,0.0349413940045481,0.010432407575970228,0.08108041540130666
9612,0.023930818051782203,0.09915213932423383,0.07846728521350946
9613,0.05314319658658373,0.013562162815366485,0.022645944837247235
9614,0.046738503917915904,0.06861886690116949,0.02904962370903791
9615,0.06130823301858539,0.25808524396785204,-0.39467129663084577
9616,0.0445434794387488,0.024044387714987972,0.05018546515768255
9617,-0.07815052884048293,0.016548006730323774,-0.10292429156388899
9618,0.04908831988815365,0.08421548215824684,0.028348888143339548
9619,0.07759830452865503,0.0013402082271632755,0.0113188097709228
9620,0.04980125416934696,-0.0018303936856217118,0.07884421318024212
9621,0.062363309517034865,0.05907595806906481,0.07971594687982668
9622,0.08021439867928194,0.09377674070889085,0.08295795610050578
9623,0.04481419485948051,0.00176243228006725,0.028203861750838267
9624,0.025113911908746938,-0.24452757298667588,0.11208725235422493
9625,0.04221017518742436,0.0845118806057384,0.04863439766816732
9626,0.030618295576581814,0.16829237251477358,0.002139424861476509
9627,0.05906466264327494,0.011495198650002349,0.02495114542073165
9628,0.06305481977487952,0.06324884509939291,0.07282506323295933
9629,0.05055019401520697,0.0406295975823227,0.04589878484925856
9630,0.036410183199410646,0.018623154251033724,0.03310553872677013
9631,0.07993166945970698,0.09605949612944309,0.04742226836496896
9632,0.03904644553537623,0.048255733830834126,0.016812318019489635
9633,0.017997078704456673,0.07260486324700573,0.03304887219117636
9634,0.04247493305248695,0.01783911577456504,0.04087675736737663
9635,0.06881088462152948,0.08299251046498106,0.03422067604506253
9636,0.07768319220364457,0.05500261250446872,0.050917886294283
9637,0.06730589447430335,0.11837712417601419,0.14266915428642724
9638,0.04715622528461565,0.23199802025708316,0.10522328941729331
9639,0.061613192708007636,-0.055258012702133256,0.10366294969235482
9640,0.07629520681015085,0.057129258055738014,0.07959767456807998
9641,0.050589046671223756,0.03345086035964997,0.07034334677540423
9642,0.041728558937095254,0.00598503318898751,0.05817273586263616
9643,0.0,0.11366019856892354,0.015871888009289948
9644,0.09205166879340565,0.057087734623119814,0.017940765809596127
9645,0.06867277096878054,0.09242773455958724,0.02371305990936842
9646,0.04933101094483639,0.03967488454557742,0.052096250441236946
9647,0.052319964058027635,0.013016869124641962,0.03196460573150487
9648,0.07582617900785552,0.08154529629113183,0.08717226415539796
9649,0.06246205195335374,0.4306264236209479,0.07418891032674756
9650,0.08265945072010333,0.041916956381265524,0.0682676442209058
9651,0.05657883369969193,0.044107135197488684,0.06675009566911148
9652,0.02968518654387591,0.0815152297671492,0.037174944075270784
9653,0.04074089459135326,0.0650741997561531,0.02523310579712584
9654,0.02741705255614742,-0.13642360116663266,0.029021340712631873
9655,0.021268643674712328,0.06975004446636977,-0.05455813269709851
9656,0.0666217069666445,0.005300408468715757,0.04228574849441216
9657,0.03284394083182976,0.03693269029120947,0.059383358425188694
9658,0.08863623975843127,0.05436303031271133,0.022773611031879984
9659,0.03587726082032019,0.02180409099691389,0.10205240561231593
9660,0.0396550242713348,0.03783984317156064,0.0359336016521717
9661,0.04412743451725793,0.018611685230759314,0.07533438221844968
9662,0.041282167310193005,0.061401039167647414,0.0020325961701438966
9663,0.08159089709653738,0.035556677582368905,0.04697909081558335
9664,0.03065652394622149,0.004867725128469925,0.042134617361515164
9665,0.037009072455745855,0.027628663983414556,0.04021495878318282
9666,0.035152809340620504,0.21357247746821273,0.006767862716382345
9667,0.017684376585762038,0.060700546831571424,-0.2142716280317326
9668,0.019454457590969754,0.18264431262928882,0.026664143141531375
9669,0.04334202058457608,0.17512612466672195,-0.18318611268343699
9670,0.07179454360993923,0.015015380236007748,0.08564512762472633
9671,0.05511631620731117,0.08251520920958998,0.010598200163699745
9672,0.00896810790485245,0.02874169947900429,0.011004022703246309
9673,0.06334344453539857,0.07568154548348291,0.04510135994892293
9674,0.042758223387964714,0.07547563596618845,0.03632891270470513
9675,0.06286836130320518,0.5739295004825922,0.1946286170747663
9676,0.05264874748342835,0.03188143948896262,0.014581896779237359
9677,0.04336648318562712,0.08758054352141753,0.040424593034711145
9678,0.05827240030601565,0.047280445022712,0.09866697208826337
9679,0.07871098377367325,0.0061696896287584905,0.002132016260767711
9680,0.05347186235462332,0.09520455283463085,0.0047016869241457765
9681,0.02714951447982617,0.029466644870240283,-0.23324134506399685
9682,0.04666375561129333,0.01209664180951372,0.07756991875332003
9683,0.06363298251591037,0.09773785910181985,0.14616905198983504
9684,0.03965157506572166,0.021296430668369407,0.057157740268617654
9685,0.02499286286971881,0.037650931697532676,0.024154021181085394
9686,0.047974380741334,0.015202931782450647,0.007698045378650898
9687,0.011389365790420873,0.09275262188160181,0.05273497735033722
9688,0.013260221681972356,0.026646952346143813,0.002296169676273078
9689,0.06411353949571649,0.1390317782617031,0.16064352392672748
9690,0.004121856496266573,0.1344331354118996,0.03082260702520773
9691,0.08218465142169125,0.06687948527933822,0.07814018428779768
9692,0.021659659394690788,0.05540291805719462,-0.21164571989796982
9693,0.06394013327226157,0.018245545393341833,0.03444975062672687
9694,0.031286130075453736,0.0080882915260589,0.06400167759083367
9695,0.047149215996768565,0.06267851026097072,0.011568658669970745
9696,0.07038198334617182,0.02901359717396388,0.09212420431574958
9697,0.028057457856041336,0.09928802381035502,0.04234086586392093
9698,0.020038597617765233,0.044849867587286346,0.14307560730908486
9699,0.028868800268789387,-0.029930953783274303,0.05793105038802396
9700,0.060446816823148355,0.036416440726521,0.2412568830919872
9701,0.04764679504701079,0.0702227724792729,0.030102294635646867
9702,0.06299777347591456,0.005355317399830173,0.05647429421022329
9703,0.04589655157560476,0.09360309259659384,0.09049825203069697
9704,0.021502826560680838,0.027791189313770705,0.09504294107138453
9705,0.04698005490249063,0.018995974347046474,0.035995926786436774
9706,0.07159562657379137,0.058092192775820145,0.01961318104596176
9707,0.03413461267549983,0.0444436838946447,-0.2680103762021756
9708,0.053854767801885035,0.07420239066848748,-0.44194722948839
9709,0.03950695470264871,0.0329578093888653,0.16004343951646874
9710,0.018292437110275554,0.007947444239182023,0.0768242704002205
9711,0.03310801255776326,0.08333202565227577,0.0018299900218273991
9712,0.025946816196216835,0.12092091401258459,0.016088216395842958
9713,0.016514802195497204,0.0032647509801823184,0.04857205075773377
9714,0.0747704123009988,0.037067142850194704,0.3628643798906701
9715,0.03585285749633429,0.023478395254523,0.02241298586213183
9716,0.011064342657098027,0.03940596369845765,0.0964840320546885
9717,0.018237691094335554,0.04837773536098995,0.06119342587824749
9718,0.07024364025729414,0.08250142193923356,0.1856226589202165
9719,0.05065062637382338,0.0920428638964625,0.07971134954017356
9720,0.05514044386428712,0.0547955753287098,0.03366831601813195
9721,0.07166102586959426,0.029057116985232747,0.07138288124487391
9722,0.06756717029330331,0.08077509917156808,0.007129967489304079
9723,0.039199893257085734,0.010235338095749648,0.08505876672037138
9724,0.050591486776601205,0.1436177385233844,-0.2634006625485835
9725,0.0616012553107243,0.026527930450447514,0.029373766981824936
9726,0.059240393507107546,0.052957137965356706,0.06065592837927774
9727,0.05618023063613368,-0.11914085537923948,0.1826271568261926
9728,0.08135260561811511,-0.07280748996339867,0.055235527107762986
9729,0.046778761158850296,0.19699681214631884,0.16975935366398512
9730,0.05678465195032993,0.09626944055512837,0.06717508293204537
9731,0.045465566351313755,0.006533852229419168,0.04497312181669602
9732,0.05739326517642897,0.05042432285634584,0.0803636107535985
9733,0.059756124204222896,0.08465447273096832,0.09530219019294414
9734,0.051849899474930704,-0.2556959437563741,0.1700245283254275
9735,0.018953904129440563,0.1424307330834442,0.025527062994426884
9736,0.04613501495358683,0.013677666698287683,0.01592440923464178
9737,0.04413058725580006,0.04406179795461232,0.08186192120153274
9738,0.05570739050385686,0.3999132376089666,0.021502077509581153
9739,0.06743081090977254,-0.2121493755284718,0.1472595529518147
9740,0.05819224093765972,0.029479115755726006,0.056316829465841836
9741,0.07634306300154783,0.0425623631396822,0.03455587748213406
9742,0.06562105937391415,0.04295051623288873,0.3718720558478791
9743,0.041257090837087,0.02693794287510104,0.06679663725699359
9744,0.0034669121081653473,-0.1817404658120163,0.05786607143688976
9745,0.08123333184093684,0.09504103309687835,0.040541694303371706
9746,0.04534382545295049,0.07872162214168693,0.08864550061808657
9747,0.06293949274453937,0.07727835048486217,0.07592478906303474
9748,0.046782814792079866,0.028222959600505672,0.021642966014479483
9749,0.20668853451689345,-0.15267956141569755,0.15608466705674803
9750,0.028116563562299947,0.02689756574303119,0.030338732884080444
9751,0.0714358103825248,0.08086593956069116,0.07338394966550664
9752,0.10932530684916299,0.019745960897439796,0.0776944502584524
9753,0.07713053485136613,0.03346108696855959,0.06649596448670907
9754,0.04695783983736978,0.0298345640770613,0.04797518022662094
9755,0.016700367054239884,0.07872007712838566,0.04238410610498558
9756,0.03834522391826906,0.03922793963778468,0.03737919974091758
9757,0.0884748129403134,0.07619437418036325,0.09807169776019786
9758,0.05075533510939503,0.056998255505126216,0.059103563823909515
9759,0.07511793460089432,0.07977015881182296,0.09580089980663725
9760,0.04402164016104997,0.16378790319316064,0.10841210767276051
9761,0.050669826250247726,0.04195865985257438,0.062445152637861594
9762,0.07839519915916443,0.015783294638496117,0.093370785668769
9763,0.05550352877920111,0.0494402914071656,0.0955540686691449
9764,0.03779404861883498,0.034612292551510875,0.06406595071353326
9765,0.015514010517087722,0.0008288591107818988,0.0010453781413502616
9766,0.09048201674653109,-0.11634377289623418,0.015741213340107297
9767,0.030155310046443583,0.03340683316360495,0.016633272536714983
9768,0.053465346375134414,0.0016851053513196714,-0.07009877924148705
9769,0.09262981865627616,0.040898691504541645,0.04847197945544346
9770,0.030665771179098723,0.06819498315671542,0.07096375492086843
9771,0.08548332474558137,0.10343077849444707,0.3980880000842139
9772,-0.08406163966715077,0.06058030735204001,-0.16828056184165793
9773,0.03246368339584007,0.007788811665940587,0.07223616498235298
9774,0.021887015127556454,0.04574067233431768,0.0017526257589564832
9775,0.02961598692659041,0.14375451040105133,0.05766381325629128
9776,0.04973412415164688,0.03557954733250179,0.08976477053993151
9777,0.04286715590822435,0.05090953510808858,0.06262382264933013
9778,0.0713448639668068,0.011961018448407225,0.013901855558984278
9779,0.04571062527455669,0.17915126294291722,0.019698169431921455
9780,0.04229367529828257,0.07120608647537337,0.04934890131899203
9781,0.011430525356818995,0.030354038101987245,0.07151640458246589
9782,0.05034989409996901,0.06596581554229064,0.03437064590203282
9783,0.05483824571454993,0.07522601396115106,0.07940973133568291
9784,0.029215284328578017,0.01481031517773669,0.0008855317038583444
9785,0.07550718450100277,0.011580012053042578,0.01565497569951575
9786,0.046763153782316394,0.09305886441266356,0.16991114990062395
9787,0.028112139331878696,0.017488730549901195,-0.32136978488899237
9788,0.021477543830184603,0.08562387763485813,0.0402223087623544
9789,-0.011794072988655285,0.039761429652430194,0.057201248040558365
9790,0.04822095349026418,0.05629908784974798,0.09777541487457914
9791,0.04485339532253717,0.00667286693921999,0.027531656740004296
9792,0.03429473664464738,0.07579793490239804,0.051334922702201496
9793,0.05337871751093777,-0.45581881052779827,0.1573329211751412
9794,0.031065215152658338,0.08359989405156143,0.08629276249570517
9795,0.06320995295606044,0.02610798754916789,0.09820556175293055
9796,0.06342798140300393,0.04110841900622145,0.07544309245304331
9797,0.0652536220720938,0.04104579787236984,0.02396157062665265
9798,0.02810881511917977,0.07748864389759501,0.005367630181744899
9799,0.03756647008554581,0.07107307028316838,-0.11784020459373222
9800,0.039639051235629566,0.0367110605408727,0.015566404841018226
9801,0.03246375143026854,0.08338684101742314,0.009013353376399316
9802,0.06449477192290752,0.0645938914746924,0.03914870371239601
9803,0.06475301394991179,0.14065786846990153,0.040213573495554523
9804,0.04612093637982388,0.03641405901754618,0.4576718439778255
9805,0.017543820554077126,0.11666924470816331,-0.17081896802527224
9806,0.02034196848856765,0.018083251661784358,0.11717281436113458
9807,0.07966711603693735,0.04058851401983304,0.0806584162556171
9808,0.06131832452015996,0.05560839551097862,0.07527820113979766
9809,0.06550970345394118,0.040973925087215035,0.0835835619823074
9810,0.012822711588222761,0.16356276221340274,0.027449765900248366
9811,0.06727853676652444,-0.3116139898387428,0.02137669394610966
9812,0.056261713292455925,0.08522015480013599,0.0817326824772781
9813,0.05604222676104591,0.06828334862079595,0.08499984462977728
9814,0.023336799708852503,0.07425595159802748,0.046202464720833905
9815,0.007201262349896709,0.004706836880926391,0.0746146774986056
9816,-0.4124011369780761,0.024185330563699495,0.09891847601393244
9817,0.05972466654683328,0.029377722167843092,0.07254249071763234
9818,0.10223045483768345,0.0834207102859575,0.0737043588244885
9819,0.0201238913089102,0.06337638612075706,0.06545921968504455
9820,0.034318622035266214,0.04739996311330163,0.12011110506144561
9821,0.048810936733073344,0.00816886624541433,0.039345429686085204
9822,0.03503680629618899,0.032232698295640315,0.06590009240325094
9823,0.03390731797579447,0.047674971309852356,0.07490309999325442
9824,0.05866601220602445,0.05728804478420882,0.0738548225241888
9825,0.06453923523394872,0.17319047213263955,0.00949436643972855
9826,0.07097616442487344,0.0444190375852963,0.06634098816613766
9827,0.0319925649496757,0.15830807503795982,0.37858523298162916
9828,0.016207959797375916,0.023705848208972594,0.049341836805853224
9829,0.059644313849295756,0.06509907184916301,0.03221407720144522
9830,-0.1292152550734197,0.04499704684276939,0.01247230981012123
9831,0.24979685363601611,0.08668472512649501,-0.10286092699517145
9832,0.048012934313883426,0.20735166083854886,0.0903270627559899
9833,0.09748247160795612,0.08331024298413992,0.13454586714238573
9834,0.03459356210384924,0.01456203566498232,0.009634145661484128
9835,0.05300521602781636,0.08591509366741372,0.00802861538881009
9836,0.04864329122514466,0.03684837716108944,0.039559801272169196
9837,0.02995802220549237,0.0793345087648043,0.035330234292101186
9838,0.07947121862640577,0.039362868624592144,0.015576714281821747
9839,0.03969959722075289,0.04251320840219283,0.08264884479160478
9840,0.1579887797934018,0.013406087407814527,0.007050934968341804
9841,0.04189994840200882,0.02900840599258794,0.04066566981762663
9842,0.05881518875768619,0.08507623787809665,0.05852239543621049
9843,-0.16083759854902097,0.01413425822604888,-0.03758392427140159
9844,0.0745043045751478,0.06709782906422422,0.08915235110225252
9845,0.062392869556873225,0.0490593738226393,0.28933382836662114
9846,0.04969960312721463,0.051469645098680177,0.029227196640114306
9847,0.0,0.027638736293923563,0.09879460628824696
9848,0.021902328282371066,0.0042208650775734545,0.048878311671147236
9849,0.05249548827464069,0.09957267535076347,0.07375072665703823
9850,0.0548355070200818,0.0708601744780816,0.09687995088698735
9851,0.036598620319044095,0.029037917725047536,0.06629778254813995
9852,0.02779486554879376,0.06710068813073784,0.07025086890786163
9853,0.032958529243309415,0.6135583974024886,0.07380745981337532
9854,0.054152528461833084,0.18628457266350848,0.6294922336014406
9855,0.030351627882025695,0.0390819740731122,0.030004475286926336
9856,0.07268696890352795,0.03267900146048807,0.08963834059519733
9857,0.011650273457167702,0.19955477725355134,-0.38113273238034007
9858,0.028401203612463864,0.007905164677403494,0.09840810597056081
9859,0.04330394822231966,0.09433730142789981,0.03184649413111606
9860,0.04145213305222241,0.07594950043164489,0.07572612766217895
9861,0.05239802991178368,0.004700772948717114,0.03536305661221586
9862,0.05529882010460533,0.09335778556624424,0.06467475506491972
9863,0.019074079238340362,0.03652524657044881,0.038803908207975406
9864,0.018118246982200936,0.09098924462070701,0.07150323913326466
9865,0.02136604003765662,0.19046454707415525,0.018115874803800367
9866,0.02374840989189251,0.02446453830753577,0.07174392326534476
9867,0.06770822876078039,0.09593934077670606,0.12458195155261892
9868,0.0205055614080128,0.06543252093589541,0.0017545906265017952
9869,0.03703318504581081,0.021205340272650544,0.042141506518240036
9870,0.058048103152628455,0.05052543267402026,0.09255263698292605
9871,0.07619709723308779,0.10668259776974084,0.03607507868384881
9872,0.016279755098831283,0.014780357945999089,0.04673434916081825
9873,0.066840772656747,0.014797962730358362,0.058468601704746076
9874,0.04563627091135945,0.04614242665060711,0.0015056975210198443
9875,0.05859570761436816,0.08126199521687327,0.08266457582480091
9876,0.057546168111360485,0.11963390678797572,0.7194425834110834
9877,0.033069568176327904,0.06020735062469415,0.08879281346120511
9878,0.09546719656807878,0.16374745941827024,-0.3815753677997459
9879,0.004485266521422025,0.0099904857649891,0.06748464932261823
9880,0.0302069793751022,0.04476079570404767,0.002382435663313554
9881,0.06283393098632532,0.058001851640745304,0.022135502299984903
9882,0.06940883885666384,-0.08854845192174088,0.1485080285429907
9883,0.008856554991727512,0.028648889737415393,0.10517679933238377
9884,0.06378493518334777,0.02066138719577726,0.014453074512267385
9885,0.037412853819214054,0.05876660463359853,0.19465143043290387
9886,0.01947308454217525,0.004855619577324866,0.08695445961085088
9887,0.051264868300322564,-0.19134039654058094,0.1896957910689736
9888,0.03868970457524218,0.04837335714490372,0.056587343712393705
9889,0.07608167285317956,0.07564981775108814,0.02220048167323814
9890,0.04519165994963934,0.12245281294797307,0.15791762922224073
9891,0.08635995057541052,0.07807414683320207,0.08710063677676563
9892,0.07959054675778203,0.06482463901672071,0.0716824133282941
9893,0.05732681286403456,0.10510650615207218,-0.18175343896861584
9894,0.048109925412578275,0.002428567519730848,0.17624034976687128
9895,0.046981007463589436,-0.1921663735809042,0.10911007795204952
9896,0.05938782065828715,0.01216496373775905,0.046243038108332926
9897,0.057297376450394386,0.017731771270872786,0.08981165661499917
9898,0.0486950367242225,0.05113888903442387,-0.01479876146397327
9899,0.02674327954131801,0.003026896320775585,0.06287109135282747
9900,0.05299730104199235,0.02612149980530434,0.08522985247208353
9901,0.10109670723888746,0.055653003602611884,0.09005198344092406
9902,0.07375623443947302,0.2305477182163443,0.07830763460110535
9903,0.07371052032453565,0.04804796166988145,0.056389137317134234
9904,0.03543012734824415,0.036680892942499356,0.04022271426901959
9905,0.031002143008293088,0.06462615635025461,0.09211745727983585
9906,0.031875241670506524,0.03958282993371524,0.060662660379479885
9907,0.031292124692912815,0.15881906580087796,0.05060334021528373
9908,0.0448704213368351,0.03227321236389254,0.07553361846132871
9909,0.01447872234964219,0.09549239395551275,0.09401751270414785
9910,0.023621165248439827,0.0658267365840882,-0.24109229172693789
9911,0.042795649892951454,0.09403295986260868,0.007735652006054073
9912,0.03865596308123053,0.031336170366831145,0.08859823982002518
9913,0.05013012123133987,0.07054193091826048,0.06431520953720152
9914,0.0364730355569621,0.004807269747813725,0.07575525292315795
9915,0.012126172380192953,0.04083388592189846,0.18018034425588425
9916,0.020047172821201692,0.08469894985009416,0.0013287168931668926
9917,0.06789823362955959,0.1832283348888741,-0.05615719666548063
9918,0.04588346612599083,0.028549012881721892,0.03191903600260606
9919,0.048516439521876786,0.04145129134566599,0.041229619941572954
9920,0.044154144803731324,0.06031301547926509,0.055111351063019
9921,0.037502704771592496,0.021572835739945288,0.0058379268705663016
9922,0.0841508975821322,0.05885352631804152,0.07849982725031503
9923,0.03513540280213659,0.006983122235837047,0.03014788175611968
9924,0.05897362880262305,-0.15306467477258712,-0.02009706824262035
9925,0.06285873030704742,0.08257898212538384,1.1611745984696498e-05
9926,0.15846779594437682,0.09701845309611115,0.05124179279916157
9927,0.03365645884669502,0.03809696502682816,0.09622444085794238
9928,0.01998700429299667,0.02932705425673947,0.0752015322582316
9929,0.2825610143136754,0.04257180130634544,0.04914562657659414
9930,0.04966259028644981,0.05381993641243174,0.04652332359628452
9931,0.04800203209143677,0.09776535858829194,0.02999589954435924
9932,0.07041656784068473,0.19845951972349346,-0.11911365013715838
9933,0.03827799197998034,0.0841871231595195,0.06181941811765168
9934,0.09466177763054633,0.09561206336792738,0.07169338014503619
9935,0.05142745855266569,0.02556060947816482,0.06018823271231624
9936,0.06590342153277907,0.05062919781822716,0.022079092691801062
9937,0.04879375042715799,0.05715951940359407,0.031098909984181456
9938,0.0717915642832946,0.04338777559391817,0.06782665102761658
9939,0.041753120494654815,0.06059879486293521,0.0016272523561881803
9940,0.03514636522123518,0.017309744751222378,0.09501408451188431
9941,0.011643406900236053,0.025599193044266493,0.09537962840140563
9942,0.03435422623692137,0.06630031398038148,0.0728202744845866
9943,0.056103674323952475,0.03283378136944164,0.08589210991276833
9944,0.0392472310184653,0.07766415571542323,0.006786973120221019
9945,0.0198944589644001,0.09871765029292337,0.06223964650956624
9946,0.1168578782935877,0.032187026316809475,0.16027827780971252
9947,0.0476352053933597,0.09205870927615419,0.014206422328430269
9948,0.03584466612483897,0.08725596603045553,0.02214585423901846
9949,0.022670029966659427,0.03868246509045223,0.03705958728753746
9950,0.05670948444966888,0.17693902397338657,0.014451774965775668
9951,-0.10530895925305093,0.17178178330189797,0.05478525184515327
9952,0.03400703339032339,0.027296987297855315,0.0731516101482713
9953,0.047899452524869844,-0.067288439960499,0.17671855710276696
9954,0.04908610813774067,0.028708973573498376,-0.06862258701045064
9955,0.024653332859543447,0.07048346938208072,0.08058467991598381
9956,0.047789761437935854,0.1469488311369289,0.2413779802432533
9957,0.007414729886828786,0.0549477523899253,0.07300216706537158
9958,0.060432042281167,0.03487273614170743,0.42044707850934526
9959,0.0632657117914218,0.06594573382739477,0.42897839220291284
9960,0.04555728034336608,0.03093881754376018,0.027059730066716005
9961,0.07909557171977276,0.061466373839814736,0.021613108016034
9962,0.04470122120539881,0.046095520972128656,0.032904594847134996
9963,0.058249880299152366,0.006923820023051697,0.05261486332562148
9964,0.007621639371844683,0.020932821001943814,-0.010785465719300058
9965,0.03501341692962937,0.04989361533895237,0.0612594315448207
9966,0.06621907127531658,0.09718539614442492,0.019450910787940524
9967,0.017476180009725235,0.03974082926232876,0.02245060217603614
9968,0.0481493973503543,0.08997441481890818,0.009918952294518358
9969,0.06385960284179706,0.09530076727826287,0.04165573952189131
9970,0.024715889632135283,0.03186050521157704,0.03236010449322908
9971,0.04700745375506344,0.0508888636701336,0.00814794345855312
9972,0.0429800414060185,0.004101988751264308,0.014860319464362448
9973,0.05606631555566978,0.018634124235352524,0.04793607663289454
9974,0.042911369319127535,0.18331766974346897,0.017587252948510764
9975,0.045640586352287696,0.07816708521232527,0.07652225586101599
9976,0.012566970874660341,0.01069862095538916,0.025162924334475114
9977,0.04036135948323692,0.007604107131600713,0.03442962075717735
9978,0.04983712265457,0.040947702797552755,0.0183245999164388
9979,0.008274525473795443,0.032391141120456476,0.039853869142613914
9980,0.013677782086735452,0.01789021209695325,0.06364874831352962
9981,0.06388940300000254,0.09269037261016083,0.011677427415466568
9982,0.042775887077692976,0.018120941310408336,0.05202573663261766
9983,0.06651646901760196,0.001702169218440286,0.016046568359886194
9984,0.037455619228939835,0.05920919799438162,0.08952189254128595
9985,0.06723265871577157,0.025183407900636636,0.0009218110584766737
9986,0.03303388630154265,0.15782942391950402,-0.04331571341950821
9987,0.02567065753758516,-0.001592015433831931,0.03989800717079383
9988,0.05150580609744096,0.04606517315388109,0.08184958763059913
9989,0.030491026421830242,0.09807932035132914,0.02810884747755156
9990,0.06984665353343378,0.08514412453395494,0.04938515397580226
9991,0.0708623833909311,0.05337312127887878,0.095750413717838
9992,0.07632587389622258,0.011698230313770153,-0.03945228014359757
9993,0.06505041097363798,0.07340368674507562,0.04908379756098472
9994,0.06959646309430229,0.0515079468462214,0.030934256283387737
9995,0.021066281873142394,0.014853101828163547,0.0175770718502297
9996,0.0702767729269721,0.013084931480826612,0.02221417814732637
9997,0.05513955908405836,0.0503739747260758,0.08825095783549615
9998,0.022517492070481013,0.16064353433466969,0.013167625350520696
9999,0.043575536297463746,-0.15741799040035592,0.14498366140366112
