Seed,Eps_0.05_e0.05,UCB_0.05_c0.05,SW_UCB_100_c0.05,SW_UCB_200_c0.05,AS_UCB_7s5,AS_UCB_7s10,AS_UCB_7s20,AS_UCB_7s50,SW_AS_UCB_7s10,Softmax_0.05_t0.05,WSLS,Eps_0.1_e0.1,UCB_0.1_c0.1,SW_UCB_100_c0.1,SW_UCB_200_c0.1,AS_UCB_7s5_c0.1,AS_UCB_7s10_c0.1,SW_AS_UCB_7s10_c0.1,Softmax_0.1_t0.1
608881,78.26068736922693,59.48800115942862,66.32130888200146,56.55806631334249,70.32697963087733,68.2593189255484,64.24380724584756,71.47518303250622,65.28932527706871,43.36312260091033,43.96007853930587,71.10341769665752,45.284855014828466,61.21352782518824,52.68107596388546,67.13106335492981,61.28658172956046,65.62537119065506,43.76741972081718
307101,88.82314573722823,96.14197044945409,84.30738750853178,89.94530896518518,83.09879351340567,81.14677007397734,79.00274519988827,79.20983398301891,104.94157849680815,54.89411355958493,57.910001344350974,91.96551002514606,63.86518955456725,76.32340594715794,74.1608173705094,78.63155467636032,78.59465040003556,79.85401249779846,56.33350959049009
464222,86.58317956321605,72.11972815378424,75.07034865268598,86.98750589574088,73.29695981944758,76.2438441045906,79.81439663173539,71.84918859975966,74.88171920108465,48.994698374835934,49.23741335750664,79.81734052868106,57.77701137232785,78.75459482717184,66.55755984963983,72.26545778710815,73.86592072790373,72.46826897971093,48.247894380022075
824356,96.32750931171742,73.74324834738536,80.31645809259217,88.9168027075016,88.21246583152634,87.09510817222309,79.457836192262,81.18559708889259,87.20599956598541,55.215616722232035,57.49485970919201,89.92201978253061,60.73382515412332,78.43861209986164,89.62318474265729,79.1204635498711,79.33157528902507,80.89242232161045,55.08193594984407
517855,73.7076395568661,63.02609481017605,65.207173645765,59.75986764239359,71.66588424509109,64.16141891828156,70.50752155144008,66.21347626248524,68.94188127084199,43.66988729218481,46.058662660967286,76.14539193114791,47.282140864353934,58.25596408068899,52.04022168322479,61.02705791038107,62.09617199550951,60.316148028453014,46.10846446359253
991548,78.99281671850086,66.97364032772533,84.83260730721163,67.22083028301495,73.39721737515339,78.07192562833843,83.4145313046965,71.22316896527809,70.18516390055008,46.325285789999384,47.94625434440418,77.96746972916934,49.80872410197942,68.25538103305915,58.03304885810515,70.12479814177307,70.27492764363254,69.96119471950895,47.38243575135873
223291,57.65792858325138,50.63204910807583,54.83831180951458,54.03431882607768,55.4939489261974,62.4208645983719,61.75527958332332,50.106503526949794,55.10580076376278,37.70936493785371,37.78906032205593,61.29945718344051,39.07530970766359,50.077937000679,43.02794345585049,58.88529270772627,49.63623919189065,49.89665949252529,37.623947621189714
393684,84.2978737369818,77.7487601570682,77.06543693151117,61.84099991596252,67.67565607242283,68.2816265871142,75.40601242065023,68.24318865196858,62.61927063061331,46.04572379082217,48.394681466075745,70.85268087580945,47.49121114039151,68.64226208852824,54.79623026720227,68.04150566637695,70.77624106209076,76.78887113558115,46.278956722306695
948796,85.90447887883528,59.64371676187349,69.3898797754545,66.64142529595833,72.89150641666755,76.22566356656935,68.94283094436094,68.31933947102128,66.93780318125708,48.9974499383036,47.446886774229,74.84033747627223,50.368594211344174,64.97434803522135,59.924145650569535,68.10306309286648,64.88775635880249,66.77685134228511,46.34700360210519
278865,73.42818274761025,52.464538108559154,62.20170662500651,69.50715745599638,56.84719005906721,58.37508337709884,68.04899218876024,63.96115337598779,60.018075560700424,41.523054576844096,41.91285791372164,65.67746582060434,42.52898192462774,60.67402866938671,54.36143790766519,53.1367672656586,50.343117700368964,60.17938491629429,41.19368231857847
112971,108.71616938215865,96.61174832995017,81.22567383494577,97.3664957266079,89.1162215339503,99.48316551452845,92.17409427172893,87.06289432466522,85.47813392359079,57.04711700818224,59.50586889558215,83.63185720097403,76.01307749498599,80.74429083828605,73.48359534009057,84.70290239504806,89.05580893803076,84.19446909625697,59.13346383954233
699590,80.80967968134331,59.04333496151759,60.50202366355493,53.43940593134063,73.09909347958133,66.0263451323944,68.07722250946881,65.64696727760705,69.00108877258069,40.75198137846257,42.24845074104059,63.96131762867968,41.128328194306526,53.89960098020461,47.185688780964924,60.76689198553681,49.814517531239595,48.660511865408935,40.78473929616144
29941,84.50978269099932,64.3975751125623,73.25851840919327,78.75429977616778,76.24906037743719,82.04044913058283,74.18121457600859,77.3586466301546,81.70007885554,51.29205872633107,52.296817048330624,79.58625726736119,53.324910248359416,69.59169408899321,67.53440985023406,69.20869422170472,71.46897613001954,74.54277844377947,51.072980679160764
311144,106.39783995795638,90.81435539664989,91.40361197270269,105.75514857702495,85.16351131531155,79.37499638287942,95.04212160547581,90.08641998162919,81.66074121746618,59.22798714956729,60.21870432789609,95.04590994510342,68.78276795700927,81.48988794809068,76.33149978165463,83.9644996735861,86.85014758661852,82.03696987964821,57.059738443377576
473922,73.60371531488109,49.02631657172638,68.78634741853693,56.85617199734267,65.10021527012456,66.07002439484484,69.20839972240185,63.46290521568737,62.23207574548215,41.86665288858798,43.158760168055124,63.86364414048972,41.80761990217789,59.45512659560151,51.041135714301745,67.03068929665218,66.03999113323786,60.92849404769324,40.784807939818656
888735,74.90487957203784,78.92542033731232,70.60395273164214,66.7352443881592,76.67419193816815,79.17211393177473,65.71004197551414,82.5265236929539,78.00444893558887,51.815939725916394,50.68233589006679,84.84060218073006,69.59955035122154,67.18938384361537,86.21595378513535,76.61599914485609,69.19694895497648,69.12949871165412,48.341380276412046
987031,76.62491378007151,63.18063948101789,60.814492984553794,56.26990695755538,61.774351184544074,57.06525841055285,66.91766775775821,63.78975060946112,57.355671221410404,41.69950150156569,42.988831262343304,64.59788419469845,43.901490389187714,61.28754053099841,50.5789501440178,67.55476107705894,65.28635786812323,59.89702195041201,41.09424069743916
350467,85.90835172825714,71.56332324719827,86.02819392572619,68.65169592007248,68.12941533116502,74.0614710118167,69.81119671152499,73.5063096113937,71.47687102663559,49.94125378162633,49.447595667426555,69.45243717683226,52.99097398947913,66.84619228276279,60.54765056718635,76.60824071075429,73.6127609809547,69.5081605339036,49.07071872949068
115882,84.49499042793455,66.9166519486119,74.39156386350996,74.32576116812137,75.2307541680836,91.05200746658694,80.62808643538435,74.87252193659356,86.15633225708937,51.55012869522339,51.043576152023846,72.69289436840269,56.65042894313526,100.24973007293477,76.55052490985398,87.41029341696535,82.73508770874834,70.20764623676251,49.083720897106716
641666,74.4103325677134,60.88024647971461,81.6131553024392,67.2551740845656,80.42307271499617,87.48594733863649,74.13223721348302,79.11899819694307,77.4586263413432,47.78212848719156,50.047612706035245,69.13992712207045,52.26300159741839,65.69055497087167,66.72916592617159,70.50405849401666,81.69046354115997,69.08005241907131,47.95649376605668
507288,80.8889196767824,68.68733851011645,72.90009959194973,65.16303553901466,66.71809765317704,69.25587054874477,66.7227160537499,69.47871323225975,69.9640821552684,47.57939189156098,49.36162782818124,76.40336269427254,51.734366853406094,70.21411403191237,66.92158984847858,66.61897625952896,68.84755942657424,67.58558654115112,47.43656083473368
271931,103.01227604250907,86.94843035077383,107.73868744958054,120.36544887461292,93.22681052374149,98.64428347181143,89.80443594510183,85.66522159208243,89.86990626060935,60.45621206351713,62.74520238002226,106.07157500510581,72.67877874794226,87.53012062570558,80.7764788606608,89.9861601023718,84.3669363946993,82.76739574100915,62.07497808687393
491143,82.31705238546076,72.8876444876463,75.64188597820518,95.15745718664891,83.897808367155,73.86171440530337,75.78680796390134,74.6384081074454,74.31642046576798,51.16079834131345,52.15798929655982,93.39121342669242,55.26380660655312,74.44224305733216,68.11120555171998,76.22368144796481,77.01567492929487,76.17741754418918,51.481441398442
713007,89.4048611795917,79.91127522906748,82.60024255316662,64.40111514294765,70.3713272800051,67.07945537541275,85.34220027356255,70.44374358588702,63.53232276817121,47.52542632794216,47.45173831417299,77.28228231439283,48.77922191872116,76.63540712711715,58.9356411930462,69.2617591796768,68.01834123738915,59.24788887483664,46.5564206119751
455837,67.54004297188374,50.06594981955042,58.149391966017504,60.611967983122476,58.13619126038765,65.22478963918108,60.3917635750812,60.35497942960083,69.72512924803256,40.639541195108805,40.76107698804934,60.87848831422843,41.6119753646753,60.68482624428806,49.0429132016089,65.80409893382377,61.66432477228536,57.06046745870826,40.89367065075604
392308,78.13205307377505,56.09830483931353,81.15175191337556,71.09601645754748,62.80979045575563,70.09229421135709,74.57998747551133,65.97665708460377,68.99709093458218,42.357975772875,45.827251893744915,65.04805920137935,45.71705671872691,60.46834781202257,52.58252002586933,62.47200923969618,57.07538943112202,63.81095236614732,43.04424603822959
769388,69.86915230591008,65.40968735781748,72.86111712135393,79.02915292659573,73.81984425896272,75.2922467750952,65.86415065122733,84.74543411799544,67.32706985781277,45.38884509141343,47.172219528422744,73.35574252587934,49.073997919072006,64.2432684959723,53.693376161367155,62.071964663823096,70.01701633901614,64.60942282117215,46.900788562187174
46136,62.07992011912656,52.62614684666325,58.36223308006751,53.821544622976354,68.25018711592303,53.12393237394819,63.45057894382629,66.876922617115,59.172561430662824,41.184604186078815,41.06003174784344,59.138516565553786,43.290334292231165,56.391865855840365,54.936172073468654,60.385685004805225,59.48668691292882,56.70406981256474,40.629641322450524
752549,66.25621254863508,59.42395761814047,64.43388268270333,64.23238814489027,61.313888696520394,57.98418779837303,62.36972905681609,64.0312423360013,61.04026884382712,40.786215963466944,42.64053656799765,63.545346668245585,45.15114644730487,62.16409483468932,47.41368790552745,55.55423676069706,57.68544919444887,56.9947195112358,42.01259773142576
92892,66.8929069627679,51.21414706821692,67.13845939327278,60.10690722527605,64.54445012263906,62.786503920272246,60.83864584957887,60.80266325794899,58.2037645077267,42.05563950442109,41.50842532106719,65.29546254031021,40.86434892329774,61.665564736812,50.05319488353973,57.826172961654805,54.616321737418765,63.40626735554895,41.61991041384728
295524,100.242721598531,74.4383485136953,89.88051063669303,96.66005818584597,84.92984728266119,80.60194541755227,112.3825907388815,82.13472765646824,84.24510056254174,55.93367933063896,57.74176854459543,82.99386076066287,60.106085978794965,77.03257456489848,69.0591896274453,80.52227583921481,77.90915127501421,77.90763967224382,56.44450191425723
338794,86.00197882987494,77.60843650415795,82.71903056295943,77.50838755836303,88.56749669089808,105.94622312750585,83.61946355510685,87.41768423710323,87.04623451674462,56.537028676264114,57.74194623006853,94.25597766236432,63.61514060628819,75.88177031409006,71.54389150506954,80.16755681001715,81.90860860117607,78.39342808775712,56.77339062872582
742179,78.69070995293521,81.40418516136543,95.06567263183697,71.85122817115402,78.66032540325307,76.64305299762026,76.71725793841662,69.24087254518892,79.30615263291206,50.18124309375838,50.71483015417225,84.81383840371132,56.80326987707968,70.93728828267786,64.8298968029955,75.42446892283377,76.83049552436493,74.15881827259108,49.813440076925616
187684,65.6267806998784,53.69964653096607,64.64905580231476,65.82625736464009,55.891487007949436,68.71629816774046,54.910565139465184,53.83359192266815,55.921545160890076,42.01387847025606,41.92647543718688,70.03059860125722,41.86763171779415,65.35903921237039,50.01000049171681,57.162948823380475,50.3201618600877,53.71182206545311,40.06814902589048
927221,75.84401122100832,54.25253174768807,61.54893668896805,61.0315232757657,59.82317189396962,58.41650907871997,58.748513062785285,69.83747716964743,63.9720304978509,41.11567660861785,41.39344253139724,61.31068077733322,42.60395258283857,58.02740509164725,53.6142774690144,57.596440656797824,59.66942617705692,60.12661142996072,40.18400477026602
954285,69.88961759423069,57.51783908703764,76.99253746686706,71.22623652738285,71.06085802719159,75.470194793046,70.8969659872656,78.25759707927057,76.28262416814982,47.47753151499829,49.57216446788348,72.36666930430266,52.05762553683836,66.317527230915,60.344917397809446,71.66654632617154,70.58286980407689,72.20998841655117,48.28730359484116
444351,79.91905712484282,85.62450517175917,75.04548463214721,73.70703479041504,82.50252533377208,75.43669612101577,73.24586114782971,83.63713879348003,78.53157982690644,50.57057701609097,51.41551368374767,81.89176745101346,54.864294157545196,78.57254472143362,66.82880378760085,71.70031444457703,69.58911060852829,81.72923109336932,51.55218397321777
155465,89.60015819513029,69.34984833282996,71.61663568462745,69.40955441503661,82.01070158556448,74.91076346588184,78.90656030498275,68.41213270310726,84.61422343429975,49.04350866604701,50.29102939611105,77.40436531941216,54.279848759454566,69.23854613885881,62.884414923663016,78.11767231416263,76.88849019686532,78.48938404664192,48.74466051164256
551975,80.36131598202832,71.40458288880126,108.58234412909744,74.86036908788212,116.47202592263567,85.5745423237674,107.29654577793062,86.8364548448409,95.4859882215759,56.517709336536576,59.17498078886621,96.03131280544125,66.1280605178683,75.77740785905551,69.7097782995765,82.55634399079462,89.83321410221012,79.5720667459313,56.97533877617089
12748,89.55050756490036,70.37502698931843,80.13269667648532,84.9061107269222,98.95985454861149,87.58515421968946,89.22790626465117,75.55164824483249,78.5515117363176,54.577864376231,53.87058553168339,88.73473881501575,59.16039901230041,73.46545703811174,66.84678747051815,81.90294852610128,76.89891605502466,76.49359110010613,52.68431325276484
532315,98.01853572759748,71.39177511817246,85.30586921253735,91.78032798462702,83.62784470162543,89.15377857530785,87.7261623719298,79.86238763187916,73.00055465701595,54.121201365099736,57.07919593564618,79.32563309839057,63.88885376614586,76.621737533036,71.29974807506143,76.31640449198349,83.32556908084644,88.52030831578386,54.18839137773058
566802,71.37743855101019,54.56162285439341,62.13191687702738,66.06891695401394,63.14112909628916,66.70643920996702,66.26180033406129,60.76289730780446,69.40115370516489,41.40722415591679,41.934002428910205,70.0198120311569,44.54822801044776,58.652294937537356,50.24777347423124,58.78724800436619,55.886493340362385,58.46488636521539,42.15925126127884
471812,89.82163358104728,82.79435805300237,88.61679991570412,80.24489614197292,88.86680700725289,98.97950048139188,78.25803265121482,79.81482996707322,86.03449248027437,55.12907680383982,58.944612195532905,91.77451470452446,63.938206643395546,80.60481216088036,80.34334869200113,88.38773481151476,90.46375306802227,75.62161990246653,55.29970088668537
746264,82.78988852056736,57.515477344508405,67.25389753473102,64.66588460697722,75.04431595758233,84.96111297135667,79.45300091287484,79.30948536834543,77.07757708324385,47.011185747078095,48.90117505180059,69.94228573427469,51.376064514589466,63.329646524687526,71.0386382937776,77.22854961472599,85.70365833701864,74.18103270159993,48.57677401691716
757528,78.5521779871971,62.49851781605263,76.84822509617878,58.87089027657951,60.91035932027417,62.39454995479238,61.107394526432486,66.68088551264475,62.62039703485874,43.076566368516595,43.42177399614576,67.12596972408066,43.6659185210078,59.452697412706286,50.543964163163295,56.49926258123585,51.27968253119373,52.24083016993333,42.40134264140352
50466,69.98344729616122,68.68596467557076,74.85314199586907,59.30243073546534,70.28659250995088,62.219699173650525,64.41177206309392,65.00053279746146,66.1598657918133,43.4199200079128,43.98554401788259,69.81695753577415,44.94341079860418,70.6439037525918,56.289573919583106,69.91019113434331,64.47827749458,61.79443825438514,43.13302020152376
338267,66.0407558299087,46.93730987099737,73.11782359620128,58.761773539239066,60.346838357999545,58.38138095048734,66.94609885268123,58.50392329960118,59.96927626986787,39.99370704039826,42.06515682218125,67.01776345918492,42.516157027193785,57.83014042368342,50.71244057116902,69.09975386480943,62.90984976979203,57.042155621299706,41.95881989317949
716433,90.52673948540713,57.94764611501352,63.60149183929383,75.90741648127825,72.50082285080737,72.64307129693518,77.0524543751204,64.42266868960711,76.66678710663368,46.76857517207847,46.710486082197924,73.53508986096548,49.08907227528804,62.01568687919024,55.982589721704564,62.715115040166225,62.03613215674358,61.15750302070463,45.85291568419376
296641,68.01186896235436,50.70143435855845,61.712970288913,64.13995833413858,55.54614801930628,60.11963311422058,58.429550754587794,57.4783472032654,57.559757284793136,40.64579441400257,40.64998340967928,63.892829395325336,41.46477952725296,58.144126454823784,50.09019253061561,58.00601512095773,57.1134183927217,63.458511998336235,40.211052777318166
285228,86.66925745951609,76.60083439475547,74.964907113014,92.9745849916309,86.68666566161336,78.66282718106888,90.64733838607748,78.93064360952269,84.48617034357699,53.84196660405373,52.23330567637301,76.08368739214654,57.4607368045331,74.35027736804162,65.00117027880941,74.50769695305772,85.69024262169481,71.90666468096829,50.600187789885226
347841,70.42057709132226,59.283447149393844,67.58315528657097,69.27237048850506,72.914520866182,76.25224025325646,74.31868960306463,69.36573705907445,70.72305353476717,47.526899847264836,48.6335438215238,75.6952669932973,51.82082694278128,84.58938306868338,62.204316346194716,69.63293822412987,67.5292276296431,67.90816804804433,46.70436971428228
921239,74.0315978505343,67.27307743980944,59.60086169847843,54.58933661934416,69.51749979352347,70.63587396667549,66.30109228945511,70.60125678115794,59.30811746473417,43.97319107742308,44.35852651023549,76.01276503047555,44.850535163894975,59.32873751882587,49.2650337454686,64.74779644791892,63.306212104191786,58.60334132705696,44.62179004248001
650635,61.5725843573942,53.55653571663271,69.20225796804661,55.96805266223302,53.58538583347176,50.52148986026768,57.04637235688462,53.77105359236518,58.60758544037411,37.70068495140912,37.900669348172755,63.09750731975473,38.58236806960542,56.0395735054184,45.74978003744191,52.48907157243527,53.82761203128744,50.60071005015129,37.678627611173
263938,79.9885632601783,80.19435831360207,78.65283503265539,72.18071712382584,84.54643902076963,95.40335001509702,73.18800404197148,85.97163403377913,79.07610614593548,53.452790433082086,54.660631398714976,86.89386193402376,57.78970346679121,72.285120767258,65.202937804774,82.48160076461363,76.27623903920727,73.50597987440648,54.04268567651016
967213,96.78642576390371,77.60795468058262,84.45889077210836,89.3555641826744,80.25950571696694,82.27467550256598,85.94592385184202,91.24058745106824,78.60704374220698,54.826918547422636,57.31103897927399,93.41892662320998,68.41793146732373,98.11624098529951,77.26066559285785,78.73449728311712,76.89106291327084,79.95737977461215,52.65328692546119
623507,99.50800598582748,75.48341238486339,76.15461229698906,73.03506740956014,74.3701130581372,79.7841918891327,84.71879012138028,80.85010077502625,75.99783397462235,50.66988603016719,52.19334448006177,78.23846759911336,58.02683679235383,82.95075495272059,68.96473364616836,72.90414854044263,73.8551018811726,73.81803936366308,51.23005974445786
186986,73.74780501130562,83.23796691726982,67.59062435235263,63.54952495596996,76.12274624881599,69.21848639013805,70.99449736015822,73.64071088835371,73.1507769875123,45.543097668219595,47.80107723880592,71.60954850387057,47.1213435211813,68.7464533583226,52.79908786059114,80.01451042912623,71.10683844436295,71.06766506509655,46.88944761314831
978057,87.27158598627148,57.80995228070073,83.03465941202157,72.71526018101699,72.22531255104018,63.655228220361366,70.1296534584279,69.84759273932244,67.61524963448761,47.245073292885344,46.25207538818374,68.46514003484381,47.52932704857604,61.83316748068432,55.572557472128395,68.71002266463596,67.87786810835217,66.5526838376735,47.534257544412355
75987,90.14582629705235,116.37917948887917,102.41160164978868,79.25443207347307,82.60584556094801,80.57944916287985,76.87170617134626,81.57422222095501,77.64685078566379,56.11239006381667,56.767734212132936,91.80342465056097,59.59560287308683,78.09815404177334,71.52602038591766,77.55241886698369,89.31106772642576,80.17540639173507,53.06614825633936
222896,62.094297024597054,54.47728056285658,61.92202157802332,51.9149174170137,52.54013212377736,60.988099305591845,57.02066653148721,62.13005923755555,55.78619895336894,39.8881413705151,40.32001335035692,65.40712760181881,41.16050738660327,52.92836377626645,44.70306133120016,53.918507708831896,57.47475346060542,64.1858258910031,38.542257779939376
115681,68.6856540544098,65.09584175314541,71.14223612798732,64.45406199958441,67.44522157475305,59.00633419525742,65.18608304593239,60.567793882513214,64.86449702147098,44.27774126058015,43.20007718798601,65.64983186571004,46.61553271052075,57.06631227794867,57.948050530952564,67.60461247707366,66.18494527408073,60.16891166056374,42.925580358970336
155337,75.2979383118678,53.956505780081024,65.26271009318441,61.49836836922803,62.45394457995175,74.12978869160105,67.06023635874566,69.93209845068795,62.87384661351923,44.045924442448616,44.42271588148358,68.06404282271976,45.683840811250036,59.91929876772349,55.61408573758998,59.58495409447164,64.19326522052444,72.42833187943081,42.95464593487607
613470,70.99257244736127,50.98253735496082,59.641571466476265,65.6144755608404,64.34525666864371,60.52043189120479,59.66895117864875,58.08547794552641,52.2879400070741,40.038674193895446,41.012760638111956,65.96906772482089,42.31667962074226,67.64005404133286,51.49456735362638,57.1483453845607,49.07334282090206,48.75302523570315,40.39410008654521
574516,59.83416844236848,44.32738882047583,66.21036183387425,63.544493533464376,54.00362420663009,52.46407997044936,58.53056513634911,58.87926917803389,57.97006466042713,37.31414441105797,37.697685418539635,49.52043673191998,37.89196806885964,49.502512244548626,45.8230125581988,47.0253694916359,47.77777109198264,59.42833816653993,36.706639359792625
53859,78.36476298420834,61.37445795105786,67.42566538639952,66.56363905397751,68.86157257503316,63.10540897244627,65.44578818982163,68.37677135944804,68.3805093933257,43.15074665541895,43.62805008665632,73.38595039167856,43.98931617164454,62.19334723068478,53.31522028506153,64.54796918878856,64.87357313925142,64.03335149764506,43.58882585849118
798591,76.23548680644126,90.07394836130962,86.90246794748916,77.43211085228,86.57106161383686,76.09740247364127,85.4263062426657,84.33752228166414,80.7021889995967,51.23057390739396,53.44543346241265,77.18470794881037,54.63088067415177,73.14412054557795,66.72499718999981,83.06977108322884,74.80031268666721,73.31480852389576,50.17334718754444
721459,94.94595492538103,71.8652654160941,80.90004152282052,82.30716374431984,88.09837106881412,80.73503499094356,86.50367815638374,85.55971870438161,83.64756759769425,54.462971405111425,55.42858980242909,95.99726497468731,59.432604557482506,75.25523809718237,74.96492931981237,79.54873128628151,85.58361037617519,76.25793745760129,53.92409612629943
640711,76.85269810942883,50.92939378286996,56.72156108395069,57.92138776464046,60.39329398303824,59.18945294267252,59.04555864892053,58.151901297553906,58.004721662381336,39.63543069528657,41.13595733494745,67.3622680617145,41.65686471531047,58.19045341014598,47.35603857390146,55.05359304733122,57.47996556624577,55.98044311656013,41.60354903360344
172439,83.20900367874414,64.50693632819416,77.50201630309721,76.85539274440836,68.15036432211836,73.65288551136942,66.7286318303651,74.26265393451689,69.23211697900604,47.924046649603774,48.879862972517444,72.1836615664208,52.70406258342844,67.13282303203573,64.73415304683,65.30646789428152,64.01517274053347,64.89758569316625,47.17162393192223
489168,69.84126000134668,53.79421399876742,67.77479061051666,61.159337221141655,62.84191305679303,82.7585330119767,77.91777102780246,78.95912159597243,69.98470394090289,43.63378526678348,44.923797978804345,76.47985321066062,47.19451540363159,61.059682807519465,56.34757067353046,63.561558948568894,59.979003467288095,64.48141607390173,44.92598666770891
297070,90.99448985526968,70.86794786582507,75.8686334436397,77.73714041143192,80.94128973004842,76.51556718382525,86.35345774137032,90.80767551374313,76.36033603640477,54.009715076057944,52.92684699492891,89.05693564612822,56.11388004103507,87.8357612483437,67.57039683960679,70.88979054660912,72.38232372660343,68.75912543789613,53.564165383439104
894107,123.33792189023438,89.54848833418023,91.86564627806348,87.72771801818487,102.18498330875369,90.13604204367063,93.14749341556379,93.05163469386446,111.10363768982191,61.95010639754859,60.683530492036,96.05280673309339,68.03849423929532,96.50964001971212,82.2609440514584,89.24180135464675,92.7160717231944,90.0137039800007,61.08537883306959
264182,89.30285006236016,68.38866661576239,70.22291447236006,69.66445117873334,78.04720359066377,90.34904707899034,71.10883481925543,77.61844284422534,77.27824260060078,53.33623832756169,51.07924790156876,82.97053459095522,52.8088315238332,68.46608941578502,64.66235364294445,72.24301523990385,72.91477426902448,74.87606059855308,50.0146524776609
990718,100.90839746931569,92.72068571055729,109.27468621040654,84.85996689065237,85.54118960435426,86.9629180896832,92.6810199876775,86.24806405511383,105.5099469656694,58.054471815334395,60.36030965496926,100.10423566508246,69.69788169822259,82.38634988731357,80.09776489056395,83.38808307520402,84.6744710572915,89.14308016014604,58.24629563503433
87053,65.27412670007156,59.414817956515364,54.4129537812085,56.887140839459676,66.681011775427,71.49493347953737,73.37257550996578,56.16484363985049,65.15594364938269,39.76565412640841,40.3326335716642,56.33208975514843,39.34002919370572,51.27702334053714,50.69569662160174,55.824895702424655,63.62963965345243,53.50466770654265,39.35468311942855
928692,80.88693940928445,74.58477489899546,84.79358169103521,91.34355087601038,73.14616327291978,81.20052529115874,89.16241386785545,88.20564203919787,78.15846362702266,54.940360518674304,55.35792288901922,94.1637831000987,58.898285962443964,76.31742124065954,70.04074766109214,79.33131473415969,79.06907422050242,81.49630045146989,54.1976083677816
822013,96.05716084364121,76.14321963102614,99.616383537374,82.73706950975837,93.26130190907853,89.15743406511153,81.99495858773992,85.39934453577447,88.6795867824006,57.17624426475543,57.81197834176529,80.76082710675638,65.21773766086227,76.59417307783067,71.2314061596656,85.77886937150812,82.80055572397964,84.64439374420596,55.253995202590076
117975,89.02188620969311,67.01728942921764,71.53677307907269,98.74734171119138,78.29493204826953,74.64080360267403,76.24118106489344,69.93732018201655,75.5486236069061,50.89680736419233,50.07575777239918,78.91931928459961,54.18809573829164,68.54855185301437,64.70892664347352,71.06748555506519,68.09057263997565,72.78548487172863,49.827375653128065
860206,92.23498577881867,66.0664023395875,71.89673496396506,73.14418813993656,78.96196469854155,80.55209520595325,84.82148859953327,76.79169663182464,87.08270636867374,53.6230000410352,53.78999014342726,71.37412434703617,55.87796949152364,69.38315354515515,62.63886143265718,72.97755494186389,79.31543674788131,79.30825713387655,52.36682308414012
115015,81.3135868168773,75.50179992268306,74.82772118539802,82.76436763421896,83.21264171924841,74.24745246707042,81.63425400632752,73.36572490736116,82.6608048616355,49.65234571641646,50.59457568177912,73.61675678364807,55.173554454372976,71.63788400742536,64.57792641769007,76.98974499545987,78.90021133510339,69.43079368813147,50.11940347732264
299561,79.8553375199282,82.72962070917646,79.32137515522956,74.4687845346662,77.67869580246058,80.4279971088565,74.34338071295211,75.19271718331873,82.49649137187872,51.15321678972631,52.35445405163859,86.88048913551211,57.060177006440995,71.64918709802814,77.65062778180602,79.80590480898263,73.49404231588262,73.30971439479475,51.862927043030865
386963,54.58521262699254,56.93933405058413,63.727933331836745,66.35490974674474,59.03478787864209,62.233410870006054,60.150703163500424,61.20753292009512,66.30771349307014,41.71761653740573,42.26165960877139,66.39433337690316,43.78496105711133,61.02097796248532,51.90255466968263,59.129423459704675,63.47730059659877,60.10112194342487,40.70284999225951
824814,88.53096559478828,61.55841019448983,72.62914650865953,79.14447762940205,82.50331631110244,70.29442231453572,66.42281769100231,74.31630587385911,73.80093618918073,51.98557107200661,50.42253358474896,82.17883393578184,57.21400100809796,69.58313338416195,66.49953000700489,68.87818958942384,80.43692532431822,75.81429708337788,51.844025512659584
501162,61.98686555370904,46.78051241487783,65.51369316776527,57.26079780613942,67.11338050123247,67.90973886613641,60.4574124317196,61.38284671762986,59.84285893694579,40.672373064587575,40.75080409586911,66.70731212883094,41.79806454188564,54.228009391620844,51.23295323686848,58.41035802024803,58.3271026857464,56.98583553592146,41.699844250991575
873343,102.8015672401113,119.47164744462428,92.6594451689024,105.18074490962468,93.92980344476798,85.96524333356828,93.93447581746823,96.36838996089503,92.82584865457696,63.4459382791572,61.60444751159865,95.70926540314424,70.54618593900601,89.99859350974495,85.80968074016698,85.98701409632517,89.55307913398127,85.09719804768856,57.50423720974105
759357,77.90155801030593,70.41963934721198,77.34732350138611,82.88615420859634,85.48661769097507,96.52564301913503,86.76715773707275,75.713031041121,87.31946559864387,55.879226360744866,55.766101841766805,90.73834192680759,57.239991811137244,72.63427895696088,70.68117123753292,80.84866612175219,77.29155735476931,77.618377614508,55.01953842753686
605339,89.12388717898983,80.14772088410224,81.87192242738563,76.31672094945955,82.30005379817656,80.89925277094379,84.54302231363886,78.4788602934714,84.15207679636924,57.95734345408412,56.28052181401094,92.55157666796214,60.63217575936021,76.20616700645397,70.68657932742664,83.20487893035875,88.73189739008853,80.36073474700271,54.17490090876426
512445,74.12850032349604,78.4989745333013,80.76577449090907,57.10450295230402,69.77797614149246,69.92935818569721,67.20681847663879,79.88387524256359,79.04741684214127,46.324271417061176,46.848613640592404,84.58549229181091,48.228600987424215,62.007997126205524,50.32183821658731,69.26420991865388,77.43708524219245,65.9517594982284,47.10003540738866
330630,86.54174270152737,74.88961031978056,64.41830617854345,62.33760620239946,69.58233949305043,73.56118840243832,71.47272566947304,71.21966576042863,76.92875654405525,47.31847426433568,48.68980629155931,72.29196402722917,47.16752159111302,63.93613844652811,56.76518491241141,67.0039150572762,68.15421116418216,59.66653344046364,47.82611301985363
885891,68.04902608371668,55.10908886810965,71.58276456181879,77.18851868217936,70.28314069500452,74.84120449440617,61.948026465096625,66.12500915446441,65.66023859091024,43.890652322284424,45.05774446322437,65.05810077770627,45.24332563689016,70.25159178253416,67.28179633920772,65.502612360723,67.81972704667646,64.19389180009085,44.46297727545381
384067,72.14064029094988,88.75485592505399,86.11467185149681,67.74087438465307,82.55784525268186,68.81112531378982,75.04487332338806,67.93663958102456,70.195835045277,51.76623214977563,49.295171377449726,83.43188434741492,51.858234527288225,66.34995777377321,62.48418794333089,69.89900123575333,69.58231383776584,73.53494574421663,49.26652366881659
319464,66.53539558157175,48.59749908034553,57.17283497438919,52.401112925137184,53.26783530140081,57.03635655040221,50.29694612594693,62.2929196795652,58.29046518310203,38.58046565669652,37.61019510105275,64.69308215190033,39.16419739552444,53.94591425401482,48.025057576870694,55.078741216057786,52.197840370150345,47.452045491954394,39.11230177386018
900517,104.36568259186396,79.21025619384767,86.65249742257558,82.24039189734907,138.62150611649307,90.82529388091122,91.73655234311921,106.43690397604212,96.38501547146834,64.48172021863789,64.50146414867787,96.71066184331056,96.38309800552827,83.46383266340204,82.9607402315092,92.92220261954569,93.1392824972053,88.32375965154048,62.49186825604042
340813,99.62450690905817,80.7966577859948,102.21494190139929,84.62842863540519,84.55218969352472,90.73430950034427,86.3283448856138,92.34685556055985,85.68536922722939,55.40696272607721,56.63095834275202,89.05094137382527,67.40524368312737,82.23890920085466,74.59748575808445,84.52726970172564,83.07742697789558,81.76509237755695,54.79174537034265
141067,87.04384932918734,70.72823183229855,80.43438111264973,81.83614348885853,83.45976356939553,82.04939433851686,84.84541621354401,82.99063155196532,80.66207718612486,53.654426093012056,54.42203871345309,100.35208979646855,60.855521664187776,77.26993776667487,70.93363510394863,85.28563516783944,87.52564632900588,73.52511184950107,53.55322003241642
572314,79.98857825441951,64.72058003442737,78.60702934099695,88.10700664412096,63.0956486918286,62.927554167919084,77.74152284609829,91.76562823442742,77.59047050768032,49.56384648258748,49.71224896062729,70.35878329007191,51.2706133269223,64.56443391736158,57.2669963583353,59.768172568651075,63.62594612116079,70.79266797832719,48.443945001004586
496151,91.06022883498588,87.20561312319838,80.23375228470749,75.4456211048555,88.92672413436705,81.6372384199104,78.45153512901871,71.16653778326724,75.30821124495858,51.37696011238384,53.453807516382916,79.41190971943313,56.02278115411988,77.08758724701303,68.79022637762407,70.0446809964271,75.96431078876014,86.75745678462657,49.825567525200356
183225,76.55748193999352,64.06815275963078,79.97885082998287,65.36049519991666,64.2337265982004,66.64975356084328,64.07677458080965,67.74675530562425,80.14740535059624,43.43863676780275,43.98413321709778,69.10585793139444,49.18677955196946,66.77263477726555,58.0883301699499,63.02726434883681,57.42662837741013,65.16853648351666,44.219975948159544
516697,81.59188249523555,65.47342755302778,77.44814771353892,102.65785345414746,81.6860524405147,87.15933598318728,94.57359774029655,101.29433264598036,91.89657140995,55.651291537813904,55.317115390739275,83.75783677211018,58.317346942795936,73.15905428560434,68.16802713819123,79.65498851006595,84.46476495445549,75.99672353967924,53.081934030559836
502332,65.8712277268366,49.63975706938635,58.467740728071675,49.43349207256709,61.02680121227961,60.93531575095834,53.70361523195929,61.50744449139938,59.66622141609839,39.31455294270946,40.45674088266307,64.27925381927113,40.75309535004331,58.58091115421647,50.43283964193153,54.520519376935695,64.84384204332625,52.63623760970289,39.07051646674978
321963,78.08521817101001,72.0364503190742,76.53841158354729,83.47871006379334,75.16607760843374,75.14273432237357,78.34229951545377,79.78428390980982,75.33438671078396,53.184188686474855,52.184822262019516,83.5316080527347,57.612238565809236,72.36421723904982,69.01236215980624,77.5848603480344,78.54689971166695,74.38664560808704,52.03401829264136
741493,70.38512249257322,52.71316016191783,56.37093083240574,57.20755703981337,66.52032827305732,60.3110931361483,54.89317096081834,58.042632073090346,55.86390083883551,39.932800600593765,40.61879917963948,65.81089255893535,41.00873393336623,57.658908071112165,49.49086500785391,58.33527697245698,54.46772484278205,61.44440910954198,40.12705903574448
888027,113.1703297361676,85.11892501201356,86.36043525323603,95.67831149135318,83.43472098948675,82.93996869412325,83.06195171270511,82.32254532979815,90.00934135639197,58.56967057125266,58.44038415691972,86.20226916843498,63.450229524838775,80.82157359995048,75.34252684076247,90.66612664143156,84.14827692142782,82.15193837875941,56.320469657544166
199926,75.21954112117504,50.16869815798327,62.32026809581922,62.36200823756087,63.13271557807231,78.96037468172997,68.67019414623277,64.09652321194116,68.66210262660249,41.80649516459213,43.76986808144997,65.10575411731676,43.658226696604665,60.44699563204311,50.09324288153845,64.5057378584646,64.29338696143168,56.572802863877044,42.3422211564405
315365,100.83590534828168,81.37428782346842,88.84788297735727,89.62976308304981,101.78867321166116,126.40425520913995,97.7076431956871,94.74769366834326,88.67843485623884,60.13023994335284,62.404738114399365,91.82560526785491,85.89793400071474,102.13617915607595,80.20174261922489,95.51438797036433,98.4301806443263,88.21317570575005,59.75694965569604
20053,75.12739346687013,51.464589621419194,61.43094415850763,57.14360785761072,64.4644018092002,55.31539291528505,60.91272184692738,69.07679817468573,57.147323726148585,40.60293405109185,40.92722815583384,64.99727885891467,41.709583347255624,56.42073685311953,52.619431299797384,50.45790754314565,56.46934512474849,47.58755617150679,40.22354304252035
704497,101.7113421662547,86.7830442785468,94.80927407353676,78.41858939959083,101.61833634405583,92.4688840419318,91.59873354826888,103.57057628275682,86.66175162056535,54.02342849722676,56.76712599964156,80.49321864217697,72.34572724483127,77.6326597914217,73.49965578903405,81.48439004701282,85.86642788544239,83.86429927881852,56.4015918952816
255298,81.6350462256491,69.46859750746461,76.1851335428587,73.10200121753655,85.23975063119333,81.78922501811368,70.0748832470724,74.48493953517789,72.1762050362421,52.34449141218259,51.13499958957576,84.69993158693245,56.34782796970414,72.8283652734946,66.90756332779183,80.42898277562097,81.51729679671215,85.82494171242342,50.05080665308757
942927,98.73825515104406,76.43394901594347,85.61832095591757,80.22476252797114,85.85075979634962,84.91028254857586,96.16365186844129,85.02337591878717,84.74606276727661,59.62402158405365,58.90798565611176,94.61551074177815,76.25893091261244,81.7270498446795,77.33696521181781,82.26844213349939,79.8937740319241,89.49996895401252,56.55874715657139
207350,70.87521705152596,64.16213434211878,67.07442256128292,75.24901640932356,74.80990590362299,65.85940785692645,66.00928195090317,72.45336860739488,77.62271368842322,45.167031122672824,46.045915548677186,70.14955125556025,46.16504146374726,58.72310583884931,56.471013691686565,71.04880983450029,60.00346618307433,68.96817300219688,44.464648174155776
669775,83.18874614445014,62.29477924819841,72.60537003585378,70.08541705031925,74.12039598528628,75.02571476534612,78.99574984821915,68.73201333256216,66.3053946635496,47.546589245598426,49.0083813867448,80.04839671434203,52.05622185651629,72.08519585758108,58.29083389447463,68.26091746128216,72.99271640261506,66.91301431338165,48.26812032681283
676653,78.90068933743173,57.02169651197929,66.23851715346416,70.96397808420375,65.48353125950084,70.22989624616957,86.06603880700297,71.44686128530807,62.562454603933,45.742762109278,47.664354409686055,70.95518480271068,48.94751913218714,63.098854657315236,55.36131086043492,71.75814729454666,69.95748409277638,63.355411596361456,45.39335036358152
417905,100.9230247697673,76.06223118259017,84.56759920521527,87.09759023775418,89.28609307836543,87.57526360420181,98.37577972306985,81.48012838330018,89.96263929420257,58.14694815558904,59.23148769466508,85.19884662379731,82.2294726183312,79.58550814062289,81.45883728564995,91.11710412953862,87.67097573668838,75.21942248671786,57.79085121178691
212211,87.45662259984616,95.4511895317827,78.91546884256476,75.00962390823167,74.33274209118638,80.85831262870879,80.83904100573575,80.20220809240067,80.46191956163074,52.88733742016193,53.95590308504346,90.05817671262587,56.97252882569026,75.58278806812157,66.89718505700445,74.63701291535011,73.34512844240726,76.02223016386066,52.91412718689443
266426,85.99846388771641,85.5880709645169,101.39226779783843,84.01760401021596,112.5581947338851,92.74890786801078,104.59496614024897,80.76393975402979,96.94101313450662,61.97878874407425,62.54279039359116,108.49761920433906,64.38962592633854,82.43734169816578,76.84176745976632,95.54220613760904,90.64332035921379,83.57928661783717,61.91108483247617
961888,100.03993066858573,120.60362738764401,93.6439950166175,96.2202363388373,96.06187521944331,100.14038731740376,104.94468635555435,102.02909530474884,95.66477077674605,66.17798301520398,63.54528294907679,94.10517617886322,77.2082026163492,89.45894668567007,84.20611189260683,82.31955522539904,90.40337008076406,81.69192941707674,59.9189108901807
91627,61.580602386212774,47.738809766913946,58.32337368628518,55.89079733019642,51.808750773981416,55.31644018453915,55.24059280261686,56.46146283060963,54.94113291011111,35.83694608886944,38.40537340091546,59.66155933235181,38.29244926766175,51.68536694335643,49.1304628203484,51.823904985405214,51.023255014278746,48.70382394585964,37.54104237802821
644065,68.57010846566027,56.9709885167985,76.48650197063856,58.48542357658663,56.54690453417426,63.27413258979404,64.41017492225093,55.78835213907121,53.90884293046163,40.08773337800445,43.21528428554886,67.15182892530328,43.02664187581562,59.48016990120796,54.661040006559574,57.67280544404633,51.748907584842925,51.11411258735831,40.63672625698773
369506,78.27951724893921,68.76486693271013,73.08779281212608,72.33216955233132,74.41042834238803,80.80944145860008,86.35910491451166,75.26754444740553,71.40882447023253,50.72802985751149,51.035597913246654,75.16929271354891,52.37962943603178,68.75191982114387,65.10881905902743,77.03710122048624,78.07646249946205,72.93257854177435,50.334503160233695
511644,82.04683308349472,61.73103795779819,67.92283209461505,73.82996449064157,67.00620874474043,85.74071923718493,69.16411141396398,81.93785567291008,74.56309463385304,49.73748642260919,50.14757673289369,83.32823601022338,52.83948637401269,67.94094978704177,58.96222572338697,77.00821536280509,72.33779166807103,66.35268783966099,49.53965652180083
255764,103.32727225387865,92.60899111169232,110.9496051888976,81.29722932658476,89.21627644131144,99.10277585801646,90.3462304775275,112.1524590551574,90.09573769795597,60.85291318773406,60.58795785739746,85.27928540438451,69.89368909846843,81.61362747177508,74.08425838899427,104.481534255239,89.92660326912441,85.40394953813309,57.84718109977972
561735,70.81625312720621,55.067576597562294,67.17577367128264,58.880238569382804,63.87596944880747,65.28518430489117,62.96153765482214,60.10919325662385,59.92181835157421,41.4128201236438,42.82251781693776,64.93024456666632,42.698602018145976,61.645301858034586,51.84657051540491,58.08890302596923,62.583080883734176,56.24778903566314,40.4713342903238
65161,71.97293238199546,55.063471536263854,69.19885611663277,60.610822596968646,67.95936847440646,66.77275397087038,65.77402344192724,69.608668136667,67.11834464942403,42.95741763241568,44.620934324893575,65.63290135561034,44.33199766905969,60.96707946064439,51.16223766187859,68.30931615051324,65.31895497837777,67.09506935992194,42.39873595179266
636993,83.32704799789721,86.71844464204567,79.10381661005772,77.23761563978287,110.91300765272734,88.6881131102503,83.8055079353635,86.59803444034777,81.60316856143855,57.48229545122266,59.63664228782827,101.34436310793566,63.329263585866954,85.18857806247192,70.81794737411198,84.16780911500028,78.34238235527155,81.32551687311158,58.039273094231675
52060,72.69778686873825,71.78781600444627,66.93211746734237,93.5443851160781,72.89015719092893,81.3376728827516,80.64392372875818,78.56797044323511,90.62526826753492,50.556202142276504,49.371920626268704,65.8087217997027,59.279156841546644,62.87052795151547,58.5678893444245,77.00295241173089,69.22306022894725,74.5193460432973,50.03856158048225
311277,78.35445370285456,70.83436417701151,88.01434842938038,67.53958803270095,76.15819942544934,70.9979407141329,69.52864152510628,82.88746318225392,78.28479239472466,47.70919871163715,48.33237931760697,79.8805605625534,49.455612444340616,82.66689687127169,58.94575919303604,76.92152250270524,75.13291589968915,69.12633332034615,48.78912845777378
109197,87.92045488614298,80.74850279961387,83.87813959238923,106.40589944322755,82.23432343927081,86.34848884560192,83.4791484568989,86.19251174581865,81.08955578984742,57.373748659247575,58.14499261018426,88.43621695084173,62.02928421864238,101.46440351801903,74.2063099979811,83.41420312496066,80.70034604330942,82.88660672324718,56.35015353727594
19878,72.50225569992946,54.73443879379053,69.28761694845018,52.31334195608744,60.1409559987694,55.7673774989117,56.60684779267882,56.36034906457003,61.4078907805434,40.266859169037616,40.36089334712361,72.6151009456391,41.819431531517246,58.12654677331461,48.4459827775169,56.63196362525128,61.66447706734708,54.26294763117903,40.23502495296478
825128,62.375622186758136,50.551466441156315,55.10848017136007,57.23693636721431,52.58797499346352,61.317699572448156,53.21074619020466,57.269154836207406,49.38259934212294,35.91095255682303,36.9114187147194,56.11942195908482,38.691122914718434,54.88714590524109,47.2052739271729,51.60141379143174,47.730873071343034,50.52766764403394,36.06440239795194
239153,71.43816528909396,63.183770510953195,63.591406722844695,81.38285527705207,72.70788661026711,68.94326791306375,63.629261751980536,71.76457922661774,71.306518736762,45.17099107307362,45.065612758284715,66.8708980890715,46.69162329284981,65.515969413329,56.50168690011263,70.76834274383633,67.53420039157483,67.32629510367437,44.26571307998533
380981,94.15189792350336,74.48554437267515,86.28802107777167,73.88548066061244,77.26658609801528,88.15081209528361,91.28252002523698,86.07394011301231,77.80718781788427,52.474506714715744,54.73961324425919,96.06012392234355,58.21767152906462,74.82320706182799,68.94275671265649,87.07236756015119,82.72574664621689,84.61151939347808,52.08450669358188
236392,86.20715647726998,69.42629445125212,78.6793667801784,76.7802301897714,72.57147337655415,74.82930810691269,72.46629034433275,74.74034661953296,73.75031763905018,50.68269811393135,51.65683183258656,75.75044427750082,60.7715494610774,81.3764481252588,71.85276948430602,72.01012201400624,69.30111247599044,75.2847886688986,50.101836219205964
696526,89.1235329806787,69.59834982926739,80.46597077416722,75.77875855320501,86.14531810689022,87.15306903706555,81.8432134846269,89.77701246410484,81.17792874202023,52.287317057740125,55.19467192551258,86.14936346987645,59.404750657899555,74.0126843200936,71.16549370140966,82.87821221296457,79.6675415227173,81.31015348260493,51.91784758469901
309997,89.13703409370964,71.26201588938022,71.95980946096269,69.6944996803249,85.23108995164279,80.84459924016376,77.13552668122553,91.70742422796937,79.63930579312401,53.34718543399997,55.61673980255808,76.4601895809992,56.46039454739242,69.78335271647339,91.43760675149016,71.74096706221286,73.91308695062789,70.25419231983423,53.04045242431346
716322,75.96739051048633,76.80228840915017,76.8266885471182,87.76946310672044,79.94262419118368,85.12435679499067,73.6681454094742,76.68019833876969,84.57836375411102,51.389290668483106,52.86134360932559,80.17728157836564,55.44561560111441,72.54232157159292,66.91392257815177,76.88851715633551,71.66408628499707,76.01689135332052,52.276966857695086
654068,99.3788666473699,79.1572883854104,77.53914839316396,104.56017761081443,83.68899328547451,84.40021982764065,87.98386439107404,91.76934291116879,102.86688925597599,58.44837023966012,57.365401570727215,99.8836927920602,64.48623412152332,75.04362306683947,71.24730584936184,79.02107257935904,78.41747139987228,75.66053134966978,59.28173445059522
879802,73.48281007187802,64.80491782626345,75.55612082471842,78.44438951622575,73.22055957566364,79.51503795548929,64.293571439497,64.80353973156834,68.04947231303584,45.77142967994589,47.333294793113154,68.7684001409801,49.332103478248875,70.64553353630465,61.58141611888506,68.98279503664635,70.46911054310468,62.6521660260917,45.45291346775965
252691,75.84937817433973,66.32175045991838,70.36966580822966,68.5236085212324,62.948580290556926,68.46382165437875,68.221253884487,76.05243336522744,62.8054814343749,45.92549335265503,47.56104394443462,69.46220279706849,48.616452814972995,74.39021053611597,62.91093399820093,73.99178782625033,73.59651223051219,72.05203225344752,45.339068690110025
962069,76.85554072851991,66.75375115525236,79.98611364754284,78.5720213150329,74.07412956214364,80.55267019293055,76.10425825075447,74.37464013395662,101.02111966442746,53.273907219472484,52.613638556084325,84.57283059548251,55.65767667375836,74.23632940151774,67.34511213899323,80.75956744706471,76.8019234686579,75.74500326418402,52.91893785936972
179686,88.46264677610571,71.33712759744712,91.05477331772111,74.97542380712925,77.89676469393868,80.4511018212423,69.47088732600601,80.67778231362273,75.6315492502444,50.33766938029291,51.0004486524067,91.97280356836009,52.0450027779502,72.2688048629225,72.69171228917705,74.64062357646043,67.48339501101572,80.56135639372813,49.30855931232715
457599,90.32104206698281,79.51529071109735,74.81484664913137,74.57233390546702,80.24765290057641,80.65497607589188,75.45206443548443,83.45034959792045,80.69520995951234,54.99692787237105,54.935204297739496,82.51906488960311,55.04948383544736,71.0959712756839,66.58951810226176,87.46475827649994,77.94264023495757,73.22284967747258,53.22067849140325
704446,102.22902615290543,76.69877419661935,85.37263984295377,120.77345991058802,94.00366097828346,85.30146753660068,90.67014536051167,83.91576303902342,83.19997892766776,55.0443604413234,57.93308220660794,86.19602622805006,62.48768073587218,80.883809192596,75.68809864397059,84.8459880075298,88.7972338998046,85.7604104674565,59.22021319190843
182730,68.42254543222526,46.61534741830671,70.74496802152504,63.55859601689184,59.75842879530025,58.08504977108837,57.64956265369874,63.2763483332827,65.54995265814316,41.745518608651864,40.74754980799716,63.178849460696014,41.239639133615896,55.89087963504066,48.07037313753706,58.37657183774059,59.20178772161641,58.61321875913134,39.63258946768468
435351,74.10529542609126,52.06696183448837,67.7219980772848,59.89602511445713,66.9520365960121,57.51862213167799,61.62396417525744,66.63266491891588,58.596335254465025,42.539450825140555,42.86646272333307,63.24044715720263,43.25557115151291,63.528750157001745,51.86724316186465,59.46204004157624,57.898221895223884,62.56641837197198,41.466572659483745
654488,86.46505576563666,73.1761996125704,82.60347324495645,96.6336309534698,95.88940392997407,85.13923422613885,84.91153907433457,86.47464363915645,94.82569509505649,56.566891386089694,58.91834235087073,91.01971419256678,103.65652539970858,78.37262009720219,74.46207734954669,85.07527462253631,94.76095349864346,94.28204766903735,55.679196549347125
108783,76.79470142343072,74.0444374491722,85.39729847488245,71.28076827525356,80.33804008363101,100.8514517371348,80.47278032702252,89.45355629358244,68.70238925000987,49.64206897095542,49.58213864675465,79.43153499657072,53.14488467923749,66.65712259140759,63.28271057137102,67.49347384843978,72.53048141412037,66.12533885386829,49.02628223075919
50198,78.36901263145569,78.09153934723486,71.89524162628868,69.67706955417427,83.00447647108244,79.76875919773141,75.39039605558742,86.32402674537673,78.75752783630423,49.17462555347198,49.61034887220063,84.70935868042055,53.72167859398324,68.9658327586645,76.31047297208166,86.24142958193076,77.72034385676182,76.25391234986179,49.853005435932374
797267,82.08273326988086,76.38102021810612,63.85776529990103,60.67430947945508,72.45138962707242,76.10422825389986,79.75565258964895,81.83197624672484,71.5635859629383,46.66580666032654,47.943650206078004,68.45785740657634,54.148134909959644,61.79445115587565,56.954136362104556,72.48557895341825,67.79649719881257,67.09986623176624,47.2160412132295
146419,73.32006096493727,62.195446602416794,82.31815421455852,64.83030038181388,64.35628329175958,64.39296810075393,74.16283987533939,63.58565160468924,70.26161093624103,46.69577599394897,45.65221524351179,70.44788190665139,45.90237332381106,62.24938098653934,65.70410409900185,63.53282838978902,58.24411018313636,60.36095091613739,44.93354449635801
936954,74.78734633375117,67.03264456410581,71.34289952848509,93.36425888399918,101.01695663846768,79.59317575196869,81.21943072508822,78.0766644372801,94.83504860533671,51.33012724616657,52.61584101774203,93.27302051869454,63.45154775555543,68.98031877582169,65.45403084869771,80.29470585346098,75.56605446182144,76.23456652062889,51.810771848720584
140126,72.42770720470551,78.70237545961973,72.54161212755562,64.10365286973096,71.05840248122396,74.39727823882279,73.23193755838129,83.57663057920448,66.3826432347621,46.091787099312384,48.31176834300371,66.45121064605974,50.66739901963748,62.035740706586125,58.7745554379518,68.47704514951695,70.18913246879004,70.22698461615752,46.31554577803142
715121,93.02850025418986,75.98368635400561,102.14029665073923,80.73782145825025,85.30753467476524,82.10195218532833,105.90994111584712,101.24674470821179,90.6757929567737,55.53757766540997,58.587861350136464,88.32267771551346,60.62035568847483,74.82241498053489,76.42801465730477,81.9900875912762,76.41108439731345,86.72275079700317,56.407070380271044
720221,70.38527179830714,52.76333011291889,62.80736527344311,58.104998881168285,57.918143467972314,62.14941221105978,56.06397531095122,64.55662118449517,60.288761662924856,39.06849407930552,41.44830132658994,63.74250519281689,41.38271212648222,60.645362041309895,45.71752693943577,57.50813850953874,58.293821191515654,58.73287336617914,38.6029064505877
607468,81.47264314560522,94.87543462273013,75.62597464437799,75.19546207126112,79.95964937873191,89.44927791979818,85.79822323237887,80.03385120969517,79.26292866110532,52.807654548610955,53.839733829142524,83.13412422129743,61.47926933619867,73.73985224402962,67.21226285256328,70.12974463792234,70.50817920005059,77.94008211824865,53.49306182668428
348686,92.34607069454933,70.39414563107768,78.26299066494474,118.39653326899395,87.27258082831375,86.06832872178555,95.53133443935275,101.394700365626,95.32339342340765,56.53812771066049,57.5863593587169,80.64093458965343,62.24985102901964,75.44709292364573,71.37040685088506,90.54486662776844,83.38182664323183,90.2008029217404,57.97869863112526
231781,104.66136667513454,85.48408483931772,90.4845087436388,103.39590133254494,90.87444806893015,87.2580716979451,91.21347689801945,93.09650617636024,79.32178109296004,57.667829660966085,60.77734698494778,91.46336059396117,64.83413099697209,84.44680590601317,89.72502058930706,84.97762062389235,84.41575262452824,77.82118338391905,58.19245806811199
636634,99.05639679552279,87.85322699742349,92.38872597000851,90.19069523723459,102.92925398105166,97.56507991314774,102.66961158764663,89.29252800001603,94.13275166809608,61.74378678459844,62.097316809613105,104.30065427722121,90.11226149522182,87.9243897468354,80.25798549616346,87.229317129289,94.43773163428318,94.4069158208939,59.9683095865356
214310,79.65712336778375,87.64799539766923,88.54820818057752,72.79574419744102,83.08321944140668,75.6561787328561,89.33874553493264,96.40530006728682,89.71804836297632,53.034283741592446,54.568480938482814,77.46357608062314,58.0191860092842,73.46175195428124,74.10278743529287,86.37739927748889,85.79689088128967,84.54043485740208,52.28773459013392
597966,66.60019099796898,60.798100561248816,61.49055500249451,53.40912682646996,61.00186565863124,69.0001215949378,56.331393870276855,57.5014899739258,57.28996262208615,40.73200929193368,42.49564305228677,58.25922466351925,44.49057555486766,59.07250938300299,50.07542554183377,60.82264979027197,60.20772829060521,64.71230337862764,40.67049780703354
580299,55.858998882145066,55.972461669472004,49.46131010648494,51.41294022153714,61.256971049154004,60.35724281264616,69.1704533943494,57.44005477223335,61.944778877549936,39.86302355133617,40.24081147048685,52.8005260992805,41.872010172440646,48.815143170660946,49.210692697035554,60.758359176029366,61.79577641217,52.53622830273184,38.878929079434386
189538,76.39189446679745,53.32267813264918,59.0507542123889,60.23983657083273,68.02935101920436,65.18371466546765,66.02533543024394,67.73272657729271,67.78691963379885,42.657805089150074,42.86638223938164,66.96164504265873,42.320881469124124,55.7727048385172,50.957551950029796,61.81493775948513,69.5510709525406,64.85122655486138,42.34426645169925
434829,63.12054208115635,56.08703353929297,68.561792342213,59.8736787317105,59.21833228294114,66.63461420087026,52.56194463237871,63.121879908456634,57.148636317744646,39.979232887408884,39.218405588246114,64.84768302468476,40.521407397060216,54.9685431593046,48.80649215049263,58.965403832488704,53.707057932007785,56.79277569068841,40.44036285019794
182243,92.9729105251759,88.95869988679776,74.40178784170432,70.47070919297974,80.4689721702876,83.8951436333774,84.10638343918396,74.13391947923846,79.20141978498681,53.97230256854386,53.54308050247065,92.97041436920254,59.50619106646846,72.44848660903276,68.36842043054395,77.72809649774243,76.88418783317115,77.9328807864691,52.54398210538445
457413,73.34717796802069,60.82041938618178,63.29549635601097,63.4618323816826,58.59004776482571,68.27493514297595,60.60615902065937,63.18686564942548,65.6960277291315,41.239145601038544,41.2457209092604,67.59701532793025,43.26889527423557,62.721500079978696,50.37615918377035,58.552744293003315,55.76604202166258,47.61837574480464,40.47715680813404
459726,77.66285534990001,55.86726132736568,76.64663804107843,67.18100242466402,67.2568917673059,64.77605008045734,65.75097606355553,66.86231920747333,68.54086352912132,45.55584116389823,45.90881736594563,68.15147516208941,47.72247620480232,63.098321755674064,54.79070950495978,65.35361599869368,64.20336307479552,67.61864919953075,43.99212856648634
617867,64.26648186189055,47.97600909244204,72.16231070049736,57.75225611263934,60.64286862934467,72.25705064733575,51.44436925620182,65.37648663609772,59.87866926473725,40.03337992110791,41.111880595066125,69.3086900997167,41.29408117943781,56.58989649858766,54.59150841756051,57.297781971956795,58.60520975052425,53.29295354570574,40.32831708972905
153198,67.87556719305962,57.35962864738147,66.36450290223652,79.48136578874205,74.45139943460607,71.46720719547159,73.47695677380324,65.12558351959414,64.91780267106986,46.880456523935784,47.15187172809629,67.56913907879397,52.869548224923335,81.0454492672321,60.404850028540636,64.61027216945041,61.35952299536817,71.82246731030925,45.3380633637239
342062,62.111589985585546,54.957583387552404,54.105837673335614,59.770522914624564,57.18654726186324,56.0853909718019,56.20634473688932,67.15907224502858,55.722460001055104,39.35270365138952,39.14547884462195,57.82611760138792,38.98140353019542,57.20638352731052,48.08147415452741,56.61732622158088,56.77521664649247,54.777817307868574,39.18668305714173
813721,101.72945539474358,77.61921923454075,79.56930875995823,78.1538859987969,78.01551255438818,81.66239729195587,118.0067659852007,101.25907130078438,81.81868072355871,60.497175018498005,57.638373874725836,90.28006361060926,61.63760509594661,76.38002222280028,72.18936331268327,80.71905954651285,84.60487728702259,82.61949607092862,57.64217896936666
513587,97.55627414633071,68.96447589415463,91.49008464712722,76.42613287801488,96.957681043988,75.12702802456016,81.3371155424398,81.7276292861047,89.01505283630661,53.041442462250146,56.137792389448165,78.61075940220263,58.90225795007902,77.52939864670957,71.99901012431165,93.07843581012082,81.45855094629513,92.55782577567189,54.54701204253102
14234,64.63942383743594,48.57328775589036,55.87496800539356,57.37693897194489,70.36537350631393,73.1912874389914,61.97980254704775,66.02224777610031,60.734627728056964,41.0688056177714,42.25235498280952,61.01186012595467,41.49630774772504,54.14689293362285,48.155466376032265,58.59043220639382,59.33622016147771,58.691156889922965,40.479235995991694
387847,85.52402947730596,93.92906215555874,84.79752617084739,83.67663253386894,83.2624615914221,93.41267173396362,91.21614348128094,95.2862892785059,83.66853274294748,57.22941698859289,57.46911216077448,100.87319755300821,65.2255697735695,109.33906010397479,72.80312642324849,88.20142149557228,79.91427191813975,79.39445743288982,54.61086216804529
39354,85.02420233802003,68.0904197637843,77.78382869595973,80.00527948031362,78.01665818128569,71.87488790339425,76.61325350649057,81.12154563717792,79.31180610295414,49.85544285448572,50.3377638615083,83.87702614154107,53.699957104260875,71.24861064030189,68.14674500635617,74.15906250746609,73.93955450478362,74.24207233096281,48.423659593070326
673264,77.11352099989921,73.63477957785254,58.07301493705347,71.82304189102814,69.3026635445901,70.83417614143292,67.41598847906194,61.93009270654329,69.59849205456206,44.07616013902096,43.68159204857889,70.08297161297321,44.98971472103831,57.948841262964976,53.83499471711136,63.34830360410358,57.28696312935873,56.69083862758273,42.67804759491411
510581,80.78366287074117,73.89493222387875,74.63258941089161,82.3012955077034,77.66471316239719,83.55657265411281,75.88548690442636,91.59282236115875,81.92877059881538,50.75407495698265,51.796598818977834,91.71604702772308,55.37257110490816,72.79137519438089,66.123105966304,81.96632118066927,77.56700435252898,82.85491859234077,51.88346990263804
10750,93.07362476218869,98.59117178651346,100.70010412151788,75.79654745223996,83.3752473136536,90.07239097113046,105.56304694676068,83.24558862427781,87.27058172632073,55.046783406418065,57.755539669825524,80.64018045783544,59.80083667191157,74.31224062323898,71.47344601337936,86.81932105862383,82.57143731886171,80.14453395699856,56.56952047371074
250000,89.18003396080844,75.64002104260713,83.12263637304667,63.67445891063529,68.90812103519045,74.11404639993617,71.53479084147982,68.96765178423706,74.35882629993998,46.8531662253621,48.19367540974139,73.70034228169372,48.62721392187926,66.26279088403548,61.290478780654,73.19792793719114,73.61090367799812,64.21122498671042,46.48839438547215
897395,90.52034003335177,87.90472404595111,85.07196639349866,88.58435245728126,98.93623837270115,89.7983099248354,135.2841591563519,105.12637179733515,100.70701977451643,61.26889710683382,63.112072057221155,88.57621800335941,74.50540847748432,85.17307392187699,79.05686561033485,93.0137516744616,99.77536811837555,87.40284998548324,60.206914448837516
711688,77.23794244490958,81.89392510721129,68.61200899226607,69.35533702950408,75.56792297506001,67.31169485355954,75.09320479871599,70.2251643852458,57.81886957808009,44.71680092801761,45.42537952599402,72.49124928396603,47.56145549724749,61.78169023611838,64.35911558259978,65.03006835642022,64.54677425025463,69.37153939315576,45.469874493092036
803118,84.39381597709047,68.09240599698894,73.37282729381018,66.46036722140097,85.86812702064616,92.01118116895712,75.34627842759525,95.9034971105451,70.48853773230377,49.249421533141074,51.214315568907026,73.26687667025725,56.75558178098735,71.69107478605957,63.711155600437074,69.03900287337456,71.0947380154526,75.72998292775956,49.53796365858098
288287,73.29495748705881,71.2423915354741,73.37642292996692,80.13717416883789,72.68476612755143,73.14404756223541,80.81288875121342,74.95880367821769,68.9254259269962,49.284597358914496,50.029964907637805,80.31938171835736,53.35348325610232,70.07444101069281,64.43397597955594,74.97495824768032,78.13319773036329,71.6180650194219,49.07692003462361
230692,82.6136310617206,81.10273409380417,76.09489570811539,78.85838200476311,70.99797894861017,78.66248731185321,89.37258129514481,70.41994316514014,75.20019646468744,49.89896585333169,49.76949406168333,77.5479749457192,51.55541974658597,70.60414508979522,65.6698436879178,69.85243761640689,72.5087732917317,64.01430453951048,48.61848088698491
305640,84.5468236051127,77.81659787162265,72.18508324063394,68.13276913452732,69.8163137998693,77.61737983750854,67.1172901402655,91.13422831166699,72.97938267584067,52.94382988064409,52.19897772355945,79.67143528104745,56.89842393178715,68.7372868760381,63.71549308556683,77.76838505913936,76.25095512651922,74.99321897837856,50.32322609763453
492358,91.92074442500615,70.71126058989844,86.60452610212798,75.98310124641027,75.24952482519781,85.09327464333519,83.79981811974969,79.06781773860126,80.70189066834638,52.510402311859664,53.156860881066976,80.71155000906178,62.767786772958814,73.79658184084595,68.64334384117322,72.77135378404625,67.22741436493618,75.53295602617669,51.123524588158176
732836,113.20024648046777,70.69185167500318,84.16348186410593,86.14853403876515,99.3357866445333,94.4619750176852,94.79099791851849,90.086428256278,91.99724501342206,59.460893153245834,59.685210808450606,88.29274589815817,64.54274539744871,83.0154965954587,74.88740341894407,80.43137952246232,92.64869048798317,83.14582557686359,58.08144209711499
657348,92.01750851108224,68.2449448601189,74.98464497412371,81.94401992622628,79.94592446187809,76.89458569487267,78.70140502272957,77.56739553964269,79.37203154866135,50.17670798122741,51.52569543677887,73.88436412282786,54.846889675436415,84.01116101356524,67.24308113213533,75.14694289639516,72.47725742849933,74.21942074216724,49.70299242552602
887694,72.2877466929522,58.83756668735856,74.12974263387777,58.061733656944725,62.736137063395546,68.23257025616526,65.00330437641215,61.60728204541226,62.765170027572836,43.558119814699054,45.05004673205714,73.87606807993444,45.93538591941802,60.86336004125641,53.04656788361345,64.81958067336407,60.30598827768996,62.27606190115248,45.20880603647746
237727,73.0554258170738,59.049791346454505,74.59355225656205,65.65185652312833,70.45104343345886,63.589003612676095,72.6945371407366,63.99723160036145,65.31007454788721,44.452669876410155,45.42857784178256,67.80468557277095,45.930531497462326,64.58986438309462,55.69780546839926,66.46462561058863,63.66913208383721,65.76309521749006,44.957282521773365
95664,90.4910033066875,79.3927269524543,101.32123975963275,85.02578110625203,98.66486047025086,85.30605009786035,89.2395381948717,83.24044877812062,85.27687530234502,55.197228325927654,55.85930132990549,85.32869302694412,59.972994631585806,77.80106420297821,75.82442903160197,94.88893381390022,82.1517829995447,76.06628703070794,54.38529183466606
44137,79.99125589061934,83.73527032364504,73.42074221003237,71.03802571231037,75.01772967171328,76.16283523372779,77.88646902612022,76.05059365293167,73.87447496763862,52.4892585112287,52.14560858245903,82.02475974956245,57.74953219127291,69.4091609122014,68.46229311126154,74.07412868923551,73.74939210789765,79.78472706452948,49.03867385295708
487877,93.28089512007742,85.92699141822199,89.55061843365947,84.8737767728616,99.01304299849474,103.7954502079513,92.64991609985317,90.89456435518599,87.83277842137463,58.97892791263642,60.42073240051338,97.12686569808476,63.517015819857654,97.444408195309,81.85897004273004,99.90376025721815,91.55404322674582,88.35579490371691,59.78099752373163
626740,90.12438210494564,73.35516073308162,77.83897118168906,75.43430673994766,78.09691861829168,77.84903429840298,82.39518899412512,81.32855837395513,74.9880273672692,55.28187391600779,54.97716088071705,81.7243568884675,71.18191683504475,100.95199113839186,67.29726012357114,82.33526355392848,82.9817308105788,83.0755926078848,52.700028271732926
111946,71.67958680225311,53.2768197085651,57.19729667635275,73.54338221003263,61.41812032524231,60.85295899154781,64.3635933803406,68.12891019082682,62.21354592816388,42.066581180998575,43.92150426660665,61.514462660575475,42.41387030251432,55.952663391715475,54.02130215882778,64.16100941831016,67.24069412549883,59.78864146035672,41.80468035331574
620167,105.56117137071733,79.40663546676191,82.4431934147753,77.09340704525854,90.23818784110483,90.28886831506753,85.19724091615355,88.22556772922968,94.86171244068629,57.071877825362876,58.18002396748767,87.70360203280288,75.07889968237936,77.63216696568593,70.08463922761271,92.3564562948061,87.14961465402553,84.98190612426356,55.77691042748445
633116,98.92634924971026,76.18981262406973,82.73012790779758,80.45961287034561,95.1471969823532,93.64175778084251,94.74414442004752,84.72456474358705,89.2926162298881,57.57293665294986,57.65842672351645,93.54274842226782,75.19426280015882,78.43811473428195,70.52864904816417,89.67100886643537,86.17226812210109,82.57292153776457,56.946120263230604
36535,58.08235932721415,50.15876192328708,51.29953004244162,47.244722974207946,59.091558164755,57.000397284621826,50.83932260388108,51.269601920724384,57.86737466976574,37.86144653307213,40.42812528358506,61.02909491925784,39.28387821090435,57.990594965019326,43.213602226636745,54.483591880297965,61.61989769528071,56.86883696120583,37.68600385712665
826844,86.31285867088332,71.39202320021667,75.10680302122348,70.33621576855843,82.53691510220776,70.07763767613196,76.13676053400822,77.63253407695235,69.17650944231573,47.60481326979844,48.51017549709613,77.81801840351048,50.780864857659644,67.01195103809442,57.33295672235292,67.48240507237367,65.8527581333871,64.59010887814401,48.5656858782493
39167,78.69154038235158,51.65529249068351,69.02578724727331,68.44350435584764,65.73357320807654,61.5329450719209,81.8751479741587,81.56716554085583,69.74352572172049,46.554272347396974,47.80790878656166,69.01059822325328,47.936120667449146,64.07579630300042,56.4499977217105,71.19345211038808,79.11579030126104,67.18497442862125,45.821138364160916
997339,66.20491198548044,50.51873965917989,69.58935929186411,50.53989469818254,56.309801375723225,59.60097562423698,56.657614885907904,49.847731075652,56.36327286239133,38.29894291683525,39.215997161382276,62.62383852180153,39.66501764604546,59.70036315267458,45.97435996570563,53.76784834088372,51.488661507285556,47.53939717028873,37.22803672974779
51533,64.20762116560567,89.06869555851179,64.65453128381603,72.3100574476741,67.90503250952177,60.05865990284981,70.68334673340864,85.84275827532846,76.74230154405629,44.893067797557244,46.19837927347024,64.5380266431352,61.977891316894855,62.963134414040866,56.425735709128546,62.24537741564464,67.01569210846353,66.43908046642424,45.59511775158456
450789,87.34949921819567,61.26156624300005,73.39971722876672,64.55383315876765,75.38034249967652,82.83616912656103,81.37942392768785,75.44132128666644,70.60485037019042,50.46058658379849,50.54258502583912,74.77265390676854,51.11462439465556,65.24466238894034,58.73293447640458,78.67944353926086,67.81592585607123,68.99814146247397,49.50030022754028
476349,79.8810005637188,71.30504502529408,87.978073168856,70.24330477250955,68.80819988546821,75.29052147401902,77.00776163941033,72.52403116146888,69.81873602638115,48.443910172075434,48.010919929237396,75.87820114780295,50.45737595886743,67.6206891169247,59.324501163939914,71.73664331570555,68.35699935128937,63.022621055992374,49.21758142008281
940783,90.73940747447136,88.98698862564518,73.86305686452349,73.34338557773972,77.8900454988422,71.84996068098688,76.2621053841003,80.59567255670774,70.54001657903714,53.54039539292719,52.64423034517532,70.6854262356362,59.30753559417164,72.54005168011459,78.71907464176488,75.00105629802789,80.44404292041162,70.19623883044056,50.697021775311526
76839,84.17494328581205,91.06007512975854,94.55637695885275,76.51367375572511,88.73497200618607,95.06225686452963,94.0808765450869,87.53935560892427,86.88180785009686,56.140302470506995,56.713387721107935,79.57282335449224,62.260147648250964,75.48336292150572,73.17904024682849,89.3426425561718,86.90764669319888,85.16604629428224,55.24964862387883
384047,77.82448886787186,66.0981320295361,84.68929647667785,80.62869542172288,68.93351972878077,66.97803274523004,66.6726677305783,66.246526787673,68.98553865747974,45.94796466475752,46.58754724141202,69.39651210750446,47.60986895648564,71.98095001976067,57.15943205832105,72.09019285028705,75.6513219854179,65.60391695074641,45.624811744985024
520453,85.95192165709165,77.38531209471546,69.54486130940921,78.20313351746057,72.473286117691,83.22442047249993,79.1587295719708,72.63078806531342,78.4015544014874,50.75227984826365,51.348814816205554,74.3407333007264,53.33867292841261,68.14808928431329,62.93253836504682,77.9736857273855,77.93082896503523,76.46039528609698,49.29346157633259
385173,82.58465889004032,58.19504306217692,82.85254019932987,76.42047756465661,66.79484865591047,80.1989181135798,62.56612832191077,64.96084780057407,71.56583790278566,45.02967302978959,46.40167117233641,70.28399277607522,49.075332617749666,65.38379657326126,50.992043739285904,67.13163852132868,64.46795545955715,64.34949266971165,45.12852359862628
874184,78.19056275649186,73.21003517067248,76.85360821247747,72.04656406586233,89.92316845900604,95.45935678834225,80.54108835853268,78.67777702202633,83.02770245230516,55.78805273142407,56.04518473508407,88.98629292783457,56.33061337045142,72.2143086038983,65.53707675625535,82.81917248773924,74.36903266123122,78.8869005078376,53.298893748082236
294907,70.80996949220523,64.80191197124182,71.51127771348266,71.45268748963247,80.25127284087361,71.01070871853676,82.30311698818781,89.161723643734,82.18999081717291,50.688856850139075,52.967476386510455,74.1463147018105,53.59855726706716,68.42213135620945,69.4270532622814,76.488587869138,70.14478021546924,72.25741879557957,51.356066798580784
816290,85.10951907007335,61.55259987524195,71.4048175383355,64.9386944229383,71.40076469147816,75.56399073294268,70.57676931920456,73.86529435565328,74.13168307232235,45.26369319725372,46.415945049259754,70.50483891782854,47.414123808198966,66.44003391441596,64.61286095535303,72.50182954332878,69.59850922397051,70.97842122486122,45.27132334870673
474877,93.31724711831805,96.36057815560378,90.42245116859672,88.74897357684779,88.4818522636482,89.59393458347853,87.91776207499184,91.88250576269397,91.11346862522524,57.68136731207949,59.22727462134577,87.31176345900559,64.29469294042762,85.63851406553758,94.78409864783835,83.76365801380138,89.84580097479477,91.68133477872615,57.976393098586655
126155,75.96250392777722,60.932672847384836,75.85942410338889,67.11303357233965,79.60194123665364,70.89627455426363,73.07709533005513,70.2674461127813,75.45647698989065,46.44823063916651,47.08853017548569,73.79816539254907,49.5029604762978,65.55945338353058,64.43132416938431,76.93570371638138,68.37445768699327,71.9993720365553,45.721614182762096
7837,83.19883363092222,56.59172442966688,78.45839098056808,76.58886035180123,74.03273736226312,66.97613532433459,64.89248961369091,71.00283373995714,61.123436612788296,45.6682788615429,46.10483039364193,70.80026677186356,46.01833714549952,61.39530498485988,60.61899270100346,67.17556904290085,63.21736726943057,67.73624101626467,45.216723117124374
716848,106.97319989491358,78.29077581002534,88.43054910633819,107.77928928674773,82.61986692554359,78.95696558444706,81.1660807022076,80.76059989616775,86.03714298880725,54.76795757580513,56.8806545234234,86.55827172818607,63.729470999507384,78.75840641032178,77.68964773019806,86.05071058743002,85.40496318290445,78.64630489599136,55.76101654692235
920688,78.15390369689396,87.96519597935404,77.84029816363801,74.88048352080136,73.68168824256355,80.13159189289792,80.33131746326796,92.02713438072864,72.06050349468242,51.47168212954642,53.11912056356007,89.95104289290431,57.95000151580177,74.6501893451259,72.40551871811613,79.05953576549692,77.30312759047183,73.90551048106423,50.3183148527728
492901,86.60021972365472,88.79812709357502,76.97179372386293,73.28361895463631,80.51585957519202,74.47390174862186,82.85140955479328,90.95689567812843,80.98106853650529,53.55000862006073,53.27679479866893,79.97243177927967,59.666315190331005,71.89140770480766,69.69802116181876,84.35014026765569,71.84293467426761,82.4953367461485,52.62268717305631
976422,90.84761969692914,80.51144313887535,75.0402476429655,68.3672723902609,84.12899670491942,75.36691669954449,71.79538348512732,71.98640331782818,84.40213205784433,49.59446823162157,50.99537123397793,85.36385175569599,51.1147099542816,74.54080419711957,61.06719214534509,69.71914636022956,67.9844710284131,68.20983806830765,49.749858375007875
228684,76.09624272608468,56.672837312310705,62.166243935056116,66.69126683634042,70.97080697095544,72.12059723703479,63.39436609836503,62.46984478950817,61.28929738861842,42.624098302174886,43.77075212147896,63.92410923586093,44.161306047607525,69.04922924700205,54.45467972297589,65.20676448038354,63.96740464445838,58.436522870898116,42.08914652656944
129437,65.93115230146793,48.904709189706516,64.43138426046873,54.796102470758186,59.64042366277814,60.5582168167969,63.60858364394171,63.55778071268192,68.2260309265693,41.168386089722354,41.4235583120858,64.24349055008514,42.22759522117298,58.95572914293116,49.53648266435346,63.41464357244181,63.13703941113433,64.64792035424526,41.18285570747699
594830,85.1827841329404,61.7351296169012,66.18563504085162,64.86098395709007,69.91311819115474,89.41885879194339,81.3311868734308,77.69700806004997,74.92189928615963,49.85726496689261,49.919546332977006,70.59421135914121,53.690713741238426,63.996474136356994,59.13759680668545,71.48570093357559,72.52860251916019,70.31795283374102,47.192637780845544
148905,96.18529061034059,90.0741508880183,93.98982334571434,105.60566730036447,99.7631342787017,106.09718720755497,90.788761651746,131.73295758125846,91.39253907092743,61.996478625252294,65.30344847131371,102.01065962160767,76.26096918521237,98.80588825403451,92.20779584940851,87.80068898689984,96.13954379665327,88.52508223000905,61.89408291418237
723759,95.1312518748629,72.00423951435629,78.52553277185008,74.98915187197187,89.89619306709793,80.75639967509079,76.63981586732272,80.1052410086892,88.32536328953238,52.29287806577687,54.0464150235417,86.77097888030326,66.57190490970362,72.07812412085332,73.08977446132296,83.66078847242183,80.5463960839181,73.45145437705173,52.271767598016794
437248,72.67035392832007,58.19163429720888,60.76368024124896,53.14803348168242,57.68806783021617,62.4367746575306,68.09192570950398,55.57639604140946,56.14014410224466,40.19061030605747,40.366416874261546,60.2000318309638,41.52871024023211,62.7517477152504,50.77890929584729,58.611472497640335,61.057912395861784,58.86111025582612,40.11449053441611
900386,78.73468149272313,84.24357430050941,71.12481140396633,72.63494531962678,81.5921153318447,78.2052611360503,81.9170795873489,77.10228562609925,79.14617984808615,51.50133604286421,51.51154616622389,90.65798632346181,78.03597295661882,97.51052961855474,65.6691592231906,78.45787143713078,74.32585107563006,72.34671099157632,51.4983760285662
538151,81.1468592542781,60.20445874444222,62.300110624034176,56.58927520279424,73.46489992527698,62.53474791762942,67.282415161497,59.098280881343186,63.7292121232078,42.52645732514395,44.0845273248434,64.94837789628309,45.32939489398089,61.796355721169306,54.435005586435565,62.14233433394986,53.363203351987984,48.145802064918264,43.925407555204735
791654,97.31590433783562,107.04150652991396,89.63181642445522,83.05041710046856,84.46384934565484,82.22042136785349,87.28299589678065,87.38554209247027,82.19600582562411,57.14606633437839,57.22891418959952,101.27717693695557,60.387830342957876,78.5213590828781,78.01970326010532,86.74327740298308,79.84094619519689,83.5283307163883,54.360731487943326
803742,88.14757012830745,73.9648374972367,79.5311007399186,74.96686593322026,83.15414470033112,72.16932515287039,81.67859502177822,74.16132357092519,85.2049457826692,51.912014557422815,53.957717134630656,77.15840243675933,56.7457529096655,74.56887410569307,69.76167339799959,78.26792521558464,77.28022551862712,67.1848969456761,51.67474530390297
760807,63.749414709768686,58.05951135538845,55.887885403837856,52.2919541127,63.472654077883,57.94251196808305,69.96998134365901,61.74299728545948,56.939278188317374,40.422090322391966,41.16065255457997,67.03216921560552,41.10176201893688,54.40937362152016,47.58204372588986,57.97387299818654,53.35721015318984,54.35405986518909,39.62619171431545
424368,83.06989421377091,63.1370281875416,66.36607039792622,64.67060618891541,72.60950433365737,67.81142179642724,97.71328757191785,74.91570396171144,61.45286847107219,45.845166194964676,46.006714428954325,70.99951137741812,47.439788147048446,65.62563749643901,57.174705837224735,68.28925285498582,75.23865414710235,70.220284723063,46.3411699084226
62199,81.10133610506121,61.66622230021558,70.61065126910222,69.19431349715245,77.63833735157648,67.8918713059106,82.62571026374499,67.7523426490068,77.90715838034875,48.46661226583948,49.59243074902393,75.39466527952584,55.52325691169243,67.00732231451335,63.2798579203661,65.38701927686378,64.30422788665008,62.636605436065906,50.72966437904965
222710,70.7084215482771,58.44390846304973,61.687570143112794,60.75294696427101,66.52644212933527,64.24899133730169,67.66689977635357,63.896264344166454,63.93614050525354,42.24693440559239,43.02803894341719,76.15806933824547,43.448191963890274,66.67256520315128,53.68549772476342,57.94620637183833,63.88492753127915,54.94587354312607,41.9180286269451
319903,87.08300942710794,71.48030022221973,84.247361264962,71.0648789716831,71.38941112419721,79.38533153076877,74.53464673698275,73.55813147356054,78.80147782923706,50.485648714596344,52.962703621063596,74.26839566284275,53.33841291167572,70.69663317897405,66.67911990918012,71.57186088099081,73.72796360986749,89.92901437383792,52.0436807902639
831362,105.86945909456975,94.810233549733,90.17990134954746,86.64014755707831,84.76527762735734,82.42283490096496,106.13638114801924,90.99413782860569,87.19226393317932,60.208696060590384,61.87935458826526,97.60232298464399,78.46515436583945,86.62707449277048,117.31023624422906,94.52216919024217,83.06773641273284,99.18807522686122,59.98627339826293
668635,92.97159784844862,83.37261849072497,83.3137667293923,79.13905910736239,83.39620245830164,83.42752645852283,96.75449638180402,82.56658603130816,82.05210635123726,53.8645694795822,57.28749679391775,82.39805323613415,79.90676156396688,90.13068450823528,73.85285935954015,84.21288972888556,83.73570129931113,81.74535757778662,53.48388364556618
378911,69.9220818544592,61.62006480182045,72.74952706313667,64.06878240607435,70.6054022696955,64.04661444216252,76.85867773674477,71.19615164969461,63.43592553331909,44.13639036033942,45.96516799013172,78.1399522329724,49.14576841492169,61.460271284622586,56.057112032910496,66.43352533948064,62.13420739122824,62.002301934099854,44.126592020892616
614717,64.15964443363372,62.5829123667824,57.89516073387749,69.32898851782686,58.89072850381386,54.83829865673987,69.48991691061067,58.94233847616705,62.38840196255674,39.81910814575997,40.40579000254102,61.67360540394138,43.30560387290609,63.354335195539015,50.36968925712979,61.68979859793721,59.81380625667305,54.748033483956505,40.87817429640366
932872,63.6656470124274,54.81719753300631,72.70757629212282,56.49338215223946,61.313200857992996,55.66197017019442,61.07989566396557,64.4600720778428,62.321275392514686,41.175179798277,40.698768167135825,69.17226189400107,40.49489496767916,56.46527598021193,47.7955809060745,63.642666589933995,53.32933109645815,53.17603137482813,40.67845111474018
933750,93.79078381627944,113.79933791837918,76.37444542442415,81.54917672548382,85.47411969196432,83.77883879871916,83.72264375313976,83.57064757558867,79.13053869133054,54.328484948887855,56.350704858332925,81.69764750650998,58.58081461627245,73.76230523419002,67.07988699476996,82.94099324370217,79.20497212576282,89.98531397289861,54.307701797744
992848,67.51942881325289,60.36067150142506,65.53144776886737,59.9811395104723,59.733095067321855,66.41070346682878,66.1885707993287,71.48153734369336,65.73193738500964,43.057332365122136,43.304562558376404,70.18522603025494,44.69145654178856,59.0470739840547,51.64131141797617,64.44739168276466,58.744783975870725,59.54175619071337,43.00629654370128
455421,98.60658174814145,73.53673939599987,84.91237828251312,93.679162621939,93.70081799627691,100.77799198981606,93.28652700205359,86.14225017088809,113.46297926680874,60.297934616987774,59.583457349681204,90.31370859825131,65.17997895724122,80.98356177618098,73.20367517102869,84.70599598790798,81.19590184617059,81.04150138090773,56.348003044300526
605243,100.9405968391599,93.73175064262006,95.808988721512,85.72682857041153,101.21406923961061,83.9368822154619,94.23730953471954,114.35264207075585,91.3902439666016,63.53530715457879,63.57358088681302,99.43440586565819,71.65175180654839,89.78088440646809,90.56052893403927,102.69478813196567,95.73214686618542,92.61619768353523,61.34015461136863
21978,86.94112396877878,61.607933068211295,71.74466639164679,90.19203105237776,79.29072833983341,85.6942049266575,85.02300094121537,67.60040598500598,73.6949783859443,49.5629065573982,50.52775430243827,70.59421573393335,53.740000846775814,69.9178363009217,62.27622094418654,79.3774354735678,77.83443691032855,79.97457205296232,49.1284473059351
107599,66.07601917971701,64.48612491326034,65.43308210573132,59.16127384764726,61.13945532212943,64.49208661932038,60.79171840429161,80.62943554750179,60.282347234890324,41.250748723599656,42.95081256908306,65.919288727739,43.611089760468836,60.97788501505233,51.98495451879384,58.187989825304186,57.25014646714837,61.13769431351709,40.72886325890377
645042,72.50764695781677,53.44124797278852,58.42344457922255,59.29689127027014,63.5109252647095,61.40921674558467,63.32671347077431,67.95764708121935,55.52239367267844,42.30556036182311,42.05814467263561,61.70038750993357,41.211723355134176,58.258622020455135,49.558774980784435,61.15821004604918,55.702863091264874,56.83047006393535,39.5483706655982
504143,89.6902315593272,81.57271942050266,114.44617357237365,84.54620717231616,81.03535294312383,94.14766625648852,87.07976444991334,86.92370581209909,87.2293278597983,56.48720459719125,58.91997359323271,93.40571232806734,65.12713989514617,81.98852226444396,77.25275847942282,86.980978150769,88.06590522413208,86.99416038806207,59.365429831509815
122791,100.91530586675114,78.97913117350721,78.90163259214057,74.72378155276556,78.72623644266966,84.65022559401888,84.85270798435002,86.40150956982663,84.80244428274732,53.30935350964708,54.95615304024224,86.02062724027674,59.587680546264735,75.12174974155107,68.07036773190814,88.20115603317228,82.2165646827486,81.52315331058801,53.61383661135835
946368,76.07827486769985,64.18557280436755,72.60077400581099,72.83367490002954,74.68095683098521,77.22191605395413,74.30459264992805,87.2043392811261,81.35806600024952,49.220204192788756,51.129685738389,79.8514104165192,53.73960742756312,94.2187187363329,64.25446778175525,77.1396020051468,78.1852350800431,69.51336324279137,48.26852403225762
154245,97.88099105304883,78.40122054472235,111.63980552327172,94.1415918925169,87.74087442697551,86.74287987013625,85.65733380641693,94.10361343678126,82.68399512941693,56.92270636933495,58.84635374510026,87.14709085347695,77.09269439258455,79.7473669108642,77.9660504721382,80.90086664130482,87.60054489278029,88.2765972730645,57.421610844182354
971963,98.4533987345603,88.16539299026482,80.46092508952933,81.27319167222109,87.83598419484363,104.71016959238342,84.74077864325119,86.35236585272509,89.8242365715255,59.27033204309298,61.19807941709815,91.01594528374498,73.1423737620753,77.98047512482327,72.30572225699376,90.7672152172191,80.89963706587872,85.1582206126543,59.82048076534077
820691,86.9390261458361,106.7342321043971,97.26337354251378,79.45186063012659,84.12171495705132,88.51283092686957,105.8509232168646,111.47758220342448,91.23217082163629,58.211542444795484,60.868679452342036,90.80729708923542,73.09195451447083,76.97148029121456,74.09468428514637,87.36890177321008,97.41173330373664,78.92207577440584,58.118193604056295
927982,86.37842859228883,61.87925645466252,69.00477479136381,68.77770473009672,81.0271918972532,75.24148844835096,73.80986029479153,72.0723370325455,70.34936133812045,46.84556405761561,49.657334315950834,75.51910534047926,54.3545372941845,66.92283290260963,63.71521229517252,67.10814627295704,70.10340215235908,64.12277017041953,48.56771663987301
798307,83.38978838612368,64.39715697823773,70.05292055217063,64.99742448344594,70.29400891157684,83.1757957459621,88.99889684601683,80.14175925663719,69.04831456790983,48.339425241019185,49.30053350957253,79.96339872529978,50.87494964225111,64.74036779560069,69.62121852198908,74.46379943881013,72.26767435968083,61.91316803204144,48.122826884821976
361379,81.60659458902049,65.30198143657672,69.90576613815495,82.40337771896151,74.35502544109418,73.90190723365002,73.96673022999873,74.46966037199059,70.61950135139423,47.47672691986186,48.74088411194428,69.90512304955472,51.90671653644178,67.69540647720703,56.342855811641556,75.72162017635097,66.05423192958861,65.31483196852255,47.60968643125273
736297,87.89379333850226,76.5311028574697,71.89621214482634,79.48070700922928,77.07406813830725,74.39228519160285,68.10954972238733,71.03446344237122,71.54767849102511,50.740612625166754,50.9560136567248,71.33650791283719,52.011274722820446,67.18171821784442,67.17241470259506,77.95485401502934,79.41060180496851,69.3601697727718,49.685114467393724
970542,106.10551015024451,81.83467336536651,86.47366735732864,91.98211661450208,80.85907481732065,80.52365972523793,81.779061050383,87.39867455010162,87.52842007766758,58.631210182892914,59.238912950859294,97.07159450627444,73.5290748480104,83.25927182631327,89.7266573923266,83.35796993807239,85.3843262107593,81.81785819994438,57.18343906229079
452122,93.13608352668653,69.99317279333913,73.73066651165668,99.5603709690316,82.27124489786023,74.61289791263488,88.37062660103621,84.88458847815217,79.32857887547199,51.834238079881516,52.69158190154139,76.05909145886014,54.284165123592324,71.73355980346922,64.71144626506077,80.02575408758406,73.70384079875805,86.3885285467297,50.65187124699135
19049,95.79268760955244,81.89233239294308,78.64811065155956,79.5319239474202,76.47782222018883,79.49567421507984,90.96591135705305,79.9782918187221,86.86829058338657,56.62968131205248,53.90916805967456,84.39268630732953,58.92932277203566,82.6299917669327,70.03343451123678,78.8646632858694,76.82263985459852,78.13887385696134,53.51345349794266
503936,70.97115379769346,49.7463674386298,68.78498763363754,57.61180462861824,69.00109628809872,55.55000817611298,58.033883980414174,70.5868355321133,61.728173473707706,43.10885425543927,44.37855105714604,69.55149460336308,44.40848725874751,63.94524302329612,52.8362876556748,66.83133301706374,61.49189747955553,65.937744564285,44.361585228735365
797504,74.66833573200054,61.405655634740334,61.30795398887258,54.93011147383817,60.92529070108459,59.91017979578851,59.846805887730746,56.2037656665872,60.77827930010047,40.45547364349754,40.686538071350284,61.09474474800311,41.351795879012926,56.91194882380473,48.128073611555486,60.75992087097282,62.546340650910466,61.99045736389913,39.09825047107208
897428,73.06372770561032,65.00012254631393,67.27756054124829,66.64580760201095,81.72207308899681,81.62599737202777,77.80718192626205,79.78161016374892,75.68550849734167,48.822851598688494,49.716573085529035,81.81383553231375,52.285467002594515,64.49069105576181,57.58475588818283,70.74435982905322,82.77114670892752,72.41661294730169,47.67638952279749
514634,85.11556064982338,70.193502808554,78.89748146947986,77.21739292694977,77.71714788694247,93.34201037373953,84.25188598399845,90.07173375542705,82.27640965439011,54.45719486134682,53.33051627814365,87.09533570976902,60.23253938272534,100.64977388589317,68.08699111456667,77.41781817728429,69.64932953591182,64.68750462619708,52.65885934483755
48934,86.66102375383394,70.63077766239275,73.99730298929144,96.96291551677439,90.48292368871093,88.74848650527571,75.45798700236077,72.06942517933565,82.63767977083883,53.97024068241652,54.36768489427354,87.38725560762083,60.38204854324502,75.3362637554723,66.49057223243307,79.84020498329346,82.08120593501707,82.39324375285165,51.982908051982946
360861,98.46016322517436,72.86557675113352,76.12677444184041,74.09096693522991,76.27052349349611,76.71132615078635,86.5416857884654,81.06267864865043,86.29496472693563,54.39129627601089,54.08004373694915,82.67683059637982,60.521058086736005,73.67538532358016,70.16063666305841,90.14455251101259,81.28119092629237,75.16623796440906,54.04592802362872
266545,93.57910447549378,74.28194152085976,74.41526347326973,70.018572447928,78.9657847172148,81.4437501310134,71.95592820383305,71.94012386853908,84.1061412496753,52.974083643493195,52.161787793005544,84.62775236051144,55.06218163998537,69.84312079017394,64.3920734326631,78.26330954292543,81.11973816971143,75.86186070893916,51.51763617704867
296895,72.82381220135,56.17364756927058,61.91600997926561,75.9233136071122,61.67192133436408,63.3960916550654,58.82521136804873,66.4376811987345,58.83401212143043,42.35007392666712,42.68379486724552,65.2719554605512,43.426730906080756,58.67028077829161,51.44783098597894,62.52151246869723,62.4771688047975,57.47097237765201,42.08787287767676
755194,79.06506017288109,81.58169265996139,107.94175084186344,76.96457956243391,93.53857722262194,84.31153720382599,77.91037519753941,95.34494957745147,80.59782351412457,53.99108971505663,56.678219488978925,92.64986854431947,66.16758207979353,75.65282372998396,69.67189398848069,75.69850822479569,80.93388675744106,77.667330025354,55.227567169577725
813342,97.58952151676931,68.29445538072628,76.81534291811755,76.94196631425515,92.87104227817548,89.67645040780394,89.676405419894,90.86056120577555,102.7294007131548,54.85264099736892,57.017568648919124,80.18684241440266,64.65681978739389,95.98445110660015,71.03829844579136,85.56425581321156,93.05553369582597,87.98432496676298,54.66569613211047
840255,92.2745606156721,68.41381895710464,81.1274005205561,77.59048314216426,84.24900670428556,89.53906149458828,82.70594108111086,74.18289929190344,85.80005512214551,54.268935289016355,54.31842137907746,88.45005465743515,69.72818259402771,95.28235868600665,70.5299412599114,81.93413284420726,82.4000252568343,81.41657293805591,53.58656420978767
656269,78.67101648591353,66.91197481832306,80.25415670808027,95.4752508286519,75.59876397104155,76.0290979227531,68.88246853409095,81.9324944888093,94.9107281338463,53.162074472103285,53.17968410773338,76.9473470461796,58.84178343678883,70.94438573155011,64.80359830368576,69.03350895550476,81.41300056932087,68.81921938344816,51.663536304163436
461667,100.84893380426443,81.46276461562032,87.56929191061045,86.9927581186841,84.47821860767766,92.97857066182824,87.04499631966075,100.33737467172074,93.00041043598655,64.0901419031837,61.116929721639224,103.46974766898498,91.78609566869439,129.04581880682085,77.93594049768797,88.64714761629385,97.65144884112514,90.5073240509683,60.59897883730606
394007,101.6230161410711,81.9890773319375,84.6061268606606,111.48042385794272,109.96681237494015,90.22704973465949,109.18941934939159,94.84185205668504,94.07249754332172,67.09582120330724,62.7555710460294,100.80765894653243,68.58420111480545,83.47798216394146,82.16002803617263,95.38564161189232,90.43047531397316,113.78500462108293,62.15439640272475
20161,79.03840322108168,61.462737799329474,72.61528884660154,63.59299236203661,73.68148709115951,72.23854962211186,73.80679976839008,74.71106680410256,68.1525732975821,44.533861638152956,43.994739116504775,69.29966817109411,45.28573296875345,67.64001050025081,56.310996462175254,71.4329915180856,58.89963811625338,62.371395177052754,44.62977038764788
846375,97.5764486298537,66.99734435982403,76.53745095526139,79.60774630958842,92.87024815218672,75.72449127693972,78.31620782113072,80.9294532280701,80.29129380754375,59.11218390523915,55.215711373002364,83.4598735739251,73.94259697431058,71.64524899480915,67.59852023172067,75.71792957964281,78.45932799666461,78.6452892726843,52.423287654020285
447077,82.83907200635662,68.5075722510827,75.19999603932527,98.41334695583053,74.87035345585063,79.18272030323766,78.99184570756431,71.44521050488196,87.55053683378794,53.86589909366245,52.65033624973495,76.94088670842478,58.420416576660784,83.56427093215606,66.7932321452214,73.50709887461362,78.34523552438563,72.3399615996679,51.859527933389224
378133,70.42090210451778,50.04065268666935,60.60244631315367,46.60330764390613,50.720843593875486,52.178478083993,55.06183511737088,53.246853471384384,52.461872663749936,37.86995854282213,37.528733262317544,64.0545303872673,37.39620099299333,52.52255534619487,46.09966601894067,60.85703202288771,51.42269187362679,52.420898159665825,36.43363380387086
846461,89.40686810702334,67.45177900367719,75.04157999822198,85.98643596336164,70.52866977262346,89.59377359215144,74.78354887446334,76.84390833849147,81.93680075784042,51.182141872439345,52.40842117087604,91.1038933255874,55.41717833958327,71.55275640305881,67.39651735859997,68.43538107220274,70.624533830876,71.35156123534938,50.743928080101156
435775,63.47466691009669,51.48631218594123,60.821718495501365,54.76542195882813,75.43913652642443,63.60145616919925,67.62259976158587,55.11860893013245,55.704329993032616,40.988746047595356,42.723620575633745,69.504654234763,43.936637581894466,56.02949617166593,50.02147333473151,62.373908315200524,58.91095222449135,62.22788581017168,42.651754305187424
902984,86.92596676727004,90.15886867505178,91.12092867051963,72.00853012081284,77.9077241618057,73.23760059946862,79.51688051620066,80.63283961925582,85.16716361680037,49.99045507897178,54.0370813519092,76.66000145379445,60.56816711194438,70.58352062951062,64.68964929053769,80.92233380478845,70.98710054903535,81.7027080877559,49.44051447563981
87897,77.40434592318891,54.924309887061554,81.86726414467846,56.66843857071329,62.94673859239795,61.34945168835849,63.903658369093804,63.007215572598234,66.93253613023805,45.41544156451058,44.991405417160024,75.70727262234868,45.20619485041573,60.4473833569735,61.919258026328535,66.64874380430959,64.76545547184182,64.53117628075259,45.02816832624808
967714,68.45000556972374,66.94271687000789,62.82210462342108,62.48853560674045,60.0282224122513,62.520925517896764,62.240199202565805,58.23025898663794,59.34886075832109,43.569362639731494,42.24598291449895,61.452471122980306,47.818938644848345,56.70895676312314,47.50788953169987,63.124331699266726,60.01702821714725,61.085268905067934,42.17337831913732
195418,76.59076177156192,79.88788615175567,80.17465093887672,75.78793241733705,86.72010366471152,75.69313456477013,79.21081534596944,88.04167107641388,70.730339944194,52.4256990188434,52.228861772249374,81.88273043822,59.0284573337602,87.87421847187792,70.01043816669755,77.32931852863774,74.97020600924276,81.16050519635996,51.00266720632637
152639,79.03322126255239,63.163818719409996,94.85941968776635,77.67099432718456,72.08528009192385,87.89040996671352,75.12871241211714,89.61717619344812,73.5725912235763,51.67511531788274,53.5525626961952,73.32252487663362,54.486206381484045,69.66846755111882,67.07423541597271,71.5654969424278,80.82971504644921,76.98750021021473,52.58245562044713
746885,80.91282554610433,68.62229676492963,74.68640094358662,89.4681167338176,74.14042068109839,75.05551961137158,81.53448873047206,91.08494289003875,73.65188361295873,52.085029797255466,53.98216720046129,79.32128323951343,56.207758800821324,99.38111303709982,69.41658998367984,74.10385408048589,78.4457058296395,80.61348219728643,51.284341290320576
832850,121.43124687862507,94.54308317461158,92.28130824043058,89.80544680750039,94.78345839434326,97.3538522422762,93.481541212459,88.58904531799546,86.44901145491315,58.840874379529225,60.81102537634205,102.29272225531153,71.1052737688823,90.7777439637684,79.64277985608,87.13719891950765,76.15822705624859,85.20874029047286,61.059142556082335
178927,59.35681167441001,51.065765657303025,57.43855070894351,50.4276484830403,61.62880418544265,54.50936951251707,57.22185281124477,53.57909925876838,57.45179206106995,37.797925493613334,37.85245701143802,56.67313888725988,37.94668390256595,58.305900271706804,43.46074449960524,52.335055683659775,59.89557519219019,49.97940543872109,38.610444863208556
272301,69.975430221136,49.28567955350808,60.496131188784716,57.98308647745946,56.73422665316857,63.650000149890005,73.33697744877486,67.68494176452535,68.35880503344265,40.805700858553024,42.034237984336926,64.28956956682848,42.32919444588789,61.76628664470248,48.83955174742765,65.69460118337146,58.911041368641534,56.73762488923613,41.07034480323108
641749,122.97907651478418,119.99977117080923,91.18881076067674,89.27598788164534,93.17179765145562,95.45567468163661,110.25140215643776,93.1599861443596,87.61492049810786,63.882514037301426,63.68507807340937,104.13243717728871,72.03727034749075,87.61549090666938,92.61396026715639,91.37067436661815,88.69555713522354,93.05408019989244,61.703205361588104
803383,61.79291305493503,49.22353930762101,72.19144765224078,55.78973673850579,56.998182547392,66.86977303790775,57.61038853707554,56.27958816282658,60.695761553871804,37.59698947238606,38.18139748583721,58.49893186277002,39.44516345099301,56.65183619251718,46.37877268274328,57.084996512608896,56.37224301233259,61.01168981777826,38.02773302980621
538300,70.70997029845749,57.43156335241757,63.692571377925645,58.439158167691176,68.34735980292245,63.87549145718128,62.182126657000964,68.40007545240734,64.97858289359094,43.537160946395865,44.43783356644538,64.76299125877384,46.192235013982746,62.11189971833166,52.38289680119234,61.06183143684207,55.961992234641755,64.21854549106732,43.002764643791195
501598,64.59972706643032,58.41683337711221,61.13352789906308,60.82896314936723,65.81277908522898,63.90123656382706,68.35653251257743,64.02385975070979,63.13576510117019,43.35354672568561,42.89938388452455,73.36346699315166,44.13650808346606,54.53182697023223,53.1082955002142,64.82936749666132,58.17751964226632,60.341918456131616,43.58886766971739
676174,68.01542567190991,64.45474267276398,79.13617336398906,58.198212873669206,61.383855144080684,68.71252729200822,64.03018738919727,62.20535051090879,62.520031311949836,43.66125899376481,44.93663533062327,69.35887519908239,43.877620976174,57.89973477902369,55.50028675365773,60.97503299714992,57.52160933046467,60.86062571577054,43.24577553150162
168759,72.59673696121729,57.682469378579924,83.71522195121818,59.00263198558143,64.62696221749925,66.4163220282631,71.04462306561095,75.02401397441382,65.33063211725016,46.57893652842048,48.3910909177699,73.92393577990283,47.73049690020671,66.65745090730816,53.63008635880155,69.54977713747607,74.70539071444449,69.3980228366602,48.66202795779371
403767,63.09290812372267,45.27129961638127,59.464928838482976,58.324742755640486,54.33290986824791,58.76514054628924,63.835616775681885,61.02923529784159,55.63604829554912,38.474269412767256,39.68196826233062,61.76254028790667,40.71397889293404,54.825097437683965,48.05350504482027,50.63912200945032,58.93201442456879,54.26146494128419,38.76781019059406
185699,86.18457659207236,70.05323708220914,76.43920776377723,80.34421006933674,80.38237421743334,76.60907251689991,80.64059641467608,74.25774482232731,90.21234707096846,52.043634565962144,51.16585966983462,87.09413321156939,54.19251735363685,71.93899816419102,67.04857875849933,77.22992695544676,70.9708709007279,78.84318854753317,50.066116259317326
73214,106.63504573629683,94.0099735572633,91.7815459123577,98.8368407818293,89.26622700738744,95.00828737930406,80.9748012503508,83.95370485034897,87.89070393801003,61.45607576358255,60.717828992899335,92.51994944945531,71.54067060303869,86.74429109903639,79.01419574677703,79.48999476424304,86.43957331129133,86.79708582505293,57.74782052257103
468374,78.9007743361841,88.74977735430406,80.10571714261863,73.5007691898756,83.55438871010799,94.37730075895934,77.79502259462093,87.03955878499733,84.21255073427128,54.74525872560386,56.31716404140603,95.34024462052636,65.6363056741346,76.13378664737138,68.9986411219144,84.62901999440064,82.82165687409584,79.55064386070026,55.2090931570463
659946,94.08645673087669,92.20052090420387,91.66689404030268,82.12836986525274,93.27402889561,84.78147521964004,106.60181627309117,80.63580158931164,88.29611605454917,59.71401668271167,60.60974119253751,98.8801804143613,70.62497999925205,84.14458232939384,85.66020462410756,85.8671440932851,86.46323184147904,85.65042219319506,59.34127512561741
779339,71.56941634606373,64.18677661896685,67.29209138820332,69.26657485155852,60.57473730412528,61.272133479422756,75.74184048092086,65.63628597586876,67.43937852270489,44.407693369556796,44.64663153514096,66.79573534564449,45.695202141980246,58.41783255746795,52.97921574044289,63.1376623338205,68.03886447386495,60.20801433591608,44.92974196461374
38160,83.90497709244724,78.05988863044885,80.7882850422389,76.58238520927202,84.92544995733175,90.86454367068609,82.50044100731188,80.85438000063075,82.9900028111721,55.135214847015334,56.02594583389763,89.34346800434419,66.94728100700283,75.91756943824316,69.73576530521036,81.62678076611981,90.1107359183755,82.25966444927684,53.835520834122775
485257,94.15604408380649,83.55253432876165,82.04250362815029,78.83940738821815,85.72524983340463,100.25395429468989,75.73186929520764,81.81590355529883,80.74563599415897,57.934161236586526,58.384090045553535,85.5610978122958,91.79084870922028,78.13803045404723,69.76487633716253,88.68841988090617,86.6660058901945,81.84233504860809,54.46833237399238
143747,89.79735449457775,81.93993434211141,79.39108539185447,79.83905478191123,85.1780061070736,88.7315560144942,78.56285700179387,73.3173049300122,77.95456941453185,51.63004501829713,54.85662022721786,81.13898736447311,56.391752570205604,82.10779850985656,72.19222445627335,81.59364367273992,68.00766928320702,73.6749913437045,52.59439770284239
486398,78.87982592295643,58.655455377550496,69.08352324944252,68.63354633929008,71.85640717550358,73.24593234531798,83.50986448462896,80.59748469032326,73.05967424657277,48.60634072788476,47.99419293299405,72.26182463388307,53.51445718579109,66.13410164969295,73.52054462376012,76.54569127000443,72.06010952331681,74.10561760313053,47.49044079411941
547655,102.57833428930937,80.6466437613984,82.87056548890338,83.7599677026452,83.62380326092713,104.26500332295527,85.23088484855283,82.10379951826906,83.52550335197544,57.267340281724124,59.74133981339024,91.94350957823065,75.3900154491197,84.33694876477522,82.31890774177683,85.61897497331086,87.07768087134176,81.7929727108619,57.567626652612745
211917,61.796961060033766,61.767362193169376,57.47186969925076,64.90512485718327,69.32381234700892,59.066630303123226,67.38708840697203,62.60495673748125,57.749093343074584,43.20738465079287,43.2591326397676,68.96625857717143,43.39024378560353,54.53608678538474,47.47250336155326,61.818927715401955,60.41659980521675,66.23592334851303,42.35654142941068
242761,92.99193525589274,72.89948994616981,80.36207802727154,94.54042798314082,93.24239324491893,78.56363870774578,82.39795939785304,94.12009585435683,83.15504254265258,53.063687414402395,56.55985564428634,80.86031361501763,67.48183011246368,76.9219418942337,78.86703822528527,82.3859635180556,72.9314452909688,72.84801521062228,53.826615700699705
73434,86.56336192919754,66.95801483043473,74.17080900915221,77.44245624357347,78.52918121921576,86.8145005750623,85.07116349271811,72.98648910353849,81.25645427896583,50.81479687680553,51.42889022937778,87.87716440833316,52.48601940931381,69.13012344909808,72.1805990675243,81.24915609546723,71.98779740568455,77.36838474081134,51.085613908752734
928780,97.29865334964268,70.7092903624646,75.07563020657216,83.16999054419284,86.7517356510092,72.2718703674105,84.61985020233305,78.98340054667412,86.85433444855748,51.942396197479496,53.31103487977113,84.97194422281656,55.08638488702671,69.09722480376603,65.48480876310018,82.48482664263295,70.13578793602325,73.3293396557348,50.77539778051397
862089,111.79653302696046,91.32961455994675,82.89764526906485,77.40557285773383,88.63062391000572,97.41155562575923,88.69771084986326,85.90755046218581,83.19281199568795,57.62305208532489,60.42502223290222,93.68573934968832,74.58649081283585,77.58145322509422,73.43135171348968,80.93140008214047,81.92257307218927,90.25312105066706,58.58737771311527
98324,79.68369218903543,50.20010376569983,67.31411959771721,74.66516576931839,73.3042379147612,68.70993665537608,71.2642307881064,65.71641738261988,69.42694840307223,45.49934062957164,46.122490428465916,80.32041152106807,46.33781087627036,60.03188479614747,53.32146017044947,74.04652127935307,61.864884800654075,63.55221047478612,45.68782815258956
587039,85.81776481625425,71.13924987006723,76.14142216594963,73.78474547594283,87.43132244087336,77.27475934366511,72.90468510411196,84.92852352417356,79.21108095275984,53.77970639593485,54.328027715745776,92.97323294337698,55.10139408910639,89.82894396513512,68.8432124323958,73.95505317985892,71.66919243937767,76.73653797869623,53.105685257679724
702075,64.57730062253204,62.11973852852965,68.76099224186532,65.81412503785728,69.44370086464852,69.87525786752494,73.6323180368934,72.26696546815118,59.31586076436436,43.59254426909348,43.96491397408012,69.38290258320913,46.816041123111454,54.29371650427437,55.94622140761331,64.3267049722214,56.92047467638561,56.27604734201256,42.396288837493266
172929,90.68299908925434,75.3373457598848,87.6231116339593,77.90172633703557,98.23675907954274,87.1800205461445,83.2257047096478,75.86226535749148,89.66019614789968,53.42666848904179,55.482907490561175,76.03457619922894,58.933723457564,72.93679126704365,67.65276822922587,82.87399997241431,85.84402541496095,86.1363418482735,53.22131979553444
626067,74.01592537461894,80.26009714595772,73.86122121150191,64.2640854780338,75.82256823547297,77.97071858315454,75.05513250816531,61.62597170231677,67.8496940547401,45.67745962601835,46.433472194980105,77.59153160576685,49.04215971436222,63.81983340031145,55.05025619048476,70.64172174201964,67.46459847493597,71.65063219042854,45.6568941575829
596815,90.75729162348885,64.46981609248516,77.36752792048539,100.16337014871608,85.56355583525252,74.76048159484296,83.28319732706044,72.222040593238,72.9278209423843,51.48746948922379,52.687974648889075,73.97186873495889,55.857898520104186,69.60050568143781,64.30731184624119,79.59582773331346,73.19966984065525,71.34645165373682,49.836907076551164
809320,63.00814426775229,51.71884278845389,64.51914551994673,54.85237159634448,58.97116890166419,54.899687750106445,53.64093187957542,57.19665640088171,58.106900578891576,37.5082338724849,39.94156365690985,62.58406889726517,39.61538144773472,54.35251073247912,45.36513257141217,57.023528942396354,57.379777158401126,56.19712012631878,38.94189691919246
822623,91.26618341205175,80.00587699042129,79.40663394646712,80.14630657773684,83.12475578388182,81.7358679033459,90.9114690673218,74.2823064497236,86.24437963390181,54.478836956295055,54.55243498087361,89.06276724503664,61.197780078415164,75.81967458158744,73.4081680730685,81.90517230044985,78.04001169721913,78.20684620199455,52.58562583247181
704299,121.37320441452708,90.47760113402029,84.29519357017998,80.01203283154334,92.0433843527764,84.14203817543977,79.7421623221262,80.4776841601214,94.47807574924825,59.39737260461855,58.8915947038136,96.26304816549035,66.29547600422353,76.20809915191195,75.55195902733439,85.53621083264633,84.47151981986299,83.54336115079211,60.02853968723218
58644,102.45869145734676,85.29053184060865,106.16700574028494,82.35037153152192,82.54991694516033,92.00736651727765,82.90054335989375,88.21031900685026,88.11590092417394,59.91060001382287,61.435125850141034,84.60448396895714,68.73727421836631,84.64531638325437,82.65173438738475,84.9647942425601,94.71224770551768,86.88226331562909,60.26928924313385
968149,84.67656931023757,63.94256264805311,78.08689015174397,64.1948913360755,74.94929031056091,74.3099943305104,67.22433270931467,74.81896525645601,68.91722452306279,46.362713606283506,48.286752923014106,76.69918259568287,50.3906808638195,66.98393074726411,55.64029214854494,66.99579522598383,71.02961821520627,66.03533709659321,46.103377490692885
223569,79.9903959323353,67.07971228661918,73.25136558137565,73.43699551003425,79.26132081571421,66.78689687663908,75.89398125688282,74.98083981810987,73.43338093487068,48.61380338345299,50.35726680927387,83.91468685951722,55.241654738731214,68.19547571762763,60.73378152283789,69.39922375824861,69.91400929790993,67.89320597859509,48.35277356263993
773205,76.08897971104341,63.26676067435986,71.00443610658363,58.775317231540406,74.78255396766065,78.21032517182665,72.76076647523014,66.3071575631015,66.61778287762095,43.93655976421948,43.65773844717826,65.18477556895476,45.91656562692735,57.15440165699279,49.882796959364974,56.27913621993744,66.20531454179145,63.10053803806046,43.28122230764923
186023,61.885698385597586,60.18555497458625,63.5612969748431,54.851321762212336,55.50859980092072,58.39515793137945,65.4675381317646,57.2427515193818,57.982893017994144,40.76918270295462,40.31049667115012,58.44766226352429,41.86444037432845,72.6811366091776,51.44206666618432,53.21231726568793,57.941474231783275,58.48998742436682,40.49156246757428
412866,77.59242509574581,64.81195892441391,89.59862558261396,64.12217445776577,76.12068321626381,73.33761045328941,78.88617241577477,68.42760942856658,66.54651724667912,46.95771007062442,46.16809708534335,72.71734886266569,47.88484159206304,68.05958131673498,56.682536416849,72.1710371225193,72.63857208148666,69.25277988839959,46.16415370586959
640205,98.52085022907602,76.8952814615143,94.52022731360132,81.72027578659586,86.104789742241,85.8002145538045,85.65540026902758,85.6333134282618,79.86126755224775,60.720984416014005,56.991139509008825,86.74254361549578,63.332391106536015,81.07292481935232,82.45534888629213,85.86033207396903,88.7786104598244,77.29817350292976,56.071538705973865
710925,82.3777587263514,69.38777689252282,79.11792584919526,78.28751754336497,97.86195306483279,79.27711546589784,80.40103621238154,78.35639607658325,86.72919312737932,54.83418059712916,56.89725211921178,89.44480719911641,59.298248534808785,97.1875100181243,73.97024782801216,83.228331968752,90.61499019642929,85.45323122277804,57.60162144220198
15135,75.9454322324907,54.626653628418154,61.125005769033116,65.04283686514742,65.8377958260665,62.56897289641073,70.34994980764591,65.27479708858881,62.14944899216094,42.045187981275035,42.043455093892696,65.73833146381065,44.23574497539202,60.62894202144642,52.14027527066226,62.741117531386344,56.88874304003313,60.266090663647425,41.68718865693903
265333,94.83190752211094,91.83652276671972,113.51169715274074,87.32599936979204,89.05897073753678,98.84899519744428,84.15524082477222,82.96307251100288,88.67641722803474,59.35521218103673,61.5640224811396,100.85128476866961,65.97257344447016,84.0047838197232,78.61519715084773,83.49342631755205,91.08676931135253,84.31536097342473,57.064606480292255
657381,81.3293029827141,75.64204194621563,67.1279706262734,65.37834756294605,78.36968898615915,82.94718979285201,72.86268610247363,83.62853867497175,82.8360530594692,49.56654751943305,49.96539052930434,69.98843230745189,70.51611655869426,64.88255237520738,61.231577474267354,82.16067260968649,84.11121749128397,80.50532534910121,49.20521382123037
895545,86.06998880066698,78.80902299387624,80.5680010130143,73.96694767349949,75.78942503565574,72.19891002908625,79.79104897490822,77.33346156596369,71.89720167538087,50.227823247388116,49.77091355505251,90.98911318079203,60.96490734500515,74.97761172105848,64.666890491002,75.86973189651737,71.20089474681686,75.01918638634424,50.467236451481504
9234,99.19755322991368,86.5731807428839,91.04850291875371,98.69458803807282,88.60328063259587,84.9740936450122,96.85268725910117,88.61453364894096,94.78394443866752,60.385990453022146,62.00056184009385,97.04604355274684,67.34859955995795,93.74836513173834,84.64397502860564,91.088637994647,88.35672408035823,88.40304546715913,60.751455667342974
929207,103.40653276170872,108.13744058852626,81.9718604333047,79.82298204492287,78.51998959700316,85.45751897551001,85.33793045215285,99.56410890191549,84.43352553359259,63.19975320827038,57.694151614626215,84.90788240939409,62.75424950909832,78.24740975245055,79.47612571593211,88.02825271589215,80.72259935844372,79.4969808261749,56.393769092510794
944091,64.04857646542183,41.901776368217796,51.95828833517304,48.11330189358828,56.11416304987551,53.26814359670327,53.80133956499448,55.3539954219393,55.40913602252903,35.93114731528648,35.72290820119639,55.07268321570929,35.46734748592084,46.90668702532599,41.52589785577891,50.47286637017525,48.798575640113825,44.69534923429466,36.19775200223504
313728,75.81893094446306,67.70087749399488,77.49565102101317,66.56023899167258,68.52639283464617,78.31651883820895,72.0225752752288,69.64354332969879,63.21853109736786,44.89175129048402,47.82616403671379,72.419557686845,49.05444397601333,66.45488685371157,57.15053815121399,65.14069738187138,69.25917780973188,67.98562188336359,44.46909676624469
721513,74.36908910407017,56.737571925384955,70.09317688115652,51.9119884650123,64.64788813408771,53.910597558155814,68.11287727349819,63.20725053189176,65.1537120087873,40.326298584694456,40.17974121898165,59.00034563447353,41.58848082057972,52.22559086755137,52.08465507047511,57.09170856426199,59.43028360222473,58.41346975459127,40.90047751543945
249673,72.08735803026383,55.85245822933142,64.79178149968439,68.19930846645119,67.43334631108465,58.781583916080294,64.8476250325739,61.0969107141033,63.970096185939994,45.48847954116517,44.432690522352644,74.80150290636271,46.72021723153331,62.85473499936209,55.25196660378203,62.59808737867394,68.27647160061015,70.55988010467885,44.903299609586185
245870,86.37719932595974,70.04375074197584,93.05682308573373,71.40530701490891,72.48286592221352,74.51254600175575,76.84184902821559,72.40815197362907,79.1365914978897,48.36913731936027,48.83311682326203,72.20913629562887,52.12772011861383,69.44798688239592,80.39157502540206,73.15707221183742,63.72402406050428,66.94117191130155,48.48806740897618
627898,93.24984276488806,79.9638193100576,83.75848471317349,102.14685437053686,77.93130745396286,78.59615603247161,78.29229474836194,77.80426388237878,80.84327147104554,53.40437764183842,56.755941699026785,86.34088828939919,60.01027777206939,96.52466725615054,75.91808366181694,73.15000147007855,73.14466160097177,83.31114337433654,52.919870826886026
482230,92.96829453359162,111.8595736018865,89.39538682339008,98.36216792829768,93.76487572875217,94.9741540679984,83.6306887654379,77.04209229667816,87.11475383247029,57.48067598608935,57.40253734888389,86.43224706758106,64.6251699579104,83.74038648045311,80.36683539219564,81.98848762814845,76.1990916118306,82.17728839285259,56.23254818448986
266357,62.297220602213244,65.82446073401923,56.48655969829386,53.4695751380997,58.56838942946516,56.944060691454936,66.85439815446544,55.70749376578398,64.82344672163181,39.990687506569074,39.5163510805654,60.141447151821836,41.4800125187287,52.94098917258995,53.749770326326754,57.337144128345926,59.847100880448934,56.480805698914764,41.27925908198537
962709,87.49284396436585,92.12515884125037,106.20807120146674,81.34435990573243,96.74456456892558,86.69011806901514,93.20739299185847,78.4309602601995,82.39395127328777,58.851967834386684,59.44595611159531,94.07700526354822,75.68862292156336,78.86005969404306,74.44965023456481,88.76902335328566,85.3093356208683,91.45296046600444,57.82871728165
275417,83.22020450401011,92.2329099544563,75.17532793071985,68.76892004340345,73.34968479009136,85.2606758583577,78.11852704106067,76.51496998043794,73.33810014548888,51.12814763045753,50.92089134095724,73.7976507846221,53.85628056742883,68.57214253240785,85.71106437487634,75.62794379095511,68.18971611518275,71.09801409696952,49.596777689834695
870708,82.28398113908317,70.52283008119701,76.94691064647398,74.34136364795529,88.26290260897382,76.3048427978957,90.16350745379755,83.88131353111484,79.69500293281239,54.7469256217757,53.63811569221933,83.5768629590109,57.41274990545483,76.8871675192363,67.79919780248242,83.2736118515686,80.56298213481391,74.08770970828022,51.78789573512029
258946,79.33800311020919,68.05900479587706,59.96092552787358,58.99013910262446,83.71391877315284,71.14241213961058,81.36835928548898,72.25442193183544,63.15733750482863,45.88022348699727,46.842857001369296,66.27245079191779,47.52983650830162,74.9289025115009,52.18372098981047,69.09241196048892,70.80500865601282,65.25167364113189,47.26354340073035
336222,85.01729316314174,74.0952002715074,74.36196917616913,75.21590254603575,79.68723448993481,76.44420761082277,79.53595571789589,67.77978929185446,76.46517435891437,50.053484109164536,50.87817809133503,82.29143203088555,54.591642054239415,71.53266589652469,66.20461804401937,64.84886754993636,70.05783673403931,62.3779865849347,48.27909821889485
992416,74.16984202191946,55.90209704919246,71.95004442734125,84.53746283237999,68.9084483527825,69.10578801633305,77.18332148917139,77.10399208346738,67.79793740164874,45.514429872173494,45.69490554223227,73.13843267362827,46.84573869722553,65.18223774909015,56.02727813436043,62.32647001210307,67.84186279434024,67.30630473144345,45.98259257687864
369445,86.87273531615892,65.37313709972504,75.06534400828534,69.36073082303594,65.8362223093307,82.9502672649053,72.07953862175293,69.84494075289635,69.94877409222923,47.75676522872925,46.92316863273208,71.82800758938507,49.59403930834476,68.19034860437614,57.38494228587394,74.87301624829581,66.81621069298271,61.6947845751762,46.14087267241484
392851,78.71978837671924,52.46010399281873,67.37724165775828,61.6593568696188,61.98282378607942,72.49423392989473,62.73910917673323,63.800432750695165,68.14307292250999,43.547680505093496,44.96493935458223,71.05948903379746,43.70744683357166,60.513463672064795,52.031846393445505,67.32911643944648,70.20667905071909,66.12479856540844,43.37858711196684
288763,123.17204197464267,86.87203327414161,95.24399951930152,98.04188208790984,92.85667024384149,86.48642680544974,92.95117552343143,85.10778159495413,110.32927815903736,61.26888899239915,64.6052661136118,96.41614115781462,81.79632425074244,117.79376413634313,81.05761099708167,94.25363827067329,91.21210021401642,100.05631517565389,61.69175143669683
25181,76.41804757776274,67.14046664558943,81.80595360811037,63.50842412250396,62.346131798379325,69.58505200745076,61.38389522638606,64.98143775745305,63.165031780749345,43.189368591833215,43.84570072510418,75.40096196911801,45.17023894809963,63.73484166372813,54.34922950685359,61.574716267215706,64.03459084632922,63.26369879279999,43.507121174081185
736465,89.39117748251888,75.24428434724175,77.91245585029822,81.32523883955382,82.79714410624028,88.13301298849528,77.89396307289628,81.24481246952706,81.10149571072483,50.41889759213066,52.406916163587056,89.3073798281536,57.79126211570659,73.35769743025111,69.49345791848434,82.03917019399543,77.77262808693894,73.23532122756903,49.77782458067165
776078,76.77200626936222,80.07946972493292,88.04096195109179,70.06249557578303,77.5491542766446,78.09797006674097,71.2619180038865,74.19877328405428,73.44945017362977,47.05752401654243,48.82281768813333,77.00644282995003,50.329188293868214,63.10710458740064,57.3067790235488,61.32976537800976,68.50681906165185,64.09991101089813,48.2044039142463
444316,74.34623677034422,59.76429821104845,77.90937910606232,60.64496050449763,58.04049121805349,61.647571500872246,63.841709974285116,68.04821613981103,72.69927992583177,42.46777421448829,41.86002319318918,64.2750608597599,43.32805506887779,59.805713979694424,48.85547902593206,56.00009707367324,64.50299764144455,59.44503246776452,41.63656146231726
246253,85.40097654152913,67.21231177644725,73.9409450930297,69.17949620547729,83.9321072958028,74.35110708247203,73.14479874778783,82.20831965628304,83.20484719844735,50.54731856511425,53.63163574741109,76.47821254728433,55.69469387041938,97.05191390798257,68.90697947920543,81.26154225513397,76.71166015242659,72.0261728610665,50.199321568711106
17863,77.68508999568365,61.78595608654926,70.95466571553243,55.68552691680652,64.86829306798508,65.64146363778707,66.69609745294414,70.722348930242,70.39439242943436,43.92836617426484,45.32988324307942,69.96053395487624,47.28191417568932,61.607556213932284,55.50491820220478,69.96578230339519,69.42604809808779,64.54275586955566,45.16401086306723
296919,72.26432376504096,49.08737276536306,72.37360721890501,53.23001056287556,59.26824163730386,58.66177623538903,67.41515290162783,57.31327633885034,52.72698869155955,41.59933298099021,40.55328933386486,60.63734407719344,41.206492806179085,57.823162733760704,51.47662202245609,56.53855134789254,60.85068139636351,56.724312663704616,39.99828090361309
151814,62.79822048229022,59.05950129393499,59.817715583451935,65.6071647366889,55.54926922760297,64.4565764723456,59.33900150803581,57.165802534105154,63.34372685254172,38.215567405802574,39.66127534924216,60.515181835062805,41.090342957457906,53.38970606368475,47.76277747002551,56.59712008443428,52.05942084897335,56.12428410445658,38.904528695416175
408691,93.3004882141971,81.86293988491732,95.0330871942445,97.17555554406371,84.04649928911432,96.70185444060834,94.96506756441919,85.3634157090024,88.1305633519838,60.02810909833255,59.06293488411129,113.71840840190045,64.91583231032007,82.1470664335659,79.21893748863096,88.35569663350489,81.98611881564045,85.74547095669811,57.950789777197116
488538,91.08421253568591,78.76516414523284,88.05337860085248,81.2256822943376,80.09285270752689,85.37494289619636,85.02975588088934,80.0013653067061,80.61598493974758,57.29934454827629,56.089791843125695,86.32822449922173,61.009671311967594,79.79667266893054,73.63443976965272,89.26119011655275,82.4822538564567,76.9620481491248,55.11140818451414
228113,86.10882214831946,103.81854356179012,76.8127935904914,76.86791052812629,93.74626797830891,86.89623436831866,77.54192347051638,74.70817453125738,77.82983583362274,56.758937423503895,55.661193230594826,86.2572973242496,63.4699556285609,72.80105897973323,67.88549563460327,82.24473638019661,80.57375034572772,79.49419380728486,54.68269527501947
71724,71.94202441315517,56.87470002682676,55.25941719001565,68.70883047990725,67.9597846860936,66.25036807630113,72.50527213070899,60.43333228914743,65.24833902887147,41.695209860362056,43.54539117358827,65.30789391441638,61.10141614646332,70.04577567522628,51.68613967640769,66.5698060864743,67.95859569628198,65.58045265976656,42.586037561150164
18768,75.13205269249491,64.57473160600821,55.14319374147911,52.32317608153632,56.663367908740554,56.377802580041674,75.48069058048301,59.87762007157052,56.28575676634928,38.81893168437056,41.05867453162878,74.08561208490612,43.27700378299653,62.93042752206038,49.311580621733455,52.807127882665924,51.363744550986155,50.91668202235866,40.62762732131092
852822,51.2579090839084,51.66502732526513,57.71727215941887,52.99110391515912,55.065611337290534,57.0093293938468,64.03700368597151,57.78042725027831,61.760214625165986,36.90701204220515,38.0775798518719,56.32687138915877,39.115775480565375,54.69382842057165,45.83448543116176,53.52062154810331,55.38756012036626,51.57979604374498,36.68740473907296
410897,89.01949086424297,69.78514549230535,76.2215250599506,89.3414366674881,82.74946442482855,93.90633643264461,87.10260902283437,93.38972554752603,76.93449890078453,55.96182349455184,55.641504321686575,76.21171117023778,75.40216439528015,73.08762790879408,65.38545837633669,79.67549983973109,80.46295023516498,73.49899802611705,54.1867897317955
189274,64.50163127184538,57.41310800238035,66.16932206794226,60.38821521732159,62.06766752255994,62.67872420711074,69.768556168699,63.9617167747998,67.86345605790098,40.696711601631996,40.574160481022176,57.9534805407081,40.696186820105595,44.95150818137941,49.778034157632604,60.838484832544474,63.48886950832196,55.855747197776495,40.22793550995685
948527,71.92422351360551,79.55263789425409,69.47316842183119,90.94328340589912,84.3009372217719,84.68519900450026,83.32839685670244,71.37494258316619,82.7629096295121,50.86710460242848,52.871873642482356,72.9823515260696,56.54215158355534,67.2226123702403,61.14360699333959,85.0433276850085,86.71902060065435,78.10268914705082,50.83163884922567
328430,74.1508978111766,79.72010737802057,69.34847992221007,63.61657944329586,84.77127381027938,76.68391507037754,79.77600065199005,96.40959083686349,82.54908289105617,50.281596734821825,53.450339552840404,71.41979153302564,88.30628554527254,64.13608686079246,64.47285635928799,71.89708307528609,74.5915843852346,70.36914507687337,50.97727342029123
42516,83.62804222849081,61.43220342171112,69.54421630841722,66.24598364212363,65.77150051148736,67.23544349056726,73.34495688928914,72.7188192447886,61.50944691675822,46.60852983931951,48.037723184503946,73.61722065892724,51.881728973956676,77.96304739373097,56.70544307378559,65.24713978314715,63.442789005191244,70.09315025326569,46.25463302680237
734784,93.20342303130997,96.60152178596653,81.73486314893938,80.89567395272411,96.98600684568336,87.58756976108042,89.50891580382397,84.69469932146018,80.43086140769942,55.88372080274767,56.75554009028728,86.79462459667154,64.77948078833732,74.56830240905258,71.86899296888399,90.51977302352518,82.6137456690924,88.51788838190754,54.546322656281305
269720,99.88921624162111,79.27951089166145,81.65434590531113,91.20754982064707,89.19110849747217,93.31995376332583,85.26597458280249,94.6715618821418,94.17145431282529,60.83918534877252,60.63785564144095,84.32664103709156,76.9451774596337,79.62889936671094,74.62807564666258,86.09329131048707,92.78490050824622,88.57186872661642,59.21537501395155
852455,71.74756450581856,53.568426986336796,69.28891556329316,78.73157998071386,72.27124724119837,70.60374228236265,70.77977558387676,89.72447926455976,73.05573216379399,45.940286294462766,47.930513833515874,70.52180403412459,48.210084483157885,60.755238800041184,56.94059461098928,73.77002003057243,73.39019079057068,65.70754552484529,47.53751119765933
136723,66.2445249152234,50.66562606310089,54.366182912751796,49.162153817167194,52.44550994080021,59.371132244915785,53.86984334869935,56.76399400606577,51.92708339025735,37.11103130651698,38.12068455042254,57.85849335066575,38.17943045574263,52.41463364686334,42.974856102619874,52.2228853446069,52.99434369583095,49.359859483127224,35.8870122139016
816328,91.93180986551071,85.81500792458681,77.23216032111127,78.47285963302868,96.10616524319887,81.3366223106077,91.72358467581336,85.03721002994136,94.35558594663806,57.01313089524058,57.23926543766461,78.66300525383305,62.85790950125537,75.8020570086816,71.58812371785561,83.88426087588525,86.01745929863016,79.76465447823037,55.9561125679153
816798,75.96271589873072,61.782978733447905,69.06170346599468,51.08554106921563,61.898344121069066,62.81470921318147,58.972551641195,59.2120552200941,59.19097534152367,40.74625138141575,40.8713544088762,59.48971268658717,42.773946558109046,54.6099390732654,50.393443210024685,55.63199414147139,62.662750581412894,54.33803027387352,40.61153034776713
167884,102.25039960241567,88.3055707808852,113.6356345872077,91.5705997809634,107.21058515981184,90.851087078206,95.34101276262155,110.24183399225387,89.93686883311187,60.68171472133467,62.52577337706844,93.7733692684858,85.6689075827651,95.52277786292439,84.5555874672457,95.90381972674166,83.83167266222782,85.11281493263435,61.94177529112908
659567,104.57964574748746,113.26646283484229,90.73539316691283,87.77103073046685,89.58585224893181,88.17631391422339,110.38131321661393,88.71058949145748,87.67052951732697,60.58686302539843,61.769801814350274,90.33757152080798,66.52249509889296,83.2719008291288,82.75342718096272,93.09999196896754,91.85824312067393,86.00487120301503,60.65368908122743
518780,67.56154233336125,45.60589404678848,57.96354158660482,55.994303790977305,55.080780538654125,57.09179824781234,59.450051206370745,67.2122366669163,56.68025651449099,38.942590123999665,39.224323887026294,62.596598052433194,40.463883271471154,65.57664571118619,46.111057712570485,57.82221658684872,53.30267830633409,48.78424606277277,37.49482070925122
241067,73.46729711756211,52.3944667744362,74.07525317501103,59.35142826836051,63.22953067658923,62.311535994687574,56.33378967639848,69.94286470755904,55.64455916302032,40.50700436413851,42.17046794202186,64.63256171509647,41.673299879294696,58.449581238709165,47.78196333344933,58.96919108206262,64.38631993045138,55.867171983723225,40.35225885405069
526358,89.56466805134845,72.7845461405328,72.54987667562057,78.5654815220359,70.74575143203052,73.55836440468678,71.67838909828356,67.96826797121494,65.94004608059278,46.93567554088389,47.27894170475783,80.27138948849775,51.145315923127356,68.81613475326174,59.954440585996004,67.95323805995197,66.59303609182282,68.36207992178831,46.033043038941315
368121,78.24015251371716,56.17894330049249,64.78136111650768,70.41822787426509,70.4051523220829,78.40949349681932,65.78361081798036,67.5530577914275,64.00808280603054,45.539356007821446,45.513048337343214,65.42236597800914,46.98392980953376,58.93272869423228,56.2981776868083,70.73511976224776,70.43453427245579,67.50568896370378,45.341011890308835
549993,86.95354973315759,83.39146758314206,100.54566001012509,84.37689719249072,80.98653546273052,90.39903137643311,94.27387264456337,82.66525725866211,89.98707957114969,55.858923601271584,58.12401682412823,97.25045741858342,75.69316632988948,83.24466379245385,75.18441092109965,75.45516370313081,83.44120313162745,71.02124234455849,56.079956195941435
289229,89.98491055809538,65.66183160817953,76.42231662277689,79.6726825504379,69.30826949852923,76.53877805707745,84.39808761107109,79.70848571842444,80.00138934908391,50.351948684915854,52.92697136026058,83.40357975591962,60.57380298528075,72.57477018225859,67.14756943868855,73.81664972298788,70.81795279259163,72.54339649857732,51.34603699989576
287136,72.39220964239824,51.7311308264626,65.94613343868582,52.09460375722445,66.12963549361089,62.183765365950705,68.08518953285481,60.700469533171535,63.94310375740368,40.26633588550946,42.31063800744461,61.63116904611468,40.74525887345938,61.01397396407514,50.34810551673262,56.48322178134731,62.21776151368976,56.58719776985473,41.09183016755331
127978,66.90787547349677,54.93008970443832,60.72177236392751,51.18958340709841,60.45002301805185,85.37324240920094,72.13304907431055,62.07538742144272,58.9011722485116,41.654172408395794,43.20578095668979,65.8868000833294,45.24212253393419,63.25041827522452,49.061039761954554,61.71959714832241,58.73439293436806,55.89485106249356,42.133947375936955
759607,90.08789254196397,74.94015530704209,77.08510023483987,77.7130190599358,84.2257559738149,91.22365759753305,81.21357878408553,93.57007532583981,77.53633064390509,53.75871082426521,56.52283672467801,93.11145671598538,58.60566136788834,74.19276907823675,69.80502790374484,87.30945750069253,90.80396146284623,84.9731462554948,54.15263550973272
399842,81.57147588018756,81.94754366590556,77.14253275654801,69.89160130724156,76.71519074111562,77.9437795263498,74.60937821224869,73.86305714395509,79.5425586416726,49.64524598058193,49.32911325459424,78.1053500138982,50.78502231870637,74.57931057049908,59.22547187427061,70.34086276168911,71.47115529471165,71.27861267056088,47.39686661063189
80239,80.52035356744585,78.79794119685451,72.7208208716355,63.37025697279329,69.6996798191895,60.35505876451841,63.00725723010635,67.96278335771444,63.05131643585361,44.20319924200411,44.34692210629958,73.05727899273298,45.61182016536263,62.849292639285224,50.76042632011958,64.3180385645394,60.30214474144148,69.98056473823902,43.49070921742783
640314,105.18762641162729,88.16610615172996,92.57064137093613,127.13008431251208,94.03649666973129,96.24010160198351,88.8168832252541,102.61820358765165,92.77672728521884,62.75495766620784,65.12517236798314,103.57879939399123,80.39330017920544,92.04655009537946,95.30886659532237,88.23490511467803,97.2113208125879,87.395558452851,60.88103217169194
269337,92.48071903202666,116.73051442593895,95.26732376616577,82.01877739634921,93.83807408294442,120.61500748293352,96.28534446409239,91.25485487398123,99.62266254246819,60.33367820586233,63.307656165908575,97.39212367177856,79.09555375282412,79.79503980594805,77.45294175667624,91.18443432955411,93.97019657837689,86.81895486534464,60.10387765745502
270709,90.69513759410393,75.84131660829627,82.01210896254867,80.99128562795323,78.11973661782525,80.07437854414613,75.91305855186772,86.23840084875104,85.7354016035913,55.61514947144755,56.81663870264358,83.53569145964723,60.40575976134923,78.25646285382578,81.18842596327437,75.02148794326956,77.87515464295896,75.86203452356318,56.40357033126914
998000,89.39004548887507,68.0073248750252,79.03343922150339,83.77492675435764,81.1742591080324,77.99394364808322,77.38571109918021,83.86939015398266,78.28912029476035,52.93512468335631,52.72335318611175,81.43008305226249,55.59989405201077,72.47985686587091,68.20503759275977,72.00180284609758,74.11696211596117,73.16728811621286,51.423358775087024
348954,66.59338705981651,51.44232974425972,66.20732690815936,51.240284799073926,60.28642502620856,56.12156100624637,56.654906345925376,54.14047414393622,49.05516377813122,37.56971074662046,38.44331315404066,60.187729404616746,40.85403859992496,54.02243591309216,45.83626164512276,54.04131429076595,50.64521982093141,55.855842819912354,37.22121343079623
436921,61.56105042549335,44.255581746164886,54.75010374623636,51.96166567611379,60.896023185043674,57.45951044272523,66.4279124977404,56.197205288594986,63.823034931452405,37.56813463236966,38.08607786581388,58.128128428859895,39.42350263711697,51.50875575207907,44.86598129524114,53.92343780988764,51.57155975045662,52.11838111060011,38.96278193401396
49333,94.37837339509726,72.05139351359762,81.77623201939687,79.57445553500197,85.3869673948638,89.20598343566054,97.81065583932195,93.66990850554393,78.43965649449228,57.31760604304078,58.7572369615526,92.64602724977597,62.38563146336446,77.32400471951269,79.47579838761014,92.5857486727052,98.63110843967071,81.44516070520285,55.52767250707504
111581,103.52978275798009,78.46192131637268,106.02452143226677,84.76273981355664,87.53181512092654,83.72948750746906,83.10078754616191,116.07674316864575,89.47347370550037,57.885269713381966,59.26992861834445,93.32058703525976,65.2517900489727,78.35900332683562,74.68383589878256,92.49571784252177,85.80377215519474,91.36184486038746,55.95017816632537
245376,85.38427472724385,75.51288675635591,77.71405782339636,77.03783386195697,76.07966925856546,79.89758346301636,73.67958966994503,80.0852041636345,81.28748343516138,51.988563801939776,52.96269080125461,71.60800516894648,53.54523700297291,70.49377715486757,66.02148114475101,74.01302396755675,71.65113977546251,69.83702495854098,54.45106161934802
386417,85.48295825444919,67.5851111954499,71.58792608797617,69.40882040173402,78.69422651249884,79.96983792863266,79.76902331013267,79.94552206332014,78.73034533176626,51.81496302277986,51.31508636161911,72.55146445388061,55.755406776841426,69.66195289200003,69.12541710686355,77.29244529186175,83.83307698368023,80.17043250901384,51.783109741453956
65024,92.432032820631,73.9014095370049,87.36972437971637,85.67030680033173,86.64576908510271,84.8046245503411,90.32811143349106,85.35621504005168,88.11143892996961,55.201906212162754,57.437987520822894,92.61181906056731,61.88386242786268,78.4936495734645,82.07355994511353,83.50207771602626,83.2748002853298,84.49702835426265,55.078815186738126
512717,75.08610877158262,60.30579502325532,64.73670860126161,61.138097092887136,68.79884815873223,69.84784560469434,71.33815758959847,71.87462137324266,77.30956883294732,44.37684009631126,45.02470217148761,70.1829156857098,48.877929962413866,64.99323166985106,50.55697640877476,66.00004612048531,65.16060256548263,68.4839632210424,43.51785774261041
998605,78.89074358661675,57.78633837000529,63.954733275377095,78.50595417296952,76.95662830182428,65.60823081489809,59.8824803342725,67.76913201384008,66.76897281858358,43.938178614380355,44.46944873846803,65.90928407963955,45.438401564825995,61.270637031193715,54.15238896949462,61.81157151903764,62.84008682994546,60.60062837348275,45.18730167743354
206904,58.97831260902976,56.547643190612234,55.732482838625685,43.49109961876319,54.3931315282235,57.33088426878626,55.771917109628134,54.12590754117909,54.62084807698203,37.36954346366436,37.56145937879163,57.969028905901865,39.89302738934467,47.76363954235174,40.35345921420564,56.91922812551765,57.03525327091474,55.99914786415769,37.17410366390446
709047,72.9019720511371,50.31037747898891,63.18587799751341,61.42975807057308,72.97289482087197,65.10212833464871,75.38290843809352,68.89576180297466,63.686286790337135,45.15972228989825,45.8019624935459,65.71889440525595,46.10140411484534,71.91537661858428,55.406573156034014,68.43258191909216,75.59438475608404,64.96968586065606,45.234827069486755
80893,74.36860808753869,51.07171799153422,62.4484718529373,71.65036279501334,70.87318984630274,67.17674624387664,80.94608573315563,73.51854961856752,73.172221822854,44.369120573563904,46.225745216868546,69.82923256168095,45.963309869789114,63.784475222288975,54.7137251492811,63.302979475234736,58.57997278749097,61.372843366926766,44.42743637760634
63923,95.90559165241493,81.79301721814267,110.10001557741269,86.74915922351133,88.96215054454436,93.59572167760402,80.11126989706801,83.692220229748,95.2839775683694,59.47618999787926,59.1988082998122,90.05923276606369,64.0503078748275,84.96951417254081,84.61288010109851,77.98955861451772,87.38748256209016,76.33360261667302,56.8157134778212
432023,85.03589215094667,74.8593421780993,75.00178952552166,72.39219585187499,86.33258810915856,85.39444050463106,76.19711642692467,73.98202822298036,73.35896908428711,51.78695273073955,53.44181563558955,75.51026551877015,55.964467387284884,83.7002208453207,72.56581778064319,76.96047836004567,81.23805074071046,71.26628002428302,51.15220667168466
127023,84.5823727943557,86.42317898115758,79.2007843016588,79.4254178351659,91.03190171260913,85.93006321391307,90.33432763187047,95.70750567379264,94.07525950212624,57.065566303334684,57.3023671133366,97.92763081866856,60.4898587624936,77.07613517315163,73.25264274892348,93.53843634972992,86.0929899336451,89.12850136422352,54.043464971691996
774643,83.11833459543865,68.55830927142979,77.64390282975626,96.06589664564885,75.99278762616926,79.0599309028825,78.88018956026895,81.46368483241562,79.73376333103681,52.93538291484498,52.89138811883253,81.9511924539243,55.677166778744485,73.59272929371795,65.55628892240699,76.2631170831674,76.75226193379358,73.86961419189186,55.051037762906375
892345,88.62754127900865,69.50568193752466,80.98195771820082,75.95077920353788,78.55837987142067,77.81483385632274,88.61106666440438,81.3676447196715,74.01071571381264,53.049504396687006,52.16315483218834,81.60816491850747,57.552415894745685,79.23515161333574,67.49162671767603,68.24918044435972,79.02578827457448,75.04244853579404,50.531691029455615
410253,86.89173557617575,66.06282156979997,78.26327945918858,91.78655181877313,84.03975096307391,78.23847525601805,71.3084123475012,82.76229128222917,85.24684618724726,52.809350846405465,54.27130462273121,88.89919499317809,59.14433959053257,73.3359589831338,68.90784650727198,78.99343634785066,77.84795031322994,75.56396988556361,52.001751417351386
99564,87.2322039291234,64.12277168789501,71.32804422644836,70.1134469290989,70.30614405710142,81.03575794365815,74.46181535223135,73.28409259176408,74.0451797582481,47.04229920975692,49.218128685097454,72.26351310773784,52.93462709200765,82.96908795837604,62.97751717231404,71.26098788094875,79.47952337065357,69.00163703146035,48.492629218577235
484589,69.50602368417744,51.73937098709527,56.86169497908172,61.42478798675339,59.62350560097417,57.9146756261855,54.32559798449516,59.833284740959726,61.785815478669804,41.78968731997755,41.82397191168753,68.78957355232555,43.89712460232195,56.897505369161536,48.11756714040547,60.386770962850036,65.56374828261691,60.52237829066685,40.3105001994319
618497,70.87877857842398,57.797536187741734,58.592197007373215,58.283406444620766,69.18051324595822,55.27275048501427,72.5875590106823,59.958485505073796,70.57737063839772,43.746553610940026,43.846791413336554,67.64963673013895,44.81824454779813,58.58996858428921,55.53204735049362,63.77621719620816,59.57614181526383,56.168323838874976,41.919879643647874
920781,86.18597647304463,69.5903869560857,77.11180214419457,72.52059182045906,91.66748032329784,76.5399717677705,82.15258599875712,92.64507334465907,82.85430903940176,52.047423027514014,55.102210689613315,75.76416929415538,60.75144488839283,74.03516876337972,73.10768197360434,73.45382500853145,79.72652830970618,82.70222935755022,52.89485865266179
651494,96.89293607681242,93.09767860099447,86.47081499394726,99.27771942206951,80.23596768720884,102.03168019665415,89.33681935722407,82.83054597638073,87.36292695536856,58.95580796151666,59.492867871029354,88.02423110349785,62.15565875483495,83.5599787425823,74.47511659328934,81.78870832275817,85.32882042303805,78.48002207624504,58.02039081019681
786470,91.40773149766194,78.87424318826774,84.6434006180315,79.88834230469726,78.73087134389601,85.01614600506886,86.9376024289682,75.48356197990617,82.47496402644188,55.340137632494915,55.39515292951532,83.94706893154346,60.26668799216389,76.00894659355905,74.90569953120821,83.6378334185111,82.58600040167622,81.98979542294586,54.816554684342066
897339,75.34943277978017,51.42573092630394,60.509529079787995,69.77880535819091,62.789602609812064,56.82690581803009,63.157362742159826,58.909612942981234,61.84539948243351,41.07969409052602,41.093660519009575,61.84608367662482,40.82722441563328,54.09463459897026,53.39507312880034,58.003332448015385,52.768656157056874,61.81918997006871,40.62292666444638
32613,58.093341666778244,39.41402007236164,57.280036467748005,45.8899485468482,59.12558399729514,49.648422120994056,53.27295558113075,57.53082339018959,47.955311005825784,37.63006353891268,37.81452252413831,61.28764052971352,39.06874727763368,48.98296745468487,43.39878451163952,51.065533733072584,52.96092158418995,48.45066718672109,35.87628985818872
24223,75.09290971662483,63.66735942251984,67.89389799165095,65.01816432398137,68.69619499252406,65.72254662566078,67.0782581056592,69.11915987532909,63.815894648104994,44.33630068823785,45.510562219260315,72.97099638371529,46.99795452786252,62.696430633756336,54.85442309606324,63.21517877004684,62.982839814078375,62.5559613440458,43.4876148443893
595205,118.11431709938054,117.87665732482739,84.68444780136406,97.57843179170524,105.86086693115686,91.12502967510719,87.1246000080404,88.68913952313093,91.8682767797747,61.991396859474776,60.39783718048893,83.04307299634019,62.62238497739416,80.46673305040704,72.30951914764888,89.0065594479981,90.82570169809297,85.34824040246758,59.77543352150633
52090,79.43499388910973,74.64220976462605,78.31488607255295,87.42420271542991,87.08813372226182,76.87900092035503,90.58122142681805,83.74874689462041,89.91839738593187,52.616940694852154,53.192452614715364,75.98174252820878,68.57452245049066,72.44160809073621,70.53200111122564,76.59233210904861,75.23325109904667,73.85941722539432,52.07547071934853
106744,97.8287831684547,80.59405513168245,83.92067406146259,95.29912523826312,84.49762845792694,78.86323167959902,79.98941925690698,85.78083041814571,94.09353295149938,56.578702913478736,55.92690607958329,89.56864498767331,60.618227064530956,93.61136587611514,72.82253746176633,88.1508888409497,83.43178972346544,86.8847451363552,53.11126051313953
46660,76.33687850027538,72.2374076474073,85.9298306441656,63.09423348942367,68.45556955738067,66.6439281494726,73.54296636571138,67.75009545053527,75.47245131792323,48.85219751529765,47.45837955680671,73.89268328365816,50.97255287213526,80.54313778802981,59.853195352736975,63.11821989419532,65.99750626571299,60.63092272011542,46.884956140455344
774615,79.67315490139946,70.71680454065279,69.60253121933204,55.52632773353314,76.4752708752761,67.03110892458781,73.03795419425634,64.90187064821086,66.7428684948013,45.450055309229896,45.12393419925051,80.32379449462067,47.01870222121696,56.5369672614447,49.25350198064902,64.33834252278174,62.481270574876596,63.35968217231691,44.01362372286249
536221,73.8963446638392,55.044451190740794,63.554218343333574,65.92657266167515,67.53668770873406,71.13012971663173,67.7032392312764,71.6327902952848,68.91978140126807,44.89759953427885,45.10557298861245,78.43687319215701,51.961902710190664,80.71593353341355,58.44150390090874,60.40433045807987,63.48085390329415,60.78703595043442,45.74932765132689
763474,63.87181306366941,54.5205336786123,73.65855659984965,53.164855058144404,59.46951171389312,51.47552221038259,55.56310987433622,59.900612176363325,62.79795883033446,37.7935157499288,38.36735031264324,57.255104432785544,38.97462164239964,55.00269801107234,43.65180455584084,58.722583037380105,57.94357303176207,57.826590493613054,38.62557901232552
479914,94.69479580563927,69.98385047578601,79.18685146784088,77.85459964884815,82.5697120216326,77.32149149725473,101.38761512279854,83.121083254469,88.13624460891961,57.02490204063265,57.2338538597074,86.75050746772357,74.74117128712396,77.37766468916726,86.47640662421672,92.56218537986872,87.05166917176822,80.25899114644604,56.46549103417192
204234,104.93881194038245,80.53051301429055,85.28557917298704,92.08409413153566,84.46152374712338,76.91910765135182,89.00443312679184,80.95152034029567,87.31909093870746,55.584680522129936,58.1592711605727,83.2334602062405,70.5483115501671,78.48980850449708,81.4914698039712,77.3842100244328,80.75877150563835,77.73209575292478,54.52235901357484
335264,70.82855417252483,60.44810789404631,59.901207458008166,59.475965993764575,60.02094580514951,65.4741134625148,60.95941312326863,60.28277873247544,70.93600148188793,43.24002879375983,42.30985546793805,70.94936551934028,43.48864579426565,61.57433424157567,48.23394788676665,64.92512085145779,58.948538574194615,60.371030044901666,41.542156387701
752757,77.00167240372815,86.28263838865058,70.29538052821435,69.41101570064062,85.15804063093589,91.34726380602345,78.7626058062468,78.99228501272816,78.49894205324368,54.27337649089586,54.324946282582644,98.8190300996065,55.621357369764524,68.9743793485228,61.11503535254442,86.16196640926734,81.40695118023442,75.83075382208835,51.96973360145297
627842,86.66899352845374,75.81289927594868,66.92355359533886,66.14395081272149,69.1025685899221,85.78903599347103,79.41214328950495,82.3894958551017,78.33227109997593,48.99055630282931,50.111956011954945,70.58095289010923,57.92704488982332,64.86605523262247,60.4314951558456,74.72308263420292,66.9355896416812,76.57236761629417,47.519854725366535
230703,93.30986284253314,64.97872340852834,79.26266117190661,72.82996710195329,76.12200003539478,70.78659399503951,85.49977644997082,73.50505402017535,74.86455726867678,48.42947539654776,48.52584637392217,76.52348593854552,50.727232901608936,77.12480812235867,62.99049238985047,69.44530608416993,70.75225597236702,67.75568287031741,47.62179494225773
283760,92.93684845925364,70.07341132404866,63.81799991872917,63.724524789972946,70.30194703836402,83.06274420650239,65.10861490162205,68.91803706309598,67.22462133123332,47.09062871314856,46.894209399012254,59.81377301629348,58.04601835326653,61.28609686489271,57.59496986782859,69.839566437168,69.64746896819611,83.70935298328007,47.01611278047589
337432,70.05870368852513,49.17622045320625,69.73896027521212,55.95217062555048,60.59582654670657,65.34634519322768,70.86191437033351,64.01014967144899,66.78861226656916,42.17645835301573,42.1608892827478,69.89606129145221,44.8074819008266,56.0850948489623,48.87519098985334,62.535350392222,58.807133537537915,58.09272053854832,42.83679985876601
82296,80.60006615611735,56.8359389449155,83.10306654083507,81.58776490337613,79.01471773882767,74.63167307228792,73.10225499651676,71.16758421326173,70.42360329422364,48.02712292317917,49.316087976855854,80.99974159067312,49.91533254435369,66.09382675391603,59.70772878362213,67.46984870091154,72.91523931774421,65.19412261676334,48.41467572584011
789703,80.77431976192554,59.77401412914055,69.94879779250262,62.724640659971996,68.747888612528,66.05130524462146,68.42235064374604,77.43119811911228,64.52257729401813,44.67836099217812,45.929885225978914,74.88075748033808,57.55882658113673,66.99118388985403,57.048615822309685,71.1082229026716,68.95906916067344,64.94253972718312,44.978557324982575
340416,83.13205615119864,66.23126510479122,66.86191193926742,84.51681679438452,79.94549975344658,79.96913820686606,69.36681244385596,76.3852747825447,76.79277848462765,47.22807013024318,47.63591250300206,77.43417974543497,50.20844509104575,64.38782526813323,57.93259080423795,77.35527882980938,59.428567537105664,66.40976392001775,47.50489305252681
299165,96.40279507575798,80.74366142003879,77.16502762779697,76.50196152703205,97.46742511185886,81.42252924042074,86.30116009648299,88.59221061620255,84.91440460576204,55.66878809704746,55.66904940752627,78.36499227096668,59.629893160099286,87.2935953320435,70.65352953201551,81.58145821036128,84.35643724611752,80.98675703967884,54.960683319556765
703130,84.54049689723779,59.4688720811378,99.06389371614628,67.58738659899126,78.8814386919686,72.69277028623436,81.09286176813927,85.01826215957747,70.22198342640912,48.66997815175689,48.946355528976,78.07823921377893,53.84616920095268,66.1172105830359,62.86153548017735,73.49412941900376,78.27129267840265,65.61959115394971,47.776353053081294
824783,81.5812799973252,67.32528371433617,66.39693230151005,65.1416517796595,64.65358632955875,62.28785562684797,75.44660375491077,73.1976520449407,82.43261538788401,46.86622339895588,47.133430358868,73.456004414564,49.90036116905371,65.56479169386427,58.353851891484624,70.42344488383128,67.65441748211803,68.52450791488967,45.291956608554706
539021,86.33975872793312,60.89388243484691,66.69794228682554,71.32386164508037,80.22550003700516,72.11673574127454,70.46740795406689,77.09933613407532,71.435368846214,47.36924973484453,49.397397421861776,65.5489717445277,50.91804798184185,71.58019844547428,76.9873522130593,68.92153997276719,74.913814068047,72.97727240882575,47.40788771795594
739860,82.55818720843556,64.35346185783786,69.79552943895722,88.64793474559522,79.42537862225029,82.5701206280241,80.81980022756468,82.83249924221988,78.51881643552933,49.92216200193103,50.22711826241894,71.38596789464174,52.31518074082521,67.76365811944517,62.07949664296327,66.23513443603466,68.68195179969413,73.99945327422842,51.54250961378235
863177,67.96343292512664,42.74973373280378,54.207821513831796,64.44060685269406,56.86841772240505,61.51046914214999,56.31299350060258,66.04692712703729,55.08361078476809,39.27144238096368,39.352921920025764,56.76058500776543,39.24695153514155,57.620548996189356,49.83579425422627,56.935108552609336,56.62922669848765,57.48675569526701,39.399126484463956
387437,86.34206006685656,76.8084039713429,81.33452357842663,79.4374507004046,91.52719144929648,93.13932904082225,87.54368535587184,87.73021693393991,82.98731125700887,56.39062857298476,58.444672373940676,96.47435005697633,75.04786999344016,94.51479669803766,74.55415610850227,93.29191928912368,81.46628219783733,89.36012957488128,56.6666636235307
80749,80.89629392366143,66.25968063464305,69.71338796450894,80.42639383274974,78.96476660125879,80.24811238993661,82.48307787164947,73.32017669348969,73.14204686070545,50.024819469922654,50.407578844671356,75.14542840269644,52.730837284484934,70.10533475505176,64.18116710782691,76.36311166032903,77.4448708801012,78.3897416314944,50.66545658663952
747763,80.6070889656946,66.23555652450115,66.17332914705128,63.639894397624104,83.21231503993744,78.26630409524049,63.0701284021152,81.72216668475937,77.11616725972672,47.063726824207656,49.40342936419988,67.28325645939218,54.650466756645365,64.73996791904814,58.10940026147762,83.73333584828201,86.20172807938287,81.03783702960133,49.994964217007265
479415,79.6864789002677,55.89392697509708,85.8280881162361,66.22236701957797,72.1326261090243,76.6823809587615,70.24457611558142,70.02293128175515,71.50284819965366,46.057784798897245,48.98382898563182,70.93452632141029,57.57985161124644,65.55291721477381,57.69736516864381,72.7323838817071,76.94626981771079,64.04272014094155,47.24802173138824
574232,93.04066205792557,82.59515526330124,82.57506332996931,79.52172120688851,97.12965595968046,88.69681483860211,95.31222890418235,83.95701760022231,84.69544251086276,54.31857745970167,55.79128129609576,78.24429695000133,67.55024173801405,79.62828839704025,69.29965897973132,89.19160425233866,79.28810097062555,88.58734837528766,54.343324630451804
972857,73.47981484134978,53.58040263290309,68.0849126782112,63.35073578311892,67.52328721173885,66.97318749574394,76.85976093710471,78.0664550838497,68.49091406684593,46.312495897446745,46.53208199192488,84.72899247280714,49.06378323899217,70.60975818498528,59.48220365902125,62.691782736860176,63.356390967157324,57.62894335331728,45.92541151227306
536472,89.91308728855728,107.22851133847887,97.36574424261474,84.88717274931223,84.05651782328265,82.51563145818506,86.69065528697902,99.03258050118326,89.24395132867127,59.21961256772081,59.770406656231074,96.06701376032461,68.68536223267681,82.71482238962791,99.62133528569393,80.99091203332355,78.33367907979843,80.5570752653683,60.18568135490804
851048,69.57290589421024,59.1004351777607,67.64243274809365,67.69890899771326,69.3075849376028,70.35553084837534,67.00470001666663,66.9303756388594,73.90799942879454,42.95311879623992,44.973430051515734,69.27628323868345,46.80766954150387,61.058595420719925,57.37092040825722,64.60162301144821,71.30869651109694,62.4521625695438,43.0636573665095
179161,83.1075038072154,69.52849742763534,69.66778158970327,65.19333930204752,65.71561402582157,66.67495635565629,62.226304926291334,65.99471636400072,64.94092743668388,43.262379879089735,44.042901498447115,67.91089562257773,46.38023246704638,67.3615597785091,54.18588958308307,65.43909017663398,72.57254646607288,62.792854516724454,43.272295982422634
792806,76.52024282850518,58.591026846543784,58.467384337615925,72.68121228854983,57.39063878188867,55.65885000773804,60.190341603290236,61.292185881915074,60.79337698300935,41.042191369317564,41.15351198193395,68.71885943718692,41.95456470171965,57.45300512453813,48.940111640021414,61.093485925762764,58.85357143526049,56.99228423494684,41.13862900127733
305544,72.94604241903625,72.19228447144603,78.03559392819061,64.5280992155862,68.63073594719208,76.91488143454761,75.73287776275183,69.60895707890704,73.76953691482649,43.6397983746845,45.42682117563251,72.29761761227202,45.89584589930019,58.787204056866145,53.727344233873175,67.66871318400874,66.82923424048651,64.009123686475,44.29880032131885
545423,66.69561136971987,49.959075376326155,64.05285179688744,58.13982487203932,56.434993094249876,63.18845451120052,57.07334956401154,63.791301920524106,49.14756594980406,40.20850334305074,40.61088702522598,73.02983743338594,41.38598189925068,57.453719789069815,48.68155143911848,62.197345697525606,62.355241637681154,55.36849533529229,40.582257710907996
948852,75.34366274680724,85.64869460852196,71.0311878042249,84.4977639674096,71.59007810817798,74.6853039154763,64.95000037384476,76.65217516870445,75.00021012735843,47.393908126069995,48.76861970818648,78.3554213644629,52.070336405983724,67.92160305531235,61.15711147010748,70.1793901672554,76.63979137115037,70.73054426308762,47.02407551148683
717303,93.05272594855887,105.20243885293048,103.89204876118836,81.85707731953127,105.60585690720185,82.10787592370804,86.87506716018756,85.23156991857705,84.15893358804709,59.55420693187542,59.93994582467556,95.31390856912813,70.31707232025802,84.30572178048945,79.89714220501536,86.57702696598736,81.79076852641698,87.1208376628471,57.45427796203903
493306,78.4176233804452,76.96019465990224,75.55908467090791,77.90831822948681,78.26266577603121,89.1284264477546,92.92476726911798,77.94169816121968,88.92711549313194,52.77957541069959,54.6816581866616,71.76690709983066,57.38127706097574,73.73471537911718,68.74413818217346,82.63458144100476,82.93944833159853,83.0893166901621,54.52742736508331
785330,79.5156220853896,53.653292190621855,66.14374561593036,77.15549458898207,68.0550498135145,59.196628244324884,67.41343265428887,59.72752439396969,63.10230002227907,42.20703062190098,42.48403528521709,61.9121531844695,44.656367751311784,64.65083600787622,50.32430036201484,63.17942602484881,66.23444240271834,64.8206486045996,41.078148152341214
819458,76.03167647103281,53.16404276534139,81.93086207608364,59.20507522849172,67.08554310832304,74.14155852204601,69.42957243135261,57.33362554473681,68.54216782579,44.09927069910336,45.65217651007385,70.39320993162995,45.69938505935577,61.40810896089525,53.777666056079006,64.35764853558345,67.67401000831835,62.50051693646837,43.36308654699303
392478,96.20152220808743,67.2854007449669,76.22346308622765,74.34787640503788,83.27916425600986,81.11657583881106,76.11345008911672,82.57153061131343,73.24631873595104,56.73095920273078,55.51513360651839,83.21685213325244,57.519881405501295,71.59734014010805,77.30054217490414,68.66637189926789,71.4118857719954,78.41852307994107,53.47571001386805
89592,68.54919509797475,54.59344075450789,67.78352169297723,74.05999331941638,63.95738223926376,62.017123267951504,65.44781266429956,59.27655891262505,60.54050779483977,40.558131868052435,41.322457268679514,63.30327733498481,42.243819389023386,56.34473985885853,50.162618938630516,60.83148684654485,55.15032468108215,54.654834062141255,41.141648831969356
572742,74.90542329495372,63.184866956930556,69.42189451165365,62.718091340787595,62.87818098696724,70.45685364704528,64.50663533198549,64.99401844656194,71.43815927915884,44.98036142482682,45.909518282860205,71.87930330918718,45.21086736702321,67.60404444483633,51.954695615729534,60.49048725025562,58.504579467838695,59.513768500786284,45.29798988675671
541265,67.70419312720117,67.11243936696481,64.0944584434335,67.00895108792842,62.558145907844626,64.30194414834374,64.72652218092696,60.62506303573951,67.89812758150245,44.81527463526254,43.64949415666217,73.55596453393682,46.53425577548012,68.57701642075305,51.70489776055608,70.07381713639856,66.56559295709945,63.31972874215306,42.629594515728854
646423,78.7282882743829,55.0957212612475,62.3192734264441,72.33105625912088,64.75876176787101,64.9923853871534,66.13724996324424,60.755556070415835,63.47011139608203,43.2648347024097,45.231292245606255,74.0516301244705,44.60115363532082,59.560647561081296,54.07911871321766,69.61946790772998,64.64915532555355,65.40925322019531,43.35481429245464
881812,57.70009551551152,45.539699184200146,51.738978985791036,52.62679288374348,67.225400950587,55.08925992799118,56.58020524496916,55.973445819461745,60.46954863797269,36.58328236956166,37.66783206596994,63.2481141401112,37.78526282718677,53.180381875219986,43.14687055708753,53.684524714336035,56.513287270136004,54.585577872679636,37.35193027181813
730461,88.89513436941463,66.09951799143273,74.996854971884,70.423330109212,80.82400369884121,77.78529196870045,84.03248463276995,90.1987844988526,80.68109590161833,53.99765025703309,53.80982583365542,82.67604135326684,96.72799122000023,71.61841803454891,66.14010210085443,82.84759611687483,85.84588970272594,84.68898096347914,53.24040985147676
65333,96.07537125343464,76.30450168753501,80.75313804372058,79.31412891558338,86.00832638022206,82.39773618327578,88.4582832921202,82.96980168353699,79.80013179989339,54.2923336649878,56.85751105138866,92.60580910343681,63.22120473371822,79.15025146506889,79.4159260640248,77.55718798763779,82.78080823366246,85.55075185240358,52.53954734038825
626951,84.43818164522948,61.35440348343932,69.31564460747504,89.76993689847566,77.56398716676354,80.64801552328564,73.65979564965421,73.2271805978493,72.87530062581045,47.255342900850096,48.44610934420989,64.7691036811417,53.13884659521891,65.94595358539692,60.4239386309132,74.04182840896544,72.59009769265333,69.52517792892431,47.867367079046716
302776,75.68419395619898,67.86057897516525,76.21729992715801,71.12332694303892,79.80950100123634,77.72214579375765,94.57330797393831,72.75083828276033,76.84849303812497,49.69963208822196,52.44645300238308,82.84007297435835,54.553823988547016,84.31703576406315,68.91852470099153,78.39083334316462,78.84892055139461,81.47757839207287,50.20659922663389
8210,63.89587766035773,58.97414750238135,65.12867482330175,57.74114112621518,60.89402701839333,70.31298437471565,68.59139914214407,63.05834519572776,63.410601948859735,42.28330286374913,42.873184189513154,65.40647009330132,43.22572645296182,59.87535561685112,50.237052039734074,59.35856886964781,61.30243257950866,53.086142264560706,41.63945900260454
189725,53.32401800068516,47.731164485516636,60.03439546624067,54.934773092991804,61.574743484796755,63.5053623877615,61.455446159695114,65.69687496587248,61.86253870302835,41.06755660169901,42.07777705810761,65.76477408192707,42.4989966063459,66.71388449306372,54.12576027368206,59.19460125734712,56.57966698326044,63.80088890541245,40.72605231700727
118857,78.44990850719846,78.14733059680309,72.54734195688384,67.8523223404367,77.70295043994767,74.44219551168771,78.94287512544469,74.82378453803517,72.63980772585398,49.29847225878235,50.916734301685175,83.16399483231609,54.585374186744396,69.31321094499054,84.20084176271789,66.6986502400482,76.2922429146829,65.24465185504953,50.781538466655036
233956,72.08156083800418,52.664656477500785,69.8847034066724,56.52669468805301,64.60031005999515,71.28809830580165,64.77602347859539,66.50088955934032,60.39709517559754,43.257577823962,43.60010944108281,68.54599578563995,45.102175595476936,59.796819878016436,49.99924907124404,63.15617071283484,60.04633363109468,65.80671280745305,43.89958349025191
825966,96.48731620765997,103.0179943989949,80.67631619108329,77.1939522252046,94.10294099052243,92.16467336973437,89.15454241053536,96.85621325540276,86.29402446332912,55.09851853070715,56.59833227932572,80.26779095513547,60.42861842012401,76.61401304109063,71.68313396676125,83.13886169989831,84.93803105077686,80.55973444055476,55.565447910214885
115246,72.43109136145821,45.34107633688838,56.30717554927316,50.17726498202983,65.25272063886987,58.39726111385328,64.93594736938218,51.11659004804147,56.08636521497849,39.71911415958406,39.880538876625224,56.96881403063563,40.6132767250258,56.50285512044927,46.13806463592243,54.654094670196486,53.573997728191536,61.42507048028031,39.043386314025746
827023,83.4088795439697,63.23319347977,70.1458221384478,73.82218681996191,78.3066545709519,71.73684536749337,76.35180257030166,71.8831336841206,74.73757659899789,47.95391372734983,49.984387497698535,74.15489424568611,51.43884978129496,67.83142708993086,61.3566308166223,71.75558460836827,75.76381596785983,72.80577244343466,49.77057325948006
617679,94.54981663964878,92.06725718862367,86.22988723945618,97.7011401165199,89.67843284189323,80.62170519649224,107.66749487761228,82.96367207142205,92.4167765188186,55.81022566969135,59.80962385397256,92.39645645326495,64.5694082589481,82.83289837870579,75.51820966420628,83.68336699228504,104.47569024025827,84.22900636321279,56.819632765548945
381033,78.72372945787981,54.453162072346906,73.488790152188,83.41608154860424,81.02683397267353,70.18010933405921,78.80039713737689,79.47663170283379,71.87112709666242,46.33645729446387,48.48778250416592,78.53551001950137,48.80905799420322,65.2732388453303,57.76309353389061,60.47192420891276,64.36354547181787,67.24389153674132,46.60959520568069
152527,81.98009158978107,68.6459362302941,74.86020642270829,72.54378782275325,80.07118166190007,66.91214842153866,82.57215403842491,78.90023203544015,69.98901197189636,47.351381749312246,49.427359017578056,81.68135929908306,53.30824761065838,78.25035697263868,64.79122522658761,68.27186174435084,69.72475549476408,64.63918336591726,47.48502168788731
81999,59.09447592598903,70.09404263947783,63.92269952443689,73.16702284453483,67.05950194778308,82.53648064080939,74.53809637395067,79.81994222006679,67.45657395469269,47.017505657472235,48.56182486703022,66.84627563808132,49.830399361779286,61.78830270366466,54.50355328832629,77.76569576965481,76.79894309009342,74.44092406347377,45.28147764150816
488560,71.78089409751945,57.914156061763556,62.60333059894729,57.8830156325589,67.0070567372538,62.63073425175883,65.63291311574437,67.17616417169347,61.95102502980937,43.50591146812903,43.10329734348242,66.05691550078421,43.54890339429833,66.73790057637433,53.52930250061064,66.18859224572583,68.07159626484489,69.30156718478139,43.070583538843465
923262,81.00895006310827,69.79522085276285,72.648058125393,70.90489054251633,73.87973016425582,67.83623407361517,73.19366167370958,79.7164915878912,73.22504458575577,52.07763470575872,52.057044076819366,86.19323437477415,64.16610473784584,81.94498758250371,64.22018846897379,71.40163195614949,75.75877565413771,72.29736656817414,49.833728621444415
108769,90.32269028570971,72.81637784478397,85.95911941718143,81.1004402628207,82.93528036590632,84.50661036294521,78.51287668384907,82.26453636513149,83.94240615487936,52.717305038376715,55.00187336704241,76.95478548109696,58.97676699748944,75.89473664464457,81.86612104761845,80.84036763233716,78.16130894402913,78.96829074017938,51.63871634051016
464113,93.88642153823002,91.17817283182258,92.07115456269844,103.88812415451707,93.73342184062113,87.40622854850386,94.02449801601269,87.1402097808288,93.2641953377311,58.81136923816641,60.33985285560653,90.90922547600816,65.1126886843047,85.3537953497397,92.04214865463896,81.13488817461199,77.60146024068895,77.72198615506606,56.97315220088973
267145,70.07786647614705,48.97569385242827,62.1005634885719,61.29573035816169,71.26896485883977,60.306203717122074,67.04504436984364,67.87903979842255,56.66994017314691,42.56800906561679,44.18070340596128,73.40572014836542,43.512661400380736,58.68009910832134,53.54030075014016,63.49843262790621,57.84872354137485,55.6176027965658,41.899108522819326
442026,87.22234859535558,89.6901054685981,82.76261039632854,78.98599780685066,86.64794726531011,81.0614191729691,79.69152707309037,74.08377839742097,73.96518206931736,52.668315155870545,53.16551337888206,82.03407161098615,56.84359960244966,77.03986436113647,72.08119510515516,78.90135598966319,77.37557404897709,75.67718988616625,50.144810668172084
165241,85.47307934377497,62.35276896122351,67.6428930961642,71.57086445919288,81.81570755760285,80.27780659376086,77.8300912952172,78.05904355281766,78.62703245191852,49.887583944735695,50.73417310173033,71.02411725141087,53.02046354053243,83.46643831992705,66.40670447715371,77.04196400869884,77.4787943162028,76.76519120594753,48.03406356063188
574688,76.54627862574276,59.98195758494732,66.68350015027896,61.856248924739404,62.5777810078218,67.00397818865571,65.36850174903257,68.8874967512812,55.86130218510448,42.00529106341358,44.75703759265209,70.23830669833451,46.599593932280214,64.6613864728021,54.52962416813155,61.00933628779305,62.46275077645099,58.92618303910811,43.98734410372283
161908,97.2055561752949,79.92544015710169,84.45766018915535,88.17121715997379,106.17208728192527,85.61180856777526,88.56614106373581,82.84737019836047,81.56767843147426,59.0183129748485,60.349061316319755,109.86395824242038,63.41363269241896,85.44956869300982,73.70810320550534,92.47624177147182,87.00964287348518,86.28349251593923,59.78966045480367
826289,74.22459789064675,55.2844005634279,66.04086098349984,65.74384254678284,69.13249202090367,76.9462691319701,68.37270386699703,70.73373369718311,77.3050518495152,44.776846693886974,43.8810988692327,67.14106504954735,44.60787453186475,62.07422491146407,52.4971267255149,67.50553676717995,68.54581261579968,69.80791026401079,43.87106621381659
60532,88.10172403572118,66.55726523690603,72.33218898416067,71.1785834322078,81.9017329082325,77.37757634630418,79.61262042834511,85.73956210055269,74.72557843031845,53.35234882301643,51.073408703586,71.29787075540162,54.921261145136604,79.33336628471517,61.14623623450722,72.05216955625752,74.02385444182826,74.52327837277615,47.66399165396668
761495,97.59000962424551,74.91190733324265,82.22508867994306,80.68076476500205,89.14579963983422,100.28865480173253,93.42624417560734,81.67984915699066,81.23817388663593,57.3605665539961,58.80802403691153,85.60013878683154,60.92186199721415,77.38541425739908,82.65220930228531,76.70824685847141,75.89421172134999,76.80592168330034,56.767287712239565
538102,75.83260464793315,62.469315336452354,73.61653036005131,66.70851905002908,68.98587473907303,87.71058733955175,70.630736179814,77.40663817465453,65.39053148506787,46.66971389162609,47.089212372293304,78.58394548396117,53.50646503923787,65.73749669627693,59.230930277349614,62.16222289655366,64.44352441014895,66.81014114270158,47.10731991085137
433504,92.14749784616379,72.69722788157438,80.44207112478986,91.03855748522838,77.14788580319066,76.17338226312079,82.21842142807262,77.8805192271027,81.71794141715435,54.45507315307328,54.34825167488462,88.51501737750601,55.929993051055185,73.66808478021463,69.63197827898912,84.03769716113074,77.11086337759437,74.78023077766713,51.172346566073756
326105,76.25155208131747,61.95382593694098,76.95634604285146,70.35738131545888,67.14232569874136,72.0514574391517,77.9246096778381,72.5615165878811,67.11037091418468,49.36559402887682,50.14190251824004,79.53314544608142,50.61326174111051,78.23788869732581,60.57524958392875,66.7774183269028,70.29708873959332,61.92141716180296,47.2256413190086
750345,76.38405462929887,53.72048712383527,68.55085447284432,75.74976544819827,69.20956266804838,77.2625206201023,70.8530191116966,69.31907917880454,60.91436322717838,46.45872653588352,45.937655455486194,80.37136591492997,49.29728422203186,70.05595072963504,54.490665741109005,67.05283938090997,62.218963179751775,56.358527614135554,46.00360904390971
311865,95.52616664093688,81.45538487573333,84.52332439743131,92.2643109005887,98.59663272402454,85.26011191259238,80.76040374411379,93.54866149217827,85.0609066648407,53.94537553271344,56.82457220199482,91.71783426789327,76.86504344684639,81.48446276327681,73.59789186836434,85.59810143286526,81.05407357618765,81.98086064832381,54.79436387371121
995618,69.49092605409965,63.286538190343094,90.6859003179161,71.29009791350066,72.74954212406425,75.06739401873412,72.18761308260335,73.71220483474745,76.22858351624942,50.48520759316774,50.870868803283344,66.80563785832467,63.68238411821404,65.3791821677978,61.74030518678728,77.3297263397427,79.22187811901998,75.16093198794826,48.41264075740068
950977,81.75003050056188,65.54712056987634,64.90675271245672,67.48660041145644,68.53106545196582,64.63888413603199,76.06964305187181,74.32372225709527,75.48534266145344,45.35510625757702,45.648403006894405,74.0096786627922,48.07918264939816,74.69114185737376,59.17843481541682,62.076036671872906,63.097035581821096,57.921938465393225,45.17858602281421
983943,67.80969387773882,67.69738064049857,67.24111581258126,58.10044535875326,59.96215843291964,68.66431594433234,57.430433480359866,69.9087530604944,60.41324958550706,40.06534266083328,40.9773318338578,65.31798433738614,40.00952145348651,61.5720016603356,47.91672746765823,55.361688775195155,55.172904722264065,52.797739233770585,39.31953922580949
737339,83.97943201753142,63.79397729285351,71.24929598011241,76.00866074701862,78.59257329124851,74.57559549752767,78.43094287965681,78.53337474867362,69.22727721587178,48.571784947409924,49.79107760328527,71.90893237307918,53.13658248355144,67.99659629071759,63.461329493542095,76.15377616279783,67.41578649234965,67.3231479210899,48.90791804299787
931239,69.06198754119339,63.02078733434119,56.73095789520434,57.03126012321367,61.237478157218106,59.39243496036661,65.97168786339081,55.39852907339567,63.923576138317955,44.04718159390113,44.2835859079791,61.615258737784416,44.42624821354507,67.58069522454674,46.51344142453367,59.336597631714326,54.84127031044622,62.24455602384115,42.90695206723696
762885,65.07323679356062,48.397067151423755,65.45310293428822,58.592348222661165,67.32705539833529,61.042846435495,60.12443924007834,58.37179621395596,64.93604179399796,40.80644146529248,41.60722512950258,62.446157371538995,41.3201494479562,54.66557116372206,50.02609074595521,60.67356068098857,58.510929810592984,59.831378678005876,40.66067522228658
151743,77.01430622399288,61.050436731721206,70.21258143337846,72.41678513822771,75.63941635255853,76.4059227910027,70.84635754579833,78.7978087919856,69.9373517495258,47.99208608156911,48.82326708464475,71.18160250138874,51.14126751541241,70.91181481864379,58.93625114360711,83.2835353319891,64.96326485542889,73.93294771661638,46.3173403295636
464944,73.30646094761971,46.7435064967184,57.017390233348806,62.10877940687969,54.78094213908017,62.24786243421191,62.60239807531898,51.80298864016376,61.75243505103574,39.29599694614639,39.490638116505224,69.71778573931985,40.7085699056273,60.14237506470233,48.087228207476954,58.94201891004457,45.69402012421789,46.58571082295869,40.23056910499879
202993,95.00528412396531,101.72816224424602,88.77640846788009,89.02136321499503,94.89670949432431,85.27324597146895,86.40559524153426,80.36078648260289,86.24326467967705,62.34155337595986,58.40056311890075,85.22951262161611,65.376048956754,85.80572541203546,75.8715846519724,90.72762954190895,96.38074226926584,81.25089024767558,55.94729152645884
929102,88.76217526653286,84.26515033471193,96.82949196142607,103.13471492825754,110.38137639197168,84.57364822415462,86.3425356021317,85.87399346277029,91.43577787673283,56.714741202272975,60.39581499837698,85.88055976493499,73.79707028148579,80.97432279144297,77.42890899901266,86.60296442064188,82.91753600366202,82.80723157995885,55.69086634443094
94513,77.307756455507,58.2313446249031,82.12440552598541,64.96424647743422,69.15029485909884,75.42621648190838,70.94490207324566,68.61890786395136,63.497147655602895,45.2232516471139,45.40167791384387,71.83310256380858,47.23301476367751,67.31533623695441,63.050321311955756,63.12567044114954,53.39766045867255,54.86186450765737,44.82890144447134
381052,79.56953878041031,65.99547067766676,75.42773210088323,93.57754795434884,75.6617241161118,97.1868339600768,76.55302464799051,74.95721770598311,80.538515946204,53.15197278735092,54.36224238273981,92.96261526471753,56.26703571223214,70.70515185729961,66.90916266330169,78.64018374950416,74.42633440179213,78.32243287309223,52.39613329677298
166506,80.48914948255593,59.457111009190015,68.52757011796535,64.38740300643018,72.18024364935701,91.86977778951031,78.0885139071267,72.05621823413225,78.18550802120836,48.96270731858304,49.19423756128924,71.01857700086062,53.47187016890588,65.18845151688899,83.75794121379082,75.24422101726384,74.76368688441498,74.82245277334793,48.87527037922569
885436,66.0893973086712,67.71657388978502,64.61943250767908,62.18293891597891,59.29500676021479,62.48264440747523,62.24156713895465,70.12559960088234,67.75050343975258,42.85456336781056,43.72428518230318,66.40257842149342,44.418364840020146,59.46410457491719,52.01406037934311,63.035790592141396,57.89745286916555,58.41095654346968,43.25985154220034
363379,85.88792350899352,74.85722775148614,83.33566986499105,74.50277214214438,84.48084295993476,79.74848082401174,80.47091976203974,77.36678233782817,85.87327658470493,53.4210497367922,52.79508992786532,74.41769459295237,60.65596829007202,79.66498649876478,70.72426189712132,85.79306469016232,79.90572555140794,78.23782681386993,50.749065887508934
191918,78.42215910049333,50.63791542036232,55.625840280426516,71.5486585586591,63.049423377586315,70.75737754058603,62.610581453691985,60.91430294739289,55.19407527882673,42.49554653669155,43.15185249175534,63.433452085269224,43.627142842027524,59.67672969156944,51.07251088445831,60.303388111255835,67.90640160908772,64.76016654046106,42.41066242317463
63128,100.85704420828051,77.27514352815354,80.25282984540615,89.87699914469992,82.50750965383389,84.48134759015191,94.25063581978249,109.86576231989353,87.69126093931854,58.202968068247976,58.521475543273404,94.3052650053757,62.82341297410606,76.71022046496844,73.18424540530633,82.70462828613861,80.33464469572053,92.62856570961713,56.51453633116343
410507,91.09491046827898,75.27469576652001,76.36958400797806,72.72610568513427,78.73353987049474,81.76794274124549,86.90148500261687,87.48274139892942,74.97982847970661,52.48739676297055,53.99119953415087,77.61062672575378,57.85390601997591,72.86557127537819,80.1162322063098,78.68771887447878,77.67141836607155,80.9072899343561,52.912633895415894
788036,69.6824091854395,60.416891735692985,58.128242975485676,57.885764492936175,62.48109564277005,55.48046686831928,52.606052796624994,57.98346218494369,52.55726285158207,42.753060657701575,40.28082146672935,65.62778102462053,40.87232061268985,56.23893823884489,48.53133139366649,54.39226435156753,60.487248291441446,52.694227432675426,40.04085685481824
635272,85.6370739266035,74.13461024700447,78.57744130366896,87.77264922201545,87.86721123630451,85.73158699297238,83.9709086431217,103.3747054855761,89.07529681945005,54.36598950672227,55.85150513910925,87.6977657483724,59.46540334982321,73.52697509158705,68.37183029998059,79.73021303572261,77.44849853135952,88.76337113595875,55.303388586625
146881,102.56970995084112,107.23505128303515,101.36498660920199,106.78096751031183,92.45274969738223,93.14832160511907,92.58680453786445,96.78499270955805,96.19115652329998,59.20438421785457,61.329530332487856,93.66754984027855,73.29901802017345,86.94892565741998,82.4748208425994,83.12577358121467,94.64965952161398,85.77239793721616,58.943741245507155
150964,98.92123847820625,86.5939273088652,85.67241415733213,94.25905073074532,84.86557906933196,81.51946822194208,89.24883003568286,87.35912683879496,96.38346544591664,54.826765615617894,56.16579274118439,83.71707732478653,71.99164240413086,92.65290066818395,75.16806181651363,81.58594479663158,85.27037630073681,83.76928088527494,53.67960414940003
639800,99.8961082425233,86.05123311687908,79.63016527346825,77.16992284083582,91.16308984922317,94.08042684445911,107.88579752420654,88.50553396716987,87.12908236532923,56.040004640052956,58.23653002401601,81.27344044170874,61.204161757770606,75.56957891201661,71.40140147694451,74.66749778259424,92.98190827008534,95.23819760418576,56.27816861596906
687070,85.62145509625114,69.33781217193597,89.7953213364861,71.63270340984164,72.40497598024652,82.58002933168792,82.35282820656693,85.5995819366469,79.67382667529583,53.740048809228966,53.660739694208836,78.83312360399461,56.338238343631275,73.53652339516697,65.17348564440877,77.42407695297004,79.70357608127563,73.13406480377148,52.13713448828033
783824,93.85400012259078,63.79829542924047,69.34280732883849,67.46864159924569,77.0730568047325,84.87066328725838,74.17787582864113,76.51876427836373,78.67341190885895,50.42405530845023,50.82292119255028,70.83101200567296,68.30562642232452,67.92004682726946,59.64902312606563,78.87525412427621,75.06554000687483,79.52835365073149,49.544851809455
323565,54.78335666425183,48.50583111412719,56.36692938332696,65.35233162489254,60.50276982311637,55.08883178051472,56.51321004486828,56.43214274540674,62.42250616561884,39.91384822726376,39.99528928905873,59.13125476947222,40.17730882367678,48.99571687023798,41.94718602760679,65.36041392567797,63.56432881394552,65.10459777533201,38.97948363575168
218626,104.54065599418604,86.62017222839306,82.53641199408233,84.45725186397749,84.81605378655783,111.9393745261759,85.6702491043381,82.19010579363675,91.2903103605078,58.37644667046169,59.62414939467534,107.05564031755972,62.55345153030452,78.69852055406992,74.19202760190672,96.6135995155973,94.2097077070307,84.62649976650263,60.03523682506703
899042,73.23260334588005,65.36961369205042,63.34745538382623,61.75685912824708,57.71791495183828,70.16267516065838,59.74921340707538,64.09090283473452,54.025025716568464,41.451094752489254,41.40972889076085,77.8166985098741,41.94631337423684,60.65903511783614,47.83324154694489,56.14863344089109,52.459552659046,50.1536181368322,41.576341231832785
94636,79.69209716861829,65.5139713475842,96.47513362900051,68.56686270167306,87.92998439747885,76.4632771696353,73.72704670648338,81.09535777876182,72.32328920240101,46.37614374405494,47.94016792182857,71.94494433037164,49.64352731141519,74.25686708983494,64.55773308998252,71.18615720842737,67.5141868167139,66.37624384551789,47.86792947675107
919905,102.49279729459262,100.28445027506507,85.612489265445,96.8213338997674,91.68606324911038,91.49251441596043,84.17624072193439,86.71121612067219,85.65979379111707,59.98536709352794,59.651101773868035,87.52992560914603,63.49873290893571,81.74516122330041,79.16376671233726,84.704048051901,91.72892277881735,90.86322987090963,56.36762853277662
811888,80.79512277677176,76.28841112612267,70.33884290252755,65.30380865835573,75.34284060881096,76.79068439184998,68.50361001452177,75.03710963893553,69.18407534058191,47.06737305957667,48.062171503842706,76.70890830082143,48.75482265758406,70.2690203299955,55.58338316697541,66.13246498420645,66.972438909116,61.80728198323119,47.53416021116463
81502,112.71814711804186,118.20013717725189,81.15176937451406,78.79279697197666,88.51929912665861,94.60277913802378,96.34696548236963,86.97840265852503,85.97910887873033,60.86304855438647,59.29969853007129,92.43857255549881,63.48308465228544,79.1025856114887,73.83068669383756,91.44806764445957,88.59259923843683,83.2892503356934,57.10714718155492
37817,74.38225994943923,64.13055083774512,69.896040048908,61.497527829163076,71.63946666636437,77.7589106217962,77.33026245447633,72.3448034115238,68.18722803875619,45.19097592770438,46.67079436645969,70.69289420235448,47.30171278446991,62.41413238016997,56.44890990866462,68.02892084322954,66.43292847844975,73.51913167172548,46.46261350827484
485683,83.82330922139747,65.37489425781204,67.07621611834708,66.46795218718964,77.42455588240603,87.65419341094822,85.73782981135321,73.17235292782908,72.97893597876458,48.910683736381216,50.457766225141526,71.43866267934413,50.912612251399736,64.82566015127256,59.455182056325455,71.94056019335108,72.8148235397382,80.31227731794021,48.20560448273757
26108,81.0252665308908,61.80098968914466,72.72508467996366,79.785405833299,77.525705983726,88.2661198918431,69.73555327190385,70.83651385471097,68.61952273179524,47.06653218698712,47.38453106403141,74.14259255491831,47.781759126499274,68.57041051220094,58.31416519484291,70.83167265226501,65.74606791686548,66.1535873849868,46.808643274640445
702462,83.12682401390069,60.693946051891615,88.27158682951367,66.84674140221483,76.00683048925889,75.93114504876839,85.91375721894535,74.36642743314493,75.64075815319683,48.4621465679849,49.72644941332687,70.74643642462341,48.93964519252161,65.99192839091465,61.55351767510017,68.74612584568015,70.68319154799265,64.98874070786354,47.89948692223561
609455,80.76929440060701,84.25655496077428,101.66284276843537,75.1024966529709,84.99829561533376,81.24101008679636,74.775409228224,79.63908684186134,90.44662113302078,52.44757525689505,54.74565510986102,74.87341550503044,56.00845694212259,76.95813872521822,69.53370684525473,75.02928092060955,77.69823220777334,69.15598327534966,50.441127400154755
784655,88.54803906705713,72.23534754294816,77.36072283277224,77.37064079385084,84.12241886856863,72.54823437827724,98.45839130897329,89.61023455129629,91.99561007717406,52.93728989890208,55.85211923754852,79.78178907639946,65.55692505650109,75.91946952446393,91.0271253027349,80.10207580476498,77.2590737872135,67.53234388545488,54.131169852480646
514436,91.15798379306453,63.545679609983566,91.43577075118205,68.92854122725085,76.59154354585027,73.63288138631849,70.26708006300626,80.8327689181695,78.05048102314677,50.04427281775393,51.110316393097705,71.85285337110642,51.81425331003916,68.99490712772602,63.995668460171075,69.96810954253121,68.69506094958996,65.08681526228608,50.487718402894345
363940,65.32292347642283,59.77789459762647,61.78013653731817,59.29503513591533,70.3896106187372,60.39662126440228,65.24284861685976,56.06153221048498,61.72107282219115,40.75585251623029,40.32890372169618,61.90439637208645,40.52527745334873,57.24439986790495,49.05806537017074,59.59525353599164,57.91853487134494,61.67843460943405,40.799289253671546
712419,101.93062507263343,98.652963290965,102.39144742669167,89.16164642843296,88.91297731811736,106.34372791686212,92.26626190345775,87.32960047874445,85.75455873204876,59.75111953774283,60.82027943886776,89.74179748978756,65.24046309122298,86.08762626464352,83.96304001518638,85.42096614178506,90.60721354016978,80.92474859515147,58.71811485129502
692946,56.20691687686775,54.81021025666502,54.53265919709605,53.173051746238556,57.822369264842706,62.30187374964604,56.150086415440455,54.17029994388366,54.741264901078694,36.87014254748828,36.973955933025586,56.67234343736183,37.78899745010781,57.36522273003766,45.26650825033548,53.816483528453176,57.398543426624656,60.46117292950671,36.16511746118957
243270,95.14533948347915,81.73104360104499,81.0344933035328,78.91954979008497,88.47355461997566,88.42662542497808,81.1799133341323,84.63188714596339,87.62164737819687,53.52950993565412,55.46264890044692,83.52049183398884,58.36698336152399,76.63444970930163,70.18959874738944,88.28231624310627,93.91368343421192,84.77789219758759,53.60324230949118
927159,99.66146830993293,91.13108493852924,89.83235509797758,75.24490113280834,83.79930565553735,87.61502845910712,74.68343844618423,73.64509385565536,77.63400092980811,52.51664411470692,54.862840038688304,84.19698394383914,63.204196436890825,75.34265873821772,70.15311577095024,77.69902001235982,78.33180121773164,80.40960691463397,55.14677440434377
148586,75.42765667842197,52.638625440971374,60.20314255745131,60.890868627499856,61.25917490309399,61.02108630491177,60.9053724009123,59.95944323873403,61.3565522584893,41.597360913645815,42.193344365386466,65.66358177322897,43.23717792690174,58.23304951479244,47.949160256539685,61.45881150612442,62.330736657007435,65.03818982748733,40.883556996357925
474828,76.30233877759488,58.95891244283566,83.18784337215816,65.7474394820795,74.20928381601279,78.71063304292363,68.9500804006414,87.55672620074527,80.97683481794323,48.64421082113276,47.6357765605884,70.62129945741611,52.830950292708394,65.58908581307091,60.6488361130977,71.69510461500205,75.6481437819998,71.29294974837545,48.19345602284114
450445,79.33008161484989,54.452911269805696,78.7354863772804,74.39741449897717,65.44931939440559,66.35954600410903,71.1562413509038,79.79001269413806,61.75500627414117,44.85474308843028,44.04649964196675,69.61641464596086,44.66375337123306,62.136712756285206,50.905686660786245,65.44133797671373,64.09866076784783,68.92434407840804,44.223347089144575
894142,74.52823413068293,51.73520286578946,63.02459757196343,73.18503891174255,61.4191050887099,66.2156624060552,71.31934289032098,75.16419952767441,61.33185423804831,43.137249321321335,45.1625655494576,64.39549900404462,45.72945557368922,59.98905045936034,53.58705315568904,72.8060370862199,58.39834694730261,64.73519574748451,43.63381212498706
946545,81.35317283065294,74.64308584305614,96.86441327138468,73.3628039014628,83.77693232175321,77.70802714371555,75.67288475625139,74.71752645842027,75.54414269970988,52.442828460155546,52.340351315745416,78.10792234384195,55.10226126837134,72.53308826638295,65.34789450729612,83.98013615063331,75.30275153698727,75.837011789394,51.774836277143734
877777,59.51758886889769,57.14258779455772,61.94150100586495,50.028269544371895,62.07271197866953,67.95313651719587,67.03779154878708,72.70177552378937,56.52872108371038,40.87422080375556,42.41655899815925,59.56861244751762,42.438307019829814,54.86707366368029,57.258694118334425,60.457388295803355,54.628149675881204,60.34147269568752,40.62315895964741
146316,67.2838842104515,50.03958464289866,63.55361311187395,60.00061628809534,65.9223200745646,68.08789107784402,57.043879098268555,57.67819212601321,68.80875011624457,41.696874765364754,42.38404319141524,64.97009491279452,43.324513400054954,57.55214060633937,52.17815507227779,66.91673451100422,58.72383508846619,57.70605453486083,41.8147840290847
719040,86.34739822034732,90.2836305658878,92.57900010801747,78.34904434810358,85.29735467889647,78.402667019452,73.94553231315932,75.43951006465645,76.94851895146243,52.024575410757265,55.51106702183466,82.44522408949311,61.512536956588676,80.6505008707028,69.61098086598562,78.86170298427086,77.43882226773673,77.97805176418744,52.189982897928374
708177,84.32723733177957,70.06350355728333,75.24223142128409,94.82544092789564,74.32912129760882,68.30661455635902,71.23672883167654,76.46461105068859,71.33200658005639,50.53914636733349,50.69087985242363,79.64053680336735,55.66756337282733,71.41988029361423,70.70756029934057,67.4023826651698,70.44759140206786,65.94348673121485,48.55596481806455
213179,60.99917929840094,70.01824179713725,78.84427129677903,84.16862242785746,80.38492499585266,98.05376001168777,83.95718883571362,71.67544331937302,83.9416890569873,52.08696959570009,53.483297286449826,87.34707223683645,58.773616975228705,75.09248714979668,78.21949696199209,85.28829792192943,75.03901659395288,77.89237822944474,50.34932434294525
705486,71.58705602917405,70.07418895430521,80.02209111125023,79.77266866506005,69.72637238321273,78.20653912148435,73.57717827478984,73.78769205151477,67.13019041683053,47.04964510106467,49.02215551908404,69.47006589163952,51.08878372664134,66.49049439907523,63.1659147731792,72.79469367692666,75.96565999352363,70.72435769223202,48.03856290785256
952842,74.07531833496468,66.37046485427331,57.18535909136918,74.82771725278198,67.63181661259235,66.59981169350112,65.88817141845021,64.60877721945508,61.53043814438049,43.44139940445359,45.13662999882022,60.955352275026115,46.3254649230676,65.15619204651809,56.18458414494264,67.2010924482127,59.909095426375295,59.04411762764539,42.81103405862703
167821,71.69039154718016,51.29027451947497,71.99737584131259,57.70110083757366,58.074130632420605,61.84370960750124,61.652646906738376,57.50947385899787,67.0037388503144,40.934278094876966,40.573734959078045,60.86142915336626,40.03709541741908,55.10067675177398,51.03258256314628,50.91628649997989,53.028818922503945,48.342270495116296,39.60860986392395
462387,81.91445855563762,70.59313248087214,77.1250125981641,98.40408614254318,97.78813880959856,77.85671806709115,81.9742378967205,90.6368328027628,76.47162191072493,53.78404534785882,56.97321841119676,85.48845656849633,74.1903986596088,73.5960294404309,79.44044474778113,70.79620066898994,83.03311248191255,84.6237486341688,53.62924365615871
430967,96.09220188426117,73.48967492509048,88.70133570175416,76.95009128151244,92.95981026814992,82.61454604921198,85.4570842505229,76.79330474667094,83.85201546629536,53.93632925792291,56.79293219563067,76.57688115936695,59.462955733966695,74.0076748483412,77.68698137340022,84.88430450480175,78.36592687457326,81.94979765411821,52.69919580745014
844513,98.78006208920482,93.76841541986177,87.74758971201103,89.34057109944818,99.46769935804518,91.57954683329879,98.23124502884912,95.7393498011693,87.9668400019499,60.88678465815458,61.81876822449959,93.14912677913384,66.01915379581673,86.8023183599337,92.68624807138372,94.31082267133685,81.53136701205338,86.39216561180336,56.853314104991696
297419,50.20928448209695,49.865998004175296,55.94775026379467,47.76220025331034,57.06877703931238,59.51328430007772,49.78871932373498,50.44746741868868,53.83566571871695,34.930562442597946,37.189234115290716,60.319001221251085,36.046403348991284,53.582554501875805,48.49900670642006,50.02941498158434,51.70981180844931,46.791504751981236,35.73585814669938
961358,78.49137354579139,72.47573557844134,64.49247499478588,59.63801030821005,68.55074432436356,72.78671382017059,72.918018524024,75.01926981299763,73.1654947372321,45.13511329680721,46.47611555448694,72.90476918695855,48.68538615946382,71.76090050755052,54.4715169534463,69.82199905928516,66.452469275614,64.37602882901894,45.80423595266008
869573,84.3787531555956,77.46108023298518,63.141690034038646,60.25324678421737,64.7993586174278,69.70137610724016,73.4794162688922,81.93870925396122,70.75040912653581,47.08249662527114,47.35644020789814,75.2094543336968,50.51558039014459,60.24483278499679,55.45099189849465,65.26890865251313,65.89526873259764,65.25307602323947,46.44661554159714
576496,77.4565107487685,65.85200975304132,57.88136951025456,66.86561953975348,66.44184471645764,58.16742492886475,66.41497699128634,69.8416206911698,62.74512202118423,41.49248019684052,42.95602325547935,73.41611361311126,43.48857363917878,56.472778871997434,52.102691433335714,70.26169022746592,64.71039230147171,66.18054193249974,42.721891388377145
627436,75.14075189180919,59.24840853965635,64.63151153895211,82.55305715466889,67.81108078561473,68.06723410344605,68.48624277756126,68.8243399629382,64.34574722413275,45.56277430147098,45.9708663999656,72.0030551300557,46.441874657721826,60.665705590042634,57.268232830712506,68.1875661636096,69.53838101978545,63.31429881380634,46.585868781147944
583135,91.33853636796619,69.24949204232392,76.03386790291566,73.79969785916828,75.41901767121146,80.14747046978866,77.98600347177813,75.2471057558675,73.5290005987885,52.12112407622375,53.42109463325058,83.227221005574,73.75965704366291,94.67484277175353,67.62449969005203,78.86115446391098,75.4962200695777,73.58755459466684,52.62931765789963
493776,92.76321439183553,71.0684319673152,77.71449075496261,74.33167105685027,82.0774047438844,81.07950757680392,87.7728591684156,79.78723272981128,83.5411362973984,51.66843303383407,53.66086653378352,80.00433381078729,58.916863477743895,73.61875736854014,68.77562798512366,76.50753295189111,84.74563097711633,72.9443208701751,51.51046080386058
428663,68.71409996353923,65.93532256137317,63.12417150190913,57.27633268894512,63.712503108984336,55.62130649421526,57.32428518883313,66.78719009730443,56.521218055126994,41.72411482737935,42.75864976013055,64.39125050885553,44.473923861370395,72.50850650519453,48.92211778802036,66.90855376762244,65.58343557709436,65.48137175566117,43.03797579282333
581096,59.174352694328164,53.48092127263321,60.52162867853328,64.62721906761652,63.59005135330569,60.50097618044804,65.85971322937947,62.23215239437387,54.872206498899544,40.636924163244004,41.06133513847624,62.674732922352305,41.43188968976612,59.13645519500718,49.753933228210165,55.702191162682,62.92642687944064,61.46785071183719,39.50666893029211
81739,93.83634955813878,99.92517317191736,83.59973525539834,83.39325087498874,87.82484935797643,80.74013835801688,107.85847447204463,94.88456034619949,86.65510051923408,56.09839525098477,59.856189579592765,87.67887824489509,71.45038196791435,79.5297754702064,73.63175630997172,86.87345335078325,97.25419596532299,87.52626877312808,57.35011166185295
593377,70.15218593332715,59.56639165873872,62.860691147205586,77.97618406698939,71.79046535706678,67.00748751857245,61.21558202734949,61.298594798920675,65.3499258758343,43.239076282619436,45.732544641491096,69.49401332749338,46.31329286350122,63.978067251763164,60.23447422618641,59.63729751110449,60.52280156286639,60.66527644353734,42.82806086421544
581318,96.65983428532462,85.60120437360892,95.70866586551224,87.16935685738667,87.8897830433769,96.15500193823758,104.75988115643975,83.31424284034401,90.74173401275931,60.00135494233132,62.697994217175236,101.77442206910422,65.60100935272789,88.18048210517486,76.59424849555646,93.24508329580921,88.92213921478825,84.64899555814162,59.89636389442829
894705,79.74122073456186,55.178852377759696,79.53466745700034,63.05787272692818,59.055159369137456,60.706483978491406,63.74655135314516,70.6137596014919,63.94261123271148,44.26666984816498,44.91440535706159,65.85655480677892,46.54871638942012,63.32666154662601,56.558545231683446,66.91592692611982,67.14429284862146,58.53295763717797,45.086481005017006
245761,90.95828849239788,72.72710418766344,74.89937632464239,70.37001813823743,83.25528261743096,72.56421682576664,71.84594041334765,90.53145978539133,75.06530809787668,49.817921733935655,50.47365815861194,85.57297957585335,52.49612785393823,69.63456887192953,60.011403025406246,74.1458737893542,72.25034913547728,75.91797371635465,49.518774312514864
58680,93.83728451411292,69.61411242875805,78.35289788653486,72.0191699749351,79.87957678951707,79.57115363148279,76.92611410628193,70.73661697976439,82.00945878019385,52.37127629428643,52.70576863523055,83.92989277342011,58.323980375054056,70.90584453690863,73.1559834351793,80.96801785281644,74.35663702680739,77.23588370113842,52.03931158054369
746468,78.62534112306722,61.13122762237726,72.55787652330233,67.8679622910006,83.45771269636913,74.26021798961548,73.34120499931761,78.06842550761982,67.64415238988471,49.46798009204207,51.38636066967625,80.02272887702615,56.67845326566515,65.9376711837105,57.22659365819827,76.48160076123715,74.21519856410785,75.67238028612961,48.74098622153451
594617,64.0732675868843,51.90888698255674,50.78247024264511,70.83165781525153,62.747841449524586,66.40828538001757,62.06254658489621,63.64213621365899,64.02638490504205,39.82629144174236,41.30378314383617,61.21009350018175,40.56391318550902,56.81609931689239,49.64243320956874,60.00166765255847,61.81555978874816,57.64135293678902,39.69382239127502
924460,74.73352233848334,87.42700374914804,82.861827843075,91.50918292071175,74.5486225788082,82.04899004312094,68.5438306390032,74.50471537830155,67.95108225080928,48.92403700263707,50.89815284001784,72.76714498090806,54.94970298847334,69.07661564585254,63.123521192707386,73.52895279383353,75.23353597343015,72.42249601054792,49.12641775325696
248613,97.52365294524932,88.38240327089242,85.4218628412487,77.17761720065036,84.4752317818052,90.6603551093587,79.88457232984948,81.35775122411928,86.68724904386559,54.92273482570246,55.47665847167801,85.91545155132067,64.87449989565219,79.65798149665224,73.96453720028339,84.69743774982928,86.66024541769507,86.89420460430367,55.94132183417511
458307,70.55804440300973,66.56898907094055,79.9361548731173,61.90475793463165,71.38547732167316,76.33430695201366,68.72230714167469,67.04874941778256,74.91102261403793,47.83186448345367,47.06533318922652,66.98000428649935,50.42688478787814,74.01976593183318,58.38475002528652,78.73154122707095,73.83921166056595,70.85023847120505,46.9917808178475
949149,83.50191596790471,65.49485224145445,84.08987171431562,70.49279793779218,84.43506977192257,73.58449253471338,75.99301008839439,73.01506371812683,69.9253200183995,48.91104293286339,49.36675837343117,80.35249972124006,51.8945459639055,68.055428066786,64.91189773797709,77.99930225696056,68.90480252811628,73.12813343189728,48.48946244299641
815753,92.20572720245009,77.36851667427223,102.1641413702807,85.18457392915172,84.57261010671053,80.61492017086445,99.02393344565333,86.70945915390294,86.98739980967578,54.83772926970302,57.781355775056724,86.3900091040224,62.27270621262756,80.14440729878388,82.65529328612102,79.36459612091733,86.17687059082192,79.21518763562844,56.0855456738889
293775,106.54568906515499,81.21559186566417,96.0689703231307,77.59309401549092,89.66489722312258,93.8847790409281,98.7932015497334,86.14202770199542,95.10655811453911,57.835323292888084,59.50086457949824,81.940584689852,84.59411142352299,80.88435697698607,77.89717761835846,87.48082199254702,92.98889173234998,81.97361305842773,57.14468415900107
81777,86.38424561663635,76.64308166605,95.90549501970844,93.75554622907546,88.75187300146759,90.43707295506798,89.60081891346111,87.31011010956377,79.95634967147929,55.003864624521476,55.66218982598134,91.40169334955894,59.8224447587684,79.53307045381443,72.2969468821065,83.57829802350776,77.1530012355653,80.94159791879349,54.60761935575569
750763,77.23547307057851,74.363084885874,74.31754935996796,85.65997171670588,79.90983804429294,74.53049712744865,72.86421104861279,90.63711624012123,80.7198960215695,54.02325220963559,54.19989290251848,77.03377998377975,57.52093006453967,71.47515492847765,68.93787161676985,75.63633139484027,78.1305413458748,73.22886181189047,51.173692254495975
7160,74.2526262085654,49.07870396210902,67.70339450327853,49.572029142567466,60.28267855321737,56.08812754040379,62.74126924861018,55.43670951440173,64.52986049494663,40.36646824358387,41.18364003439833,66.06793163105473,40.95572329052969,57.513198273504614,47.01473333694862,53.144678519529315,60.79824075368731,61.88583179200758,40.73123667985078
972351,81.06499910888868,88.97047941845844,82.44453500276403,82.42661111619437,88.5946617353558,105.4892223416503,98.04031242301755,86.6032047557925,89.30212668818183,55.17711107879154,57.137499546288325,82.21914235883449,66.59505221602805,78.9818814289834,73.51228260181549,80.06338256276999,84.2662806963053,79.84349383365159,55.86315954680356
923956,67.26448954525657,59.579812003271066,63.60559749788534,59.924664415588,64.01365633893423,66.64904882516873,57.31465359622999,65.77794070401772,55.59274220362447,39.81840802324658,41.96604200633192,70.51384231664395,41.376896526766046,68.14501511788676,49.90151788058936,53.66395030297659,60.951761641861175,59.49093059849744,39.837640791674936
85340,71.94019089539819,44.334192894960466,56.41566710722286,54.58519142124623,58.856833456109996,66.15706778305147,74.12350470125904,70.6074935824966,57.464295887835604,42.64383469436342,42.96525520780158,71.23736013424028,43.09400667179748,56.538020953291735,47.3864502630501,58.54841564646479,60.28556095806763,55.4122773071587,41.64069068373182
630424,88.6851538653548,79.38934762477683,82.91660753201222,81.79462777706077,86.8479262519815,84.90017910949454,81.34144415571198,83.068836198599,80.92735846933543,56.05347292385723,56.60928910105341,95.54366758204988,67.64696617814914,87.14293704851008,88.70614471957964,80.06482856221211,76.54628882836317,76.16984771810866,55.18721792267648
231779,65.43659893292585,82.2595671507411,59.626647469461965,58.92792289804599,73.85859488024201,67.18669891077741,68.93714267423641,81.97608904900912,70.88481616241414,45.418204040540495,46.85558444513479,62.20916747233852,47.901302120650975,57.67881035139493,52.98410060655512,70.92697509330289,65.72456080434137,70.97658312338817,44.46508300461508
874851,78.42648550394846,61.98645309739811,68.29820457301958,69.72952192198072,65.44492424980233,77.41110958586862,62.61977679328777,74.38557318662394,65.26047622210996,45.669940437503,46.44697278112664,70.39117098835476,50.21395428383765,62.27660299688772,61.304635890435165,64.11337519292267,63.72992220818208,65.78487068921939,45.143984072029966
621447,91.20007932462049,76.5742723315938,81.72775366104283,78.17293389017277,88.91919332790822,83.56167282260947,84.39256019210832,89.36715926522439,82.01093278713826,56.90317072710742,56.84653133930189,93.69681730209288,80.95380730907733,79.48836088709973,80.02073434652392,81.94041178539052,94.76300405702574,88.06827335863161,54.81821031607409
263878,61.107203262799096,48.118771408585786,62.21876705525821,54.95365117508861,59.01300128274707,66.36643958940704,57.02852020007727,62.14394652400465,60.92268407706008,39.49543657826482,39.90176125502336,72.37282984996365,40.76477054264443,53.99784195687815,52.44481751661056,53.01448916641908,58.758956667559076,59.26143903183336,39.26693194211527
222783,95.96005538244975,87.17964780938095,84.21391847383396,84.56278296665107,80.69336868518074,84.28564727749567,92.01973324433231,82.37127425833022,107.01937529555866,55.34929966571385,56.84935907581544,86.02178681656052,62.03915368087598,83.9850906556473,77.33307223037362,84.80254161465186,82.67249001451395,74.69908346677977,55.8074421333059
469027,70.84083349182637,80.15780357008651,65.80350710711491,73.0342682420313,76.43272274010978,71.95797746762969,90.293219404112,78.59422440914156,77.97830334005351,49.86776090888442,50.02573260547889,68.84299525121307,55.74214712364333,64.04485773372154,59.352183990335924,73.20287697139673,77.74406484845605,78.0224513135538,49.12393726214195
48912,92.34732173147142,70.67664120829654,78.31626320693215,75.7146187892605,80.04066490619326,78.02323781241236,85.19493468736526,81.96995430759921,79.50909851325397,61.107784354024105,55.739254065603845,87.4747773936712,61.06841522396023,100.92465542608821,69.43881783290102,76.47772024142142,82.34784927750523,71.94714313070588,55.371159428946214
417503,92.15745936621761,77.2491764772007,78.95501812344773,75.81711346583614,103.20088816017957,77.35753973901626,83.57055606619507,93.1047897568508,81.0691324588468,58.24595004635075,58.789265715783415,97.11381370707424,59.507147355628206,76.71497218853645,68.2456366500281,81.15498238810561,89.25782839113853,85.43206736760246,59.053823702433554
36577,84.03331883317287,62.49161226192464,73.89819540710181,67.67302298611716,77.83716579331384,73.80892000511975,75.00363832892829,61.69569720833249,66.3453677288877,46.18415538087683,48.01072942796759,72.41606049757716,49.80983906556449,76.39648719810722,57.19039631249206,62.00097789558503,67.709224548581,64.22819792864802,46.3498204851485
642542,60.62629217586314,45.372541031242065,60.41851644809988,55.28392643078416,61.338842057855175,55.85787110217422,62.251449436136085,63.98670371219794,54.25447857348732,38.75762315806442,39.73156173295218,59.28083674335573,42.07631828136696,59.85349509225,45.9839370266607,59.263351568316644,63.40934122044945,58.543458470386696,39.31024254240995
734243,74.23605299033673,61.90189175338862,73.57153254429664,56.18026705770744,55.758502032289144,56.8247347770354,56.92910527994529,58.93398043351649,58.9663545696132,41.01204854110347,42.19608824515254,59.45719239251996,44.92974073325077,54.45746603748843,51.92989696320956,50.74101958334938,59.38067707352597,56.76647599977619,40.4372933265602
905220,67.67440182913,57.9414774102637,63.19665799249633,54.041790098260684,64.53480434570865,66.97905514210464,67.03231137213157,67.01311577788901,55.194319349919766,42.28796070746699,42.228527048243166,63.457128152585156,42.105375223618054,60.6740765039907,59.766136516772704,57.03623918226823,59.11719567365492,55.497508871338304,41.07922534914837
335416,66.20042217728852,53.349919410974906,59.182568554738594,64.76973684996422,65.82930600595455,78.92597314920303,59.385866802663614,62.14894014885529,59.83394960100893,42.93563151921893,42.15222289015915,68.50640006154305,44.1579190462607,61.03221586822183,52.514835923829615,56.00375192702524,55.89245353302707,57.29393900239599,42.08222355630211
22743,53.74494690455022,51.050386232212205,60.46799658285122,58.89974897468639,64.74887716368711,56.2963399495015,61.183025287137696,59.3028040835815,62.78605088847423,40.33989656911034,41.48668889400665,68.67795707269592,46.06977071287368,67.15088869481876,49.02210113251759,55.81015548883305,54.03670609659551,57.832660353974745,38.63859398608611
933866,103.01960762530658,69.03623428582274,79.07951282835633,95.8890629317199,79.97649004496742,72.60564356306693,84.20639751315227,75.35430852027932,80.47051524903944,53.66818791655975,53.05368583744389,78.14871096539065,55.33010038481462,76.27800254992016,65.43141802875732,81.30187592094858,76.39859312869962,76.67927578859235,53.22305326716288
306662,66.0295418637924,50.0447247437733,53.06039584013034,55.19819108887817,55.73171742589032,58.878734084932844,56.75968251141693,51.94408406198541,55.90876292002695,37.116073942927116,37.2941348805387,62.305368691122176,37.9792507846644,49.42465100945566,46.22125705279535,52.32463502930432,57.68763670700687,59.92447616762237,37.8263860673523
473008,77.3670086274132,62.651649018685625,64.50514381974752,64.79837012647334,60.22176250412706,77.87798439933862,72.7813232655877,77.38815620531798,76.71105693767176,47.66458098331,47.38639308221124,71.77139365532796,47.32632947263202,63.506326557857804,57.58804488809364,71.70021950676144,66.01758274335201,63.75252659725834,44.641719698591665
872419,72.56753670708883,63.6821260456463,71.1803622226425,68.03588417727516,66.22285208400282,68.31998199172651,77.9687914072863,77.28007926517003,65.6963092963519,47.185686194821955,45.04451709765422,70.9820321809761,47.853456052891815,61.421781651846295,59.7418255392664,60.66520690261024,55.79199443413874,58.66506841437294,45.21823805667455
754142,72.40961979453155,48.202714935149764,57.74199907566569,52.50782956401154,58.09978245973388,62.21584358836774,56.54327529037256,65.17173625784937,58.77928398064714,41.69330547924483,42.07795595694385,60.88020531870801,44.65919591125002,55.3188789546799,53.71166130015214,59.033553837130576,59.66597625992526,60.512893836711285,41.32127622620689
7389,79.18361210587501,63.404344569749796,56.65291255469175,68.38015172103506,67.69702495761712,65.48701877155825,62.82931858659738,61.516128853059556,66.72960350443483,42.363594857568,42.67772908428576,69.24299238339327,43.45262758142921,57.43072153244976,48.208218552644674,67.05465075776378,61.90781521478536,68.22679254007396,42.88243109203724
942937,78.49263888881433,57.698460218362705,79.90437038789506,59.662590679012695,72.89901325758915,68.79927002055666,72.29577451795929,63.71642319457182,68.23495624821328,44.248613485390585,45.32981868079703,68.30823039805023,47.66976803138636,67.79032632789611,53.517031481470696,62.175742881636175,72.1383797881601,66.17340720503398,43.74833915423518
100661,86.45221281633006,62.95847173534599,66.74450202160452,75.65055298768416,71.4908553590079,64.57303646107533,67.66728260258108,74.6335686769152,79.04937807170691,45.40925942479721,48.07890252381401,73.92356062232761,48.65818954745072,64.2750603884512,58.01549698369963,61.18085396980525,61.692997860332824,68.53547808091432,46.92492691757016
966664,89.59806537746285,89.92535663376488,74.82856452090414,71.76081374672569,74.77048179424555,69.53260016143989,84.55467661416702,77.416812495853,70.91269690475323,55.72929422708199,50.95820900603245,81.30760224788469,55.320066602566136,69.99763866094108,65.30970802179763,74.85392501610758,73.74920775029197,76.70522396578687,51.235883599352505
126355,88.10139287605156,84.10787665502704,85.81055035487736,76.95380640063809,74.32851366861817,78.33221340558354,81.4966440800179,71.0937541214956,84.40717967104224,50.775495738865864,52.29807448380791,77.55993292217451,56.97734849846816,73.85469608119956,69.56975288657253,72.97698180224984,75.43631725675226,69.30082557711772,50.831052355336475
488045,87.14943583895001,77.76815734700241,101.32924470399138,87.35721128181086,84.59773708427139,77.49568644675858,81.74626561581034,86.56492577261253,89.77213662351471,56.86660526416662,56.273909565898265,82.5925864425529,68.75582060324926,80.57705398360326,78.52705835467899,79.65849305318557,76.92537713657514,78.92998073048031,55.0501786422294
971301,78.81249985710704,68.10233208879842,68.98852133090062,73.25413116574248,73.58555561656092,70.63103754463272,74.26291396053936,79.26119262024606,73.06427915520428,46.93718982537366,46.926408713616354,74.06746445180093,52.46926408247184,66.3520288301779,59.77302887956902,74.1297403979338,74.16080282810194,66.66993066367627,47.45402416568728
986349,111.61502663886401,94.82762060570593,95.90311370658421,89.5299249123384,97.19162687804294,90.12750402215545,91.48932092499047,124.42781115417006,101.91154001685689,62.716684593855156,66.34211993706904,94.15464291876125,78.53319508352357,103.8419729388912,85.92487258997838,88.17311834854044,89.46157746958593,102.2207413453828,62.15791042130563
140593,80.07812425238924,78.08119808255307,76.95121689283772,74.24002149528154,82.76462101644285,78.7090316705875,82.36980357962378,95.82522837800926,76.43989419550357,56.467523439224195,53.09734035571614,79.13294753847512,62.068376482558016,72.93313102607121,67.29472202335964,79.83324135584361,82.846004896376,82.15904982652881,50.67245508246623
290237,84.81903818625875,64.2065325443895,69.26474132245401,72.21630905335185,69.09199466030493,66.32780401767153,75.75268308462833,70.98067036578702,65.43459135090367,49.28243295231403,47.585873948890836,75.98665197259592,49.2827833431524,67.94137008674488,60.754979910542765,70.38900435014347,62.24842594407298,71.1003750334817,46.54836921861943
466869,120.36386505452842,85.18872729851824,89.2079021131262,80.7573625786078,82.57598950957598,104.53618762117645,90.81494428680631,99.68474459251635,93.58350697060229,57.57752707250778,58.833204617202924,82.03576402545754,72.05662565787088,78.39830491422384,74.6369293381983,82.79627776234032,88.61009507707038,83.85076485563994,57.63094768270509
442797,76.11164729692854,60.26197823949983,79.31038732178258,64.45824242054508,73.28318459136482,66.70521019012841,75.38145572320286,58.1671555452117,67.1563683799267,44.21239914197858,46.81380529683016,66.0581912354737,47.299009490712315,60.87834404022175,54.55941365147285,60.52347007451557,59.38673328901795,61.07159686409139,43.82364542094252
979653,121.56737582462179,97.39917041098714,92.9179134249702,99.6929758818699,114.86478933278019,92.27694710038026,103.65405916984973,98.21780894241826,98.17702326016787,63.529996074580865,64.70074334721926,99.60117208366651,77.59655462273088,87.02618927804201,82.19763636266987,117.99700547236795,91.4747281793837,92.54866104469804,63.7437747539081
658709,73.81836744131368,61.21372662446417,59.83740261431248,60.04839202139921,68.7635574925291,69.92869016052164,65.02957407069175,62.882835074135826,61.95602605228906,41.956667485948024,42.54466956436285,64.60107012809624,43.9238067360551,57.31691766215908,54.20802207973746,57.02882859447969,65.69421526794977,58.80515022536572,41.7660661327923
588343,73.44833236486032,58.52608128919639,71.35442483684395,57.24796693322657,69.0492881542445,64.9978575521496,70.50688043897087,58.885195465791774,63.334950451401546,44.96902762191011,43.450583616642476,73.54541402256434,59.78874661601824,64.2064858217177,56.68255171386974,60.574357134613415,70.61029552736237,58.16221290413306,44.18529801001773
185177,65.65178110749144,69.63897411278883,60.04349669201638,55.8648832002912,67.09875136896402,82.99662543106604,68.63278166515511,69.53392785352074,69.15711039395029,45.146538567624134,44.644356997300804,72.78122267961851,46.74108749689174,56.931710664000995,54.49850273471745,67.04184392641028,69.21953630583468,64.82164567694892,44.512625901000746
661063,82.22098216004748,53.79747241227416,60.68254541001845,60.880485634079214,79.35280540453905,77.38315654412585,79.45478538509391,70.77219084809768,70.49763883914298,45.59350433847035,46.63311903307003,76.25292324323458,47.87545440393522,57.73057315086099,56.43003720741021,69.76855614689455,71.16108037513868,62.51508584105852,44.4672609407247
515269,70.52015089292607,59.723992690876074,83.11670043100878,53.74925061463344,66.48403650064736,67.18782319131361,64.6249074135802,66.62876312915262,64.81675721016589,45.636763072563525,44.24161927559752,70.04687050895684,45.24315949399236,59.22777265688321,52.79520466428392,60.44583449286597,63.68830760295392,64.11816105319184,44.83524391901541
951136,93.69099158186475,75.12524295609448,77.37753941532759,73.2581115245294,83.00570617169018,87.26558200531028,83.59465699100672,88.6345988148442,85.4388349877497,53.252614110491955,54.82596297882849,98.3944144952325,68.55801768996272,73.22310810665823,68.86439831320469,78.03796023835447,83.19167248859276,84.03641480994642,51.87118484460474
540190,95.60307503433825,72.3839735238609,79.20049908074287,75.32083183973447,82.1403720323394,78.95361668114732,92.71843794293872,82.0898287921145,84.62186945513207,56.469570221326975,54.80839039171922,75.5581513598687,58.4185599059486,82.24183152408094,71.87314541820149,81.44210524542149,80.92743830853863,78.25457100443711,54.225089308132354
531892,61.764199218239845,53.328422136402736,61.20139275126503,58.32596831368131,60.924241474308076,54.46491759498653,59.36757691199678,61.72501516995645,62.01056710596527,41.17927350084419,40.919862221551114,56.43085114890133,44.100791905299985,69.87867215441142,52.70637910748641,57.96806658750282,57.15888568228746,60.14129457671402,40.10491364444216
776587,79.67898561224892,54.29440874290427,62.81358435768141,62.06924878778891,67.62588763848444,72.84137863097317,72.13514428782744,57.22465117178105,68.30959090614894,45.052114559609024,45.203923353479176,66.15972953194799,44.75562094325235,57.488741332340794,58.111348060512135,62.90874642901669,69.16952678422518,70.30063349187708,44.48478547526849
843638,74.24876569723328,55.81325818609024,65.65644148234469,63.77307021521011,77.71468983398498,66.20668636751888,70.91406627407989,66.63585388983718,63.53506012213402,44.493758801003,45.45087381293517,70.80503635826926,46.34476959216565,62.30775922743133,51.97259280481411,65.00056473573179,64.71579612862243,61.043193476857084,44.11608322940032
878270,101.83958286328522,84.76988309137901,88.80329407754968,114.67376894776046,89.81107867157095,89.67035931693187,86.32339735436679,85.72443680225376,87.50042143001909,59.81373236972563,59.1126161454238,93.66700544061095,63.86727182591264,84.56991602398881,78.39969893987971,96.36862764961248,91.60048395854128,87.89595450015626,57.77928865072598
349012,93.97217633791033,94.24245934934773,88.09231829301801,87.3952233685936,96.52732305583606,102.8315267662382,85.48610731606644,86.05563982572127,87.73708179549973,57.989212764271315,59.79223764337341,87.86758177496338,71.64160835259707,111.78414837227896,80.86933561240082,82.06448545455825,99.08208456455753,88.6226173584152,58.493668105849686
421046,96.0170551203123,66.12525451090042,72.99217700025102,74.89493983927912,83.15616476556589,79.44753172653674,81.16500791797917,85.03525519174714,84.90253339040586,51.99063311096707,53.989438343560195,80.93754923780827,56.90910751184444,72.35472854089838,68.94963466446762,89.72851945987142,82.94605156734416,84.7192948873303,50.538269937742186
433655,66.4222949114666,69.96571942248616,72.8018162519727,54.79779172967311,62.37119506560788,57.70248415698737,68.54106563430865,56.38375970947983,59.86410820921661,41.82513366645525,41.4282084649351,61.85769973043043,42.734657235465015,61.336384022685806,51.58530530447096,58.118955188323596,59.36571567379264,55.91728015261978,40.65160218751666
104832,75.57152730356361,71.93331566610536,68.96382414478934,83.12419294046266,67.45957008992288,66.96468134314303,78.054235452492,66.9779338827048,66.45917349956052,45.962987117166904,47.06175061300078,71.57165836740424,46.035219813442694,61.98300244738164,54.76050990023457,67.45187642264617,67.96945430980735,69.68695002199627,43.74568747180068
541431,73.05861536606264,52.091648536128744,63.088853703081526,65.60066572127565,55.30752801841385,67.35567503679516,70.53575862155758,61.11283983205388,66.12995435162537,41.66638235908157,41.74761647303228,67.83625802966708,43.38293549634062,57.31007184570679,50.54127831371336,61.511837907920125,56.36089593870739,59.88726605163039,40.30884839405414
407028,91.45859859422467,80.30689347514547,75.09180596064343,73.08021709852292,79.82052486073692,76.97278406167052,79.78615608338183,88.67172529440185,70.2833387588388,50.49023482401562,53.25989205252888,81.8813126206471,57.372883026629054,72.63651012991001,64.73189214172986,82.01052688094137,75.14472525748234,76.96585987164339,52.254998838666594
243422,81.53084958074663,58.10942318114827,65.68770795424969,56.86008302264209,69.39718000152678,83.22435382567805,67.64621308871307,68.22779411659434,71.6405451531424,45.75528274123957,46.26076801356746,70.85685810641485,48.54332353314162,65.93550597862563,53.584881617780944,63.605150885297704,63.050061423623795,65.97156688907178,46.09666496575842
860554,86.01948150217964,75.2081710545109,80.789490196555,88.53436635599351,82.95084265605132,88.7035153278859,80.87823583609548,71.49516092895456,86.36678822895428,51.37205352183729,52.80009183260562,84.37535251455921,56.99457866422412,75.68187076284217,68.84681009854614,71.49319559381286,74.44482651751682,79.04915296973795,53.64462496432292
50573,76.89577089335793,67.76121390760152,89.12647432045284,68.06244433602342,83.07376606251734,80.98738204502365,76.93275909468198,70.90416176065494,74.23919462339654,49.51617215300646,50.79961729459794,73.00405507180753,69.17749398343057,85.39295782977416,68.71020490954332,68.63953679410037,69.61649886235892,77.76756157788915,48.444533653363
151216,97.05547311661924,77.3264015550006,78.7810234507874,76.25673476277551,89.4772435933997,90.81317242453812,80.52260832681003,96.37047441487982,88.5859146002963,59.83433330971724,56.875824876083676,89.97725896587772,79.44067328178559,76.09426362228486,69.28119988174132,85.81624101173725,73.89134628719229,73.77495749345056,54.896150549562805
939847,88.06250673393671,81.88023580575641,86.24610385473738,86.93166694649254,91.49163920499734,89.8126091701379,87.81923568203064,78.40513488688475,100.69921559422195,56.43417252734362,57.667936876141084,89.41347026450953,61.31615170198884,88.25402515894147,75.03456815662982,93.31893369681026,94.80459224908174,86.74155033617296,56.3013551181396
142011,98.7237522113197,87.50695532694826,84.54882423541882,83.21200898699126,99.80171742910947,89.68093355756659,92.36153811312799,83.90104846214857,100.64642352756022,59.640836089368534,59.28762899572439,85.93816619121762,65.95112307014,87.91845196206665,81.34641749149546,88.99044918289894,83.64499183695426,75.69230265337785,58.1529612753493
672463,108.76337441899088,95.02098577225419,91.87831582560443,99.41391339493433,96.73097206472764,112.88989625081936,84.5639402532964,94.0360975932461,91.16344269534483,60.5491257613357,62.623083266006645,97.28968844477333,89.75133977505456,86.90110498113945,81.01748349539845,92.08978456683066,94.38640794960756,98.36132723727569,60.083701294677525
306689,92.95775902418359,111.20559459512627,74.83033313116032,86.9854008131866,82.67134207713768,68.72789106276522,79.09362552937168,90.34239266914125,86.9543369543409,56.629406408775985,55.40214342133832,75.44130388247518,68.77447782873173,72.72014263504877,66.82144472494699,76.5039789122255,75.22622926925948,79.37348387410688,51.98438379318692
229134,83.4604462058326,65.8243073881634,70.22690437050268,67.88233896214075,76.71609520347702,77.54859594355379,88.59648810049785,65.32091929640532,63.467437066165786,51.63514737618884,48.57371225592591,85.33201847692413,56.77658807691664,67.50259802743756,63.24823828541926,74.37504449966474,67.00459731891598,80.1848289579305,47.67295778592769
816209,77.52694623285815,61.249147302710284,69.09507590225482,64.7561601727245,68.08860509643611,68.10467687052913,82.33110986385591,71.72038349545024,83.87619163225679,45.11703371020778,46.37553768796136,79.88002474491331,49.495815563235915,65.56487952751147,55.388495887869965,59.27472658622556,73.58997623035485,61.631765966416076,45.79164214548214
267873,82.16412065579655,72.85918867803869,74.89575932119632,72.29811293379186,71.21047510265112,80.55972482862349,75.2530750587727,88.79567175339412,72.62853504927116,49.52089472874175,52.60254270709375,75.95023936996085,52.868069709660794,75.33169915930277,64.37999553834517,76.02374075872825,70.45479311912307,75.51196296207159,49.81150553420473
968610,99.1014250770018,107.31014863888524,77.02536362798922,70.61874886382816,84.36940198942767,78.80296446008253,84.36955365557918,104.7307658810279,85.5344435067105,60.784862154742754,55.186744412155306,77.19886065651887,72.48972025377981,72.69894354423818,68.00119564095186,93.14272698006396,79.97349133472885,80.07373545482358,54.69769381011197
394657,83.70834088983787,66.36536045910536,69.24903125542374,81.38592661618038,79.82865894221666,72.09132523311204,70.54108482419336,79.51866264394585,81.49273760648316,47.09308386098627,49.13732265255932,82.05169057472682,50.050999569619734,65.47372110121437,58.50120052429724,80.2016334660915,66.54591296666143,73.22266121727158,47.778616918654635
960998,68.85639367200093,55.6477184557431,62.90375872788264,57.39371015007232,71.03458232317988,70.15903030438744,66.33990551880902,75.22953125072532,66.43939391139465,44.157498381432575,44.64545379029555,68.79256256904237,44.679687658372956,60.161268245562596,56.50252763001612,65.57526425954927,70.8566823881298,67.90175665609299,43.8022513854493
804854,60.79794430614392,57.75585810101171,68.97793261005737,63.48873300602681,68.42965574022452,63.22544926541049,66.71749480228587,62.3272011792744,65.7490298652356,43.03934032204854,43.907161822326756,66.1694321544407,46.93506043430966,62.65332574578025,51.62681218668225,63.97016148483959,65.08343097852315,62.9442383993443,42.43541755496673
459027,61.43375984175559,53.97567821374102,71.07648731675036,52.7508902732468,51.63384604712658,56.09846577819114,62.43155946461478,59.311313965875364,56.28000446582007,39.3667429830647,40.54519136669229,61.97181305815183,41.54295168345432,53.51427163435979,57.721757418453706,56.70177517826637,57.67701740048445,63.120888425992305,39.702368776564086
279853,87.3657825732526,77.86098365936319,74.73990747585506,70.4137770160803,83.26685073200628,73.59041989410092,96.5566598190077,65.83026527313163,78.51058910695726,50.212886112648945,51.891533754933384,73.47010203776286,54.64192103748353,69.19029083620829,66.64787782479101,72.23278259671955,72.56146422077758,71.49580854270978,50.82349901126997
637497,95.66695005063009,73.77583103861764,81.40392036765903,76.89754629656002,95.0870159608982,86.67143225794533,96.47447419933084,83.53942476812628,81.40782743784652,55.083475869070156,55.75758784113604,88.0825818464848,58.50391153782808,76.65145374608505,83.21742224699611,86.0734363376423,84.62389215852582,84.77593435986596,51.95370824884056
391780,79.9399904908386,63.62122136861842,76.72985206619329,59.851211300750876,77.2138158336432,62.5731840140614,60.78788429070763,66.79856172315868,65.69084734504264,44.30100052612205,43.18459008612046,70.67491390165523,45.58428259067919,65.04888843998656,56.593692784612024,55.34428226611716,66.50773480811014,61.12153392930606,44.41660422617285
912827,57.32922052711037,48.252779296499895,54.45886266897504,55.8801518906295,60.30796161799873,59.142218642708514,60.7530933386808,71.83169256790481,57.123174791198494,39.31899688745578,39.096651733665716,52.310837140963464,39.96702808072564,53.64685586175407,47.887365117726034,58.60995227930432,56.3158121866203,59.29556040041153,38.009079141797756
758491,78.61835068076708,69.03100366895713,90.12262869456521,72.25240528551112,75.31039681130216,74.06135531322613,71.71162575861649,72.89783744555369,68.63940873941354,50.087199072406165,52.54780052938138,71.13189025966774,54.05312223219889,75.58052806153053,67.37999003735773,70.73373334763329,72.15145064234983,81.37547234094417,49.484613842271905
905163,94.61392424059578,82.79365114495576,86.42071867880962,82.22331218972647,79.07904505262397,80.77594290044333,94.86414413065344,77.96428055653881,88.02794592551015,58.14625669177812,59.05621119226436,100.60054983725882,66.19409898073893,87.70149199794328,76.55581964457362,87.36089849200891,91.85301177521177,84.55595269234831,56.11368568950235
145947,75.04016309805914,56.57937416793078,65.5056014358354,66.15926511766538,69.91985785124437,72.45658698936695,61.75006283870384,71.14617605915441,63.4007575120337,44.2970100068799,45.01513362255016,67.57937533074698,43.87252173883299,62.54803244461144,54.95582844534897,69.93576683854405,58.352911586645284,63.06054392515178,44.46414934838501
155318,75.29099392226708,64.18328486579378,70.22590155542835,69.75035579023228,72.8737024928219,85.52605029190812,70.8533846967126,68.21228979106016,72.007376603382,50.67900454924713,50.44308246337362,71.1897418343175,64.0876403408389,67.48586094466697,85.56755529642379,73.62942090699472,73.3667357998773,71.24821848609912,50.78162208174102
765366,98.2961566658312,81.53751968437756,85.37503922926021,78.09131460593896,79.33542047774628,84.82015465520952,92.05477270565433,87.42327331217663,83.5863096098073,58.82244165751322,57.79120800222762,89.6838118208729,83.97928432883796,80.19296120832055,95.3001885288553,92.2987651498746,84.40935579321051,86.82913726889711,56.48153387420258
485390,82.52458890887094,72.54866743739873,72.5006928474144,72.36178200689073,79.67825869347567,74.89737325403804,75.70329651053822,78.10208834550522,77.91465544234458,49.13639628110049,50.49633291275083,81.01170464684542,54.07180853109088,68.750696857124,65.03602271225442,78.04253743781734,81.47131201496506,73.15903663199171,48.68585130075546
306972,102.8642972009971,84.84497766196726,79.56843137119958,79.38170692443185,90.26482811500526,79.82853042406529,105.48819284524365,89.87902537965908,84.4476959579287,58.31537462463345,60.190782857591714,83.24111900964579,81.72839310730927,85.73839362020574,74.9736723370441,81.9153868519617,81.77805719425638,79.83980013700179,58.80667324226178
296525,99.97833453291238,85.38491812403387,89.93033531003726,106.78355572277246,99.91681209066863,113.66022891900202,117.2221233697988,82.01840674781747,95.01708182667917,60.923450498943396,61.73347982336812,87.27806310358011,68.61079223767416,86.0095098345119,90.97510423003695,80.78072495408895,90.65399947223032,89.0018799137483,58.63608498643575
475592,73.59658544117073,83.31223646308746,67.7984908329771,67.43379873229705,89.74220810105011,84.98017110235452,90.46431620885576,84.03039077178317,82.55936757055095,54.50393529374752,55.28503458384613,67.97068918266058,59.98797565385495,66.2269042942486,61.75813625405294,74.5717690629748,83.76562246002459,78.90786887575774,53.885390494371606
697409,80.86657188210793,56.57967464133461,70.76486211163257,69.39750327616207,74.46988099819988,66.45844778740876,67.55378168603414,69.20713270554103,80.75528620918729,45.571432903323604,45.98587017779451,68.47769427732567,47.09812740926864,74.42438760918134,60.48586130221758,70.7026124259196,68.24405291031763,68.2207170792078,46.03129480292863
326484,79.18725313433788,78.20046920850801,90.90328236404045,75.2193696523453,81.58890953570616,89.41479253408522,82.71270014389196,78.69204417536368,79.96027940819954,54.045118098358216,53.717504890694116,78.71071767589834,61.67894769253682,73.03992560849095,74.18602108500845,77.49952080864477,82.2660659563559,74.54893068030233,51.81096042893721
929889,70.13438600597544,44.823487606063736,57.92878552200817,55.96119638422574,56.62002325419214,58.03217613890877,54.58720258611457,65.40650486780042,56.06027547184729,38.68326392037625,37.93875804868853,62.135041392996946,42.084279318602555,54.28014357414763,50.39222872773083,57.33519146477505,58.00578402242647,56.21798034127712,37.573936932891115
379427,61.268605831660786,66.98728619155602,58.41010697044899,58.86130658110548,66.29991188490716,56.894251073462556,65.42434952663228,63.66880816357812,61.78571469306751,41.5116161453231,41.097394615539045,65.13333391315749,42.228646987258244,59.07637430225157,52.862089397694575,64.3619523262328,66.47814472541364,60.88486718216289,40.76829859069342
173060,109.03796814605602,82.92432857292847,76.83253246797133,75.85891395110565,83.19544238326594,85.1378769827676,87.40114791829028,85.00901530330252,76.27938393795787,53.18059276646622,57.17189595683603,90.33630890631886,57.24281918125535,72.9199817968955,67.70286639001196,85.00134513021519,85.8494453636849,80.46001671820561,52.71276400447663
882870,80.7008553358312,54.98091699783469,71.79789147956842,58.157999636033864,72.93049237319983,78.35944774023156,63.310612326740554,67.91626142543036,65.74068685736277,45.54265029340806,45.32312648582675,74.62990025825586,46.87638297653794,58.641803749437315,54.97865200852148,62.144897852766015,61.32004637508541,63.58959985971668,43.86190924979032
92875,86.83817231960245,64.57298779444989,72.18220019970995,72.38911377713018,77.85223700218634,69.94698682372342,79.77099084245485,68.2630692459928,74.14556363668615,49.328980039609135,49.29619257293941,81.48729320323604,59.947635155368204,85.23907459952761,64.7699811082989,75.529165918163,67.31561947451262,71.6837873505053,47.80275960295408
275839,89.42651149215638,68.91014213187916,70.65493208140639,64.29036900659088,69.57801874939463,67.31029198521642,66.43766306000344,80.87769915276695,65.26080221367623,45.57543287904778,46.7701112159892,71.7871515969537,51.09043661701751,62.69594087944698,54.79007534061856,58.556857939564765,58.791075343711356,61.51105918579201,46.097287114938844
882785,77.46815998439288,64.85266766646953,62.370809190196496,53.367629866060085,71.31290104017697,72.4091512484905,74.33604686888916,57.70167908291184,64.61689210521297,43.42224107851834,43.22594907202724,68.15402249635618,46.16149672935644,58.00536524036747,51.95436414392337,66.37121037537887,61.4187044619963,62.298078943537504,42.557360453793414
719538,80.19073722974258,84.60274680392547,71.79817180241398,58.677527125195866,73.94350819498253,75.16809089276315,78.31257556646077,68.98635098121491,73.65016570998165,48.436670064147464,48.25088923496433,71.91672275609935,50.29193726072138,68.87864893214825,51.534824416519356,77.55281090401179,64.78547478446073,70.1728378359469,47.568624113147216
513365,73.08946658616337,74.23049746330892,62.24304198743881,59.839596234535094,72.43421801694106,62.354488573262984,63.91848170800492,61.5184134899428,64.82270018152857,45.78095323964452,44.25781969056706,65.61440326891908,49.16288693128485,63.86928747232918,54.73583003269721,62.479955690446104,63.1722936432694,56.770917344905634,44.27172882424124
254828,85.8343594866857,67.37939014376015,74.49478318673934,81.13553150735584,67.57031263417997,79.29443611482611,70.4261886771121,84.29380776247197,78.22510782325237,48.97892710620975,50.61758876858934,70.49849058697211,54.76047715221726,69.60821519839962,71.42917621640728,69.87673113424574,73.48955893595286,70.78790938006081,49.85193563741274
485123,89.93914470479116,71.46307902694922,73.9881521208276,78.85986571303357,80.04786710190709,81.54357149016377,78.21600832684717,96.43824607562283,80.59827615566715,51.625979968184254,51.11636919300197,82.78116848550734,53.740432679464845,77.44153891629664,66.72584636018838,73.66572042066377,72.5817222292049,76.9220246210135,51.83249197645371
567874,97.12796065416467,81.4886800081458,95.30300976608677,83.58137650617172,112.19514026335736,83.56536998307914,91.08314855655541,85.95514736680173,80.3297950807881,53.91623343677466,58.087825273708106,89.91235122986474,68.74093876678242,81.86443180996449,80.0639162757801,87.81118169638603,87.39480267005567,79.71472419317229,53.158557182711334
25648,59.18373406532581,57.17673538943431,76.88257301232571,65.21178888898139,82.25979246526316,75.29275041493273,78.31779272697551,75.89650725546147,81.76300991672373,46.69540811781128,45.92479115878412,74.30467239211897,48.4743239464877,67.51384260572539,56.44964082282138,57.751418539698335,53.69116657360931,61.66363154657374,45.57427934062149
810009,80.31544094060658,65.07608435474145,74.33772516496802,81.29771479844733,73.05702563017957,84.91974691789706,71.71618012908084,66.58452100055732,73.11959469259942,51.81332991495563,49.40632924606099,82.8228773395312,52.1643180307193,69.64861265860428,68.34965722446135,69.36617673370975,71.24167288452894,72.27011213378537,47.86419153230696
884312,66.43140977563564,51.48589611781122,76.88853274716841,59.08712257595266,73.40888766731075,74.9340564696299,74.16105052839256,68.38617844031756,68.97733677156361,44.56807388676395,44.25188104003733,68.25916894595562,42.647654842646546,57.79024751357635,51.06918196431363,71.94053040682131,69.45806622388801,69.06018821138947,42.89228784715464
150841,66.54154533834893,73.14878991676154,64.86304585526416,54.89984712517921,71.20423190689883,68.0453002718084,64.33561439868959,69.68816504027592,59.5418624248019,42.190844089080066,43.22716632463826,64.28773940322117,43.52440686125351,60.92454109172807,48.26483737360674,73.76088129841503,67.56697370233216,67.19715194939307,41.29142317232903
503271,85.19200856583922,72.76035443348877,79.64945268826267,84.09749936469386,80.33527626309458,82.90814031742022,82.39442812899944,82.04436145428161,76.02818978473996,54.7645513705018,54.208180962306486,75.24093982737611,62.813154283324735,72.26198525981732,68.89981330041863,78.56384240158866,79.22761753097188,78.14881365457131,54.64246042116449
289909,89.25336301927504,74.88603017198349,77.03442485087109,81.90238359856085,88.57102993978899,78.74052063000923,87.7001076500132,96.3961550007125,87.27993504623245,55.37347761373576,54.674217377176284,74.6153702195287,56.98449677555222,75.20437655284286,67.4347632746131,88.07633954022009,76.01812119596492,78.54152924003205,53.566200467672076
908309,91.59696689499131,85.89314182976148,81.34625056510237,80.14913684753145,83.00682353346157,82.12137310792086,84.25013900779055,77.74386192243662,81.22265509452575,52.44881284310408,54.73905274830269,85.30420104867466,57.185391809383866,87.66494880356481,71.98003364971197,78.50275846198599,82.7829400306727,73.74560682828798,51.99142858016353
975116,84.6922155845568,67.15335051370727,68.4424692260466,66.3915763592519,70.99280316446212,65.41313461163676,65.79475199380431,69.57744368161805,65.40779809649368,44.9460652836928,47.02826988876494,67.70410687319807,50.15371412427277,64.38647816553144,60.46267144299725,73.30242780169377,69.7351416500978,62.11456190348409,45.18395076813115
893625,79.93420341641803,70.92397263430931,74.09579099036918,71.2598636065713,84.29714383602615,79.89552698256239,81.05840772059574,98.72780819572364,73.30649556517287,49.97332943959617,52.30634380456378,78.9708542803342,59.721218185270175,71.51254641164256,66.92230093739605,78.07567678773431,80.28873428816681,81.14097990275371,49.72793485019409
503659,95.61273037012947,78.55241239385882,82.25073111936854,77.44702922018395,92.90726647871446,87.83206394007246,85.67423939734945,89.03912113950368,87.22119255169079,60.630016347866274,57.88266984556267,90.31062054760054,73.74292754432985,78.9614997089628,76.5213928078636,86.04863713339086,79.39960200585182,79.79194727708477,55.95605233704906
369609,67.13603015090138,51.111700935874055,57.15649385717246,56.14355715317602,63.891893551165815,56.88292416775113,59.03435229931197,57.78358666426968,56.725291971484225,38.93807530684083,40.86268335775005,66.4353430946837,42.285301199690416,55.32304216419119,45.81442220998268,57.31292053794896,59.04614177916483,54.26737047043264,38.164619400622236
759257,85.10156778233204,61.912759931682714,72.27804829050154,69.90924503306367,76.71553629298229,85.10368654869362,91.30564958054337,81.83499534832742,85.21316332826663,50.251243441205204,51.38951148187404,85.00553738715278,57.007971225733655,69.85890686410175,62.114338996029105,72.5323131459756,81.25541851602117,72.62183442103367,49.458194302013155
317108,70.57111664483234,61.51006624249352,60.90846447440359,56.49247380844865,73.46538933408422,57.8947956178676,66.68741968913227,68.89514482456252,63.22035529668089,43.480983021382336,44.1077502589351,61.49295993450973,44.10634665270365,58.47181553389839,52.797462342604206,71.52623168642535,58.20547638530506,65.96457375652722,41.54093284055011
467745,76.32486692834752,71.26090492635089,74.6906257126702,78.95281247122844,83.83060400693952,84.46393106963772,81.34503597960821,80.33497677795023,77.97319885483361,52.52417625520787,54.23467913185196,85.85535186232501,61.9024289980084,71.69687018268658,67.65036465646895,77.07889150826993,85.84525726355012,80.33877733839445,51.44152082353514
78832,106.22571919721277,79.21635297512447,83.14216199745832,82.04931272007482,90.9921823976319,108.08452331580833,84.59903676586774,121.03434352995899,84.93815515095733,58.419296123795604,58.74513215063672,85.05531302781368,60.4967603100757,100.06268016378893,71.93213501581616,84.75550683865882,81.39323898480662,90.42190613948614,57.51834998521318
536215,80.78056722259092,48.80953392729863,59.743212975098345,64.32775459039689,65.62355829534462,67.80116138287697,64.85008593618912,63.23161723980492,64.65507217660034,42.19005000200252,43.06878434164709,65.62321985226222,42.9541811876435,55.218672220914016,49.79104709943309,62.18895002997161,60.162066942353206,58.404412722770985,41.96982481398433
604158,74.9854006378551,67.7132104213233,73.88674635173146,67.77392095343912,107.62883142296093,79.84511433717961,71.63436444765831,90.47578749676012,72.70513738100415,52.037517311844795,54.32121004131328,82.35519030155189,63.66987038192507,71.88334080646521,84.52797102418029,78.06166688054209,77.83058129634495,80.44120452633243,52.809871379723944
977811,77.3177895164259,66.2173609096391,96.03005192241747,67.0824014155007,80.90421066462054,80.98449620336523,78.89778116160451,71.02631647365503,90.82346906646106,48.61914127889028,49.789131841799396,74.24075483708181,53.033867389076114,70.54283425018404,58.43706823996782,66.0366874851171,78.86404659302977,72.08912561693046,48.21374979269779
799354,72.74629994275057,51.46105061979141,58.24888270900787,56.070179796364854,58.950211199793316,61.186907074724616,64.17901769281619,61.72415115430891,61.897339561541685,40.860437908169956,42.38157509959948,61.72376862365799,42.721684457979975,54.82901181181124,48.64124714694036,63.97945335755626,58.81191418638049,54.516340837228654,41.18727758387584
907816,91.43344083178133,92.41169401186532,82.98177538065292,81.30006578994683,86.9251808144046,98.14854848385502,90.73643890308387,102.63094486927943,83.61454770408844,57.46279921027731,59.11081130005399,87.1616134391125,64.81418036522366,81.52914677382293,77.82391255560688,84.2683815327746,86.3972917248063,82.54909123246964,56.04493950753829
676283,89.24281542845796,56.98007213412748,80.68610589944052,64.82297549156297,75.38597441002008,69.45456268623357,65.81879970719737,76.6235057012282,68.04205687731879,45.49845611811573,47.38890251548439,68.80590651193899,48.64748817663387,71.70719936855338,59.93172060812722,68.22240560528665,72.9310045622368,65.01654052335006,45.58513923913059
478648,92.98160815254522,68.5517280122568,70.9921454488096,71.6154756450479,84.08948838483943,67.97910506758808,67.39221687195516,73.15315447925596,70.13845825397901,49.68382875019776,48.801078355739904,70.25784946777733,53.827249620164395,72.55306202179202,66.90972297983204,72.54984979690701,68.80887661914024,73.5977164601054,49.284380824323215
946217,72.03638120135827,53.18559009718916,60.830779722379454,60.14689697234934,68.0368248804709,60.99198389033795,64.99850026838118,66.89454730072343,69.64296044947548,42.165735812895704,43.37427054553118,65.19133144506625,43.04077923148111,57.84818994723196,51.02476665870875,68.35614851824316,57.242697415966305,53.0477686477775,41.10673275630123
610814,78.89611519862426,59.42479394818511,69.08354569886993,66.89582401418943,78.40818495461247,66.30461554181807,76.83125649554506,68.30817867185094,66.36660416423184,47.338296122887684,49.41335067482861,80.3496018976751,50.65411860244555,64.1752143642122,60.05800730768843,68.55332016847984,68.37844998786494,70.7858711213066,48.14751122100368
506000,66.7184372188672,51.73174842466716,59.09203130694257,50.04904435425512,64.69629310544708,60.36256735813849,62.61183444981586,61.095953518304505,63.75250753036443,40.71161905343888,41.67243146693377,72.86344585864086,40.81771742473673,54.04763074547574,46.74687930063154,56.96881545925358,57.99500385240735,56.650481406440164,39.776250385183275
183755,56.23790581129121,63.916871319018526,71.25051671309632,68.33341201501597,65.2315937632721,76.0001731596036,68.69456675720707,74.84710067800427,64.76093446722916,45.06810821631273,46.154725474612945,72.02440360999745,49.29509166797173,63.94536975478106,60.206030138215,67.24642005568793,66.00954531899741,60.68000736391788,44.390172016800875
635532,70.72764929813623,46.74648844977492,63.390914366214076,61.52349149812308,57.819138567058516,65.96191375208089,56.09581441941653,65.061002256671,58.87267050347471,39.76868614396693,40.37762111834898,64.52449516298272,39.99894682047873,56.854651573376614,51.04792549697043,56.32775627639464,58.59751865784207,56.2959901245016,39.75864703551389
995569,62.83286817752914,58.613181187443914,59.987065851403834,56.772942164674845,52.50706847040609,54.615541457998546,68.4568422026031,62.78402967846206,63.74398741308394,41.93972682740534,42.68903165857551,65.722391177609,44.34477665423308,57.53598026896947,51.51967681663088,59.282879853670295,57.08010201736336,64.5398416942608,40.873103027522845
147156,69.9259078440279,52.78446087932484,73.87119574574217,68.68663770806324,63.25114375103484,71.03891660106899,67.38781703091968,67.33983152637302,57.391915637334435,42.94418752538129,44.01459476586517,76.93139484310109,45.3316303599007,60.577759227234786,54.99389729947569,56.8945886032452,56.72908408841576,63.195908110769366,42.87882701269142
71723,76.50191750405426,71.70999976999164,88.51589052902523,70.00303703773007,79.73460476502332,73.4903762182593,87.83255595477715,71.57991033814183,79.03050880197748,50.05959319805457,51.203736810149486,75.04956035263669,57.413953129712816,70.25907420660508,75.85002457630671,69.67723611679384,73.48128999133769,71.83410499300496,49.88807950801311
880771,96.20595989439116,85.62562806054675,86.70707900399816,89.50476269841222,89.74003359911607,92.00637502933493,99.0651207158852,82.40726124848482,84.85359947719746,57.51117109187369,58.645040441766874,92.86410702020895,78.28140423238165,77.56573334984648,75.8356828977922,84.25177559317933,82.73784598368402,94.83318230647018,56.47961864529509
838713,78.34611018169457,84.37746529268844,84.72920189485978,82.31873039249419,83.72025192162648,85.44460330168012,88.24282056920305,84.13928056764718,89.17457040430858,55.21251695300671,57.938695519616616,80.55669993945087,69.54728293290684,89.07509240918588,72.32673000169017,81.25857261349887,80.04564225361176,86.12771311542842,53.91059913082214
996960,91.59348401137328,63.18887909560886,84.58770851281656,66.7370036165008,76.15213294759977,70.9593714301179,77.5667615038691,72.88681409140341,66.9596626828836,49.92555218702032,50.220115839165885,93.38445233600953,52.20177380000929,63.1591629638917,57.249009050712026,68.7532789539801,71.39230967836517,67.09365224155334,48.561716767968605
644289,74.58277137225213,51.77097615300484,68.15656157207928,59.60093996131272,65.92762531937592,65.68336062501778,66.00809694576098,77.46091185581184,76.35633042992342,44.95722459385135,45.85997463665011,69.1719497742246,45.35426645473096,64.72799593235223,52.10737295278432,68.14163997176354,68.31379734889339,67.70388911378846,44.92244345705423
679713,81.70764868112857,61.84420563722806,69.1745159693935,59.587121107016685,54.09056890632171,65.27411034005036,70.70189272221472,60.97067962704425,55.944863867041164,41.7393151450203,41.46018174702223,64.08101213618129,42.953222230554935,55.986393009058496,50.221559860821614,57.68664713194238,62.52337104847312,58.68172813864265,40.69086446119313
848341,104.76203968549123,126.40904636828301,88.28081395423116,125.36233236199948,87.03387847712767,87.5552078054381,89.40100742968673,99.22659779537176,101.78613812949214,61.2093459849103,60.59663440637601,89.15878789758315,67.35888940242893,81.2973535191824,89.60747033194876,86.72375763525113,86.7540510066255,89.35395158274244,59.68215960678544
293306,64.03092393083529,50.6425094576388,58.309719259338415,73.1297581910347,56.843533934177195,63.3292862181197,59.81056992170667,60.023537317268165,59.61376263088057,39.63513931679185,39.407424465976604,60.63971018365533,40.74621941800017,57.656951915271634,49.40123580552931,57.80547667887255,62.53755294100607,54.47144343020818,40.693110673211194
115511,93.84265470020858,73.10222696266294,79.3180095873872,93.14155858413488,87.04784290684847,97.48036708471903,78.26808338552543,85.4291435485447,88.85898306846182,56.13737136689098,56.693676825677386,87.86030159914549,58.62567657771877,76.41869756434892,70.38361795239898,77.57661793150227,78.54401243298895,68.00174659178765,55.87349554064916
49888,83.23909247412729,74.26422755362333,67.80036074889344,67.55288136896405,68.27051593036374,67.42029409418096,70.00024370748358,78.8300039880879,76.68713318357199,49.63703176814832,49.05364940849831,74.77623064483379,51.75711775211653,77.48778441641224,56.482105905036605,66.91633983268676,78.7616018568827,65.4030480065863,48.244406555342806
255727,92.64015674665237,85.5381499897823,116.92307276649984,92.82856558578568,91.64661055435144,93.58764792108616,94.44687848953708,93.68467938401355,87.09904851791048,63.788710429390996,61.35425060525858,98.5030491235284,79.70675196878179,86.16025278394605,78.91434358365062,93.20948610916616,90.9238386618267,92.4290205798939,59.03823567855115
235942,66.04973307710915,59.39171685544531,65.88953483211571,62.62855968692312,66.20611647271124,65.8606640966154,60.90148559449543,73.56360650529572,68.80165477366562,45.95741714549105,45.611350742157406,68.79213933995973,44.86704924985307,60.764945074149445,52.9695969453903,70.82141130611501,70.9137801132918,61.71662877731811,43.050134807374036
339780,76.26609514927905,54.406986656590334,78.23794419603155,63.55440925941298,62.418078564761856,66.05951847701294,71.71298325181799,67.02709980000724,67.29343267785741,43.67324903456658,42.19938240274111,69.6713434283866,45.78111770954938,70.09679383598325,54.55815416518742,55.84182754770255,65.65241056374182,59.718120064729234,42.666055066523874
370812,78.41995757421385,54.514238639352676,62.78694309616087,63.85526374762441,69.22478982377702,72.56064688230636,63.76169109033706,63.65844120607943,66.95687285450879,43.31179085859253,43.29258128855445,64.19832721978662,45.27847484656971,76.76208482190714,52.88617016035682,62.34265315887977,57.493404102159474,61.04209642516604,42.89889946054299
851961,100.18292780556999,80.98866695268646,103.6847597779232,87.52132974375576,95.85308669765296,93.05845153092196,89.49215049880354,97.36322522617084,91.17373182329126,59.985161976768,61.223452353831036,91.07661221340095,65.28614379919878,85.21930823753277,81.15283110372515,84.37182361694353,89.21670591424785,93.25908680385083,58.736139404521055
595109,96.4903619282288,81.54458174279394,98.38965841514798,82.33075632458988,93.19834766183418,88.98307226485927,105.73185462299611,93.1808427471068,81.1473696337765,58.395190895785376,59.1008024392675,83.60470324149665,65.6658238910975,80.47367827852891,75.08028133264966,88.98182743201386,87.07582833490426,85.22281914901212,58.17780836754229
168976,100.55620304896786,89.04480116768335,99.2088698836613,89.39601530404578,89.15126736556263,121.74732472864775,97.03606049357072,92.16941616408315,91.86574137255073,61.82099423872229,60.933988149850784,95.86183061289313,69.96330905372557,85.30414311459211,75.12658750829793,83.6570427607307,86.46087004565155,83.96589248103999,58.98254102992652
853558,76.44515938195804,60.46321439601823,57.22983563514167,55.56188571654792,64.83461637925588,60.119029411849,66.25346662339439,71.70997007250207,52.637715339015465,41.31720052644149,42.13528143939645,63.09553230266417,42.66758180348434,58.387801868826394,50.05212156019825,57.81514085818262,62.166300457879714,59.44085137139456,42.04624840253034
324692,82.728125317154,72.28842747690125,86.89188396503954,74.30668513970406,78.57301683592772,77.0081582717985,88.71474844055102,71.9019270153412,75.19558437050489,52.232871661993485,53.76182797049632,88.04508848931995,55.68409264379659,76.41839782979821,71.8843152385045,74.8526912457377,72.47799396872473,74.76296707945895,50.37328540744154
815040,100.33156520354686,103.47238368696986,79.87373502973841,85.25473050803792,90.24825669578794,84.10926368353729,96.77507254119769,86.7255010969495,82.01337069764732,55.92015476278741,56.158458898430965,82.60599420729918,57.12096714774832,76.26693195632029,69.55884301010141,84.05659498969422,82.78815976543709,77.40298717382387,54.63728368163747
572269,74.823728222204,58.40409693097682,79.40651673915701,57.09302220370166,67.64687826488661,70.39779793602307,65.79154543636378,66.18874907216149,65.2713694633251,43.226741926802994,44.99332238848499,63.476193905319086,44.41788706968552,58.75121417563295,50.19668452745771,66.67051834385462,72.58719759991169,59.149864347243515,43.876689526076966
441067,76.17068878129822,75.70349259269057,66.07471768287363,70.68238975086332,78.2426939638282,84.242697648454,68.82482403871578,87.78798344517551,72.31850739257254,48.05062335703762,50.15507077733822,75.02864347157688,53.409950748633534,74.0800980228424,83.11367514372903,79.44755023775932,69.32683581482232,73.10922134589254,48.851013087212294
35313,76.31432183748566,55.408680750183606,63.017363458957014,58.67044864138215,64.52098211609298,65.2026480828175,73.3283584536552,64.69802265094945,67.33136822989421,41.41539862428621,43.5537351510033,66.07432718503338,42.844054665225,65.2536628341953,48.34503832823006,66.78319792183852,65.36626879463986,66.93154698144446,42.08640954297505
953608,69.84512688540329,50.47808246034616,67.36127935452957,59.79985150466232,64.64352825490208,64.36356177652604,67.65131460297329,55.60881934836184,70.21916213911183,41.422847290081236,42.869708066882765,67.99260719107914,44.87582136297395,65.57346707278319,53.84116589371486,58.02294475594813,59.037713653790576,54.10764898385354,40.36914650771209
337285,83.39182593119598,75.27728514078865,73.1160308617294,70.67122769799572,88.13417148787495,83.80178925440826,75.55543477026421,84.56710226825004,77.70263179113968,54.319710579898405,54.697186695761175,83.31986698743872,57.85161302107734,71.19767816410874,64.67622287247866,81.29560386268793,71.92902401624951,78.98569544199373,53.101251977132364
307229,75.89699562146491,56.6442387309428,69.58454922020114,59.78819387477796,80.84132274822292,72.30639558982993,76.19311425467518,74.45535160715826,67.52628536265351,45.813474256644966,46.383913702255484,73.99672100235509,48.15736809788118,64.91090354296372,64.27225185154838,68.54406109467739,76.16428524984529,66.09557080315493,46.413117732170136
673083,63.78241714852328,46.2457431276438,59.22434459287392,56.94715736778174,67.87202371020453,54.680153786366574,66.84035854541038,68.71301057609516,57.86381478535445,39.14047056222545,40.893840632777774,62.739071403149,40.849609908096646,61.05238483936116,56.699822420349925,54.89610401034332,58.19349159870471,54.82526125432491,39.516736058467345
31787,76.94710555328942,85.03432035612593,77.81784696213185,88.07631991528376,84.91107371441859,86.34355016749572,82.2520591799221,85.76559400941123,83.42862896933035,53.36045771209121,54.509026599907756,98.00407555520123,58.88890611614323,73.86907826985808,69.53956575063177,77.89723591383351,82.01664237959079,83.21156703059258,51.69372179582881
292645,104.53563881419487,102.99678978966999,85.46517143365053,76.51889729949802,92.68060507028713,100.31474520961795,95.59003528519932,96.19559494557657,86.01728173323956,59.102329334057856,60.097149916656946,80.11737815345457,62.893473093255174,78.35601330605127,71.85088264114799,92.6940854891709,88.84570933950224,87.64822286679791,58.52724373640028
198166,94.53729308845126,73.81858692095122,74.59821641378988,82.68575116407555,86.69363824074692,72.9142898686919,87.55167533852017,72.70391013404867,79.08138113806476,55.5202092026866,55.63259283806768,75.87884618636429,73.39968056150495,71.3144493358998,65.91745863481763,84.99119719078047,82.28500640890245,78.06019628850024,56.0130991580384
916244,101.40833808151554,78.04128572522441,89.6374510805377,103.26734958954049,86.37424939472217,82.73310818070811,80.340524413266,78.10945818086428,80.06817450221794,57.884342154848085,56.49534330285875,83.25392666705625,61.17688091387686,80.33781047058373,73.8110351067599,83.30112944849446,84.55896382529653,82.70947218753703,56.98345862108881
168003,61.630483754553595,40.685408898010806,52.41757438238662,63.51388186070219,54.17773988561098,60.30615812206759,62.38728826069712,65.59144356103093,59.4622485868949,37.87063771835746,38.320932987899205,58.6671949238379,38.50186860780299,53.805881401296226,43.43015634433023,54.09696457886349,55.54305972983583,53.47141501803058,38.39722339483302
207300,65.08049801953584,64.22633249086768,72.23366355364372,55.611440446513754,59.71871916658472,58.89146130574102,59.12981599528872,58.07159966989309,59.65937037392365,41.5398053675967,42.920026700540376,63.85265786500738,47.1741229885035,60.336846210840264,48.600613904993075,59.96382840035503,55.73478096740253,57.059666793109585,42.172058656779654
759559,86.2764680026068,76.83189882496244,85.65523871251042,77.3977831093801,91.24717199973131,90.47062178609633,89.04972807039049,87.43064827679939,86.711251582635,55.450385076502,56.40825459742159,92.60155580648642,62.41570846014024,77.55364548214897,86.77206793255056,80.54277320877029,76.92145627424698,91.18637472764948,55.25373801134526
22688,63.858469831943026,44.71556502481496,55.96013352634269,56.032209569097304,57.616348762596154,57.33693547634888,53.97001974698453,47.306118633787904,56.05739875311787,36.76838647177365,36.85979309304411,53.61532843836499,37.22127454915227,50.35421826443792,46.79368865575411,54.7793317010506,56.595687139397924,55.36771069396809,37.587947227438576
577699,84.41412627244404,72.31933861790566,71.95877147895816,68.36110744711883,74.16927516100867,82.02482860337608,71.87811312032301,71.75347180756945,68.13744010148525,48.24485886028487,50.01178447665635,65.03122083486016,52.894375573181776,66.39201227127701,59.70520460949952,71.8676928404463,60.030828736184944,61.13357467090507,46.27173083503195
536614,91.52033439485169,74.84365581402434,80.92012803988709,78.1763235131009,79.23542068825415,88.48872818025083,91.87466838420764,75.40443693035883,81.2266568413401,51.90855750532759,54.79044731018365,84.92229775132098,58.35493225525665,100.1559050847027,70.20893171976337,73.49250186981484,74.64170124210298,69.4984929081868,53.97505635655361
243845,92.03385438316297,79.98496696255364,79.66849922749373,74.2055715978768,92.66320800681757,100.99120032897348,79.87465197599187,83.78386867461762,76.36927974586115,55.802419341946774,55.20662613182283,88.89589447265442,60.905107220135875,74.79543513173998,68.61879687180621,85.739963647564,84.16558022488032,84.97206314300351,54.812545770345075
58544,91.75484282832404,99.52092242754243,78.0706817351977,77.26346898194495,87.57938623057922,81.74797669429789,80.74891350842452,106.6126763222047,78.29484457017836,54.655893691257525,56.4975048917985,91.65655793090426,60.99662683522635,74.68937350484737,68.14540734621659,81.43553269912127,85.0554544558499,83.67427721203978,57.72396485155873
771032,98.48056791483464,110.23471810926046,87.75966530669368,83.98865299412844,88.75533945988195,87.24702624035504,87.6104078816947,80.06743572939783,84.64593964931677,57.1295355709748,58.77307693773119,88.15074043095429,62.95512058701765,80.44659131402298,73.91681283038332,90.68330529767351,83.17561147970773,81.80116991619256,58.180028283452415
438633,80.317019185104,59.189514647758415,56.259361222442294,61.33412119570894,62.04550508747057,72.10660555004605,64.21802329347419,55.94321753721574,59.65059159213022,42.759251778695536,42.88687383838761,59.832785786094966,42.31137585175829,58.65698088275909,51.15177991273704,57.458236480417995,59.154755390678076,63.50871409531246,42.15849524584513
36164,92.80752330468552,94.9362267106788,83.87710707020395,84.60020485299754,80.56933646780584,87.36560376081219,80.05614988534126,82.3782568842619,82.82086844721175,59.7542425432334,57.98826630944771,85.16602671293178,64.31202430738756,78.9387662341181,81.94503890550328,78.95241338549341,91.05659373155675,79.17675357638632,53.415701245932
39266,87.92282834771757,90.97796355442907,86.88128908574674,85.83034818571667,83.31490596271868,93.4810092594275,109.36248579438687,83.1486526567171,82.52544618534702,62.42235469315852,59.004837646803296,92.06872666207575,67.00252204880921,83.36716769180163,81.11919571784031,93.47577045537756,82.43844147105571,78.21425862206402,56.03532929827281
777183,61.689975923165576,52.558021800425564,64.13498822527647,58.92886043669134,57.13773316675499,62.93400776722365,56.969970834774884,52.07444491896142,64.86279708798176,37.92829066297624,39.87270200253951,62.98352739859627,39.76835469370942,59.170550297211506,47.438503606114836,55.92447657997277,50.59094440960959,51.07378051180915,39.73279179591286
96141,81.1768235948486,65.30803814053485,86.34438977358968,91.5160137623228,70.51766223296009,67.91915094123418,72.449458077786,77.07067381225835,62.738999670601544,48.5820659044991,46.685208249207264,76.9375674848083,49.81106061240207,72.2357275482901,59.11059494874344,69.48121428089135,65.23710608389429,67.48549949543984,47.36301865452006
56811,95.24918727530601,92.44979116352751,87.92274919476286,86.30104347880008,83.61118657805842,96.90254801604117,89.94131159334592,80.32701200074757,86.44905338945262,57.87075670241737,59.512941888165116,94.07782660829278,69.06705413639736,104.99386192055606,79.51980866119266,84.88412300828776,85.28988223210091,90.97209565734906,59.09813585433119
937248,79.7950813107735,54.446057820992834,82.50254978392093,64.50413532875622,69.97544461927939,64.55874374513179,62.5888146801492,68.8405571107467,74.1116367617281,44.539940893204914,44.69649579366387,73.80646204779049,45.670272041758224,67.70813377532764,58.06376508957442,69.51906421142141,66.46835277501778,68.10059020552129,45.05222460561034
257374,67.15109880936102,58.753257957593775,65.63795997841801,56.66779998299656,64.08087300127522,64.25669398413217,65.81185486161051,60.816891446319076,63.484268343222325,42.898057343965355,44.5524547789763,66.30539645292772,47.19542398372839,62.78023122343277,51.85741389909458,57.57162963300317,62.22820145627246,57.57794614854453,43.19744398256797
214568,82.45641629287174,71.64251540957926,74.80601468173856,93.19403257657447,82.44413367365192,87.26523729563729,78.05698000855682,74.49528168330042,82.95090997593712,52.52457873172713,52.14962870213256,85.7613839641989,59.72530438915841,72.00069723633382,65.4953518623085,77.23709665410027,78.75300273007628,78.90753890916722,53.01274678756408
367449,86.18020534501868,63.19793839249971,71.60338267811932,68.27323278906795,76.16894194154864,77.56933628831213,86.69818925299114,70.92641180461078,78.17270753993233,49.06721956579038,51.063428099281424,86.38929891357841,53.83686568099948,69.32143740987911,71.5761174278203,73.53342785208406,73.59991533884843,71.41783124125998,49.516405312957886
698840,65.71711238858626,66.02913177705042,76.77737802568276,60.771272679002045,68.59765602379125,64.08929761103408,67.74821922474635,63.01628740667702,58.67519407227613,44.80592288493523,43.910507663456976,76.04468343488054,46.39898929271834,64.92971099691921,53.08730116795601,68.71193004577762,66.75876869388986,68.89400884351011,46.59700885117463
948612,77.98139939916305,69.56707953996735,74.56957913941767,84.3120712062086,83.80595517216904,72.87361337834305,73.17007532358608,72.70255469044679,78.25303116296608,50.027118902732774,47.81683379551855,71.97328315872659,49.47268740060429,70.4009922571007,61.35028943949821,75.9021759688732,81.75021787708447,72.14298307757038,48.07758719543852
975246,72.28932807050538,69.17274797222777,69.7640417885583,70.0297232202804,72.02784615120959,74.05861499097045,75.06032636253738,91.57827407702345,71.10306161281306,48.82362552302515,51.16836552018026,78.90418579901517,54.33406004286904,83.60464126086467,61.73693859950863,69.53737025593566,75.12481770330355,71.56633002896154,48.88318303362297
273639,96.32244601421448,76.09156379776496,67.56933754796096,64.18093814227473,81.10890145851636,71.07400515572898,82.46559565347647,91.64931196551001,80.1110613651085,50.89217879063821,52.36761911644267,71.78208592270121,53.864393032407214,64.64462086072017,58.47148290554612,80.90488543014946,73.71359638210585,79.01404563211221,50.748225689110214
472873,68.23718993377017,54.136533623705425,67.54342377258692,67.83444797866196,58.934920330120804,65.11086725770605,62.24721439034888,61.316405401470405,63.91941031642813,40.900836273695624,42.21274520546163,66.39386251628504,44.94062661003862,57.138344044099355,58.01958366406116,60.55653090007029,56.745521125143554,54.97754864610451,39.539987222571924
915270,84.82581147047546,92.79730890103666,95.8394772941977,112.48122791682812,96.13163649834307,94.14397944573892,89.82905324591383,108.64479167753379,90.60346479984653,56.441672928380534,60.18782061355647,82.24571262921184,63.30285183281673,79.24155808441502,72.4451140771553,87.1278085745021,89.11559548027965,84.81514559306815,58.14032171176217
493737,79.95019792159167,63.987224801480494,66.2602574205939,65.35325198227484,67.09987251606745,65.13881847940866,72.88944070232462,66.28354398766258,67.92296850531261,48.64415942215775,47.648626628737155,68.45526308049003,47.41123665394665,62.945387089004846,63.411959166506286,67.7382524492333,69.81340702554778,73.14039473926873,44.199974133857495
843088,95.89920738858908,75.06347493090773,81.94007687592159,81.13276271087115,78.8631777718055,80.80880157252429,84.00791292426679,80.24048003894441,77.4583880226679,55.60342437981548,57.416347941550754,86.42208937309368,72.78120317317155,93.58877184355376,72.14512514564527,80.81329258323825,80.59091532227505,76.78387881362049,52.8021216700665
870190,64.83208329583576,57.751122567712954,71.02283790927012,55.32120966793381,57.28912286239378,71.54730038752845,52.41970644142632,60.36148175024391,59.766597825149255,40.147711450468876,42.06657325743055,61.64430799466258,41.73902078572932,55.75345060817999,50.64493780295915,55.55591900449271,65.23145900171701,58.27604113386751,40.8634094771609
601178,100.39517918371254,73.74696640026707,97.57411892339795,81.19881409904396,81.15957211375627,78.0492242959038,78.352490843699,79.29318600824054,80.46309394771615,54.7314591166332,56.06296248754461,93.28173245312203,61.51169251167283,77.7590592778011,82.1166623676574,73.98000478105094,81.4853863246386,74.32175670832729,55.121858992939146
328352,99.76594449421545,82.6603252340886,81.04499102629543,83.08630234501868,100.51599520024186,101.99108875265532,85.5057140087229,93.57792165586349,87.13376527379857,59.11421600155635,61.31268196089391,82.15358942508902,65.2553199028277,80.0549206630057,76.0002570459492,83.5888113172542,87.22095607393048,87.4108057576951,59.59150609827302
32972,68.46340194039522,61.055950984152716,52.4554005836088,51.759308350706455,58.35840862466626,60.84509351925333,59.915623895993605,77.60710224198994,58.930357181190246,41.74747018701109,41.39307388954262,71.50343077747011,42.552294001976,53.0464256533709,45.740380574256704,61.068516534765685,58.23605973742628,62.09931325620458,40.964645788690774
429233,91.0213770934026,70.34397145001688,80.62056428910502,72.63441533285972,78.85585520786157,77.62347466315944,80.60597199150435,76.51898650743475,85.79566841502759,50.770142605972765,51.081816547355245,85.10386606226552,63.257207177886535,71.57978035048095,65.88015343763774,82.9368611802915,78.01761830077595,78.62266550383181,50.651343289093525
168956,106.68675520931907,82.36283978984375,93.34538601214913,85.92352546919071,87.73045128065971,85.05166591050676,101.89787268572748,87.03300972802037,94.39948965227342,57.88694027909679,60.03309239459274,104.63947096787322,63.7391778208585,90.70902616102697,77.47074375714298,79.69128405576524,88.9262700881327,80.45354557871273,57.30465844312977
108130,91.33638631189967,73.06948691606013,85.7602811340828,89.37813546079644,78.84717713367189,77.44197020586147,80.44783268532144,79.23789833895029,75.19054053827345,58.05167712072253,54.41412949350359,95.30326392397077,57.7990215531459,78.74669717825483,71.80013944182133,79.68531841439741,78.7999197369775,76.79605542334131,52.57854869191836
140268,69.89692530537909,64.6195935696902,70.51108155451678,84.89534926722395,69.36103081248993,69.98949541605516,69.08967343187916,75.38663404241822,79.99033182890099,48.804053421409634,50.16238926415713,78.9282168366856,57.60749404475135,66.9573477418917,64.91566050040896,75.70723955416375,70.84322675471472,66.71076532548418,47.40930225755996
599697,72.25035087249967,70.84014140944254,68.28208198994913,64.19183343910188,78.45212796588652,78.34862103127162,74.87682431540142,77.75411169048749,86.41104464863592,50.035747871043625,52.36908526984946,76.56674442575478,68.77263244820467,65.24165125317626,60.01569364944609,83.8508126927682,82.92730855882903,75.88624499110531,49.574046634645335
573638,74.85315590089705,49.045556091508715,62.248660694611516,75.93425937377512,68.57682007006966,64.0911427310597,61.958999739479836,57.47685846243324,65.00506012240231,43.61332569562161,42.85794484516917,73.83110312766607,45.54376712032578,61.60409656087042,50.994493842501285,62.77347481325393,60.62027556431189,54.02200115767062,43.341794756632325
49746,78.35119532017565,74.70378197868145,90.31667396049743,71.09088562436742,87.13774416862174,83.76447981183841,74.27729752750591,72.91251571575313,88.22483937907059,53.0831652457374,51.865935857355396,86.38493365982794,54.11678531699714,86.03343659376223,65.02306629980487,74.80234844957889,79.10977179833586,74.05480002476959,51.7034404354512
47746,71.22547899225735,62.33242267338221,59.574102373774735,67.33914363704301,59.74364552243748,62.82040743956307,64.55200107997436,59.56673645980037,57.872870820218914,40.18173068385617,41.76459496679358,60.74946378988734,41.75203823538641,57.276047584945914,52.39281452940098,55.33118894383247,57.94066931474147,61.77205191399842,40.070049804480064
769544,87.98595650401698,69.49941557689743,72.3138061026761,79.1982093760664,93.22474795366062,81.24558637559518,75.27686985182858,68.62754710362708,82.40771102116057,48.67437851241046,52.26234353478887,86.85416582937994,55.17765693907333,70.94945135106727,69.18712645125704,73.59836435817573,83.12462415812527,71.46351432024474,51.189019013941405
682259,75.67868650861232,62.56893904472811,70.99888582625644,66.26895503445448,71.05132115704743,73.45649365247866,70.7693719661346,66.16685806758213,64.02226980004428,47.28465892042453,47.62264927248886,73.92251548162452,49.760773294504446,78.90877048526234,56.63634788443849,68.94006898722495,70.19222220808693,68.1990083668055,46.14052571163056
116604,61.71016627673704,66.43965528798594,53.562886978713564,49.74297942236224,66.92946542332768,62.30815349929358,58.99961773689203,73.58983757111179,71.8455566729121,40.473423681091035,41.66362818952368,62.024696226370345,42.60890115028122,62.3071504759686,45.07323343484864,62.0625296773328,58.78248408582661,54.135432362391846,40.65642065794769
61983,84.76883376875273,57.08619677649098,72.8578083342857,65.20667801355516,67.88252696924874,64.5683219131341,66.96577005117553,71.71643343347242,70.37975498848996,45.31143150678961,46.4655553190501,81.04360032642887,49.654765027640096,66.26472406613661,59.29625603318586,70.90215732871033,70.9888482019984,60.69915493926771,45.26442885799692
385443,81.93095366563725,65.28090568790942,85.44943777759715,82.63937823042946,77.29444334532467,74.33701939063434,78.30574728017153,79.45398614294683,70.97248200995031,53.312579737262354,54.479981482764344,79.53171579098526,58.703025145646265,75.43604735690872,69.25172645343508,74.05693301310112,79.00036116890979,79.88683548150834,51.51707752625866
337757,82.12072492399281,58.068035079864366,69.94418006794864,63.42790697465861,65.90351580463206,58.24787849430345,66.7545779106039,68.06630118330784,60.667796417587844,43.24118413535564,44.03989159864837,74.29259746998204,44.27321927127151,78.53871763334365,54.276918296887274,62.85678911561034,70.09247825038156,63.3637131182695,43.01253042969073
614910,100.05587630752571,82.45109897543898,89.94569348333351,81.15566397313438,79.05418047761006,78.30574092487302,104.30616758063009,92.19861788063591,81.32674140261662,57.499148196621334,57.7277448129911,88.70703171450067,62.57516953277482,80.41695371149785,74.39097466873322,84.36762466834712,78.62293577697339,79.85047064882158,56.43037782554213
489374,95.63153789618144,84.06821065504553,91.36900489591179,77.98948748594688,88.87725776567314,81.54469017333135,80.88744304586663,77.54234389565235,84.04521164424133,55.219896636381,55.410202421536155,82.00544934617739,55.585074658364036,77.2816401209273,71.82607044280198,74.83060168453262,75.64582102656743,76.20777196299879,51.50502688416492
346325,104.77012861324411,69.14076270181877,74.32539941272547,74.03099835206604,81.32483022527778,84.34408104949208,92.27724405148743,87.23633061849353,83.03713044312636,54.810276526271736,56.10989856078275,78.50705035597917,58.7506278430081,81.45499496707527,65.68034880643668,83.6291691104376,85.45906316762576,76.38073719996636,56.201372686520784
836487,71.56092416260465,46.181825747892816,57.57315821625946,58.00678997966901,67.75658816798074,62.195265148942,68.05152414621162,62.84690524603307,62.019862867522946,40.67313713608773,41.111584500647425,62.126575744720554,39.71747022071471,52.071545484658586,51.93993557572057,53.46588270157362,56.60065155811372,58.23594009633017,40.27854082557709
9194,78.13693951576928,80.15491669907205,76.6807999388639,92.2800633378538,85.04621488599781,90.66042495185451,99.205161024348,93.30000139342805,77.32184396207973,54.23152667439304,54.11601405683848,77.48992370704651,58.184194344063044,72.44752032793505,72.90733274097214,81.74416490104133,79.55500340767728,83.05258355533081,54.1465935211931
396308,77.03686043020394,52.92594782561097,72.95569047061167,67.7776261437256,69.43401997218413,60.21722163765631,62.51844010820364,64.90029478966004,58.943769723457436,42.803742581472505,43.631946302640884,67.70453592423706,43.62210457830672,64.42392579507154,50.85534125254649,59.39431283885114,54.470077514314575,55.074019625975275,41.68459115382507
581613,87.85107109707876,83.0890899024058,85.59999601651934,88.49373620008262,102.56974003361907,105.9536373853081,86.69439265064621,102.57053186530132,95.10891876044661,61.985733573731174,63.681092124522344,82.88493727687221,66.55697082228872,79.78656243219287,75.74976544634544,95.72062819891039,100.73586069161377,106.360261010362,62.11053787369144
305916,67.15783315203161,48.58307188327814,62.80535666832296,58.83709736324724,61.993441529287104,61.39740272058206,56.742829104806276,60.303237961154764,70.75602569044042,41.137321733846235,41.75921379305718,70.7983493867253,42.84011157566187,73.36536305463957,49.55417264333965,56.32932809537667,62.13857010274087,61.247062482429484,40.72244347110804
86268,93.96338379275281,83.45578710671312,100.61270624077241,79.32369446978099,90.61029648933376,75.15321127669915,82.54258112462453,78.72934997114285,78.14816452440606,53.2835520912801,55.39110619983575,86.95328229387135,59.605362977455606,76.26745537879879,70.63348507913938,79.4200797836704,75.78267666307349,75.70607664942847,52.947215155524646
305545,79.73288964443012,58.075734445319995,77.99674723423675,59.09471309382146,70.96868648567954,66.94934287820857,68.9561052469613,69.92605656390101,68.20087534228455,45.78844490916031,47.61209991713952,68.13059186242064,47.17874830990627,65.23113974127077,55.345959648493064,64.08888029149946,57.55183900413785,59.49395064145949,46.04107361574937
870625,67.63096943736022,58.79279902628019,58.73349501216681,65.79261613233047,78.0747209768835,59.92015469223064,65.30214871064031,59.24253400353375,59.823133684047555,43.15196150241684,43.34851834874435,65.80826359258309,43.56130265553048,61.1463864339424,51.370943103601334,61.91993013072124,65.79976742914243,60.117692701170384,41.99435699688013
672521,77.23696144452808,52.73232840788984,77.66431375807002,62.239749493403004,63.94428393052871,68.64794224086089,63.61664069764647,72.95785893026873,63.806444606884924,43.95146717482327,46.00912688172993,67.68059627787781,46.72838959300311,64.60484381273295,63.99326073725843,66.27430273151442,66.77091848867195,59.300086345623015,43.660326742973936
469412,69.2367138409594,50.503834364647005,74.5929035391859,66.2628754520325,69.99812373996275,65.24629490790988,58.71006629637694,67.35777829666648,60.498603716049566,40.1622446962548,40.60475279553329,67.22781598626628,40.21045535691813,56.164033854411386,49.52911238475047,53.98648437851897,47.718864037706616,44.3159763276191,39.98368692060458
468509,82.45791771614928,114.20901198845615,76.20435820331123,77.13687122202346,96.08214938380331,76.14358881156636,85.21712569528775,86.08251353596822,93.41039515342361,54.477824982514925,55.56430739952485,80.29863929544882,58.81179909563626,84.197094857622,73.24367889748697,79.42712402468878,80.55024808418608,88.32876625659276,55.05124563960204
897759,76.85832333888285,73.28907368819118,77.42280374974766,87.33620384167678,85.89433675330467,75.07952112405209,72.52399666209249,82.644871221126,106.33813758802918,57.82096125142253,58.16961773303533,83.78864368446085,70.04146405086367,75.11404378561353,74.22336486786776,78.10468239505403,74.94163554583052,83.7608888982386,56.29602673842187
686056,91.11604320380164,66.1723458453595,73.33862436799127,90.4351479772694,80.8442129883743,85.20525194014736,80.92293549742149,75.47786370856119,78.701307699639,53.802127700219344,52.44203059119798,95.78793248964078,55.29850765077732,72.30872082751533,67.96789907189918,76.03135958721703,75.71335426766325,76.08578448906087,51.049415446909876
813178,123.69653655261598,89.59284724469806,84.22246168617627,78.19884354410675,89.31565553395885,85.66424297320499,94.7606421852885,110.9409711698406,97.66071787906588,62.330935761761765,61.94698098490854,83.60017314483119,74.84364488733382,78.35368951464564,72.68716495370451,90.54213570383988,83.5382833328292,84.27236070722606,60.32737776228498
924411,84.34712104150317,78.8673780958658,104.79296775526694,77.65320965341971,86.9948483959169,81.27095385056381,79.0806684870538,77.07864208679365,76.63932305263221,53.93049825163436,54.977067624522974,81.59043015929757,63.37632152252921,78.5933451604308,75.85478455853983,76.48108768575366,77.97651522808464,79.58515916127601,52.364989035995876
639850,84.61841933131777,65.85311161244846,74.5450650625408,72.30027362807235,72.2759570128448,70.98995866534021,63.85903710725372,74.29368484436465,86.00743244652023,52.443675138120526,50.058283613621555,79.68645200949823,54.67595808557265,77.13761446193672,67.0028358136634,68.57098350356681,67.62715799185099,76.30204691846654,47.81713376832356
111483,85.8066825669437,80.88296731402458,76.30878585964066,73.77314981779476,77.48563769313714,84.82730298761999,84.66401449528466,75.98430673846535,74.03512201282561,53.729114718251715,54.18869566141414,81.8248363724973,88.46883894427768,74.20537055114562,70.14416416080515,69.70567787797017,69.497549519796,71.23700502956348,53.14480633707237
406114,74.12118174934184,79.8566926842422,68.19879321325291,65.38721971387935,85.6413908001476,95.93340394143317,99.85519072455705,102.2284958787715,80.38365242355218,53.346229723571305,53.050816659850014,83.84330452778795,53.985554880725076,64.47891663419477,59.64643652488456,78.51187195275688,81.54811510033824,75.2613682485375,51.26579395810889
394395,108.21664571019605,120.67050257870972,95.25734536721893,105.9192193268261,93.74563816637713,109.21186176160806,106.08317318855501,87.51540449683557,92.96062527776203,62.71146550247454,65.97945214452156,101.57285098797362,75.63992575441787,89.23380188971188,82.87648307041405,94.3166387460094,90.62000693608987,94.35466441132021,62.12128626740029
862412,89.84149988880174,71.38922156722155,77.51669536425796,98.20355757245648,81.03965410927415,81.07530192725451,83.1230007762332,83.57600220105687,77.69200343468779,56.25301624464556,54.97771763496654,92.17815770530846,60.2368822618409,76.34806131314679,68.32032175680575,88.35231251085519,90.79536333771692,76.78152349566847,53.5927867602377
878757,92.65441566298446,71.58639479806729,78.22753815167351,81.01992305502714,80.79852078767335,74.2670334179746,72.79568279616822,73.94765753607243,79.63480855566098,55.15702926831368,52.32797755061058,75.29989025354774,54.986419486040205,85.46302107943043,67.80739672858125,67.85081376391209,73.88613061473006,69.19487134124533,51.21314043074774
854483,80.29467295840212,61.00842574269876,76.09573783128445,56.49193065033262,71.27511768769199,61.52289622120115,61.95805420504611,65.65052124914665,57.603468858026446,44.42894317041866,42.46841243818017,69.75903887523123,43.14044183113762,60.741184161849425,54.646351962322974,60.216030218429566,56.01646599797236,59.69588063363521,44.13511630192171
41655,97.09601807790486,80.37156318390386,100.13888889244535,80.65203440664564,94.0411699656782,78.64437615900815,90.03145332652034,88.62998856777389,89.99581653600686,53.70547284143596,55.58876913964499,91.4799259117965,57.04420571064681,79.09300534698558,76.13986776713043,94.55359041394482,78.71354431757949,81.73595644639951,54.05592534676222
178366,105.67203325000592,78.82584053361754,90.59493961001428,95.2250657806993,83.76785479375519,79.49434989415438,79.646417332271,88.20784075642001,87.17186483837442,58.88939110331472,56.078322756754034,93.18481752007905,70.814925370352,80.13297424776408,73.21960129651514,78.05931023931777,82.06496724854232,74.32126647099288,54.50773478878571
976046,77.44473881906623,70.71665172615869,80.67310005164234,79.46215678814801,79.06562117958913,75.8792251602282,71.85323374479636,78.011762840224,68.19815926292488,46.40727380472748,46.57923235126305,75.03791603228174,51.572334330369806,65.43963645019163,59.619306074774876,69.54830943885028,68.813833334198,66.83424077040154,46.53441970649523
833262,76.04947493497085,52.684448329510005,63.0628855681491,64.60151287245274,58.71407053178421,66.6266173471865,66.68962241880023,61.82494861241506,71.16839486679534,43.97085494068281,42.65531876026813,64.94787869828147,47.52458889432316,68.84807124708459,54.94531845909226,70.38196126081351,55.1016485923881,62.33897192440917,43.86770723446841
51376,84.53255457719825,73.7123663667296,79.98919216405092,75.6224816312439,87.45780757888033,86.3155535847228,84.5360532813259,91.56784158529737,93.80011077831881,54.320114034877435,53.91349623860022,84.01702111447759,56.44982665876513,79.02722228861342,84.15103515148562,76.92968564142915,73.83746355913772,71.88747179244803,53.302760258166174
109511,77.63014858196992,73.45133799318405,72.47690570499586,69.75216488102086,78.16751814751426,84.64885675735998,78.50171918199348,75.1331941429824,74.44595016357478,50.84656092062829,52.28549996780265,83.38010016599327,54.372594828309644,68.43723415147663,69.84173693943829,77.53693834582751,68.40701465960825,74.30328489438794,50.77842011596412
503680,104.61123883036421,76.99857976087677,87.5371549991545,90.31543071959618,89.15854726743268,92.10557497660375,84.93281700673776,92.994229635921,90.0154084079885,55.737483632553534,60.347708238225664,95.39032070101383,73.04989212540464,81.98936828691559,76.49381342269969,84.66568279170602,87.81757378349889,82.92541804717328,55.59069841828495
645621,72.59073283314434,61.62896194852692,67.05011728253751,78.11506071638895,57.19525472380869,67.00244363862966,64.19511509542681,71.40055363093767,66.63492722212786,44.295494807825705,44.03961085512385,64.18764472656909,45.55194034060169,61.526242915113286,53.558889137579826,65.40829513001961,59.886974938116474,60.992067871739835,43.447739655669814
312044,91.29834978702053,72.87177730423888,78.99838244719092,79.65310049127098,89.40736840199908,85.54972881857731,86.23373328671417,85.85449989021924,87.08498102411274,55.045353932774155,55.17920952161187,84.69182831204321,61.14190480298553,76.53380754105338,84.9996351604228,84.12104028741838,76.22478283541886,73.08572832435246,53.26448973869924
20537,76.86101974541816,66.69888352751883,68.12433489221965,70.21298310000077,71.95117435891788,67.05138130806947,86.81057573528979,72.89329230332835,75.98169181685753,48.486268916302485,49.01032682834274,83.42138815156434,55.84153653748305,65.2602314502452,59.87083640429466,74.58919294996618,72.39073267399192,72.4837183662955,47.83805214181441
675824,66.08555499038621,55.64848840425597,74.00322970399012,65.80316780228083,65.73274233932264,64.88439168745093,62.320413856552065,66.43038070984579,56.14557324008288,42.252681875197254,40.57205901525756,68.68577710286519,44.05332396708956,61.141617202892775,48.77396757492123,60.45457337824327,62.09413102650224,58.51468758489837,41.618001976540015
151120,72.3357397293654,47.340923306060304,64.86206911503714,56.4444249325455,51.950645023017245,55.10378080091721,56.77957456181036,73.61178587580079,64.1239990707905,40.45715138280745,41.568302310561506,61.93689542844879,41.749965686727066,55.4081095140193,49.82146733834511,59.11645781844607,55.61624029857285,60.25215538785801,41.08699234038308
716347,53.387263400015755,54.43014069083769,71.02210857108098,56.36556027233546,65.18909266332432,71.65482948341308,72.14777597921018,58.36158545333639,62.930984076085906,42.209287006870696,42.12125175400902,64.25553167643011,41.631939545054266,58.21582687734521,53.55126478977522,63.91762321190012,62.261921223248905,50.032044016988195,39.42114840118549
381886,96.95655581088346,69.70807205909543,74.4012527489412,73.94738688201313,71.35334644187249,77.63294195143885,72.5609712591422,75.66567705499865,76.99250776443192,49.399680390523784,52.177059525196356,79.59004215282405,61.45758290862692,73.83994959652509,67.19808849834149,71.23873899323479,73.18618836351115,91.3008020601943,50.068183483704544
697813,71.4713113811909,52.98154309010102,54.721821011512176,60.66657625214927,57.49717797570775,62.59628648648325,60.54408287685506,55.47793310145727,59.844137003835336,38.59534690802238,39.4308624851115,62.562413161940874,40.95385314387975,54.43294081616165,46.20716749340654,60.395446294108375,58.430463517519826,55.96925827892777,39.93491525915203
716010,81.36670738142487,74.22536220152347,76.97450126456181,83.04892324122292,81.0147942823225,82.53236360832477,84.95950087423918,101.76630509403441,77.68807414105986,51.03216330600256,53.157534491937,88.13973751581551,61.58282948831884,73.03967490776606,68.13392846116251,78.27547545281637,73.53208029025063,71.64131185095457,51.747563398321695
243302,79.87778422168539,79.68668843598347,79.79762963138552,76.72954123711247,93.47123455731669,98.9487585648894,81.0471546601292,99.03016366056357,95.24078996510221,58.53137239595557,58.22512343398873,93.17160236794736,61.71333706111941,89.65903110371548,68.37725680922709,92.30284733933382,85.15366941928222,87.52780963960839,57.41082831793178
766140,89.75330719479382,84.49649328610914,85.30483904452628,82.86851564528756,90.87098578475882,90.05677952818891,88.46383020308443,86.26494784073975,82.52421021322797,54.955538022022964,56.65404905606879,84.01258601049847,59.870544760838655,77.14480842023038,73.5727198703648,76.30470052914899,84.07714387582214,82.21720973084224,54.426323943134705
856887,93.10181881342164,74.78821702421494,82.01685356629807,78.29364455819245,92.18583783889778,77.905496408646,75.7901754197099,81.90006997077504,91.73812963940244,54.14937228755551,57.018026305039996,97.33200968720973,60.71016343596047,106.64777338818229,78.78295882663464,86.11631273499972,90.88188118493713,71.923716735235,57.16585017400139
294391,73.32259997439212,57.18798185344496,71.9038618500191,59.64299714117658,65.70426001615061,61.98832314868948,78.16172693611736,56.821059731132486,66.15156037997616,42.011308790505595,44.037206678988426,72.94410530866111,44.40624508955456,58.95567113106692,51.78726930188529,61.13989301246464,54.38276023897548,59.92735684984795,42.05724477159369
130600,86.06013839924907,66.84516144231608,70.55964067506503,81.39886503831934,89.3411083223694,86.70630128471267,78.10772946913413,81.09193435313944,78.16448399355095,48.44831637435246,50.240859150141,67.570225505107,52.886439456284656,69.39690281585379,63.987439605162194,65.5285652972378,73.10963994363324,70.06786152643987,49.96210313026245
264153,69.16323040359038,60.95474202943046,58.989191074158725,56.184087511941826,66.52574628608514,61.96716775503808,65.40989322068772,65.01322707024207,57.58094632108761,41.786586079620896,42.175473960051214,63.56622848902108,44.046418990881065,63.05707206366175,52.80902262646295,58.77538185821829,57.309600692285464,58.42393159998864,41.43056094282365
549988,89.71616984527338,57.55904727684036,69.40166349073701,82.27840104739761,72.43840406484489,73.4444698272227,65.14521391868574,69.76658265131356,64.12109994830851,46.00005527660815,46.25876218339948,66.67513468041042,48.975821816085045,65.2332876497957,58.360583864340256,65.39498243654785,61.42261427850433,62.815661768870264,44.96090594726181
171605,82.07571213628692,64.25722797485051,71.24032627324036,73.84954923313948,68.82539450034733,75.1402404741187,70.9094007037217,79.60581642515476,75.05769101658635,46.69750575238168,46.837787042579315,78.72478791456442,51.49658158693114,72.14150662559038,56.14568926402574,74.88994891703332,69.21223097310408,68.21139514383563,47.55918362140959
898753,91.54620232368332,82.84013947868159,89.34101294755186,84.5984362924107,107.32042525308715,102.42093666303091,107.6944206077667,98.48429340138142,93.28920811583863,61.496551693115265,59.51504622416026,103.35110597390403,66.06930262952231,80.4355206441269,75.73165894030251,87.29286494573988,86.08375158164826,93.80057771041265,60.52961355540721
764180,83.62100174973318,70.52613018265409,83.51048185054245,71.18193330790446,68.71266119416133,74.17719860731503,66.51758055464022,76.1629853344801,72.24356543795497,48.64969104856017,49.765951846182325,78.32524644336766,51.39962014454156,72.52333487262331,65.83964839345944,69.79182710481878,72.1585090025034,77.57205998715804,48.451601441136205
364716,79.59954266489915,64.58791628313055,70.91481243296013,72.86168967481981,69.6852635173907,74.60885171454585,79.31462053954888,85.5754188114768,82.43248175757707,51.57153212710783,53.05656454939097,85.73974124776049,56.6072723946218,73.03974657140694,65.41492711987894,71.87286008987064,78.78034017616102,69.25468387148356,50.883296257148146
398624,75.68573978635094,65.79305487251223,68.00464754785644,66.6357104582342,69.407010977592,81.56929015204837,75.52048997868602,79.90226927412596,80.95415876631726,46.10033544010091,48.42170020256758,76.66927821575504,50.95640328467459,67.117242750135,53.627476682881536,76.50705074922446,75.80140025174222,71.1435116885981,47.683697766621776
131909,91.39166741357215,62.46125414699314,72.88848055212362,71.16211446556709,80.83154806232442,85.18939177415314,74.13857920016957,67.61969439576421,78.090880394121,49.025970915263954,52.48062336279466,80.48861293964711,56.533240892622395,68.0093380485948,63.505609424493315,76.85517508416851,72.99172092304721,65.86092930808742,49.15293638859957
625973,124.71190605008758,91.70540223767543,88.81457248903875,87.12238801156897,93.33507705097296,97.16292242639258,88.05505878521336,106.39983877122673,91.41906672168673,60.719728112496206,62.79515605353163,90.78179931967796,67.48378643917403,87.4150952894257,80.52324249419138,77.76293503544655,91.4110678874766,80.79248774192726,60.07751395157152
911615,102.11237197831895,83.80191290845237,83.10103732846281,100.29436173408388,87.95249344807175,91.24510350668913,87.51306193152837,85.04076425466488,80.53540066058409,57.137679006204664,57.45145334179807,82.03947283562343,70.25409987224907,79.8392618078929,72.3852352552614,86.81496947901718,93.7337916711059,86.52010044248505,57.42160256805244
892438,97.03917158210672,73.06129121905289,82.99459232377146,77.42912572302124,79.22199886018197,81.25473552055485,94.47141718661761,80.16745754247503,82.88112192537815,55.12607445001953,56.95310096277879,86.47160246625675,69.89851218791839,74.38507979115947,73.43327178749732,83.78803910735948,84.37504044276055,79.62179662020327,54.48224842814941
945830,64.42163889454977,58.101959630051944,53.96157425836064,45.10168904269765,61.05018542913052,62.17332382881907,64.82264309040033,58.574569995272995,65.68305190082339,39.457104075613415,40.044623439828115,63.368753277685315,40.2192112032871,52.27558330253882,45.81435072751378,60.20785212563915,62.88821696892411,60.47666264105432,39.12707956086747
313202,77.25929781749335,58.357846595873895,62.483370654149454,66.12028437190295,67.24231261218145,67.89023062134362,62.798099824737804,63.928294725588074,65.15910758422618,42.12506805469551,43.55129296742004,65.53515007159483,44.84870748441949,57.71500701135597,51.297316240043926,62.25736017822145,71.2985456899735,62.91022124174249,41.59686880109052
981522,75.78211439746597,89.73415158601915,71.2897392277033,76.66681544904782,86.30753884747679,78.87227770826183,80.96700350690332,75.39473093838765,73.70860216283441,49.282414481465004,51.765718733097316,71.90813259464014,51.982434222138835,68.6059121883034,66.26475909052787,76.86764481971467,71.01106308560227,71.95375208064416,47.804874713999865
170233,108.46924941180143,86.3625170348253,133.37884251143817,88.48384368610604,98.20478568787283,95.02586618674042,92.58374295920734,89.56060345880609,96.35501075161676,62.923758320360925,63.91828635406701,92.2957565664082,68.42510178748321,86.31112727613447,80.03545967124694,91.38765596816467,87.74226859560642,102.31963624511675,60.32417422078754
876250,67.25337267006944,59.15856292259481,65.93484060796854,62.24512709333017,63.85161685947128,63.33248064650447,68.30176734325329,76.32901713041431,67.18724831825118,46.05277159671831,44.324233278962126,84.13168340535972,46.35478657296579,59.08709290603292,53.14254124222224,64.21772690406146,64.86747396316247,67.63412584858766,44.07395142547274
919169,80.65452267422906,51.25002303122483,65.29281965491171,63.54525610523185,69.87180165193622,61.55543115181168,60.795210435749254,67.56177139734103,64.90563911233087,43.347431239660146,44.0933293918868,72.30220891201158,45.21338084797688,61.53237986375619,52.40771834010016,67.63985036464004,62.271138797427525,65.56849735520977,42.65766826371316
7703,69.08829595374083,49.86619189311345,54.61632752959761,44.95376459066964,54.32047343823261,53.50978196114529,55.12573778235209,54.38928875541352,57.15468591918452,36.28555642822988,37.80874219811618,59.6462587102118,37.92827778472315,55.24800305670618,46.64914143044481,52.34193328873655,52.86277818289345,53.499673398065205,36.063044984154686
259830,72.15154743429184,60.2464348073603,61.37996008726445,61.314481358483285,72.76248979385244,61.80559318413119,63.96662661125651,61.06487797259435,59.6446204373202,42.09857929336293,42.42970625112486,64.54314263498286,42.26297744262261,60.91082365309378,50.27018311231297,61.89317720956625,57.07102701096095,57.9565116080354,42.09102337147648
124718,88.61249266451384,86.0806134873595,92.17885585020636,81.56472460050301,95.55854867589419,91.87578750809824,97.8529285186983,102.57800611085986,84.32053199346633,60.004139556026786,61.11517058345857,85.5410904121635,75.51843108629649,83.04075075772624,88.94285377638475,96.50360438343546,79.31806315822038,80.6957879117468,57.51498703374092
915534,72.55051480860789,62.098421419326776,68.74527024142319,61.9627928469916,65.87962938112364,67.09531936810136,69.9726651669105,65.07156681478136,61.57191869353251,43.73373492521807,44.06372611993971,69.03065730756836,45.73130361880892,59.37333318171019,52.14855545610009,59.306996409822844,61.84588226498636,56.07239867837593,43.564575267177226
754095,75.92541646364177,53.39937026337073,62.616611350252754,74.3921965707844,64.3556885096087,65.67347919200137,70.91035124530089,63.66005134021009,79.56460259737167,44.10369393782645,44.85540013079164,65.70321944310801,47.098265448767705,67.06190090799805,54.33925737527616,71.85128008300167,70.30493177704555,67.24035672703661,45.87537111842262
162983,88.52112625178637,70.43348957636155,72.81457454522877,73.05651976947142,76.56432585571018,81.23082829598093,85.2917771064202,84.95905024253621,77.80160454337258,50.45713796308155,51.723812768887086,86.81138258965564,53.18089937525333,69.90853794234819,65.309408130893,72.4558061092267,78.06268436173454,73.7347742163204,50.70140393534406
292894,97.15728727988554,78.57149970617259,75.52281039465427,75.30924906377561,77.3796802151947,74.69943772467929,85.96451071307922,85.20801703225808,76.7520478316065,53.74467540724971,56.563203049228534,83.95351901119464,58.10338131863624,73.03653291651335,67.35048438911707,77.1700698766823,89.67416409912403,74.72607370117885,52.900362559969935
350290,78.34523005965872,67.28158455951144,67.69977114982345,57.87123847795013,66.8732673210647,66.55675173706675,81.35972521014472,73.40529427958987,69.1248970239862,45.4954615020099,45.17035152308148,74.97060503944715,47.610886246344805,60.63023065018716,52.58412691221693,65.05081703708927,64.5140789422473,59.0600368655863,45.08838538509859
775013,67.81549716042083,59.25195847024936,61.92763661775696,65.88675339659393,63.319705845169466,77.04887680150264,75.4435386469356,63.97017059886974,63.40093202024141,43.09452827617414,43.99143349753194,66.04633540895964,44.07024814404896,55.516565386111324,50.119676046524724,59.63278043437632,65.72488109203172,65.4236528937696,42.20429185627865
80569,72.75025526936284,62.50211624366358,59.109212928176404,72.33477233139905,63.72056145557109,63.200150530348516,64.14585296952517,62.92197438668725,67.44322491337908,41.643656179138276,43.14669257726371,72.0785216548734,44.083197103946155,59.88792098748744,60.70773711386178,54.3800886111826,61.96769404892956,56.31639566595132,41.71606678632317
591716,99.85407465825305,75.65565411587349,83.03124906290994,87.13913915480727,96.47211722232282,93.80505201581803,84.96102020578162,92.2284566810706,92.17859004195124,56.599348447364406,56.93311057732086,91.33408410314782,66.35265049475854,78.85904353345427,72.6565190536958,97.51059716242334,85.69940037965318,83.73776440960407,54.94377059821258
787537,80.22478121161461,76.54815755179473,78.0250100952154,62.75150802607331,68.10660386412903,71.20809281593391,73.74454436366206,68.00726331789375,76.10794620463143,46.180520167317624,47.01803008518496,78.3978201007902,48.608917221043534,65.19089437713944,55.97501219953354,70.71493760121167,69.50394048704099,67.00633711090813,46.113964486636846
199977,79.29289711241152,51.251597637043176,71.34063832060615,55.9842155345399,74.31985344417234,60.67821483989742,68.46506499673367,65.40178483502879,68.67863506774684,42.173266908013,43.86143330674827,68.50093328289688,44.20874856214815,63.24908871814528,53.674780403498076,64.10380990069251,59.439438395960124,63.95969799369152,41.92242495060182
735657,96.05564036012557,85.09400523784458,93.75878867247343,78.26574898601714,78.60042077798224,91.82757303831677,93.68876146139729,93.24141195615414,95.35237343344832,53.82358398878082,57.38456061475955,81.2720605498086,66.47931682938687,78.4789424807031,72.60721527315079,92.51663215315622,89.78243153550446,87.40234514320397,55.28230720359444
241302,84.02984248254003,64.18125636377093,68.71137695066719,68.38209129254487,78.17906369440067,72.01508200733504,82.01675635461154,77.97003332422088,73.35229015753558,47.09065146279114,49.83542441240769,81.07101459456402,51.366748778055076,67.40014226961034,61.637942501393454,80.10094044585941,62.83197500014924,72.76791221539506,47.04831641183277
990853,68.69687357170818,45.31396708402696,62.77628568295161,57.25346263013725,61.91107959461472,62.09322802125933,55.69513972090884,63.787473901608564,60.86587948757459,39.05494005320347,40.37569571889308,63.23030017899127,40.7795763606243,55.56020699903428,47.978097125199874,60.33167709082452,58.520134078004816,58.31433605552134,39.432929264375595
778339,97.31457631942502,67.89079750376624,78.7711086835526,71.55441435911435,80.36131224029195,78.43914750572635,77.12260136831131,72.01685757189199,77.98392768264114,51.2863172725451,53.65283851560342,83.09503408646349,62.240131017940314,86.47233443916099,63.363626004276696,77.3127600266309,75.76214273347146,72.8578776168545,50.012161389466826
757210,81.11289750731743,68.27501228802194,68.45825090696859,64.39579037522881,66.80756900884586,68.9273868587871,66.38292391286524,71.4441376337389,65.54602825351371,47.94780852173103,48.21254639130558,76.82238072032052,51.10157499207194,66.9779824341706,62.1835677366869,64.91623918417338,64.2473499624525,65.77232310422106,46.31748295374189
625292,68.69116713140403,67.6442316874253,69.20845074865113,66.93567847279292,76.78301586808129,74.70230554947574,67.07092638831824,69.05403957269303,65.44256806663628,44.84741842204605,44.83103177276543,64.08139466251478,45.846536328848316,62.28350889809538,57.05014220366765,66.46510538636151,66.70148745620776,66.29841703302516,45.097424164052896
775979,83.65569161401572,99.25589289338382,79.54367097159187,79.05996297258872,86.24036477346735,79.00780093833797,84.0949059893974,88.9216196390476,85.24960432408537,55.73438386300612,56.800408412580424,91.86842574655255,65.61261484114368,74.74252041693128,87.36389306627429,85.78922741655813,81.74863667730808,82.88003111414993,55.701350294575604
977031,95.68408213689308,81.50386078757055,85.33829785081778,88.92479119604901,77.38399976253307,84.88121248782286,80.85916090842579,93.98543412937715,91.21784191945376,55.37895053159732,57.40092339968179,86.18952214637976,60.10544280164011,79.16056595524405,74.73551726793522,78.19254744895228,78.51513922359055,73.7033716010713,55.33060698354415
960650,93.76307503984088,112.8540136460945,79.660237231914,74.71058924165273,90.126166430302,85.71502284614087,91.24604432986243,77.76936967029525,89.2781505526387,54.82467764297628,56.77743851636302,92.74688135376287,58.47588128743824,76.4754900702209,71.21508395479381,85.77779445677662,85.55030612078548,83.37216070110198,53.96218619373481
569071,84.70230643025737,71.96580487986097,76.0265141438587,94.91215224500814,79.8266403499049,80.48331066020694,80.7727898949021,83.722522059742,74.34436000314668,52.14459126124779,53.33267094224356,86.21459696213475,66.95203140321769,74.17687086240338,66.77612533776549,83.87139673216606,82.28714305187025,81.7034908939911,50.21986598396957
641152,71.70600072067472,59.314112105303266,63.778911045441795,51.05805342561551,76.52125692453134,66.271684737414,62.50578303360552,61.47792863020076,67.95096967800302,42.24240132543669,44.246769210742556,67.141365134143,43.16240273364112,62.42963658164003,50.26982190329607,62.089980017831735,62.61537778863493,62.684065848276404,42.082926156983945
100359,77.61678892396071,64.39172543972876,71.62813884750275,80.54917173723676,68.43374259825957,76.83019064708586,64.44343690699372,69.04804922562738,65.54668315695861,44.577306329923005,46.51450393090063,70.79887466593287,48.28522014515484,67.38783607369768,61.40664683640464,66.04119227620757,63.47962742047827,61.817637862570464,46.52603106811709
608680,93.58180032317537,68.14240392665967,88.02265637996634,88.56850464386676,80.35063663420577,76.5660477395217,75.33229401848419,74.91490228904497,74.13177981346224,49.14615177834425,50.952119407258664,78.31077415470398,53.30183212763235,72.01881605350201,65.14289334859137,78.67020606832229,70.1405372768468,68.08313807462405,49.843596712028784
833316,82.57426512839706,67.81272140448773,90.97223032012427,77.59648201221644,65.23707662053701,77.1895503992852,76.80140436639353,74.60502434215769,72.24380186191192,46.69227336001008,48.34990581221749,72.87156118192124,51.230953350214264,67.82961071289716,61.769286933711896,72.13588973123642,72.36865447432325,70.10000592353228,48.31286101859595
773823,74.7745617746059,53.550089091527504,61.707227142540255,51.14017364447256,58.976071742186676,53.22287275828991,55.576961717817696,61.722246813707876,55.792448182128325,40.02013645454953,42.44308535445538,70.07887596013103,46.00011514603612,58.76620931724687,44.96489879627994,52.889704889063076,63.98420026408287,56.73075671048595,41.098492125009074
615600,84.12408874701033,74.89153090646946,86.43869779287184,90.42200969541214,82.60325185719506,77.34529592179558,74.98658719407797,81.4986197186159,75.38063821740367,53.53562231591526,53.161021509219,73.54256859562935,53.49891512653646,70.01189212819605,65.74317394550819,77.20346518319346,75.92415724813667,72.37149518700082,52.377060869441195
772299,74.69415604592615,63.41418546504077,62.10614448014363,77.0458253922851,63.07938728721312,65.98932098428594,70.26484501892412,65.16613428162566,68.8977777437681,43.07283741704306,43.10285665195435,71.02274505408008,45.84983658890856,59.80210806276682,54.643143540796785,64.4340599823353,66.16940069644681,66.69789446354181,44.32822972455892
902784,84.30672027136029,90.43301534252171,83.53601702955999,112.34795728877003,92.24976979231909,83.24373894352286,87.99533283207313,87.74771159495091,81.27340435189349,56.28979514086749,56.56376218684328,82.60424712422878,63.6198500021802,96.92939394709967,73.08971054552195,87.01438773813518,80.20587814700664,81.45491398774104,55.301291247087875
977724,91.81575986537142,75.66076019399621,80.07179817083895,98.30159463163133,87.88545589294829,79.63572639708659,79.61127201385595,83.84236534616659,91.12401549124355,53.96652582223703,56.93924680122511,92.47652394708328,63.7041514522265,80.08369492780275,72.41258834457182,74.88128930776219,81.5340328020122,78.17768430328852,53.69919243356333
980981,98.63459588568432,87.38881438628891,115.11881711041792,79.0616781805196,80.28286567820052,86.1434252983303,92.84300242300228,94.81929812483082,92.97243248738343,57.89792535593716,59.68258631778889,83.75091744655319,72.78253034098721,77.4073062736926,69.53873153480961,83.17099820497516,83.6776470547054,73.52959668244013,56.63943425524258
340109,73.37460251315272,69.23630228382974,69.23657089316862,60.71135321769348,68.1914126361142,69.33305620879497,63.35406943655769,57.69780493643873,62.23903515154356,44.7249776760415,45.301941032718304,68.4923944382843,45.160202422058035,59.32045196374545,52.19356122466097,64.51565357052516,65.79084288330372,60.17590530387619,43.06518270364503
500993,80.82893362015922,64.33443434954972,93.87628996082236,69.19407939041298,69.94683040473808,83.33565933291132,81.0978873917771,75.03642038585099,71.70444660317466,48.53535948956968,49.8951631317711,73.08819088304227,53.269752115142865,67.04898560589032,63.52197806563919,65.39307685661868,67.62855984227431,69.45844787740816,48.207562321439305
31468,67.30103115570049,50.78692534853606,63.34532369530152,59.04001205661124,61.024272611680146,72.46389739160934,61.00320093410161,63.25567547899736,57.36125352820681,42.35645703228323,44.88408252284562,67.8873678829343,42.593997215785315,57.54816935386249,54.182202902178744,61.282394811803385,63.662162478355334,61.434996411255405,42.328485635251795
732801,75.90558706002572,76.299082844232,73.49024037294868,80.21134734853817,70.72541488747709,76.88616183634701,69.94302509265022,73.66853467137068,75.68679765510652,48.18868513760939,50.84106179227023,71.9730740339659,54.403431146671814,71.15686680406705,64.43168631824344,72.2449815411257,69.74457450607876,65.98001579675243,48.46085148038013
148751,83.98756886919766,83.16634876414933,83.52022715864678,81.50015381592635,85.8239375491415,77.24656513112126,83.71393793374142,94.47592382008798,88.0233226413898,58.47581417390184,58.67449286269668,89.76792286960958,61.89343136036224,81.4113880401822,81.98864991447005,78.96724320792002,83.98572217629025,85.28400225335527,57.59268873634132
351842,64.44045256720338,90.15320649556473,71.79042491127589,73.47323309219757,77.65951748603361,74.3181108999357,72.41537825449582,78.64854990033997,76.63754869167825,49.81158338087528,51.785828003494885,84.03666464061212,53.28013466809572,69.23244820001464,71.7601989233642,69.23542706095007,73.42311945636413,69.30241483431703,48.86732635902057
881582,83.85275508916123,82.67809160785492,96.15019383225244,80.0337340477353,96.14350043386452,77.95391541290911,84.1619579645568,76.56135005978153,89.79944075461711,55.21847129446797,54.09947321114335,94.66386591309455,62.746533740240295,76.66848182359385,69.60970850334195,77.98673093782611,79.02386878412261,80.93972928350371,51.25898530911648
610013,76.20987041491941,53.41633724829875,69.29021116039002,69.31906388595854,60.77951142582769,69.36863694531111,69.54599885983698,64.79384668929072,63.47982301550273,44.01825666457417,44.73339608528462,62.28861294275482,45.02564574002954,61.61904212820146,55.68849345041634,65.15858976882339,62.47425947080172,65.84397507514393,44.367674273286525
585177,80.64309973272708,54.09637746007495,64.73563231792949,58.22229187579282,70.95007405363462,64.49440482451095,64.4860155820384,69.78718538190492,66.00154406839604,44.59433431364778,45.10681308160565,71.56335225571354,46.950779026621476,67.88871800638165,59.77152699490301,60.6440073384328,77.26919089866698,62.91775124815444,44.03476692566633
760889,70.62334597899013,53.93739008342333,60.38757579158073,64.7972176692846,64.08427890084346,69.25993810833657,76.3127386006611,63.003686027375494,67.4966692846995,42.35740365360883,44.38759085237675,62.2433321467606,46.42083281396355,64.94598960818819,59.779333797026624,74.0470903245164,60.79803354336335,61.583217017202756,42.117255490942505
896807,81.42751002647992,59.91268473277028,69.72649990005635,62.783036615573614,70.71473437216135,68.53904972288169,84.00018786843813,70.34391956944926,75.31428901860014,46.29528312684473,48.78399899222948,70.62606180656559,49.05701945222233,78.57685279834357,60.05039251600149,64.80172663339195,63.46507144368976,64.10711817619402,46.169942273870305
831872,81.00036514131705,55.45488271949134,84.6711501279392,78.51550741610386,69.56359304114724,65.8198011962629,57.30823865612954,67.95344957040965,71.51780061252806,45.984364867193165,45.37028922398183,68.91398197963282,47.08614274071737,66.46355174966325,59.90021799303539,71.0612220527504,70.71257099284895,67.84755146764445,45.86419872241753
852092,113.90364178591534,98.55107327824277,87.64855264316057,83.36969632218242,122.20460190094026,90.72037733211312,84.51870619813008,88.27063627017506,87.30158171629054,61.74853589316231,61.667450001845445,106.25566464030516,78.43860935222148,80.97859601779011,73.73600072665641,92.30311297746634,84.16419118330818,83.09736730039326,58.89286768427053
698774,81.77680954964643,67.07803068860295,78.53705817647372,58.44850294772131,73.27533822759594,75.19976797470349,74.490346198227,73.55935829530054,72.42811560515699,46.50632908729726,49.8095526310033,78.45541059473499,49.550655280805984,71.3039596249411,58.76537286172697,76.76654997469831,72.46624662872672,78.49484089152394,47.283487546263856
35147,64.11177691122333,48.76359563622948,63.85773217089036,58.81175781866059,63.0422603675122,59.89609648255077,57.12417304097655,53.31085498068835,59.084207227301405,39.71369743629615,40.41710369944106,66.55694561662591,41.0099132047481,57.4038386116181,48.77501606741166,60.73438693046346,60.222742246831835,57.289077505089736,39.953494403186596
961929,89.66591859464089,80.21828115165562,69.06588465329762,66.4166237583789,74.28988983737781,77.94127587424681,67.23877366434286,73.76612119703336,71.98228296279498,48.15041388982146,49.21803239427744,86.35798497150617,52.81536167110069,68.4638017728911,60.74359774787567,71.06599131486047,78.23875598219104,69.58852940240487,48.655924429460136
1546,93.64258254748414,85.7838424474316,79.95851946415655,75.34972017035574,80.35594160385145,85.5673572767085,82.15334376787547,87.1539804327725,81.91355907862436,57.78961733025463,57.29293869339058,91.03205169824764,58.983596732444255,76.57757975306501,70.77869936857356,80.45877103586852,86.41489605645448,80.73422792062189,56.296917495835004
388797,89.31021019787929,68.5602005276024,66.80983293979713,63.98127029201987,79.01347929212922,73.1707644328348,80.06240285255612,79.35269406823733,81.00462061704397,49.280070352411684,50.09298727845015,70.30457486022594,52.20146602745284,64.84160196980596,60.20138960787696,73.91285294638917,79.19518591646474,74.61632412102796,46.9206809291273
731090,97.93455777543537,75.26928421877125,82.69686028307929,80.4460716140145,108.70125723874773,83.79108951939656,86.53852144028008,89.83576676717053,85.85726579085512,56.09112848275281,55.26048802912301,87.59026534180103,58.973449572534406,87.68529528433014,71.46487754030271,74.02452495342686,83.92195715383286,79.3551370369225,55.08288651171152
926203,78.56781886707911,71.27552220923624,69.02547324422686,64.11638682030917,70.67074558502665,72.85066041222048,66.22519846504852,78.21467956983068,72.0949821380816,46.08688522760731,46.312927776866616,70.29063184654933,47.79453795870306,60.53176314979254,54.597631458975165,68.54260105694743,62.99029101113689,58.59923058482244,45.89161655129693
597762,73.49211447709067,56.53383722047301,78.57581316405205,61.85228518761018,71.50038809842455,79.81526803312954,71.16722879321212,73.0475241844519,73.31205318536,46.43263625354396,47.13814293013371,75.68287957617683,49.099827336136784,74.02419617252842,64.0072303491944,75.00991737802346,71.83429054621004,72.93372446776927,47.87504654067103
595318,88.03713831694397,79.5777143514228,74.36388671079686,79.41496540584451,81.33007650888652,79.46949530439014,79.96264491441664,82.5036517185389,82.14310458624759,50.91728128594885,51.578332246216675,76.5793103476498,53.891805105373535,69.20115187990268,64.27903408717637,75.65251836755948,81.96267215839524,72.90736851321175,50.41781470099537
326656,95.081118424457,72.93812759323535,68.64552743801595,68.62069129666423,84.72051557160148,88.67932424864942,90.27303312904431,91.2092536649429,87.15392159601285,55.56257554182574,54.298972499994775,73.26971143141247,56.05836376632266,67.21221600759364,62.15317805165648,76.22755725951274,72.8003348731478,73.25565751781636,53.21416376108584
840125,77.13602938749938,67.52603531099066,76.29106117064768,63.3103158106492,77.32785680377039,69.97839350983416,71.7446457799578,69.94341462158485,63.993646919286704,44.59713474216845,45.74191149150674,66.58155990952812,47.45842860768836,79.04977046081227,58.887827433901116,68.14752991151681,75.61666344763978,61.53032585148854,45.84967046318338
580000,77.1016458814471,57.753435303040135,67.23389372525241,75.12566129983618,69.73766956668726,72.82837702958172,74.72391271710514,75.37028037554492,72.30364162808121,45.12301345609902,45.427950891945606,71.3828338213801,48.42074956723759,65.39905711639197,55.699311445296786,57.934720967306674,63.01935047448288,66.57843459450396,45.101153820890374
231908,94.48098545985303,89.85220648388099,88.60628820592316,92.48793411586382,100.9257000635219,95.252404814791,102.5942671247665,84.7750140528129,90.87638733236207,62.87769952497859,61.47932376596727,92.78378976140789,71.63507414351268,84.55884511906538,99.21191431528817,97.22404260120223,86.0130319359622,86.56793674536766,59.11431478808161
614599,86.56821190132351,71.17041317881139,77.52353918203502,78.29244527759718,67.87812310459915,73.67677831044435,71.92438241159147,74.52804256785242,65.88286597661835,50.316115356600875,50.265703857993856,86.84916230630034,54.14493090011058,73.02484563124884,79.97629190574249,68.88139462001257,71.81783544370704,70.76358407608046,49.04350993741483
761619,101.97306415469711,105.13477547830178,85.06074032435494,81.84292428662553,96.25968540028182,101.13097362976839,123.23577575640869,107.08254396835773,94.96502564164602,63.85805091471153,66.1952296502223,89.3913761095588,81.02399429061984,82.8798581086285,78.1070282652799,95.07367367476095,101.86266936046154,92.39426592227423,63.11626283928045
654099,76.21849089787031,56.054445357946534,60.80878187133061,59.44649462978135,61.65862665983579,63.318330897129535,67.85165997096574,63.10904929791854,58.90826769248731,40.998356339339864,41.6232690249379,61.50176385857361,42.95182014631397,77.62707695937166,51.73879812457297,54.15720300819706,58.43312935819203,57.02197009226748,40.50794402643112
469652,109.39943678661359,78.36542623649191,87.11411903613873,79.32558950299409,83.20295205344131,93.68474600225494,106.7110028489675,93.15155701172277,97.49758431947797,60.33420421327846,62.355263455353985,98.25161967344758,79.10666737833196,79.57662417806837,76.85566686424053,92.93446819661148,79.20994342541286,83.60904406339941,59.88418084829454
297053,77.87979868040654,73.57329358136012,71.68887761010792,87.37672969954794,76.18398331707314,87.05510927224559,70.85998136602127,79.29853418621592,74.85345680700436,48.9036937349269,50.780398956838155,78.23660585004563,56.4482692436502,69.35681314440127,64.21957410116687,76.2188082577676,75.94396311112081,71.86354940347448,49.33243193900656
976170,91.70459574037908,71.85099089063772,70.35462913262813,68.34349313268373,84.59764872729454,76.5573900182604,81.45371405365684,78.49332440731033,79.64892799048353,54.3566133886102,51.73444525378807,70.50375469098611,54.452522323911666,66.6875892195969,62.410832384984765,87.48686476579523,80.79836135200985,82.32603660246772,51.98424209280213
264873,82.76270990531339,57.536917644423255,79.68775677161133,64.84523573664433,63.566490905794865,71.16800879304256,88.02997622861358,79.09111731735499,69.18074659858367,47.52740621049242,47.10906067384276,78.36036733381594,48.69009335230972,63.78080009181616,56.58973313483264,56.45076815432809,59.41035752978334,59.62131282142275,45.56945525250599
597810,99.22881993996995,79.49012790553972,82.22288079017383,81.40791566690581,76.91570877548557,79.77172043307127,75.71560139688643,75.01336758853043,79.79478458132171,54.37337951294486,53.579980704899796,84.88608295946712,63.313378197142214,76.04169971422411,96.74849961006355,77.09604070653948,74.52019242272983,79.57551253578362,52.08140142086059
767072,81.32014948037457,55.696272956669276,82.34944836030812,67.199736313158,68.71651921217642,70.04814920584883,73.4906530734333,66.03424983278195,74.18239429122585,46.92127968736591,45.911060739353076,70.54009411001195,49.40428925456316,63.31598496779633,55.320541631454084,59.958677004680354,67.27065404590326,59.46209431437414,44.34645525744127
788274,75.36595264162511,60.913314658939974,71.38098957375105,68.72488935595432,67.36590971904624,59.53132990041744,61.269364426956415,54.91697182182361,61.17634543360257,41.968708660673215,41.87156800347704,64.81121324288145,44.35801845511001,59.90041101814525,50.8468185331907,50.75205636284767,55.70453395187184,57.01171079508495,41.49776658239514
983413,93.45253485035158,77.21463678705567,77.68301064237787,78.10507106452835,79.92303982654462,101.19667307245854,80.48631221182971,91.0654132854639,93.91681589687127,58.40787173704731,58.634893741141305,91.22255661181384,63.594469160476336,75.9771270680356,68.58644438593143,84.57810618290512,81.89653513520118,80.41725203781876,58.839088102632076
113634,74.6694787555538,54.52021253650794,77.58452360176177,62.932452390167896,69.86314320834671,59.445351897421524,64.04302571173854,69.1966393157793,62.2842996365718,42.95952960383403,42.771658563140605,78.6885516470318,45.00679423765516,58.58790949595417,52.05093631421033,64.21119608768532,66.13031675471464,61.05606334856782,42.137735684298505
223121,80.37185314431284,54.027561732939944,76.95173728671142,60.41132957644058,76.49888193623963,77.21151799826168,67.37673610877951,66.63627813229708,71.52118127791255,46.3630979462447,47.61912014509379,78.7258551072502,49.43813813409808,64.66774613300066,61.88082322659793,65.52485127053318,77.01130287167223,69.92121920258761,47.40142000508829
36962,77.92793922462656,76.24253109774715,70.30229801451614,72.67944006202248,79.49417692756109,77.74109050590893,83.8555470561532,76.43018583667448,85.07851260517313,50.35881549191601,49.142074431935015,81.03336385781338,52.17176828481077,80.62922806507616,59.44744985661904,80.35319670531811,77.49380393496786,75.0354226065262,49.4618426110418
237263,88.40627984680222,91.46538570466463,87.57540557443998,80.40958436967048,78.07551092992097,89.87046436014899,79.70442545490107,74.09687632400849,71.56701914606194,50.40762612460946,52.20635397368745,79.51439996658317,55.340243298661974,75.9510266400727,64.02452108724188,73.46317114381468,74.96422086717777,70.63975425668342,51.004160475034276
336586,68.34861673820951,50.462522832302476,78.02822084017083,52.34903748252737,61.033888841194695,58.59827180211793,61.27633414817795,61.22742414990289,58.77607002324453,42.02475985844113,42.729509159037406,64.03180316669827,43.24078393850067,55.46800881465557,49.021212137715516,58.492751688175325,51.89293923742172,55.46489956682848,40.54821877762157
956542,91.04477732343992,83.62019284139431,97.95574284632396,77.65441330880893,83.37088406007128,76.67887813163117,89.84811523658499,80.92760847497178,83.48333043551244,53.99660487682706,55.68387250237345,80.5034619855661,57.9873551946156,73.41405504494372,69.50115897050671,88.23248406078383,79.4383496677126,80.86075748697846,55.17023669269649
136332,66.67055288881139,46.153610087704635,54.64863855083374,57.77034505770676,61.96119301791012,61.25893454264989,54.33357357915202,56.323460644630856,56.481170764089505,36.68606463244163,38.002805240037766,59.45772631805862,38.840673690649794,55.99139167861981,44.86373043211917,47.23951993106831,51.45880522681104,45.89684362881419,37.24589862000442
518007,70.68723680422865,55.597873726899095,62.30573631695982,74.65154851342567,67.39865697640124,61.14974918880981,62.90873388748305,57.58290323842167,69.3273644443934,41.44921114437253,42.27314704475603,64.39571618779391,43.95001554731069,56.133949868349006,57.53885819187433,60.21955201106631,56.51032741173715,54.88382503883861,42.53432486368396
932148,92.88121746275476,65.18858734885013,72.60835250615816,80.96459251020342,76.51743078081358,99.82841806614718,110.20163287277154,77.52346450863587,83.3445755567291,55.076595113253546,55.65346936597496,72.82749564395857,56.19841743915821,71.2416958705626,66.99186407845193,75.03379579685833,78.5756870215194,86.32129547646157,57.65115144126878
945805,59.29011645113751,42.613646553680226,53.26909160589924,49.05785256530665,52.49811598917266,47.8235182209599,65.53116030617564,52.69685651742333,47.886683811525145,35.95974998445133,36.822952613215506,65.53045068086854,35.44463527916304,57.159713408286244,44.208618731883874,45.48317809688595,52.96508905698708,46.205132054060954,36.736945049439825
340051,90.67446326170358,116.82586263762418,89.24144039270297,77.15692525027288,79.35728455725395,82.78227921328028,83.83227086128181,91.00263448251505,95.81381462756553,53.54328152800522,56.19327102850721,78.84986344771875,60.218113832454385,73.66300250509323,68.79021354819609,76.48829024261465,82.23030660441822,74.84192583702227,54.56832857116528
432297,80.00704401335807,71.8794741836973,68.9793369471845,68.14276432891899,74.02507377290085,70.99869690042931,66.45021616473255,75.08393572169572,74.63190803587152,44.20544955999167,44.865386612414625,68.72830093879219,46.927991806634424,61.115976354063775,55.826721987870215,65.0015662143766,64.52707739443115,58.55039010812831,43.58583892315481
841341,64.34873107614732,49.35602669954194,61.97293019797945,55.87913966601246,53.01032634283793,59.191252026821005,53.12127222299431,61.01749907874118,56.378803547146106,37.49272811902183,37.67547171595098,60.156396586516486,41.078791359543175,53.31987532094716,44.77454676313029,50.884637672440476,51.26968104079093,47.94279711493736,38.87988816145887
859360,68.87974130888101,44.721391772592874,64.38919334759535,52.30374845687584,54.319481343895006,59.11497131140524,57.70012454746183,57.515378300486105,56.88837909772192,37.53213826289661,39.24344989076404,59.5081253044482,41.89292705694149,53.91711041410575,45.67883878918768,53.9393301868857,52.721106532216886,52.388070007685826,39.05939871030892
664982,86.98316302889297,78.69641520616085,95.65080192918111,79.72074488094985,76.44659873585329,77.58147745467274,90.05059040435128,81.78613246990082,93.62168155053806,54.629465613614244,57.49115775347208,85.8705514826652,58.29121777873816,79.33549952094518,77.0277603937638,72.33231521585255,90.16237620427158,73.75756114590523,54.62422555099826
754558,85.15781745199796,77.09713669799865,69.69410116256401,64.59335788020798,71.73552935468149,77.6004844024157,77.32673309190037,76.98036476823523,72.01927781147685,49.82533494098189,51.10056358352601,67.50140307746014,53.2154194270917,65.81908024001821,60.55497663166242,74.0015663162514,70.20608240012832,78.74809506136258,48.973126535554314
424253,83.01318679531992,63.90268331350404,66.44617491306289,66.57919951579775,74.57293010120833,70.36273166326461,89.65481968397333,74.35404837309623,68.66373799303346,50.21537385705072,49.16541334866295,82.20163507501535,52.89440457359687,65.88278623858423,61.24877530436072,73.22851943412672,75.5390685269588,81.1389437793039,48.760767018502634
253048,78.04200818867554,68.98864469456316,81.63521728436105,78.13172181618481,70.41533274842531,86.387748376768,67.51283871628354,79.53096095260338,73.0991829735776,49.7474461706161,49.79471168329208,81.81171660022468,54.63996771570494,67.29874419087923,62.24817803895583,63.142470922824735,73.54693983709848,69.26521398296697,51.21516935988759
667283,63.71564249421549,60.07325499255879,81.87938811748498,58.92778878091256,64.79245169035579,65.01246320544658,70.03253390668232,60.735303617747626,62.23882479289736,41.52138596176091,43.52493513324647,61.98157589910941,44.78401448381241,65.45032604297636,54.822855203764746,62.056373096045576,59.8536141019285,57.604095776390054,41.77118021216725
496946,97.7697969748608,75.49488398209938,90.3583587826772,93.69940179784919,78.72994195891647,78.32602020905398,84.10657377596513,79.55287489900384,82.62027677159065,58.16806901968647,55.582723559243945,82.83324216732638,67.4115468202353,78.25356441877088,70.36888424229504,77.26102401198102,76.60612365664332,92.41105332215923,53.97797561463616
811877,81.35772154649146,68.32658182029047,80.95716978391809,66.99192740775763,76.12175347514435,65.72458014216711,76.58512595551198,69.59427501316186,67.92880327037642,49.16112612479965,49.56914418367721,78.05340083775954,51.61317173638489,67.02213170056396,61.23075164017655,66.68059630180525,69.62911477117919,66.61484966325179,49.03710122332957
525842,97.20448866966595,91.16923196811621,108.83913498612677,92.87800615625775,97.2629407136296,90.5043144451363,93.67637184143888,91.72844042531597,107.48066799782742,60.14348693865669,63.21606615312072,98.92346674885721,70.2003478012876,90.52331524333748,83.93923306181951,95.83512821772823,85.67604972440013,86.82721269887861,59.39760759709754
179149,69.36053441748425,71.42839321861027,63.421513370084256,62.221789914414956,68.71793631600943,72.59011003665304,72.97266969462981,70.65531033673693,72.84056717914858,47.9240285347388,47.6579032189908,67.22019976063382,62.97192135445245,81.6673175982568,56.02239202457801,71.31000898490095,70.38918756430414,66.8087489902538,46.24272373274538
357323,92.73609181398965,129.05051706659503,96.08494315534924,104.32482580412353,89.70205124750264,87.47328571281307,103.39032645432474,116.98540991998402,90.56098325473663,61.98361593073903,63.58115033326143,91.10157090046677,67.03658237724858,84.82351311203283,88.82987715478481,85.66843629274209,89.50043718945429,95.24929326744588,60.681521594875576
404093,92.46856894881765,80.29435460059776,107.14156874824442,81.42477224600702,95.48419492853716,111.7760891493576,87.31223782026994,86.18963026861059,101.34530714643435,59.74068264971016,60.72307762741194,94.77740208947772,67.76928820207193,82.98221062854329,78.16399752003913,103.21367585767959,95.91360614831,82.38369705824974,58.35831710475985
348594,63.596432880588054,56.103710270008875,61.06469375060509,52.23591390241769,58.80138032667497,57.291694782286264,66.04068963635731,63.05258799620347,54.547396929271834,39.43839084195188,40.216910698051834,65.30303098910434,39.925543931412015,57.434649679959804,44.252981154051724,58.17782400733083,50.36502169121952,51.986303167641424,40.16520923230095
616796,93.13213846208501,68.77660756763109,76.71637128694832,73.80462237150752,84.36969556145927,76.18791607524128,73.12991310135499,73.64654760708981,78.28746299037468,51.34054977773515,52.63802737817384,85.9019477817178,54.81209141573652,84.50299808697852,67.61448074734476,80.92457728567507,76.89374026878187,81.66099108509272,51.10191165042798
832975,87.84468830089273,96.78240347119973,94.95623279095886,81.44314101139585,89.3394828916329,88.22772626567568,97.53351210612493,102.58074264790946,90.58767517714716,57.505554806994155,60.97897552460358,94.66274800760648,66.08110498902059,81.51817590925704,90.92113890854375,82.5833229649424,80.94781870077459,81.17462294443771,57.168867812828324
899449,84.08081874219154,61.3365103993632,79.29103515977249,64.75998033297402,74.48055170008313,72.69702104654593,69.02869258761118,74.78322003715763,77.31337085509988,47.152623602617666,48.319233472045326,74.89730034453073,53.140870460916716,65.51422898207298,54.32731054500461,66.32387756767648,69.04035627170498,67.02804879832931,47.39206884338545
240139,106.31179751220475,88.4028359494855,86.64891229519833,88.60315051174706,96.67075010693556,93.01670604199973,78.17421530285361,78.47088686321246,84.03177135993366,61.5835730082823,60.503887418774205,97.53406352585523,73.14036383963388,79.55850854868419,75.69166415657277,83.06937958630026,97.32069675153315,84.56745655110225,58.6923240029315
884552,85.48350449015851,75.80801975852071,92.79590266358196,80.50416951121748,89.85618715505078,76.16764327020401,85.17667635212464,86.98525056888778,85.7120721411555,55.52771256581745,55.84744155268857,79.81460964054283,64.98586438870026,78.81364026189108,72.089770412593,80.38282278704197,76.92005695091919,80.8967414195415,57.08471055060549
415769,83.66498728527432,79.04074876610036,79.6774378401465,88.62805131184614,88.72012279353424,87.73237812332125,98.10925718384776,91.05536848490446,99.56150013862953,57.27396780487358,58.255676632677805,110.20589867493368,61.19836109547167,77.2833397738197,72.754184241458,89.40119963711084,79.49838997550941,92.27277024418837,55.36305969333067
150643,68.05315018086264,54.90864882656084,78.1118052976214,60.145341603309824,72.94548294399628,67.18233154335292,58.93606663221256,67.1392727610367,64.23371487847538,43.38137762330861,43.51972560232433,64.43246827698545,45.551215512256846,66.2054332070035,55.35540508315824,62.60016769649392,67.4411940664231,60.02957620907124,41.970654309006704
260038,69.49832678601811,67.82466799310694,66.37139327951915,62.007213798982995,75.2232531604379,79.36423622747854,82.08897403750353,98.33058897243289,77.54217954365163,49.56172439969512,51.05727567513077,88.6155962903452,55.29158812868481,63.40074475451036,58.33291331505138,68.68823477120279,67.73102212726123,70.91778085505592,50.3929076686082
387286,82.70981593090781,73.0128245103495,77.94196413759371,76.98602568002384,85.0851287362127,80.25974212749483,80.81319969457113,72.90689869322676,76.67630798043281,54.45887252680745,52.51245703582235,83.93374169837382,59.28939064694101,72.54307589732772,71.75835898891951,72.44321682796324,74.05336608840636,71.34937990970751,50.08222683210438
32392,91.62095812742521,74.84818636894255,94.04019082325851,95.64789527246562,87.47204146674946,94.01544948250147,101.17755038396564,82.49926894475416,93.08094388871069,58.27148165682513,60.050590170228546,99.11246581290075,73.4231045537729,80.46121021901487,76.2007313614572,87.73951532789096,88.10408583846599,88.94711055714967,59.26110791195602
985202,83.62154385831482,66.39125097098963,100.81631026725094,78.5209359213743,82.81260963835598,97.78570235966124,83.40999491646188,92.78337585105217,90.43644784086109,54.40220379078627,55.92479035163042,81.2288951968595,59.39644468892273,77.06993666557554,69.50179137121496,80.54452361687567,84.58804832634954,83.79976859581436,55.90505988062248
488576,76.54274608554368,78.89483725935328,74.00773462997992,70.80967996829968,86.09018603616393,79.60819032544012,68.54098698355463,81.17209598462814,72.57593145854916,50.007133304617604,51.321485439018325,80.53805477313706,54.21866955722945,69.10125565816334,67.43397618778981,85.19156068274607,73.10493835145991,75.22528667435527,50.6251960198209
786529,67.56515917905057,68.7802876051899,61.75814825721676,59.5789836229045,60.54698883448232,67.44243927533677,66.70427660869086,65.6601962306408,61.488127860698235,40.61509141216383,41.87358110185859,69.07321119469299,41.32688651430374,58.920234284755395,48.98658922255836,61.38895496584221,66.91544816450313,61.54422591113129,41.399630255910466
80860,78.15117299825435,68.39595516600994,72.6343792662569,71.52359419724723,83.817728130605,80.55372202441137,79.15660579854539,79.59557810923171,71.26398632505918,50.0246335822538,53.32163169284715,77.4274994736811,62.18891374795018,69.64972722913927,64.00008248811844,79.5364744200019,82.41331898912242,78.68264642140967,49.0299018459161
740027,82.84026276542974,67.1215818819581,72.07244019117229,68.9138913516963,75.17618407536052,76.74907125826928,68.74360262300009,74.01662724079462,74.06686089803233,49.48066691285351,50.45498579102119,79.29990897835515,56.60011607498511,69.1984353574519,60.73177206579582,70.46001116052231,71.05896891269737,71.46235168885887,48.23304313945104
2988,85.12841905862572,79.25754251321042,73.06769977400086,67.57177437748774,75.02161430265915,72.74871969388701,66.44990383425484,76.85361748763412,72.09605026989482,48.13916182986617,49.33804876663139,78.26116290731755,50.752728529148186,65.57742228647997,64.09636999657472,64.97870337956014,73.40098794742207,68.23492356353766,47.106465921471774
795222,78.59376584125359,69.65563388042484,78.80218748059602,98.74104120537145,80.27502258322816,85.32401778591672,98.25795356975789,78.79851315766126,77.3081466773227,53.77031406310874,54.572330570916876,80.67467779291076,67.92899233920384,74.36425836029133,91.96068438875591,75.48579192756,70.19956117584331,79.52983078521416,53.309537688899454
389628,71.88694995657072,55.655452888704254,63.429567861583706,60.526505287769176,58.451072735057416,55.258282042440655,62.00842224892213,60.41201535227948,60.21904258684698,40.63391784421998,39.90696423177573,63.42291035863054,40.750257213094145,57.07433923915781,47.17034684446702,65.30652941183118,54.26626014392403,57.28373509027402,39.8750451320447
992687,111.31168821551623,84.69121215351669,85.36854938435908,84.17739479686158,95.66860247284602,102.3892176038772,86.5707059083831,79.24532734692278,80.08098067093468,57.63352395890006,58.441931436977285,87.1153980970339,61.660547169568915,89.45013144247216,74.87181540149999,79.44051056966842,85.7281310325512,83.65622170565138,57.997594863981305
767171,65.77634009256585,51.188029751856234,57.47811411916998,55.72235776310024,57.494979159191274,59.88113599325892,66.2596714515181,57.2634451560045,62.22078808352316,39.57834169118986,40.72155108985,70.15010588253568,41.051038558168955,56.81966314275154,47.07795592434126,63.27662300648882,59.951222707896434,64.0913090712059,39.3313572285813
182847,65.26524750552178,59.747296790829544,63.05112318262778,70.25557755058885,70.60176173299818,65.55832457940625,62.56096620031575,63.33898224275374,53.868140413941944,42.61679319721792,43.029819206877434,65.62839863138105,44.24495557656198,57.2926160366505,49.211253646772974,61.06501054896553,62.01493750755521,61.44724283892015,41.55033582364304
258707,63.01622653663445,56.05994238909347,65.56904660644685,57.609709720626775,61.298552193329115,72.0802774100548,60.76749975030458,63.32156514528692,65.41175054149915,41.47876749596651,41.056942811300324,71.53438730417075,41.87482370561165,54.94200315815223,49.79759011827799,59.52926980836692,62.26756304073843,58.11738816312896,40.682759182075266
996195,87.51957864124708,104.92939371889962,81.63611393106878,80.86887933995162,87.9330103403929,78.39614661218681,77.97278765633536,84.47358188106696,83.6690732833305,56.424779711303024,56.324468863580705,106.35955112409049,66.28568205618808,79.3492135376251,74.3109355960194,79.02960049179822,78.90561556401065,75.15153195710121,56.84484242374946
253749,73.86492012773316,53.696355284407076,63.10821532593439,62.7158250370688,56.61858928571371,63.71447776901771,66.72152251681368,63.472303324574185,64.40757818367108,44.47836085290602,45.70739562154531,70.33927581018087,46.54491049967217,62.832885576077146,61.653776680584116,60.90197528604618,58.998205611999595,58.987714237870854,43.620839022360244
856392,70.6920397973953,56.71031595108484,67.65969388118535,76.10792387212271,70.15868814635455,72.78850789711868,69.83076420465405,77.3618777943272,62.50608389323108,45.10460025068074,47.060228088337475,75.75619660023226,47.662751610132986,65.55869191227292,63.76821897932593,60.06694106228156,65.97431304403972,64.9907444431347,46.01980339597229
158540,81.01149954439265,62.78119109563401,66.2915377122677,62.81828491188718,61.10022107279184,68.86092454770576,71.46994517539989,67.86836174544254,63.9777041996202,42.281390980190935,41.86633766711136,70.76948403586917,45.19504762369338,61.4388593493508,50.65588838739215,67.03245191354107,67.48973267980153,63.637738751140944,43.16581125147113
96752,90.59686045870858,82.13607197110895,91.86149122523199,69.88197000134974,73.65087994080086,73.52999956144811,75.05818336297828,68.83750876161119,75.15085926410832,51.34970640219086,51.371583468864,72.97867285715137,59.92387382799562,70.58810720290234,64.40658263291488,76.19783087844957,79.61772567883428,71.40480684716368,53.323304301741274
875575,65.21540651306344,74.52564973777825,88.70059000428637,62.670792369504525,80.87078599888027,80.40463899645115,74.1904437283005,75.50765004527959,75.67213066685619,49.14604124308175,48.922400071099645,69.99580201820733,62.88064769350986,61.92396256983192,58.952007933647124,79.00820286631716,70.46353799836827,77.41960659914,47.49431682699565
219011,69.20128656123872,63.92979879606547,67.82791234048582,51.92553742422025,61.720791677186426,59.68296299134979,60.756301181837635,65.61820574182714,66.96157150345817,41.974560637666734,41.449448386590944,71.67462123644086,41.907835791343345,55.984341775260305,49.853891930862225,55.12369720907326,63.31023477067251,65.05340910111379,43.08817786930626
101165,76.75398318981118,53.31594505866569,65.64152977382301,61.167612538629555,59.40024938379246,67.7443130661141,60.78334553372434,70.52997232420022,61.88071451301641,42.81399732463753,43.58140909862898,69.80847120597078,44.806780106662146,57.632644964484584,62.7215583296611,61.74301269922415,59.19390331285193,59.73324832838885,43.17675849400199
506498,67.50331336743335,53.08358311197272,57.641788535075136,49.449522958473096,57.0838487524081,64.70875237262126,60.04754585296326,57.838172856910255,62.04032079734605,40.48709188329209,39.52236012569088,58.767207641887,42.25169687127635,62.31976971281881,49.64118414195154,60.044122782292305,64.06896308276482,59.30068606693571,39.38583586137699
41417,91.96920912933246,80.59073213801737,104.24011174893295,79.87939678567864,86.08384745033705,89.11716665541121,81.55849056109287,80.3903824674961,80.14892210903417,58.52108399879061,56.615791918614434,95.80141634845543,60.191991657437015,77.00686217617343,71.58530509317357,77.54852732224492,83.19935251438527,74.09581398343855,54.585733084346515
130890,74.82398051134996,49.0333869589092,60.76515255869401,64.69353398712305,71.71091572901256,66.30605328764169,58.624301071542654,65.5578437022804,62.27047210528616,41.8526193560289,41.51555688518396,65.56857449623637,41.78607578758651,61.69766564508398,53.299369597398595,67.86583786784098,57.59507808731724,64.35430601556831,41.684142976081205
708761,61.82593261918468,42.27582121786146,51.07822601698623,47.46532524077834,53.73587411318168,55.23646383011363,53.72169901042274,49.02376221446885,58.7768831137348,35.73782119442309,36.62205116857773,55.1162550587684,36.42292055348081,52.816529432575194,42.51693391304836,54.303604950010545,51.615494162306824,51.36285383249447,35.87185573699429
713667,77.28388106923603,83.04582113852419,76.64579283002406,83.48793455697165,74.83453133215558,80.2246159253799,79.48259231066538,73.57498670524701,85.18843372113699,52.12380587515997,51.59802669718342,94.3588304460211,55.117483816007805,69.29310182036902,62.149257193525244,78.4257702650963,71.49863901661689,70.12868325120803,49.923497211833876
532069,77.86808717749864,61.49972638432665,68.55437651641157,64.10362991778149,71.1959239953714,80.0104547590259,68.84397905933253,80.87339921860296,70.46372888676726,47.10343596258254,48.43230912871308,74.16295978120229,55.87863847777571,64.92421221377856,60.40452272056656,72.12083439647412,69.09136563438307,73.43379386243475,46.15756807930667
940544,72.06833338741981,59.127201569383004,68.54829197619603,62.15788764745074,67.70221287896086,68.56557489903832,67.42258670529995,70.76273040814138,62.20954389611614,44.506108864897456,45.08881526946239,71.1629275325634,45.338451723033245,65.02755497825208,54.304405532277734,63.452679910961734,58.66388824117466,60.12537040345457,43.896980700441944
597787,81.0630761174617,77.33234739610891,79.7888226915969,81.98855433376082,76.39049022059677,82.32831360536177,73.59573591798673,74.66982515705993,70.90310089842325,50.58204037329074,51.34194649968017,85.07159895071105,59.578825356076095,76.37461499698978,70.85868529939236,71.33775224843477,73.9646704669843,76.30545202552975,50.85075218986347
854894,84.63182205537156,62.03457682408819,75.81047719313523,69.48899899352108,68.84187710850294,71.8274622982504,78.5809627315104,82.06172963464117,66.7747776831049,46.40956355221928,47.08942378712163,75.63761139258789,48.380800626665774,66.1651672676877,57.58574467266541,75.54449649806364,76.67631472627542,77.61889790044833,46.43775876277449
533657,73.47146023926786,56.33197851939674,72.35355707681163,58.439935674920264,64.24533605512042,65.84716082739286,62.03040102071296,68.60793757208253,55.88233778135616,43.345971645254664,43.25875372016551,69.35970130288541,42.16692476967753,65.36645704535884,49.874103312696164,62.49065765846649,59.09904985227852,60.85362408101162,41.66776153057134
273441,84.44173142681765,84.87048686544003,77.23762918638896,80.58692815974995,88.42973706694444,87.32948569615309,88.33364722922491,93.7010292347415,81.92547773753545,56.09764342657239,58.24557910785542,90.77923626146787,58.18650361480457,75.53959403272015,70.04084618553607,86.93506828212962,79.25799651525513,83.29420043533366,55.13131186984667
961921,78.6827825574671,54.285790628631894,65.02610051492464,53.781146288500985,59.38115820497772,62.34833214823199,67.57462897949151,61.015341298785515,59.654606979900905,41.11587011472052,41.06432048887961,68.78610009220495,42.94298830776249,58.43093324420653,48.940241882630005,60.782243829256146,62.52253088819545,60.28893058001213,40.459710746144864
321058,81.26825513079291,76.09229687698004,95.66512065041303,70.89894921138517,91.0895851346165,77.39919880068852,82.32690979392054,91.23049838155251,81.48743603695597,53.802315808968544,55.43378127305612,87.04985939806764,56.2621203624559,74.79731768593925,66.5173838436565,76.26275297255869,80.8920767035745,74.71445018406007,53.28592891432831
830963,99.66974225221915,71.28120891973025,79.62361254619407,78.90996308499436,88.32604120132686,80.99318054660809,83.84650150692877,89.21337440513116,91.11188042068775,55.602743637134324,57.0512357191885,88.48979156891133,69.77791159308153,76.38813836947669,99.93576531192163,84.6954305404846,83.9708401198502,83.73138492505383,56.09767665418262
140059,60.876391783647364,49.94272441163524,70.46267199289261,55.63161008212538,60.70780493144935,68.54057616888494,65.18897385628722,59.99957470044359,60.54687594810496,40.80797177266527,40.273494327884634,61.81653420063317,41.00727116304964,56.02092715880817,50.038053889044676,56.24826434604502,54.36812992636197,54.41213189441336,39.78819800110513
38067,75.32380066248992,61.19544281512363,71.99451185111326,57.25412546764102,68.14451353310523,59.631508070416764,61.25311955680145,70.65146715964781,63.87924185499557,44.00683736376226,43.993131910963164,75.76833610549257,46.193283202712436,60.07630181521148,51.77388290206588,65.68674263775716,64.89998230698879,62.71873823946393,43.958511796442096
58301,61.85895007907926,50.38200972143902,52.73754770733716,44.654464288317726,50.0144350683042,52.65277619362588,58.28026987632879,50.65699718090099,51.44818780079024,36.297505725702266,35.9798084207072,55.09396065518176,36.207021516062454,50.495003974545604,43.678948557149,55.13875836307407,49.682811442120205,53.82816245630022,34.83026876066981
747966,92.91680608365017,83.98675953006267,84.47810725357284,99.09822969429851,86.81156203999579,84.6783563746508,91.58686497476555,88.97246212384346,79.0401867426222,58.26877877996812,58.01126387330211,88.59647249561147,63.97167609143413,79.71743692688551,75.74688252594385,83.28701650219627,79.46049907245543,79.36345520245249,56.54039484644603
491890,63.32183783848919,48.50795924060972,63.840998164556254,63.96538457302152,63.96038700735543,66.32775517311296,59.033411644976965,68.49472833254715,64.03798314258583,41.53673112673903,41.48725439503252,69.00013547732101,41.40751552540256,56.239358339108215,50.68444913639077,57.71534075505887,55.63318449605689,53.63374565908176,40.80097059681167
690088,85.5003371695872,85.51148902757053,81.90510386832577,78.10107668989951,92.12464328782832,101.87820848059457,79.97056319620773,95.45167975391476,87.92272410626096,57.50309945020203,57.47265612119272,94.52545091547478,70.27876185232498,88.06844169609755,73.10818273331851,78.15500475497512,79.7451933326534,83.09236871399722,54.330971700134256
597573,73.15935840816803,63.474851760595385,65.10100424508593,62.31396681276034,68.87788198517319,70.17604933015303,65.8421984706294,60.07050357719827,64.01055231968894,45.06170104059269,44.93149403378126,69.17055338841672,46.62696610131377,61.16166116051431,53.090392374277286,63.712032310860806,67.97403867652176,71.84537316888901,44.54631103061774
632695,71.83150909229376,57.911453279868326,58.05067143476059,54.864385348959956,62.2879362660875,58.57646145340478,56.81684806548456,56.77291069418603,55.845732799233744,39.13065767326254,38.926050294333024,60.77915070802936,39.058289528821916,56.80582892307514,47.26621527978872,56.17420722330794,62.017243862534336,55.64579477988002,38.509408654621446
766020,80.4746472559458,66.96340708152881,72.77920670386914,86.04107991953984,67.48687365112553,78.42740804183408,70.0008517539787,65.89296487764048,70.16648199181394,49.06571084673023,47.6332518462402,73.74049755230163,49.72855675979498,78.76968009342691,57.24500425830611,73.75451451323337,69.65446163139758,63.57234986576894,47.18683952476882
862276,58.45569975990878,48.066291321055665,55.72601769058649,51.73233403674226,50.549742932235915,56.665214701353094,55.51543851959615,53.3149958123939,54.795205122271696,36.9248974686326,36.92687221177498,62.31851082650083,37.887212601571406,52.92792199653802,43.92380744112527,55.37267220565778,51.289062185953505,53.87623158325397,36.67774003172593
426634,77.27078885910004,56.15835331581302,75.52676474413808,62.68958801707575,63.08880897902318,66.49069540717716,68.36970444128931,69.27735308102189,67.21198842080983,43.81862717100661,45.11482749829892,66.25317567612505,45.166252489192935,62.708945918135775,53.04804614975505,61.8861755678222,68.70284984683596,61.03806638646914,43.85625382661224
296346,74.3118778783982,64.71904416238763,70.95486495934769,63.5098548490341,81.97850573228865,78.54200792792722,72.51250601561168,74.55811015186752,71.49653238231487,46.64824171272306,47.38040243311528,72.86030066809118,50.4695189557832,66.77659865983736,58.445021939320604,69.5846772356976,68.67566041538313,63.80735831560921,47.649934916185224
126350,84.55167811197913,74.31839714340146,81.93365884068336,76.77422764138842,91.23501521658102,88.34350582770735,90.48167071936517,87.3454937399471,90.26427854626725,58.05444232320553,57.276493061979096,90.8759063570215,71.41324581231692,78.84025729700943,74.44700689777481,82.58827506411818,93.94492476522544,84.22927590224958,55.067519901468245
68571,82.54712641099431,68.99496417914229,73.15060356064012,70.40932715565864,80.00922595287022,65.64282268202868,65.9327528393319,64.7020273062319,68.58275285738122,49.41784035375025,51.143668995637384,76.55328645818257,57.32098455550364,70.95424534601375,76.88749787362215,63.19973943761515,64.61683163503317,69.6801945229735,49.05582919747162
