Seed,Arms_Config
608881,"WI_HOBBIES_1, TX_FOODS_1, TX_FOODS_2, CA_FOODS_1, CA_HOUSEHOLD_1, TX_HOUSEHOLD_1, TX_HOUSEHOLD_2, CA_HOUSEHOLD_2"
307101,"CA_HOBBIES_1, TX_FOODS_1, WI_FOODS_3, TX_FOODS_2, CA_HOUSEHOLD_1, WI_FOODS_2, WI_FOODS_1, TX_HOUSEHOLD_2"
464222,"WI_HOBBIES_1, CA_HOBBIES_1, CA_FOODS_1, CA_FOODS_2, CA_HOUSEHOLD_1, WI_HOUSEHOLD_1, TX_HOBBIES_1, WI_FOODS_1"
824356,"TX_FOODS_1, WI_HOBBIES_1, CA_FOODS_2, WI_FOODS_3, TX_HOUSEHOLD_1, WI_HOUSEHOLD_1, TX_HOBBIES_1, WI_FOODS_1"
517855,"CA_HOBBIES_1, WI_HOUSEHOLD_2, CA_FOODS_1, TX_FOODS_2, CA_HOUSEHOLD_1, WI_HOUSEHOLD_1, TX_HOUSEHOLD_2, CA_HOUSEHOLD_2"
991548,"CA_HOBBIES_1, TX_FOODS_1, TX_FOODS_2, CA_FOODS_1, WI_FOODS_2, CA_HOUSEHOLD_1, CA_HOUSEHOLD_2, WI_FOODS_1"
223291,"TX_FOODS_1, WI_HOUSEHOLD_2, CA_FOODS_2, CA_FOODS_1, WI_HOUSEHOLD_1, WI_FOODS_2, TX_HOUSEHOLD_2, WI_FOODS_1"
393684,"CA_HOBBIES_1, TX_FOODS_1, CA_FOODS_1, CA_FOODS_2, WI_FOODS_2, TX_HOUSEHOLD_1, CA_HOUSEHOLD_2, WI_FOODS_1"
948796,"WI_HOUSEHOLD_2, TX_FOODS_1, TX_FOODS_2, WI_FOODS_3, WI_FOODS_2, TX_HOUSEHOLD_1, TX_HOUSEHOLD_2, WI_FOODS_1"
278865,"WI_HOUSEHOLD_2, TX_FOODS_1, TX_FOODS_2, CA_FOODS_1, CA_HOUSEHOLD_1, TX_HOUSEHOLD_1, CA_HOUSEHOLD_2, TX_HOUSEHOLD_2"
112971,"CA_HOBBIES_1, TX_FOODS_1, WI_FOODS_3, CA_FOODS_1, WI_HOUSEHOLD_1, TX_HOUSEHOLD_1, CA_HOUSEHOLD_2, TX_HOBBIES_1"
699590,"WI_HOUSEHOLD_2, TX_FOODS_1, TX_FOODS_2, CA_FOODS_1, WI_FOODS_2, CA_HOUSEHOLD_1, TX_HOBBIES_1, CA_HOUSEHOLD_2"
29941,"WI_HOUSEHOLD_2, WI_HOBBIES_1, WI_FOODS_3, TX_FOODS_2, WI_HOUSEHOLD_1, CA_HOUSEHOLD_1, TX_HOBBIES_1, TX_HOUSEHOLD_2"
311144,"CA_HOBBIES_1, WI_HOUSEHOLD_2, CA_FOODS_1, WI_FOODS_3, CA_HOUSEHOLD_1, TX_HOUSEHOLD_1, WI_FOODS_1, TX_HOBBIES_1"
473922,"WI_HOBBIES_1, TX_FOODS_1, CA_FOODS_2, TX_FOODS_2, WI_HOUSEHOLD_1, WI_FOODS_2, WI_FOODS_1, CA_HOUSEHOLD_2"
888735,"TX_FOODS_1, WI_HOBBIES_1, WI_FOODS_3, TX_FOODS_2, WI_FOODS_2, TX_HOUSEHOLD_1, CA_HOUSEHOLD_2, TX_HOUSEHOLD_2"
987031,"WI_HOBBIES_1, WI_HOUSEHOLD_2, CA_FOODS_1, CA_FOODS_2, TX_HOUSEHOLD_1, WI_HOUSEHOLD_1, CA_HOUSEHOLD_2, TX_HOBBIES_1"
350467,"TX_FOODS_1, WI_HOBBIES_1, WI_FOODS_3, TX_FOODS_2, WI_FOODS_2, WI_HOUSEHOLD_1, TX_HOUSEHOLD_2, TX_HOBBIES_1"
115882,"TX_FOODS_1, WI_HOBBIES_1, CA_FOODS_1, WI_FOODS_3, WI_HOUSEHOLD_1, WI_FOODS_2, CA_HOUSEHOLD_2, TX_HOBBIES_1"
641666,"TX_FOODS_1, WI_HOBBIES_1, TX_FOODS_2, WI_FOODS_3, WI_FOODS_2, WI_HOUSEHOLD_1, TX_HOUSEHOLD_2, WI_FOODS_1"
507288,"TX_FOODS_1, CA_HOBBIES_1, CA_FOODS_2, TX_FOODS_2, WI_HOUSEHOLD_1, CA_HOUSEHOLD_1, TX_HOUSEHOLD_2, TX_HOBBIES_1"
271931,"CA_HOBBIES_1, TX_FOODS_1, WI_FOODS_3, TX_FOODS_2, TX_HOUSEHOLD_1, CA_HOUSEHOLD_1, TX_HOBBIES_1, CA_HOUSEHOLD_2"
491143,"WI_HOUSEHOLD_2, TX_FOODS_1, WI_FOODS_3, TX_FOODS_2, WI_FOODS_2, CA_HOUSEHOLD_1, CA_HOUSEHOLD_2, TX_HOBBIES_1"
713007,"CA_HOBBIES_1, TX_FOODS_1, CA_FOODS_1, TX_FOODS_2, WI_FOODS_2, CA_HOUSEHOLD_1, WI_FOODS_1, CA_HOUSEHOLD_2"
455837,"WI_HOUSEHOLD_2, WI_HOBBIES_1, CA_FOODS_1, CA_FOODS_2, WI_FOODS_2, TX_HOUSEHOLD_1, WI_FOODS_1, CA_HOUSEHOLD_2"
392308,"WI_HOBBIES_1, TX_FOODS_1, TX_FOODS_2, CA_FOODS_1, CA_HOUSEHOLD_1, WI_FOODS_2, TX_HOBBIES_1, CA_HOUSEHOLD_2"
769388,"TX_FOODS_1, CA_HOBBIES_1, CA_FOODS_1, TX_FOODS_2, WI_HOUSEHOLD_1, TX_HOUSEHOLD_1, CA_HOUSEHOLD_2, TX_HOBBIES_1"
46136,"WI_HOBBIES_1, WI_HOUSEHOLD_2, CA_FOODS_2, CA_FOODS_1, WI_FOODS_2, CA_HOUSEHOLD_1, WI_FOODS_1, TX_HOUSEHOLD_2"
752549,"WI_HOUSEHOLD_2, CA_HOBBIES_1, CA_FOODS_2, CA_FOODS_1, WI_HOUSEHOLD_1, WI_FOODS_2, TX_HOUSEHOLD_2, CA_HOUSEHOLD_2"
92892,"WI_HOUSEHOLD_2, CA_HOBBIES_1, CA_FOODS_1, TX_FOODS_2, TX_HOUSEHOLD_1, WI_HOUSEHOLD_1, TX_HOUSEHOLD_2, TX_HOBBIES_1"
295524,"WI_HOBBIES_1, WI_HOUSEHOLD_2, WI_FOODS_3, CA_FOODS_2, TX_HOUSEHOLD_1, CA_HOUSEHOLD_1, CA_HOUSEHOLD_2, WI_FOODS_1"
338794,"CA_HOBBIES_1, TX_FOODS_1, WI_FOODS_3, CA_FOODS_1, TX_HOUSEHOLD_1, WI_HOUSEHOLD_1, CA_HOUSEHOLD_2, TX_HOUSEHOLD_2"
742179,"TX_FOODS_1, WI_HOUSEHOLD_2, TX_FOODS_2, WI_FOODS_3, WI_HOUSEHOLD_1, TX_HOUSEHOLD_1, WI_FOODS_1, CA_HOUSEHOLD_2"
187684,"WI_HOUSEHOLD_2, WI_HOBBIES_1, TX_FOODS_2, CA_FOODS_2, TX_HOUSEHOLD_1, WI_FOODS_2, TX_HOBBIES_1, CA_HOUSEHOLD_2"
927221,"WI_HOUSEHOLD_2, TX_FOODS_1, CA_FOODS_1, TX_FOODS_2, CA_HOUSEHOLD_1, TX_HOUSEHOLD_1, CA_HOUSEHOLD_2, TX_HOUSEHOLD_2"
954285,"WI_HOBBIES_1, WI_HOUSEHOLD_2, CA_FOODS_2, WI_FOODS_3, WI_FOODS_2, WI_HOUSEHOLD_1, CA_HOUSEHOLD_2, TX_HOUSEHOLD_2"
444351,"WI_HOUSEHOLD_2, WI_HOBBIES_1, CA_FOODS_1, WI_FOODS_3, TX_HOUSEHOLD_1, WI_HOUSEHOLD_1, WI_FOODS_1, TX_HOBBIES_1"
155465,"TX_FOODS_1, WI_HOUSEHOLD_2, CA_FOODS_1, WI_FOODS_3, WI_FOODS_2, TX_HOUSEHOLD_1, CA_HOUSEHOLD_2, TX_HOBBIES_1"
551975,"CA_HOBBIES_1, TX_FOODS_1, WI_FOODS_3, CA_FOODS_1, TX_HOUSEHOLD_1, WI_FOODS_2, CA_HOUSEHOLD_2, TX_HOBBIES_1"
12748,"WI_HOBBIES_1, WI_HOUSEHOLD_2, WI_FOODS_3, TX_FOODS_2, WI_HOUSEHOLD_1, CA_HOUSEHOLD_1, TX_HOBBIES_1, CA_HOUSEHOLD_2"
532315,"TX_FOODS_1, WI_HOBBIES_1, CA_FOODS_1, WI_FOODS_3, CA_HOUSEHOLD_1, WI_HOUSEHOLD_1, CA_HOUSEHOLD_2, TX_HOUSEHOLD_2"
566802,"CA_HOBBIES_1, WI_HOBBIES_1, TX_FOODS_2, CA_FOODS_1, WI_HOUSEHOLD_1, WI_FOODS_2, WI_FOODS_1, TX_HOUSEHOLD_2"
471812,"TX_FOODS_1, WI_HOBBIES_1, CA_FOODS_2, WI_FOODS_3, TX_HOUSEHOLD_1, WI_HOUSEHOLD_1, TX_HOBBIES_1, CA_HOUSEHOLD_2"
746264,"WI_HOUSEHOLD_2, WI_HOBBIES_1, TX_FOODS_2, WI_FOODS_3, WI_FOODS_2, WI_HOUSEHOLD_1, WI_FOODS_1, CA_HOUSEHOLD_2"
757528,"WI_HOUSEHOLD_2, CA_HOBBIES_1, CA_FOODS_2, CA_FOODS_1, WI_FOODS_2, TX_HOUSEHOLD_1, CA_HOUSEHOLD_2, TX_HOUSEHOLD_2"
50466,"TX_FOODS_1, CA_HOBBIES_1, CA_FOODS_1, TX_FOODS_2, WI_FOODS_2, WI_HOUSEHOLD_1, TX_HOBBIES_1, CA_HOUSEHOLD_2"
338267,"WI_HOUSEHOLD_2, WI_HOBBIES_1, TX_FOODS_2, CA_FOODS_2, TX_HOUSEHOLD_1, WI_HOUSEHOLD_1, TX_HOBBIES_1, CA_HOUSEHOLD_2"
716433,"TX_FOODS_1, CA_HOBBIES_1, TX_FOODS_2, CA_FOODS_1, CA_HOUSEHOLD_1, WI_HOUSEHOLD_1, TX_HOUSEHOLD_2, TX_HOBBIES_1"
296641,"CA_HOBBIES_1, WI_HOUSEHOLD_2, CA_FOODS_2, TX_FOODS_2, WI_FOODS_2, WI_HOUSEHOLD_1, TX_HOBBIES_1, TX_HOUSEHOLD_2"
285228,"WI_HOUSEHOLD_2, TX_FOODS_1, WI_FOODS_3, CA_FOODS_2, WI_HOUSEHOLD_1, TX_HOUSEHOLD_1, WI_FOODS_1, CA_HOUSEHOLD_2"
347841,"WI_HOUSEHOLD_2, TX_FOODS_1, WI_FOODS_3, CA_FOODS_2, WI_FOODS_2, WI_HOUSEHOLD_1, TX_HOUSEHOLD_2, WI_FOODS_1"
921239,"WI_HOBBIES_1, CA_HOBBIES_1, CA_FOODS_2, CA_FOODS_1, WI_FOODS_2, WI_HOUSEHOLD_1, TX_HOUSEHOLD_2, WI_FOODS_1"
650635,"WI_HOUSEHOLD_2, TX_FOODS_1, TX_FOODS_2, CA_FOODS_1, WI_HOUSEHOLD_1, WI_FOODS_2, CA_HOUSEHOLD_2, WI_FOODS_1"
263938,"WI_HOUSEHOLD_2, WI_HOBBIES_1, WI_FOODS_3, CA_FOODS_2, CA_HOUSEHOLD_1, TX_HOUSEHOLD_1, TX_HOUSEHOLD_2, TX_HOBBIES_1"
967213,"TX_FOODS_1, WI_HOBBIES_1, WI_FOODS_3, TX_FOODS_2, WI_FOODS_2, CA_HOUSEHOLD_1, CA_HOUSEHOLD_2, TX_HOBBIES_1"
623507,"TX_FOODS_1, WI_HOUSEHOLD_2, TX_FOODS_2, WI_FOODS_3, WI_FOODS_2, CA_HOUSEHOLD_1, TX_HOBBIES_1, WI_FOODS_1"
186986,"WI_HOBBIES_1, CA_HOBBIES_1, CA_FOODS_2, CA_FOODS_1, TX_HOUSEHOLD_1, WI_FOODS_2, CA_HOUSEHOLD_2, TX_HOBBIES_1"
978057,"CA_HOBBIES_1, WI_HOUSEHOLD_2, CA_FOODS_1, TX_FOODS_2, WI_HOUSEHOLD_1, CA_HOUSEHOLD_1, CA_HOUSEHOLD_2, WI_FOODS_1"
75987,"CA_HOBBIES_1, TX_FOODS_1, TX_FOODS_2, WI_FOODS_3, WI_FOODS_2, WI_HOUSEHOLD_1, CA_HOUSEHOLD_2, TX_HOBBIES_1"
222896,"WI_HOBBIES_1, WI_HOUSEHOLD_2, TX_FOODS_2, CA_FOODS_1, CA_HOUSEHOLD_1, WI_FOODS_2, CA_HOUSEHOLD_2, TX_HOUSEHOLD_2"
115681,"WI_HOUSEHOLD_2, CA_HOBBIES_1, CA_FOODS_2, CA_FOODS_1, WI_HOUSEHOLD_1, WI_FOODS_2, WI_FOODS_1, CA_HOUSEHOLD_2"
155337,"WI_HOUSEHOLD_2, TX_FOODS_1, CA_FOODS_2, CA_FOODS_1, WI_HOUSEHOLD_1, CA_HOUSEHOLD_1, TX_HOBBIES_1, WI_FOODS_1"
613470,"WI_HOUSEHOLD_2, TX_FOODS_1, TX_FOODS_2, CA_FOODS_1, CA_HOUSEHOLD_1, WI_HOUSEHOLD_1, TX_HOUSEHOLD_2, TX_HOBBIES_1"
574516,"WI_HOBBIES_1, WI_HOUSEHOLD_2, TX_FOODS_2, CA_FOODS_1, TX_HOUSEHOLD_1, WI_FOODS_2, TX_HOUSEHOLD_2, WI_FOODS_1"
53859,"CA_HOBBIES_1, WI_HOBBIES_1, CA_FOODS_1, TX_FOODS_2, WI_FOODS_2, WI_HOUSEHOLD_1, WI_FOODS_1, TX_HOBBIES_1"
798591,"WI_HOUSEHOLD_2, WI_HOBBIES_1, TX_FOODS_2, WI_FOODS_3, CA_HOUSEHOLD_1, WI_FOODS_2, WI_FOODS_1, CA_HOUSEHOLD_2"
721459,"TX_FOODS_1, WI_HOUSEHOLD_2, WI_FOODS_3, CA_FOODS_2, CA_HOUSEHOLD_1, WI_HOUSEHOLD_1, WI_FOODS_1, TX_HOBBIES_1"
640711,"WI_HOUSEHOLD_2, TX_FOODS_1, CA_FOODS_1, CA_FOODS_2, WI_HOUSEHOLD_1, WI_FOODS_2, WI_FOODS_1, CA_HOUSEHOLD_2"
172439,"WI_HOUSEHOLD_2, TX_FOODS_1, CA_FOODS_1, WI_FOODS_3, TX_HOUSEHOLD_1, WI_FOODS_2, TX_HOBBIES_1, TX_HOUSEHOLD_2"
489168,"WI_HOUSEHOLD_2, WI_HOBBIES_1, CA_FOODS_2, TX_FOODS_2, TX_HOUSEHOLD_1, CA_HOUSEHOLD_1, CA_HOUSEHOLD_2, WI_FOODS_1"
297070,"CA_HOBBIES_1, WI_HOUSEHOLD_2, WI_FOODS_3, CA_FOODS_1, WI_FOODS_2, WI_HOUSEHOLD_1, WI_FOODS_1, TX_HOBBIES_1"
894107,"CA_HOBBIES_1, TX_FOODS_1, WI_FOODS_3, TX_FOODS_2, CA_HOUSEHOLD_1, TX_HOUSEHOLD_1, WI_FOODS_1, TX_HOBBIES_1"
264182,"TX_FOODS_1, WI_HOUSEHOLD_2, WI_FOODS_3, CA_FOODS_1, TX_HOUSEHOLD_1, WI_FOODS_2, TX_HOBBIES_1, CA_HOUSEHOLD_2"
990718,"CA_HOBBIES_1, TX_FOODS_1, CA_FOODS_1, WI_FOODS_3, WI_FOODS_2, CA_HOUSEHOLD_1, TX_HOBBIES_1, WI_FOODS_1"
87053,"WI_HOBBIES_1, TX_FOODS_1, CA_FOODS_1, TX_FOODS_2, WI_HOUSEHOLD_1, WI_FOODS_2, TX_HOBBIES_1, WI_FOODS_1"
928692,"WI_HOBBIES_1, CA_HOBBIES_1, TX_FOODS_2, WI_FOODS_3, TX_HOUSEHOLD_1, WI_FOODS_2, TX_HOUSEHOLD_2, CA_HOUSEHOLD_2"
822013,"WI_HOUSEHOLD_2, TX_FOODS_1, CA_FOODS_2, WI_FOODS_3, CA_HOUSEHOLD_1, TX_HOUSEHOLD_1, WI_FOODS_1, CA_HOUSEHOLD_2"
117975,"TX_FOODS_1, WI_HOUSEHOLD_2, CA_FOODS_2, WI_FOODS_3, WI_HOUSEHOLD_1, WI_FOODS_2, TX_HOBBIES_1, WI_FOODS_1"
860206,"WI_HOUSEHOLD_2, CA_HOBBIES_1, WI_FOODS_3, CA_FOODS_2, WI_FOODS_2, WI_HOUSEHOLD_1, CA_HOUSEHOLD_2, TX_HOUSEHOLD_2"
115015,"WI_HOBBIES_1, WI_HOUSEHOLD_2, CA_FOODS_2, WI_FOODS_3, WI_HOUSEHOLD_1, WI_FOODS_2, WI_FOODS_1, CA_HOUSEHOLD_2"
299561,"TX_FOODS_1, WI_HOUSEHOLD_2, TX_FOODS_2, WI_FOODS_3, CA_HOUSEHOLD_1, WI_FOODS_2, TX_HOBBIES_1, CA_HOUSEHOLD_2"
386963,"WI_HOUSEHOLD_2, WI_HOBBIES_1, CA_FOODS_1, TX_FOODS_2, TX_HOUSEHOLD_1, CA_HOUSEHOLD_1, TX_HOUSEHOLD_2, WI_FOODS_1"
824814,"WI_HOUSEHOLD_2, WI_HOBBIES_1, WI_FOODS_3, CA_FOODS_2, WI_HOUSEHOLD_1, TX_HOUSEHOLD_1, TX_HOUSEHOLD_2, CA_HOUSEHOLD_2"
501162,"WI_HOUSEHOLD_2, WI_HOBBIES_1, CA_FOODS_1, CA_FOODS_2, TX_HOUSEHOLD_1, WI_FOODS_2, CA_HOUSEHOLD_2, WI_FOODS_1"
873343,"TX_FOODS_1, CA_HOBBIES_1, WI_FOODS_3, CA_FOODS_2, WI_FOODS_2, CA_HOUSEHOLD_1, CA_HOUSEHOLD_2, TX_HOBBIES_1"
759357,"WI_HOUSEHOLD_2, CA_HOBBIES_1, TX_FOODS_2, WI_FOODS_3, CA_HOUSEHOLD_1, WI_HOUSEHOLD_1, WI_FOODS_1, TX_HOUSEHOLD_2"
605339,"WI_HOUSEHOLD_2, CA_HOBBIES_1, WI_FOODS_3, TX_FOODS_2, CA_HOUSEHOLD_1, TX_HOUSEHOLD_1, TX_HOBBIES_1, TX_HOUSEHOLD_2"
512445,"CA_HOBBIES_1, WI_HOBBIES_1, CA_FOODS_2, CA_FOODS_1, TX_HOUSEHOLD_1, WI_FOODS_2, TX_HOBBIES_1, CA_HOUSEHOLD_2"
330630,"WI_HOUSEHOLD_2, CA_HOBBIES_1, CA_FOODS_2, CA_FOODS_1, WI_FOODS_2, CA_HOUSEHOLD_1, CA_HOUSEHOLD_2, TX_HOBBIES_1"
885891,"TX_FOODS_1, WI_HOBBIES_1, CA_FOODS_2, TX_FOODS_2, CA_HOUSEHOLD_1, WI_FOODS_2, TX_HOBBIES_1, WI_FOODS_1"
384067,"WI_HOUSEHOLD_2, WI_HOBBIES_1, CA_FOODS_1, WI_FOODS_3, WI_FOODS_2, WI_HOUSEHOLD_1, TX_HOBBIES_1, CA_HOUSEHOLD_2"
319464,"WI_HOUSEHOLD_2, TX_FOODS_1, TX_FOODS_2, CA_FOODS_1, WI_HOUSEHOLD_1, TX_HOUSEHOLD_1, CA_HOUSEHOLD_2, TX_HOUSEHOLD_2"
900517,"TX_FOODS_1, CA_HOBBIES_1, CA_FOODS_2, WI_FOODS_3, TX_HOUSEHOLD_1, CA_HOUSEHOLD_1, WI_FOODS_1, TX_HOBBIES_1"
340813,"TX_FOODS_1, WI_HOBBIES_1, CA_FOODS_2, WI_FOODS_3, WI_FOODS_2, CA_HOUSEHOLD_1, WI_FOODS_1, TX_HOBBIES_1"
141067,"CA_HOBBIES_1, WI_HOBBIES_1, CA_FOODS_1, WI_FOODS_3, TX_HOUSEHOLD_1, WI_FOODS_2, TX_HOUSEHOLD_2, WI_FOODS_1"
572314,"CA_HOBBIES_1, TX_FOODS_1, CA_FOODS_1, CA_FOODS_2, CA_HOUSEHOLD_1, WI_HOUSEHOLD_1, CA_HOUSEHOLD_2, TX_HOUSEHOLD_2"
496151,"WI_HOBBIES_1, WI_HOUSEHOLD_2, WI_FOODS_3, TX_FOODS_2, WI_FOODS_2, CA_HOUSEHOLD_1, WI_FOODS_1, CA_HOUSEHOLD_2"
183225,"TX_FOODS_1, WI_HOBBIES_1, CA_FOODS_2, CA_FOODS_1, WI_HOUSEHOLD_1, CA_HOUSEHOLD_1, TX_HOUSEHOLD_2, CA_HOUSEHOLD_2"
516697,"WI_HOUSEHOLD_2, CA_HOBBIES_1, TX_FOODS_2, WI_FOODS_3, WI_HOUSEHOLD_1, TX_HOUSEHOLD_1, TX_HOBBIES_1, WI_FOODS_1"
502332,"WI_HOBBIES_1, WI_HOUSEHOLD_2, CA_FOODS_1, CA_FOODS_2, WI_FOODS_2, WI_HOUSEHOLD_1, WI_FOODS_1, TX_HOBBIES_1"
321963,"TX_FOODS_1, WI_HOUSEHOLD_2, WI_FOODS_3, CA_FOODS_1, TX_HOUSEHOLD_1, CA_HOUSEHOLD_1, WI_FOODS_1, TX_HOUSEHOLD_2"
741493,"WI_HOBBIES_1, WI_HOUSEHOLD_2, TX_FOODS_2, CA_FOODS_1, CA_HOUSEHOLD_1, WI_HOUSEHOLD_1, TX_HOUSEHOLD_2, WI_FOODS_1"
888027,"WI_HOUSEHOLD_2, CA_HOBBIES_1, WI_FOODS_3, CA_FOODS_1, WI_HOUSEHOLD_1, CA_HOUSEHOLD_1, CA_HOUSEHOLD_2, TX_HOBBIES_1"
199926,"WI_HOBBIES_1, WI_HOUSEHOLD_2, CA_FOODS_2, CA_FOODS_1, WI_FOODS_2, CA_HOUSEHOLD_1, WI_FOODS_1, TX_HOBBIES_1"
315365,"CA_HOBBIES_1, WI_HOBBIES_1, TX_FOODS_2, WI_FOODS_3, TX_HOUSEHOLD_1, CA_HOUSEHOLD_1, CA_HOUSEHOLD_2, TX_HOBBIES_1"
20053,"WI_HOUSEHOLD_2, CA_HOBBIES_1, TX_FOODS_2, CA_FOODS_2, WI_HOUSEHOLD_1, WI_FOODS_2, TX_HOUSEHOLD_2, TX_HOBBIES_1"
704497,"WI_HOBBIES_1, TX_FOODS_1, CA_FOODS_1, WI_FOODS_3, CA_HOUSEHOLD_1, TX_HOUSEHOLD_1, WI_FOODS_1, TX_HOBBIES_1"
255298,"TX_FOODS_1, WI_HOUSEHOLD_2, CA_FOODS_2, WI_FOODS_3, TX_HOUSEHOLD_1, WI_FOODS_2, CA_HOUSEHOLD_2, WI_FOODS_1"
942927,"WI_HOBBIES_1, CA_HOBBIES_1, WI_FOODS_3, CA_FOODS_2, WI_HOUSEHOLD_1, TX_HOUSEHOLD_1, CA_HOUSEHOLD_2, TX_HOUSEHOLD_2"
207350,"WI_HOBBIES_1, TX_FOODS_1, CA_FOODS_1, CA_FOODS_2, WI_FOODS_2, CA_HOUSEHOLD_1, WI_FOODS_1, TX_HOBBIES_1"
669775,"TX_FOODS_1, CA_HOBBIES_1, CA_FOODS_2, CA_FOODS_1, WI_HOUSEHOLD_1, CA_HOUSEHOLD_1, WI_FOODS_1, TX_HOUSEHOLD_2"
676653,"TX_FOODS_1, CA_HOBBIES_1, TX_FOODS_2, CA_FOODS_1, WI_HOUSEHOLD_1, CA_HOUSEHOLD_1, TX_HOBBIES_1, TX_HOUSEHOLD_2"
417905,"CA_HOBBIES_1, WI_HOUSEHOLD_2, WI_FOODS_3, CA_FOODS_2, CA_HOUSEHOLD_1, WI_FOODS_2, WI_FOODS_1, CA_HOUSEHOLD_2"
212211,"WI_HOBBIES_1, TX_FOODS_1, CA_FOODS_2, WI_FOODS_3, TX_HOUSEHOLD_1, WI_HOUSEHOLD_1, TX_HOUSEHOLD_2, WI_FOODS_1"
266426,"CA_HOBBIES_1, WI_HOBBIES_1, CA_FOODS_2, WI_FOODS_3, TX_HOUSEHOLD_1, CA_HOUSEHOLD_1, TX_HOBBIES_1, TX_HOUSEHOLD_2"
961888,"WI_HOBBIES_1, CA_HOBBIES_1, WI_FOODS_3, CA_FOODS_1, TX_HOUSEHOLD_1, CA_HOUSEHOLD_1, TX_HOBBIES_1, WI_FOODS_1"
91627,"WI_HOUSEHOLD_2, TX_FOODS_1, CA_FOODS_1, CA_FOODS_2, WI_HOUSEHOLD_1, WI_FOODS_2, TX_HOBBIES_1, TX_HOUSEHOLD_2"
644065,"WI_HOUSEHOLD_2, WI_HOBBIES_1, CA_FOODS_2, CA_FOODS_1, WI_FOODS_2, CA_HOUSEHOLD_1, TX_HOUSEHOLD_2, CA_HOUSEHOLD_2"
369506,"WI_HOUSEHOLD_2, TX_FOODS_1, TX_FOODS_2, WI_FOODS_3, WI_HOUSEHOLD_1, CA_HOUSEHOLD_1, TX_HOBBIES_1, TX_HOUSEHOLD_2"
511644,"WI_HOBBIES_1, CA_HOBBIES_1, CA_FOODS_2, CA_FOODS_1, TX_HOUSEHOLD_1, CA_HOUSEHOLD_1, TX_HOUSEHOLD_2, TX_HOBBIES_1"
255764,"WI_HOBBIES_1, CA_HOBBIES_1, WI_FOODS_3, TX_FOODS_2, CA_HOUSEHOLD_1, WI_HOUSEHOLD_1, TX_HOBBIES_1, WI_FOODS_1"
561735,"CA_HOBBIES_1, WI_HOUSEHOLD_2, CA_FOODS_2, CA_FOODS_1, TX_HOUSEHOLD_1, WI_FOODS_2, TX_HOUSEHOLD_2, WI_FOODS_1"
65161,"TX_FOODS_1, CA_HOBBIES_1, TX_FOODS_2, CA_FOODS_1, WI_HOUSEHOLD_1, TX_HOUSEHOLD_1, WI_FOODS_1, TX_HOUSEHOLD_2"
636993,"TX_FOODS_1, CA_HOBBIES_1, CA_FOODS_1, WI_FOODS_3, WI_FOODS_2, CA_HOUSEHOLD_1, TX_HOUSEHOLD_2, TX_HOBBIES_1"
52060,"WI_HOBBIES_1, WI_HOUSEHOLD_2, WI_FOODS_3, TX_FOODS_2, TX_HOUSEHOLD_1, WI_FOODS_2, CA_HOUSEHOLD_2, TX_HOBBIES_1"
311277,"CA_HOBBIES_1, WI_HOBBIES_1, TX_FOODS_2, CA_FOODS_2, CA_HOUSEHOLD_1, WI_FOODS_2, WI_FOODS_1, CA_HOUSEHOLD_2"
109197,"TX_FOODS_1, CA_HOBBIES_1, TX_FOODS_2, WI_FOODS_3, CA_HOUSEHOLD_1, WI_HOUSEHOLD_1, WI_FOODS_1, TX_HOUSEHOLD_2"
19878,"TX_FOODS_1, WI_HOUSEHOLD_2, TX_FOODS_2, CA_FOODS_1, WI_HOUSEHOLD_1, TX_HOUSEHOLD_1, WI_FOODS_1, CA_HOUSEHOLD_2"
825128,"WI_HOUSEHOLD_2, TX_FOODS_1, CA_FOODS_1, TX_FOODS_2, TX_HOUSEHOLD_1, WI_FOODS_2, WI_FOODS_1, TX_HOUSEHOLD_2"
239153,"CA_HOBBIES_1, TX_FOODS_1, CA_FOODS_1, CA_FOODS_2, WI_HOUSEHOLD_1, TX_HOUSEHOLD_1, TX_HOBBIES_1, TX_HOUSEHOLD_2"
380981,"WI_HOBBIES_1, TX_FOODS_1, TX_FOODS_2, WI_FOODS_3, WI_HOUSEHOLD_1, TX_HOUSEHOLD_1, WI_FOODS_1, CA_HOUSEHOLD_2"
236392,"CA_HOBBIES_1, WI_HOUSEHOLD_2, TX_FOODS_2, WI_FOODS_3, WI_FOODS_2, TX_HOUSEHOLD_1, TX_HOUSEHOLD_2, TX_HOBBIES_1"
696526,"WI_HOBBIES_1, WI_HOUSEHOLD_2, TX_FOODS_2, WI_FOODS_3, WI_HOUSEHOLD_1, CA_HOUSEHOLD_1, CA_HOUSEHOLD_2, TX_HOBBIES_1"
309997,"CA_HOBBIES_1, WI_HOUSEHOLD_2, CA_FOODS_2, WI_FOODS_3, TX_HOUSEHOLD_1, WI_FOODS_2, WI_FOODS_1, TX_HOUSEHOLD_2"
716322,"WI_HOBBIES_1, TX_FOODS_1, WI_FOODS_3, CA_FOODS_2, WI_FOODS_2, TX_HOUSEHOLD_1, TX_HOBBIES_1, TX_HOUSEHOLD_2"
654068,"CA_HOBBIES_1, WI_HOUSEHOLD_2, WI_FOODS_3, CA_FOODS_2, CA_HOUSEHOLD_1, TX_HOUSEHOLD_1, TX_HOUSEHOLD_2, CA_HOUSEHOLD_2"
879802,"TX_FOODS_1, CA_HOBBIES_1, CA_FOODS_2, CA_FOODS_1, WI_FOODS_2, CA_HOUSEHOLD_1, TX_HOBBIES_1, TX_HOUSEHOLD_2"
252691,"TX_FOODS_1, WI_HOUSEHOLD_2, WI_FOODS_3, CA_FOODS_1, WI_HOUSEHOLD_1, WI_FOODS_2, CA_HOUSEHOLD_2, TX_HOUSEHOLD_2"
962069,"WI_HOBBIES_1, WI_HOUSEHOLD_2, CA_FOODS_1, WI_FOODS_3, TX_HOUSEHOLD_1, CA_HOUSEHOLD_1, WI_FOODS_1, TX_HOUSEHOLD_2"
179686,"TX_FOODS_1, CA_HOBBIES_1, TX_FOODS_2, CA_FOODS_2, TX_HOUSEHOLD_1, CA_HOUSEHOLD_1, CA_HOUSEHOLD_2, WI_FOODS_1"
457599,"WI_HOUSEHOLD_2, WI_HOBBIES_1, CA_FOODS_2, WI_FOODS_3, WI_HOUSEHOLD_1, TX_HOUSEHOLD_1, CA_HOUSEHOLD_2, WI_FOODS_1"
704446,"CA_HOBBIES_1, TX_FOODS_1, CA_FOODS_1, WI_FOODS_3, TX_HOUSEHOLD_1, WI_FOODS_2, TX_HOBBIES_1, CA_HOUSEHOLD_2"
182730,"WI_HOUSEHOLD_2, TX_FOODS_1, CA_FOODS_1, CA_FOODS_2, WI_FOODS_2, CA_HOUSEHOLD_1, WI_FOODS_1, TX_HOUSEHOLD_2"
435351,"WI_HOUSEHOLD_2, CA_HOBBIES_1, CA_FOODS_2, CA_FOODS_1, TX_HOUSEHOLD_1, WI_FOODS_2, TX_HOUSEHOLD_2, CA_HOUSEHOLD_2"
654488,"CA_HOBBIES_1, WI_HOBBIES_1, CA_FOODS_2, WI_FOODS_3, WI_FOODS_2, TX_HOUSEHOLD_1, TX_HOBBIES_1, WI_FOODS_1"
108783,"CA_HOBBIES_1, TX_FOODS_1, TX_FOODS_2, CA_FOODS_1, TX_HOUSEHOLD_1, CA_HOUSEHOLD_1, CA_HOUSEHOLD_2, TX_HOBBIES_1"
50198,"WI_HOBBIES_1, TX_FOODS_1, TX_FOODS_2, WI_FOODS_3, WI_HOUSEHOLD_1, WI_FOODS_2, WI_FOODS_1, TX_HOBBIES_1"
797267,"WI_HOBBIES_1, WI_HOUSEHOLD_2, TX_FOODS_2, WI_FOODS_3, WI_FOODS_2, TX_HOUSEHOLD_1, CA_HOUSEHOLD_2, TX_HOUSEHOLD_2"
146419,"CA_HOBBIES_1, WI_HOUSEHOLD_2, TX_FOODS_2, CA_FOODS_2, WI_HOUSEHOLD_1, TX_HOUSEHOLD_1, WI_FOODS_1, CA_HOUSEHOLD_2"
936954,"WI_HOBBIES_1, TX_FOODS_1, WI_FOODS_3, TX_FOODS_2, WI_FOODS_2, TX_HOUSEHOLD_1, TX_HOBBIES_1, CA_HOUSEHOLD_2"
140126,"TX_FOODS_1, WI_HOUSEHOLD_2, CA_FOODS_2, WI_FOODS_3, WI_HOUSEHOLD_1, WI_FOODS_2, TX_HOBBIES_1, TX_HOUSEHOLD_2"
715121,"WI_HOBBIES_1, CA_HOBBIES_1, CA_FOODS_1, WI_FOODS_3, WI_FOODS_2, WI_HOUSEHOLD_1, CA_HOUSEHOLD_2, TX_HOBBIES_1"
720221,"TX_FOODS_1, WI_HOUSEHOLD_2, CA_FOODS_1, CA_FOODS_2, WI_FOODS_2, TX_HOUSEHOLD_1, TX_HOBBIES_1, WI_FOODS_1"
607468,"WI_HOUSEHOLD_2, CA_HOBBIES_1, WI_FOODS_3, TX_FOODS_2, WI_FOODS_2, WI_HOUSEHOLD_1, CA_HOUSEHOLD_2, WI_FOODS_1"
348686,"CA_HOBBIES_1, WI_HOBBIES_1, TX_FOODS_2, WI_FOODS_3, WI_FOODS_2, TX_HOUSEHOLD_1, WI_FOODS_1, CA_HOUSEHOLD_2"
231781,"CA_HOBBIES_1, TX_FOODS_1, CA_FOODS_2, WI_FOODS_3, CA_HOUSEHOLD_1, WI_HOUSEHOLD_1, WI_FOODS_1, TX_HOUSEHOLD_2"
636634,"TX_FOODS_1, CA_HOBBIES_1, WI_FOODS_3, TX_FOODS_2, TX_HOUSEHOLD_1, CA_HOUSEHOLD_1, TX_HOBBIES_1, CA_HOUSEHOLD_2"
214310,"WI_HOBBIES_1, TX_FOODS_1, TX_FOODS_2, WI_FOODS_3, WI_HOUSEHOLD_1, TX_HOUSEHOLD_1, CA_HOUSEHOLD_2, WI_FOODS_1"
597966,"WI_HOUSEHOLD_2, TX_FOODS_1, CA_FOODS_1, TX_FOODS_2, CA_HOUSEHOLD_1, TX_HOUSEHOLD_1, CA_HOUSEHOLD_2, TX_HOUSEHOLD_2"
580299,"WI_HOUSEHOLD_2, TX_FOODS_1, TX_FOODS_2, CA_FOODS_1, CA_HOUSEHOLD_1, WI_FOODS_2, TX_HOBBIES_1, TX_HOUSEHOLD_2"
189538,"TX_FOODS_1, WI_HOBBIES_1, TX_FOODS_2, CA_FOODS_1, CA_HOUSEHOLD_1, WI_HOUSEHOLD_1, TX_HOUSEHOLD_2, WI_FOODS_1"
434829,"WI_HOBBIES_1, WI_HOUSEHOLD_2, CA_FOODS_1, TX_FOODS_2, WI_HOUSEHOLD_1, TX_HOUSEHOLD_1, WI_FOODS_1, TX_HOBBIES_1"
182243,"TX_FOODS_1, CA_HOBBIES_1, CA_FOODS_1, WI_FOODS_3, WI_FOODS_2, WI_HOUSEHOLD_1, TX_HOUSEHOLD_2, CA_HOUSEHOLD_2"
457413,"WI_HOBBIES_1, TX_FOODS_1, CA_FOODS_2, CA_FOODS_1, TX_HOUSEHOLD_1, WI_FOODS_2, CA_HOUSEHOLD_2, TX_HOUSEHOLD_2"
459726,"CA_HOBBIES_1, WI_HOUSEHOLD_2, CA_FOODS_2, CA_FOODS_1, CA_HOUSEHOLD_1, WI_HOUSEHOLD_1, TX_HOUSEHOLD_2, WI_FOODS_1"
617867,"WI_HOBBIES_1, TX_FOODS_1, CA_FOODS_2, TX_FOODS_2, WI_FOODS_2, TX_HOUSEHOLD_1, TX_HOBBIES_1, TX_HOUSEHOLD_2"
153198,"TX_FOODS_1, WI_HOUSEHOLD_2, CA_FOODS_1, WI_FOODS_3, WI_FOODS_2, WI_HOUSEHOLD_1, TX_HOBBIES_1, TX_HOUSEHOLD_2"
342062,"CA_HOBBIES_1, WI_HOUSEHOLD_2, CA_FOODS_1, TX_FOODS_2, WI_FOODS_2, WI_HOUSEHOLD_1, WI_FOODS_1, TX_HOUSEHOLD_2"
813721,"WI_HOBBIES_1, CA_HOBBIES_1, WI_FOODS_3, CA_FOODS_2, TX_HOUSEHOLD_1, WI_HOUSEHOLD_1, WI_FOODS_1, TX_HOUSEHOLD_2"
513587,"CA_HOBBIES_1, WI_HOUSEHOLD_2, WI_FOODS_3, TX_FOODS_2, TX_HOUSEHOLD_1, WI_HOUSEHOLD_1, TX_HOBBIES_1, CA_HOUSEHOLD_2"
14234,"WI_HOBBIES_1, TX_FOODS_1, TX_FOODS_2, CA_FOODS_1, WI_HOUSEHOLD_1, TX_HOUSEHOLD_1, TX_HOUSEHOLD_2, CA_HOUSEHOLD_2"
387847,"WI_HOBBIES_1, TX_FOODS_1, CA_FOODS_2, WI_FOODS_3, CA_HOUSEHOLD_1, WI_FOODS_2, CA_HOUSEHOLD_2, WI_FOODS_1"
39354,"TX_FOODS_1, WI_HOUSEHOLD_2, TX_FOODS_2, WI_FOODS_3, TX_HOUSEHOLD_1, WI_HOUSEHOLD_1, TX_HOBBIES_1, WI_FOODS_1"
673264,"TX_FOODS_1, WI_HOBBIES_1, CA_FOODS_2, TX_FOODS_2, WI_HOUSEHOLD_1, TX_HOUSEHOLD_1, TX_HOBBIES_1, WI_FOODS_1"
510581,"WI_HOUSEHOLD_2, WI_HOBBIES_1, TX_FOODS_2, WI_FOODS_3, WI_FOODS_2, CA_HOUSEHOLD_1, WI_FOODS_1, CA_HOUSEHOLD_2"
10750,"CA_HOBBIES_1, WI_HOUSEHOLD_2, CA_FOODS_1, WI_FOODS_3, CA_HOUSEHOLD_1, WI_FOODS_2, CA_HOUSEHOLD_2, TX_HOBBIES_1"
250000,"TX_FOODS_1, WI_HOBBIES_1, CA_FOODS_2, CA_FOODS_1, TX_HOUSEHOLD_1, CA_HOUSEHOLD_1, WI_FOODS_1, TX_HOBBIES_1"
897395,"TX_FOODS_1, CA_HOBBIES_1, CA_FOODS_1, WI_FOODS_3, TX_HOUSEHOLD_1, CA_HOUSEHOLD_1, TX_HOBBIES_1, WI_FOODS_1"
711688,"CA_HOBBIES_1, WI_HOBBIES_1, CA_FOODS_1, TX_FOODS_2, CA_HOUSEHOLD_1, WI_HOUSEHOLD_1, TX_HOUSEHOLD_2, TX_HOBBIES_1"
803118,"TX_FOODS_1, CA_HOBBIES_1, CA_FOODS_2, TX_FOODS_2, WI_HOUSEHOLD_1, CA_HOUSEHOLD_1, WI_FOODS_1, CA_HOUSEHOLD_2"
288287,"WI_HOUSEHOLD_2, TX_FOODS_1, WI_FOODS_3, CA_FOODS_1, CA_HOUSEHOLD_1, WI_FOODS_2, TX_HOBBIES_1, TX_HOUSEHOLD_2"
230692,"CA_HOBBIES_1, TX_FOODS_1, CA_FOODS_1, CA_FOODS_2, CA_HOUSEHOLD_1, WI_FOODS_2, CA_HOUSEHOLD_2, WI_FOODS_1"
305640,"TX_FOODS_1, WI_HOUSEHOLD_2, WI_FOODS_3, CA_FOODS_2, CA_HOUSEHOLD_1, WI_FOODS_2, TX_HOBBIES_1, TX_HOUSEHOLD_2"
492358,"CA_HOBBIES_1, WI_HOUSEHOLD_2, WI_FOODS_3, CA_FOODS_2, WI_FOODS_2, TX_HOUSEHOLD_1, WI_FOODS_1, TX_HOUSEHOLD_2"
732836,"TX_FOODS_1, CA_HOBBIES_1, WI_FOODS_3, CA_FOODS_1, TX_HOUSEHOLD_1, CA_HOUSEHOLD_1, TX_HOBBIES_1, TX_HOUSEHOLD_2"
657348,"TX_FOODS_1, WI_HOBBIES_1, TX_FOODS_2, WI_FOODS_3, TX_HOUSEHOLD_1, WI_HOUSEHOLD_1, TX_HOUSEHOLD_2, TX_HOBBIES_1"
887694,"CA_HOBBIES_1, WI_HOUSEHOLD_2, CA_FOODS_1, CA_FOODS_2, WI_FOODS_2, CA_HOUSEHOLD_1, TX_HOBBIES_1, TX_HOUSEHOLD_2"
237727,"WI_HOUSEHOLD_2, CA_HOBBIES_1, TX_FOODS_2, CA_FOODS_1, CA_HOUSEHOLD_1, TX_HOUSEHOLD_1, TX_HOUSEHOLD_2, WI_FOODS_1"
95664,"CA_HOBBIES_1, WI_HOUSEHOLD_2, TX_FOODS_2, WI_FOODS_3, WI_FOODS_2, CA_HOUSEHOLD_1, WI_FOODS_1, CA_HOUSEHOLD_2"
44137,"TX_FOODS_1, WI_HOUSEHOLD_2, WI_FOODS_3, CA_FOODS_2, CA_HOUSEHOLD_1, WI_FOODS_2, TX_HOBBIES_1, TX_HOUSEHOLD_2"
487877,"TX_FOODS_1, CA_HOBBIES_1, WI_FOODS_3, CA_FOODS_2, TX_HOUSEHOLD_1, WI_HOUSEHOLD_1, CA_HOUSEHOLD_2, TX_HOBBIES_1"
626740,"TX_FOODS_1, CA_HOBBIES_1, WI_FOODS_3, CA_FOODS_2, WI_HOUSEHOLD_1, WI_FOODS_2, TX_HOUSEHOLD_2, TX_HOBBIES_1"
111946,"TX_FOODS_1, WI_HOUSEHOLD_2, CA_FOODS_1, TX_FOODS_2, WI_HOUSEHOLD_1, CA_HOUSEHOLD_1, TX_HOBBIES_1, CA_HOUSEHOLD_2"
620167,"TX_FOODS_1, CA_HOBBIES_1, CA_FOODS_2, WI_FOODS_3, WI_HOUSEHOLD_1, WI_FOODS_2, TX_HOBBIES_1, WI_FOODS_1"
633116,"TX_FOODS_1, CA_HOBBIES_1, CA_FOODS_2, WI_FOODS_3, WI_FOODS_2, WI_HOUSEHOLD_1, TX_HOBBIES_1, WI_FOODS_1"
36535,"WI_HOBBIES_1, WI_HOUSEHOLD_2, CA_FOODS_2, CA_FOODS_1, WI_HOUSEHOLD_1, WI_FOODS_2, TX_HOUSEHOLD_2, CA_HOUSEHOLD_2"
826844,"CA_HOBBIES_1, WI_HOBBIES_1, CA_FOODS_1, CA_FOODS_2, WI_HOUSEHOLD_1, CA_HOUSEHOLD_1, WI_FOODS_1, TX_HOUSEHOLD_2"
39167,"CA_HOBBIES_1, WI_HOBBIES_1, TX_FOODS_2, CA_FOODS_1, WI_HOUSEHOLD_1, CA_HOUSEHOLD_1, WI_FOODS_1, TX_HOUSEHOLD_2"
997339,"WI_HOUSEHOLD_2, WI_HOBBIES_1, CA_FOODS_2, CA_FOODS_1, WI_FOODS_2, WI_HOUSEHOLD_1, CA_HOUSEHOLD_2, TX_HOUSEHOLD_2"
51533,"WI_HOBBIES_1, WI_HOUSEHOLD_2, TX_FOODS_2, WI_FOODS_3, WI_HOUSEHOLD_1, WI_FOODS_2, TX_HOUSEHOLD_2, TX_HOBBIES_1"
450789,"CA_HOBBIES_1, WI_HOUSEHOLD_2, CA_FOODS_2, CA_FOODS_1, TX_HOUSEHOLD_1, CA_HOUSEHOLD_1, TX_HOBBIES_1, CA_HOUSEHOLD_2"
476349,"CA_HOBBIES_1, WI_HOBBIES_1, CA_FOODS_1, CA_FOODS_2, WI_HOUSEHOLD_1, CA_HOUSEHOLD_1, WI_FOODS_1, TX_HOUSEHOLD_2"
940783,"WI_HOBBIES_1, WI_HOUSEHOLD_2, CA_FOODS_2, WI_FOODS_3, CA_HOUSEHOLD_1, WI_FOODS_2, TX_HOUSEHOLD_2, CA_HOUSEHOLD_2"
76839,"WI_HOUSEHOLD_2, WI_HOBBIES_1, WI_FOODS_3, CA_FOODS_2, CA_HOUSEHOLD_1, TX_HOUSEHOLD_1, TX_HOBBIES_1, CA_HOUSEHOLD_2"
384047,"TX_FOODS_1, WI_HOBBIES_1, CA_FOODS_1, CA_FOODS_2, CA_HOUSEHOLD_1, WI_HOUSEHOLD_1, TX_HOBBIES_1, WI_FOODS_1"
520453,"TX_FOODS_1, WI_HOUSEHOLD_2, CA_FOODS_2, WI_FOODS_3, WI_HOUSEHOLD_1, WI_FOODS_2, CA_HOUSEHOLD_2, TX_HOBBIES_1"
385173,"CA_HOBBIES_1, TX_FOODS_1, CA_FOODS_2, CA_FOODS_1, WI_FOODS_2, WI_HOUSEHOLD_1, WI_FOODS_1, TX_HOBBIES_1"
874184,"WI_HOBBIES_1, TX_FOODS_1, WI_FOODS_3, CA_FOODS_2, WI_HOUSEHOLD_1, TX_HOUSEHOLD_1, WI_FOODS_1, TX_HOUSEHOLD_2"
294907,"WI_HOUSEHOLD_2, TX_FOODS_1, CA_FOODS_2, WI_FOODS_3, WI_HOUSEHOLD_1, TX_HOUSEHOLD_1, TX_HOUSEHOLD_2, CA_HOUSEHOLD_2"
816290,"CA_HOBBIES_1, WI_HOBBIES_1, CA_FOODS_2, CA_FOODS_1, WI_FOODS_2, TX_HOUSEHOLD_1, TX_HOBBIES_1, WI_FOODS_1"
474877,"WI_HOBBIES_1, TX_FOODS_1, WI_FOODS_3, CA_FOODS_2, TX_HOUSEHOLD_1, CA_HOUSEHOLD_1, WI_FOODS_1, TX_HOBBIES_1"
126155,"WI_HOBBIES_1, TX_FOODS_1, TX_FOODS_2, CA_FOODS_2, CA_HOUSEHOLD_1, TX_HOUSEHOLD_1, CA_HOUSEHOLD_2, TX_HOBBIES_1"
7837,"CA_HOBBIES_1, TX_FOODS_1, TX_FOODS_2, CA_FOODS_1, TX_HOUSEHOLD_1, WI_FOODS_2, WI_FOODS_1, CA_HOUSEHOLD_2"
716848,"CA_HOBBIES_1, WI_HOUSEHOLD_2, CA_FOODS_1, WI_FOODS_3, WI_FOODS_2, CA_HOUSEHOLD_1, CA_HOUSEHOLD_2, WI_FOODS_1"
920688,"TX_FOODS_1, WI_HOBBIES_1, WI_FOODS_3, TX_FOODS_2, CA_HOUSEHOLD_1, WI_FOODS_2, TX_HOUSEHOLD_2, WI_FOODS_1"
492901,"TX_FOODS_1, WI_HOUSEHOLD_2, CA_FOODS_2, WI_FOODS_3, WI_HOUSEHOLD_1, TX_HOUSEHOLD_1, WI_FOODS_1, CA_HOUSEHOLD_2"
976422,"TX_FOODS_1, CA_HOBBIES_1, TX_FOODS_2, CA_FOODS_1, TX_HOUSEHOLD_1, CA_HOUSEHOLD_1, CA_HOUSEHOLD_2, TX_HOBBIES_1"
228684,"WI_HOBBIES_1, TX_FOODS_1, CA_FOODS_2, TX_FOODS_2, WI_FOODS_2, TX_HOUSEHOLD_1, WI_FOODS_1, CA_HOUSEHOLD_2"
129437,"WI_HOBBIES_1, WI_HOUSEHOLD_2, CA_FOODS_1, CA_FOODS_2, TX_HOUSEHOLD_1, WI_HOUSEHOLD_1, TX_HOBBIES_1, WI_FOODS_1"
594830,"WI_HOBBIES_1, WI_HOUSEHOLD_2, WI_FOODS_3, TX_FOODS_2, TX_HOUSEHOLD_1, WI_HOUSEHOLD_1, CA_HOUSEHOLD_2, TX_HOUSEHOLD_2"
148905,"TX_FOODS_1, CA_HOBBIES_1, CA_FOODS_2, WI_FOODS_3, TX_HOUSEHOLD_1, CA_HOUSEHOLD_1, WI_FOODS_1, CA_HOUSEHOLD_2"
723759,"WI_HOUSEHOLD_2, WI_HOBBIES_1, WI_FOODS_3, TX_FOODS_2, WI_HOUSEHOLD_1, CA_HOUSEHOLD_1, TX_HOBBIES_1, CA_HOUSEHOLD_2"
437248,"TX_FOODS_1, WI_HOUSEHOLD_2, TX_FOODS_2, CA_FOODS_1, WI_FOODS_2, CA_HOUSEHOLD_1, TX_HOBBIES_1, WI_FOODS_1"
900386,"TX_FOODS_1, WI_HOBBIES_1, WI_FOODS_3, TX_FOODS_2, TX_HOUSEHOLD_1, WI_FOODS_2, TX_HOBBIES_1, CA_HOUSEHOLD_2"
538151,"WI_HOUSEHOLD_2, CA_HOBBIES_1, TX_FOODS_2, CA_FOODS_2, TX_HOUSEHOLD_1, WI_HOUSEHOLD_1, CA_HOUSEHOLD_2, TX_HOUSEHOLD_2"
791654,"TX_FOODS_1, CA_HOBBIES_1, WI_FOODS_3, TX_FOODS_2, TX_HOUSEHOLD_1, WI_FOODS_2, TX_HOBBIES_1, CA_HOUSEHOLD_2"
803742,"CA_HOBBIES_1, WI_HOUSEHOLD_2, CA_FOODS_1, WI_FOODS_3, TX_HOUSEHOLD_1, WI_FOODS_2, CA_HOUSEHOLD_2, TX_HOUSEHOLD_2"
760807,"TX_FOODS_1, WI_HOUSEHOLD_2, CA_FOODS_2, TX_FOODS_2, CA_HOUSEHOLD_1, WI_FOODS_2, WI_FOODS_1, TX_HOUSEHOLD_2"
424368,"TX_FOODS_1, WI_HOBBIES_1, CA_FOODS_2, TX_FOODS_2, WI_HOUSEHOLD_1, CA_HOUSEHOLD_1, WI_FOODS_1, CA_HOUSEHOLD_2"
62199,"WI_HOUSEHOLD_2, TX_FOODS_1, WI_FOODS_3, TX_FOODS_2, WI_HOUSEHOLD_1, TX_HOUSEHOLD_1, TX_HOBBIES_1, TX_HOUSEHOLD_2"
222710,"WI_HOBBIES_1, CA_HOBBIES_1, CA_FOODS_1, TX_FOODS_2, WI_FOODS_2, TX_HOUSEHOLD_1, TX_HOBBIES_1, TX_HOUSEHOLD_2"
319903,"WI_HOUSEHOLD_2, WI_HOBBIES_1, WI_FOODS_3, CA_FOODS_2, CA_HOUSEHOLD_1, WI_FOODS_2, TX_HOBBIES_1, TX_HOUSEHOLD_2"
831362,"CA_HOBBIES_1, TX_FOODS_1, WI_FOODS_3, CA_FOODS_2, CA_HOUSEHOLD_1, WI_FOODS_2, WI_FOODS_1, CA_HOUSEHOLD_2"
668635,"WI_HOBBIES_1, TX_FOODS_1, CA_FOODS_2, WI_FOODS_3, WI_HOUSEHOLD_1, TX_HOUSEHOLD_1, CA_HOUSEHOLD_2, TX_HOBBIES_1"
378911,"CA_HOBBIES_1, WI_HOUSEHOLD_2, CA_FOODS_1, TX_FOODS_2, CA_HOUSEHOLD_1, WI_FOODS_2, CA_HOUSEHOLD_2, TX_HOBBIES_1"
614717,"WI_HOUSEHOLD_2, TX_FOODS_1, CA_FOODS_1, TX_FOODS_2, WI_FOODS_2, CA_HOUSEHOLD_1, CA_HOUSEHOLD_2, TX_HOBBIES_1"
932872,"TX_FOODS_1, WI_HOBBIES_1, TX_FOODS_2, CA_FOODS_1, TX_HOUSEHOLD_1, WI_HOUSEHOLD_1, TX_HOBBIES_1, TX_HOUSEHOLD_2"
933750,"WI_HOBBIES_1, TX_FOODS_1, TX_FOODS_2, WI_FOODS_3, CA_HOUSEHOLD_1, TX_HOUSEHOLD_1, CA_HOUSEHOLD_2, TX_HOUSEHOLD_2"
992848,"WI_HOUSEHOLD_2, TX_FOODS_1, CA_FOODS_1, CA_FOODS_2, CA_HOUSEHOLD_1, WI_FOODS_2, WI_FOODS_1, CA_HOUSEHOLD_2"
455421,"CA_HOBBIES_1, WI_HOUSEHOLD_2, WI_FOODS_3, CA_FOODS_1, TX_HOUSEHOLD_1, CA_HOUSEHOLD_1, WI_FOODS_1, TX_HOBBIES_1"
605243,"TX_FOODS_1, CA_HOBBIES_1, WI_FOODS_3, CA_FOODS_2, CA_HOUSEHOLD_1, WI_HOUSEHOLD_1, WI_FOODS_1, TX_HOBBIES_1"
21978,"WI_HOBBIES_1, CA_HOBBIES_1, CA_FOODS_1, TX_FOODS_2, CA_HOUSEHOLD_1, TX_HOUSEHOLD_1, CA_HOUSEHOLD_2, WI_FOODS_1"
107599,"WI_HOUSEHOLD_2, TX_FOODS_1, TX_FOODS_2, CA_FOODS_2, TX_HOUSEHOLD_1, CA_HOUSEHOLD_1, CA_HOUSEHOLD_2, TX_HOUSEHOLD_2"
645042,"WI_HOBBIES_1, WI_HOUSEHOLD_2, CA_FOODS_1, CA_FOODS_2, CA_HOUSEHOLD_1, WI_FOODS_2, TX_HOUSEHOLD_2, WI_FOODS_1"
504143,"WI_HOBBIES_1, TX_FOODS_1, TX_FOODS_2, WI_FOODS_3, CA_HOUSEHOLD_1, TX_HOUSEHOLD_1, CA_HOUSEHOLD_2, WI_FOODS_1"
122791,"WI_HOUSEHOLD_2, WI_HOBBIES_1, CA_FOODS_2, WI_FOODS_3, CA_HOUSEHOLD_1, WI_FOODS_2, CA_HOUSEHOLD_2, WI_FOODS_1"
946368,"WI_HOUSEHOLD_2, TX_FOODS_1, WI_FOODS_3, CA_FOODS_2, WI_HOUSEHOLD_1, WI_FOODS_2, WI_FOODS_1, CA_HOUSEHOLD_2"
154245,"CA_HOBBIES_1, WI_HOUSEHOLD_2, CA_FOODS_1, WI_FOODS_3, TX_HOUSEHOLD_1, CA_HOUSEHOLD_1, WI_FOODS_1, TX_HOBBIES_1"
971963,"CA_HOBBIES_1, TX_FOODS_1, CA_FOODS_1, WI_FOODS_3, CA_HOUSEHOLD_1, WI_HOUSEHOLD_1, CA_HOUSEHOLD_2, TX_HOUSEHOLD_2"
820691,"TX_FOODS_1, CA_HOBBIES_1, CA_FOODS_1, WI_FOODS_3, WI_FOODS_2, CA_HOUSEHOLD_1, WI_FOODS_1, TX_HOBBIES_1"
927982,"WI_HOUSEHOLD_2, WI_HOBBIES_1, TX_FOODS_2, WI_FOODS_3, WI_HOUSEHOLD_1, TX_HOUSEHOLD_1, WI_FOODS_1, TX_HOUSEHOLD_2"
798307,"TX_FOODS_1, CA_HOBBIES_1, CA_FOODS_2, CA_FOODS_1, TX_HOUSEHOLD_1, CA_HOUSEHOLD_1, TX_HOBBIES_1, TX_HOUSEHOLD_2"
361379,"WI_HOUSEHOLD_2, CA_HOBBIES_1, CA_FOODS_2, CA_FOODS_1, CA_HOUSEHOLD_1, WI_HOUSEHOLD_1, CA_HOUSEHOLD_2, WI_FOODS_1"
736297,"WI_HOUSEHOLD_2, WI_HOBBIES_1, WI_FOODS_3, CA_FOODS_2, TX_HOUSEHOLD_1, WI_HOUSEHOLD_1, WI_FOODS_1, TX_HOUSEHOLD_2"
970542,"WI_HOBBIES_1, CA_HOBBIES_1, WI_FOODS_3, CA_FOODS_1, WI_HOUSEHOLD_1, CA_HOUSEHOLD_1, TX_HOUSEHOLD_2, WI_FOODS_1"
452122,"TX_FOODS_1, WI_HOBBIES_1, WI_FOODS_3, CA_FOODS_1, WI_FOODS_2, WI_HOUSEHOLD_1, CA_HOUSEHOLD_2, WI_FOODS_1"
19049,"WI_HOBBIES_1, WI_HOUSEHOLD_2, CA_FOODS_1, WI_FOODS_3, CA_HOUSEHOLD_1, WI_HOUSEHOLD_1, TX_HOBBIES_1, CA_HOUSEHOLD_2"
503936,"TX_FOODS_1, WI_HOUSEHOLD_2, CA_FOODS_2, CA_FOODS_1, WI_FOODS_2, CA_HOUSEHOLD_1, TX_HOBBIES_1, CA_HOUSEHOLD_2"
797504,"WI_HOBBIES_1, WI_HOUSEHOLD_2, CA_FOODS_1, CA_FOODS_2, CA_HOUSEHOLD_1, WI_FOODS_2, TX_HOUSEHOLD_2, WI_FOODS_1"
897428,"WI_HOBBIES_1, TX_FOODS_1, TX_FOODS_2, WI_FOODS_3, WI_FOODS_2, WI_HOUSEHOLD_1, WI_FOODS_1, TX_HOUSEHOLD_2"
514634,"TX_FOODS_1, CA_HOBBIES_1, TX_FOODS_2, WI_FOODS_3, WI_FOODS_2, WI_HOUSEHOLD_1, TX_HOUSEHOLD_2, CA_HOUSEHOLD_2"
48934,"CA_HOBBIES_1, WI_HOUSEHOLD_2, TX_FOODS_2, WI_FOODS_3, WI_FOODS_2, TX_HOUSEHOLD_1, CA_HOUSEHOLD_2, TX_HOBBIES_1"
360861,"TX_FOODS_1, WI_HOUSEHOLD_2, CA_FOODS_1, WI_FOODS_3, CA_HOUSEHOLD_1, WI_HOUSEHOLD_1, TX_HOBBIES_1, WI_FOODS_1"
266545,"WI_HOUSEHOLD_2, WI_HOBBIES_1, WI_FOODS_3, TX_FOODS_2, WI_HOUSEHOLD_1, TX_HOUSEHOLD_1, TX_HOBBIES_1, CA_HOUSEHOLD_2"
296895,"TX_FOODS_1, CA_HOBBIES_1, TX_FOODS_2, CA_FOODS_1, WI_HOUSEHOLD_1, WI_FOODS_2, TX_HOUSEHOLD_2, CA_HOUSEHOLD_2"
755194,"WI_HOBBIES_1, TX_FOODS_1, CA_FOODS_2, WI_FOODS_3, WI_HOUSEHOLD_1, CA_HOUSEHOLD_1, TX_HOUSEHOLD_2, TX_HOBBIES_1"
813342,"CA_HOBBIES_1, WI_HOBBIES_1, TX_FOODS_2, WI_FOODS_3, WI_FOODS_2, TX_HOUSEHOLD_1, TX_HOBBIES_1, WI_FOODS_1"
840255,"WI_HOUSEHOLD_2, WI_HOBBIES_1, WI_FOODS_3, TX_FOODS_2, CA_HOUSEHOLD_1, TX_HOUSEHOLD_1, WI_FOODS_1, CA_HOUSEHOLD_2"
656269,"WI_HOUSEHOLD_2, CA_HOBBIES_1, WI_FOODS_3, TX_FOODS_2, TX_HOUSEHOLD_1, WI_HOUSEHOLD_1, TX_HOUSEHOLD_2, WI_FOODS_1"
461667,"WI_HOBBIES_1, CA_HOBBIES_1, WI_FOODS_3, CA_FOODS_2, CA_HOUSEHOLD_1, WI_FOODS_2, TX_HOBBIES_1, CA_HOUSEHOLD_2"
394007,"CA_HOBBIES_1, WI_HOBBIES_1, WI_FOODS_3, CA_FOODS_2, CA_HOUSEHOLD_1, WI_HOUSEHOLD_1, TX_HOBBIES_1, WI_FOODS_1"
20161,"TX_FOODS_1, CA_HOBBIES_1, TX_FOODS_2, CA_FOODS_1, TX_HOUSEHOLD_1, WI_FOODS_2, WI_FOODS_1, CA_HOUSEHOLD_2"
846375,"TX_FOODS_1, WI_HOUSEHOLD_2, TX_FOODS_2, WI_FOODS_3, WI_HOUSEHOLD_1, CA_HOUSEHOLD_1, TX_HOBBIES_1, CA_HOUSEHOLD_2"
447077,"WI_HOUSEHOLD_2, CA_HOBBIES_1, WI_FOODS_3, CA_FOODS_2, WI_FOODS_2, TX_HOUSEHOLD_1, TX_HOUSEHOLD_2, WI_FOODS_1"
378133,"TX_FOODS_1, WI_HOUSEHOLD_2, CA_FOODS_2, CA_FOODS_1, WI_FOODS_2, WI_HOUSEHOLD_1, TX_HOBBIES_1, TX_HOUSEHOLD_2"
846461,"WI_HOUSEHOLD_2, WI_HOBBIES_1, WI_FOODS_3, CA_FOODS_2, CA_HOUSEHOLD_1, WI_FOODS_2, CA_HOUSEHOLD_2, TX_HOUSEHOLD_2"
435775,"TX_FOODS_1, WI_HOUSEHOLD_2, CA_FOODS_1, CA_FOODS_2, CA_HOUSEHOLD_1, WI_HOUSEHOLD_1, TX_HOUSEHOLD_2, CA_HOUSEHOLD_2"
902984,"WI_HOUSEHOLD_2, WI_HOBBIES_1, TX_FOODS_2, WI_FOODS_3, CA_HOUSEHOLD_1, WI_FOODS_2, CA_HOUSEHOLD_2, WI_FOODS_1"
87897,"WI_HOUSEHOLD_2, WI_HOBBIES_1, CA_FOODS_1, CA_FOODS_2, CA_HOUSEHOLD_1, WI_HOUSEHOLD_1, CA_HOUSEHOLD_2, WI_FOODS_1"
967714,"WI_HOUSEHOLD_2, CA_HOBBIES_1, CA_FOODS_2, CA_FOODS_1, WI_FOODS_2, TX_HOUSEHOLD_1, WI_FOODS_1, TX_HOUSEHOLD_2"
195418,"WI_HOUSEHOLD_2, TX_FOODS_1, CA_FOODS_1, WI_FOODS_3, CA_HOUSEHOLD_1, WI_FOODS_2, TX_HOBBIES_1, WI_FOODS_1"
152639,"WI_HOUSEHOLD_2, CA_HOBBIES_1, WI_FOODS_3, CA_FOODS_2, WI_FOODS_2, WI_HOUSEHOLD_1, CA_HOUSEHOLD_2, TX_HOUSEHOLD_2"
746885,"TX_FOODS_1, CA_HOBBIES_1, TX_FOODS_2, WI_FOODS_3, WI_FOODS_2, WI_HOUSEHOLD_1, TX_HOUSEHOLD_2, WI_FOODS_1"
832850,"CA_HOBBIES_1, TX_FOODS_1, WI_FOODS_3, TX_FOODS_2, CA_HOUSEHOLD_1, WI_HOUSEHOLD_1, TX_HOBBIES_1, WI_FOODS_1"
178927,"TX_FOODS_1, WI_HOUSEHOLD_2, CA_FOODS_2, TX_FOODS_2, WI_FOODS_2, TX_HOUSEHOLD_1, TX_HOUSEHOLD_2, TX_HOBBIES_1"
272301,"WI_HOBBIES_1, WI_HOUSEHOLD_2, TX_FOODS_2, CA_FOODS_2, TX_HOUSEHOLD_1, WI_HOUSEHOLD_1, CA_HOUSEHOLD_2, TX_HOBBIES_1"
641749,"CA_HOBBIES_1, WI_HOBBIES_1, CA_FOODS_2, WI_FOODS_3, CA_HOUSEHOLD_1, WI_HOUSEHOLD_1, TX_HOBBIES_1, CA_HOUSEHOLD_2"
803383,"TX_FOODS_1, WI_HOBBIES_1, TX_FOODS_2, CA_FOODS_2, WI_FOODS_2, WI_HOUSEHOLD_1, TX_HOUSEHOLD_2, TX_HOBBIES_1"
538300,"WI_HOUSEHOLD_2, WI_HOBBIES_1, CA_FOODS_2, CA_FOODS_1, CA_HOUSEHOLD_1, TX_HOUSEHOLD_1, CA_HOUSEHOLD_2, TX_HOUSEHOLD_2"
501598,"TX_FOODS_1, CA_HOBBIES_1, CA_FOODS_1, TX_FOODS_2, TX_HOUSEHOLD_1, WI_FOODS_2, TX_HOUSEHOLD_2, WI_FOODS_1"
676174,"WI_HOUSEHOLD_2, CA_HOBBIES_1, CA_FOODS_1, CA_FOODS_2, TX_HOUSEHOLD_1, WI_HOUSEHOLD_1, CA_HOUSEHOLD_2, TX_HOUSEHOLD_2"
168759,"CA_HOBBIES_1, TX_FOODS_1, TX_FOODS_2, CA_FOODS_1, WI_HOUSEHOLD_1, CA_HOUSEHOLD_1, WI_FOODS_1, TX_HOUSEHOLD_2"
403767,"WI_HOUSEHOLD_2, TX_FOODS_1, CA_FOODS_1, CA_FOODS_2, TX_HOUSEHOLD_1, WI_HOUSEHOLD_1, TX_HOUSEHOLD_2, TX_HOBBIES_1"
185699,"TX_FOODS_1, WI_HOBBIES_1, CA_FOODS_1, WI_FOODS_3, WI_HOUSEHOLD_1, TX_HOUSEHOLD_1, TX_HOBBIES_1, TX_HOUSEHOLD_2"
73214,"TX_FOODS_1, CA_HOBBIES_1, WI_FOODS_3, CA_FOODS_1, TX_HOUSEHOLD_1, CA_HOUSEHOLD_1, TX_HOUSEHOLD_2, WI_FOODS_1"
468374,"WI_HOUSEHOLD_2, WI_HOBBIES_1, WI_FOODS_3, CA_FOODS_1, TX_HOUSEHOLD_1, CA_HOUSEHOLD_1, TX_HOBBIES_1, CA_HOUSEHOLD_2"
659946,"WI_HOBBIES_1, CA_HOBBIES_1, WI_FOODS_3, CA_FOODS_2, WI_HOUSEHOLD_1, CA_HOUSEHOLD_1, TX_HOBBIES_1, TX_HOUSEHOLD_2"
779339,"TX_FOODS_1, CA_HOBBIES_1, TX_FOODS_2, CA_FOODS_1, TX_HOUSEHOLD_1, WI_HOUSEHOLD_1, TX_HOUSEHOLD_2, TX_HOBBIES_1"
38160,"TX_FOODS_1, WI_HOBBIES_1, TX_FOODS_2, WI_FOODS_3, CA_HOUSEHOLD_1, TX_HOUSEHOLD_1, TX_HOUSEHOLD_2, WI_FOODS_1"
485257,"CA_HOBBIES_1, TX_FOODS_1, TX_FOODS_2, WI_FOODS_3, WI_FOODS_2, CA_HOUSEHOLD_1, TX_HOUSEHOLD_2, CA_HOUSEHOLD_2"
143747,"TX_FOODS_1, WI_HOBBIES_1, CA_FOODS_2, WI_FOODS_3, WI_HOUSEHOLD_1, TX_HOUSEHOLD_1, TX_HOBBIES_1, TX_HOUSEHOLD_2"
486398,"TX_FOODS_1, WI_HOUSEHOLD_2, WI_FOODS_3, TX_FOODS_2, WI_HOUSEHOLD_1, WI_FOODS_2, CA_HOUSEHOLD_2, TX_HOBBIES_1"
547655,"CA_HOBBIES_1, WI_HOUSEHOLD_2, WI_FOODS_3, CA_FOODS_2, CA_HOUSEHOLD_1, WI_FOODS_2, CA_HOUSEHOLD_2, WI_FOODS_1"
211917,"WI_HOUSEHOLD_2, CA_HOBBIES_1, TX_FOODS_2, CA_FOODS_1, CA_HOUSEHOLD_1, WI_FOODS_2, TX_HOUSEHOLD_2, TX_HOBBIES_1"
242761,"WI_HOUSEHOLD_2, TX_FOODS_1, CA_FOODS_1, WI_FOODS_3, CA_HOUSEHOLD_1, TX_HOUSEHOLD_1, TX_HOBBIES_1, CA_HOUSEHOLD_2"
73434,"TX_FOODS_1, CA_HOBBIES_1, TX_FOODS_2, CA_FOODS_2, CA_HOUSEHOLD_1, TX_HOUSEHOLD_1, CA_HOUSEHOLD_2, WI_FOODS_1"
928780,"WI_HOUSEHOLD_2, CA_HOBBIES_1, WI_FOODS_3, TX_FOODS_2, WI_FOODS_2, WI_HOUSEHOLD_1, WI_FOODS_1, TX_HOBBIES_1"
862089,"TX_FOODS_1, CA_HOBBIES_1, WI_FOODS_3, TX_FOODS_2, TX_HOUSEHOLD_1, CA_HOUSEHOLD_1, WI_FOODS_1, TX_HOUSEHOLD_2"
98324,"WI_HOBBIES_1, CA_HOBBIES_1, TX_FOODS_2, CA_FOODS_1, WI_FOODS_2, TX_HOUSEHOLD_1, TX_HOBBIES_1, CA_HOUSEHOLD_2"
587039,"CA_HOBBIES_1, TX_FOODS_1, WI_FOODS_3, TX_FOODS_2, WI_FOODS_2, WI_HOUSEHOLD_1, WI_FOODS_1, TX_HOUSEHOLD_2"
702075,"WI_HOBBIES_1, WI_HOUSEHOLD_2, CA_FOODS_1, TX_FOODS_2, TX_HOUSEHOLD_1, CA_HOUSEHOLD_1, WI_FOODS_1, CA_HOUSEHOLD_2"
172929,"WI_HOUSEHOLD_2, WI_HOBBIES_1, WI_FOODS_3, TX_FOODS_2, CA_HOUSEHOLD_1, TX_HOUSEHOLD_1, WI_FOODS_1, CA_HOUSEHOLD_2"
626067,"WI_HOBBIES_1, CA_HOBBIES_1, CA_FOODS_2, CA_FOODS_1, CA_HOUSEHOLD_1, WI_FOODS_2, TX_HOUSEHOLD_2, WI_FOODS_1"
596815,"TX_FOODS_1, WI_HOUSEHOLD_2, TX_FOODS_2, WI_FOODS_3, TX_HOUSEHOLD_1, WI_HOUSEHOLD_1, CA_HOUSEHOLD_2, WI_FOODS_1"
809320,"WI_HOUSEHOLD_2, TX_FOODS_1, CA_FOODS_2, TX_FOODS_2, WI_HOUSEHOLD_1, TX_HOUSEHOLD_1, TX_HOBBIES_1, TX_HOUSEHOLD_2"
822623,"WI_HOUSEHOLD_2, WI_HOBBIES_1, CA_FOODS_1, WI_FOODS_3, CA_HOUSEHOLD_1, WI_HOUSEHOLD_1, WI_FOODS_1, CA_HOUSEHOLD_2"
704299,"WI_HOUSEHOLD_2, CA_HOBBIES_1, WI_FOODS_3, TX_FOODS_2, CA_HOUSEHOLD_1, TX_HOUSEHOLD_1, TX_HOBBIES_1, CA_HOUSEHOLD_2"
58644,"CA_HOBBIES_1, WI_HOUSEHOLD_2, CA_FOODS_2, WI_FOODS_3, CA_HOUSEHOLD_1, WI_HOUSEHOLD_1, TX_HOBBIES_1, WI_FOODS_1"
968149,"WI_HOUSEHOLD_2, CA_HOBBIES_1, CA_FOODS_2, TX_FOODS_2, CA_HOUSEHOLD_1, WI_HOUSEHOLD_1, WI_FOODS_1, TX_HOBBIES_1"
223569,"WI_HOUSEHOLD_2, CA_HOBBIES_1, CA_FOODS_2, CA_FOODS_1, CA_HOUSEHOLD_1, TX_HOUSEHOLD_1, TX_HOBBIES_1, CA_HOUSEHOLD_2"
773205,"TX_FOODS_1, CA_HOBBIES_1, CA_FOODS_1, TX_FOODS_2, WI_FOODS_2, WI_HOUSEHOLD_1, TX_HOBBIES_1, WI_FOODS_1"
186023,"WI_HOBBIES_1, WI_HOUSEHOLD_2, CA_FOODS_2, TX_FOODS_2, TX_HOUSEHOLD_1, WI_FOODS_2, TX_HOBBIES_1, CA_HOUSEHOLD_2"
412866,"TX_FOODS_1, CA_HOBBIES_1, TX_FOODS_2, CA_FOODS_2, TX_HOUSEHOLD_1, WI_HOUSEHOLD_1, TX_HOBBIES_1, WI_FOODS_1"
640205,"TX_FOODS_1, WI_HOBBIES_1, CA_FOODS_2, WI_FOODS_3, CA_HOUSEHOLD_1, TX_HOUSEHOLD_1, TX_HOUSEHOLD_2, TX_HOBBIES_1"
710925,"CA_HOBBIES_1, WI_HOBBIES_1, CA_FOODS_1, WI_FOODS_3, TX_HOUSEHOLD_1, WI_HOUSEHOLD_1, TX_HOUSEHOLD_2, TX_HOBBIES_1"
15135,"WI_HOBBIES_1, WI_HOUSEHOLD_2, CA_FOODS_1, TX_FOODS_2, CA_HOUSEHOLD_1, WI_HOUSEHOLD_1, TX_HOBBIES_1, CA_HOUSEHOLD_2"
265333,"WI_HOUSEHOLD_2, CA_HOBBIES_1, CA_FOODS_2, WI_FOODS_3, WI_HOUSEHOLD_1, CA_HOUSEHOLD_1, WI_FOODS_1, CA_HOUSEHOLD_2"
657381,"WI_HOBBIES_1, TX_FOODS_1, WI_FOODS_3, CA_FOODS_2, WI_HOUSEHOLD_1, WI_FOODS_2, TX_HOUSEHOLD_2, WI_FOODS_1"
895545,"TX_FOODS_1, CA_HOBBIES_1, TX_FOODS_2, CA_FOODS_2, CA_HOUSEHOLD_1, TX_HOUSEHOLD_1, TX_HOBBIES_1, CA_HOUSEHOLD_2"
9234,"CA_HOBBIES_1, WI_HOBBIES_1, WI_FOODS_3, CA_FOODS_2, TX_HOUSEHOLD_1, CA_HOUSEHOLD_1, TX_HOBBIES_1, TX_HOUSEHOLD_2"
929207,"CA_HOBBIES_1, WI_HOBBIES_1, WI_FOODS_3, CA_FOODS_2, TX_HOUSEHOLD_1, WI_HOUSEHOLD_1, TX_HOUSEHOLD_2, CA_HOUSEHOLD_2"
944091,"TX_FOODS_1, WI_HOUSEHOLD_2, CA_FOODS_1, TX_FOODS_2, WI_HOUSEHOLD_1, WI_FOODS_2, TX_HOBBIES_1, TX_HOUSEHOLD_2"
313728,"CA_HOBBIES_1, WI_HOBBIES_1, TX_FOODS_2, CA_FOODS_1, WI_HOUSEHOLD_1, TX_HOUSEHOLD_1, WI_FOODS_1, TX_HOBBIES_1"
721513,"TX_FOODS_1, WI_HOBBIES_1, TX_FOODS_2, CA_FOODS_1, WI_HOUSEHOLD_1, WI_FOODS_2, CA_HOUSEHOLD_2, TX_HOBBIES_1"
249673,"WI_HOBBIES_1, WI_HOUSEHOLD_2, CA_FOODS_2, TX_FOODS_2, WI_HOUSEHOLD_1, CA_HOUSEHOLD_1, CA_HOUSEHOLD_2, TX_HOBBIES_1"
245870,"WI_HOUSEHOLD_2, WI_HOBBIES_1, WI_FOODS_3, CA_FOODS_1, WI_HOUSEHOLD_1, WI_FOODS_2, CA_HOUSEHOLD_2, TX_HOBBIES_1"
627898,"WI_HOUSEHOLD_2, WI_HOBBIES_1, TX_FOODS_2, WI_FOODS_3, TX_HOUSEHOLD_1, CA_HOUSEHOLD_1, CA_HOUSEHOLD_2, WI_FOODS_1"
482230,"WI_HOUSEHOLD_2, CA_HOBBIES_1, WI_FOODS_3, CA_FOODS_2, CA_HOUSEHOLD_1, WI_FOODS_2, TX_HOBBIES_1, CA_HOUSEHOLD_2"
266357,"TX_FOODS_1, WI_HOBBIES_1, CA_FOODS_2, TX_FOODS_2, WI_HOUSEHOLD_1, WI_FOODS_2, CA_HOUSEHOLD_2, TX_HOUSEHOLD_2"
962709,"CA_HOBBIES_1, TX_FOODS_1, TX_FOODS_2, WI_FOODS_3, CA_HOUSEHOLD_1, TX_HOUSEHOLD_1, TX_HOUSEHOLD_2, TX_HOBBIES_1"
275417,"WI_HOBBIES_1, TX_FOODS_1, WI_FOODS_3, CA_FOODS_1, WI_FOODS_2, TX_HOUSEHOLD_1, TX_HOUSEHOLD_2, CA_HOUSEHOLD_2"
870708,"WI_HOUSEHOLD_2, TX_FOODS_1, WI_FOODS_3, CA_FOODS_2, TX_HOUSEHOLD_1, CA_HOUSEHOLD_1, TX_HOUSEHOLD_2, TX_HOBBIES_1"
258946,"TX_FOODS_1, CA_HOBBIES_1, TX_FOODS_2, CA_FOODS_2, WI_FOODS_2, CA_HOUSEHOLD_1, TX_HOUSEHOLD_2, CA_HOUSEHOLD_2"
336222,"WI_HOUSEHOLD_2, WI_HOBBIES_1, WI_FOODS_3, TX_FOODS_2, CA_HOUSEHOLD_1, WI_FOODS_2, TX_HOUSEHOLD_2, TX_HOBBIES_1"
992416,"CA_HOBBIES_1, TX_FOODS_1, CA_FOODS_2, CA_FOODS_1, WI_HOUSEHOLD_1, WI_FOODS_2, CA_HOUSEHOLD_2, WI_FOODS_1"
369445,"CA_HOBBIES_1, WI_HOUSEHOLD_2, CA_FOODS_2, TX_FOODS_2, WI_HOUSEHOLD_1, CA_HOUSEHOLD_1, CA_HOUSEHOLD_2, TX_HOBBIES_1"
392851,"CA_HOBBIES_1, WI_HOBBIES_1, TX_FOODS_2, CA_FOODS_1, TX_HOUSEHOLD_1, WI_HOUSEHOLD_1, TX_HOUSEHOLD_2, TX_HOBBIES_1"
288763,"WI_HOBBIES_1, CA_HOBBIES_1, WI_FOODS_3, CA_FOODS_2, WI_HOUSEHOLD_1, CA_HOUSEHOLD_1, WI_FOODS_1, CA_HOUSEHOLD_2"
25181,"CA_HOBBIES_1, TX_FOODS_1, TX_FOODS_2, CA_FOODS_1, WI_FOODS_2, WI_HOUSEHOLD_1, TX_HOBBIES_1, CA_HOUSEHOLD_2"
736465,"TX_FOODS_1, WI_HOBBIES_1, CA_FOODS_1, WI_FOODS_3, WI_HOUSEHOLD_1, WI_FOODS_2, WI_FOODS_1, CA_HOUSEHOLD_2"
776078,"TX_FOODS_1, CA_HOBBIES_1, CA_FOODS_1, CA_FOODS_2, WI_HOUSEHOLD_1, TX_HOUSEHOLD_1, WI_FOODS_1, TX_HOBBIES_1"
444316,"WI_HOBBIES_1, TX_FOODS_1, CA_FOODS_2, CA_FOODS_1, TX_HOUSEHOLD_1, WI_HOUSEHOLD_1, CA_HOUSEHOLD_2, TX_HOUSEHOLD_2"
246253,"TX_FOODS_1, WI_HOUSEHOLD_2, WI_FOODS_3, CA_FOODS_2, WI_FOODS_2, TX_HOUSEHOLD_1, CA_HOUSEHOLD_2, WI_FOODS_1"
17863,"WI_HOBBIES_1, TX_FOODS_1, CA_FOODS_2, CA_FOODS_1, CA_HOUSEHOLD_1, WI_HOUSEHOLD_1, CA_HOUSEHOLD_2, TX_HOUSEHOLD_2"
296919,"WI_HOUSEHOLD_2, TX_FOODS_1, TX_FOODS_2, CA_FOODS_2, TX_HOUSEHOLD_1, WI_FOODS_2, CA_HOUSEHOLD_2, TX_HOBBIES_1"
151814,"WI_HOBBIES_1, WI_HOUSEHOLD_2, CA_FOODS_2, CA_FOODS_1, WI_HOUSEHOLD_1, TX_HOUSEHOLD_1, WI_FOODS_1, TX_HOUSEHOLD_2"
408691,"CA_HOBBIES_1, WI_HOBBIES_1, WI_FOODS_3, TX_FOODS_2, WI_HOUSEHOLD_1, TX_HOUSEHOLD_1, WI_FOODS_1, CA_HOUSEHOLD_2"
488538,"WI_HOBBIES_1, TX_FOODS_1, WI_FOODS_3, CA_FOODS_2, WI_HOUSEHOLD_1, CA_HOUSEHOLD_1, WI_FOODS_1, TX_HOUSEHOLD_2"
228113,"CA_HOBBIES_1, WI_HOUSEHOLD_2, CA_FOODS_2, WI_FOODS_3, WI_FOODS_2, CA_HOUSEHOLD_1, CA_HOUSEHOLD_2, TX_HOUSEHOLD_2"
71724,"WI_HOBBIES_1, CA_HOBBIES_1, TX_FOODS_2, CA_FOODS_2, TX_HOUSEHOLD_1, WI_FOODS_2, TX_HOBBIES_1, TX_HOUSEHOLD_2"
18768,"WI_HOUSEHOLD_2, WI_HOBBIES_1, TX_FOODS_2, CA_FOODS_2, WI_FOODS_2, TX_HOUSEHOLD_1, CA_HOUSEHOLD_2, TX_HOBBIES_1"
852822,"TX_FOODS_1, WI_HOUSEHOLD_2, CA_FOODS_2, CA_FOODS_1, WI_HOUSEHOLD_1, WI_FOODS_2, TX_HOUSEHOLD_2, TX_HOBBIES_1"
410897,"WI_HOUSEHOLD_2, CA_HOBBIES_1, WI_FOODS_3, CA_FOODS_1, WI_HOUSEHOLD_1, CA_HOUSEHOLD_1, TX_HOUSEHOLD_2, WI_FOODS_1"
189274,"WI_HOBBIES_1, TX_FOODS_1, TX_FOODS_2, CA_FOODS_1, WI_HOUSEHOLD_1, WI_FOODS_2, TX_HOBBIES_1, CA_HOUSEHOLD_2"
948527,"TX_FOODS_1, WI_HOBBIES_1, WI_FOODS_3, CA_FOODS_1, WI_HOUSEHOLD_1, TX_HOUSEHOLD_1, CA_HOUSEHOLD_2, TX_HOUSEHOLD_2"
328430,"WI_HOBBIES_1, WI_HOUSEHOLD_2, WI_FOODS_3, CA_FOODS_1, WI_HOUSEHOLD_1, TX_HOUSEHOLD_1, CA_HOUSEHOLD_2, TX_HOBBIES_1"
42516,"CA_HOBBIES_1, WI_HOUSEHOLD_2, CA_FOODS_2, CA_FOODS_1, TX_HOUSEHOLD_1, CA_HOUSEHOLD_1, TX_HOUSEHOLD_2, WI_FOODS_1"
734784,"TX_FOODS_1, CA_HOBBIES_1, WI_FOODS_3, TX_FOODS_2, TX_HOUSEHOLD_1, WI_FOODS_2, TX_HOBBIES_1, WI_FOODS_1"
269720,"WI_HOBBIES_1, CA_HOBBIES_1, CA_FOODS_2, WI_FOODS_3, CA_HOUSEHOLD_1, WI_HOUSEHOLD_1, TX_HOUSEHOLD_2, WI_FOODS_1"
852455,"WI_HOUSEHOLD_2, CA_HOBBIES_1, CA_FOODS_2, TX_FOODS_2, WI_HOUSEHOLD_1, CA_HOUSEHOLD_1, CA_HOUSEHOLD_2, TX_HOBBIES_1"
136723,"WI_HOUSEHOLD_2, WI_HOBBIES_1, CA_FOODS_1, TX_FOODS_2, TX_HOUSEHOLD_1, WI_FOODS_2, TX_HOUSEHOLD_2, TX_HOBBIES_1"
816328,"TX_FOODS_1, WI_HOBBIES_1, CA_FOODS_2, WI_FOODS_3, CA_HOUSEHOLD_1, WI_HOUSEHOLD_1, TX_HOUSEHOLD_2, CA_HOUSEHOLD_2"
816798,"WI_HOBBIES_1, TX_FOODS_1, CA_FOODS_2, TX_FOODS_2, WI_FOODS_2, TX_HOUSEHOLD_1, TX_HOUSEHOLD_2, WI_FOODS_1"
167884,"WI_HOBBIES_1, CA_HOBBIES_1, CA_FOODS_2, WI_FOODS_3, CA_HOUSEHOLD_1, WI_HOUSEHOLD_1, TX_HOBBIES_1, WI_FOODS_1"
659567,"CA_HOBBIES_1, TX_FOODS_1, CA_FOODS_2, WI_FOODS_3, CA_HOUSEHOLD_1, WI_FOODS_2, WI_FOODS_1, TX_HOBBIES_1"
518780,"WI_HOBBIES_1, TX_FOODS_1, TX_FOODS_2, CA_FOODS_1, WI_FOODS_2, WI_HOUSEHOLD_1, TX_HOUSEHOLD_2, CA_HOUSEHOLD_2"
241067,"CA_HOBBIES_1, WI_HOUSEHOLD_2, CA_FOODS_1, TX_FOODS_2, WI_HOUSEHOLD_1, WI_FOODS_2, WI_FOODS_1, TX_HOBBIES_1"
526358,"TX_FOODS_1, WI_HOBBIES_1, TX_FOODS_2, CA_FOODS_2, CA_HOUSEHOLD_1, TX_HOUSEHOLD_1, CA_HOUSEHOLD_2, WI_FOODS_1"
368121,"WI_HOBBIES_1, WI_HOUSEHOLD_2, CA_FOODS_1, CA_FOODS_2, TX_HOUSEHOLD_1, CA_HOUSEHOLD_1, WI_FOODS_1, CA_HOUSEHOLD_2"
549993,"CA_HOBBIES_1, WI_HOUSEHOLD_2, CA_FOODS_1, WI_FOODS_3, WI_FOODS_2, CA_HOUSEHOLD_1, CA_HOUSEHOLD_2, WI_FOODS_1"
289229,"WI_HOBBIES_1, WI_HOUSEHOLD_2, CA_FOODS_2, WI_FOODS_3, CA_HOUSEHOLD_1, WI_FOODS_2, TX_HOUSEHOLD_2, TX_HOBBIES_1"
287136,"WI_HOBBIES_1, WI_HOUSEHOLD_2, CA_FOODS_2, TX_FOODS_2, WI_HOUSEHOLD_1, TX_HOUSEHOLD_1, TX_HOBBIES_1, WI_FOODS_1"
127978,"WI_HOUSEHOLD_2, CA_HOBBIES_1, CA_FOODS_2, TX_FOODS_2, TX_HOUSEHOLD_1, WI_HOUSEHOLD_1, TX_HOBBIES_1, TX_HOUSEHOLD_2"
759607,"CA_HOBBIES_1, WI_HOBBIES_1, CA_FOODS_2, WI_FOODS_3, WI_FOODS_2, WI_HOUSEHOLD_1, TX_HOUSEHOLD_2, CA_HOUSEHOLD_2"
399842,"CA_HOBBIES_1, TX_FOODS_1, CA_FOODS_2, CA_FOODS_1, WI_FOODS_2, CA_HOUSEHOLD_1, TX_HOBBIES_1, WI_FOODS_1"
80239,"CA_HOBBIES_1, WI_HOBBIES_1, TX_FOODS_2, CA_FOODS_1, WI_FOODS_2, WI_HOUSEHOLD_1, CA_HOUSEHOLD_2, WI_FOODS_1"
640314,"CA_HOBBIES_1, WI_HOBBIES_1, CA_FOODS_2, WI_FOODS_3, CA_HOUSEHOLD_1, TX_HOUSEHOLD_1, TX_HOBBIES_1, WI_FOODS_1"
269337,"CA_HOBBIES_1, WI_HOBBIES_1, WI_FOODS_3, CA_FOODS_2, CA_HOUSEHOLD_1, WI_FOODS_2, WI_FOODS_1, CA_HOUSEHOLD_2"
270709,"WI_HOUSEHOLD_2, CA_HOBBIES_1, CA_FOODS_1, WI_FOODS_3, CA_HOUSEHOLD_1, WI_HOUSEHOLD_1, TX_HOBBIES_1, TX_HOUSEHOLD_2"
998000,"CA_HOBBIES_1, WI_HOUSEHOLD_2, WI_FOODS_3, CA_FOODS_1, WI_HOUSEHOLD_1, TX_HOUSEHOLD_1, TX_HOUSEHOLD_2, TX_HOBBIES_1"
348954,"WI_HOBBIES_1, WI_HOUSEHOLD_2, CA_FOODS_1, TX_FOODS_2, WI_HOUSEHOLD_1, WI_FOODS_2, WI_FOODS_1, TX_HOBBIES_1"
436921,"WI_HOBBIES_1, WI_HOUSEHOLD_2, TX_FOODS_2, CA_FOODS_2, WI_FOODS_2, TX_HOUSEHOLD_1, WI_FOODS_1, TX_HOUSEHOLD_2"
49333,"WI_HOUSEHOLD_2, CA_HOBBIES_1, WI_FOODS_3, CA_FOODS_2, WI_HOUSEHOLD_1, TX_HOUSEHOLD_1, WI_FOODS_1, CA_HOUSEHOLD_2"
111581,"TX_FOODS_1, CA_HOBBIES_1, WI_FOODS_3, CA_FOODS_1, WI_HOUSEHOLD_1, TX_HOUSEHOLD_1, CA_HOUSEHOLD_2, TX_HOBBIES_1"
245376,"CA_HOBBIES_1, WI_HOUSEHOLD_2, CA_FOODS_1, WI_FOODS_3, TX_HOUSEHOLD_1, WI_FOODS_2, WI_FOODS_1, TX_HOUSEHOLD_2"
386417,"WI_HOUSEHOLD_2, WI_HOBBIES_1, CA_FOODS_2, WI_FOODS_3, WI_FOODS_2, CA_HOUSEHOLD_1, WI_FOODS_1, TX_HOUSEHOLD_2"
65024,"TX_FOODS_1, CA_HOBBIES_1, CA_FOODS_2, WI_FOODS_3, TX_HOUSEHOLD_1, WI_HOUSEHOLD_1, WI_FOODS_1, TX_HOUSEHOLD_2"
512717,"WI_HOBBIES_1, TX_FOODS_1, CA_FOODS_2, CA_FOODS_1, TX_HOUSEHOLD_1, WI_HOUSEHOLD_1, TX_HOBBIES_1, CA_HOUSEHOLD_2"
998605,"WI_HOBBIES_1, CA_HOBBIES_1, CA_FOODS_2, TX_FOODS_2, TX_HOUSEHOLD_1, WI_FOODS_2, TX_HOUSEHOLD_2, WI_FOODS_1"
206904,"WI_HOUSEHOLD_2, WI_HOBBIES_1, TX_FOODS_2, CA_FOODS_2, WI_FOODS_2, WI_HOUSEHOLD_1, TX_HOUSEHOLD_2, WI_FOODS_1"
709047,"WI_HOBBIES_1, CA_HOBBIES_1, CA_FOODS_1, TX_FOODS_2, WI_FOODS_2, WI_HOUSEHOLD_1, WI_FOODS_1, CA_HOUSEHOLD_2"
80893,"WI_HOBBIES_1, CA_HOBBIES_1, CA_FOODS_1, CA_FOODS_2, WI_FOODS_2, TX_HOUSEHOLD_1, CA_HOUSEHOLD_2, TX_HOUSEHOLD_2"
63923,"WI_HOBBIES_1, CA_HOBBIES_1, WI_FOODS_3, TX_FOODS_2, CA_HOUSEHOLD_1, WI_HOUSEHOLD_1, CA_HOUSEHOLD_2, TX_HOUSEHOLD_2"
432023,"WI_HOUSEHOLD_2, TX_FOODS_1, TX_FOODS_2, WI_FOODS_3, CA_HOUSEHOLD_1, TX_HOUSEHOLD_1, CA_HOUSEHOLD_2, TX_HOUSEHOLD_2"
127023,"WI_HOBBIES_1, TX_FOODS_1, TX_FOODS_2, WI_FOODS_3, CA_HOUSEHOLD_1, WI_HOUSEHOLD_1, WI_FOODS_1, CA_HOUSEHOLD_2"
774643,"TX_FOODS_1, CA_HOBBIES_1, WI_FOODS_3, TX_FOODS_2, WI_FOODS_2, WI_HOUSEHOLD_1, TX_HOBBIES_1, TX_HOUSEHOLD_2"
892345,"WI_HOUSEHOLD_2, WI_HOBBIES_1, CA_FOODS_1, WI_FOODS_3, CA_HOUSEHOLD_1, TX_HOUSEHOLD_1, TX_HOUSEHOLD_2, WI_FOODS_1"
410253,"WI_HOBBIES_1, TX_FOODS_1, WI_FOODS_3, CA_FOODS_2, WI_HOUSEHOLD_1, TX_HOUSEHOLD_1, TX_HOUSEHOLD_2, TX_HOBBIES_1"
99564,"WI_HOBBIES_1, TX_FOODS_1, WI_FOODS_3, TX_FOODS_2, WI_FOODS_2, WI_HOUSEHOLD_1, TX_HOBBIES_1, TX_HOUSEHOLD_2"
484589,"TX_FOODS_1, WI_HOUSEHOLD_2, CA_FOODS_2, TX_FOODS_2, WI_HOUSEHOLD_1, TX_HOUSEHOLD_1, TX_HOBBIES_1, WI_FOODS_1"
618497,"WI_HOUSEHOLD_2, CA_HOBBIES_1, TX_FOODS_2, CA_FOODS_1, CA_HOUSEHOLD_1, WI_FOODS_2, TX_HOUSEHOLD_2, WI_FOODS_1"
920781,"TX_FOODS_1, WI_HOUSEHOLD_2, CA_FOODS_2, WI_FOODS_3, CA_HOUSEHOLD_1, TX_HOUSEHOLD_1, TX_HOUSEHOLD_2, TX_HOBBIES_1"
651494,"CA_HOBBIES_1, TX_FOODS_1, TX_FOODS_2, WI_FOODS_3, TX_HOUSEHOLD_1, WI_HOUSEHOLD_1, WI_FOODS_1, TX_HOBBIES_1"
786470,"CA_HOBBIES_1, WI_HOBBIES_1, WI_FOODS_3, CA_FOODS_2, WI_FOODS_2, WI_HOUSEHOLD_1, TX_HOUSEHOLD_2, WI_FOODS_1"
897339,"WI_HOUSEHOLD_2, WI_HOBBIES_1, TX_FOODS_2, CA_FOODS_2, WI_FOODS_2, TX_HOUSEHOLD_1, CA_HOUSEHOLD_2, TX_HOBBIES_1"
32613,"WI_HOUSEHOLD_2, WI_HOBBIES_1, TX_FOODS_2, CA_FOODS_1, WI_HOUSEHOLD_1, WI_FOODS_2, WI_FOODS_1, TX_HOUSEHOLD_2"
24223,"WI_HOBBIES_1, CA_HOBBIES_1, CA_FOODS_1, CA_FOODS_2, TX_HOUSEHOLD_1, WI_FOODS_2, TX_HOUSEHOLD_2, TX_HOBBIES_1"
595205,"WI_HOBBIES_1, CA_HOBBIES_1, CA_FOODS_2, WI_FOODS_3, TX_HOUSEHOLD_1, WI_HOUSEHOLD_1, TX_HOBBIES_1, CA_HOUSEHOLD_2"
52090,"CA_HOBBIES_1, WI_HOBBIES_1, WI_FOODS_3, TX_FOODS_2, WI_FOODS_2, WI_HOUSEHOLD_1, CA_HOUSEHOLD_2, TX_HOUSEHOLD_2"
106744,"TX_FOODS_1, WI_HOBBIES_1, CA_FOODS_2, WI_FOODS_3, TX_HOUSEHOLD_1, WI_HOUSEHOLD_1, CA_HOUSEHOLD_2, TX_HOBBIES_1"
46660,"CA_HOBBIES_1, WI_HOUSEHOLD_2, TX_FOODS_2, CA_FOODS_1, CA_HOUSEHOLD_1, TX_HOUSEHOLD_1, WI_FOODS_1, CA_HOUSEHOLD_2"
774615,"WI_HOBBIES_1, TX_FOODS_1, CA_FOODS_1, CA_FOODS_2, TX_HOUSEHOLD_1, WI_HOUSEHOLD_1, WI_FOODS_1, CA_HOUSEHOLD_2"
536221,"WI_HOBBIES_1, WI_HOUSEHOLD_2, CA_FOODS_2, CA_FOODS_1, CA_HOUSEHOLD_1, TX_HOUSEHOLD_1, CA_HOUSEHOLD_2, WI_FOODS_1"
763474,"WI_HOBBIES_1, WI_HOUSEHOLD_2, CA_FOODS_1, TX_FOODS_2, WI_FOODS_2, TX_HOUSEHOLD_1, WI_FOODS_1, CA_HOUSEHOLD_2"
479914,"TX_FOODS_1, CA_HOBBIES_1, CA_FOODS_1, WI_FOODS_3, CA_HOUSEHOLD_1, WI_FOODS_2, TX_HOUSEHOLD_2, WI_FOODS_1"
204234,"CA_HOBBIES_1, WI_HOBBIES_1, TX_FOODS_2, WI_FOODS_3, WI_FOODS_2, CA_HOUSEHOLD_1, TX_HOUSEHOLD_2, TX_HOBBIES_1"
335264,"TX_FOODS_1, WI_HOUSEHOLD_2, TX_FOODS_2, CA_FOODS_2, CA_HOUSEHOLD_1, WI_FOODS_2, CA_HOUSEHOLD_2, WI_FOODS_1"
752757,"CA_HOBBIES_1, WI_HOBBIES_1, TX_FOODS_2, WI_FOODS_3, WI_FOODS_2, WI_HOUSEHOLD_1, TX_HOUSEHOLD_2, WI_FOODS_1"
627842,"WI_HOUSEHOLD_2, WI_HOBBIES_1, TX_FOODS_2, WI_FOODS_3, WI_FOODS_2, WI_HOUSEHOLD_1, WI_FOODS_1, CA_HOUSEHOLD_2"
230703,"CA_HOBBIES_1, TX_FOODS_1, CA_FOODS_2, TX_FOODS_2, WI_FOODS_2, CA_HOUSEHOLD_1, CA_HOUSEHOLD_2, WI_FOODS_1"
283760,"WI_HOBBIES_1, WI_HOUSEHOLD_2, CA_FOODS_1, WI_FOODS_3, WI_HOUSEHOLD_1, WI_FOODS_2, CA_HOUSEHOLD_2, TX_HOUSEHOLD_2"
337432,"WI_HOBBIES_1, TX_FOODS_1, CA_FOODS_2, CA_FOODS_1, WI_HOUSEHOLD_1, TX_HOUSEHOLD_1, TX_HOUSEHOLD_2, WI_FOODS_1"
82296,"CA_HOBBIES_1, WI_HOBBIES_1, CA_FOODS_1, CA_FOODS_2, CA_HOUSEHOLD_1, WI_HOUSEHOLD_1, TX_HOUSEHOLD_2, CA_HOUSEHOLD_2"
789703,"TX_FOODS_1, CA_HOBBIES_1, CA_FOODS_1, TX_FOODS_2, WI_HOUSEHOLD_1, CA_HOUSEHOLD_1, WI_FOODS_1, TX_HOUSEHOLD_2"
340416,"CA_HOBBIES_1, TX_FOODS_1, TX_FOODS_2, CA_FOODS_1, WI_FOODS_2, CA_HOUSEHOLD_1, CA_HOUSEHOLD_2, WI_FOODS_1"
299165,"TX_FOODS_1, WI_HOUSEHOLD_2, WI_FOODS_3, CA_FOODS_2, CA_HOUSEHOLD_1, WI_HOUSEHOLD_1, CA_HOUSEHOLD_2, TX_HOBBIES_1"
703130,"CA_HOBBIES_1, TX_FOODS_1, TX_FOODS_2, CA_FOODS_1, CA_HOUSEHOLD_1, TX_HOUSEHOLD_1, TX_HOBBIES_1, WI_FOODS_1"
824783,"WI_HOUSEHOLD_2, WI_HOBBIES_1, TX_FOODS_2, WI_FOODS_3, WI_FOODS_2, WI_HOUSEHOLD_1, CA_HOUSEHOLD_2, TX_HOUSEHOLD_2"
539021,"CA_HOBBIES_1, WI_HOBBIES_1, CA_FOODS_1, CA_FOODS_2, TX_HOUSEHOLD_1, WI_HOUSEHOLD_1, WI_FOODS_1, TX_HOBBIES_1"
739860,"WI_HOUSEHOLD_2, TX_FOODS_1, WI_FOODS_3, TX_FOODS_2, TX_HOUSEHOLD_1, WI_FOODS_2, TX_HOBBIES_1, CA_HOUSEHOLD_2"
863177,"WI_HOUSEHOLD_2, TX_FOODS_1, TX_FOODS_2, CA_FOODS_2, WI_HOUSEHOLD_1, WI_FOODS_2, WI_FOODS_1, CA_HOUSEHOLD_2"
387437,"WI_HOBBIES_1, CA_HOBBIES_1, CA_FOODS_2, WI_FOODS_3, WI_FOODS_2, CA_HOUSEHOLD_1, TX_HOBBIES_1, TX_HOUSEHOLD_2"
80749,"WI_HOBBIES_1, WI_HOUSEHOLD_2, CA_FOODS_2, WI_FOODS_3, WI_FOODS_2, WI_HOUSEHOLD_1, TX_HOBBIES_1, WI_FOODS_1"
747763,"TX_FOODS_1, WI_HOBBIES_1, WI_FOODS_3, TX_FOODS_2, WI_HOUSEHOLD_1, WI_FOODS_2, TX_HOBBIES_1, TX_HOUSEHOLD_2"
479415,"WI_HOBBIES_1, TX_FOODS_1, TX_FOODS_2, CA_FOODS_2, TX_HOUSEHOLD_1, CA_HOUSEHOLD_1, TX_HOBBIES_1, CA_HOUSEHOLD_2"
574232,"TX_FOODS_1, CA_HOBBIES_1, WI_FOODS_3, TX_FOODS_2, WI_FOODS_2, CA_HOUSEHOLD_1, WI_FOODS_1, TX_HOUSEHOLD_2"
972857,"TX_FOODS_1, CA_HOBBIES_1, TX_FOODS_2, CA_FOODS_2, CA_HOUSEHOLD_1, WI_FOODS_2, TX_HOUSEHOLD_2, WI_FOODS_1"
536472,"TX_FOODS_1, CA_HOBBIES_1, WI_FOODS_3, CA_FOODS_2, WI_HOUSEHOLD_1, CA_HOUSEHOLD_1, TX_HOUSEHOLD_2, TX_HOBBIES_1"
851048,"WI_HOUSEHOLD_2, TX_FOODS_1, CA_FOODS_2, CA_FOODS_1, TX_HOUSEHOLD_1, CA_HOUSEHOLD_1, WI_FOODS_1, TX_HOBBIES_1"
179161,"TX_FOODS_1, WI_HOBBIES_1, CA_FOODS_1, CA_FOODS_2, WI_HOUSEHOLD_1, TX_HOUSEHOLD_1, TX_HOBBIES_1, CA_HOUSEHOLD_2"
792806,"WI_HOBBIES_1, WI_HOUSEHOLD_2, CA_FOODS_1, TX_FOODS_2, CA_HOUSEHOLD_1, WI_FOODS_2, CA_HOUSEHOLD_2, WI_FOODS_1"
305544,"WI_HOBBIES_1, TX_FOODS_1, CA_FOODS_1, CA_FOODS_2, WI_FOODS_2, CA_HOUSEHOLD_1, CA_HOUSEHOLD_2, TX_HOBBIES_1"
545423,"WI_HOBBIES_1, WI_HOUSEHOLD_2, CA_FOODS_2, CA_FOODS_1, TX_HOUSEHOLD_1, WI_FOODS_2, TX_HOBBIES_1, WI_FOODS_1"
948852,"CA_HOBBIES_1, WI_HOBBIES_1, CA_FOODS_2, TX_FOODS_2, CA_HOUSEHOLD_1, WI_FOODS_2, TX_HOBBIES_1, WI_FOODS_1"
717303,"CA_HOBBIES_1, TX_FOODS_1, CA_FOODS_2, WI_FOODS_3, WI_FOODS_2, TX_HOUSEHOLD_1, CA_HOUSEHOLD_2, WI_FOODS_1"
493306,"CA_HOBBIES_1, WI_HOBBIES_1, CA_FOODS_1, WI_FOODS_3, WI_HOUSEHOLD_1, WI_FOODS_2, WI_FOODS_1, TX_HOUSEHOLD_2"
785330,"CA_HOBBIES_1, WI_HOBBIES_1, CA_FOODS_1, TX_FOODS_2, TX_HOUSEHOLD_1, WI_FOODS_2, TX_HOUSEHOLD_2, TX_HOBBIES_1"
819458,"TX_FOODS_1, CA_HOBBIES_1, CA_FOODS_1, TX_FOODS_2, TX_HOUSEHOLD_1, WI_HOUSEHOLD_1, CA_HOUSEHOLD_2, TX_HOUSEHOLD_2"
392478,"WI_HOUSEHOLD_2, TX_FOODS_1, WI_FOODS_3, CA_FOODS_2, CA_HOUSEHOLD_1, WI_HOUSEHOLD_1, CA_HOUSEHOLD_2, TX_HOUSEHOLD_2"
89592,"WI_HOUSEHOLD_2, TX_FOODS_1, TX_FOODS_2, CA_FOODS_1, WI_FOODS_2, CA_HOUSEHOLD_1, CA_HOUSEHOLD_2, WI_FOODS_1"
572742,"TX_FOODS_1, CA_HOBBIES_1, CA_FOODS_1, CA_FOODS_2, WI_FOODS_2, TX_HOUSEHOLD_1, TX_HOUSEHOLD_2, WI_FOODS_1"
541265,"WI_HOBBIES_1, TX_FOODS_1, CA_FOODS_1, CA_FOODS_2, CA_HOUSEHOLD_1, WI_HOUSEHOLD_1, TX_HOUSEHOLD_2, TX_HOBBIES_1"
646423,"TX_FOODS_1, WI_HOBBIES_1, CA_FOODS_1, TX_FOODS_2, CA_HOUSEHOLD_1, TX_HOUSEHOLD_1, TX_HOUSEHOLD_2, WI_FOODS_1"
881812,"WI_HOBBIES_1, WI_HOUSEHOLD_2, CA_FOODS_2, CA_FOODS_1, WI_FOODS_2, WI_HOUSEHOLD_1, CA_HOUSEHOLD_2, TX_HOUSEHOLD_2"
730461,"TX_FOODS_1, WI_HOBBIES_1, CA_FOODS_2, WI_FOODS_3, WI_HOUSEHOLD_1, WI_FOODS_2, CA_HOUSEHOLD_2, WI_FOODS_1"
65333,"TX_FOODS_1, WI_HOBBIES_1, WI_FOODS_3, CA_FOODS_2, WI_FOODS_2, TX_HOUSEHOLD_1, CA_HOUSEHOLD_2, WI_FOODS_1"
626951,"WI_HOUSEHOLD_2, TX_FOODS_1, TX_FOODS_2, WI_FOODS_3, WI_HOUSEHOLD_1, WI_FOODS_2, CA_HOUSEHOLD_2, TX_HOBBIES_1"
302776,"WI_HOUSEHOLD_2, TX_FOODS_1, WI_FOODS_3, TX_FOODS_2, CA_HOUSEHOLD_1, WI_FOODS_2, TX_HOBBIES_1, WI_FOODS_1"
8210,"WI_HOUSEHOLD_2, TX_FOODS_1, CA_FOODS_1, CA_FOODS_2, CA_HOUSEHOLD_1, WI_HOUSEHOLD_1, TX_HOUSEHOLD_2, TX_HOBBIES_1"
189725,"WI_HOUSEHOLD_2, CA_HOBBIES_1, TX_FOODS_2, CA_FOODS_2, WI_FOODS_2, WI_HOUSEHOLD_1, CA_HOUSEHOLD_2, TX_HOUSEHOLD_2"
118857,"WI_HOUSEHOLD_2, WI_HOBBIES_1, CA_FOODS_2, WI_FOODS_3, TX_HOUSEHOLD_1, WI_HOUSEHOLD_1, WI_FOODS_1, TX_HOUSEHOLD_2"
233956,"CA_HOBBIES_1, TX_FOODS_1, TX_FOODS_2, CA_FOODS_2, WI_HOUSEHOLD_1, WI_FOODS_2, CA_HOUSEHOLD_2, TX_HOUSEHOLD_2"
825966,"WI_HOBBIES_1, CA_HOBBIES_1, WI_FOODS_3, CA_FOODS_1, WI_FOODS_2, WI_HOUSEHOLD_1, CA_HOUSEHOLD_2, WI_FOODS_1"
115246,"WI_HOUSEHOLD_2, WI_HOBBIES_1, TX_FOODS_2, CA_FOODS_1, WI_FOODS_2, CA_HOUSEHOLD_1, TX_HOUSEHOLD_2, WI_FOODS_1"
827023,"WI_HOBBIES_1, WI_HOUSEHOLD_2, WI_FOODS_3, TX_FOODS_2, TX_HOUSEHOLD_1, WI_HOUSEHOLD_1, CA_HOUSEHOLD_2, TX_HOUSEHOLD_2"
617679,"WI_HOBBIES_1, CA_HOBBIES_1, WI_FOODS_3, CA_FOODS_2, TX_HOUSEHOLD_1, WI_FOODS_2, TX_HOBBIES_1, CA_HOUSEHOLD_2"
381033,"TX_FOODS_1, CA_HOBBIES_1, CA_FOODS_1, CA_FOODS_2, WI_FOODS_2, TX_HOUSEHOLD_1, CA_HOUSEHOLD_2, TX_HOBBIES_1"
152527,"CA_HOBBIES_1, WI_HOBBIES_1, TX_FOODS_2, CA_FOODS_1, CA_HOUSEHOLD_1, WI_HOUSEHOLD_1, WI_FOODS_1, TX_HOBBIES_1"
81999,"WI_HOBBIES_1, WI_HOUSEHOLD_2, WI_FOODS_3, TX_FOODS_2, WI_FOODS_2, WI_HOUSEHOLD_1, CA_HOUSEHOLD_2, TX_HOUSEHOLD_2"
488560,"WI_HOBBIES_1, WI_HOUSEHOLD_2, TX_FOODS_2, CA_FOODS_1, TX_HOUSEHOLD_1, CA_HOUSEHOLD_1, TX_HOBBIES_1, WI_FOODS_1"
923262,"WI_HOUSEHOLD_2, WI_HOBBIES_1, WI_FOODS_3, TX_FOODS_2, CA_HOUSEHOLD_1, WI_HOUSEHOLD_1, TX_HOUSEHOLD_2, TX_HOBBIES_1"
108769,"WI_HOUSEHOLD_2, TX_FOODS_1, WI_FOODS_3, CA_FOODS_2, CA_HOUSEHOLD_1, WI_FOODS_2, TX_HOBBIES_1, CA_HOUSEHOLD_2"
464113,"WI_HOBBIES_1, CA_HOBBIES_1, WI_FOODS_3, TX_FOODS_2, TX_HOUSEHOLD_1, CA_HOUSEHOLD_1, TX_HOUSEHOLD_2, WI_FOODS_1"
267145,"CA_HOBBIES_1, WI_HOBBIES_1, CA_FOODS_1, TX_FOODS_2, WI_HOUSEHOLD_1, WI_FOODS_2, TX_HOUSEHOLD_2, CA_HOUSEHOLD_2"
442026,"WI_HOBBIES_1, WI_HOUSEHOLD_2, CA_FOODS_2, WI_FOODS_3, WI_HOUSEHOLD_1, TX_HOUSEHOLD_1, TX_HOBBIES_1, CA_HOUSEHOLD_2"
165241,"TX_FOODS_1, CA_HOBBIES_1, TX_FOODS_2, CA_FOODS_2, CA_HOUSEHOLD_1, WI_HOUSEHOLD_1, TX_HOBBIES_1, WI_FOODS_1"
574688,"TX_FOODS_1, CA_HOBBIES_1, TX_FOODS_2, CA_FOODS_2, WI_FOODS_2, WI_HOUSEHOLD_1, TX_HOUSEHOLD_2, CA_HOUSEHOLD_2"
161908,"WI_HOBBIES_1, CA_HOBBIES_1, WI_FOODS_3, CA_FOODS_1, WI_HOUSEHOLD_1, CA_HOUSEHOLD_1, CA_HOUSEHOLD_2, TX_HOUSEHOLD_2"
826289,"WI_HOBBIES_1, TX_FOODS_1, CA_FOODS_1, CA_FOODS_2, WI_HOUSEHOLD_1, TX_HOUSEHOLD_1, CA_HOUSEHOLD_2, WI_FOODS_1"
60532,"TX_FOODS_1, WI_HOBBIES_1, WI_FOODS_3, TX_FOODS_2, WI_FOODS_2, TX_HOUSEHOLD_1, TX_HOUSEHOLD_2, WI_FOODS_1"
761495,"CA_HOBBIES_1, WI_HOUSEHOLD_2, CA_FOODS_2, WI_FOODS_3, WI_HOUSEHOLD_1, CA_HOUSEHOLD_1, WI_FOODS_1, TX_HOUSEHOLD_2"
538102,"WI_HOBBIES_1, CA_HOBBIES_1, CA_FOODS_2, CA_FOODS_1, WI_FOODS_2, CA_HOUSEHOLD_1, WI_FOODS_1, TX_HOUSEHOLD_2"
433504,"TX_FOODS_1, WI_HOUSEHOLD_2, WI_FOODS_3, CA_FOODS_2, TX_HOUSEHOLD_1, WI_HOUSEHOLD_1, WI_FOODS_1, CA_HOUSEHOLD_2"
326105,"CA_HOBBIES_1, TX_FOODS_1, CA_FOODS_2, TX_FOODS_2, CA_HOUSEHOLD_1, WI_HOUSEHOLD_1, CA_HOUSEHOLD_2, TX_HOUSEHOLD_2"
750345,"WI_HOBBIES_1, CA_HOBBIES_1, CA_FOODS_1, CA_FOODS_2, WI_HOUSEHOLD_1, TX_HOUSEHOLD_1, TX_HOUSEHOLD_2, TX_HOBBIES_1"
311865,"WI_HOBBIES_1, TX_FOODS_1, WI_FOODS_3, TX_FOODS_2, WI_HOUSEHOLD_1, CA_HOUSEHOLD_1, TX_HOBBIES_1, CA_HOUSEHOLD_2"
995618,"WI_HOBBIES_1, TX_FOODS_1, WI_FOODS_3, CA_FOODS_1, WI_FOODS_2, WI_HOUSEHOLD_1, TX_HOBBIES_1, TX_HOUSEHOLD_2"
950977,"CA_HOBBIES_1, TX_FOODS_1, TX_FOODS_2, CA_FOODS_2, WI_FOODS_2, WI_HOUSEHOLD_1, TX_HOBBIES_1, CA_HOUSEHOLD_2"
983943,"TX_FOODS_1, WI_HOBBIES_1, CA_FOODS_1, TX_FOODS_2, WI_HOUSEHOLD_1, WI_FOODS_2, TX_HOBBIES_1, CA_HOUSEHOLD_2"
737339,"WI_HOUSEHOLD_2, TX_FOODS_1, WI_FOODS_3, CA_FOODS_2, WI_FOODS_2, TX_HOUSEHOLD_1, TX_HOUSEHOLD_2, CA_HOUSEHOLD_2"
931239,"CA_HOBBIES_1, WI_HOUSEHOLD_2, CA_FOODS_1, CA_FOODS_2, TX_HOUSEHOLD_1, WI_FOODS_2, TX_HOUSEHOLD_2, WI_FOODS_1"
762885,"WI_HOUSEHOLD_2, WI_HOBBIES_1, CA_FOODS_2, CA_FOODS_1, CA_HOUSEHOLD_1, WI_FOODS_2, WI_FOODS_1, TX_HOUSEHOLD_2"
151743,"CA_HOBBIES_1, WI_HOUSEHOLD_2, TX_FOODS_2, CA_FOODS_2, TX_HOUSEHOLD_1, CA_HOUSEHOLD_1, WI_FOODS_1, TX_HOBBIES_1"
464944,"WI_HOUSEHOLD_2, WI_HOBBIES_1, TX_FOODS_2, CA_FOODS_2, WI_FOODS_2, WI_HOUSEHOLD_1, TX_HOBBIES_1, WI_FOODS_1"
202993,"CA_HOBBIES_1, WI_HOBBIES_1, WI_FOODS_3, CA_FOODS_2, WI_FOODS_2, CA_HOUSEHOLD_1, TX_HOUSEHOLD_2, WI_FOODS_1"
929102,"TX_FOODS_1, WI_HOBBIES_1, CA_FOODS_2, WI_FOODS_3, CA_HOUSEHOLD_1, WI_HOUSEHOLD_1, CA_HOUSEHOLD_2, TX_HOBBIES_1"
94513,"WI_HOUSEHOLD_2, CA_HOBBIES_1, CA_FOODS_2, TX_FOODS_2, TX_HOUSEHOLD_1, WI_HOUSEHOLD_1, WI_FOODS_1, CA_HOUSEHOLD_2"
381052,"TX_FOODS_1, CA_HOBBIES_1, TX_FOODS_2, WI_FOODS_3, WI_FOODS_2, WI_HOUSEHOLD_1, TX_HOUSEHOLD_2, TX_HOBBIES_1"
166506,"WI_HOUSEHOLD_2, WI_HOBBIES_1, CA_FOODS_1, WI_FOODS_3, WI_FOODS_2, WI_HOUSEHOLD_1, TX_HOBBIES_1, CA_HOUSEHOLD_2"
885436,"CA_HOBBIES_1, WI_HOUSEHOLD_2, CA_FOODS_2, CA_FOODS_1, WI_HOUSEHOLD_1, TX_HOUSEHOLD_1, TX_HOUSEHOLD_2, WI_FOODS_1"
363379,"WI_HOBBIES_1, TX_FOODS_1, CA_FOODS_1, WI_FOODS_3, CA_HOUSEHOLD_1, WI_FOODS_2, TX_HOUSEHOLD_2, TX_HOBBIES_1"
191918,"WI_HOUSEHOLD_2, WI_HOBBIES_1, CA_FOODS_1, TX_FOODS_2, CA_HOUSEHOLD_1, WI_HOUSEHOLD_1, TX_HOBBIES_1, WI_FOODS_1"
63128,"WI_HOBBIES_1, CA_HOBBIES_1, TX_FOODS_2, WI_FOODS_3, WI_FOODS_2, TX_HOUSEHOLD_1, CA_HOUSEHOLD_2, TX_HOBBIES_1"
410507,"WI_HOBBIES_1, TX_FOODS_1, CA_FOODS_2, WI_FOODS_3, TX_HOUSEHOLD_1, WI_HOUSEHOLD_1, TX_HOUSEHOLD_2, CA_HOUSEHOLD_2"
788036,"WI_HOUSEHOLD_2, TX_FOODS_1, CA_FOODS_2, CA_FOODS_1, TX_HOUSEHOLD_1, WI_HOUSEHOLD_1, TX_HOUSEHOLD_2, TX_HOBBIES_1"
635272,"TX_FOODS_1, WI_HOUSEHOLD_2, CA_FOODS_2, WI_FOODS_3, WI_HOUSEHOLD_1, CA_HOUSEHOLD_1, CA_HOUSEHOLD_2, TX_HOBBIES_1"
146881,"WI_HOBBIES_1, CA_HOBBIES_1, CA_FOODS_2, WI_FOODS_3, CA_HOUSEHOLD_1, WI_FOODS_2, CA_HOUSEHOLD_2, WI_FOODS_1"
150964,"TX_FOODS_1, WI_HOBBIES_1, CA_FOODS_2, WI_FOODS_3, WI_FOODS_2, CA_HOUSEHOLD_1, TX_HOBBIES_1, WI_FOODS_1"
639800,"TX_FOODS_1, CA_HOBBIES_1, TX_FOODS_2, WI_FOODS_3, TX_HOUSEHOLD_1, WI_FOODS_2, CA_HOUSEHOLD_2, WI_FOODS_1"
687070,"WI_HOUSEHOLD_2, TX_FOODS_1, WI_FOODS_3, CA_FOODS_2, WI_HOUSEHOLD_1, CA_HOUSEHOLD_1, CA_HOUSEHOLD_2, TX_HOUSEHOLD_2"
783824,"TX_FOODS_1, WI_HOUSEHOLD_2, TX_FOODS_2, WI_FOODS_3, WI_HOUSEHOLD_1, TX_HOUSEHOLD_1, CA_HOUSEHOLD_2, TX_HOBBIES_1"
323565,"TX_FOODS_1, WI_HOUSEHOLD_2, TX_FOODS_2, CA_FOODS_2, WI_HOUSEHOLD_1, WI_FOODS_2, TX_HOBBIES_1, CA_HOUSEHOLD_2"
218626,"CA_HOBBIES_1, WI_HOUSEHOLD_2, CA_FOODS_1, WI_FOODS_3, TX_HOUSEHOLD_1, CA_HOUSEHOLD_1, CA_HOUSEHOLD_2, TX_HOBBIES_1"
899042,"WI_HOUSEHOLD_2, CA_HOBBIES_1, TX_FOODS_2, CA_FOODS_2, TX_HOUSEHOLD_1, WI_FOODS_2, TX_HOUSEHOLD_2, CA_HOUSEHOLD_2"
94636,"TX_FOODS_1, CA_HOBBIES_1, CA_FOODS_2, TX_FOODS_2, CA_HOUSEHOLD_1, WI_FOODS_2, CA_HOUSEHOLD_2, TX_HOBBIES_1"
919905,"CA_HOBBIES_1, TX_FOODS_1, WI_FOODS_3, CA_FOODS_2, TX_HOUSEHOLD_1, WI_FOODS_2, CA_HOUSEHOLD_2, WI_FOODS_1"
811888,"WI_HOBBIES_1, CA_HOBBIES_1, TX_FOODS_2, CA_FOODS_1, CA_HOUSEHOLD_1, TX_HOUSEHOLD_1, TX_HOBBIES_1, TX_HOUSEHOLD_2"
81502,"WI_HOBBIES_1, CA_HOBBIES_1, TX_FOODS_2, WI_FOODS_3, WI_HOUSEHOLD_1, TX_HOUSEHOLD_1, CA_HOUSEHOLD_2, TX_HOBBIES_1"
37817,"WI_HOBBIES_1, CA_HOBBIES_1, CA_FOODS_2, CA_FOODS_1, WI_HOUSEHOLD_1, WI_FOODS_2, CA_HOUSEHOLD_2, TX_HOBBIES_1"
485683,"WI_HOUSEHOLD_2, TX_FOODS_1, CA_FOODS_1, WI_FOODS_3, WI_HOUSEHOLD_1, WI_FOODS_2, TX_HOBBIES_1, CA_HOUSEHOLD_2"
26108,"CA_HOBBIES_1, WI_HOBBIES_1, CA_FOODS_2, TX_FOODS_2, WI_HOUSEHOLD_1, TX_HOUSEHOLD_1, TX_HOBBIES_1, WI_FOODS_1"
702462,"WI_HOUSEHOLD_2, TX_FOODS_1, TX_FOODS_2, WI_FOODS_3, WI_HOUSEHOLD_1, WI_FOODS_2, TX_HOBBIES_1, WI_FOODS_1"
609455,"CA_HOBBIES_1, TX_FOODS_1, WI_FOODS_3, CA_FOODS_1, WI_HOUSEHOLD_1, WI_FOODS_2, TX_HOBBIES_1, TX_HOUSEHOLD_2"
784655,"CA_HOBBIES_1, TX_FOODS_1, CA_FOODS_1, WI_FOODS_3, WI_FOODS_2, TX_HOUSEHOLD_1, CA_HOUSEHOLD_2, TX_HOUSEHOLD_2"
514436,"WI_HOUSEHOLD_2, CA_HOBBIES_1, WI_FOODS_3, TX_FOODS_2, WI_HOUSEHOLD_1, WI_FOODS_2, TX_HOUSEHOLD_2, WI_FOODS_1"
363940,"WI_HOBBIES_1, TX_FOODS_1, CA_FOODS_2, CA_FOODS_1, TX_HOUSEHOLD_1, WI_FOODS_2, TX_HOBBIES_1, TX_HOUSEHOLD_2"
712419,"WI_HOBBIES_1, TX_FOODS_1, CA_FOODS_2, WI_FOODS_3, CA_HOUSEHOLD_1, TX_HOUSEHOLD_1, WI_FOODS_1, CA_HOUSEHOLD_2"
692946,"WI_HOBBIES_1, WI_HOUSEHOLD_2, CA_FOODS_1, CA_FOODS_2, WI_HOUSEHOLD_1, WI_FOODS_2, TX_HOUSEHOLD_2, WI_FOODS_1"
243270,"WI_HOBBIES_1, TX_FOODS_1, WI_FOODS_3, TX_FOODS_2, WI_FOODS_2, CA_HOUSEHOLD_1, WI_FOODS_1, TX_HOBBIES_1"
927159,"WI_HOUSEHOLD_2, WI_HOBBIES_1, TX_FOODS_2, WI_FOODS_3, CA_HOUSEHOLD_1, WI_HOUSEHOLD_1, WI_FOODS_1, CA_HOUSEHOLD_2"
148586,"CA_HOBBIES_1, WI_HOUSEHOLD_2, CA_FOODS_2, TX_FOODS_2, TX_HOUSEHOLD_1, WI_FOODS_2, TX_HOUSEHOLD_2, CA_HOUSEHOLD_2"
474828,"WI_HOBBIES_1, TX_FOODS_1, WI_FOODS_3, TX_FOODS_2, WI_FOODS_2, WI_HOUSEHOLD_1, TX_HOUSEHOLD_2, WI_FOODS_1"
450445,"CA_HOBBIES_1, TX_FOODS_1, CA_FOODS_1, TX_FOODS_2, TX_HOUSEHOLD_1, WI_FOODS_2, WI_FOODS_1, TX_HOBBIES_1"
894142,"WI_HOUSEHOLD_2, WI_HOBBIES_1, CA_FOODS_2, TX_FOODS_2, WI_HOUSEHOLD_1, CA_HOUSEHOLD_1, CA_HOUSEHOLD_2, TX_HOBBIES_1"
946545,"WI_HOBBIES_1, WI_HOUSEHOLD_2, WI_FOODS_3, TX_FOODS_2, CA_HOUSEHOLD_1, TX_HOUSEHOLD_1, CA_HOUSEHOLD_2, TX_HOUSEHOLD_2"
877777,"WI_HOUSEHOLD_2, TX_FOODS_1, CA_FOODS_2, TX_FOODS_2, CA_HOUSEHOLD_1, WI_HOUSEHOLD_1, TX_HOBBIES_1, TX_HOUSEHOLD_2"
146316,"WI_HOUSEHOLD_2, WI_HOBBIES_1, CA_FOODS_2, CA_FOODS_1, CA_HOUSEHOLD_1, WI_HOUSEHOLD_1, WI_FOODS_1, TX_HOUSEHOLD_2"
719040,"CA_HOBBIES_1, TX_FOODS_1, WI_FOODS_3, CA_FOODS_1, TX_HOUSEHOLD_1, WI_FOODS_2, TX_HOUSEHOLD_2, TX_HOBBIES_1"
708177,"WI_HOUSEHOLD_2, WI_HOBBIES_1, TX_FOODS_2, WI_FOODS_3, WI_FOODS_2, CA_HOUSEHOLD_1, WI_FOODS_1, TX_HOUSEHOLD_2"
213179,"WI_HOUSEHOLD_2, TX_FOODS_1, WI_FOODS_3, TX_FOODS_2, CA_HOUSEHOLD_1, TX_HOUSEHOLD_1, TX_HOUSEHOLD_2, CA_HOUSEHOLD_2"
705486,"WI_HOUSEHOLD_2, TX_FOODS_1, CA_FOODS_1, WI_FOODS_3, TX_HOUSEHOLD_1, WI_HOUSEHOLD_1, TX_HOUSEHOLD_2, TX_HOBBIES_1"
952842,"TX_FOODS_1, CA_HOBBIES_1, TX_FOODS_2, CA_FOODS_2, TX_HOUSEHOLD_1, WI_FOODS_2, TX_HOBBIES_1, TX_HOUSEHOLD_2"
167821,"WI_HOUSEHOLD_2, TX_FOODS_1, CA_FOODS_2, TX_FOODS_2, WI_FOODS_2, CA_HOUSEHOLD_1, WI_FOODS_1, TX_HOUSEHOLD_2"
462387,"WI_HOUSEHOLD_2, CA_HOBBIES_1, WI_FOODS_3, CA_FOODS_1, WI_HOUSEHOLD_1, TX_HOUSEHOLD_1, WI_FOODS_1, TX_HOBBIES_1"
430967,"CA_HOBBIES_1, TX_FOODS_1, TX_FOODS_2, WI_FOODS_3, WI_HOUSEHOLD_1, TX_HOUSEHOLD_1, WI_FOODS_1, TX_HOUSEHOLD_2"
844513,"TX_FOODS_1, WI_HOBBIES_1, CA_FOODS_2, WI_FOODS_3, TX_HOUSEHOLD_1, CA_HOUSEHOLD_1, TX_HOBBIES_1, CA_HOUSEHOLD_2"
297419,"WI_HOUSEHOLD_2, TX_FOODS_1, TX_FOODS_2, CA_FOODS_1, WI_HOUSEHOLD_1, WI_FOODS_2, WI_FOODS_1, TX_HOUSEHOLD_2"
961358,"WI_HOBBIES_1, CA_HOBBIES_1, CA_FOODS_1, TX_FOODS_2, WI_HOUSEHOLD_1, CA_HOUSEHOLD_1, TX_HOUSEHOLD_2, TX_HOBBIES_1"
869573,"WI_HOUSEHOLD_2, CA_HOBBIES_1, CA_FOODS_2, CA_FOODS_1, CA_HOUSEHOLD_1, TX_HOUSEHOLD_1, CA_HOUSEHOLD_2, TX_HOUSEHOLD_2"
576496,"TX_FOODS_1, WI_HOBBIES_1, CA_FOODS_1, CA_FOODS_2, TX_HOUSEHOLD_1, WI_FOODS_2, CA_HOUSEHOLD_2, TX_HOBBIES_1"
627436,"CA_HOBBIES_1, WI_HOUSEHOLD_2, TX_FOODS_2, CA_FOODS_2, TX_HOUSEHOLD_1, CA_HOUSEHOLD_1, WI_FOODS_1, TX_HOUSEHOLD_2"
583135,"WI_HOBBIES_1, WI_HOUSEHOLD_2, WI_FOODS_3, CA_FOODS_2, WI_HOUSEHOLD_1, CA_HOUSEHOLD_1, CA_HOUSEHOLD_2, TX_HOUSEHOLD_2"
493776,"WI_HOUSEHOLD_2, TX_FOODS_1, CA_FOODS_1, WI_FOODS_3, WI_FOODS_2, CA_HOUSEHOLD_1, CA_HOUSEHOLD_2, TX_HOBBIES_1"
428663,"WI_HOUSEHOLD_2, CA_HOBBIES_1, TX_FOODS_2, CA_FOODS_2, TX_HOUSEHOLD_1, WI_HOUSEHOLD_1, WI_FOODS_1, TX_HOUSEHOLD_2"
581096,"WI_HOUSEHOLD_2, WI_HOBBIES_1, CA_FOODS_2, CA_FOODS_1, CA_HOUSEHOLD_1, WI_FOODS_2, TX_HOBBIES_1, TX_HOUSEHOLD_2"
81739,"WI_HOBBIES_1, TX_FOODS_1, CA_FOODS_2, WI_FOODS_3, WI_HOUSEHOLD_1, CA_HOUSEHOLD_1, CA_HOUSEHOLD_2, WI_FOODS_1"
593377,"CA_HOBBIES_1, WI_HOUSEHOLD_2, CA_FOODS_2, TX_FOODS_2, CA_HOUSEHOLD_1, WI_FOODS_2, TX_HOUSEHOLD_2, CA_HOUSEHOLD_2"
581318,"CA_HOBBIES_1, TX_FOODS_1, CA_FOODS_2, WI_FOODS_3, TX_HOUSEHOLD_1, CA_HOUSEHOLD_1, TX_HOBBIES_1, TX_HOUSEHOLD_2"
894705,"WI_HOUSEHOLD_2, CA_HOBBIES_1, CA_FOODS_2, TX_FOODS_2, TX_HOUSEHOLD_1, WI_FOODS_2, WI_FOODS_1, CA_HOUSEHOLD_2"
245761,"CA_HOBBIES_1, TX_FOODS_1, TX_FOODS_2, CA_FOODS_1, TX_HOUSEHOLD_1, CA_HOUSEHOLD_1, WI_FOODS_1, CA_HOUSEHOLD_2"
58680,"CA_HOBBIES_1, WI_HOUSEHOLD_2, TX_FOODS_2, WI_FOODS_3, TX_HOUSEHOLD_1, WI_HOUSEHOLD_1, WI_FOODS_1, TX_HOUSEHOLD_2"
746468,"WI_HOBBIES_1, CA_HOBBIES_1, CA_FOODS_1, CA_FOODS_2, TX_HOUSEHOLD_1, CA_HOUSEHOLD_1, TX_HOBBIES_1, TX_HOUSEHOLD_2"
594617,"TX_FOODS_1, WI_HOBBIES_1, TX_FOODS_2, CA_FOODS_1, WI_HOUSEHOLD_1, TX_HOUSEHOLD_1, TX_HOUSEHOLD_2, WI_FOODS_1"
924460,"WI_HOUSEHOLD_2, TX_FOODS_1, WI_FOODS_3, CA_FOODS_1, WI_FOODS_2, TX_HOUSEHOLD_1, CA_HOUSEHOLD_2, TX_HOBBIES_1"
248613,"WI_HOUSEHOLD_2, WI_HOBBIES_1, CA_FOODS_2, WI_FOODS_3, CA_HOUSEHOLD_1, TX_HOUSEHOLD_1, WI_FOODS_1, TX_HOBBIES_1"
458307,"CA_HOBBIES_1, WI_HOBBIES_1, CA_FOODS_1, TX_FOODS_2, TX_HOUSEHOLD_1, CA_HOUSEHOLD_1, TX_HOUSEHOLD_2, WI_FOODS_1"
949149,"WI_HOBBIES_1, WI_HOUSEHOLD_2, CA_FOODS_1, WI_FOODS_3, WI_FOODS_2, WI_HOUSEHOLD_1, CA_HOUSEHOLD_2, WI_FOODS_1"
815753,"CA_HOBBIES_1, TX_FOODS_1, CA_FOODS_1, WI_FOODS_3, WI_FOODS_2, CA_HOUSEHOLD_1, CA_HOUSEHOLD_2, TX_HOUSEHOLD_2"
293775,"TX_FOODS_1, WI_HOBBIES_1, CA_FOODS_2, WI_FOODS_3, CA_HOUSEHOLD_1, WI_HOUSEHOLD_1, CA_HOUSEHOLD_2, TX_HOBBIES_1"
81777,"CA_HOBBIES_1, WI_HOBBIES_1, TX_FOODS_2, WI_FOODS_3, WI_HOUSEHOLD_1, WI_FOODS_2, WI_FOODS_1, TX_HOBBIES_1"
750763,"TX_FOODS_1, WI_HOUSEHOLD_2, WI_FOODS_3, CA_FOODS_2, WI_HOUSEHOLD_1, CA_HOUSEHOLD_1, TX_HOUSEHOLD_2, TX_HOBBIES_1"
7160,"WI_HOBBIES_1, WI_HOUSEHOLD_2, CA_FOODS_1, TX_FOODS_2, WI_HOUSEHOLD_1, TX_HOUSEHOLD_1, WI_FOODS_1, CA_HOUSEHOLD_2"
972351,"TX_FOODS_1, CA_HOBBIES_1, CA_FOODS_2, WI_FOODS_3, WI_HOUSEHOLD_1, TX_HOUSEHOLD_1, TX_HOBBIES_1, TX_HOUSEHOLD_2"
923956,"TX_FOODS_1, WI_HOBBIES_1, TX_FOODS_2, CA_FOODS_1, WI_FOODS_2, TX_HOUSEHOLD_1, TX_HOBBIES_1, WI_FOODS_1"
85340,"TX_FOODS_1, WI_HOUSEHOLD_2, CA_FOODS_2, TX_FOODS_2, TX_HOUSEHOLD_1, WI_HOUSEHOLD_1, CA_HOUSEHOLD_2, WI_FOODS_1"
630424,"CA_HOBBIES_1, WI_HOUSEHOLD_2, WI_FOODS_3, TX_FOODS_2, CA_HOUSEHOLD_1, WI_FOODS_2, WI_FOODS_1, TX_HOBBIES_1"
231779,"TX_FOODS_1, WI_HOUSEHOLD_2, TX_FOODS_2, WI_FOODS_3, WI_FOODS_2, WI_HOUSEHOLD_1, TX_HOBBIES_1, TX_HOUSEHOLD_2"
874851,"CA_HOBBIES_1, TX_FOODS_1, TX_FOODS_2, CA_FOODS_2, WI_HOUSEHOLD_1, TX_HOUSEHOLD_1, TX_HOUSEHOLD_2, CA_HOUSEHOLD_2"
621447,"TX_FOODS_1, WI_HOBBIES_1, CA_FOODS_1, WI_FOODS_3, WI_HOUSEHOLD_1, CA_HOUSEHOLD_1, WI_FOODS_1, TX_HOBBIES_1"
263878,"WI_HOUSEHOLD_2, TX_FOODS_1, CA_FOODS_2, CA_FOODS_1, WI_HOUSEHOLD_1, WI_FOODS_2, CA_HOUSEHOLD_2, WI_FOODS_1"
222783,"TX_FOODS_1, CA_HOBBIES_1, WI_FOODS_3, CA_FOODS_2, WI_HOUSEHOLD_1, TX_HOUSEHOLD_1, TX_HOUSEHOLD_2, WI_FOODS_1"
469027,"CA_HOBBIES_1, WI_HOUSEHOLD_2, WI_FOODS_3, TX_FOODS_2, WI_HOUSEHOLD_1, WI_FOODS_2, TX_HOUSEHOLD_2, TX_HOBBIES_1"
48912,"CA_HOBBIES_1, WI_HOUSEHOLD_2, WI_FOODS_3, CA_FOODS_1, WI_HOUSEHOLD_1, CA_HOUSEHOLD_1, WI_FOODS_1, TX_HOUSEHOLD_2"
417503,"CA_HOBBIES_1, WI_HOUSEHOLD_2, CA_FOODS_1, WI_FOODS_3, CA_HOUSEHOLD_1, TX_HOUSEHOLD_1, CA_HOUSEHOLD_2, TX_HOUSEHOLD_2"
36577,"CA_HOBBIES_1, WI_HOUSEHOLD_2, CA_FOODS_1, CA_FOODS_2, CA_HOUSEHOLD_1, WI_FOODS_2, CA_HOUSEHOLD_2, WI_FOODS_1"
642542,"WI_HOBBIES_1, WI_HOUSEHOLD_2, TX_FOODS_2, CA_FOODS_2, WI_HOUSEHOLD_1, WI_FOODS_2, CA_HOUSEHOLD_2, WI_FOODS_1"
734243,"WI_HOBBIES_1, WI_HOUSEHOLD_2, TX_FOODS_2, CA_FOODS_1, WI_HOUSEHOLD_1, CA_HOUSEHOLD_1, CA_HOUSEHOLD_2, TX_HOUSEHOLD_2"
905220,"CA_HOBBIES_1, WI_HOUSEHOLD_2, CA_FOODS_1, TX_FOODS_2, WI_FOODS_2, WI_HOUSEHOLD_1, CA_HOUSEHOLD_2, WI_FOODS_1"
335416,"WI_HOUSEHOLD_2, TX_FOODS_1, TX_FOODS_2, CA_FOODS_2, CA_HOUSEHOLD_1, TX_HOUSEHOLD_1, TX_HOUSEHOLD_2, TX_HOBBIES_1"
22743,"TX_FOODS_1, WI_HOUSEHOLD_2, CA_FOODS_2, TX_FOODS_2, WI_FOODS_2, CA_HOUSEHOLD_1, TX_HOBBIES_1, TX_HOUSEHOLD_2"
933866,"CA_HOBBIES_1, TX_FOODS_1, WI_FOODS_3, CA_FOODS_1, WI_HOUSEHOLD_1, WI_FOODS_2, TX_HOBBIES_1, TX_HOUSEHOLD_2"
306662,"WI_HOUSEHOLD_2, TX_FOODS_1, TX_FOODS_2, CA_FOODS_1, WI_HOUSEHOLD_1, WI_FOODS_2, WI_FOODS_1, TX_HOBBIES_1"
473008,"WI_HOUSEHOLD_2, CA_HOBBIES_1, TX_FOODS_2, CA_FOODS_1, CA_HOUSEHOLD_1, WI_HOUSEHOLD_1, CA_HOUSEHOLD_2, WI_FOODS_1"
872419,"WI_HOUSEHOLD_2, CA_HOBBIES_1, CA_FOODS_2, CA_FOODS_1, CA_HOUSEHOLD_1, WI_HOUSEHOLD_1, TX_HOUSEHOLD_2, WI_FOODS_1"
754142,"CA_HOBBIES_1, WI_HOUSEHOLD_2, CA_FOODS_1, CA_FOODS_2, WI_HOUSEHOLD_1, WI_FOODS_2, WI_FOODS_1, TX_HOUSEHOLD_2"
7389,"TX_FOODS_1, WI_HOBBIES_1, TX_FOODS_2, CA_FOODS_2, WI_FOODS_2, TX_HOUSEHOLD_1, CA_HOUSEHOLD_2, WI_FOODS_1"
942937,"TX_FOODS_1, CA_HOBBIES_1, TX_FOODS_2, CA_FOODS_1, CA_HOUSEHOLD_1, WI_FOODS_2, WI_FOODS_1, TX_HOUSEHOLD_2"
100661,"CA_HOBBIES_1, WI_HOUSEHOLD_2, CA_FOODS_1, TX_FOODS_2, TX_HOUSEHOLD_1, CA_HOUSEHOLD_1, TX_HOBBIES_1, WI_FOODS_1"
966664,"CA_HOBBIES_1, WI_HOUSEHOLD_2, WI_FOODS_3, CA_FOODS_2, WI_HOUSEHOLD_1, WI_FOODS_2, TX_HOUSEHOLD_2, WI_FOODS_1"
126355,"TX_FOODS_1, WI_HOUSEHOLD_2, TX_FOODS_2, WI_FOODS_3, CA_HOUSEHOLD_1, TX_HOUSEHOLD_1, CA_HOUSEHOLD_2, TX_HOUSEHOLD_2"
488045,"WI_HOUSEHOLD_2, TX_FOODS_1, WI_FOODS_3, CA_FOODS_2, CA_HOUSEHOLD_1, TX_HOUSEHOLD_1, TX_HOBBIES_1, WI_FOODS_1"
971301,"WI_HOBBIES_1, CA_HOBBIES_1, CA_FOODS_1, TX_FOODS_2, WI_FOODS_2, CA_HOUSEHOLD_1, TX_HOBBIES_1, WI_FOODS_1"
986349,"TX_FOODS_1, CA_HOBBIES_1, CA_FOODS_2, WI_FOODS_3, TX_HOUSEHOLD_1, CA_HOUSEHOLD_1, WI_FOODS_1, CA_HOUSEHOLD_2"
140593,"WI_HOBBIES_1, TX_FOODS_1, CA_FOODS_2, WI_FOODS_3, WI_HOUSEHOLD_1, TX_HOUSEHOLD_1, TX_HOUSEHOLD_2, TX_HOBBIES_1"
290237,"WI_HOBBIES_1, WI_HOUSEHOLD_2, TX_FOODS_2, WI_FOODS_3, TX_HOUSEHOLD_1, WI_FOODS_2, TX_HOBBIES_1, TX_HOUSEHOLD_2"
466869,"CA_HOBBIES_1, WI_HOUSEHOLD_2, TX_FOODS_2, WI_FOODS_3, TX_HOUSEHOLD_1, CA_HOUSEHOLD_1, WI_FOODS_1, CA_HOUSEHOLD_2"
442797,"CA_HOBBIES_1, WI_HOBBIES_1, CA_FOODS_1, CA_FOODS_2, TX_HOUSEHOLD_1, WI_FOODS_2, TX_HOBBIES_1, TX_HOUSEHOLD_2"
979653,"CA_HOBBIES_1, WI_HOBBIES_1, CA_FOODS_2, WI_FOODS_3, TX_HOUSEHOLD_1, CA_HOUSEHOLD_1, WI_FOODS_1, CA_HOUSEHOLD_2"
658709,"CA_HOBBIES_1, WI_HOUSEHOLD_2, CA_FOODS_1, TX_FOODS_2, TX_HOUSEHOLD_1, WI_FOODS_2, TX_HOBBIES_1, CA_HOUSEHOLD_2"
588343,"CA_HOBBIES_1, WI_HOUSEHOLD_2, CA_FOODS_2, TX_FOODS_2, TX_HOUSEHOLD_1, WI_FOODS_2, WI_FOODS_1, CA_HOUSEHOLD_2"
185177,"TX_FOODS_1, WI_HOBBIES_1, TX_FOODS_2, CA_FOODS_2, CA_HOUSEHOLD_1, TX_HOUSEHOLD_1, WI_FOODS_1, TX_HOUSEHOLD_2"
661063,"WI_HOBBIES_1, TX_FOODS_1, CA_FOODS_2, CA_FOODS_1, CA_HOUSEHOLD_1, WI_FOODS_2, CA_HOUSEHOLD_2, TX_HOBBIES_1"
515269,"WI_HOUSEHOLD_2, CA_HOBBIES_1, CA_FOODS_1, CA_FOODS_2, WI_FOODS_2, CA_HOUSEHOLD_1, CA_HOUSEHOLD_2, TX_HOUSEHOLD_2"
951136,"WI_HOBBIES_1, WI_HOUSEHOLD_2, TX_FOODS_2, WI_FOODS_3, TX_HOUSEHOLD_1, CA_HOUSEHOLD_1, TX_HOBBIES_1, CA_HOUSEHOLD_2"
540190,"WI_HOUSEHOLD_2, TX_FOODS_1, WI_FOODS_3, TX_FOODS_2, TX_HOUSEHOLD_1, CA_HOUSEHOLD_1, WI_FOODS_1, TX_HOBBIES_1"
531892,"WI_HOUSEHOLD_2, CA_HOBBIES_1, CA_FOODS_1, CA_FOODS_2, WI_FOODS_2, WI_HOUSEHOLD_1, WI_FOODS_1, TX_HOUSEHOLD_2"
776587,"WI_HOUSEHOLD_2, TX_FOODS_1, CA_FOODS_1, CA_FOODS_2, WI_HOUSEHOLD_1, CA_HOUSEHOLD_1, TX_HOBBIES_1, CA_HOUSEHOLD_2"
843638,"TX_FOODS_1, WI_HOBBIES_1, CA_FOODS_1, CA_FOODS_2, CA_HOUSEHOLD_1, WI_HOUSEHOLD_1, TX_HOUSEHOLD_2, TX_HOBBIES_1"
878270,"CA_HOBBIES_1, TX_FOODS_1, TX_FOODS_2, WI_FOODS_3, CA_HOUSEHOLD_1, WI_FOODS_2, WI_FOODS_1, CA_HOUSEHOLD_2"
349012,"CA_HOBBIES_1, WI_HOBBIES_1, WI_FOODS_3, TX_FOODS_2, CA_HOUSEHOLD_1, WI_FOODS_2, TX_HOBBIES_1, CA_HOUSEHOLD_2"
421046,"WI_HOBBIES_1, TX_FOODS_1, WI_FOODS_3, CA_FOODS_2, WI_HOUSEHOLD_1, WI_FOODS_2, WI_FOODS_1, TX_HOBBIES_1"
433655,"TX_FOODS_1, WI_HOUSEHOLD_2, TX_FOODS_2, CA_FOODS_2, WI_HOUSEHOLD_1, TX_HOUSEHOLD_1, CA_HOUSEHOLD_2, WI_FOODS_1"
104832,"TX_FOODS_1, CA_HOBBIES_1, CA_FOODS_1, CA_FOODS_2, WI_FOODS_2, WI_HOUSEHOLD_1, WI_FOODS_1, CA_HOUSEHOLD_2"
541431,"WI_HOUSEHOLD_2, WI_HOBBIES_1, CA_FOODS_1, CA_FOODS_2, TX_HOUSEHOLD_1, WI_HOUSEHOLD_1, WI_FOODS_1, CA_HOUSEHOLD_2"
407028,"WI_HOBBIES_1, WI_HOUSEHOLD_2, WI_FOODS_3, CA_FOODS_2, CA_HOUSEHOLD_1, WI_HOUSEHOLD_1, TX_HOUSEHOLD_2, WI_FOODS_1"
243422,"WI_HOUSEHOLD_2, TX_FOODS_1, CA_FOODS_1, CA_FOODS_2, CA_HOUSEHOLD_1, TX_HOUSEHOLD_1, CA_HOUSEHOLD_2, WI_FOODS_1"
860554,"WI_HOBBIES_1, WI_HOUSEHOLD_2, CA_FOODS_1, WI_FOODS_3, CA_HOUSEHOLD_1, WI_FOODS_2, TX_HOBBIES_1, CA_HOUSEHOLD_2"
50573,"WI_HOUSEHOLD_2, TX_FOODS_1, CA_FOODS_2, WI_FOODS_3, WI_FOODS_2, CA_HOUSEHOLD_1, TX_HOBBIES_1, TX_HOUSEHOLD_2"
151216,"WI_HOUSEHOLD_2, CA_HOBBIES_1, CA_FOODS_1, WI_FOODS_3, TX_HOUSEHOLD_1, CA_HOUSEHOLD_1, CA_HOUSEHOLD_2, TX_HOUSEHOLD_2"
939847,"WI_HOBBIES_1, CA_HOBBIES_1, CA_FOODS_1, WI_FOODS_3, WI_FOODS_2, TX_HOUSEHOLD_1, CA_HOUSEHOLD_2, TX_HOBBIES_1"
142011,"WI_HOBBIES_1, CA_HOBBIES_1, WI_FOODS_3, TX_FOODS_2, CA_HOUSEHOLD_1, TX_HOUSEHOLD_1, TX_HOUSEHOLD_2, WI_FOODS_1"
672463,"TX_FOODS_1, CA_HOBBIES_1, WI_FOODS_3, CA_FOODS_1, TX_HOUSEHOLD_1, CA_HOUSEHOLD_1, TX_HOBBIES_1, CA_HOUSEHOLD_2"
306689,"WI_HOBBIES_1, TX_FOODS_1, CA_FOODS_2, WI_FOODS_3, CA_HOUSEHOLD_1, WI_FOODS_2, TX_HOUSEHOLD_2, WI_FOODS_1"
229134,"WI_HOUSEHOLD_2, TX_FOODS_1, WI_FOODS_3, CA_FOODS_1, WI_HOUSEHOLD_1, WI_FOODS_2, TX_HOBBIES_1, WI_FOODS_1"
816209,"CA_HOBBIES_1, TX_FOODS_1, CA_FOODS_1, TX_FOODS_2, WI_HOUSEHOLD_1, TX_HOUSEHOLD_1, WI_FOODS_1, TX_HOBBIES_1"
267873,"WI_HOUSEHOLD_2, TX_FOODS_1, WI_FOODS_3, TX_FOODS_2, WI_HOUSEHOLD_1, CA_HOUSEHOLD_1, TX_HOUSEHOLD_2, WI_FOODS_1"
968610,"TX_FOODS_1, WI_HOBBIES_1, CA_FOODS_2, WI_FOODS_3, TX_HOUSEHOLD_1, WI_HOUSEHOLD_1, WI_FOODS_1, CA_HOUSEHOLD_2"
394657,"WI_HOBBIES_1, CA_HOBBIES_1, CA_FOODS_1, TX_FOODS_2, CA_HOUSEHOLD_1, WI_HOUSEHOLD_1, WI_FOODS_1, TX_HOBBIES_1"
960998,"WI_HOUSEHOLD_2, TX_FOODS_1, CA_FOODS_2, CA_FOODS_1, WI_HOUSEHOLD_1, CA_HOUSEHOLD_1, TX_HOBBIES_1, CA_HOUSEHOLD_2"
804854,"WI_HOUSEHOLD_2, CA_HOBBIES_1, TX_FOODS_2, CA_FOODS_2, WI_HOUSEHOLD_1, WI_FOODS_2, CA_HOUSEHOLD_2, WI_FOODS_1"
459027,"WI_HOUSEHOLD_2, TX_FOODS_1, CA_FOODS_2, TX_FOODS_2, TX_HOUSEHOLD_1, WI_FOODS_2, WI_FOODS_1, CA_HOUSEHOLD_2"
279853,"WI_HOBBIES_1, WI_HOUSEHOLD_2, TX_FOODS_2, WI_FOODS_3, CA_HOUSEHOLD_1, WI_HOUSEHOLD_1, TX_HOUSEHOLD_2, WI_FOODS_1"
637497,"TX_FOODS_1, WI_HOBBIES_1, WI_FOODS_3, TX_FOODS_2, CA_HOUSEHOLD_1, WI_FOODS_2, CA_HOUSEHOLD_2, TX_HOBBIES_1"
391780,"TX_FOODS_1, WI_HOBBIES_1, CA_FOODS_2, TX_FOODS_2, TX_HOUSEHOLD_1, WI_HOUSEHOLD_1, TX_HOBBIES_1, CA_HOUSEHOLD_2"
912827,"TX_FOODS_1, WI_HOUSEHOLD_2, CA_FOODS_1, TX_FOODS_2, CA_HOUSEHOLD_1, WI_FOODS_2, TX_HOBBIES_1, TX_HOUSEHOLD_2"
758491,"WI_HOUSEHOLD_2, TX_FOODS_1, CA_FOODS_1, WI_FOODS_3, CA_HOUSEHOLD_1, WI_FOODS_2, TX_HOUSEHOLD_2, CA_HOUSEHOLD_2"
905163,"CA_HOBBIES_1, TX_FOODS_1, TX_FOODS_2, WI_FOODS_3, CA_HOUSEHOLD_1, WI_HOUSEHOLD_1, TX_HOUSEHOLD_2, TX_HOBBIES_1"
145947,"CA_HOBBIES_1, WI_HOUSEHOLD_2, CA_FOODS_1, CA_FOODS_2, WI_FOODS_2, TX_HOUSEHOLD_1, CA_HOUSEHOLD_2, TX_HOBBIES_1"
155318,"WI_HOUSEHOLD_2, TX_FOODS_1, TX_FOODS_2, WI_FOODS_3, WI_FOODS_2, CA_HOUSEHOLD_1, TX_HOUSEHOLD_2, CA_HOUSEHOLD_2"
765366,"WI_HOBBIES_1, CA_HOBBIES_1, WI_FOODS_3, CA_FOODS_1, WI_FOODS_2, TX_HOUSEHOLD_1, WI_FOODS_1, CA_HOUSEHOLD_2"
485390,"TX_FOODS_1, WI_HOUSEHOLD_2, CA_FOODS_1, WI_FOODS_3, WI_FOODS_2, TX_HOUSEHOLD_1, WI_FOODS_1, CA_HOUSEHOLD_2"
306972,"WI_HOUSEHOLD_2, CA_HOBBIES_1, WI_FOODS_3, CA_FOODS_1, WI_HOUSEHOLD_1, CA_HOUSEHOLD_1, WI_FOODS_1, CA_HOUSEHOLD_2"
296525,"WI_HOBBIES_1, CA_HOBBIES_1, TX_FOODS_2, WI_FOODS_3, CA_HOUSEHOLD_1, WI_HOUSEHOLD_1, CA_HOUSEHOLD_2, TX_HOBBIES_1"
475592,"CA_HOBBIES_1, WI_HOUSEHOLD_2, WI_FOODS_3, CA_FOODS_2, WI_FOODS_2, TX_HOUSEHOLD_1, TX_HOUSEHOLD_2, WI_FOODS_1"
697409,"TX_FOODS_1, CA_HOBBIES_1, CA_FOODS_2, TX_FOODS_2, WI_FOODS_2, TX_HOUSEHOLD_1, CA_HOUSEHOLD_2, TX_HOBBIES_1"
326484,"WI_HOBBIES_1, TX_FOODS_1, CA_FOODS_1, WI_FOODS_3, WI_FOODS_2, CA_HOUSEHOLD_1, CA_HOUSEHOLD_2, TX_HOUSEHOLD_2"
929889,"WI_HOUSEHOLD_2, TX_FOODS_1, TX_FOODS_2, CA_FOODS_1, CA_HOUSEHOLD_1, WI_FOODS_2, TX_HOUSEHOLD_2, WI_FOODS_1"
379427,"CA_HOBBIES_1, TX_FOODS_1, TX_FOODS_2, CA_FOODS_1, WI_HOUSEHOLD_1, WI_FOODS_2, TX_HOUSEHOLD_2, TX_HOBBIES_1"
173060,"TX_FOODS_1, WI_HOBBIES_1, TX_FOODS_2, WI_FOODS_3, TX_HOUSEHOLD_1, WI_HOUSEHOLD_1, WI_FOODS_1, CA_HOUSEHOLD_2"
882870,"WI_HOUSEHOLD_2, WI_HOBBIES_1, CA_FOODS_1, CA_FOODS_2, WI_HOUSEHOLD_1, CA_HOUSEHOLD_1, CA_HOUSEHOLD_2, WI_FOODS_1"
92875,"WI_HOBBIES_1, TX_FOODS_1, WI_FOODS_3, CA_FOODS_1, WI_HOUSEHOLD_1, WI_FOODS_2, TX_HOUSEHOLD_2, TX_HOBBIES_1"
275839,"CA_HOBBIES_1, WI_HOUSEHOLD_2, CA_FOODS_2, TX_FOODS_2, TX_HOUSEHOLD_1, CA_HOUSEHOLD_1, TX_HOUSEHOLD_2, CA_HOUSEHOLD_2"
882785,"TX_FOODS_1, WI_HOBBIES_1, CA_FOODS_2, TX_FOODS_2, TX_HOUSEHOLD_1, WI_FOODS_2, CA_HOUSEHOLD_2, TX_HOBBIES_1"
719538,"WI_HOBBIES_1, CA_HOBBIES_1, CA_FOODS_2, TX_FOODS_2, TX_HOUSEHOLD_1, WI_HOUSEHOLD_1, WI_FOODS_1, TX_HOBBIES_1"
513365,"WI_HOUSEHOLD_2, CA_HOBBIES_1, CA_FOODS_2, CA_FOODS_1, WI_FOODS_2, CA_HOUSEHOLD_1, TX_HOUSEHOLD_2, CA_HOUSEHOLD_2"
254828,"WI_HOUSEHOLD_2, TX_FOODS_1, WI_FOODS_3, TX_FOODS_2, WI_FOODS_2, TX_HOUSEHOLD_1, WI_FOODS_1, CA_HOUSEHOLD_2"
485123,"WI_HOBBIES_1, CA_HOBBIES_1, CA_FOODS_1, CA_FOODS_2, TX_HOUSEHOLD_1, CA_HOUSEHOLD_1, CA_HOUSEHOLD_2, TX_HOBBIES_1"
567874,"WI_HOBBIES_1, TX_FOODS_1, CA_FOODS_1, WI_FOODS_3, CA_HOUSEHOLD_1, WI_HOUSEHOLD_1, CA_HOUSEHOLD_2, TX_HOBBIES_1"
25648,"TX_FOODS_1, WI_HOBBIES_1, CA_FOODS_1, CA_FOODS_2, TX_HOUSEHOLD_1, CA_HOUSEHOLD_1, WI_FOODS_1, TX_HOUSEHOLD_2"
810009,"TX_FOODS_1, WI_HOUSEHOLD_2, WI_FOODS_3, CA_FOODS_1, WI_HOUSEHOLD_1, WI_FOODS_2, CA_HOUSEHOLD_2, WI_FOODS_1"
884312,"WI_HOBBIES_1, TX_FOODS_1, TX_FOODS_2, CA_FOODS_1, CA_HOUSEHOLD_1, WI_FOODS_2, CA_HOUSEHOLD_2, WI_FOODS_1"
150841,"WI_HOBBIES_1, TX_FOODS_1, CA_FOODS_1, CA_FOODS_2, TX_HOUSEHOLD_1, WI_FOODS_2, TX_HOBBIES_1, CA_HOUSEHOLD_2"
503271,"WI_HOUSEHOLD_2, WI_HOBBIES_1, CA_FOODS_2, WI_FOODS_3, TX_HOUSEHOLD_1, CA_HOUSEHOLD_1, WI_FOODS_1, TX_HOUSEHOLD_2"
289909,"CA_HOBBIES_1, WI_HOBBIES_1, CA_FOODS_1, WI_FOODS_3, WI_FOODS_2, WI_HOUSEHOLD_1, CA_HOUSEHOLD_2, TX_HOUSEHOLD_2"
908309,"WI_HOUSEHOLD_2, CA_HOBBIES_1, WI_FOODS_3, CA_FOODS_1, WI_FOODS_2, TX_HOUSEHOLD_1, TX_HOBBIES_1, CA_HOUSEHOLD_2"
975116,"TX_FOODS_1, WI_HOUSEHOLD_2, WI_FOODS_3, TX_FOODS_2, WI_HOUSEHOLD_1, WI_FOODS_2, TX_HOUSEHOLD_2, WI_FOODS_1"
893625,"TX_FOODS_1, WI_HOUSEHOLD_2, WI_FOODS_3, TX_FOODS_2, CA_HOUSEHOLD_1, WI_FOODS_2, TX_HOBBIES_1, WI_FOODS_1"
503659,"WI_HOUSEHOLD_2, WI_HOBBIES_1, WI_FOODS_3, CA_FOODS_2, TX_HOUSEHOLD_1, CA_HOUSEHOLD_1, CA_HOUSEHOLD_2, WI_FOODS_1"
369609,"WI_HOBBIES_1, WI_HOUSEHOLD_2, CA_FOODS_1, TX_FOODS_2, CA_HOUSEHOLD_1, WI_FOODS_2, TX_HOUSEHOLD_2, CA_HOUSEHOLD_2"
759257,"WI_HOUSEHOLD_2, WI_HOBBIES_1, TX_FOODS_2, WI_FOODS_3, WI_HOUSEHOLD_1, TX_HOUSEHOLD_1, CA_HOUSEHOLD_2, TX_HOBBIES_1"
317108,"WI_HOBBIES_1, TX_FOODS_1, TX_FOODS_2, CA_FOODS_1, CA_HOUSEHOLD_1, WI_HOUSEHOLD_1, WI_FOODS_1, TX_HOUSEHOLD_2"
467745,"WI_HOBBIES_1, WI_HOUSEHOLD_2, WI_FOODS_3, CA_FOODS_1, WI_FOODS_2, CA_HOUSEHOLD_1, WI_FOODS_1, TX_HOBBIES_1"
78832,"WI_HOBBIES_1, CA_HOBBIES_1, CA_FOODS_1, WI_FOODS_3, TX_HOUSEHOLD_1, WI_HOUSEHOLD_1, CA_HOUSEHOLD_2, WI_FOODS_1"
536215,"WI_HOBBIES_1, WI_HOUSEHOLD_2, CA_FOODS_1, TX_FOODS_2, CA_HOUSEHOLD_1, WI_HOUSEHOLD_1, TX_HOBBIES_1, WI_FOODS_1"
604158,"CA_HOBBIES_1, TX_FOODS_1, WI_FOODS_3, TX_FOODS_2, WI_HOUSEHOLD_1, WI_FOODS_2, TX_HOUSEHOLD_2, TX_HOBBIES_1"
977811,"TX_FOODS_1, CA_HOBBIES_1, CA_FOODS_1, CA_FOODS_2, WI_FOODS_2, CA_HOUSEHOLD_1, WI_FOODS_1, CA_HOUSEHOLD_2"
799354,"WI_HOUSEHOLD_2, TX_FOODS_1, TX_FOODS_2, CA_FOODS_1, TX_HOUSEHOLD_1, CA_HOUSEHOLD_1, TX_HOBBIES_1, TX_HOUSEHOLD_2"
907816,"CA_HOBBIES_1, TX_FOODS_1, WI_FOODS_3, CA_FOODS_2, WI_FOODS_2, CA_HOUSEHOLD_1, WI_FOODS_1, TX_HOUSEHOLD_2"
676283,"TX_FOODS_1, WI_HOBBIES_1, TX_FOODS_2, CA_FOODS_2, WI_HOUSEHOLD_1, CA_HOUSEHOLD_1, CA_HOUSEHOLD_2, TX_HOBBIES_1"
478648,"WI_HOBBIES_1, CA_HOBBIES_1, CA_FOODS_2, TX_FOODS_2, CA_HOUSEHOLD_1, TX_HOUSEHOLD_1, TX_HOUSEHOLD_2, CA_HOUSEHOLD_2"
946217,"WI_HOBBIES_1, TX_FOODS_1, CA_FOODS_1, CA_FOODS_2, WI_HOUSEHOLD_1, TX_HOUSEHOLD_1, WI_FOODS_1, TX_HOUSEHOLD_2"
610814,"WI_HOUSEHOLD_2, TX_FOODS_1, CA_FOODS_1, WI_FOODS_3, WI_FOODS_2, TX_HOUSEHOLD_1, TX_HOUSEHOLD_2, WI_FOODS_1"
506000,"TX_FOODS_1, WI_HOUSEHOLD_2, CA_FOODS_1, TX_FOODS_2, TX_HOUSEHOLD_1, WI_HOUSEHOLD_1, WI_FOODS_1, CA_HOUSEHOLD_2"
183755,"CA_HOBBIES_1, WI_HOUSEHOLD_2, CA_FOODS_2, TX_FOODS_2, WI_HOUSEHOLD_1, CA_HOUSEHOLD_1, TX_HOUSEHOLD_2, TX_HOBBIES_1"
635532,"TX_FOODS_1, WI_HOUSEHOLD_2, TX_FOODS_2, CA_FOODS_1, TX_HOUSEHOLD_1, WI_HOUSEHOLD_1, CA_HOUSEHOLD_2, TX_HOBBIES_1"
995569,"TX_FOODS_1, WI_HOUSEHOLD_2, TX_FOODS_2, CA_FOODS_2, CA_HOUSEHOLD_1, WI_HOUSEHOLD_1, WI_FOODS_1, TX_HOUSEHOLD_2"
147156,"WI_HOUSEHOLD_2, TX_FOODS_1, TX_FOODS_2, CA_FOODS_2, CA_HOUSEHOLD_1, WI_HOUSEHOLD_1, WI_FOODS_1, TX_HOBBIES_1"
71723,"WI_HOBBIES_1, TX_FOODS_1, WI_FOODS_3, CA_FOODS_1, WI_FOODS_2, TX_HOUSEHOLD_1, WI_FOODS_1, TX_HOUSEHOLD_2"
880771,"WI_HOBBIES_1, TX_FOODS_1, CA_FOODS_2, WI_FOODS_3, WI_HOUSEHOLD_1, CA_HOUSEHOLD_1, WI_FOODS_1, TX_HOBBIES_1"
838713,"WI_HOUSEHOLD_2, TX_FOODS_1, WI_FOODS_3, CA_FOODS_2, CA_HOUSEHOLD_1, TX_HOUSEHOLD_1, WI_FOODS_1, TX_HOBBIES_1"
996960,"CA_HOBBIES_1, WI_HOUSEHOLD_2, CA_FOODS_2, CA_FOODS_1, CA_HOUSEHOLD_1, TX_HOUSEHOLD_1, TX_HOBBIES_1, CA_HOUSEHOLD_2"
644289,"CA_HOBBIES_1, WI_HOUSEHOLD_2, TX_FOODS_2, CA_FOODS_2, WI_HOUSEHOLD_1, TX_HOUSEHOLD_1, TX_HOBBIES_1, CA_HOUSEHOLD_2"
679713,"TX_FOODS_1, WI_HOUSEHOLD_2, CA_FOODS_2, CA_FOODS_1, CA_HOUSEHOLD_1, WI_HOUSEHOLD_1, TX_HOUSEHOLD_2, CA_HOUSEHOLD_2"
848341,"CA_HOBBIES_1, WI_HOBBIES_1, CA_FOODS_1, WI_FOODS_3, CA_HOUSEHOLD_1, WI_HOUSEHOLD_1, WI_FOODS_1, CA_HOUSEHOLD_2"
293306,"WI_HOBBIES_1, WI_HOUSEHOLD_2, TX_FOODS_2, CA_FOODS_2, WI_FOODS_2, CA_HOUSEHOLD_1, TX_HOUSEHOLD_2, CA_HOUSEHOLD_2"
115511,"CA_HOBBIES_1, TX_FOODS_1, WI_FOODS_3, TX_FOODS_2, WI_HOUSEHOLD_1, TX_HOUSEHOLD_1, TX_HOUSEHOLD_2, WI_FOODS_1"
49888,"CA_HOBBIES_1, WI_HOBBIES_1, TX_FOODS_2, CA_FOODS_2, WI_HOUSEHOLD_1, CA_HOUSEHOLD_1, CA_HOUSEHOLD_2, TX_HOUSEHOLD_2"
255727,"WI_HOBBIES_1, CA_HOBBIES_1, WI_FOODS_3, CA_FOODS_2, CA_HOUSEHOLD_1, WI_FOODS_2, TX_HOBBIES_1, WI_FOODS_1"
235942,"CA_HOBBIES_1, WI_HOUSEHOLD_2, TX_FOODS_2, CA_FOODS_1, CA_HOUSEHOLD_1, TX_HOUSEHOLD_1, TX_HOBBIES_1, TX_HOUSEHOLD_2"
339780,"TX_FOODS_1, WI_HOBBIES_1, CA_FOODS_1, TX_FOODS_2, CA_HOUSEHOLD_1, WI_FOODS_2, WI_FOODS_1, TX_HOBBIES_1"
370812,"WI_HOBBIES_1, WI_HOUSEHOLD_2, TX_FOODS_2, CA_FOODS_2, WI_HOUSEHOLD_1, CA_HOUSEHOLD_1, TX_HOBBIES_1, WI_FOODS_1"
851961,"WI_HOBBIES_1, CA_HOBBIES_1, WI_FOODS_3, CA_FOODS_2, WI_HOUSEHOLD_1, CA_HOUSEHOLD_1, WI_FOODS_1, TX_HOUSEHOLD_2"
595109,"CA_HOBBIES_1, WI_HOUSEHOLD_2, WI_FOODS_3, CA_FOODS_2, WI_FOODS_2, CA_HOUSEHOLD_1, WI_FOODS_1, CA_HOUSEHOLD_2"
168976,"CA_HOBBIES_1, WI_HOBBIES_1, TX_FOODS_2, WI_FOODS_3, CA_HOUSEHOLD_1, WI_FOODS_2, CA_HOUSEHOLD_2, WI_FOODS_1"
853558,"WI_HOUSEHOLD_2, TX_FOODS_1, CA_FOODS_2, TX_FOODS_2, WI_HOUSEHOLD_1, TX_HOUSEHOLD_1, WI_FOODS_1, CA_HOUSEHOLD_2"
324692,"WI_HOBBIES_1, WI_HOUSEHOLD_2, WI_FOODS_3, CA_FOODS_1, TX_HOUSEHOLD_1, CA_HOUSEHOLD_1, TX_HOUSEHOLD_2, WI_FOODS_1"
815040,"CA_HOBBIES_1, TX_FOODS_1, CA_FOODS_1, WI_FOODS_3, WI_HOUSEHOLD_1, WI_FOODS_2, TX_HOBBIES_1, WI_FOODS_1"
572269,"WI_HOUSEHOLD_2, WI_HOBBIES_1, CA_FOODS_2, TX_FOODS_2, CA_HOUSEHOLD_1, WI_HOUSEHOLD_1, CA_HOUSEHOLD_2, TX_HOBBIES_1"
441067,"TX_FOODS_1, CA_HOBBIES_1, CA_FOODS_2, TX_FOODS_2, WI_HOUSEHOLD_1, CA_HOUSEHOLD_1, CA_HOUSEHOLD_2, TX_HOBBIES_1"
35313,"WI_HOBBIES_1, TX_FOODS_1, CA_FOODS_1, TX_FOODS_2, WI_HOUSEHOLD_1, TX_HOUSEHOLD_1, CA_HOUSEHOLD_2, WI_FOODS_1"
953608,"WI_HOBBIES_1, TX_FOODS_1, CA_FOODS_2, CA_FOODS_1, WI_HOUSEHOLD_1, TX_HOUSEHOLD_1, TX_HOBBIES_1, TX_HOUSEHOLD_2"
337285,"CA_HOBBIES_1, WI_HOUSEHOLD_2, CA_FOODS_1, WI_FOODS_3, WI_HOUSEHOLD_1, TX_HOUSEHOLD_1, TX_HOBBIES_1, TX_HOUSEHOLD_2"
307229,"WI_HOBBIES_1, TX_FOODS_1, TX_FOODS_2, CA_FOODS_2, WI_HOUSEHOLD_1, CA_HOUSEHOLD_1, WI_FOODS_1, CA_HOUSEHOLD_2"
673083,"TX_FOODS_1, WI_HOBBIES_1, TX_FOODS_2, CA_FOODS_1, WI_HOUSEHOLD_1, TX_HOUSEHOLD_1, WI_FOODS_1, TX_HOUSEHOLD_2"
31787,"TX_FOODS_1, WI_HOBBIES_1, WI_FOODS_3, TX_FOODS_2, TX_HOUSEHOLD_1, WI_HOUSEHOLD_1, TX_HOBBIES_1, CA_HOUSEHOLD_2"
292645,"CA_HOBBIES_1, WI_HOBBIES_1, WI_FOODS_3, CA_FOODS_1, WI_HOUSEHOLD_1, CA_HOUSEHOLD_1, CA_HOUSEHOLD_2, TX_HOUSEHOLD_2"
198166,"CA_HOBBIES_1, WI_HOUSEHOLD_2, CA_FOODS_2, WI_FOODS_3, TX_HOUSEHOLD_1, WI_HOUSEHOLD_1, TX_HOUSEHOLD_2, CA_HOUSEHOLD_2"
916244,"CA_HOBBIES_1, WI_HOUSEHOLD_2, WI_FOODS_3, CA_FOODS_2, CA_HOUSEHOLD_1, WI_HOUSEHOLD_1, CA_HOUSEHOLD_2, TX_HOUSEHOLD_2"
168003,"WI_HOUSEHOLD_2, WI_HOBBIES_1, CA_FOODS_1, TX_FOODS_2, WI_FOODS_2, WI_HOUSEHOLD_1, WI_FOODS_1, CA_HOUSEHOLD_2"
207300,"WI_HOUSEHOLD_2, CA_HOBBIES_1, TX_FOODS_2, CA_FOODS_2, WI_FOODS_2, TX_HOUSEHOLD_1, TX_HOUSEHOLD_2, WI_FOODS_1"
759559,"CA_HOBBIES_1, WI_HOBBIES_1, TX_FOODS_2, WI_FOODS_3, WI_HOUSEHOLD_1, WI_FOODS_2, WI_FOODS_1, CA_HOUSEHOLD_2"
22688,"TX_FOODS_1, WI_HOUSEHOLD_2, TX_FOODS_2, CA_FOODS_2, WI_HOUSEHOLD_1, WI_FOODS_2, TX_HOUSEHOLD_2, WI_FOODS_1"
577699,"WI_HOUSEHOLD_2, TX_FOODS_1, CA_FOODS_1, WI_FOODS_3, TX_HOUSEHOLD_1, WI_FOODS_2, TX_HOUSEHOLD_2, TX_HOBBIES_1"
536614,"WI_HOUSEHOLD_2, TX_FOODS_1, WI_FOODS_3, CA_FOODS_2, CA_HOUSEHOLD_1, WI_FOODS_2, WI_FOODS_1, TX_HOBBIES_1"
243845,"WI_HOUSEHOLD_2, CA_HOBBIES_1, TX_FOODS_2, WI_FOODS_3, WI_HOUSEHOLD_1, TX_HOUSEHOLD_1, WI_FOODS_1, CA_HOUSEHOLD_2"
58544,"CA_HOBBIES_1, TX_FOODS_1, CA_FOODS_1, WI_FOODS_3, WI_FOODS_2, WI_HOUSEHOLD_1, WI_FOODS_1, TX_HOBBIES_1"
771032,"WI_HOBBIES_1, CA_HOBBIES_1, CA_FOODS_2, WI_FOODS_3, CA_HOUSEHOLD_1, WI_FOODS_2, WI_FOODS_1, TX_HOUSEHOLD_2"
438633,"WI_HOBBIES_1, WI_HOUSEHOLD_2, CA_FOODS_1, CA_FOODS_2, WI_HOUSEHOLD_1, TX_HOUSEHOLD_1, WI_FOODS_1, TX_HOBBIES_1"
36164,"WI_HOUSEHOLD_2, TX_FOODS_1, WI_FOODS_3, CA_FOODS_2, TX_HOUSEHOLD_1, CA_HOUSEHOLD_1, WI_FOODS_1, TX_HOBBIES_1"
39266,"WI_HOBBIES_1, CA_HOBBIES_1, CA_FOODS_1, WI_FOODS_3, CA_HOUSEHOLD_1, WI_HOUSEHOLD_1, TX_HOUSEHOLD_2, WI_FOODS_1"
777183,"WI_HOUSEHOLD_2, WI_HOBBIES_1, TX_FOODS_2, CA_FOODS_2, WI_HOUSEHOLD_1, TX_HOUSEHOLD_1, TX_HOUSEHOLD_2, TX_HOBBIES_1"
96141,"WI_HOBBIES_1, TX_FOODS_1, CA_FOODS_2, CA_FOODS_1, CA_HOUSEHOLD_1, TX_HOUSEHOLD_1, CA_HOUSEHOLD_2, TX_HOBBIES_1"
56811,"WI_HOUSEHOLD_2, CA_HOBBIES_1, WI_FOODS_3, CA_FOODS_1, CA_HOUSEHOLD_1, TX_HOUSEHOLD_1, CA_HOUSEHOLD_2, TX_HOBBIES_1"
937248,"WI_HOBBIES_1, TX_FOODS_1, CA_FOODS_1, TX_FOODS_2, WI_HOUSEHOLD_1, CA_HOUSEHOLD_1, TX_HOBBIES_1, CA_HOUSEHOLD_2"
257374,"WI_HOUSEHOLD_2, CA_HOBBIES_1, CA_FOODS_1, TX_FOODS_2, WI_FOODS_2, CA_HOUSEHOLD_1, TX_HOBBIES_1, TX_HOUSEHOLD_2"
214568,"CA_HOBBIES_1, WI_HOUSEHOLD_2, WI_FOODS_3, CA_FOODS_1, WI_HOUSEHOLD_1, TX_HOUSEHOLD_1, TX_HOUSEHOLD_2, CA_HOUSEHOLD_2"
367449,"WI_HOUSEHOLD_2, WI_HOBBIES_1, WI_FOODS_3, TX_FOODS_2, TX_HOUSEHOLD_1, WI_FOODS_2, TX_HOBBIES_1, CA_HOUSEHOLD_2"
698840,"WI_HOUSEHOLD_2, CA_HOBBIES_1, TX_FOODS_2, CA_FOODS_1, CA_HOUSEHOLD_1, WI_FOODS_2, TX_HOBBIES_1, WI_FOODS_1"
948612,"TX_FOODS_1, CA_HOBBIES_1, CA_FOODS_1, CA_FOODS_2, WI_FOODS_2, CA_HOUSEHOLD_1, TX_HOBBIES_1, WI_FOODS_1"
975246,"WI_HOBBIES_1, WI_HOUSEHOLD_2, TX_FOODS_2, WI_FOODS_3, WI_FOODS_2, CA_HOUSEHOLD_1, TX_HOBBIES_1, TX_HOUSEHOLD_2"
273639,"TX_FOODS_1, WI_HOBBIES_1, WI_FOODS_3, TX_FOODS_2, WI_HOUSEHOLD_1, TX_HOUSEHOLD_1, TX_HOUSEHOLD_2, WI_FOODS_1"
472873,"WI_HOUSEHOLD_2, TX_FOODS_1, CA_FOODS_1, CA_FOODS_2, WI_HOUSEHOLD_1, TX_HOUSEHOLD_1, CA_HOUSEHOLD_2, TX_HOBBIES_1"
915270,"CA_HOBBIES_1, WI_HOBBIES_1, WI_FOODS_3, CA_FOODS_1, WI_HOUSEHOLD_1, TX_HOUSEHOLD_1, TX_HOBBIES_1, WI_FOODS_1"
493737,"WI_HOUSEHOLD_2, TX_FOODS_1, TX_FOODS_2, WI_FOODS_3, WI_FOODS_2, WI_HOUSEHOLD_1, WI_FOODS_1, TX_HOUSEHOLD_2"
843088,"WI_HOUSEHOLD_2, WI_HOBBIES_1, WI_FOODS_3, TX_FOODS_2, TX_HOUSEHOLD_1, CA_HOUSEHOLD_1, CA_HOUSEHOLD_2, WI_FOODS_1"
870190,"CA_HOBBIES_1, WI_HOUSEHOLD_2, CA_FOODS_1, TX_FOODS_2, TX_HOUSEHOLD_1, WI_FOODS_2, TX_HOUSEHOLD_2, CA_HOUSEHOLD_2"
601178,"TX_FOODS_1, WI_HOUSEHOLD_2, WI_FOODS_3, TX_FOODS_2, CA_HOUSEHOLD_1, TX_HOUSEHOLD_1, WI_FOODS_1, CA_HOUSEHOLD_2"
328352,"CA_HOBBIES_1, TX_FOODS_1, WI_FOODS_3, CA_FOODS_1, CA_HOUSEHOLD_1, TX_HOUSEHOLD_1, TX_HOUSEHOLD_2, TX_HOBBIES_1"
32972,"TX_FOODS_1, WI_HOUSEHOLD_2, CA_FOODS_1, TX_FOODS_2, WI_FOODS_2, CA_HOUSEHOLD_1, TX_HOBBIES_1, CA_HOUSEHOLD_2"
429233,"WI_HOUSEHOLD_2, CA_HOBBIES_1, TX_FOODS_2, WI_FOODS_3, WI_HOUSEHOLD_1, WI_FOODS_2, TX_HOBBIES_1, WI_FOODS_1"
168956,"CA_HOBBIES_1, WI_HOBBIES_1, WI_FOODS_3, TX_FOODS_2, TX_HOUSEHOLD_1, WI_HOUSEHOLD_1, CA_HOUSEHOLD_2, TX_HOBBIES_1"
108130,"CA_HOBBIES_1, TX_FOODS_1, WI_FOODS_3, TX_FOODS_2, WI_FOODS_2, TX_HOUSEHOLD_1, TX_HOUSEHOLD_2, WI_FOODS_1"
140268,"WI_HOUSEHOLD_2, WI_HOBBIES_1, WI_FOODS_3, CA_FOODS_2, TX_HOUSEHOLD_1, WI_FOODS_2, TX_HOUSEHOLD_2, WI_FOODS_1"
599697,"WI_HOBBIES_1, WI_HOUSEHOLD_2, CA_FOODS_2, WI_FOODS_3, WI_HOUSEHOLD_1, WI_FOODS_2, CA_HOUSEHOLD_2, TX_HOBBIES_1"
573638,"CA_HOBBIES_1, TX_FOODS_1, CA_FOODS_1, TX_FOODS_2, TX_HOUSEHOLD_1, WI_FOODS_2, CA_HOUSEHOLD_2, TX_HOUSEHOLD_2"
49746,"CA_HOBBIES_1, WI_HOUSEHOLD_2, WI_FOODS_3, TX_FOODS_2, WI_FOODS_2, WI_HOUSEHOLD_1, WI_FOODS_1, TX_HOBBIES_1"
47746,"TX_FOODS_1, WI_HOUSEHOLD_2, TX_FOODS_2, CA_FOODS_2, WI_HOUSEHOLD_1, CA_HOUSEHOLD_1, TX_HOUSEHOLD_2, TX_HOBBIES_1"
769544,"WI_HOUSEHOLD_2, TX_FOODS_1, WI_FOODS_3, CA_FOODS_2, TX_HOUSEHOLD_1, WI_FOODS_2, CA_HOUSEHOLD_2, TX_HOBBIES_1"
682259,"CA_HOBBIES_1, TX_FOODS_1, CA_FOODS_1, CA_FOODS_2, CA_HOUSEHOLD_1, WI_FOODS_2, TX_HOBBIES_1, TX_HOUSEHOLD_2"
116604,"WI_HOUSEHOLD_2, TX_FOODS_1, CA_FOODS_1, TX_FOODS_2, WI_FOODS_2, CA_HOUSEHOLD_1, CA_HOUSEHOLD_2, WI_FOODS_1"
61983,"WI_HOUSEHOLD_2, TX_FOODS_1, WI_FOODS_3, TX_FOODS_2, WI_FOODS_2, WI_HOUSEHOLD_1, WI_FOODS_1, TX_HOUSEHOLD_2"
385443,"WI_HOUSEHOLD_2, TX_FOODS_1, WI_FOODS_3, CA_FOODS_1, TX_HOUSEHOLD_1, CA_HOUSEHOLD_1, TX_HOBBIES_1, TX_HOUSEHOLD_2"
337757,"WI_HOBBIES_1, TX_FOODS_1, CA_FOODS_2, CA_FOODS_1, WI_HOUSEHOLD_1, TX_HOUSEHOLD_1, WI_FOODS_1, TX_HOBBIES_1"
614910,"WI_HOUSEHOLD_2, CA_HOBBIES_1, CA_FOODS_2, WI_FOODS_3, WI_HOUSEHOLD_1, TX_HOUSEHOLD_1, CA_HOUSEHOLD_2, TX_HOBBIES_1"
489374,"WI_HOBBIES_1, TX_FOODS_1, WI_FOODS_3, CA_FOODS_2, WI_HOUSEHOLD_1, WI_FOODS_2, WI_FOODS_1, CA_HOUSEHOLD_2"
346325,"TX_FOODS_1, CA_HOBBIES_1, WI_FOODS_3, CA_FOODS_1, TX_HOUSEHOLD_1, WI_FOODS_2, CA_HOUSEHOLD_2, TX_HOUSEHOLD_2"
836487,"WI_HOUSEHOLD_2, TX_FOODS_1, TX_FOODS_2, CA_FOODS_2, TX_HOUSEHOLD_1, WI_FOODS_2, CA_HOUSEHOLD_2, TX_HOBBIES_1"
9194,"TX_FOODS_1, WI_HOBBIES_1, CA_FOODS_1, WI_FOODS_3, WI_HOUSEHOLD_1, TX_HOUSEHOLD_1, TX_HOBBIES_1, CA_HOUSEHOLD_2"
396308,"WI_HOUSEHOLD_2, CA_HOBBIES_1, TX_FOODS_2, CA_FOODS_2, WI_HOUSEHOLD_1, WI_FOODS_2, WI_FOODS_1, TX_HOBBIES_1"
581613,"CA_HOBBIES_1, TX_FOODS_1, CA_FOODS_2, WI_FOODS_3, WI_FOODS_2, CA_HOUSEHOLD_1, CA_HOUSEHOLD_2, WI_FOODS_1"
305916,"WI_HOUSEHOLD_2, WI_HOBBIES_1, CA_FOODS_2, TX_FOODS_2, TX_HOUSEHOLD_1, WI_HOUSEHOLD_1, WI_FOODS_1, CA_HOUSEHOLD_2"
86268,"WI_HOBBIES_1, CA_HOBBIES_1, TX_FOODS_2, WI_FOODS_3, TX_HOUSEHOLD_1, WI_FOODS_2, TX_HOUSEHOLD_2, CA_HOUSEHOLD_2"
305545,"WI_HOBBIES_1, CA_HOBBIES_1, CA_FOODS_2, TX_FOODS_2, WI_HOUSEHOLD_1, TX_HOUSEHOLD_1, TX_HOBBIES_1, TX_HOUSEHOLD_2"
870625,"CA_HOBBIES_1, WI_HOUSEHOLD_2, TX_FOODS_2, CA_FOODS_2, WI_HOUSEHOLD_1, TX_HOUSEHOLD_1, WI_FOODS_1, TX_HOUSEHOLD_2"
672521,"TX_FOODS_1, WI_HOBBIES_1, CA_FOODS_2, CA_FOODS_1, WI_HOUSEHOLD_1, CA_HOUSEHOLD_1, CA_HOUSEHOLD_2, TX_HOUSEHOLD_2"
469412,"WI_HOBBIES_1, WI_HOUSEHOLD_2, TX_FOODS_2, CA_FOODS_1, WI_HOUSEHOLD_1, TX_HOUSEHOLD_1, WI_FOODS_1, CA_HOUSEHOLD_2"
468509,"CA_HOBBIES_1, TX_FOODS_1, TX_FOODS_2, WI_FOODS_3, WI_HOUSEHOLD_1, WI_FOODS_2, TX_HOBBIES_1, CA_HOUSEHOLD_2"
897759,"WI_HOUSEHOLD_2, CA_HOBBIES_1, WI_FOODS_3, CA_FOODS_2, CA_HOUSEHOLD_1, WI_FOODS_2, TX_HOUSEHOLD_2, WI_FOODS_1"
686056,"CA_HOBBIES_1, WI_HOUSEHOLD_2, WI_FOODS_3, CA_FOODS_1, WI_HOUSEHOLD_1, WI_FOODS_2, WI_FOODS_1, TX_HOBBIES_1"
813178,"CA_HOBBIES_1, TX_FOODS_1, WI_FOODS_3, CA_FOODS_1, WI_FOODS_2, CA_HOUSEHOLD_1, TX_HOBBIES_1, CA_HOUSEHOLD_2"
924411,"CA_HOBBIES_1, WI_HOUSEHOLD_2, TX_FOODS_2, WI_FOODS_3, WI_HOUSEHOLD_1, CA_HOUSEHOLD_1, WI_FOODS_1, TX_HOUSEHOLD_2"
639850,"WI_HOUSEHOLD_2, TX_FOODS_1, WI_FOODS_3, TX_FOODS_2, CA_HOUSEHOLD_1, WI_FOODS_2, TX_HOUSEHOLD_2, TX_HOBBIES_1"
111483,"WI_HOUSEHOLD_2, TX_FOODS_1, WI_FOODS_3, CA_FOODS_2, TX_HOUSEHOLD_1, CA_HOUSEHOLD_1, TX_HOUSEHOLD_2, TX_HOBBIES_1"
406114,"WI_HOUSEHOLD_2, CA_HOBBIES_1, WI_FOODS_3, CA_FOODS_1, WI_HOUSEHOLD_1, WI_FOODS_2, CA_HOUSEHOLD_2, TX_HOBBIES_1"
394395,"CA_HOBBIES_1, TX_FOODS_1, WI_FOODS_3, CA_FOODS_2, TX_HOUSEHOLD_1, CA_HOUSEHOLD_1, TX_HOBBIES_1, CA_HOUSEHOLD_2"
862412,"WI_HOUSEHOLD_2, WI_HOBBIES_1, WI_FOODS_3, TX_FOODS_2, CA_HOUSEHOLD_1, TX_HOUSEHOLD_1, TX_HOBBIES_1, CA_HOUSEHOLD_2"
878757,"WI_HOUSEHOLD_2, WI_HOBBIES_1, CA_FOODS_2, WI_FOODS_3, WI_FOODS_2, CA_HOUSEHOLD_1, TX_HOUSEHOLD_2, CA_HOUSEHOLD_2"
854483,"WI_HOUSEHOLD_2, CA_HOBBIES_1, TX_FOODS_2, CA_FOODS_2, WI_HOUSEHOLD_1, WI_FOODS_2, WI_FOODS_1, CA_HOUSEHOLD_2"
41655,"CA_HOBBIES_1, WI_HOBBIES_1, WI_FOODS_3, CA_FOODS_1, WI_HOUSEHOLD_1, WI_FOODS_2, TX_HOBBIES_1, WI_FOODS_1"
178366,"TX_FOODS_1, CA_HOBBIES_1, TX_FOODS_2, WI_FOODS_3, WI_FOODS_2, CA_HOUSEHOLD_1, TX_HOBBIES_1, TX_HOUSEHOLD_2"
976046,"TX_FOODS_1, CA_HOBBIES_1, CA_FOODS_1, CA_FOODS_2, WI_HOUSEHOLD_1, TX_HOUSEHOLD_1, WI_FOODS_1, TX_HOBBIES_1"
833262,"WI_HOUSEHOLD_2, CA_HOBBIES_1, CA_FOODS_2, CA_FOODS_1, WI_HOUSEHOLD_1, WI_FOODS_2, CA_HOUSEHOLD_2, TX_HOBBIES_1"
51376,"WI_HOBBIES_1, CA_HOBBIES_1, WI_FOODS_3, TX_FOODS_2, TX_HOUSEHOLD_1, WI_FOODS_2, TX_HOUSEHOLD_2, TX_HOBBIES_1"
109511,"TX_FOODS_1, WI_HOUSEHOLD_2, WI_FOODS_3, TX_FOODS_2, CA_HOUSEHOLD_1, WI_HOUSEHOLD_1, TX_HOUSEHOLD_2, WI_FOODS_1"
503680,"WI_HOBBIES_1, TX_FOODS_1, CA_FOODS_1, WI_FOODS_3, TX_HOUSEHOLD_1, CA_HOUSEHOLD_1, TX_HOBBIES_1, CA_HOUSEHOLD_2"
645621,"TX_FOODS_1, WI_HOBBIES_1, CA_FOODS_2, TX_FOODS_2, TX_HOUSEHOLD_1, WI_HOUSEHOLD_1, WI_FOODS_1, TX_HOBBIES_1"
312044,"WI_HOBBIES_1, WI_HOUSEHOLD_2, CA_FOODS_2, WI_FOODS_3, CA_HOUSEHOLD_1, WI_FOODS_2, CA_HOUSEHOLD_2, WI_FOODS_1"
20537,"CA_HOBBIES_1, WI_HOBBIES_1, TX_FOODS_2, CA_FOODS_2, CA_HOUSEHOLD_1, TX_HOUSEHOLD_1, WI_FOODS_1, TX_HOUSEHOLD_2"
675824,"WI_HOBBIES_1, TX_FOODS_1, CA_FOODS_2, CA_FOODS_1, WI_HOUSEHOLD_1, WI_FOODS_2, TX_HOBBIES_1, WI_FOODS_1"
151120,"WI_HOUSEHOLD_2, TX_FOODS_1, CA_FOODS_2, CA_FOODS_1, WI_FOODS_2, CA_HOUSEHOLD_1, TX_HOUSEHOLD_2, TX_HOBBIES_1"
716347,"WI_HOBBIES_1, WI_HOUSEHOLD_2, TX_FOODS_2, CA_FOODS_1, TX_HOUSEHOLD_1, CA_HOUSEHOLD_1, TX_HOUSEHOLD_2, TX_HOBBIES_1"
381886,"TX_FOODS_1, WI_HOUSEHOLD_2, WI_FOODS_3, CA_FOODS_1, CA_HOUSEHOLD_1, WI_HOUSEHOLD_1, CA_HOUSEHOLD_2, TX_HOUSEHOLD_2"
697813,"WI_HOUSEHOLD_2, TX_FOODS_1, TX_FOODS_2, CA_FOODS_1, WI_HOUSEHOLD_1, TX_HOUSEHOLD_1, WI_FOODS_1, TX_HOBBIES_1"
716010,"WI_HOBBIES_1, WI_HOUSEHOLD_2, CA_FOODS_1, WI_FOODS_3, WI_FOODS_2, CA_HOUSEHOLD_1, CA_HOUSEHOLD_2, WI_FOODS_1"
243302,"WI_HOBBIES_1, CA_HOBBIES_1, WI_FOODS_3, CA_FOODS_2, WI_HOUSEHOLD_1, TX_HOUSEHOLD_1, TX_HOUSEHOLD_2, CA_HOUSEHOLD_2"
766140,"CA_HOBBIES_1, WI_HOBBIES_1, TX_FOODS_2, WI_FOODS_3, WI_HOUSEHOLD_1, TX_HOUSEHOLD_1, TX_HOUSEHOLD_2, CA_HOUSEHOLD_2"
856887,"WI_HOUSEHOLD_2, CA_HOBBIES_1, TX_FOODS_2, WI_FOODS_3, CA_HOUSEHOLD_1, WI_FOODS_2, CA_HOUSEHOLD_2, WI_FOODS_1"
294391,"WI_HOUSEHOLD_2, WI_HOBBIES_1, CA_FOODS_2, CA_FOODS_1, WI_FOODS_2, CA_HOUSEHOLD_1, TX_HOBBIES_1, CA_HOUSEHOLD_2"
130600,"WI_HOUSEHOLD_2, TX_FOODS_1, WI_FOODS_3, TX_FOODS_2, TX_HOUSEHOLD_1, WI_FOODS_2, CA_HOUSEHOLD_2, TX_HOBBIES_1"
264153,"WI_HOUSEHOLD_2, WI_HOBBIES_1, TX_FOODS_2, CA_FOODS_2, WI_HOUSEHOLD_1, CA_HOUSEHOLD_1, CA_HOUSEHOLD_2, TX_HOUSEHOLD_2"
549988,"TX_FOODS_1, WI_HOUSEHOLD_2, CA_FOODS_1, WI_FOODS_3, WI_FOODS_2, WI_HOUSEHOLD_1, TX_HOUSEHOLD_2, WI_FOODS_1"
171605,"TX_FOODS_1, WI_HOBBIES_1, CA_FOODS_2, CA_FOODS_1, TX_HOUSEHOLD_1, CA_HOUSEHOLD_1, TX_HOBBIES_1, CA_HOUSEHOLD_2"
898753,"WI_HOBBIES_1, CA_HOBBIES_1, CA_FOODS_2, WI_FOODS_3, TX_HOUSEHOLD_1, WI_HOUSEHOLD_1, CA_HOUSEHOLD_2, WI_FOODS_1"
764180,"WI_HOBBIES_1, CA_HOBBIES_1, CA_FOODS_2, TX_FOODS_2, CA_HOUSEHOLD_1, WI_FOODS_2, TX_HOBBIES_1, WI_FOODS_1"
364716,"WI_HOUSEHOLD_2, CA_HOBBIES_1, CA_FOODS_1, WI_FOODS_3, WI_FOODS_2, WI_HOUSEHOLD_1, TX_HOUSEHOLD_2, CA_HOUSEHOLD_2"
398624,"CA_HOBBIES_1, WI_HOBBIES_1, TX_FOODS_2, CA_FOODS_2, TX_HOUSEHOLD_1, WI_HOUSEHOLD_1, WI_FOODS_1, CA_HOUSEHOLD_2"
131909,"TX_FOODS_1, WI_HOUSEHOLD_2, WI_FOODS_3, CA_FOODS_2, WI_HOUSEHOLD_1, TX_HOUSEHOLD_1, TX_HOUSEHOLD_2, WI_FOODS_1"
625973,"WI_HOBBIES_1, CA_HOBBIES_1, WI_FOODS_3, CA_FOODS_2, CA_HOUSEHOLD_1, TX_HOUSEHOLD_1, TX_HOBBIES_1, TX_HOUSEHOLD_2"
911615,"TX_FOODS_1, CA_HOBBIES_1, WI_FOODS_3, CA_FOODS_2, WI_FOODS_2, WI_HOUSEHOLD_1, WI_FOODS_1, CA_HOUSEHOLD_2"
892438,"WI_HOBBIES_1, WI_HOUSEHOLD_2, CA_FOODS_2, WI_FOODS_3, CA_HOUSEHOLD_1, WI_HOUSEHOLD_1, TX_HOBBIES_1, WI_FOODS_1"
945830,"WI_HOBBIES_1, WI_HOUSEHOLD_2, TX_FOODS_2, CA_FOODS_2, WI_FOODS_2, WI_HOUSEHOLD_1, WI_FOODS_1, CA_HOUSEHOLD_2"
313202,"TX_FOODS_1, WI_HOBBIES_1, CA_FOODS_2, CA_FOODS_1, WI_FOODS_2, TX_HOUSEHOLD_1, TX_HOBBIES_1, WI_FOODS_1"
981522,"WI_HOUSEHOLD_2, TX_FOODS_1, WI_FOODS_3, CA_FOODS_2, WI_FOODS_2, WI_HOUSEHOLD_1, CA_HOUSEHOLD_2, TX_HOBBIES_1"
170233,"CA_HOBBIES_1, WI_HOBBIES_1, WI_FOODS_3, CA_FOODS_2, WI_FOODS_2, CA_HOUSEHOLD_1, CA_HOUSEHOLD_2, WI_FOODS_1"
876250,"TX_FOODS_1, WI_HOUSEHOLD_2, TX_FOODS_2, CA_FOODS_2, CA_HOUSEHOLD_1, TX_HOUSEHOLD_1, WI_FOODS_1, TX_HOBBIES_1"
919169,"WI_HOUSEHOLD_2, TX_FOODS_1, TX_FOODS_2, CA_FOODS_2, WI_HOUSEHOLD_1, CA_HOUSEHOLD_1, WI_FOODS_1, CA_HOUSEHOLD_2"
7703,"WI_HOUSEHOLD_2, WI_HOBBIES_1, CA_FOODS_2, TX_FOODS_2, WI_HOUSEHOLD_1, WI_FOODS_2, TX_HOUSEHOLD_2, TX_HOBBIES_1"
259830,"WI_HOBBIES_1, TX_FOODS_1, TX_FOODS_2, CA_FOODS_2, WI_HOUSEHOLD_1, TX_HOUSEHOLD_1, TX_HOUSEHOLD_2, CA_HOUSEHOLD_2"
124718,"WI_HOBBIES_1, CA_HOBBIES_1, CA_FOODS_1, WI_FOODS_3, TX_HOUSEHOLD_1, CA_HOUSEHOLD_1, CA_HOUSEHOLD_2, TX_HOUSEHOLD_2"
915534,"WI_HOUSEHOLD_2, CA_HOBBIES_1, TX_FOODS_2, CA_FOODS_2, WI_FOODS_2, CA_HOUSEHOLD_1, WI_FOODS_1, TX_HOUSEHOLD_2"
754095,"WI_HOUSEHOLD_2, TX_FOODS_1, CA_FOODS_1, CA_FOODS_2, CA_HOUSEHOLD_1, TX_HOUSEHOLD_1, CA_HOUSEHOLD_2, WI_FOODS_1"
162983,"WI_HOUSEHOLD_2, WI_HOBBIES_1, TX_FOODS_2, WI_FOODS_3, WI_HOUSEHOLD_1, TX_HOUSEHOLD_1, WI_FOODS_1, CA_HOUSEHOLD_2"
292894,"WI_HOBBIES_1, WI_HOUSEHOLD_2, CA_FOODS_2, WI_FOODS_3, TX_HOUSEHOLD_1, CA_HOUSEHOLD_1, TX_HOUSEHOLD_2, CA_HOUSEHOLD_2"
350290,"CA_HOBBIES_1, WI_HOBBIES_1, TX_FOODS_2, CA_FOODS_2, TX_HOUSEHOLD_1, WI_HOUSEHOLD_1, TX_HOUSEHOLD_2, WI_FOODS_1"
775013,"WI_HOUSEHOLD_2, WI_HOBBIES_1, TX_FOODS_2, CA_FOODS_1, TX_HOUSEHOLD_1, CA_HOUSEHOLD_1, WI_FOODS_1, TX_HOBBIES_1"
80569,"TX_FOODS_1, CA_HOBBIES_1, TX_FOODS_2, CA_FOODS_1, WI_FOODS_2, TX_HOUSEHOLD_1, TX_HOUSEHOLD_2, TX_HOBBIES_1"
591716,"WI_HOBBIES_1, TX_FOODS_1, WI_FOODS_3, CA_FOODS_1, CA_HOUSEHOLD_1, WI_HOUSEHOLD_1, WI_FOODS_1, CA_HOUSEHOLD_2"
787537,"TX_FOODS_1, WI_HOBBIES_1, CA_FOODS_2, CA_FOODS_1, WI_HOUSEHOLD_1, CA_HOUSEHOLD_1, CA_HOUSEHOLD_2, TX_HOBBIES_1"
199977,"TX_FOODS_1, WI_HOBBIES_1, TX_FOODS_2, CA_FOODS_2, WI_FOODS_2, TX_HOUSEHOLD_1, CA_HOUSEHOLD_2, TX_HOBBIES_1"
735657,"TX_FOODS_1, WI_HOBBIES_1, WI_FOODS_3, CA_FOODS_2, CA_HOUSEHOLD_1, WI_FOODS_2, WI_FOODS_1, TX_HOBBIES_1"
241302,"WI_HOUSEHOLD_2, TX_FOODS_1, TX_FOODS_2, WI_FOODS_3, WI_FOODS_2, WI_HOUSEHOLD_1, CA_HOUSEHOLD_2, TX_HOBBIES_1"
990853,"TX_FOODS_1, WI_HOUSEHOLD_2, CA_FOODS_1, TX_FOODS_2, TX_HOUSEHOLD_1, WI_HOUSEHOLD_1, WI_FOODS_1, CA_HOUSEHOLD_2"
778339,"CA_HOBBIES_1, TX_FOODS_1, CA_FOODS_1, CA_FOODS_2, TX_HOUSEHOLD_1, CA_HOUSEHOLD_1, TX_HOBBIES_1, WI_FOODS_1"
757210,"WI_HOUSEHOLD_2, CA_HOBBIES_1, CA_FOODS_1, CA_FOODS_2, CA_HOUSEHOLD_1, TX_HOUSEHOLD_1, TX_HOUSEHOLD_2, CA_HOUSEHOLD_2"
625292,"CA_HOBBIES_1, TX_FOODS_1, TX_FOODS_2, CA_FOODS_2, TX_HOUSEHOLD_1, WI_HOUSEHOLD_1, WI_FOODS_1, TX_HOUSEHOLD_2"
775979,"WI_HOBBIES_1, CA_HOBBIES_1, CA_FOODS_1, WI_FOODS_3, WI_FOODS_2, WI_HOUSEHOLD_1, TX_HOBBIES_1, CA_HOUSEHOLD_2"
977031,"WI_HOUSEHOLD_2, CA_HOBBIES_1, CA_FOODS_1, WI_FOODS_3, TX_HOUSEHOLD_1, CA_HOUSEHOLD_1, TX_HOBBIES_1, TX_HOUSEHOLD_2"
960650,"TX_FOODS_1, WI_HOBBIES_1, CA_FOODS_2, WI_FOODS_3, TX_HOUSEHOLD_1, WI_HOUSEHOLD_1, CA_HOUSEHOLD_2, WI_FOODS_1"
569071,"WI_HOBBIES_1, TX_FOODS_1, WI_FOODS_3, CA_FOODS_1, TX_HOUSEHOLD_1, WI_FOODS_2, TX_HOBBIES_1, WI_FOODS_1"
641152,"WI_HOBBIES_1, CA_HOBBIES_1, CA_FOODS_2, TX_FOODS_2, WI_HOUSEHOLD_1, WI_FOODS_2, TX_HOUSEHOLD_2, TX_HOBBIES_1"
100359,"TX_FOODS_1, CA_HOBBIES_1, CA_FOODS_1, CA_FOODS_2, WI_FOODS_2, WI_HOUSEHOLD_1, TX_HOBBIES_1, CA_HOUSEHOLD_2"
608680,"WI_HOBBIES_1, CA_HOBBIES_1, TX_FOODS_2, CA_FOODS_1, CA_HOUSEHOLD_1, TX_HOUSEHOLD_1, WI_FOODS_1, CA_HOUSEHOLD_2"
833316,"TX_FOODS_1, CA_HOBBIES_1, CA_FOODS_2, TX_FOODS_2, CA_HOUSEHOLD_1, WI_FOODS_2, TX_HOBBIES_1, WI_FOODS_1"
773823,"CA_HOBBIES_1, WI_HOUSEHOLD_2, TX_FOODS_2, CA_FOODS_2, WI_FOODS_2, WI_HOUSEHOLD_1, TX_HOBBIES_1, TX_HOUSEHOLD_2"
615600,"CA_HOBBIES_1, WI_HOUSEHOLD_2, WI_FOODS_3, CA_FOODS_2, WI_FOODS_2, TX_HOUSEHOLD_1, TX_HOUSEHOLD_2, TX_HOBBIES_1"
772299,"WI_HOBBIES_1, TX_FOODS_1, CA_FOODS_1, TX_FOODS_2, WI_FOODS_2, CA_HOUSEHOLD_1, CA_HOUSEHOLD_2, WI_FOODS_1"
902784,"TX_FOODS_1, CA_HOBBIES_1, TX_FOODS_2, WI_FOODS_3, WI_FOODS_2, TX_HOUSEHOLD_1, CA_HOUSEHOLD_2, TX_HOBBIES_1"
977724,"WI_HOUSEHOLD_2, WI_HOBBIES_1, CA_FOODS_1, WI_FOODS_3, TX_HOUSEHOLD_1, CA_HOUSEHOLD_1, WI_FOODS_1, TX_HOBBIES_1"
980981,"WI_HOBBIES_1, TX_FOODS_1, TX_FOODS_2, WI_FOODS_3, CA_HOUSEHOLD_1, TX_HOUSEHOLD_1, CA_HOUSEHOLD_2, TX_HOBBIES_1"
340109,"WI_HOUSEHOLD_2, TX_FOODS_1, TX_FOODS_2, CA_FOODS_2, CA_HOUSEHOLD_1, WI_HOUSEHOLD_1, CA_HOUSEHOLD_2, TX_HOBBIES_1"
500993,"TX_FOODS_1, WI_HOUSEHOLD_2, CA_FOODS_2, WI_FOODS_3, WI_FOODS_2, TX_HOUSEHOLD_1, TX_HOUSEHOLD_2, CA_HOUSEHOLD_2"
31468,"WI_HOBBIES_1, WI_HOUSEHOLD_2, CA_FOODS_1, CA_FOODS_2, TX_HOUSEHOLD_1, CA_HOUSEHOLD_1, TX_HOBBIES_1, TX_HOUSEHOLD_2"
732801,"TX_FOODS_1, WI_HOUSEHOLD_2, WI_FOODS_3, TX_FOODS_2, CA_HOUSEHOLD_1, WI_FOODS_2, TX_HOBBIES_1, TX_HOUSEHOLD_2"
148751,"CA_HOBBIES_1, TX_FOODS_1, WI_FOODS_3, CA_FOODS_1, CA_HOUSEHOLD_1, WI_FOODS_2, WI_FOODS_1, TX_HOUSEHOLD_2"
351842,"WI_HOUSEHOLD_2, WI_HOBBIES_1, WI_FOODS_3, TX_FOODS_2, WI_FOODS_2, CA_HOUSEHOLD_1, WI_FOODS_1, TX_HOUSEHOLD_2"
881582,"WI_HOBBIES_1, TX_FOODS_1, CA_FOODS_1, WI_FOODS_3, WI_HOUSEHOLD_1, TX_HOUSEHOLD_1, CA_HOUSEHOLD_2, WI_FOODS_1"
610013,"TX_FOODS_1, WI_HOUSEHOLD_2, TX_FOODS_2, CA_FOODS_2, WI_HOUSEHOLD_1, CA_HOUSEHOLD_1, CA_HOUSEHOLD_2, TX_HOBBIES_1"
585177,"CA_HOBBIES_1, WI_HOBBIES_1, CA_FOODS_1, CA_FOODS_2, WI_FOODS_2, TX_HOUSEHOLD_1, TX_HOUSEHOLD_2, TX_HOBBIES_1"
760889,"WI_HOUSEHOLD_2, CA_HOBBIES_1, TX_FOODS_2, CA_FOODS_1, WI_HOUSEHOLD_1, TX_HOUSEHOLD_1, WI_FOODS_1, CA_HOUSEHOLD_2"
896807,"CA_HOBBIES_1, WI_HOBBIES_1, CA_FOODS_1, TX_FOODS_2, WI_HOUSEHOLD_1, CA_HOUSEHOLD_1, TX_HOUSEHOLD_2, CA_HOUSEHOLD_2"
831872,"TX_FOODS_1, CA_HOBBIES_1, TX_FOODS_2, CA_FOODS_1, CA_HOUSEHOLD_1, WI_HOUSEHOLD_1, TX_HOBBIES_1, TX_HOUSEHOLD_2"
852092,"CA_HOBBIES_1, WI_HOBBIES_1, WI_FOODS_3, CA_FOODS_2, TX_HOUSEHOLD_1, WI_HOUSEHOLD_1, CA_HOUSEHOLD_2, WI_FOODS_1"
698774,"CA_HOBBIES_1, WI_HOBBIES_1, CA_FOODS_2, CA_FOODS_1, TX_HOUSEHOLD_1, WI_HOUSEHOLD_1, TX_HOBBIES_1, CA_HOUSEHOLD_2"
35147,"WI_HOUSEHOLD_2, TX_FOODS_1, TX_FOODS_2, CA_FOODS_1, TX_HOUSEHOLD_1, WI_HOUSEHOLD_1, WI_FOODS_1, CA_HOUSEHOLD_2"
961929,"TX_FOODS_1, WI_HOBBIES_1, TX_FOODS_2, WI_FOODS_3, WI_HOUSEHOLD_1, WI_FOODS_2, TX_HOUSEHOLD_2, CA_HOUSEHOLD_2"
1546,"TX_FOODS_1, WI_HOBBIES_1, CA_FOODS_2, WI_FOODS_3, CA_HOUSEHOLD_1, WI_HOUSEHOLD_1, TX_HOUSEHOLD_2, CA_HOUSEHOLD_2"
388797,"TX_FOODS_1, WI_HOBBIES_1, WI_FOODS_3, TX_FOODS_2, WI_FOODS_2, WI_HOUSEHOLD_1, CA_HOUSEHOLD_2, TX_HOUSEHOLD_2"
731090,"WI_HOBBIES_1, CA_HOBBIES_1, WI_FOODS_3, CA_FOODS_1, WI_HOUSEHOLD_1, TX_HOUSEHOLD_1, TX_HOUSEHOLD_2, CA_HOUSEHOLD_2"
926203,"TX_FOODS_1, CA_HOBBIES_1, CA_FOODS_1, TX_FOODS_2, WI_HOUSEHOLD_1, CA_HOUSEHOLD_1, TX_HOUSEHOLD_2, TX_HOBBIES_1"
597762,"CA_HOBBIES_1, TX_FOODS_1, CA_FOODS_2, TX_FOODS_2, TX_HOUSEHOLD_1, WI_HOUSEHOLD_1, TX_HOBBIES_1, WI_FOODS_1"
595318,"WI_HOUSEHOLD_2, TX_FOODS_1, WI_FOODS_3, CA_FOODS_1, TX_HOUSEHOLD_1, WI_HOUSEHOLD_1, CA_HOUSEHOLD_2, WI_FOODS_1"
326656,"CA_HOBBIES_1, WI_HOUSEHOLD_2, CA_FOODS_1, WI_FOODS_3, TX_HOUSEHOLD_1, WI_HOUSEHOLD_1, TX_HOUSEHOLD_2, CA_HOUSEHOLD_2"
840125,"WI_HOBBIES_1, CA_HOBBIES_1, CA_FOODS_2, TX_FOODS_2, WI_FOODS_2, TX_HOUSEHOLD_1, WI_FOODS_1, TX_HOBBIES_1"
580000,"TX_FOODS_1, WI_HOBBIES_1, CA_FOODS_1, CA_FOODS_2, CA_HOUSEHOLD_1, TX_HOUSEHOLD_1, TX_HOUSEHOLD_2, CA_HOUSEHOLD_2"
231908,"WI_HOBBIES_1, CA_HOBBIES_1, CA_FOODS_1, WI_FOODS_3, WI_HOUSEHOLD_1, CA_HOUSEHOLD_1, WI_FOODS_1, TX_HOBBIES_1"
614599,"WI_HOUSEHOLD_2, WI_HOBBIES_1, TX_FOODS_2, WI_FOODS_3, WI_FOODS_2, TX_HOUSEHOLD_1, CA_HOUSEHOLD_2, WI_FOODS_1"
761619,"TX_FOODS_1, CA_HOBBIES_1, CA_FOODS_2, WI_FOODS_3, TX_HOUSEHOLD_1, CA_HOUSEHOLD_1, WI_FOODS_1, TX_HOBBIES_1"
654099,"WI_HOBBIES_1, TX_FOODS_1, TX_FOODS_2, CA_FOODS_1, CA_HOUSEHOLD_1, WI_FOODS_2, TX_HOUSEHOLD_2, TX_HOBBIES_1"
469652,"WI_HOBBIES_1, CA_HOBBIES_1, CA_FOODS_1, WI_FOODS_3, TX_HOUSEHOLD_1, CA_HOUSEHOLD_1, CA_HOUSEHOLD_2, TX_HOUSEHOLD_2"
297053,"TX_FOODS_1, WI_HOBBIES_1, WI_FOODS_3, CA_FOODS_2, WI_HOUSEHOLD_1, WI_FOODS_2, TX_HOBBIES_1, TX_HOUSEHOLD_2"
976170,"WI_HOUSEHOLD_2, TX_FOODS_1, CA_FOODS_1, WI_FOODS_3, TX_HOUSEHOLD_1, WI_HOUSEHOLD_1, WI_FOODS_1, CA_HOUSEHOLD_2"
264873,"WI_HOUSEHOLD_2, CA_HOBBIES_1, CA_FOODS_1, TX_FOODS_2, CA_HOUSEHOLD_1, WI_HOUSEHOLD_1, CA_HOUSEHOLD_2, WI_FOODS_1"
597810,"WI_HOUSEHOLD_2, TX_FOODS_1, CA_FOODS_2, WI_FOODS_3, CA_HOUSEHOLD_1, WI_FOODS_2, WI_FOODS_1, CA_HOUSEHOLD_2"
767072,"CA_HOBBIES_1, TX_FOODS_1, CA_FOODS_1, TX_FOODS_2, WI_FOODS_2, TX_HOUSEHOLD_1, CA_HOUSEHOLD_2, TX_HOBBIES_1"
788274,"WI_HOBBIES_1, WI_HOUSEHOLD_2, CA_FOODS_1, CA_FOODS_2, WI_HOUSEHOLD_1, TX_HOUSEHOLD_1, WI_FOODS_1, TX_HOBBIES_1"
983413,"CA_HOBBIES_1, WI_HOUSEHOLD_2, CA_FOODS_2, WI_FOODS_3, CA_HOUSEHOLD_1, WI_HOUSEHOLD_1, TX_HOUSEHOLD_2, CA_HOUSEHOLD_2"
113634,"TX_FOODS_1, WI_HOBBIES_1, CA_FOODS_2, CA_FOODS_1, WI_FOODS_2, TX_HOUSEHOLD_1, TX_HOBBIES_1, CA_HOUSEHOLD_2"
223121,"CA_HOBBIES_1, WI_HOBBIES_1, TX_FOODS_2, CA_FOODS_2, TX_HOUSEHOLD_1, WI_FOODS_2, CA_HOUSEHOLD_2, TX_HOBBIES_1"
36962,"CA_HOBBIES_1, TX_FOODS_1, CA_FOODS_1, CA_FOODS_2, CA_HOUSEHOLD_1, WI_HOUSEHOLD_1, CA_HOUSEHOLD_2, WI_FOODS_1"
237263,"TX_FOODS_1, CA_HOBBIES_1, CA_FOODS_1, CA_FOODS_2, TX_HOUSEHOLD_1, CA_HOUSEHOLD_1, TX_HOBBIES_1, CA_HOUSEHOLD_2"
336586,"TX_FOODS_1, WI_HOUSEHOLD_2, CA_FOODS_2, CA_FOODS_1, CA_HOUSEHOLD_1, WI_FOODS_2, WI_FOODS_1, TX_HOUSEHOLD_2"
956542,"WI_HOBBIES_1, CA_HOBBIES_1, TX_FOODS_2, WI_FOODS_3, TX_HOUSEHOLD_1, WI_HOUSEHOLD_1, TX_HOUSEHOLD_2, WI_FOODS_1"
136332,"WI_HOUSEHOLD_2, WI_HOBBIES_1, CA_FOODS_1, CA_FOODS_2, WI_FOODS_2, WI_HOUSEHOLD_1, TX_HOBBIES_1, TX_HOUSEHOLD_2"
518007,"WI_HOUSEHOLD_2, WI_HOBBIES_1, TX_FOODS_2, CA_FOODS_2, CA_HOUSEHOLD_1, TX_HOUSEHOLD_1, TX_HOUSEHOLD_2, TX_HOBBIES_1"
932148,"WI_HOBBIES_1, CA_HOBBIES_1, WI_FOODS_3, CA_FOODS_1, WI_HOUSEHOLD_1, WI_FOODS_2, CA_HOUSEHOLD_2, TX_HOUSEHOLD_2"
945805,"TX_FOODS_1, WI_HOUSEHOLD_2, CA_FOODS_1, TX_FOODS_2, WI_HOUSEHOLD_1, WI_FOODS_2, CA_HOUSEHOLD_2, TX_HOUSEHOLD_2"
340051,"WI_HOBBIES_1, TX_FOODS_1, WI_FOODS_3, CA_FOODS_1, TX_HOUSEHOLD_1, CA_HOUSEHOLD_1, CA_HOUSEHOLD_2, TX_HOUSEHOLD_2"
432297,"TX_FOODS_1, WI_HOBBIES_1, CA_FOODS_1, TX_FOODS_2, CA_HOUSEHOLD_1, WI_HOUSEHOLD_1, CA_HOUSEHOLD_2, WI_FOODS_1"
841341,"TX_FOODS_1, WI_HOUSEHOLD_2, CA_FOODS_1, CA_FOODS_2, WI_HOUSEHOLD_1, WI_FOODS_2, CA_HOUSEHOLD_2, TX_HOUSEHOLD_2"
859360,"TX_FOODS_1, WI_HOUSEHOLD_2, CA_FOODS_1, CA_FOODS_2, WI_FOODS_2, TX_HOUSEHOLD_1, TX_HOUSEHOLD_2, WI_FOODS_1"
664982,"WI_HOUSEHOLD_2, CA_HOBBIES_1, CA_FOODS_2, WI_FOODS_3, WI_FOODS_2, CA_HOUSEHOLD_1, CA_HOUSEHOLD_2, TX_HOUSEHOLD_2"
754558,"WI_HOBBIES_1, WI_HOUSEHOLD_2, TX_FOODS_2, WI_FOODS_3, WI_FOODS_2, CA_HOUSEHOLD_1, TX_HOUSEHOLD_2, TX_HOBBIES_1"
424253,"WI_HOBBIES_1, TX_FOODS_1, TX_FOODS_2, WI_FOODS_3, WI_HOUSEHOLD_1, WI_FOODS_2, TX_HOUSEHOLD_2, WI_FOODS_1"
253048,"CA_HOBBIES_1, TX_FOODS_1, CA_FOODS_2, CA_FOODS_1, CA_HOUSEHOLD_1, TX_HOUSEHOLD_1, CA_HOUSEHOLD_2, TX_HOUSEHOLD_2"
667283,"WI_HOBBIES_1, CA_HOBBIES_1, CA_FOODS_1, TX_FOODS_2, TX_HOUSEHOLD_1, WI_FOODS_2, WI_FOODS_1, TX_HOUSEHOLD_2"
496946,"CA_HOBBIES_1, TX_FOODS_1, CA_FOODS_1, WI_FOODS_3, WI_HOUSEHOLD_1, TX_HOUSEHOLD_1, TX_HOUSEHOLD_2, TX_HOBBIES_1"
811877,"CA_HOBBIES_1, WI_HOUSEHOLD_2, CA_FOODS_1, CA_FOODS_2, WI_HOUSEHOLD_1, CA_HOUSEHOLD_1, CA_HOUSEHOLD_2, WI_FOODS_1"
525842,"WI_HOBBIES_1, CA_HOBBIES_1, CA_FOODS_1, WI_FOODS_3, WI_HOUSEHOLD_1, CA_HOUSEHOLD_1, WI_FOODS_1, TX_HOBBIES_1"
179149,"WI_HOBBIES_1, WI_HOUSEHOLD_2, WI_FOODS_3, TX_FOODS_2, TX_HOUSEHOLD_1, WI_FOODS_2, WI_FOODS_1, TX_HOUSEHOLD_2"
357323,"CA_HOBBIES_1, WI_HOBBIES_1, WI_FOODS_3, TX_FOODS_2, CA_HOUSEHOLD_1, TX_HOUSEHOLD_1, WI_FOODS_1, CA_HOUSEHOLD_2"
404093,"CA_HOBBIES_1, TX_FOODS_1, TX_FOODS_2, WI_FOODS_3, CA_HOUSEHOLD_1, WI_FOODS_2, WI_FOODS_1, CA_HOUSEHOLD_2"
348594,"WI_HOUSEHOLD_2, CA_HOBBIES_1, CA_FOODS_1, TX_FOODS_2, WI_HOUSEHOLD_1, WI_FOODS_2, CA_HOUSEHOLD_2, TX_HOUSEHOLD_2"
616796,"TX_FOODS_1, WI_HOBBIES_1, CA_FOODS_2, WI_FOODS_3, WI_FOODS_2, TX_HOUSEHOLD_1, TX_HOUSEHOLD_2, CA_HOUSEHOLD_2"
832975,"CA_HOBBIES_1, WI_HOUSEHOLD_2, WI_FOODS_3, CA_FOODS_1, TX_HOUSEHOLD_1, CA_HOUSEHOLD_1, CA_HOUSEHOLD_2, TX_HOBBIES_1"
899449,"CA_HOBBIES_1, WI_HOBBIES_1, CA_FOODS_1, CA_FOODS_2, WI_FOODS_2, TX_HOUSEHOLD_1, TX_HOBBIES_1, WI_FOODS_1"
240139,"CA_HOBBIES_1, WI_HOBBIES_1, CA_FOODS_1, WI_FOODS_3, CA_HOUSEHOLD_1, WI_HOUSEHOLD_1, TX_HOUSEHOLD_2, CA_HOUSEHOLD_2"
884552,"CA_HOBBIES_1, WI_HOUSEHOLD_2, WI_FOODS_3, CA_FOODS_2, CA_HOUSEHOLD_1, WI_FOODS_2, CA_HOUSEHOLD_2, TX_HOUSEHOLD_2"
415769,"CA_HOBBIES_1, WI_HOBBIES_1, WI_FOODS_3, CA_FOODS_1, TX_HOUSEHOLD_1, WI_FOODS_2, WI_FOODS_1, CA_HOUSEHOLD_2"
150643,"TX_FOODS_1, WI_HOUSEHOLD_2, CA_FOODS_1, CA_FOODS_2, CA_HOUSEHOLD_1, WI_HOUSEHOLD_1, TX_HOBBIES_1, WI_FOODS_1"
260038,"CA_HOBBIES_1, WI_HOUSEHOLD_2, TX_FOODS_2, WI_FOODS_3, WI_FOODS_2, WI_HOUSEHOLD_1, TX_HOUSEHOLD_2, TX_HOBBIES_1"
387286,"TX_FOODS_1, WI_HOUSEHOLD_2, CA_FOODS_2, WI_FOODS_3, WI_FOODS_2, CA_HOUSEHOLD_1, TX_HOUSEHOLD_2, CA_HOUSEHOLD_2"
32392,"CA_HOBBIES_1, WI_HOUSEHOLD_2, WI_FOODS_3, TX_FOODS_2, TX_HOUSEHOLD_1, CA_HOUSEHOLD_1, WI_FOODS_1, CA_HOUSEHOLD_2"
985202,"WI_HOUSEHOLD_2, CA_HOBBIES_1, CA_FOODS_1, WI_FOODS_3, WI_HOUSEHOLD_1, TX_HOUSEHOLD_1, TX_HOBBIES_1, CA_HOUSEHOLD_2"
488576,"WI_HOUSEHOLD_2, TX_FOODS_1, WI_FOODS_3, TX_FOODS_2, CA_HOUSEHOLD_1, WI_HOUSEHOLD_1, TX_HOUSEHOLD_2, CA_HOUSEHOLD_2"
786529,"TX_FOODS_1, WI_HOBBIES_1, CA_FOODS_2, CA_FOODS_1, WI_HOUSEHOLD_1, WI_FOODS_2, TX_HOBBIES_1, CA_HOUSEHOLD_2"
80860,"WI_HOBBIES_1, WI_HOUSEHOLD_2, CA_FOODS_2, WI_FOODS_3, WI_FOODS_2, WI_HOUSEHOLD_1, WI_FOODS_1, CA_HOUSEHOLD_2"
740027,"TX_FOODS_1, CA_HOBBIES_1, CA_FOODS_2, CA_FOODS_1, TX_HOUSEHOLD_1, CA_HOUSEHOLD_1, TX_HOUSEHOLD_2, TX_HOBBIES_1"
2988,"WI_HOUSEHOLD_2, TX_FOODS_1, CA_FOODS_2, WI_FOODS_3, WI_FOODS_2, TX_HOUSEHOLD_1, TX_HOUSEHOLD_2, WI_FOODS_1"
795222,"WI_HOUSEHOLD_2, WI_HOBBIES_1, WI_FOODS_3, CA_FOODS_2, WI_FOODS_2, CA_HOUSEHOLD_1, CA_HOUSEHOLD_2, TX_HOBBIES_1"
389628,"TX_FOODS_1, WI_HOBBIES_1, CA_FOODS_2, CA_FOODS_1, WI_FOODS_2, WI_HOUSEHOLD_1, CA_HOUSEHOLD_2, TX_HOUSEHOLD_2"
992687,"CA_HOBBIES_1, WI_HOBBIES_1, WI_FOODS_3, TX_FOODS_2, CA_HOUSEHOLD_1, WI_HOUSEHOLD_1, WI_FOODS_1, TX_HOUSEHOLD_2"
767171,"TX_FOODS_1, WI_HOBBIES_1, CA_FOODS_1, TX_FOODS_2, WI_HOUSEHOLD_1, TX_HOUSEHOLD_1, TX_HOUSEHOLD_2, WI_FOODS_1"
182847,"CA_HOBBIES_1, WI_HOUSEHOLD_2, CA_FOODS_1, TX_FOODS_2, WI_FOODS_2, TX_HOUSEHOLD_1, TX_HOBBIES_1, WI_FOODS_1"
258707,"WI_HOBBIES_1, TX_FOODS_1, CA_FOODS_1, TX_FOODS_2, WI_FOODS_2, CA_HOUSEHOLD_1, WI_FOODS_1, TX_HOUSEHOLD_2"
996195,"CA_HOBBIES_1, WI_HOBBIES_1, TX_FOODS_2, WI_FOODS_3, WI_FOODS_2, CA_HOUSEHOLD_1, TX_HOBBIES_1, TX_HOUSEHOLD_2"
253749,"CA_HOBBIES_1, WI_HOUSEHOLD_2, TX_FOODS_2, CA_FOODS_2, CA_HOUSEHOLD_1, WI_FOODS_2, TX_HOBBIES_1, TX_HOUSEHOLD_2"
856392,"TX_FOODS_1, CA_HOBBIES_1, TX_FOODS_2, CA_FOODS_2, WI_HOUSEHOLD_1, WI_FOODS_2, WI_FOODS_1, CA_HOUSEHOLD_2"
158540,"WI_HOBBIES_1, TX_FOODS_1, CA_FOODS_2, TX_FOODS_2, WI_HOUSEHOLD_1, TX_HOUSEHOLD_1, TX_HOBBIES_1, WI_FOODS_1"
96752,"WI_HOBBIES_1, WI_HOUSEHOLD_2, CA_FOODS_2, WI_FOODS_3, CA_HOUSEHOLD_1, WI_FOODS_2, TX_HOUSEHOLD_2, TX_HOBBIES_1"
875575,"WI_HOUSEHOLD_2, TX_FOODS_1, TX_FOODS_2, WI_FOODS_3, TX_HOUSEHOLD_1, WI_FOODS_2, WI_FOODS_1, TX_HOBBIES_1"
219011,"WI_HOBBIES_1, TX_FOODS_1, TX_FOODS_2, CA_FOODS_2, WI_HOUSEHOLD_1, WI_FOODS_2, TX_HOBBIES_1, WI_FOODS_1"
101165,"WI_HOUSEHOLD_2, TX_FOODS_1, CA_FOODS_2, CA_FOODS_1, WI_FOODS_2, CA_HOUSEHOLD_1, CA_HOUSEHOLD_2, WI_FOODS_1"
506498,"TX_FOODS_1, WI_HOBBIES_1, TX_FOODS_2, CA_FOODS_2, WI_FOODS_2, WI_HOUSEHOLD_1, TX_HOUSEHOLD_2, CA_HOUSEHOLD_2"
41417,"TX_FOODS_1, CA_HOBBIES_1, CA_FOODS_1, WI_FOODS_3, TX_HOUSEHOLD_1, WI_HOUSEHOLD_1, CA_HOUSEHOLD_2, TX_HOUSEHOLD_2"
130890,"TX_FOODS_1, WI_HOBBIES_1, TX_FOODS_2, CA_FOODS_2, WI_FOODS_2, WI_HOUSEHOLD_1, CA_HOUSEHOLD_2, WI_FOODS_1"
708761,"WI_HOUSEHOLD_2, WI_HOBBIES_1, TX_FOODS_2, CA_FOODS_1, WI_FOODS_2, WI_HOUSEHOLD_1, TX_HOUSEHOLD_2, WI_FOODS_1"
713667,"CA_HOBBIES_1, WI_HOBBIES_1, CA_FOODS_2, TX_FOODS_2, CA_HOUSEHOLD_1, TX_HOUSEHOLD_1, WI_FOODS_1, TX_HOBBIES_1"
532069,"WI_HOUSEHOLD_2, WI_HOBBIES_1, CA_FOODS_2, WI_FOODS_3, WI_HOUSEHOLD_1, WI_FOODS_2, TX_HOUSEHOLD_2, TX_HOBBIES_1"
940544,"WI_HOUSEHOLD_2, CA_HOBBIES_1, TX_FOODS_2, CA_FOODS_2, WI_FOODS_2, TX_HOUSEHOLD_1, CA_HOUSEHOLD_2, TX_HOBBIES_1"
597787,"WI_HOUSEHOLD_2, CA_HOBBIES_1, WI_FOODS_3, CA_FOODS_1, TX_HOUSEHOLD_1, WI_FOODS_2, WI_FOODS_1, TX_HOUSEHOLD_2"
854894,"WI_HOBBIES_1, TX_FOODS_1, CA_FOODS_2, CA_FOODS_1, CA_HOUSEHOLD_1, TX_HOUSEHOLD_1, TX_HOBBIES_1, WI_FOODS_1"
533657,"TX_FOODS_1, WI_HOBBIES_1, CA_FOODS_2, TX_FOODS_2, WI_FOODS_2, WI_HOUSEHOLD_1, CA_HOUSEHOLD_2, WI_FOODS_1"
273441,"WI_HOBBIES_1, CA_HOBBIES_1, CA_FOODS_2, WI_FOODS_3, WI_FOODS_2, TX_HOUSEHOLD_1, TX_HOUSEHOLD_2, WI_FOODS_1"
961921,"WI_HOBBIES_1, TX_FOODS_1, TX_FOODS_2, CA_FOODS_2, TX_HOUSEHOLD_1, WI_HOUSEHOLD_1, WI_FOODS_1, TX_HOUSEHOLD_2"
321058,"WI_HOUSEHOLD_2, CA_HOBBIES_1, WI_FOODS_3, TX_FOODS_2, WI_FOODS_2, TX_HOUSEHOLD_1, CA_HOUSEHOLD_2, TX_HOBBIES_1"
830963,"WI_HOBBIES_1, CA_HOBBIES_1, CA_FOODS_1, WI_FOODS_3, WI_HOUSEHOLD_1, WI_FOODS_2, WI_FOODS_1, CA_HOUSEHOLD_2"
140059,"WI_HOBBIES_1, WI_HOUSEHOLD_2, CA_FOODS_2, TX_FOODS_2, CA_HOUSEHOLD_1, WI_FOODS_2, WI_FOODS_1, TX_HOUSEHOLD_2"
38067,"TX_FOODS_1, WI_HOUSEHOLD_2, CA_FOODS_2, TX_FOODS_2, WI_HOUSEHOLD_1, CA_HOUSEHOLD_1, CA_HOUSEHOLD_2, WI_FOODS_1"
58301,"TX_FOODS_1, WI_HOUSEHOLD_2, CA_FOODS_1, TX_FOODS_2, WI_HOUSEHOLD_1, WI_FOODS_2, TX_HOUSEHOLD_2, WI_FOODS_1"
747966,"WI_HOBBIES_1, CA_HOBBIES_1, WI_FOODS_3, CA_FOODS_2, TX_HOUSEHOLD_1, WI_HOUSEHOLD_1, WI_FOODS_1, TX_HOUSEHOLD_2"
491890,"WI_HOBBIES_1, WI_HOUSEHOLD_2, CA_FOODS_1, CA_FOODS_2, WI_FOODS_2, TX_HOUSEHOLD_1, CA_HOUSEHOLD_2, WI_FOODS_1"
690088,"TX_FOODS_1, WI_HOBBIES_1, CA_FOODS_2, WI_FOODS_3, CA_HOUSEHOLD_1, TX_HOUSEHOLD_1, TX_HOUSEHOLD_2, CA_HOUSEHOLD_2"
597573,"WI_HOUSEHOLD_2, TX_FOODS_1, TX_FOODS_2, CA_FOODS_2, CA_HOUSEHOLD_1, TX_HOUSEHOLD_1, TX_HOBBIES_1, WI_FOODS_1"
632695,"WI_HOBBIES_1, WI_HOUSEHOLD_2, TX_FOODS_2, CA_FOODS_2, WI_FOODS_2, WI_HOUSEHOLD_1, CA_HOUSEHOLD_2, WI_FOODS_1"
766020,"WI_HOUSEHOLD_2, CA_HOBBIES_1, CA_FOODS_1, CA_FOODS_2, CA_HOUSEHOLD_1, WI_HOUSEHOLD_1, CA_HOUSEHOLD_2, WI_FOODS_1"
862276,"TX_FOODS_1, WI_HOUSEHOLD_2, CA_FOODS_2, TX_FOODS_2, WI_FOODS_2, WI_HOUSEHOLD_1, TX_HOBBIES_1, TX_HOUSEHOLD_2"
426634,"WI_HOUSEHOLD_2, CA_HOBBIES_1, TX_FOODS_2, CA_FOODS_1, TX_HOUSEHOLD_1, CA_HOUSEHOLD_1, TX_HOBBIES_1, TX_HOUSEHOLD_2"
296346,"TX_FOODS_1, CA_HOBBIES_1, CA_FOODS_2, TX_FOODS_2, CA_HOUSEHOLD_1, WI_HOUSEHOLD_1, WI_FOODS_1, TX_HOUSEHOLD_2"
126350,"CA_HOBBIES_1, TX_FOODS_1, WI_FOODS_3, TX_FOODS_2, TX_HOUSEHOLD_1, WI_FOODS_2, CA_HOUSEHOLD_2, TX_HOBBIES_1"
68571,"WI_HOUSEHOLD_2, TX_FOODS_1, WI_FOODS_3, TX_FOODS_2, TX_HOUSEHOLD_1, WI_HOUSEHOLD_1, TX_HOUSEHOLD_2, CA_HOUSEHOLD_2"
