Step,AI_Eps_0.05_e0.05,AI_Eps_0.1_e0.1,AI_Eps_0.2_e0.2,AI_Eps_0.3_e0.3,AI_Eps_0.5_e0.5,AI_UCB_c1.0_c1.0,AI_UCB_c2.0_c2.0,AI_Softmax_T0.5_t0.5,AI_Softmax_T1.0_t1.0
0,0.07909999477736916,1.1913962185921519e-05,0.027245297788663667,3.0064386613438433e-05,0.026660980137561005,0.2888932763938645,0.2898881321726755,0.026988087528200252,0.29095203679477466
1,0.07934594656741753,2.952139813127438e-06,1.4987879673680985e-05,1.5122153340430162e-05,0.2755146048485974,0.2735144279318073,2.947066866901718e-06,2.9673068242495263e-06,2.940984112158588e-06
2,0.08127430976452105,1.1799502463797019e-05,0.4880042221495337,2.998858114799698e-05,0.42883942973676825,0.03981474521377486,0.038974042588452586,0.0883765586596307,0.09963176813498763
3,0.07952563388395294,1.1886968181641652e-05,0.44246124515542856,3.009773984705172e-05,0.20973867492015716,0.049636709562672326,0.208968338372787,0.050160691066491514,0.6359912895498527
4,0.027079791879484904,6.006025189442422e-06,0.43301594945512617,6.1112839916790065e-06,9.94643414287034e-06,0.026654030385084154,0.026833265667859346,9.928186462561575e-06,1.0049777225584939e-05
5,0.08058651823797817,1.1903540081089618e-05,0.1460113271524427,1.5028801504494621e-05,0.22926792348623537,0.14512144543469882,0.14530322262465323,0.07678082510652215,1.4825188205902763e-05
6,0.07996354842598517,6.007121556870016e-06,0.6383259097331492,1.0020546600024656e-05,0.08078696771236163,0.09051948671838873,1.0031133788581385e-05,9.912160653211497e-06,5.9146332219821095e-06
7,0.08025793070974575,3.013391090977691e-06,0.5892480286858004,3.0010337317956006e-05,3.0107989525821277e-06,3.0232303482766034e-06,0.09973964780897704,0.07899610627649711,3.018415836690639e-06
8,0.07921463761265152,5.85517550586465e-06,5.947124666084347e-06,1.5216075289736056e-05,0.3397900368797709,1.5091316359786151e-05,0.044634049993644516,0.3468885947390738,0.04552760128753871
9,0.08007681045327796,1.2003704827616154e-05,0.48487459575917896,2.9667197207308235e-05,0.4354303365347211,0.23439592198556924,0.23343043618451567,0.10065247177807826,0.23645238526264936
10,0.07870864472409012,1.2168003135716466e-05,0.4392306258584791,3.0011269045108543e-05,0.08318175128413016,0.08394651938187549,0.08403833655575774,0.08425490425183667,0.08366026577982631
11,0.04048176113262608,1.1938599993463617e-05,0.10067022237058709,0.040429212785422504,0.09194811707626156,0.2183926161836721,0.2171445304197252,0.4200913784540761,3.005490359002161e-05
12,0.04028517105645608,6.103359434409635e-06,0.07979852401755937,0.040078128786148776,0.4339091973830401,0.04489451718422405,0.10209374409651717,6.027346483568558e-06,0.04510592057619301
13,0.07977211362982928,1.2185395164200791e-05,0.23999551680113446,0.48379922201616105,0.24082721378466732,0.05054543398750497,0.08815363440207719,0.7193733995112749,0.05003505570318623
14,0.07995458655078508,1.1863410479824083e-05,0.29147926938460705,0.5794346719731124,0.2915602080995744,0.04039306373551437,0.04074039675522632,0.8759534293959309,2.9853119262866e-05
15,0.0196846311697972,5.939843662769227e-06,0.612193826743342,0.5490966123708078,0.02028040627569818,0.020087738587207297,0.0198703296157569,0.09852914122635018,6.108489193039451e-06
16,0.08213602090437627,1.1888340644332353e-05,0.24418539479606968,0.10017478297447033,0.24596465234836765,1.4857068172887142e-05,1.4888752319068769e-05,0.07925315294245314,0.7036437268022084
17,0.02676061403066921,4.039594547986698e-06,0.21884202073382564,0.42351194458554103,0.21774322605957022,4.043019929394824e-06,4.08099584109274e-06,0.027226365086563408,0.02665583979272773
18,0.07942485266494667,1.2074890807363255e-05,0.437595801808718,0.2116014196715343,0.20885287140271716,0.3098151652750734,0.31160090012715735,0.08267920856287536,0.09976104350706888
19,0.07971611361431447,5.975809321964864e-06,0.6306174176297988,0.41951275477455086,6.077424154423645e-06,0.21750034442184935,0.21855595678076012,0.09034582024405494,0.08043958321510514
20,0.040225383457682604,1.203096789321157e-05,0.3558217039658883,0.1605417258029479,0.039939984221018084,0.16193770018138876,0.16238375435638452,0.4827027115045758,0.3592262344182538
21,0.07963532781842088,6.079159971037586e-06,0.8731639727641256,0.5819151260797404,0.5835074053278106,0.08787229171275263,0.09921947322668138,6.076961777995867e-06,3.0131011944748e-05
22,0.04038810814343088,1.2015052994765136e-05,0.8977258529924245,0.5469188615711125,0.3110084363913552,0.10146673495254202,0.08941308999496915,0.04016801685193707,0.3092495270494639
23,0.07935440732246796,1.2138256034505859e-05,0.23406985607072991,0.4336112113865704,0.24451941832919893,0.23492469017810583,0.08030697253410303,0.23436328020706368,0.24563481574760704
24,0.040256683020882755,1.2048889145266424e-05,0.6429520373050941,0.41783847673776986,0.1461284055135026,0.07899640967674475,0.040195699711348835,0.14452883048473844,0.14629947822813527
25,0.026321586747039175,1.192054050571047e-05,0.217012697425635,0.4183678652215368,0.2158502772976252,0.026608249016132804,2.9977254390489e-05,0.02678054987943654,0.6188247871594637
26,0.04923727098852427,6.0880534295627735e-06,0.09210731281492576,0.4232421212709973,0.05045707573474303,2.9662498275197963e-05,6.101856370333217e-06,0.3131410264552736,0.3156154057157322
27,0.08025950121184451,6.011260341188278e-06,0.3578403135288664,0.48402657111971376,0.4794979984501998,6.0613593583368644e-06,0.3560694254361027,0.09866860388485912,0.09078596502128947
28,0.07840644126358379,1.1978107568994898e-05,0.10107691250840731,0.5762989835317269,0.03993734751697769,0.2940898619716769,0.29008041468777923,0.871755415978312,0.04060936026639107
29,0.08021294471210214,1.2250873208082401e-05,0.30061891218171416,0.1801252075589004,0.07742457793429053,0.1821108912179917,0.18291012112524563,0.30021929219004734,0.2985516035576842
30,0.07918154712947992,1.22706138580586e-05,0.3526831818270513,0.21745056194643417,0.4871671451944244,0.35326398296825195,0.09989426600546414,0.07925119619100383,0.22042877794424062
31,0.08033943580730873,6.080326142989504e-06,0.6372493020040518,0.4211382212514832,0.09849566322363221,0.21807003831070748,0.0879864957825767,6.17450932100393e-06,0.21882377708676956
32,0.026871859907220238,0.43305569714572995,0.6213005393781782,0.03898210895898795,0.027322438585798397,0.09011339534598373,0.04018993394813997,0.026485809329418113,1.2015396212390326e-05
33,0.0392897439853642,0.2201986171374702,0.08942663203446323,0.4252583997549775,0.2169872276810072,0.03307138522046522,0.03909034519261585,0.0331002377486231,0.032989226443180655
34,0.07968617192396192,0.24069941267742667,0.3598054816094366,0.2413926335220806,0.23997476594814568,0.08071774659289158,0.3546849964613418,0.2416515603005763,3.0024158148880377e-05
35,0.0798139108531941,0.29386911288871226,0.29054896174155065,0.5773414780204993,1.2150678526725251e-05,0.28931061981298123,3.036314805650837e-05,0.28805900398875955,0.29257389595237604
36,0.08112835170727332,0.30721441860953413,0.45267236426241336,0.26794197267688186,0.30483962920388447,0.27306218887399103,1.2198376390208708e-05,0.4491118053923158,0.09952992146929315
37,0.015598730288038445,0.016008134457514155,0.016008908610942583,0.4369242064139595,0.24480371738819076,0.015851189564479014,0.24648610203915802,0.015881456486339374,0.08999801603377942
38,0.026622554987345143,0.21789671611432992,0.027122721278514898,0.14052227792882557,0.218573820362929,2.9941708585054178e-05,0.13964497924705685,0.13915110878708653,0.026341757558113504
39,0.08005685646283504,0.43311880201264397,0.12502410539833525,0.12388902073882954,0.12434184711021931,1.2172567202509785e-05,0.12471140990191583,0.12439151474101962,0.07892717320018758
40,0.07810708098299965,0.1460700415364052,0.3116812776453189,0.4214636899971255,0.14599651052092666,0.14467013360915232,0.10143129592154898,0.3137265737571994,0.08931642173344398
41,0.039884391259765506,0.4778942912451354,0.23839037256508586,1.214025687072951e-05,0.040391907426769506,0.23615477080727001,0.09056270830972571,0.23934288713610496,0.10030867592645216
42,0.08041190790121015,0.2920577383201024,0.433435726829333,0.2916687057742799,0.29097242512553934,0.2885726956292327,0.08081103884899864,0.4382667072294323,0.08976009894499057
43,0.03984684741778792,0.050212687409215744,0.04981440576590512,0.1826821623523027,0.18313272377580056,0.09048355185551403,0.039599019773889715,0.07994294547955143,0.18165398637873442
44,0.09987959013840311,0.1232003170191581,0.7107442085724446,0.4415844060188123,0.12226411330531378,0.08019201835313594,0.12301469714525545,2.9902504713442046e-05,0.1231734994046446
45,0.0493308918790559,0.2216645068386446,0.6367973281765259,0.4193398772999487,0.07990811611478332,0.05005266509109513,1.4888007030488652e-05,0.22141728525116705,1.5028640430368516e-05
46,6.080380807625025e-06,0.21632668848462283,0.31031533117443644,0.41985445637337127,0.2169185492267582,0.3118426725664092,6.018171889449313e-06,3.0136576411846213e-05,0.07911596241221051
47,0.10090176949459227,0.21680480792117365,0.31450383641735385,1.4894040254060862e-05,0.2201591738470107,0.21380853338051284,0.2126629063769274,0.3113088630166457,1.4910516829385598e-05
48,0.09961272773468689,0.12009209153036667,0.35669195690994265,0.24123998811822445,0.12091105139298525,0.12055374749610603,0.3599548744284111,0.11989626656996431,0.24058251237561715
49,0.04889922433664094,0.5805749016689761,0.8747823949684893,0.2904019921537437,0.04138326223743627,0.03971216998669001,0.04950878853339477,0.28861919709383205,1.224882924131881e-05
50,0.04986236920412473,0.31193728771896284,0.049393991145867726,0.5438653758935995,0.3113760175573019,3.0155393153568727e-05,0.04394729731436591,0.8992200974994813,0.04589805904432178
51,0.10098622933275593,0.48442769045385187,0.35360141365201075,0.43575212196806046,0.08076588652490667,6.102536254991427e-06,0.07935753890088597,6.080333389589781e-06,0.35236921980751407
52,0.10030120819858367,0.14705915319480892,0.2127442487215124,0.4191072791751032,2.9952364020619766e-05,0.21209796144442028,0.14639482793176598,0.21362897690420166,0.1457115337961715
53,0.09895675987000177,0.4372435520426767,0.6251427472352347,0.2082444780061724,1.2179383412049976e-05,0.09066558886369189,0.07965312253915731,0.20885557787193434,2.9727994716488227e-05
54,0.09975276505858434,0.14484454218638096,0.08932071379755357,0.21272330345629453,0.14618427543347265,0.21204923481116209,0.6336890943621368,0.14664523768421792,0.07996377813719349
55,0.0494997155837702,0.479913947806523,0.7189304530137978,0.03965118713533038,0.07896779140952678,0.04085405810428728,0.4828141343367354,1.2299824653904776e-05,0.05068015492288965
56,0.04881485526727561,0.293695702232859,0.8769263176720034,0.578460918829382,0.08012606977037313,0.050725456113558456,3.003060883617464e-05,0.2920811445638129,0.08847715903228014
57,0.05028962754740558,0.30660068896930615,0.4499331551923192,0.09035988692367218,0.5415104754944388,0.30890851475028114,1.2324125101488131e-05,0.4510670348504405,0.04905335536608682
58,0.09950352689187639,0.49021416134764295,0.14182866897337285,0.436539272296509,0.14208448805368887,0.1402422662091607,0.1416736400127583,0.1406732461469869,0.08189799581568442
59,0.033995198044588726,0.44268174907087254,0.6377684528171819,0.20899015830305903,0.20986769612410014,0.07941275710531957,0.033887003707537416,0.03311887976327351,2.959684829058737e-05
60,0.09960566199066782,0.432755257513183,0.3115491327110825,0.13940657281703595,0.04020013265425621,0.13986382443166953,0.1402393840583677,0.03970015342935676,0.31058117916162986
61,0.100628895173291,0.1440014287363724,0.039608321887578866,0.21095712105641526,0.21303890032388573,0.1441858558934244,0.14630593115928375,0.04055366386836981,0.09016301758294445
62,0.09916784938350598,0.48194795393089734,0.7158988277552926,0.48189835877892767,0.03988601260808549,0.045304509542698504,0.04496780871811322,0.040764655249669685,1.2300390898690113e-05
63,0.09977540283314434,0.2932809602335815,0.8734596270391276,0.29002259549090004,0.29051992301186635,2.9908082822214973e-05,0.07974860004649201,0.291233006877907,0.08088368737195284
64,0.03883115214240572,0.6201484886142454,0.9037301803144429,0.2738835954418076,0.2687189925116075,1.2258996765885093e-05,0.0790133008589167,2.9476557103943642e-05,0.04029658907990044
65,0.10222065900896576,0.4864115585476384,0.17724183603794075,0.21819115324585192,0.22077845590396075,0.17589842144340784,0.17770503642572089,0.17683328189914505,0.08088549650014719
66,0.10061503590366999,0.4405153655125076,0.3177543113910165,0.4210012561612098,1.2164477142854147e-05,0.04024378684509409,3.0096045513920318e-05,0.319209536111363,0.04002800962751109
67,0.04968352305183944,0.21641740257285916,0.31221428688654745,0.08052810470023489,0.2185185308597434,0.05044159920585979,1.2325441265875232e-05,0.08009846256588805,0.30999713618922164
68,0.09932049169124146,0.44094143888783793,0.20981752906502057,0.10543344524289579,0.1057084158558784,0.10534236724236158,0.10535508389717414,0.20921083325718917,0.2105408427014648
69,0.04955733400098345,0.3597381055912148,0.3573461077403299,0.4794349489774858,0.16140443797151768,0.15929073087607928,0.16040863452233386,1.2429934609628483e-05,0.0501767321841612
70,0.09135890983682449,0.4354389664094687,0.43589763188824554,2.969688976588678e-05,0.5784111273917916,0.07955184735995896,0.09818103515145121,0.07873486845481052,1.236951022068308e-05
71,0.045111924012635946,0.22482730977110027,0.22478721511803487,0.2747771652268459,0.273376042344703,0.22594538776268205,0.04524580655892129,0.6211671944067437,0.22550098227688214
72,0.04987355436749674,0.35449001883536485,0.3537248543703431,0.21714636624523287,0.21915513039386075,0.09032074742449099,0.08098693299708315,0.04974515181289111,0.07944644943875129
73,0.04987700424944144,0.3204270408339424,0.3185245403694628,0.4244738043952945,2.9916472824350466e-05,0.4364619815256779,0.08056491695488373,0.0500548891641438,1.2290443651736251e-05
74,0.050950767796251226,0.05016127919350815,0.20712634026449095,0.21091795248505643,0.20588671036829792,0.20763722276143484,0.20811004647366474,2.9768201867464402e-05,0.09005350615717575
75,0.1007535416405932,0.20923170151108614,0.2082447590532949,0.10622745669628726,0.10541837524494431,0.10644552844622608,0.1062959270075904,0.20748776379654743,0.43483509171417545
76,0.09988265091185067,0.23949924104032252,0.7116234605987035,0.24422058834275795,0.23924097885607182,1.4803969805950527e-05,0.23943146934909812,0.08018461011955137,1.490057820619772e-05
77,0.09899455022494147,0.5795636136436876,0.8752050886296889,0.290416029687717,0.29150943393210527,1.2452443325331305e-05,2.9749051587035976e-05,0.04114273913349669,0.03956660387838368
78,0.09197104179538856,0.3086923716870422,0.9015179965615552,0.2737434700111621,0.27377149130340245,0.3091132734401379,6.215414957521432e-06,2.966489264580928e-05,6.183730338412781e-06
79,0.03374377855532551,0.48920564116798226,0.3530998551895425,0.08981628999111445,0.03323126107195248,0.08046128840805092,0.03305817025665803,0.35315956076667027,2.991517406163012e-05
80,0.049925724968562554,0.44010285017364925,0.3207246123197057,0.20955656076746765,0.20794292645168694,0.050187229026574215,0.3178260702770753,1.233492040950802e-05,0.08030261292037838
81,0.09902929297715979,0.14080471085130794,0.6240136622398219,0.14034911749009082,0.14007505748710966,0.08095742149779563,0.04562711367285771,0.04562488529097037,1.2145447008279785e-05
82,0.10174809328434054,0.2188694160619136,0.6306250529911871,2.990581022208457e-05,0.02665267648171774,0.2167750626165732,0.026526794480655484,0.09212367826890848,0.025947015711110605
83,0.10112420152707496,0.11952943152888208,0.3596351673536843,0.48276706769210287,0.11942426977173451,0.3578628773974399,0.08048508809400662,0.1202923027815676,0.12060419282339845
84,0.10083001532190325,0.14721384308402446,0.8758267161753965,0.28964217451510005,0.2941817880456508,0.08858497284889753,0.14700043904587728,0.14608891019399786,0.14670833082913295
85,0.09989233829764423,0.13693519137584773,0.895676409929165,0.1358091269938064,6.217700671382157e-06,0.1367436049249739,0.1369428781919738,6.114961947844388e-06,0.6195896887011259
86,0.10106179980010535,0.16350773335534896,0.23422477402499484,0.21718483312976283,0.21760994463652197,0.23684003336920348,0.2364753966880555,0.16167818275370419,0.16284229220973445
87,0.10071320131899936,0.2184279529862005,0.32029640736706366,0.21015195254265973,0.20736856960692548,0.21887403869616007,2.9817900353107532e-05,1.2377402813323289e-05,0.3178084672892069
88,0.09850802380602049,0.4304277478651881,0.0396526008055365,0.09107525831349317,2.9503573780539762e-05,0.08021365738469849,6.150548364530904e-06,6.223362757754662e-06,0.03970059633944075
89,0.0332787096189743,0.4338446434920281,0.626551345681784,0.21074200187989056,0.21087092690267548,0.03379447433710926,0.03375555401275728,1.244860015297161e-05,0.08009663347404784
90,0.09845717585984884,0.24109343069299777,0.35672622967999074,0.4769899961834688,0.23974794230735133,0.3591173687491768,0.04479087901205342,1.2403185706873436e-05,0.04527811077655667
91,0.04992055886857821,0.03995755732605045,0.43272585191298896,0.2881590121303859,0.2900564808365931,2.9475317363585252e-05,0.04025135294514562,0.43926735371923237,0.050418112465201254
92,0.3084951000963214,0.3091714324406593,0.8994576674581842,0.18362894728958631,0.18056431716798096,6.222171528980957e-06,0.08039754505275522,0.18114321510920015,6.216194648011647e-06
93,0.12294277019623165,0.12297906950930967,0.3521400236076223,0.039775400761637415,0.12311330083588233,0.040394810508044464,0.1215576009711748,0.43702929641107313,0.35244470875128575
94,0.11019105522073662,0.10921291741292133,0.32243254248397196,0.1378739013790737,0.13971219290702183,0.14001551766165096,0.31885033709811367,0.1111379212620564,0.10943623275998575
95,0.1450446090700839,0.14433088192008223,0.6203357533931025,0.1396659992243299,0.1399799999929333,0.14295285720610787,0.14013250645555542,2.975988793812836e-05,0.0798867585017058
96,0.14604495190733438,0.15755808537062832,0.15588470276655275,0.14466033021774752,0.04968152427627365,0.1564640237843972,0.15717243828318722,0.05030344076129938,0.14590125203691423
97,0.15949732625236016,0.16079467426713434,0.7157987922081407,0.2418181703774229,0.1598792354454485,0.0875248122833501,0.10109808445732157,0.24040979680476623,0.08124130935356337
98,0.29203845528037986,0.29193028293023554,0.8663853532432797,0.29237115083513693,0.07955957942588049,0.08035800138671938,1.4839343650482609e-05,1.483872945683673e-05,0.2885407833803425
99,0.3117487643128509,0.3088207965171528,0.29792256668886913,0.5392301865966406,0.03945450546071286,0.30199994828027893,1.252252595823381e-05,0.04060996134959743,0.3014606216280595
100,0.09718460389201453,0.09763467204444211,0.5526658976944803,0.4321776434008298,0.0989217463439402,0.09729102281887385,0.09704232467445253,0.07856285623740698,0.09059819374690747
101,0.10918653216897317,0.11003917844848422,0.6355379855391817,0.1400721166156513,0.1390321745851998,0.13941271379361,0.0899282898925832,0.10911559586310293,0.10909157410508745
102,0.21578404728564302,0.21676807590957384,0.6238275204740972,0.1391089197943072,0.13950311097959003,0.09883748525874314,0.07978382560199733,0.09126943737314468,0.1406006101627044
103,0.10893925450067184,0.10925623671000154,0.10108709626871827,0.42388403235331734,0.10944385894175264,0.3139053443741631,0.08015895703874432,0.1100977437849675,0.3135304948300013
104,0.23889164017721673,0.2407203628178347,0.7126699259591027,0.16070138925173852,1.2507588903280268e-05,0.07893851685103191,0.16153668591954998,0.16005818660270546,0.08164423628505013
105,0.2948411130984008,0.29429749488268925,0.03010335956150616,0.2937670597840573,0.289211283863689,0.03038570031876517,0.8758785563811864,0.10041474855165376,0.029441896568201228
106,0.2059787515369755,0.20555857730909752,0.45278702525466696,0.27404394787604164,0.09793622544284965,2.933661442246009e-05,0.45070135269842,0.20631434154545003,0.26998691324563256
107,0.24440285717236518,0.24655818417665748,0.7049460686633443,0.21719549002468494,0.21904715026363653,6.332883368732857e-06,0.09945805965911489,6.25504046669718e-06,0.08065256457095374
108,0.146213571021327,0.14709018096676943,0.32096966505180435,0.41860717896713606,0.10028237127392739,0.3189325145331096,0.14647231156305962,0.08943820262362395,2.947617500812286e-05
109,0.43047646722062477,0.14039561559554098,0.3101353138539272,0.13959736379315682,0.044079876070319726,0.14197243827856923,0.3126607457700156,0.045056324611402805,0.08190307350785285
110,0.10935022678200569,0.31558197071782845,0.3150802251816044,0.14108087545423315,0.1408950096354535,0.10912053233129416,0.14093533258974222,0.10984960489306687,0.11083657821166629
111,0.4815637321393275,0.23885094497370388,0.23792038536147106,0.47728436019170917,0.0453073237092132,0.08020968660987449,0.04508813882059845,0.10127158916367136,0.23922897919184508
112,0.19760474966695787,0.1953386568359772,0.43868728943699636,0.5856367760152646,0.08013832787390879,0.4373885847579251,2.9891651189712554e-05,1.2623778669423e-05,0.19649297204379104
113,0.153255578842666,0.15513384084225168,0.4488246013182036,0.2736009211602127,0.2709682941065678,0.4557417195201242,1.2297656757307684e-05,0.15577192876358065,0.15466442353008608
114,0.486416825129434,0.35508010879639607,0.3511385078424796,0.1445548689441176,0.14454206024519417,0.04933066499243579,0.0803771772058436,0.14747245722318497,0.04939968453584227
115,0.4352889202831095,0.31891181873341173,0.10212870052119313,0.21045685242227524,2.9541256550901485e-05,0.3191537645283977,0.08116481729826576,0.20908322389382325,1.2729002142787727e-05
116,0.2147944822969897,0.15656066005030694,0.15650437251017146,1.2774292321925163e-05,0.21477508278099833,0.07988945928728827,0.15545343723602484,0.15486616278103876,0.41968249500873084
117,0.10866759470601192,0.10969639404729876,0.3132981165621179,0.141379603749165,0.10972225460750382,0.14086255188567323,0.11001080354375709,0.31493776803996343,0.14044379839072904
118,0.2393359235696544,0.23928680121510848,0.23723482001540788,0.16147048088770552,0.16157350504362525,0.2385052970016972,0.1010543774573698,0.2406877750679829,0.1617801395261145
119,0.1958980362618665,0.19568093621330965,1.2572488095480802e-05,0.2894731298475469,0.09128592685673424,0.19581381510346282,0.29153849910059465,0.08013693845782832,0.08022455140707811
120,0.029795777927743,0.621214351439227,0.7162078904849656,0.27040647720832595,0.27214294409212186,0.031057603833606975,0.029627951988016838,2.9855362141375963e-05,0.08119205327886288
121,0.24458889295240158,0.24290961074263903,0.29043368075997594,0.43319056074807477,0.08951082766310635,2.955552849248067e-05,0.08100603087877137,0.2898788126363919,0.09926941312004811
122,0.14410366836668365,0.14668196550043142,0.03914428577803292,0.2106990679848545,0.21047301716273792,1.2401683131618892e-05,0.03988480878617163,0.080499616307453,0.14503514947072857
123,0.2175618638547702,0.21546048570667742,0.20841714683562876,0.4154041349830949,2.9685406726082326e-05,0.207045848207332,0.2085531791998435,0.05028480700737841,0.05037333377319727
124,0.22130090619927284,0.21937582756322113,0.0398205462411456,0.14187036906545758,0.14218322185909144,0.04005684834169171,2.954022781237345e-05,0.14061987190233374,1.2581313147386489e-05
125,0.15981829620887278,0.1604576056818787,0.7189477125490084,0.03925994589934352,0.08870722621217438,0.159076057190406,1.254972186239586e-05,0.09978259021686989,0.04050515643129139
126,0.2951791190959391,0.29162954251148354,0.43619434007241065,0.0885651829688754,0.05076468001324573,0.2905746486893435,0.29098870305488805,0.04950816206562537,0.43843503288670393
127,0.31307177721227775,0.08893678298779253,0.29869472009283915,0.5414181428018479,0.29948527026720656,0.09953929558687609,0.31117330369993035,0.3009901579513176,2.9998907585196274e-05
128,0.09810308228676017,0.09757104806303259,0.09815190705057433,0.4325593357288408,0.09835704364358529,0.7065749526460845,0.09871642245528404,0.0966424046964462,1.258523804059154e-05
129,0.436574181388985,0.15968585845045122,0.1606149194778037,0.1401818360005095,0.0796429083409612,0.15960793881481283,0.15968884281632206,0.14091917316733885,0.14038795262776219
130,0.2175488238843826,0.2173214952301636,0.044577561653645806,0.03916826920984723,0.20891980400748522,0.08105012218916746,0.20993643252170416,0.039767754311850916,0.04492391034876136
131,0.6244782883705915,0.4375903222971184,2.947503644393371e-05,0.10473822130589193,0.10573802795128175,0.1053484291661048,0.08117038308543262,0.10628245455529846,0.0801060473192632
132,0.35674770998379773,0.03000622718003816,0.02995614826779036,0.2430251987674315,0.2422996392671907,0.3557751906179249,0.029676156473530533,0.08079153444507864,0.10113094575092695
133,0.8743012568482984,0.29432008999988574,0.03965073913109364,0.29028489434599114,0.2911959268171006,0.09069157837333403,0.08002542537334001,0.2914809462121894,0.04036051755755465
134,0.2369004179939478,0.2035153051801113,0.23757856384446688,0.27386749348112566,0.2746220916450353,0.2067895107155792,0.20787939171270955,0.23766721948718617,0.0915025825087841
135,0.17721312258135719,0.4836651041962543,0.1768485882637681,0.4369464244402395,1.280909206048464e-05,0.17773198363652282,2.9482312972559578e-05,0.08090927414142969,0.17647930833014663
136,0.6347359891369817,0.2177949505729503,0.2192850742542497,0.13954266369969184,0.13897545163543962,0.08105058086434624,1.2753918428648798e-05,0.13908484576427282,0.09843530980692158
137,0.15569339218744946,0.43050318888449485,0.15507948618504097,0.13993497468821156,0.13941655887220245,2.931924237421433e-05,0.15559910427693432,0.15499461608171572,0.13937235992211086
138,0.2100729736029884,0.4389472431296964,0.20925867230809517,0.07970475985061924,0.20813286276291162,6.4460634824005715e-06,0.09996493744779236,6.371911011951513e-06,0.09104367734726197
139,0.35895627077966624,2.9354997234328447e-05,0.35868223169746033,0.1617728905246076,0.48247013522130067,0.09920000800665825,0.1619490199364884,0.1602907123150263,0.07961695482448027
140,0.43932513591755806,0.14719293798881847,0.435827922072171,0.5806119921056969,0.14553932498431169,0.14645334039542732,0.14724735664383024,1.2640460649404463e-05,0.08150629317716977
141,0.22626404753829035,0.30974719901815223,0.22394159958339485,0.5453211310851269,0.3079735319354889,0.22380367019002848,0.0810726809114625,0.09040620221999231,0.22386473434109605
142,0.28620301106927304,0.16211774873860332,0.28518309450037826,0.22095151566207974,0.16175162949572455,0.21721191422333946,0.07910395023835075,0.09897387514321544,0.1622096206658014
143,2.9548755213894936e-05,0.1452869353339904,0.6399455041146729,0.0982250022923884,0.07956037970024415,0.08010541136248894,0.08992544252161366,0.1460511808904076,0.14603129591819733
144,0.30976300909649757,0.21599174886392358,0.09830126080774083,0.4180766277392289,0.21626413937541317,0.09049417663409688,0.3096221979656637,0.04025049236338915,0.040606352985994215
145,0.21004811457957198,0.43588726291576013,0.08118281201651953,0.14103068966185764,0.21031298121025907,0.20809562613157417,0.14090577253381226,1.2462928126162444e-05,0.1411761415174885
146,0.35464799378041106,0.23918667623377438,0.35975697185176636,0.16210730432351478,0.24098804005357022,0.16244055328564747,2.9826066459319956e-05,0.16107955665104623,0.07899778536484552
147,0.43590197989335533,0.19407554760840864,0.43647909454176165,0.28940830480115376,6.375349036837346e-06,0.1947879237333486,6.404611457654759e-06,0.1955347293893013,0.2862495576030981
148,0.45218004154146896,0.3110337610125218,0.4512180949212393,0.5453181390917722,0.0879520922861699,0.07859086387950195,0.04978645876298888,0.04947412012522337,0.30812416220447275
149,0.23690421192734976,0.16245184467746102,0.23593496278118065,0.09019076267622392,0.16275071485420903,0.23589500996856747,0.16446874153157956,2.9586678552789154e-05,0.07899932044867766
150,0.2131588917145956,0.41912145035807774,0.22069923180820408,0.0911302812278594,0.22070412484382346,0.0991254221038267,0.21447728440809974,0.2106733184267744,0.07982579752177095
151,0.30998878065307933,0.08645558488135258,0.31132002590789415,0.08613509127456334,0.08652849477462166,0.08682650153409918,0.08034202339875413,0.08701369387456033,0.09755511830751191
152,0.31460352437972505,0.21913211378316483,0.3171452167386945,0.4266115461394691,0.10004626641515839,0.039654968449928114,0.039916071880432745,0.21691081962645026,0.08185338264329013
153,0.23835877515883866,0.24162712409908127,0.23880813337224957,0.48814450905047346,0.239648907960818,0.2387734416727946,0.03014395792647749,0.029847814933945022,0.0299719451277759
154,1.0856237493115648,0.29389264227336265,1.2535069328469682e-05,0.1948382617032157,0.1004851168163866,0.19396178210999493,0.19350935316580417,0.29516154831846103,0.09144294142629845
155,0.3018418184281238,0.30758503258259273,0.3005279253767105,0.1013745778504268,0.3055075538834506,2.987570875855423e-05,0.30157666661934995,0.04525705565528282,0.04492471912269196
156,0.7021813750510998,0.24441166740863998,0.07993392988987294,0.08094056373826267,0.04972525812551034,6.404451966853208e-06,0.24394502390814143,0.04976118989371005,6.339813009397876e-06
157,0.3179693226490239,0.43697506293563204,0.32116511609584314,0.20868089701833692,0.08096037578101721,0.0888604859596168,0.10154343194783126,1.2833466953352374e-05,0.20980932421146908
158,0.20680061570798206,0.2159598826699864,0.21558000939840297,0.2089701027084413,0.2095874612325785,0.20683751627612468,2.9819530895497862e-05,0.20645164437726896,0.07905557320318277
159,0.3165735322536012,0.43675908667786756,0.31196287888306884,0.14135130888481393,0.08088367393201916,0.1426973724932958,1.2722245158728294e-05,2.952208237707908e-05,0.14007966112748918
160,0.23871062196174608,0.1612395838537386,0.23897658359728746,0.24081470224600562,0.16101488787446516,0.07706744835691659,0.23849678766229046,0.16203318399646827,0.24215023595159602
161,0.4361036218907293,0.5868948339401444,0.4368335965579332,0.5802292120562694,0.04480914820208514,0.10210432102935074,0.040420668171943834,0.04064203983147402,0.044940341115615665
162,0.4545591774179421,0.20561515421694954,0.45342178735799193,0.2714070083793429,0.20483740681401574,0.20625212210618973,0.27221464004679813,2.9341600713643192e-05,0.08920475718997105
163,0.23639885806270614,0.16387626073414438,0.23418377492073542,0.218117043342444,0.1627581837370051,0.23663362454492678,0.1636371133639537,2.9510156378317993e-05,0.21763470591790862
164,0.3167472560864892,0.43725972934435253,0.321634878240351,0.4221717792673478,6.318675926523147e-06,0.08959222476141618,0.08124218932390984,2.960818161847903e-05,6.377450515237153e-06
165,0.20879814429803248,0.4347211628520077,0.20872247201934857,0.20949357632850715,0.04050398973332945,0.0401504803042778,0.09181153968087655,0.20915788808603553,0.20693625765937995
166,0.12513811858984183,0.43908508090633025,0.12461791170006746,0.07896829965739,0.08082144318033023,0.12491730443033192,0.1255724462048727,0.12592949384669846,0.4212295187962691
167,0.7172152859405448,0.16027434429398651,0.07818505375680224,0.48688756555751456,2.980375903465068e-05,0.1598859578228729,0.0985655215551314,0.0818743035198463,0.16068620344527693
168,0.29030998604857106,0.5855379097048287,0.29091228902648353,0.14592383622196758,0.14418260161007837,0.14594214091489446,0.14389321856323134,0.2908161705866627,0.08010351350660223
169,0.4544249157417811,0.6204561277572614,0.4542951207626739,0.040299615004454926,0.10125308388708032,1.4790185768286292e-05,1.471018632816856e-05,1.28248297601524e-05,0.040179416120673876
170,0.35115995814917905,0.2456946315569159,1.488284401433207e-05,1.4795415601822776e-05,0.24640589901334853,6.419195118884056e-06,6.430470294352476e-06,0.35453258355520606,0.08084807853499343
171,0.3203665096274076,0.22059806802206255,0.32036707767638856,0.4163430596737547,0.05049059231669492,0.050498806646032554,0.22001474701746412,0.09138950851122869,2.9761847461854593e-05
172,0.31093517173166657,0.08008798013949397,0.31149553751196285,2.939720635687554e-05,6.384609029378186e-06,0.03923486039974084,0.04007526739571017,6.339186161531731e-06,0.09114122248440311
173,0.3137834012580752,0.21984790337370283,1.4846084464367813e-05,0.42213964436085355,0.22065427517499311,0.3141451121378549,0.07885530120784384,0.10082340658172163,1.4742244899451047e-05
174,0.7099257539502369,0.16047736358617645,4.226764390101467e-06,0.4829317240865071,0.16136958168266943,0.15983055309151803,0.08919049084743079,4.236217186996385e-06,4.2354080751375995e-06
175,0.21999214075049692,0.5858865085887093,0.08102432481078795,0.28977242239193,0.2179679145546024,0.28912603842644224,0.21879662024275742,0.21834589026578857,0.08109984750922827
176,0.30390254148616885,0.6146591510386618,0.30185933199100295,0.1360572493813891,0.13522335406219568,0.30057627611813637,0.13700372727490776,1.2902761249437284e-05,0.13484156533243258
177,0.05063194581815516,0.4840561533773988,0.7083130871087089,0.2166116132488897,1.2877936016807383e-05,0.08875133745026187,0.04968399051256088,0.2178182815347711,0.08063331201581218
178,0.1604702138351232,0.14747586356959158,0.15976018686658905,0.20945990493875374,0.1455105683789751,0.15934879175491454,0.14599200073246743,0.2072561750299984,0.16052555730540488
179,0.31147210738496556,0.436482512925322,0.07842655154101814,0.10490754254910892,0.1038436436802585,0.10517696170786014,0.31105923926157664,0.10423811076244463,0.10053613832221713
180,0.3133226647946402,0.439290856570268,0.312821874740256,0.21250139654062924,0.21137063071929152,0.0800844401330759,2.9202415658166692e-05,0.07986354595203839,0.0905539863816367
181,4.310584120187022e-06,0.16111400815386673,0.08231133882451827,0.48713721374642804,0.15934617121124586,0.16065847181847237,4.354922189208508e-06,4.326165421790698e-06,0.09830394641559688
182,0.43694112090679166,0.29183226857164385,0.4366581188365508,0.2904805029040278,0.29152132386205876,0.10033223486806818,0.08063841006007529,0.08834913527976024,0.288472742831862
183,0.2463760178951606,0.620301696721815,0.24549112289578398,0.5490897659293934,2.9191411374447448e-05,0.2442869862486026,0.026875397045248522,0.02666864809196842,0.027140077614789624
184,0.3502686880782603,0.2421413630983492,0.43371108553953475,0.04001712548506529,0.24524089033136368,0.040124346298202794,0.08966715325950152,0.09911533159735149,0.35406276819118404
185,0.08014123824336486,0.2185224334590902,0.1386814526818435,0.14047194818566444,0.09995283403261841,2.973928963992089e-05,0.13930107780092538,0.6388241303381497,0.22001769823922102
186,0.31244502663736945,0.14395473318373073,0.3086060235791031,0.4222444767463001,0.14388719233855354,6.447665663988388e-06,0.14564513521325118,6.457395532435667e-06,2.9510915934521764e-05
187,0.21002383091266577,0.43321663927990467,0.2100271992262773,0.21157872957432952,0.10016830456527895,0.210910227165869,0.21040826992733563,0.0891860130985625,0.07981628352247414
188,0.2370132847218481,0.2425260246523209,0.23723846537165064,2.9413356423470434e-05,0.23801608636413923,0.0890022624958155,0.0997423870623015,0.23809590936463695,1.263712753071012e-05
189,0.1742309342712607,0.5869458898020935,0.17567398535429063,0.07946553059567495,0.08918834619693178,0.17490216231796724,0.17506109740038836,0.17441645059498473,2.939252739657053e-05
190,0.8989503095081853,0.20453330518857918,0.04523838509394626,0.1814339632378594,0.20758377815954202,0.20602166614957548,0.18295216338028816,0.1803687292353501,0.045409531950224166
191,0.35714416234242236,0.4847194332637032,0.35339053696205747,0.21809823391575,0.21839218421962753,0.07985612152845892,0.0786935615331256,0.08861091056573828,2.8907268931518605e-05
192,0.21116420478245693,0.10148874797654468,0.21235157481284192,0.21057524615663326,0.4415883384058472,0.2096682068364872,0.09064432519536848,0.21550615795733033,2.969031740036235e-05
193,0.4221105628279365,0.14471509298942783,0.3123148256452901,0.1456453033025186,0.04578027780584102,0.31104972416115034,0.14392567943105813,0.044616482549947385,1.2963644088038723e-05
194,0.14208510847462066,0.14561548741430239,0.31455573623760763,0.1399663428716794,0.1467495873531263,0.1450290780891555,0.07972543479616544,0.31099160162264955,0.14004369086346544
195,0.35629283960558705,0.4829252572855735,0.35478708326719166,0.4798668038833385,0.0265548382924943,0.09996464429355262,2.904642101916394e-05,0.02626755784043611,0.026934659702790725
196,0.437487475406343,0.29198249249617,0.039493417924451726,0.5791475424686858,0.04026327452997889,0.4352400019897655,1.2748715123415336e-05,0.2932136832257758,0.08894540315371971
197,0.3010340401505956,0.3091469615619756,0.2989912278536734,0.5393177829706203,0.31145991246973315,0.3038060375518028,0.09966309704892849,0.040448697593654936,0.04062286654046066
198,0.17620024095798886,0.24365851738027483,0.17566330837142324,0.21793082622913432,0.2442210655818396,0.07961022541120001,0.17556005503438557,0.21914627784690385,0.17586688927579744
199,0.3202307802809152,0.21946075115723743,0.31998653536436156,0.14023134269616014,0.21983537919434676,0.13994449175465168,0.1393629531834911,0.0806234433247438,2.9376211928690523e-05
200,0.1562870002901593,0.21613479031269653,0.1568261426057105,0.41892793416638324,2.951901646338531e-05,0.15482962837904704,0.21726066905321045,0.09862412342770992,0.15422072684048654
201,0.31541545248414266,0.4418825033114511,0.31305715688798813,0.42481875089274274,0.039927575216873665,0.08910940708818889,0.08043446172459416,0.03929326120567097,0.10214604059331427
202,0.3574292424427836,0.23816779263339263,0.3572795079114803,0.48609350783336336,0.0795067973472088,0.23897276573403214,0.09051785750321618,0.050068665045461896,0.04955012290180571
203,0.19437810634895933,0.193780330703862,0.8780461511828257,0.5789860369424277,0.19425392784237575,2.9492322140073007e-05,0.03980141638294692,1.3018444021988377e-05,0.0401847734875489
204,0.299641378327331,0.20637488602275933,0.3023040956281387,0.5475064413693732,0.2083876683095072,6.49095667762062e-06,0.2980096507991559,0.2055737426433593,6.46911166379595e-06
205,0.35552651006868563,0.2887145660348893,0.3543634333240527,0.2219753240275065,0.050356763274637416,0.08060505720810417,0.05101125954825291,0.2879866202561755,0.21573249753016846
206,0.2137112064842194,0.14653748874291703,0.14648677664077928,0.41958329177277676,0.14422554893618986,0.21444810887893032,2.940021280813374e-05,0.2134674124543892,0.09852955787552757
207,0.09020299859553547,0.08095012374207977,0.20680009931172938,0.41566088254038563,0.20669675043133226,0.09995182454430936,1.2978544235096912e-05,2.9394518079770565e-05,0.20709008563511702
208,0.31261399838199083,0.21891164801825228,0.3163300503724434,0.2095038852472419,0.08131489840243096,0.218115689069845,0.21128334915115998,1.2982540855565794e-05,0.09801548870774658
209,0.3592516284996286,6.5757164712265006e-06,0.3566158390507682,0.2414255795324998,6.4626511898828945e-06,0.48452970440012577,0.23735815899553597,0.050078558231037545,0.05050941364664499
210,0.2926677719146072,0.5891195047656426,0.28945470091221526,0.288614250938152,0.08963851842951011,0.2896341459050611,0.29159127039476257,0.07883535225634546,1.2987667094626966e-05
211,0.3012338261433473,0.6177975588388485,0.3021541398769733,0.18221311417619157,1.3019593826608282e-05,0.1805336100818985,0.08091801378365537,0.3017874513511196,0.18139479046264625
212,0.23603783833265443,0.24395855900510566,0.23465822880196732,0.44011569461984595,0.24331312326508792,0.2342057833255078,0.08977805987880273,0.0813799047099513,2.914652284128987e-05
213,0.2122618462849615,0.21987393752933815,0.21396074407883459,0.2107792650993974,0.21930678297816994,0.08033537225633354,0.2098403023500711,1.3093584799330324e-05,0.2119123251479608
214,0.3104464325660529,0.21639956986177306,0.31108862214759603,0.20879482125232018,0.045679053217407846,0.04548941538548299,0.21569596217894782,0.2086949298087328,1.3040569103163175e-05
215,0.3144000974610454,0.14471142646143267,0.31592403701339544,0.4244631899673031,0.14716076576317194,0.14608779507205208,0.07879127217540945,0.09085617998100112,0.07953475695403976
216,0.14278259362110438,0.3129263858052534,0.14181686019345469,0.31171639171290494,0.08105545569173482,0.1429865942230398,0.14249957511559352,0.14361940395522282,0.09120652710748398
217,0.4370885640227218,0.294641292792015,0.43809329305867606,0.19423419449854726,0.09000825974551786,0.19512562702546546,0.09904472059577354,0.28918607653847306,0.1923220049792305
218,0.44925670796082395,6.626534193264036e-06,0.45246907388662594,0.08031234183471,0.6160195823147498,0.07890716367338621,2.9542579103897044e-05,6.442157487597607e-06,0.5447002091909636
219,0.1454824945946175,0.17507760474195583,0.1473404234891781,0.1465269799016153,0.14589957852567473,0.10170916162554954,1.2984335793323607e-05,0.17403859733652294,0.08076351973488298
220,0.3195363420990456,0.14592009104618617,0.32060102872983504,0.1452187850710799,2.936218934776793e-05,0.14578100462423102,0.21067032995940033,0.21230563664435942,0.08920816125253415
221,0.20796442565082754,0.08063397654495483,0.2064538399118059,0.21228701885527299,0.21335785287400633,0.20799666742226677,0.2161485179473743,0.20708164321775863,1.3077351041146335e-05
222,0.3127948038632554,0.21852786161371046,0.08023496865805743,0.21121188125060458,0.219094762985111,0.21116035528209556,0.31016909537091697,0.038978144322308235,0.0397206517894733
223,0.23940049242863248,0.24317221126879732,0.23995637527964053,0.4835034128998735,0.23822537217196926,2.9897887963161857e-05,0.0893511289151539,0.10122647959709932,0.2414773009231681
224,0.4367108038573877,0.2922607643404499,0.4346518388859828,0.29108210238569243,0.2928749591753479,1.3085005821041058e-05,0.08056657796022786,0.2929504262670002,0.09099058934616844
225,0.9011880381125587,0.6169203544371707,1.3340425158003986e-05,0.5493135219477536,2.9158267001527256e-05,0.03981949202041357,0.07903348373202358,0.08822574167507401,0.04023479130000884
226,0.23710425988066794,0.2450103072033339,0.23586607964305625,0.21800884694340522,0.2453374792109099,0.2323071035035885,0.09985866473369531,0.22050042511615744,0.0910438361294563
227,0.050218166881619904,0.43814251863996,0.0498106737313237,0.08130397924352109,0.3226565796583676,0.08789831056822081,0.320888499228149,0.4196642470192209,2.9329344403531965e-05
228,0.312030785228563,0.21592395931892147,0.3145510025683628,0.1405850153910148,0.21508888588276678,0.14017852074977952,0.1397028698135276,1.4652830390346464e-05,1.4755629800826342e-05
229,0.3142651653846656,0.10942228596510166,0.3143642528965771,0.09103810150022135,0.11031357204102551,0.1097875589469045,0.1096658915040521,0.0802482574613967,0.42634113529818746
230,0.35838155920905124,0.23888395063137646,0.3561950101585424,0.48190276860187486,0.23813237305727641,0.10090535442857168,1.463051966893088e-05,0.0892402612777913,1.4488171147930896e-05
231,0.43523855401381273,0.29462144713227795,0.4340061717393541,0.19483719015421622,0.2908023645886529,0.08116856921456518,1.3388362845640403e-05,0.1916743912943638,0.1943371965835142
232,0.2250251363079072,0.309974463649303,0.22604422848404662,0.27509209606219254,0.3122342776011577,0.22420530997468674,0.22644888655268103,2.9345737316939563e-05,0.2719047685738347
233,0.17661853356685767,0.24501378888589953,0.1766375881240877,0.43517942355519146,0.2438751509377777,0.17734556400963616,0.04580498553518154,0.17556014707439566,0.044810439239360705
234,0.21335948993705844,0.1465366302308971,0.21428780127600497,0.14597273931853327,0.21319331541023998,0.42230700515147046,0.07997769943253907,0.14642315559390753,0.09035528907737687
235,0.6220667745334973,0.14448643411963688,0.14384973918547547,0.14015586418019424,0.14312072487503938,0.1410199611562389,0.10046028261133333,0.07920720921486869,0.13978704788456012
236,0.31501458304439917,0.1089485949284048,0.3129282640964656,0.42346963288050565,0.09030631915489017,0.11011080590662198,0.0790445727201495,0.10917030420321398,0.11031951858287978
237,0.23971830748159792,0.045648819872468084,0.23990387627132026,0.2408501954255407,0.481275803337704,0.045045641796822126,0.2437980363336597,0.23715842046062297,0.10094164006757328
238,0.290052896713254,0.2940695758198761,0.2909820757304821,0.29007020161249863,1.312676061135158e-05,0.039152018739396756,0.29210616598554506,0.08852211059100165,0.03957359535165507
239,0.30153071705195106,0.31194167986119375,1.4628151180456931e-05,0.5449542022647311,0.3098144704645333,0.3020440514771288,0.3017049513725265,0.08965985933473083,1.4716433612480287e-05
240,0.34956077035079525,0.16261956443697276,0.3520957538525412,0.4357217154684116,0.16123566710734163,0.1000744932684531,0.16498821061614607,1.3097340368013239e-05,0.08065962182105833
241,0.2139295691376781,0.21098563085611566,0.21336874038011375,0.20998307549880899,0.21941915098258832,2.9526890423448843e-05,0.2112795141738243,0.21788516790980808,0.08031631653030759
242,0.1551869415161602,0.21708702076348568,0.15614901003059534,0.41982589572171003,0.2167434907868359,1.329758969029103e-05,0.1571325966248468,0.10077251355206891,0.15492696341639992
243,0.20977092664978825,0.2185140347560609,0.21016959010344125,0.20844809647636264,0.2194545368176311,0.21115263623898986,0.0812973859065927,0.21002178660678575,0.08058998277927325
244,0.35793180216184034,0.4861169709493814,1.4583701736826971e-05,0.2431948855033993,1.46602526076489e-05,0.3556587890135069,0.09025959062525693,0.2423845863821554,0.07963323704773607
245,0.4341782037604309,0.29096424222412864,0.4398923035044495,0.5794799349078535,0.29308663375392285,0.07763121319332676,2.9351102988986457e-05,0.09963966719127385,1.33874158473766e-05
246,0.45021600055087674,0.7219446387724259,3.3305341888733507e-06,0.5448340853415441,3.3044753478252146e-06,0.4501242963020155,3.2892803412754506e-06,3.332785614389314e-06,0.08126063613183002
247,0.23593010907569525,0.2412892031421339,0.23385905145055333,0.42896411269018103,0.24467058853676055,0.2350679990253345,0.0997415375955722,0.08029281708335376,0.08956709118674779
248,0.3213826511269298,0.14507419501740354,0.31890596601847926,0.14124335050257827,0.14561516823822335,0.1458756680148405,0.08023270838143688,0.14032642339528809,0.1403293777976015
249,0.30924263777462035,0.4330815093965748,0.31007876768768294,0.13974059200200478,1.4570514180636744e-05,0.14009123925438863,0.13882251399485288,1.3266630893763494e-05,1.46504370761954e-05
250,0.20919032901191073,0.14561065788648536,0.20983439137209606,0.21194209490359606,0.14787989615846117,0.2089163177035711,0.14692970844629066,0.21070007539631272,0.07976028589141745
251,0.14392038327908405,0.24256255354103298,0.14308722629773082,0.48428998311737353,0.24043252538214172,0.14312175261716717,0.14241150161690588,0.14403050212394766,0.0781268815913503
252,0.43454921544072495,0.5882609385459695,0.43655322457768564,0.2898093527222026,2.915718706590501e-05,0.0897098881582313,0.08036081682411629,0.28709856699628544,1.3286316432482335e-05
253,0.3026770737825338,0.3088356564982655,0.2983670668044582,0.5495566064039017,0.3091580502976726,0.10025701859590343,0.09129973214528804,0.3005705261514129,1.353957094242071e-05
254,0.7092260845005208,0.12168271509220474,0.12119050822973021,0.43774276964828196,0.12139621301231118,0.12247021768796686,0.05016769655815604,0.0504465570603935,1.3238721232398498e-05
255,0.2123735044012436,0.43692018786934317,0.2136200961967979,0.4161854007112982,0.04028324403827121,0.07885152502146403,0.039340744036833804,1.339657287888301e-05,0.21308708760982967
256,0.31177200337424255,0.1443805309967459,0.3108653570164214,0.13977906132982398,0.1438625746147775,0.1402639097970983,2.9419371098647597e-05,0.14504980364468925,0.13908417304868484
257,0.3122240860424605,0.1447712603018084,0.05399781659690511,0.4232476475655668,0.14577733112396124,0.07957283306191376,1.3323392468336912e-05,0.14545222444280587,0.3112307766348889
258,0.1784851153148182,0.484292966110386,0.18002056817441212,1.3305883431349881e-05,0.04028544395281792,0.17824169041492438,0.17915384687504993,0.09978601798062949,0.04019969259706495
259,0.4364970560122148,0.5848677406641181,0.43595987315870594,0.293485900253636,0.039242709776587364,2.9544045182553754e-05,0.2903373166630329,0.03968420623325919,0.052679780798631025
260,0.30130120131708177,0.20331107191840944,0.2982394989802659,0.3004484106890192,0.20795415119134542,1.3300706873677867e-05,0.20579869023984418,0.08068257885066087,0.05322387979183568
261,0.23665276121122783,0.16356041084771492,0.23536225628355878,0.2173408114420788,0.1640399368442193,0.1625004366119245,0.21626986853767055,0.23497777975120923,1.3217891258725895e-05
262,0.3180978181361896,0.2202181807486674,0.3186815145758211,0.017590104592673964,0.21863961708613625,0.2077915142031138,0.017583569035632487,0.20936479960419635,0.01751932680856054
263,0.1558510289968954,0.1448573255664347,0.15617198165026708,0.20772536971635228,0.14457867599175894,0.1559075200422499,0.15466922304447206,0.20969144764145176,0.14384674200725614
264,0.31420175090505853,0.2170996377030495,0.31365740835427286,0.4273409226710167,0.21841252756212826,0.10006792488371612,0.03990837363177702,0.03947343354958175,2.90311063033893e-05
265,0.3588478234509275,0.15965022930070494,0.1002773943069839,0.026270805210611082,0.16002866608375402,0.025661598529944804,0.1607783119423528,0.36109549419175024,0.4842011512112416
266,1.4640880925180017e-05,0.5892318806407031,0.8804047017748703,0.2898129020260519,0.05000727698743229,0.07986465285197097,0.050179559140530884,1.4554990300031424e-05,0.2914632123141617
267,0.3014836186176544,0.30942409454790476,0.29975734834316176,0.270505678541371,0.29953910963968994,0.27132841315324147,0.040769570454789864,0.30898973607177327,0.040240861301457
268,0.2357500595155632,0.48652584086970485,0.2346725873519776,0.14387649298887267,0.14463895278687305,0.040313440644950876,0.1456490238988448,0.0398836438339117,0.23683907997394346
269,0.16016597401317317,0.14512533994610624,0.1612691163158657,0.4203168106402761,0.14518287348369366,0.16063219931124567,2.9006736068872103e-05,0.1467629642280173,0.16104405454956877
270,0.2068955246395471,0.2145232282185924,0.20680465597044284,0.4173440276122875,6.686333333302175e-06,0.2173106758381343,6.673014387131438e-06,0.20940971938186936,0.10157563467862481
271,0.2096648833250823,0.14766178343509087,0.21052445706069856,0.21154146192004497,0.14576925508948477,0.21294745537221807,0.2091846803793512,0.14670278209482043,0.08213520406749449
272,0.14357941489620174,0.15938908382587305,0.14357880938132267,0.07949519401360877,0.15983172179417704,0.1431336989807333,0.15868744488739736,0.14160745295916535,0.14295527047486212
273,0.43582868253538404,0.2913728420199071,0.43303313135075316,0.2920618726136967,0.02641222766950885,0.2921968027376168,0.0802584086150741,0.02615425950323307,0.2925151618410737
274,0.3008753311363878,0.6155005036358004,0.08095279716057864,0.29921369718448787,1.3539245633219511e-05,0.09992821264176815,0.05317392328416604,0.2994169713028378,2.9166230404319818e-05
275,0.23559686310287864,0.24391726157662408,0.23473977692274406,0.052816263060395933,0.2418180433956863,0.43688106831788404,0.05060549359263514,0.05061129529954707,0.23530498054295543
276,0.1231111631211771,0.21968020317889436,0.123195342848105,0.21024182321208196,0.12352316579770264,0.21056511551874552,0.12251789356488542,0.21987955038220217,0.09952095308762135
277,0.31060657369263067,0.14386470820358804,6.719162308566811e-06,0.20834478856818933,6.752225119302496e-06,0.1437417748199035,0.2118103226689077,0.14453480494365836,0.31280854096175653
278,0.31430144973320845,0.4347419002661076,0.31216631340729445,0.21255753342065542,1.3481050286736504e-05,2.9273240532723627e-05,0.03957392621356777,0.04020859688213524,0.21036408175116877
279,0.35846473266635565,0.12003954167736276,0.3582709296195338,0.2422373297935301,0.12074867565675707,1.3413358136538875e-05,0.12010441097412923,0.12020451244669962,0.24010224752681666
280,0.4354306091540314,0.2921793971763221,0.4380377285178281,0.29222387158084506,0.29284178331721417,0.07949063419968691,2.911807807387407e-05,0.2922363369841321,1.3329126905608019e-05
281,0.44944884581717415,0.20583283524684134,0.4518680621042588,0.27290808375733494,0.2085656932826013,0.05132819273559779,1.3443782741000132e-05,0.20475343972433135,0.2694598556933567
282,0.35310613689045683,0.24170404584547628,0.3528403233656825,0.09981623276137186,0.24207489749759636,0.21942201172803466,0.21992459524081565,0.07871597678509505,0.07931142006149695
283,0.1594091378642046,0.21732936344655102,0.15945152635352927,0.41647035697342116,0.2180613277424784,0.1593354630283067,0.15977373595535788,0.08131067112583303,0.0997170415055853
284,0.31107262216456627,0.4342802609207239,0.3123256845749616,0.41711272441829916,2.922386655218286e-05,0.08071811948370597,0.0816874835192924,0.1008366312412461,0.051138069843064016
285,0.6295443183523441,0.21745560235081632,0.04023701395746541,0.42401714334994645,0.08025220622130871,0.21778512225820687,0.05351002429318873,0.04005052135627403,2.944238879176219e-05
286,0.17899900582541747,0.481878916323615,0.1788589331546385,1.3336945053989652e-05,0.052895159743273495,0.4827956536406314,0.10051459439400998,0.17975108432327996,0.17874335129601085
287,0.4395709877015704,0.2951880754795295,0.43518066803484645,0.0534203771819205,1.3355974123773729e-05,0.5783905778982883,0.29090427813412373,0.079876958124865,0.10014547960887041
288,0.3008090097383805,0.6136884903008158,0.30148476792254425,0.0499393376178338,0.04940572239633165,0.5452126364524248,0.08080925374464719,0.08062896495137871,0.3020717249915082
289,0.35420649377767605,0.2418565221251347,0.35185635876481486,0.10904327771596943,0.24601574297268045,0.10924235149615232,0.110630221116172,0.10889345985492369,0.09787855204684569
290,0.21380579254320817,0.22033658590281707,0.21145666587411996,0.04064498136953681,0.2180521881041748,0.41980681735122066,0.21274471350796711,0.03980670174260855,0.0789268807545343
291,0.20749266483027592,0.21592971832048125,0.20886187996948535,2.908137662367253e-05,0.20716195971216816,0.2099685140836075,0.2170337595737275,0.20816284059534884,0.08164806506404305
292,0.6287647810239361,0.4346368365178306,2.8807536288989844e-05,0.10604792105696872,0.0986473240890387,0.10545786610294168,0.08018672962771867,0.10551222475826685,0.10580245502598494
293,0.35730284290674147,0.24069842435626942,1.4268287014145934e-05,0.4826182292162744,0.23880504218016127,0.3605660098025717,1.4616027458826415e-05,0.07859087781478227,0.09887162945667005
294,0.43226240055680787,0.5820904508879277,0.08005380507660653,0.574244695218863,0.4385525880131387,0.09906014376309047,1.3096665329723493e-05,0.05285910380262982,0.07832958588262537
295,0.3010141487048181,0.3102687134325122,0.300466944125975,0.2745712515721601,0.0791709480916624,0.3016814468724755,0.1007436601813693,0.27470314619136665,0.30966390458311904
296,0.11798083555640049,0.4834556894938497,0.11881675431957732,0.2197445639094534,0.11821121929854955,0.11734019211044712,0.11666507710726855,0.2160262256261709,0.118214153419175
297,0.3187640455743035,0.14585552819104428,0.3204591675056342,0.41896830943487084,0.14677266047807122,0.14569869416050138,0.017933773150339918,0.017156346890634434,0.017530574609542247
298,0.31196429631906664,0.215057228773918,0.3102017579313478,0.1395257704983274,0.21529365370060105,0.14017865387740527,0.1408153391900043,0.02660556065120079,0.026221112049052045
299,0.31376955924445743,0.22555344275256972,0.31192287738519664,0.08050571482198958,0.22618935234994864,0.08150657838654549,0.22705375430567373,2.895398963389947e-05,0.31073090716905205
300,2.9313375202640857e-05,0.30937467288290105,0.7195955321740877,0.4823681173987659,0.30752896796007906,0.05272258055508776,0.04028685026760744,0.10154523883515428,0.038278334845284735
301,0.22018201471771354,0.1476132780850537,0.21666855700989782,1.3629549138075928e-05,0.14657437898251027,0.2192198755082085,0.21914650247724568,0.14834674143416457,0.14502868270513566
302,0.23620254697824258,0.427445444736297,0.23619660331973538,0.5412552411075646,0.05256374536221751,0.07971237556473423,0.07983842381477985,0.09994071937510693,0.23900167268009398
303,0.3549414149700225,0.16258443386804397,0.3554608581730082,0.4370825587642125,1.3502270081707072e-05,0.16347208084555606,0.16201922592754445,0.05280368474366253,2.9255624692908635e-05
304,0.3193798037391069,0.09968528646373359,0.31996858932158184,0.2106908992502049,0.2161705236916526,2.8936082462338626e-05,0.2091343204246897,0.2171731213460125,0.07980973662320032
305,0.3116201095378581,0.43157882002826475,0.3110302352225372,0.20966208664223618,2.8906927055068356e-05,6.827829268234602e-06,0.09900857203908073,0.21010492249012697,6.7640397633463495e-06
306,0.3120584736654005,0.21683933436591024,0.31658735223411066,0.4241225762198803,0.2211691562302443,0.0992014771922545,2.886504835766972e-05,0.051217531139716825,0.07987937276972693
307,0.23848826560246683,0.48123587259014916,0.2404715558429231,0.2417353275928173,0.08169050848369697,0.2426762306323368,1.3556439196939652e-05,0.23670688984841223,0.05306279234203229
308,0.21701527237535254,0.29290512188439416,0.21861022845351133,0.2170271186643576,0.291288950265366,0.21884956448311246,0.05327254331915247,1.3587790833539526e-05,2.9114632260909717e-05
309,0.22673063298989068,0.616183463373261,0.224122755216128,2.8888314112437533e-05,0.07922890670389418,0.5486031235663308,0.22583669930999983,1.3428200617991318e-05,0.22597672181235268
310,0.35265956358572065,0.48553684786759954,0.3547857696005293,0.09860145760757195,0.02570626314815829,0.43780278642755815,0.08091831746819533,0.07953395077514261,0.026504722212924787
311,0.6364132679587621,0.10853239886849138,0.10799100572246087,0.14005666087220023,0.11088264204979492,0.14081153232198743,0.1397003666309711,0.10909873494400281,1.3555048325791609e-05
312,0.30985778992485563,0.21579113964687813,0.31210821208618744,0.20916605803163849,6.794256019983726e-06,0.21182407425601138,0.21435685994308215,6.823837416159744e-06,0.10016829846743255
313,0.2092588746203008,0.4420202495283561,0.20884494969940995,0.21258723902364668,0.2134776339133789,0.21012482477024283,0.0793494364975566,2.8913949617429337e-05,1.3553921776392378e-05
314,0.35781773692214164,0.16085461981746083,0.357988102130644,0.48029130526479713,0.15954882717687416,0.15910505689336626,0.10027366985978046,1.3487305850389287e-05,2.907203752375202e-05
315,0.21747890062130587,0.292035106403323,0.21833850397103927,0.5822847773621063,0.29067780105116753,0.08081453589182183,0.21709506767830464,0.09747539863603456,0.21963509416173285
316,0.45023771196190304,0.1556087287860392,0.4496752444620809,1.361837938254491e-05,0.15471793078734872,0.5491220240346498,0.15385691353018024,0.05215304956480716,0.1550254481425311
317,0.23438100460324063,0.4827390327611329,0.23672471024240918,0.07921530253636659,0.23800665271141278,0.2174545465869279,0.026237450360563713,0.21860255999339256,0.02598981022032555
318,0.21258019542459386,0.2191667428601334,0.21270710213984811,0.21050409240062895,0.220176683672458,0.05103050585748817,0.20969611405663233,1.3408733848499933e-05,0.21492094163816358
319,0.3121889279509387,0.21736671300804752,0.31097177318562713,0.13935232895521096,0.21703166327924237,0.1382934474885588,1.4512782030958024e-05,0.14022275145220262,1.4480464697270883e-05
320,0.20947627260653567,0.21875472059606715,0.2097624424170583,6.858548221221747e-06,0.21853014563995293,0.21021239857688936,6.966698984102421e-06,0.4247965117885442,0.07949114039157539
321,0.7163606941142748,0.2938571115087208,0.29703299516258824,0.4803240675539677,0.025582502360290218,0.04233371321046008,0.04163929232714446,0.026293140198654294,0.07882405210342054
322,0.21906911347051616,0.29306676262371384,0.21639947418723415,0.5821527228836171,0.29028631221786366,0.10017027921214854,0.21835587546021276,0.2174190259823439,2.902007507938765e-05
323,0.4493840599524014,0.3128356673831791,0.4505831239431904,6.851984187917327e-06,0.08374045478091924,0.30887197104833575,0.10021303241155935,6.751103190668531e-06,0.05339362005168596
324,0.14026088964832975,0.24372073890438747,0.14003184778856176,0.44005940939601207,0.24439148426336516,0.14205371801418798,0.08143406761274384,0.14143295411239531,0.14201202442455146
325,0.15899839548766345,0.15899622125494095,0.15941222164671276,0.2086631693050863,0.15834268042116628,0.4376877316743786,0.21134579134439832,1.3477477796255687e-05,0.10006028969779675
326,0.07887231583328083,0.1084699021372077,0.3108032292662676,0.09890934371635822,0.10770543622477499,0.10854155136432549,0.1084504087848024,0.31217655111426496,0.05291260375271382
327,0.31482627345835923,0.21817432450510696,0.08102592957477048,0.1405684319820456,0.21975560009593997,0.14032442481490262,0.31050426699648537,1.3750566070104345e-05,0.14149204648888267
328,0.47515876569387083,0.3113148661700971,0.4777951115969433,0.48819055958905305,1.4525721213236854e-05,1.4521810857854628e-05,0.051831079388713126,0.08265784981370758,0.3116635989584954
329,0.3225040342978138,0.28064705783171806,0.32581946995761013,0.8163150797845999,0.28068685863556614,1.3684558170433029e-05,0.3248413657678824,0.27906416613535423,0.32559418896915515
330,0.301778183247604,0.3772075586535473,0.29946160969619734,2.8799874915428866e-05,0.05365533366226519,0.0797144854361334,0.08440281362421927,0.3795713159168968,0.3009900606667975
331,0.0,0.0,0.0,0.0,0.0,0.0,0.0,0.051947762923692964,0.0
332,0.3203037465223871,0.14589815144028076,0.31948276473099957,0.08123578745254863,0.14693032561942637,0.14613202874047967,2.8892624827468896e-05,0.10005235789019741,1.3545265656508474e-05
333,0.3106960702124709,0.43177165628602954,0.3101856510455759,0.2095564345853963,0.21005895817403525,0.09990457824496313,1.3566229504322322e-05,1.4663069073397054e-05,1.474844982236731e-05
334,0.268884841833066,0.21900582613783118,0.2676533692175895,0.21793455376527326,0.2131240480295078,0.2112534184344674,0.10061616818930814,2.9055611104039888e-05,0.26896680304896
335,0.35749211244469536,0.23836828874770405,0.35602441499223314,0.2421329764463627,0.08419390846785091,0.05236309891664447,0.2401668289683095,0.24320170899872184,0.08072952250115287
336,0.3572711263839173,0.5881542681806907,0.35634079468608443,0.2935014056240243,0.2919714558848981,0.08102739721761557,0.07811433227712519,0.360271253154427,0.09966025066874613
337,0.22515711895875767,0.3121364908947334,0.22413328450601858,0.2734318310930687,0.22564462251961154,0.2739691082644646,0.22386395032868128,0.309306222652681,2.887147700793545e-05
338,0.1426575746631947,0.08517243030471702,1.357512409385372e-05,0.22361447165884998,0.0853529601196011,0.08543483524117221,0.0840453726542362,0.1433869629256768,0.14488617832121628
339,0.16003036765387274,0.4406454343637394,0.15872323159593366,0.1409423189015341,0.1413225365275425,0.15905090384405018,0.16020943847784544,0.08284261889705559,0.13861383657670803
340,0.3125393384676089,0.43014302824263345,0.31316971645064573,0.20785877337679728,0.1000107753713323,0.20912901751669902,0.0525312105218265,0.07928064910147616,1.3815553767522188e-05
341,0.3142918284645549,0.21868833280462632,0.3129583463977,0.4265699781209309,0.04154771562386177,0.08064678945368176,0.04201759722555184,0.05206123707914344,0.2199487352500973
342,0.2384171803863879,0.4767346242879189,0.23739445228880993,0.1618969623865997,0.16207683629501643,0.05039468535626299,0.16050092411865466,0.2376807921186349,0.050042180282032944
343,0.21686170927549203,0.2933395954536453,0.21812501667912754,0.2936736813704271,0.29072468290090925,0.2181998820430608,0.10044443214188761,0.29196980980871057,0.21706092659818366
344,0.45216515629170156,0.6170641922062494,0.4491529411360398,2.901148960926982e-05,0.2732093261186407,0.2722632822452733,0.08114448317058642,0.0830754787490717,1.3744820903317654e-05
345,0.17712607928866933,0.1634139240591878,0.17615931845456712,0.10119233477400479,0.17671896774466536,0.1610930496765033,2.8895368863492106e-05,0.17763514502770425,0.16291903226237434
346,0.3191867259929114,0.4373720991991979,0.31695196267001247,0.10468113540021746,0.10524461103545094,0.10558294936459622,1.3498519615130673e-05,0.08372128069257116,0.10596936416287388
347,0.20765789649186853,0.21608401882327144,0.20786311182127126,0.4195342254282143,0.21686719246421296,0.053480100685907896,0.20684027805591762,1.4603165782242955e-05,1.4608886354841131e-05
348,0.3118970613901581,0.2194534363415895,0.14198655961377749,0.13851968460192002,0.14228343145445752,0.3162626350872618,0.2195438883397997,1.3798400382314702e-05,0.09802730764736438
349,0.23808975674203425,0.4823403713919016,0.23818073168193923,0.2422466051556592,0.2399131079437756,0.08241487631790823,0.2415562995203708,0.050151749561845906,0.05013255881683897
350,0.4352315741059732,0.2925285081531278,0.43275095552212417,0.5818968683040326,0.2939676923687722,2.90935755452641e-05,0.05136587482534168,0.04236536321561316,0.04231091086811883
351,0.4509087239714707,0.3117043900062127,0.4527027330326355,0.544701071260515,0.3106103310546117,1.3676621977913534e-05,0.10033475788693225,0.027047650705644157,0.02612421524351408
352,0.14145083962474575,0.48613924627145244,0.1420761334413873,0.4341302221741609,6.837034203900233e-06,0.14143058815097906,0.14052121455416505,0.1417946946505358,6.8797891730169e-06
353,0.09924426460758785,0.1454618751407271,1.3646547332776569e-05,0.42041910156237755,0.14715434909986577,0.14598483878890925,0.041967864415622634,0.04123647180804878,0.07982824485327998
354,0.311777096399551,0.14435036409775984,0.31195940749868123,0.20867776639517172,0.14485296760873875,0.20799214446479602,0.14397277159865288,0.03962611943188166,0.04012762271469177
355,0.3163634423332578,0.146362740034908,0.31343430138057193,0.41935237398995295,0.14607228630425895,0.039934548238302295,0.04060572809306755,0.14603381310583513,1.3924237290827364e-05
356,0.2392441983425937,0.23758125128876237,0.23867829235001914,0.24241997427308462,0.24094255358001002,0.23987304806404142,0.24420098900214404,0.07999742368950408,2.8925964287661363e-05
357,0.29052664580457055,0.2923199807513475,0.29291641300222665,0.5833059004581377,0.2896422453002727,0.10044633689564929,1.436410933960518e-05,0.29007356348892926,1.4423852342671864e-05
358,0.5224712893660506,0.30746487366991426,0.5216898522119237,2.8895768112726995e-05,6.9999300228132104e-06,0.2735654257262159,6.9378676572037e-06,0.3106638080272924,0.2723104319794972
359,0.17492550802062434,0.24279307189911903,0.17585676026220728,0.4338750125320973,0.026111051360899706,0.17647776831299813,0.17788289022497605,0.2454242481899874,0.026827573887187005
360,0.31883583201501614,0.14486092327460692,0.09785577374846527,0.21121387681934553,0.1471184702413418,0.14683740789172597,0.21057967365456126,0.08274722882948045,0.31939073277731517
361,0.30844203331998565,0.21608709236120627,0.31123426711364527,0.20889665439174823,0.21642624578632386,0.08446620112427991,0.09958556449814757,2.8944948258041404e-05,0.2084885652521447
362,1.3778476052421529e-05,0.145880090420384,0.3146972217103656,0.14237776977428698,0.1467402298229594,0.1428390706413185,0.14718565749564527,0.14107366970751622,0.3137221427692619
363,0.23977102575879336,0.1614574189107079,0.23797187928572291,0.15954637805575286,0.15944575851218637,0.02717575541408379,0.026350838480447277,0.23902334785387233,0.08359923222309801
364,0.2906754656654779,0.29298954767553503,0.2895405162708349,0.28743015843939174,0.289237226365688,0.2901091833418858,0.08224393599993808,0.2968127223157138,0.10093846763517993
365,0.22531283183963824,0.30708694209823495,0.2269510638266461,2.902274168852342e-05,0.5489640848911665,0.22502798790060338,0.22561302163244493,0.3082278306456151,1.370746222267413e-05
366,0.235878966831552,0.1627514643177498,0.23474330413832667,0.21967664785138297,0.21914759060920375,0.16166581780363373,0.08040606589125969,0.23540300554920957,0.16209261700623043
367,0.31843396315790284,0.4387700579356506,0.31939890682183747,0.10427840656023678,2.9189469879110076e-05,0.10477302642756266,0.10498985258683913,0.10573596015424494,0.10092739142099467
368,0.3143677137142877,0.2166865178037852,0.31099306958228184,0.05341152021476063,0.4219528826400131,2.895150303547051e-05,0.21624557023175311,1.4064384054824797e-05,0.08083754686528273
369,0.2084733455448133,0.43243847748230047,0.2074199695198076,0.05192160839504825,1.4504381163128645e-05,1.3742415157152318e-05,0.20798105530868818,1.4560215385294004e-05,0.09951271744347673
370,0.23561734390364972,0.4826756530891542,0.23818507496437558,0.4849806339596965,0.033292210243230376,0.03311559748252535,0.03328760082437078,0.08327219773078112,0.23850205473400088
371,0.4377137781544415,0.5839826019791439,0.4335821812981092,0.026623560254087266,0.5850456537300707,0.026283449316542567,2.9017357098789656e-05,0.02588354899278476,0.08342696506287352
372,0.30178669029798116,0.619529184739368,0.29875119713426995,0.27163707797190906,0.2701064526124013,0.3007250409221123,1.369500655059589e-05,0.07982665199794722,0.0825778620727517
373,0.23575883475096504,0.4841127448285499,0.23632730033757543,0.21738620345273277,0.21501196345141377,0.23634808848913735,0.04181334927462424,0.08067404997701615,0.041987598932171404
374,0.21270392483392195,0.4362692000918266,0.2133639469941293,0.21102423079488122,0.21082259778997156,0.08332899620783106,0.052786697202867584,0.07937482064589906,0.21218980192266312
375,0.3134591562285872,0.14464272769641148,0.310913950967343,0.20952833472463087,2.883448101530859e-05,0.1435377160683413,0.20845924472232616,0.1440169644262583,0.07979369336341131
376,0.20699856134630457,0.21834598944125388,0.20865607527626337,0.14135701713935064,0.14062242403878916,0.14030382751125342,0.217818739790646,0.10128037599957412,0.20920316951832682
377,0.2399930265219138,0.47797541907413943,0.24146915357472787,0.4856395611860646,0.09967855882188689,0.23736061746821455,0.03978617927299997,0.03943445604669179,2.8528558107090614e-05
378,0.29103178828026444,0.2926270124513843,0.28981027110002017,0.5825242128040913,0.29288824302599636,0.026557845355945468,0.29244813299216943,0.026363905390821937,0.10246763644040804
379,0.18064575971494937,0.6234747796701592,0.18101179416386157,0.27172698724563643,0.27274563873853613,0.17978948255657703,0.17969835717073615,0.10000631187091709,0.18085979464468965
380,0.23315487366042187,0.48009216054071113,0.23359007513125,0.14581645855220754,0.23620928622031925,0.14572082824119167,0.14512966831416418,0.0996376112910721,1.3896435579117426e-05
381,0.3214907655352895,0.14709410208457943,0.3193985046451515,0.2077289721222875,0.20882024510057118,0.14681053939032615,0.14630149818762211,0.08026436256511212,0.09992837371529847
382,0.20791606743620492,0.42936759962573146,0.20847538813301006,0.14055289450817715,0.14042145785822935,0.2081840638441109,0.09967166120507674,0.13929565679005754,0.05233271475504957
383,0.3140903001791462,0.4339678483064352,0.31118195698487106,0.42425218174506646,0.025667749916466608,0.050192107679326296,0.026110071056513164,0.04958590399394551,0.08125523104816723
384,0.35869075721769816,1.40584836861751e-05,0.042123190270775046,0.23898560512801634,0.3581354682053461,0.08067520450991744,0.04186682886565404,0.48578531319114937,0.2413703427245036
385,0.2905089137645062,0.2927648385988473,0.2899733789476944,0.582339638409223,0.29058236993164915,0.08339562379336306,2.8566936733802207e-05,0.05346661817855897,0.28961921832902243
386,0.4501587290093978,0.6236735364248017,0.45143564700748456,0.13595814036209591,0.13688623253992932,0.13590403393537856,6.968029656170314e-06,6.962041504993562e-06,0.13721430759694025
387,0.23390471187930154,0.24496730295944721,0.14349790315767075,0.14631554832642946,0.14516097796086705,0.23627242578492536,0.0801904919585351,0.2394036748145023,0.2343177876643092
388,0.21254713931760663,0.14648823385355256,0.21167078676823645,0.20917062006169224,0.20824162277580363,0.1464136433142719,0.21269456688065294,0.14647752651545456,0.0982307413994935
389,0.20762945746999287,0.43656322536690734,0.20842645730302545,0.1398449660773534,0.13823045327524378,2.884980169199053e-05,0.1377063296298315,0.207043438852453,0.08052102013466596
390,0.3135415267619409,0.22092927476074917,0.31300350445197506,0.42571820561249146,0.07948312643161265,1.4021554905109279e-05,0.21890990584919073,0.08088218704415513,0.05246027936866158
391,0.23926696181625376,0.4827247211860683,0.23807431103459556,0.24190019590815764,0.2433157503919827,0.23946791992362493,0.09949795800730785,2.867453195764238e-05,0.0831566743467882
392,0.2897138043546252,0.5906043605660823,1.3826271436856703e-05,0.19205171595057105,0.19524033235854252,0.1914400642236667,0.29137840991341124,0.29043221420257154,0.08061342558131616
393,0.4498822239042159,0.3099399835752507,0.27067864948895204,0.2727009509751195,2.8925788169791045e-05,0.4490478755984139,0.310347903349753,0.05281301454121479,0.10001095575058212
394,0.1757526174617073,0.049793720045180206,0.1771269243431307,0.4332171155683656,0.17598186007868039,0.17830435499232433,0.0411301165741937,0.04204515855788237,0.050421435296700956
395,0.3161287282305929,0.4399243586578413,0.3178992414378254,0.02787576516434131,2.9271283047763482e-05,0.052770267920442114,0.4224373469579871,0.027380496217215,0.02756646488798414
396,0.3137335520440429,0.21638593378405654,0.3098446012424679,0.2088562026027737,0.20970609842098403,0.21751342062862278,0.051719894895012386,0.08256319316174172,1.3933536823627838e-05
397,0.12556240054797072,0.438864207531172,0.12483364311076317,0.12596300287025816,2.8798492290968916e-05,0.1269173259385043,0.07943166804401669,0.10043679948795044,0.1259284144561583
398,0.23926147526544414,0.24110718227856415,0.2368868529422785,0.24351309846691221,0.09903471370356913,0.24421182522689633,0.23873871485361,2.8767194902676725e-05,0.2420580718539463
399,0.878308909919133,0.5859323385742197,0.04885375359815203,0.2883563158172673,0.040873250466362136,0.04940263417566101,0.2895519954719906,0.052495490058095826,0.040160087301407334
400,0.4502371252159379,0.31145818606321235,0.45040652907110745,0.05053617060724699,0.5407833397891344,0.0802533507900972,2.8789569046758707e-05,0.04991059754093769,0.3096397220847258
401,0.3514092856233249,0.484129007479646,0.3528167599017984,0.14618097367119934,0.14460524071932826,0.08418503412575139,6.991447351357417e-06,0.14656940857604023,7.060502656761614e-06
402,0.21264474006775266,0.11026085769268462,0.1000050961146407,0.21343235125284235,0.2114685966207199,0.111318758323201,0.10919052682902414,0.0831284659264733,0.11041808220196761
403,0.3109744487653854,0.4273075657387291,0.30902464294380705,0.10646999692729156,0.10451863988744442,0.10413180433535413,0.09938021216483967,0.10392437033639895,1.3847353992173154e-05
404,0.1570004075784033,0.4353501965822384,0.15786142847642975,0.14145188873643225,0.14085984095732848,0.1578054529823441,0.15617207087791776,0.08256252234317572,0.14056276751680336
405,0.2389872037077911,0.4762217413825668,0.2391383411849403,0.16212878644439277,0.08570758444739335,0.2389999909057828,0.1618728213622239,0.05335401446038195,0.16231665911334897
406,0.8737567358456095,0.1933903728069467,0.1455107614391488,0.14578005032474123,0.14430304593884558,0.19664601104862034,0.1944171997562432,0.14261012512387833,1.3955742302625308e-05
407,0.9047065464156113,7.074922086220527e-06,7.1175271154870315e-06,0.13742733209244085,0.13745255542524648,0.13739291878371446,0.07934035027132175,0.1363117982808642,0.09850245548280082
408,0.23656450581946453,0.49120265291974996,0.23593329940247965,0.21801333270710122,0.218401023291362,0.026322188339917355,0.026296257888934856,0.08371494031488824,0.23424544551575502
409,0.3208097996269089,0.4364595343271476,0.3185721118892856,0.20867853158440713,0.20808884666324554,2.8564392130198636e-05,0.08443994899616526,0.05251411388209107,0.1003773684408566
410,0.20678756832023729,0.4314100755454377,0.09937987636643852,7.070028587130366e-06,2.8567771371994196e-05,6.9357083089605316e-06,0.2077033864631522,0.20821003374462388,0.08236624808751683
411,0.21045602665648064,0.22019777043715613,0.21153410282916485,0.211028041383078,0.04055267673048413,0.21010378048742795,0.2102097029337621,0.03992005961181974,0.21963177855387936
412,0.35431813152456154,0.4780741499866601,0.35823613552155825,0.48586841973719014,0.03353466546939346,0.08194874800658365,0.03429442367190997,0.033557160312558156,1.4146355687487476e-05
413,0.17299303514326048,0.5859939932569935,0.17651809817026037,0.5781752880648331,0.1739009993521761,0.08135970739239966,2.8819889053439503e-05,0.17544862802849054,0.17495824607934468
414,0.4535091903357985,0.31072928160330293,0.45290820804098997,0.026375856040523435,0.5453766850886169,0.3099050828690268,1.4133720677890074e-05,0.02601020942320952,2.8518344121247652e-05
415,0.23602898719156304,0.24589492586804504,0.2373245816396338,0.23452952642929914,0.4322335987024218,0.09808761259194464,0.24347100382987197,0.0834504891636016,0.05283897049904847
416,0.15964497392494115,0.21960522152865644,0.1601611568939254,0.09954761504745355,0.20969921711209505,0.22223138426068517,0.15875467947532415,0.20910336975012103,0.16076202960500255
417,0.20814324941383675,0.43391044736225454,0.20835709863387264,0.20717221782720094,0.1405097120879001,0.13922799118647494,0.13820277245461352,0.09936967834908489,0.08293708847318201
418,0.15569290513185077,0.21921137245610944,0.15784473296956741,0.4252764458386245,1.409429095427224e-05,0.15651109458447748,0.0796678299953573,0.21809027096723813,0.15763396481798714
419,0.3535048576651114,0.09655159104843479,0.35675310601104565,0.09680409227743855,0.09539215560988282,0.09479472817262971,0.08463974769774395,0.09519904052222453,1.4149194883218236e-05
420,0.2917600626885796,0.19341193262234344,0.2905232714464226,0.19363081194375167,0.5807466853950819,0.2923516926255471,0.19442400657996242,2.9194218199885747e-05,1.419168897132896e-05
421,0.45359131415562637,0.6124193501746236,0.4497424093586513,0.1826825102948311,0.18235853483157205,0.18006550356235262,0.05226430345439607,0.09831170225595266,2.8547884509216937e-05
422,0.11697242824891878,0.4899177329475523,0.11802401986363616,0.4296241451665098,0.11767417902405493,0.118282428451997,0.11779303139016704,0.10017319159525448,0.11706042247759656
423,0.3204830639152712,0.21993299820922554,0.31832271155621716,0.4202687737541732,0.22077164650663644,0.08436131385544662,0.10051763264037492,0.07964231128020378,0.053092173041128086
424,0.6240490586793118,0.21653063090138377,0.10092208298609785,0.1398601614609246,0.13920431256123153,0.03918086751006776,0.14033704527891377,0.03991572546190182,0.2163690995148966
425,0.3134260919259774,0.4366049571928522,0.07956467984687968,0.31354166953564927,0.03332759212380525,0.03340083588914221,2.8923739435285968e-05,0.03390016928815311,1.41274299275135e-05
426,0.35820023140385876,0.48399582240421396,0.3569452999869314,0.24150058240602298,1.437863173602117e-05,0.05321864994774686,1.4012470206526456e-05,0.24053834677442373,1.4333929100806692e-05
427,0.4325265974169132,0.29418357746835877,0.4351364262780304,0.1926911195956108,0.19347451147677974,0.19273207742014511,0.2927232914997013,0.02608664239750001,0.026224710918929493
428,0.44905565304555634,0.20692302461068487,0.45107254662988744,0.5480755984751406,0.0820700098538939,0.20560765737715958,0.08144462213933773,0.2070300959404764,0.0525899622125084
429,0.35470507310056215,0.2827262288338638,2.866661661638756e-05,0.21755377326003358,0.2187616077380005,0.35454126212684794,0.08414277543217055,0.051146503138499465,0.2838102586242657
430,0.15947228732174468,0.4340439224138621,0.15863264976848476,0.2085367620142403,0.20918320377192431,0.159698549674675,0.1597540156904953,0.08349641493339069,0.0795698413747188
431,0.31462167204618935,0.21516445279178084,0.31022094642782794,1.4364102467730107e-05,0.4203797487172214,1.4375382327115578e-05,0.21774895488986318,0.09977389441775696,0.052803698541396854
432,0.31426940365053674,0.2193447932004894,0.31370494212694316,0.1409900460131264,0.13988536384859437,1.420456653242482e-05,0.05298328364118176,0.22015082611067216,0.14161580949184113
433,0.722664655791677,0.4817169940179023,0.1204951383503968,0.12062344662525998,2.8714994319454812e-05,0.12305000654065285,0.12261476317692696,1.4257674312117875e-05,0.08519539661326396
434,0.884406588291562,0.2958366811092141,0.08278723756416623,0.19480441422453812,0.1937595493637163,0.2937586755082696,0.09876983654033909,0.1928759408854548,2.8639043216753843e-05
435,0.05236147752372299,0.7610286321670898,0.3525197897282965,0.27353543694316634,0.2737186895485773,0.3512545812096708,0.35101632289706214,2.8848143800399142e-05,0.07841171686638365
436,0.704356401810624,0.16341889763003067,0.21763171969206105,0.21842586622060495,0.08048746599350536,0.16243445219757055,0.16328231954923816,0.05076329029934681,0.04949938587527834
437,0.15952702864375398,0.4377010673488979,0.16075452662613693,0.13964232773455462,0.14210372804631857,0.159790354233629,0.1597646423652686,0.1419125919728411,0.10090500619086554
438,0.027853589300114685,0.4331847620340592,0.6245314242866782,0.42266396096912034,0.05034406338469422,0.027475319104981962,0.0805304128873604,0.04896344295537211,0.027099375992301483
439,0.31107686790082884,0.21923945844166098,0.3146437704560463,0.10583878855274187,0.10567035507040633,0.10498267447910874,0.08488245960680198,0.10535921946363119,0.21585015172691935
440,0.2371849586689602,0.4804173509905764,0.23634971562978457,0.23961035743596587,0.2398141158435041,0.2387308598905813,2.849415472905547e-05,0.08127625102350289,0.07866324465189645
441,0.43670567824520207,0.5865887236784038,0.4358297139072335,0.041698751031233286,0.5794755598846445,0.052398698829668605,1.433325442838373e-05,0.09791120884568905,0.042295648424336973
442,0.45005446554036843,0.30939368464641165,0.4533397955760749,0.27361442519248036,1.4153563078633972e-05,0.3109358147537224,0.2736288505960287,0.05174410952550592,0.08144266145683357
443,0.23460630951213512,0.4896147154634361,0.2353016976252259,4.691853641234386e-06,4.709966629092941e-06,0.07897123750608154,0.10022460798506187,0.23467815528825528,4.7621435059008274e-06
444,0.2136889338708229,0.4364880274337236,0.21554169624932676,0.21040266690788645,0.20979033391261578,0.10045586335391397,0.026237329111694147,0.2130952512213459,0.026207366404657297
445,0.31434759070756413,0.10780334250329175,0.30909652089495493,0.21212478148356417,0.10769530500478623,0.10812050673722051,0.10824957349534739,0.2104402050239489,2.8899007803586027e-05
446,0.1569391159115341,0.44262422410728913,0.15675402815840075,0.21153626101831935,0.15623537303193588,0.15598363170223503,0.21116506495678689,1.4329319568219033e-05,0.05242290466089758
447,0.1794661271176795,0.47835336870797984,0.17946339932375358,0.24398614097985716,0.09913277443000056,0.24004118718099426,0.17925518084936667,0.07876551774721798,0.1806973461820937
448,0.29038926938424287,0.29399967613987454,0.29211320217755327,0.2926490401270123,0.039943513884966156,0.2908122934711474,0.04040848541379277,1.4190608869890104e-05,0.08400509928973383
449,0.4525997830916755,0.6305398487769817,0.45065947155141095,0.05275130237509729,0.1828834027456646,0.18093844473582688,0.08406603556116997,0.1830128558093748,2.88023845727356e-05
450,0.176222680901131,0.4891859323371365,0.1774441125213354,0.14536165290438732,0.14492570135438257,0.17640357453260946,0.14549482157234137,0.17797280263100082,0.08347906750046469
451,0.15817047575835963,0.1470811926245753,0.15897938294376135,0.15940430162590283,0.41504912519133486,0.14671528063218173,0.15999810544754442,0.14648455618989062,2.8537443487565446e-05
452,0.20735859477040755,0.43454847414351716,0.20849271105121114,0.21003738608551525,0.20924557390979695,2.8655964276746304e-05,0.049516501170191914,0.20899623292265015,0.05027667519213452
453,0.3147640281908891,0.08021544141590094,0.312796634712025,0.21124861617351695,0.21182621520407888,1.4338667204889347e-05,0.4388661374487913,0.051500097494756425,0.09957591571688033
454,0.36072282777376624,0.24235522377031904,0.35983999639280273,2.8842214802461275e-05,0.04069745844236902,0.10193222799573178,0.48387616584756615,0.03925490175744874,0.24286625809749135
455,0.2913944292418217,0.5890222588054763,0.2912248326826288,0.19305583817310148,0.19350874071643034,0.19364138808876122,2.8528525845408604e-05,0.2916874565351287,0.10001370956403441
456,0.45291866763112104,0.6247054783533733,2.891049121172724e-05,0.538430597158292,0.0797746329445798,0.4539016359660371,1.4086755692889414e-05,0.05226276389084831,0.09787563657255588
457,0.23442374085798423,0.24355523759154427,0.23547519379068405,0.05124805848518051,0.21842948111410543,0.2344021932408137,0.24455404315571047,0.2188713823504669,0.0814624458826684
458,0.6325593973574637,0.4404151188424795,1.458799147554125e-05,0.017720544435584892,0.41861191341263604,0.03952220359077652,0.017679296825292283,0.017641687257687996,0.040913995317688905
459,0.3106087826466068,0.4358377348287727,0.311762823377778,0.07978360731975899,0.0533553742431861,0.04249670785037925,0.20920524397287704,0.20818327640225012,0.041968539528247376
460,0.1576154636354082,0.4344050138277364,0.1567637213269929,0.07903819256028226,0.0983458751705484,0.15750792927681195,0.15750132690174942,0.2116642597453024,0.21171708604192588
461,0.356127273585075,0.15936181635460003,0.3598058875548543,0.24565723838658068,0.16103716178096733,0.05224072848804697,0.15868075805095766,0.08208532577126876,0.24165357699204107
462,0.434835239520711,0.29290641468686535,0.43499213893934097,0.28982424974358745,0.04109106107324879,0.29046159047338216,0.04138529586907338,2.843589361180498e-05,0.2912836257032571
463,0.4491353323806319,0.30901834663191535,0.4496525574275873,0.5422378071127283,0.0999549602777576,0.3099918303197196,0.08101649727695476,2.8679212167941444e-05,0.08433009880181427
464,0.7039541600593842,0.24334630546116687,2.8403624734101147e-05,0.21833443724883583,0.02598873685643976,0.2168437713064057,0.09965276214976442,0.243388805566571,0.026526013839342943
465,0.3194938511508508,0.22038682455338304,0.32208105075053456,0.21096110444699886,0.05199009210383705,0.22016649937267127,0.21045525255417272,0.07896427848387663,2.871557175962653e-05
466,0.12490320764120011,0.43395027515897766,0.12512685543506835,0.20954371834413218,0.20894298998229802,0.12471462728775132,0.1246749147462862,0.12454400516979054,0.052219369835990084
467,0.31594105407736567,0.21829131605200242,2.8626978404734296e-05,0.14216737952030642,0.3157406098456736,0.1418727852001869,0.22033006575827696,0.14199829968732783,1.4490154131617322e-05
468,2.8547098193973697e-05,0.02634042464907945,0.7140328101432006,0.1609892408212861,0.1602885760379644,0.4775109373921454,0.026274662285518925,0.16031059007291862,0.10036364172257499
469,0.2193679985821013,0.2938452842797446,0.21866918491913034,1.42730969445767e-05,0.218697651501649,0.2917000599881982,2.8628758790021116e-05,0.21720594569268742,0.08433245537683491
470,0.45161788567544564,0.049695566164614915,0.4454570195886633,0.08061895972071621,0.5501039969486536,0.6181048693438931,1.4412372888396247e-05,0.05119152580311037,0.049693940012059935
471,0.3553321691928424,0.24403060218908246,0.35290859114505263,0.1679825598483306,2.8862673905244202e-05,0.24566292406209198,0.1716987552604912,0.09847394884323181,0.052054494830572576
472,0.3164271951573637,7.326158207413916e-06,0.3201499728286908,0.42196404642420177,7.141947209103969e-06,0.4408413251039916,0.039782791633923245,0.08288181009701161,0.0393609258537023
473,0.20655839515927962,0.21462644137897405,0.20744559034918506,0.2091504792579595,0.0814099454152865,0.2166084322386585,0.08368261082174006,0.20712694134444365,0.20653146214276874
474,0.6323227536385362,0.14579104325093364,0.0995825081933158,0.21174565081076863,0.2122217604104416,0.14471264761861413,0.14448565883263384,2.872068115247386e-05,0.05250197658920801
475,0.23798024652529406,0.12138422996143668,0.23712286567689092,1.4334354720562965e-05,0.12024581567223266,0.12032484580533429,0.2379092878725688,0.11936901986470502,0.052220546508199156
476,0.438113184258241,0.583560607722766,0.05231236497596492,0.5840097946369709,7.127771377197933e-06,0.050681931086522504,0.04983752423377845,0.44063721676165435,7.150534032611976e-06
477,0.18053685143639142,0.620527435691648,0.1796843139133703,0.18159910081219402,0.18137618056198399,0.18116213713409154,0.18052131139463484,0.17982043437813272,0.17898516988815483
478,0.23620741453812674,0.24403790496817676,0.23607213914912503,0.09911290703321338,0.1451410177045472,0.24439861374362845,0.14647048719258784,0.14538755876345824,0.2346264048704518
479,0.31724495522024054,0.2180412616609077,0.31777787366138527,0.21036711720449364,0.05000528578073429,0.21141279068868143,0.21846354534648624,0.050026148172502935,0.07945629157772316
480,0.310834741145635,0.4369994700309199,0.31019460348756717,2.8666810097136704e-05,0.41563212577796804,0.08294107264178152,0.02609348597652747,0.026941021752026065,0.10045388946986708
481,0.20959998910094968,0.43962627088028616,0.20805495059074416,0.21070546180472616,0.21194475127439355,0.08124584832906431,2.8299462425321543e-05,0.08424329418204086,0.20783607158211673
482,0.1787315913784323,0.4792590329102348,0.17971340736654315,0.4825704625607924,0.17979294448840177,0.05170442741772303,7.2423887883449905e-06,7.3638632823091e-06,0.1801080825418773
483,0.29117430913103065,0.29082456440548093,0.2900392675804819,0.2887637760713284,1.4337336920659556e-05,0.2911567574530784,0.041668365030614635,2.881090545041548e-05,0.04145208950143682
484,0.4530332791987804,0.20850333584895123,0.45223346093717565,0.27337770221077623,0.2743483373622329,0.2065959682426355,0.07994612317276678,0.20492856513937185,0.09997145363216743
485,0.1490976638915209,0.4857586005232902,0.14840866394087196,0.21796969541905212,0.21811472406431517,1.4305637435887473e-05,0.14815580524588917,1.4281289579483837e-05,0.14906238331727029
486,0.3216168749244966,0.04121977741393134,0.04217625607260224,0.1393218792441829,0.13992666248863297,1.4396326877051208e-05,0.0980550284403555,0.1402051537537161,0.3183209981544586
487,0.15562209323325266,2.855091313218505e-05,0.15573873141411354,0.1387498120207543,0.14013563479718633,0.15538209957883045,0.13931475250368505,0.15463409744640527,0.10088530527806236
488,0.3117384118012394,0.11030149728726163,0.31423181820409246,0.2113230876293483,0.10997764589823665,0.21014253735789973,0.10998953231589263,0.10018663435058901,0.10957345707773061
489,0.17855375478346355,0.16265664949378422,0.17846121298768886,0.16121170878695137,0.16154024825646737,0.38384665444006827,0.1788511386488073,0.17945683694420544,2.8532614875707364e-05
490,0.43469877532129003,0.1953562147875901,0.43577394793278945,0.1932391334470129,0.19476691805776034,0.29462983175097224,0.05215558349433367,0.07888315222076515,0.29600259317397987
491,0.44844071001879887,0.20649091741243406,0.45255508001109496,0.1807063158436275,0.18129812128254083,0.2054872395270261,0.17997363981630224,0.20604257821190541,2.8703306921892835e-05
492,0.35270943633554547,0.16023942590941911,0.35338058016580204,0.08329810606210039,0.2189353849188468,0.21802658848800052,0.16325902882574347,0.10091094301744244,0.16332245336807563
493,0.2138962153149012,0.43539061752713426,0.2126032549458342,0.41774720057107034,0.026732773713450675,0.21233053531594448,0.026364563769853248,1.458096235097866e-05,0.026251242201336882
494,0.20734025083573035,0.4325903065498908,0.20695309859421282,0.1388328012880147,0.14033823344033616,0.050179702691710064,0.049891837217946086,0.20655268969037807,0.13993440197522025
495,0.3106385682710358,0.14787286015351106,0.31342505740919874,2.8696072647955486e-05,0.21247430172840065,0.14444859704025584,0.08416931565156555,0.21282910402051414,0.1457280729855143
496,0.23822000150329362,0.48215494948482013,0.23885523630653935,0.16149326358354965,0.16105294894835162,0.23871149841803965,2.8524416688549554e-05,0.16133607212213963,0.08352008799723856
497,0.29103713734490816,0.5922461944552005,0.2895566739408734,0.28958901317980534,0.28908876974312864,0.2892995894811301,1.453880441084188e-05,1.4225979413103962e-05,1.4379898831312397e-05
498,0.22538406862853363,0.6151349026406817,0.22736884104841612,0.1810066177404037,0.18101134926615756,0.18200736483079358,0.2238499902671732,0.22576526487858897,1.4679212208196861e-05
499,0.23559849588690754,0.49250153007013764,0.23479894107249252,0.14652446731641897,0.14404200472181658,0.0819930095572067,0.14671594993911108,0.23515493140632182,1.448496897584713e-05
500,0.642865133362849,0.21770465277802956,0.08605522105953035,0.2088385419636165,0.21081107657661016,0.07962356448150798,0.2193750936005602,0.052067766221846126,0.10131875678207745
501,0.15534313749991657,0.4303400274727782,0.15626735586711027,0.20860522472794402,0.20985708073980333,0.15544877221739234,0.15519710060757624,0.07977040703095305,1.4444622912341026e-05
502,0.15636262012178098,0.4348580585385701,0.15616379160021138,0.4210125668646766,0.08335165131167183,0.026391026601435125,0.02662220809810476,0.15718369227531723,0.15862878589020912
503,0.23708041160832563,0.23885170016152443,0.23857851380980508,0.48457331193944087,0.03991445380324675,0.2386725146839244,0.08172427804942417,0.03958525434668935,0.23880015011119315
504,0.4383763414896498,0.5880804541662313,0.43485783518844967,0.3576265860793691,1.4663637567276797e-05,0.3632089222872508,0.09879866222062293,0.08428935197505974,0.05244441773853464
505,0.29939586558915526,0.6173076427559461,0.300262044273155,0.18217847029603762,0.18254161218196982,0.18087737374078014,0.08128742475709616,0.29824586379486,1.4681216985950328e-05
506,0.23647904248255,0.16129748092938975,0.23475631238934014,0.4372153072609268,0.1621684027140308,0.23664042867280935,0.1627535630218142,1.4533376344705796e-05,0.10135416790881595
507,0.2125410616827292,0.21325798915347194,0.21429510975320057,0.05042392803264626,0.049998311517514896,0.43574989976931283,0.21114386025229248,0.20942234830047457,0.07913534793907226
508,0.3102852390736075,0.21737490066071774,0.2080189161941235,0.21004426650260416,0.041214921787539355,0.21549976165967674,0.3111407661144668,0.04229727126194127,0.10053981585706422
509,0.31519381869248825,0.22035755037070964,0.310830408097642,0.14051184552367488,1.4075447419972875e-05,0.2193374424939767,1.4281899560862231e-05,0.14197890391679377,0.14034392109448873
510,0.0508828931695153,0.4849884035885787,0.7133397991041682,0.1607462313706147,0.15990739637890825,0.16128371060763197,1.4635534107988707e-05,0.04996335877121449,0.08052264245061161
511,0.21609277504865618,0.589222474468479,0.2196497432909866,0.19413154973616767,0.19313476229050794,0.21804065865540398,0.21967061427827836,0.08385688906696265,0.1937294482594075
512,0.4484127777028061,0.6238527305127829,0.4532954376184007,0.18103503410578134,0.18095408670737045,0.10004626116848762,0.18290617057330402,1.421196148295964e-05,1.4292652825253323e-05
513,0.17615810025859907,0.2420961780345537,0.17625731173088188,0.436128642778369,1.4506183390464481e-05,2.8445551754643503e-05,0.24593810078124526,0.17866973041362946,0.17687494168517415
514,0.32077339471044586,0.4376084805718507,0.3192623160642429,0.4211668068057423,0.05244128791190939,1.483547424213469e-05,0.09908757517213834,0.08329159368858507,0.08087966329322445
515,0.3127323762921308,0.1444951729932826,0.31127135119321114,0.4175372487698078,0.14410330116094303,0.1441914210835048,0.08479934308964218,1.4494419532652637e-05,2.8489994458369294e-05
516,0.026053041521724128,0.4370438975708525,0.31325924237959635,0.10150605969420166,0.20924511382667751,0.315745906249173,0.026681864048044124,2.8564442181727648e-05,0.21068238868409125
517,0.3574236866031664,0.4768352067574225,0.35755065581612444,1.4179711033243071e-05,1.4714695805323245e-05,0.08242093269768119,0.08198137051949128,0.4821190543937207,1.4353257238046852e-05
518,0.2904829618412816,0.5884766562889717,0.2912508351427355,0.053568430708112534,0.2920939770033323,0.07859156929958264,0.2932198975534689,0.0822825936438371,0.28817526931138143
519,0.3003937443145422,0.3077604956645902,0.30018312384583107,0.26998260195110396,0.2713418494846835,0.29938188059695325,0.3101174941951911,2.8281776609997647e-05,0.09934753353968974
520,0.3524968251819401,0.48741939475373103,0.08114461009401908,0.10813867360297641,0.10837809172521054,0.10839723130287514,0.10920392255603256,0.3565372091177068,0.09987751687713332
521,0.1285447495965028,0.4374285228772151,0.12811486884081316,0.20873947868898604,0.20911099089171287,0.12707372415595505,0.12698419711811906,0.12782756675321946,0.08362834204290359
522,0.3597598418795003,0.14403145055502364,0.3580722768927533,1.4253439388168748e-05,0.2710552381272958,0.1433645318394352,0.14452769801430626,1.4296971555485224e-05,0.269202576617619
523,0.21004491876553846,0.22048531873279523,0.20881304753555094,0.2128722071980225,0.21116325989932958,0.05259513971359143,2.8497305887185683e-05,0.2169132963974235,0.21045835841816188
524,0.01764819225778754,0.24203299237876788,0.2420191817581278,0.0793029915908874,0.01773980438020152,0.7200619562179055,1.4598311386072905e-05,0.017599890407623,0.08450740696841086
525,0.2899693631334946,0.5886695787953053,0.2911560567440295,0.5742544938623546,0.05194108980451702,0.29221915092661405,0.032887199082870446,0.0338510540366078,0.03349974121289772
526,0.4502227066481009,0.6222373344083114,0.09995298904019756,0.18133428332479165,0.1811539106039797,0.4509784698971514,0.08186726334759802,2.8632224591350437e-05,0.18097633452226167
527,0.23640304234121892,0.48949850377033166,0.2358322560652436,0.4388738210978254,0.02641355535987183,0.23677223683381535,0.02648483590151135,0.026184619271155615,0.08453051056742844
528,0.16065923432776413,0.4361270172126578,0.15900927282997027,0.20784258492102728,0.16084390501698548,0.15963448808005912,0.2093736494802709,2.879817230917388e-05,0.08008047957160648
529,0.31196889892635804,0.2170470084286852,0.025949222097454976,0.13891602890932292,0.14051270032567445,0.31266613149772504,0.02655150405071217,0.2184805784709069,0.13914460762750377
530,0.20951537864147132,0.4371793815761097,0.05260435837163225,0.21060657628743631,0.21214571952388578,0.20936781229077192,0.21140887856327392,0.07992297046596397,0.09939118396991288
531,0.3603746973577683,0.23989060666455445,0.3595975786126183,0.1201641488359968,0.12106805516467681,0.12185928205988483,0.24049672166405087,0.0832066791868879,0.12075348454427988
532,0.4328105974624314,0.29499958231503964,0.4375762631197714,0.2901260063778435,1.4880213368829175e-05,0.09936288986937444,0.2911569491953848,0.291462444649375,2.8405235975281795e-05
533,0.22784121021987577,0.615485347549089,0.22445809565327846,0.27436319901242756,0.2739650898722355,0.2227123416944542,0.22848568328786512,1.4884535287868293e-05,2.8305779571998932e-05
534,0.3566797360482381,0.1617225227275292,0.35202253237002384,0.08249956725265752,0.433561951883646,0.16321782180602795,0.1628078585741721,0.052760343088180076,1.4664846941097025e-05
535,0.31850710927545356,0.21582447513749212,0.32051432547983016,0.20927110481644443,0.21088301866065554,0.04169734082646959,0.041186026783186086,0.05230568822966323,0.21849015679907613
536,0.6200039165357055,7.429599299513794e-06,0.08385316556091728,0.4184468330117846,0.04957776733170664,0.07914300402628421,0.050412086253938906,7.4696020083971756e-06,0.05238026646183402
537,0.209179349244518,0.43624118472438395,0.20964893655440806,0.07856417934955874,0.05039233253866538,0.2086974842941027,0.4263516875687502,0.05151062778539384,0.04968580815791529
538,0.2387422936986785,0.47944086731436136,0.24036323537939044,0.23769642602908045,0.24031647106569523,0.24422609719135818,2.8546898341165068e-05,0.0994111274485164,0.07953663514035526
539,0.4362787441043259,0.04173858150288785,0.4336845931820067,0.5827479023692173,7.262389172325458e-06,0.5850248474926364,7.293335110547156e-06,0.04195677298636195,0.053383838832235284
540,0.4549062666363261,0.2067439078515612,0.45046321327256766,0.13550766174438478,0.13595743880408223,0.2055390714984832,0.13513400398568412,0.20609068910171582,0.1366115823702523
541,0.3516423518531374,0.24566710764745167,0.35455965992695737,0.22049802220167203,0.2177224869168842,0.24084073600022127,0.07957058814881579,0.05234760729301162,2.8442730548319267e-05
542,0.3215762363806229,0.10970338745103304,0.03986693448435008,0.4162102364874732,0.10968918987927846,0.10924494389757136,0.3205757785902306,0.04070382313415011,0.1100863264284187
543,0.15526707546300336,0.434896746807748,0.15581287681792688,0.20678347594885013,0.2097033858287041,0.15623028426039365,0.052388567575112635,0.15497128972438926,0.08320513095725636
544,0.20926612938563507,0.21758541306100107,0.21058161160047728,0.1428842422301156,0.14043412995100402,0.1411286694131502,0.21966927568442654,0.20853848679660994,1.475390092164819e-05
545,0.1784379439498215,0.1786565986118841,0.1782151475890792,0.24242850052027454,0.24114622793357332,2.8229925299106592e-05,0.17776810552297795,0.4810073008011188,1.4729033023636992e-05
546,0.43577157719816234,0.5912018871550269,0.43804307427892886,0.19289083113248975,0.05273099363369836,1.4500838160909744e-05,0.1942461448713189,0.07921784929873323,0.19133728995656252
547,0.8980212037293079,0.20565936112638072,0.20519370579617854,0.07887372737600817,0.5438452853780459,0.09779632750239822,0.20453030570170516,7.548436458633683e-06,7.369426340037697e-06
548,0.3539120541505709,0.24439957657900957,0.35325832796138473,0.4361037202969524,0.24362315982104515,0.05310188433652619,0.10038757171999432,0.0845312817959157,2.8476810584238823e-05
549,0.16101382932149133,0.44613678194873585,0.15887405302954768,0.2081884672979089,0.2112191396682025,0.1593575011677906,0.08186207045599854,2.849900018811638e-05,0.161124474986469
550,0.20859434593283424,0.14411105075633257,0.20847299260643096,0.21219951162649334,0.14529178728426564,0.1449796389358389,0.20867546048934324,0.20800805122135566,0.09999419677002341
551,0.20817126071911773,0.2184382957277701,0.20932482300617897,0.2090263843204354,0.2090711605556573,0.21085746763098137,0.07968251139825934,0.08254235300459062,0.2184719829080995
552,0.35871312144067174,0.4799341816695018,0.35767318234249323,0.16081832127142887,0.1613815745348536,0.04050844496764326,2.8986876710057955e-05,0.04072830334110049,0.15949974378562554
553,0.43601791610661295,0.2932015555038313,0.05231394129103825,0.2917121023258071,0.28662572120028895,0.4331106342138145,1.4902423829457091e-05,0.2963014423375273,2.8115697756659608e-05
554,0.3018092716894525,0.6222115196491826,0.30085223870656425,0.269994287142076,0.05028419679082783,0.30185035194102017,0.2738433832620142,0.05169384460226147,0.05013858154472574
555,0.17624863328844156,0.48658160110545196,0.1762125572428639,0.21706250213619324,0.21925028180908698,0.17574129657972457,0.05212236244001746,0.17789678022868025,0.08076977207836768
556,0.2135582959585984,0.14661027447157235,0.21482034323752705,0.21012349924074858,0.05332065158257998,0.2085802799844047,0.14768621816041475,0.1469706486169658,0.21216967231594974
557,0.20794263539966681,0.4387819609878584,0.20894760978329452,2.813597916187286e-05,0.41714798125497454,0.08339524114190051,0.2083545293019491,0.05266557055232616,1.4553149128670002e-05
558,0.31534307023861746,0.21684437164549258,0.3120149274814766,0.1067756705868585,0.1063097360027553,0.22050123030675786,0.10636509266475283,0.1063691548376306,2.8496532346356913e-05
559,0.23951230151922143,0.15898126079581065,0.2384074048501248,0.08286404462835265,0.48776946640256497,0.23971959602871495,0.0992847348665016,0.16025105303041512,0.1592014991620049
560,0.2906955172474263,0.5852468799419926,0.2905744962293005,0.2903117061608862,0.2903663697092149,0.050686564297635066,0.0835573394238895,0.29069238706589573,0.05070292693180992
561,0.22579294185818263,0.6224606616434957,0.2256010742062119,0.05241747201190579,0.27243174248316987,0.27245715403405424,0.2251771476980456,0.22517769405094673,0.08081845551747582
562,0.23519840497822042,0.4877289301085597,0.2368185380250838,7.379711313854949e-06,0.43682455221774336,0.2357763755593276,0.07910627074915025,7.396958499856109e-06,0.05290261587618052
563,0.31815977744353474,0.10970195672758067,0.31940361066513656,0.4204934105586905,1.4043591444948177e-05,0.10986549534135345,0.1091747304752879,1.4163096252664223e-05,0.11029464893465236
564,0.3122524122679786,0.4330541543250374,0.3135624439316922,0.14104862266150017,0.14069739956993702,0.1394464264946126,0.05175053880995406,7.423011974094923e-06,7.347902136614109e-06
565,0.20940595986862523,0.43680146927564606,0.2093666820684215,1.4164368936888237e-05,1.3937865071461073e-05,0.20879370129035132,0.4222978453706281,0.05228359893772653,1.5198986007474386e-05
566,0.2399029913859244,0.4825300291334108,0.2385534145140605,0.48149662993180536,2.860200336583853e-05,0.05321195496915595,0.23832116511039017,0.08335094323620172,0.09842898777788803
567,0.28962078707047734,0.19550221655376254,0.2915985143726664,0.1936569177333721,0.19195048811782345,0.2893546847555342,0.19464353479086796,0.19604285496611942,0.19596837087887323
568,0.8965918043597595,0.309272089332306,1.4617499785939165e-05,0.2722636799938766,0.08497007793993569,0.2738866471603021,1.389943786925669e-05,0.30900472189058403,1.4060083577680097e-05
569,0.23470031067052996,0.2441251535455399,0.23563502778046722,0.4318102371031095,0.234198953465533,0.2445320273753395,7.493956047796014e-06,2.8350998843631095e-05,7.475505281105326e-06
570,0.20959170740198763,0.43989783100205004,0.3225242048542372,0.04185716456205056,0.2078458379943611,0.31913243427060134,0.09860673029594116,0.07901399623280074,0.041741226042802455
571,0.31135012152332187,0.2187334538433386,0.3110962459927482,0.20702826034783475,0.05170136293385317,2.832389116189355e-05,0.21679465283656432,0.20769486690281092,0.10047775628437729
572,0.20907400408626564,0.21938200876072433,0.20768881236559414,0.42153494335520847,0.04212101506099161,1.4742371613710438e-05,0.04140838045096439,0.2177724770109028,0.21213389264696195
573,0.17870534354432707,0.4827022545750006,0.17922501313159056,1.5081256940973326e-05,0.478485097321069,0.17852607936697615,0.1794012669952599,0.08488056018060282,0.09876757062925581
574,0.4383475955082808,0.29589620260011973,0.43278655936047467,0.04203452134759198,0.5879592540737176,0.04221667276155372,0.07847029557967666,0.29223542177115136,0.05262360952915963
575,0.8987045508914615,0.6189594836267447,0.054077700356905976,0.1806896677140821,0.08183719395746941,0.18142442653322946,0.1809188688876517,1.4870421627245268e-05,0.08105157584919116
576,0.23569339994399718,0.2426405990269731,0.23516274601091444,0.4332226420332665,0.052309690762807476,0.08127811276789731,0.24672622380376635,2.8190504036503157e-05,0.23566872100541347
577,0.15964683133861904,0.21924042428844628,0.16039176800021085,2.8511118773167983e-05,0.4246405301517478,0.21933437069658585,0.05173580427212491,0.15972256499631826,0.16141346406976217
578,0.20696868500774399,0.21622357705721226,0.2155090724952563,0.2081587856055581,0.20967189798758923,0.2076941754739835,0.2081637926029182,0.0788830435147125,0.09812543871219653
579,0.15634442689333714,0.21847923094518157,0.15748416835542337,2.8314031866400588e-05,0.1554518054205576,0.21875722878205203,0.09938433012803007,0.1573985137665673,0.4240016958786542
580,0.18000858270606218,0.48264822018416276,0.17997650705614038,0.17826540389948853,0.10144713175587781,0.24401830530818816,0.24205732617815545,2.8396930728798398e-05,0.17948595028404216
581,0.2914827996235745,0.1947137137027453,0.29108411823652275,0.29204528009162256,0.2894176861181686,0.0991227692532716,0.1938371366199064,0.19750261338298622,0.2900085394499941
582,0.30188994843370426,0.31023323346980025,0.2984771829308392,0.27087573809229304,0.26885446345879765,0.3025199661506754,2.8437274836159787e-05,0.05289074740416289,0.3116341148690208
583,0.3522632128767638,0.488118680045426,0.3516334839726872,0.07951940124515841,0.029341232153996845,0.2173869490335625,1.4886160877471053e-05,0.21767211391062397,0.02993837785096271
584,0.13297485298612813,0.5571944888549647,0.1336040215651839,0.5758063074053881,0.13319552612413316,0.13248029108108153,0.060413210895560183,0.13363723762585042,0.13340066721977195
585,0.6221064276228027,0.05305846063169929,1.4883210007299766e-05,0.13949513218930665,0.13826984257423292,0.21674311909562555,0.07937465272705706,0.21809698498725125,0.13989498433478723
586,0.313559409044435,0.22038578515645077,0.22256062580470304,0.4262385100107941,2.820156381926146e-05,0.052360700738766815,0.31454790735885496,1.511857198210404e-05,0.098960801111715
587,0.7169225957972686,0.23987091482223788,0.09671177964052305,0.09615580297842892,0.09632480569685899,0.09713652614103192,0.09592421009932667,0.24023290231296757,0.051277209175006874
588,0.2930807860763773,0.29038876921746126,0.28947899702201424,0.28995839889154534,0.29055763040176774,0.29043930554454567,0.2923298003854686,0.050311817929828695,0.04978596876776004
589,0.3017988854002429,0.20740053424821928,0.3008389283436094,0.2719839710079085,0.2732007226038658,0.29997503988288654,0.2070859387115472,0.20761750758559913,0.09921649690846901
590,0.703571422053672,0.2456040159834334,0.1090916807604262,0.10961342127468443,0.1097193275383418,0.2416434411499109,0.09967656537430737,0.10913334340699678,0.059602736727447786
591,0.6399545505385689,0.4371278150785339,2.8370761332311753e-05,0.21082533558926964,0.20943886505413362,0.07974657791018382,0.05266252978166518,7.523019704051744e-06,7.4708038781660926e-06
592,0.15471210037174973,0.4333115038921007,0.15588783469649886,0.20715030739638424,0.2083200121945656,0.15584183943163066,0.15537393003378797,0.06042138561507667,0.10104799591863597
593,0.2091867490615553,0.14485692872504438,0.20930819733057313,0.14563521843116392,0.030280277665975713,0.03004167667250129,0.1469378294568912,0.21050833100495434,0.09915133928001693
594,0.35533079204457485,0.16102465505694177,0.358319477669821,0.16022034159902387,0.1606026820455156,0.16000960496322983,0.08051947701369216,0.16043166858999586,0.1629733179272005
595,0.434413089099933,0.28992208132472413,0.4352185320086842,0.19306349479523996,0.19559188218339843,0.10047771362670076,0.19237150151443805,0.2902651445338544,2.804781092165351e-05
596,0.44795932503001873,0.31060774309066697,0.44979529633394644,0.18147991008547612,0.30882312761911,0.18291564295411392,0.02972458207351486,0.030050429287473885,0.18318572156448412
597,0.17795357123909888,0.24076659571537146,0.1774389213563898,0.437331067311022,0.24454109601384008,0.17766177103487701,0.17752364533408904,0.029939586027077372,0.030336704736906684
598,0.21384035249181665,0.4382360197729434,0.21002010717575334,0.21233333384294803,0.2088182693364368,1.4103493418724834e-05,1.4144218097900719e-05,0.20879604415845357,1.4876365938975273e-05
599,0.20519340718695092,0.4298924077883034,0.20815808613733,2.8088477491189125e-05,0.048858314910152884,7.515797193859195e-06,7.4893867937888525e-06,0.05044501681105489,0.2089776427594083
600,0.3144836639425496,0.10994769621433141,0.3130496851644881,0.033004062447437574,0.10998262976889514,0.10874101386580041,0.03328877312156927,0.033691327762148275,0.10922858150200306
601,0.23773604693741993,0.16019715832778417,0.23646710788041356,0.48047533494018163,0.16017344485925358,0.24023984898662953,0.1621343136958293,0.10071808261775907,2.805812646280964e-05
602,0.43486877204817914,0.5824516907592598,0.4376013951179979,0.1948184872663937,2.8008062991805843e-05,0.19181031467335666,0.19396223107094723,0.08134691179891514,0.060782784995452394
603,0.300860665340135,0.3103320596059506,0.29935416606062676,0.5485896383754979,0.30922999839296583,0.026093268907823836,0.026155159117620008,0.3011051336036362,0.10083243832608366
604,0.17606383110290613,0.2411184918519709,0.17632590263457987,0.05306544545087176,2.8064087600422712e-05,0.17599668950910446,0.1768446013747147,0.05889109060295551,0.24304281479579395
605,0.3211095290634916,0.43772909450714953,0.3202137705929146,0.4192740626082615,0.06064816501656282,0.03902960584862141,0.03930418047538145,1.4289692415329434e-05,1.3999845936755338e-05
606,0.3086452671496657,0.2169744884150349,0.3122691171685986,0.1391114211415216,0.21798166414400522,0.13984575449094028,0.14009161862116387,1.507300996571565e-05,0.10054522335454255
607,0.31302378652219637,0.141053253659366,0.3136850611877296,0.1414913538633025,0.04941299331216052,0.05053560898139018,0.43937594425268983,2.838545381845042e-05,0.14088554659079047
608,0.716243480313321,0.24031973412439744,0.09899311271646188,0.24085064195428227,0.05355347183704498,0.24100639127918216,0.060000726290809235,1.5136827320216065e-05,0.2428741661672393
609,0.2911422620524072,0.2936718807620974,0.29186327881055224,0.049386103473429144,0.5784734794326364,0.29141615253648984,0.29141114630028675,0.05144885410584306,0.05027022650340179
610,0.18036469164482602,0.6255815433162245,0.17948462109087207,0.2700460415522233,0.2723324181827312,0.1799009664132692,0.18076994885974149,0.10035116516161942,0.18068771083302665
611,0.7069667851313501,0.241447325227703,1.5011503937614315e-05,0.4344654272622451,0.08093428733368847,0.24381805828975595,0.10201751879361964,0.052087498885169094,2.79963519489865e-05
612,0.320385891613443,0.21822032274799408,0.3185570705666166,0.13938050542676572,0.13841360976407,0.05956077456948802,0.22143219802732234,0.13872066287494336,0.07972470083742
613,0.36527191812670146,0.43545385693632943,0.36552254494193515,0.05961058222266406,0.07926236891993872,0.4153789477412158,2.8181282077417264e-05,0.10029254501039034,0.05294959608660418
614,0.3168295062343224,0.22105752527502429,0.31677979893667046,0.21326727567339687,7.538682920787639e-06,0.2131510385937941,7.542999747629558e-06,0.21852502823274558,0.07973218679888953
615,0.3569640463740263,0.15991896783676376,0.35651348768354774,0.1621928453767325,0.15979063836877688,0.159809421258568,0.16216793965169218,0.07913586668382114,0.1573964660173716
616,0.43783392160027335,0.2950122745295342,0.4337832086144141,0.19412492409361595,2.827762858028911e-05,0.1947302727825385,0.053013749741856124,0.19517633814023097,0.2918862019720679
617,0.17939377772798099,0.0601709293348619,0.18045414510167146,0.1802901771629275,0.18065272226071638,0.18183305816632472,0.1802592130632204,0.1793724165697264,0.18194740041414703
618,0.23393401576477124,0.24692635149010678,0.23720720020325606,0.21924333414809294,0.23581803353849884,0.2185694145167152,0.24309860782153905,1.52023950229783e-05,0.052918309139377874
619,0.2129366531219624,0.4397484945897079,0.21262155297936755,0.20946147244650953,0.20864107137668245,0.2106933664756309,0.040254174257975534,1.5181458037176093e-05,0.04022057818305824
620,0.6250564783606201,2.8106033038202347e-05,0.05178853435625343,0.2098586524883489,0.20855973951912166,0.21576047996865128,0.059753156459995516,0.21576821984267813,0.10084939570310379
621,0.20852575681647434,0.21808787454435757,0.21088227671669565,0.14018677506700936,0.14053944335299182,0.20989751720060493,0.1401757161944712,2.8159990914959234e-05,0.21860545943208579
622,0.3590806565461309,0.48079104746561807,0.3583005726580279,0.16040734109229157,0.16245273053287987,0.16107979709400208,0.10167711003305054,1.5157548429038415e-05,0.05258778028184004
623,0.29044528438052764,0.585895222939724,0.29032805974773446,0.2923239185919381,0.29300751997696284,0.02613081372475669,0.29090780269126626,0.025774029734456617,2.8250769200881056e-05
624,0.30056953797027014,0.20548943760726912,0.3014275538069316,0.5455744314832297,0.08093811902904263,2.806339270952928e-05,0.2070697811874943,0.20530111192476583,0.2995056959937263
625,0.23659901562895239,0.49049740178901485,0.23521744554394156,7.561693686603599e-06,0.059133042012256436,7.557377003589506e-06,0.2332119186622418,2.8270132448422664e-05,0.10039478819164721
626,0.3176746397413291,0.4361080553559526,0.3190851548276877,0.21025970724508508,0.2097988164743243,0.099832500300158,0.052806034748563685,0.08052944610781557,1.4962353656175854e-05
627,0.3097490677783083,0.43323539961306373,0.31029432564491594,0.13988899304488292,0.13944080671183331,0.08039956262998443,2.8174580501078472e-05,1.5483486342921174e-05,0.1405848054910466
628,0.060271640312766106,0.21872982280043285,0.6284551203621074,0.21205781862085923,0.21185531898477963,0.21901101571152554,1.5255735442168911e-05,0.050718016607896696,0.04911817965969802
629,0.2373152018118009,0.23990229330719554,0.23851885981810908,0.2429265810624906,0.2424177743670707,0.2379294706968692,0.24074863463911708,1.5217169844331533e-05,0.05229076482097525
630,0.4399275303738305,0.2938700423013232,0.43435296453010425,0.09848031788593467,1.5111166177205963e-05,0.2950056019642052,0.5799959007400163,0.05311875159945696,2.8065578760197692e-05
631,0.45306964276880557,0.3125986403883505,0.45095568184091284,0.2728545360281392,0.31141075959878156,0.059969692291862345,0.27189698956748753,0.09914608204204274,0.07978207754462836
632,0.02981614058348414,0.49114060079117855,0.35344505615676053,0.02982240137411226,0.02665387085386402,0.4386438359189084,0.02690809040902269,0.3546070057011796,0.0268184457489455
633,0.31970539187341,0.44333608257662166,0.3218980202036802,0.14013886038350026,0.025868186000613264,0.14099616157167186,0.13905136486206876,1.5242898540963118e-05,0.026657486380746914
634,0.62293862041545,0.10824902105041317,0.07949717247189426,0.20800595205715383,0.20913683030556074,0.1088610036155533,0.06051315991455866,0.10935830050701387,0.10737635133778761
635,0.12588402898063222,1.5040401630003384e-05,0.1252411464001198,0.420803357717131,0.12543986258743628,0.12555098631103162,0.1251055925661331,0.4383833947878664,0.060417925651876266
636,0.35922408693741503,0.16055362834889356,0.35542645844306825,0.16150268065903142,0.05079310288578405,0.16266511954739074,0.05025852682132049,0.05172348012342807,1.5029512728059969e-05
637,0.2193828563462675,0.29441907022709746,0.21853527380456086,0.5777586392740521,0.06084855991432951,0.21834857012876632,0.29369058977583373,2.7779066554775067e-05,0.2183885157367805
638,0.3035011809625468,0.20766934829955586,0.3010215185379023,0.2724982613644258,0.27467964521591187,0.20599765094646486,0.20520424211485466,0.07974872806318585,0.30119354184811337
639,0.3536290457270802,0.24580514924028685,0.3539826044184238,0.02647650319009593,0.24224917088381753,0.10211642535564466,0.2193328909403038,0.21784110850306607,0.02626232801277381
640,0.32030240998898407,0.4375070409027398,0.03054536705567016,0.14010607621575252,0.13971189798026326,0.13911825069710332,0.3181588848900154,0.030384030718675025,0.0518895220388752
641,0.31127444358579087,0.43160925426109764,1.5106612142141702e-05,0.1390846134469999,0.13993960363721228,0.3118238057343371,0.05220007570124157,0.05951572233609333,0.13978286106532192
642,0.16194078644876833,0.4378851075526328,0.16192433343174228,0.21219730239640786,0.2093677566317654,0.08067684195490966,0.16076216045359085,2.7941608584711803e-05,0.05218035183840464
643,0.17851108853032385,0.48031314120035634,0.17891052269397578,0.029707349235940785,0.48316555373254405,0.18000274634725744,0.030553014392662364,0.09992145963096981,0.17931545985946767
644,0.0601385897301955,0.29183235556647785,0.19425423371587255,0.19250751050509285,0.19541220057755995,0.2914650991278258,0.08036362690134208,7.591806170898078e-06,7.619200405199936e-06
645,0.44968693674083315,0.3111953073786766,0.4502789828118367,0.3309507723046996,0.3268000801112496,0.3061708444717678,2.8357658257746826e-05,0.06227769017179758,0.07869465842837196
646,0.04011654942705523,0.162531053262116,0.7062108815716317,0.1634922594182375,0.10088966264464296,0.05270412218238105,1.5299814899730794e-05,0.16358790672061718,0.040217375944392446
647,0.31999767176220145,0.14525816224578095,0.31993393829345834,0.05995256581755448,0.20947650149928743,0.1455851685390073,0.1469462692801374,0.2097761352795802,0.09891969670470435
648,0.6277194886798357,0.43402528236264015,2.827432659163616e-05,0.20958957930788238,0.06014533158658894,0.2084736696150274,0.05027125562189896,0.050138092553898186,0.08003396625444885
649,0.3132108962262704,0.4359694959688416,2.784040489009361e-05,0.14064411822292866,0.05970777420168565,0.3141551213983155,0.14146790237185383,0.14232104960439926,0.09954170818718446
650,0.1789192160411087,0.4792198114442069,0.17915966828603896,0.1622853092746761,0.16021823354914247,0.1793415801549302,0.17873178424900685,0.10076358594501522,0.1605099071327651
651,0.43694102793789535,0.19426740791978767,0.43496857410114675,0.051759680770969034,0.5855126908004572,0.058938087430821025,0.19629838469039404,0.19550152358278725,2.8005847723438556e-05
652,0.4509405786958669,0.20490751789594738,0.4512108464248282,0.13556140580872061,0.13676927946615114,0.1354526322230201,0.1355084690563527,0.2058426521055485,0.20696301968005848
653,0.23566298541197384,0.4867544818353076,0.23435487128872423,0.43180583351455526,0.06010386633280715,2.7992968026531197e-05,0.05234374463046593,0.2344317742390621,0.10106251785407996
654,0.3186757978831422,0.4421531601491156,0.05962375290949401,0.21016025295446736,0.21198229222290477,7.682352549890022e-06,0.08023788971606687,0.3195636959454326,7.680771321961904e-06
655,0.15546490501681365,0.21953698733252952,0.15542325037581617,0.06076489433317337,0.20921345949439515,0.15594858641605186,0.15540258572072468,0.2096084878120158,0.21682780242890717
656,0.2082805128272254,0.44171224164967654,0.2085094961354276,0.41853755282120475,0.20784750166281882,0.03380867353886183,0.03359873132554272,0.060238865556331,0.033142553050836625
657,0.3591106250371772,0.23949507841458664,0.3582306558266405,0.23989709292580744,0.23890244871729738,0.23931811987550725,0.030187715869050672,2.8111031544474737e-05,0.03031579358498567
658,0.2924818408730578,0.19800352600284157,0.10108871872758705,0.5773341026625349,0.29137878520945737,0.19364929257899652,0.1934030586702662,0.08198528409818462,0.2903376911997663
659,0.45060194626952,0.02950630697949164,0.45097767875396916,0.27406100284908613,0.05195803127427296,0.08070327349167043,2.8217538415567167e-05,0.27336691872730806,0.029954010948425702
660,0.23559942192555205,0.48519686369937937,0.23535388701294244,0.43859968553453804,0.04948570568917759,0.23630281145115603,1.526701708449427e-05,0.049576348075750565,2.8272517583676483e-05
661,0.3173717489767611,0.2186664278948638,0.31910860473741043,0.05163091956506312,1.5411680912117714e-05,0.20916382049169216,0.2096058322078353,0.05989646138606936,0.21761490602079617
662,0.1857401188407421,0.43145964846489926,0.18536720320229824,0.20791491876932805,0.20882424184461856,0.18649465517383154,0.18751732706342403,0.07854577867708143,0.09974053844273985
663,0.4682755373948843,0.23193872126038195,0.46827683490124683,0.2909408580055095,0.060934939933297225,0.22816700845434265,0.230960875180971,0.2887119304603379,1.5288302909744444e-05
664,0.35824828652122387,0.5931775241106875,0.35743934757181073,0.24184646020564693,2.7845287424582157e-05,0.24135299439371727,0.026341171976101346,0.07846976860935972,0.026254083177412783
665,0.16512982973738027,0.5828610640356249,0.16632858156815405,0.1652193090992204,0.2902655587529146,0.0523602441559441,0.28947058073723136,0.05986879593903058,0.166002155986422
666,0.7423629170403355,0.12474084261098108,0.05920227174455256,0.27378771646877886,0.12290981606308406,0.125078819236834,0.07944532123843959,0.12319605715550089,0.2734689718119539
667,0.23341772997405452,0.48596295899151204,1.5312828816479642e-05,0.21904149777750287,0.10201506922457693,0.2346919333562216,0.23590910498557205,0.08015311379423572,0.21900057950093976
668,1.4217535034773841e-05,0.4374140181997069,0.6431380078020025,0.2084105828308716,1.4168705339083402e-05,0.21145543244353596,0.09844151957822031,0.053083781444181403,0.07918038311303485
669,0.14319037594397302,0.14555198256466365,0.3118331449661474,7.5682528163011464e-06,7.633465275737164e-06,0.059607838077750074,0.1447360640558744,0.31214118301412686,2.7684059519514854e-05
670,0.31060735053020244,0.4385260682489077,0.04992091991324726,0.21336028107512647,0.21038844630934728,0.3167489846289768,0.0592666301613351,0.05055097967139949,0.07747151877104252
671,0.358396692055812,0.24027506566631948,0.040132246879972126,0.04011099522784671,2.7997152900794893e-05,0.3613355942807873,0.24209244140736105,0.23951451193566445,0.24285807905283555
672,0.219259442800891,0.5887066854585705,0.21718440503856593,1.5512824076270903e-05,0.2904083981128492,0.21979640316501906,0.2182423126745956,0.09896080142355987,0.28888495616946425
673,0.4512688722492901,0.617207407982654,0.08016288398583382,0.27029385086458596,0.026018794977349168,0.2734202857783639,2.7887687853879767e-05,0.4500130779839927,0.026322177529158126
674,0.23496231170938223,0.48939366003636026,0.2345597310504526,0.21752051438612294,0.22011439960213813,0.23523631636173256,1.537023611798436e-05,0.08047344553844137,0.05307181875146488
675,0.06082466248721881,0.21919452797204222,0.637273683122218,0.1400454381889569,2.8144961891361653e-05,0.14024806917323915,0.14089438746898275,0.052006677953459785,0.2211005255557656
676,0.20913413824522964,0.2149115892244627,0.20718785041602558,0.2065741051097673,0.42270683438990786,0.09995245245227594,0.2162741409195711,1.5356843086089792e-05,0.05212920405566374
677,0.3119544897253714,0.2200030108059054,0.3147504944337909,0.21333095065539578,0.05177376098244293,0.22071395842731756,0.0803480805148549,0.2116462317795054,0.06135876620323384
678,0.17908527186680673,0.24009809439809585,0.17911521326442703,0.4793312748189608,0.23915406913040044,0.08035636359449533,0.17831946130871565,0.06034891681861453,0.17820482913755245
679,0.2914788081383997,0.29212075001930393,0.29011143330369055,0.07990401907683006,0.5850099336311795,0.29123049686017516,0.052070794700792386,0.09916126384400636,0.29446013024570333
680,0.18120883959652717,0.619696486001978,0.17990953643996027,0.18069749225548398,2.7998165512351605e-05,0.1804317977972411,0.09961691231054229,0.1825137770925998,0.07805863297441779
681,0.35446155743935465,0.1637939348604537,0.34971047579166453,0.16155700452129215,0.0990219409571664,0.1630770980384362,0.05974551994726352,0.43847936588920533,0.052761776087880255
682,0.21193620020616766,0.22292582038920633,0.21267845170236097,0.14031463747209447,0.08060066132936773,0.13992236415052922,0.2189428616694751,0.14024065753058865,0.21491846256482386
683,0.20568469762929495,0.43349319529473024,0.20759848822554514,0.10505417451415903,0.10424003604600798,2.8069079017404787e-05,0.10452058294878093,0.20749129047965129,0.10492942599554982
684,0.21075782853928138,0.4383231978886692,0.2105283314225734,0.4264535791130572,0.10124667597842182,1.5715432251980748e-05,0.20954106359495325,0.04004634577870013,0.039347702847518075
685,0.179609766478787,0.15990260431526607,0.17888667922883347,0.24226413578349226,0.24420901682589344,0.1794714282771671,0.1598959667858909,0.16100602925483756,0.1803039981225508
686,0.44159592683351834,0.2922739554453041,0.43649339483626703,0.05187182962322103,0.5797378343085002,0.29223088505370376,0.07884792784175775,2.779839453277747e-05,0.06048329735722191
687,0.4505493094439474,0.6192340487936696,0.4516907598240874,0.2729377011675736,0.2719925518838979,0.01749544349881832,0.09931709239128982,0.017371861782237017,0.01751847022198061
688,0.23553598448709456,0.2452137641750384,0.2375562075233144,0.43775441980241586,0.07851833990906744,0.2456298720568576,0.2357994929108913,7.710730347332905e-06,7.731476518107324e-06
689,0.6348579669136576,0.4396041590533604,0.10394951185283301,0.1054419169512271,0.1042786397621336,0.058742837156178784,2.802596958644686e-05,0.10418248025910601,0.09953906058480526
690,0.20801304846334392,0.4322859875268325,0.20782035710673188,0.10391021509620724,0.10398261935930567,0.20734292181172967,1.5468622170071107e-05,0.10399485981099298,0.10475958924923691
691,0.0800732531216762,0.43854551155516885,0.3133335052066429,0.061491731474905276,0.13942034572601888,0.14024324761388543,0.14013462591322326,0.3129137826767929,2.7862207134404665e-05
692,0.35665004494185903,0.48058161179643616,0.35645090565729937,0.24280217244170654,0.05971473166605475,0.10076642173151877,0.05308265881515926,0.08224731125350898,0.24145577478431524
693,0.4349351405698175,0.2943264371510445,0.4344728878088218,0.5867326187701991,0.030254344696112555,0.2937781167390545,0.029418596606458534,7.661348640681976e-06,7.814785819546173e-06
694,0.22444337149823948,0.31018375475400306,0.22622627624644648,0.27308783371696116,0.2702582879428789,0.310359237717087,0.22613919248259637,1.5558072669279407e-05,0.22574382226952372
695,0.3498398663403675,0.12252148474483988,0.3531765807085749,2.778960537387504e-05,0.05862709451183405,0.12169615171399753,0.12344572668647875,0.12180875809949548,0.10092342452153426
696,0.8053643328209253,0.6157263038390279,0.1375498314643628,0.13762324723917405,0.1377963031350811,0.0784432879109437,0.13841855277536994,0.029494515841048775,0.02999812584430571
697,0.10025847728238757,0.0,0.0,0.0,0.0,0.0,0.08051456832881054,0.0,0.0
698,0.21105575825770043,0.43541752415408813,0.20925851936019987,0.2109883452219358,0.08235056737609313,0.21212752065219456,0.2094846597497881,2.845726849990814e-05,0.09932145045098162
699,0.3571693900889063,0.15962962036571762,0.35622668961691945,0.24044617099863436,0.23938216309339402,0.15954672901261538,0.09844195861401359,1.5529512658213563e-05,0.16072192511331154
700,0.4368488546215861,0.2954160535175755,0.43551650728935903,0.292209672516359,0.10099612762132269,0.2897356443707829,0.29315229270535564,0.0523969513259089,0.060673604287694825
701,0.30059279310861126,0.6212637756949355,0.30174922148705097,0.2745379689984749,0.07956805535559873,0.2722904385706027,0.0520887691807701,0.29860886600594233,0.09923097095902396
702,0.17591399090375967,0.4873910600555543,0.17754766656803536,0.146057215517685,0.1462745030724516,0.17557424308812455,0.17581335356467262,0.0532977193318144,0.14571465245640317
703,0.3923739382910633,0.5572619320424854,0.39248438481890097,0.13275140023128287,1.3943014384945233e-05,0.13256882423402966,0.13273534270160908,1.3897633812961556e-05,0.13222169286054353
704,0.2467065787631165,0.21570977930181823,0.21597815702354178,0.026070582077901583,0.025688622733490638,0.10177438100054595,2.8165015632849445e-05,0.24675620315149988,0.0610327677439244
705,0.2091383747059609,0.14710947278758676,0.21077231487766768,0.14625664762966442,0.4284843331147069,0.1462288292615628,1.5493481518441414e-05,0.08079054873027748,0.20748917097663008
706,0.35419877927741983,0.23954011639788889,0.3569094563985205,0.24106648582085632,0.2424195361219183,0.0606315469863733,0.24176030041955865,0.07993748968223671,0.09900050742404652
707,0.21919046883684623,0.5857916367319151,0.21739657651647967,0.1016700712218129,0.5784601885800017,0.21887030646457004,0.06024249979390893,0.05263824598027858,0.21905255896891496
708,0.2246697241268692,0.6196151903264259,0.22518101723711256,0.2251020889397166,0.5455315649778104,0.08024372884793181,0.10142636643571987,0.22480379652794338,1.558701474377228e-05
709,0.35456528604959314,0.24404969980459607,0.3547677726923415,0.06006944733724768,0.43116806670552826,0.05318543552277756,0.08066170416324064,1.541823529134453e-05,0.2435436871273935
710,0.21191519423692842,0.21821539455825287,0.21248835109703978,0.13957480651601006,0.07980999537151111,0.13973231053122556,0.21735932072751343,0.13998782463204115,0.21299233817097582
711,0.15705088821190202,0.15639852962951922,0.1559616954765123,0.2102421822185016,0.2103634860417321,2.774385994957911e-05,0.1566184997616822,0.43336538791936646,0.09928471970647909
712,0.6318125749616516,0.4411619673118146,0.05150373801545242,0.0806486155132918,0.1415595075585517,1.5510062957541814e-05,0.14012385644022948,0.10062492107023148,0.14152498365374924
713,0.17893216042079663,0.47894078180830113,0.1789897057894347,0.47915215642124015,2.8176185073473842e-05,0.180213260804896,0.05296208036412836,1.5601922633035183e-05,0.17905836024416505
714,0.43560643652930475,0.19530521550512314,0.4345838592917785,0.050081683094487246,0.5792309475321734,0.193904907027822,0.1950114432346326,0.050521060245074044,1.556921825990136e-05
715,0.22441571806545932,0.30571776243765786,0.2253761703819719,0.6509176421025176,0.3074396299250384,0.22372038658411472,0.22538145800114653,0.05263270411688809,0.09903140795218233
716,0.3530575598464152,0.2438756680612165,0.35301535237662945,0.43890558617032494,1.5635522534370708e-05,0.24513016149315636,0.06025613076376294,0.05192026142105368,0.0989905137420036
717,0.21090218286285609,0.4403256968532611,0.21302083936405933,0.08039467553734168,0.21136826549529092,0.21162024906130933,0.05052220126334857,0.21200587411577457,0.050612926054634286
718,1.5594052794522945e-05,0.4324096931062888,0.312872935567638,0.10544727060927545,0.10352698865546942,0.10017850611569834,0.1050839875545144,0.10446651614686674,0.3112517950113153
719,0.20990165927364388,0.1449935876186005,0.31620094739968213,0.05271880571354759,0.20843129474806837,0.31508195339678574,2.7787531805388294e-05,0.1461439272253583,0.14499066949761993
720,0.1433460382166723,0.4792405302834782,0.14351896039380393,0.48014391802339046,0.14264311004577782,0.1434238651151396,7.828982838278292e-06,0.1432158104260198,7.795310860156315e-06
721,0.29127569551441285,0.2926593316018441,0.288757138212642,0.2903819849958102,0.052028834006043405,0.29455025436474,0.08144944108066023,0.06020020051674269,0.09883703443176904
722,0.30361700943510866,0.20793397890554458,0.2994949401877135,0.5454025245498819,0.052992561490004336,0.20687554610242465,0.20740262878633306,0.3024748908294009,0.10014562712396864
723,0.2343488377922852,0.4843469758049625,0.23483753215920647,0.21728885160384231,0.026661555747834492,0.21680109624710842,0.23534684023282715,0.026094702739556632,0.0810685440801569
724,0.1462026382667348,0.1459533047867154,0.2118616193784513,0.41847146287724846,0.14671431964957785,0.060343398397319226,0.2126222075858475,1.54442641753893e-05,0.21225297025007875
725,0.20844517333099336,0.4327287323789506,0.20670712156685334,0.21052711541814711,0.20875779387001941,0.20627734621645213,0.026750389829626842,0.026128275105830767,1.5848204822383105e-05
726,0.2085308625985719,0.21717852110022579,0.09805283346200262,0.42415291607210515,0.06010418723251211,0.08102341413578772,0.2198897610848875,0.2090097518102687,0.20951060771524213
727,0.35911064768295553,0.15873149818231455,0.35682078116059734,0.24241056733104366,0.05777552403821649,0.16050348277374235,0.24072314086152838,0.05242458475602919,0.16054693653392127
728,0.43664178957291,0.5889636570102377,0.4394766558245205,0.1924245295457294,0.1922157909665416,0.19275952322388512,0.029690070445765895,0.029901072023509556,0.05222496293461964
729,0.45201073730306685,0.6176146704693087,0.45247035636361566,0.029748715641165893,0.5482401461738948,0.0522850396089446,0.09911067208124281,0.030288657191518294,2.7718957229215768e-05
730,0.23592398077496654,0.4891949012178271,0.03959245181447719,0.21769215615227414,0.21748417135265863,0.2348714209863377,0.03941382586116989,0.23641181676807413,0.05129915606582205
731,0.15884469276555205,0.2188378326202819,0.16009342539687302,0.15917486069439432,0.21853299218289535,0.4179091193026511,0.15799114686651344,2.7769345716882982e-05,0.09966120945527236
732,0.31042434359236254,0.21598391385435775,0.3105467271658871,0.10511652886764966,0.10489263429350884,0.10467456936635713,0.21603693381894828,0.08064073856225308,0.10379471303201206
733,0.6260279406618042,0.053690794266806716,1.569951712363994e-05,0.07984273682544896,0.141853358138074,0.10011588800407305,0.14073221486047102,0.1417981548231389,0.4384914326396971
734,1.573972211469951e-05,0.48055191897251553,1.4087593147805753e-05,0.24154600239254612,0.24134686102901864,0.35513767203607355,1.3925541675488799e-05,0.052267166140729654,0.35625872474052067
735,0.0799796173468767,0.5874852370244136,0.29094143556603536,0.28875400614441676,0.29256151533081615,0.289737649168938,1.542169039999171e-05,0.2909101857001239,0.05229998208721572
736,0.3674836420096461,0.15554905256707327,0.37064267549494967,0.1553201827093105,0.36906591035417496,0.1545993025559692,0.15541009941704048,0.0793366357228564,1.6049443404884293e-05
737,0.1766117475611339,0.24251769262021358,0.1767623363509664,0.257835033206435,0.2574299198247883,0.17606753823573254,0.1766539358971353,0.24403294579548876,0.06093206731804377
738,0.317128491825077,0.43686916763800393,0.3211110861194156,0.080161513762047,0.10486965152485968,0.10475278421282141,0.10430717052151518,2.813717508179752e-05,0.09954199649500109
739,0.2081480075083052,0.2142376904084889,0.20627555125204466,0.2064809609583932,0.20798292148870914,0.20677966714933316,0.05256519947403262,0.21712159511541068,0.07902651846355288
740,0.3146426218685726,0.22076502659994854,0.31731153894164627,0.21115548753953026,0.21151189241593257,0.21987584574520938,0.10051353783070767,0.040011887555171405,0.03922840756806082
741,0.35817572060848074,0.48025158623839226,0.3558790761580803,0.17849517844153442,0.17745630963805736,2.782889881419256e-05,0.059700523552219525,0.02561592911384374,0.02662441957027786
742,0.29182128017168363,0.5861663357848589,0.19465731403053407,0.19406847322678933,0.2895991510039902,1.561154944034432e-05,0.28823797533237844,0.0805256673585571,0.1930913029239726
743,0.3014281586163396,0.6172671158356235,0.3013301506313659,0.5429012853770326,7.719269908079829e-06,0.299988482474767,0.07900517320413437,0.09838450793011422,7.828728226019104e-06
744,0.23425054231691675,0.24483725264977457,0.2360007747210998,0.43565525644812036,1.577833947402999e-05,0.08010726813825833,0.24554300903781243,0.23681322465429214,0.09984058872008283
745,0.15990537392811816,0.4397205450880212,0.15999085558020593,0.21033619217844518,0.21086606371956865,0.15748325966295715,0.16085785208550193,0.10046007635686907,1.5837862836538726e-05
746,0.3120269534376914,0.14465786500662192,0.30970707660269814,0.1406290762194866,0.13940387846752356,0.14380185250228533,0.13866603362132368,0.14282449035393427,0.06099772750841843
747,0.31487027515873306,0.18147770940672345,0.18003133673174324,0.21077281953591728,0.21273133285548648,0.05992905172823078,0.18273648038555493,0.05321903330997075,0.3139557754328815
748,0.7149843834980752,0.23930438115211994,0.10030989625189018,0.11912867965564133,0.1197312768009246,0.12216118133565274,2.793391668915351e-05,0.12150090546143424,0.24083586060182502
749,0.4374946670299058,0.29099003856779165,0.4372911044950319,0.5823747749493408,7.773174803060019e-06,0.09884273282826628,7.885227652127374e-06,0.2957115903205701,0.062390789038312564
750,0.22668263620140608,0.6174293514102174,0.2240257160817454,0.5421743772177011,0.06237833825463378,0.22645594177438158,0.049851034665194464,0.22513160376868646,0.050314332098133636
751,0.3501461523792957,0.243710235427841,0.35457269093018917,0.22011936114370462,0.2181748053007027,0.016992380489562742,0.017319825170932095,0.017506673466707114,0.24524788004252032
752,0.21310385339134866,0.21730057481976214,0.2124261896708254,0.21046729256202149,0.20954748406597215,0.2196646782321233,0.21453099447789636,0.08125538131830247,1.5812886692019288e-05
753,0.12555107256069067,0.430173084178266,0.12418298781328833,0.20874054888088214,0.2099966748134683,0.12473428375348121,0.0612937143678305,0.12493982903577287,0.124634395661066
754,0.100840208659123,2.7836723920138975e-05,0.31488396696146587,0.13944730310487571,0.14037566245039831,0.14055035326843632,0.08172897474657713,0.3168103852570685,0.05978817125879129
755,0.7190577764164173,0.1588611286906999,0.0301859726821013,0.030112542981102986,0.09984452251244914,0.16060283933378186,0.1602301489789452,0.05241617297983627,2.7861339643240615e-05
756,0.2896535014114667,0.5843308869763065,0.2937223592325496,7.990827424548933e-06,7.86712872487736e-06,0.2902193182517861,0.2896502157155814,0.08035605335411387,0.2916981802795907
757,0.22722935334494074,7.857687980694908e-06,0.2247828000119841,0.5408253570543999,7.8844882344456e-06,0.2255259065717479,0.2274342153100586,0.059408104231538715,0.6165690818547832
758,0.35234779846184766,0.4854523108724192,1.5671137806676392e-05,0.060156496566374486,0.14395644601772764,0.14693546284094822,0.14577105134953128,0.3537450980520285,0.08289744708514843
759,0.1389718872523283,0.10953846491740737,0.10973809812267431,0.13875403998627078,0.14068069835427996,0.08033310408722873,0.10982112326516272,0.10994135513505722,0.6350090028624203
760,0.31192345541714894,0.21592166175454547,0.3120904723862497,0.20960426115203973,0.20991891721676612,0.2166890118664489,0.09959372460696445,1.585742374810896e-05,0.05299357356390386
761,0.14284730250636998,0.4342364244322701,2.78777857454818e-05,0.13896382059339218,0.14074171198613186,0.099133523568321,0.3126651019090203,0.31276994413599585,1.5913147319992643e-05
762,0.2376132809050362,0.2400332609236713,0.23635768163689574,0.2390756123974163,0.4834735755838082,0.2361850782406001,0.07849252739985145,0.05866186945889655,2.7347842756441074e-05
763,0.4346254344978945,0.5831815193357442,0.43201586850370216,0.0173502378557915,1.5938590416748294e-05,0.030053844641526124,0.017938209940975506,0.029583115535222308,0.01780091304849483
764,0.4475811069209715,0.2072964395871945,0.4479086696559322,0.27309391577535547,0.2708824286048138,0.20789404365260156,2.7399169342383113e-05,1.570675242277521e-05,0.2063989111901128
765,0.23521250757747988,0.4830801786942414,0.2362614405077004,0.5298009041642304,0.07679296113348247,0.23537368173526818,1.57138889447206e-05,0.06070442901007704,0.1003067027041541
766,0.1603288386497587,0.4399304680296127,0.15963390846608058,0.15866943182175852,0.21124689962097998,0.21049028504019315,0.06129421826843162,1.6072634084181687e-05,0.15905554345898526
767,0.12396175790498994,0.12487212203187367,0.12409221535924635,0.12410651576869436,0.07919315058704192,0.12388340281478546,0.4163770301592955,7.909196788431814e-06,7.940982774617126e-06
768,0.15717171669596286,0.21941475572710795,0.1560092667101566,0.14053917519565384,0.1423389107546011,0.2199365095004222,0.15632470388115244,0.15602445707426923,0.1411230312445363
769,0.3557628509441031,0.23895566959369885,0.35664240124434077,0.24200740456917572,0.07997860052540344,2.8220500228413732e-05,0.24296365606009745,1.591095181922529e-05,0.23830882249189714
770,0.28754921279607276,0.294830435176056,0.29131359820299135,0.5862643514242092,0.09810544602749029,7.893838535908138e-06,0.2968994916567219,7.912387264447124e-06,0.291952234613338
771,0.44874306213985576,0.30840458604328347,0.13588890664740172,0.1350761887986467,0.3107725903932677,0.1355271924065528,0.13727079254806665,0.44980766405940176,1.602873633433812e-05
772,0.17636684493384314,0.17695774296754466,0.1749773652542384,0.43254184730686723,0.05129163119618234,0.48774633995490424,0.049687966804091474,0.049281336823807045,0.1775848589025076
773,0.2123613893075166,0.1084973883554983,0.21285627839401697,0.10938043320964459,0.09753994014041528,0.10975775851150098,0.21385155001126777,0.10861739646397998,2.724115211512503e-05
774,0.3083115336142237,0.14432374349257665,0.31138084098393426,0.20786128570337556,1.5758789124324493e-05,0.05384076939517379,0.1444319929511851,0.21128676645294706,0.14366304859071902
775,0.31340869852519165,0.21705183969090722,0.31304899054176727,0.4205052118073156,1.5867863569162765e-05,0.21865891797321238,0.07999815182208432,0.05138389000359916,2.7536760484568695e-05
776,0.1429721993453794,0.4793214166801039,0.14311945323461,0.2420008794642484,0.24535127343901664,0.1425718561771344,0.14250353536423016,0.14313236405637833,1.5695631337153385e-05
777,0.2895019145109671,0.2902974561811486,0.2908540864082971,0.19190624618445282,0.1949630540285592,0.09926586689776258,0.060780154342463484,0.19516127149519316,0.08111312925660225
778,0.13640077575083875,0.6254924006344728,0.8997694455688406,0.13485234563720616,0.13540376827174397,0.03969047930657917,0.1374998332398817,0.04045215742353037,0.09738164830709883
779,0.35405329078310405,0.24608690234428943,0.3559005301302371,0.06095952287987857,0.2163761515947862,0.21784145076503292,0.05224062811741218,0.09987267634262025,0.24391016108011382
780,0.3201841008192243,0.10988113883799834,0.321105921403233,0.2116253650859183,0.21079630076718955,0.10882554025448615,0.10938323995880467,2.7968765766009153e-05,0.1102356947113749
781,0.3131298664611497,0.42515985909489656,0.040403504334327905,0.040930552512079756,0.21019060572676873,0.31118214672197614,2.768529156866314e-05,0.2096804671955722,1.5864667957832735e-05
782,0.15785001405117122,0.4351854989618158,0.15660460185934366,0.21293608234014427,0.20988354059669634,0.15661262904758197,1.5920312178275143e-05,2.7821366636093017e-05,0.156665278006355
783,0.23773886756848586,0.23936342925365672,0.10169311607112963,0.162595005444164,0.1619921443383822,0.16060819837000148,0.23820756905465304,0.23945471387845577,0.24093246989890726
784,0.4375319724240998,0.29448646767999004,0.4343839853132169,0.020148523827074254,1.5814989072563564e-05,0.01986255807455364,0.09646999808583691,0.29309899508856213,0.020123572680301068
785,0.29886762957794605,0.3107925581280832,0.29938350148300785,0.18168013808016067,0.3001449635736874,0.31159456170635114,0.18071521088784784,0.1836063139143248,0.052745793005718224
786,0.35597498292387825,0.4856385214592759,0.14537430112342337,0.05947048920690925,0.14508810724681245,0.35236215792187764,0.04083103752560211,0.040565911109447454,0.14686377553667648
787,0.21537637999799272,0.1475122023050365,0.21297159786577793,0.21111758057940144,0.21168897382631055,0.21358478361949249,0.14605903170046025,2.7363411012631846e-05,0.1473888945163824
788,0.20703376120176686,0.21535941791162524,0.20777938813077287,0.41562769135508654,0.09850596766608917,0.2147911375651841,0.2073506532135954,2.7669851520676598e-05,1.5803018423595915e-05
789,0.31365142865626144,0.44237863734470534,0.31452420651083496,0.21369018229503964,0.05387332232644676,0.20921335915109354,0.030012461502104515,1.6125943049029054e-05,0.029896842598973315
790,0.35497696613052,0.23903802028735005,0.23861090896575757,0.23893346129463905,0.24230153857625233,0.3572600174144118,0.02645621075541476,2.7395691895073056e-05,0.025913551697541136
791,0.2897697914349333,0.5854595739181714,0.28882949808560604,0.05292253290745927,0.03342140675478726,0.29212626662443286,0.5818174000544081,0.03313829482258223,0.033178538426981964
792,0.298709724382768,0.6235187635170127,0.30027849382695243,0.1817671396230054,0.18158743231168842,0.29969224951985174,0.18343215088625286,0.06047872063024043,2.790018186322367e-05
793,0.13433758826838665,0.24526891599822476,0.13378725825791576,0.1694833231016768,0.17257129563451679,0.13386149302577965,0.13377313453174822,0.24677877168137527,1.6033420399930444e-05
794,0.32102377510536534,0.21831467286868597,0.3192864450963905,0.10468506521759914,0.1047163368457159,0.2218072409984534,0.10427798710518446,0.07846369712041082,0.10412746516234693
795,0.15592674978235943,0.4331427803367299,0.15497999462587067,0.15679038268934384,0.42107657133802323,0.050993400743388616,0.050038099742810725,0.155279079046828,0.07997300868326025
796,0.2095032054293088,0.14461356497261116,0.20915871732071156,0.21011279885999076,0.1461023420597091,0.21142604390431208,0.14619133563179115,0.20971258325001663,1.5818114678111835e-05
797,0.3571080277835103,0.47995110391368984,0.3557756331917671,0.02639588943315198,0.4869064392779631,0.026122392938102416,2.7486576624620035e-05,1.582095579473746e-05,0.10064877084640331
798,0.4300265141286581,0.19368847136412895,0.4327874028384513,0.19116507359485888,0.19354580797657886,0.1964438788477347,1.5877373530790497e-05,0.19697586981437978,0.1920298407189759
799,0.4518652246967827,0.0402614842208182,0.4492229058968833,0.18162124354079934,0.18184251241549557,0.18302578429428254,0.04018114415763972,0.09932445111701514,1.5981480192212235e-05
800,0.17580361747414838,0.48933699271634706,0.17524779472216306,0.22046883069268894,0.21694510371714915,0.17588157913433675,0.1776297657579401,0.0796804423354928,0.05229652653146847
801,0.3203964102171873,0.2208871623220855,0.32066062069235524,0.1405976977551834,0.13984270231926257,0.0800818382353553,0.21828010210539933,0.14066537146747635,2.7502914006049867e-05
802,0.3106806457170164,0.025944177334825885,0.312256212025823,0.20822967180287916,0.029527351511275612,0.43015210346695704,0.21203822204980485,0.02592618500148365,0.02996516201232481
803,0.31397419129319837,0.14628161536875892,0.3140141559116312,0.21263644290096578,0.21103147896147145,0.14580245558877103,0.030793472341090544,0.14646999657685147,0.03050553320294717
804,0.3602009509166419,0.47988880460842687,0.3566669129159465,0.48656643049431353,1.60611132261911e-05,1.3703812971468247e-05,0.05228846952462755,1.3738291410570484e-05,0.09957587186232698
805,0.4388993093959791,0.05230568864158463,0.43321727294189954,0.5776178816040515,7.985468961999798e-06,7.977296598892092e-06,0.1000572707251651,0.060716168047904515,0.5811040474650889
806,0.22527101245681788,0.20821389384356792,0.2243290731415983,0.5396896135443275,0.22775420443879826,0.20562463356339825,0.22526820359440458,0.05896991194423753,0.20764133998024892
807,0.17751706974673215,0.2442986266364331,0.17560557509750158,0.06003408167017105,0.17663813980001428,0.17653520083832638,0.2446552778811356,2.7197221586357506e-05,0.05235740298515009
808,2.785847617557158e-05,0.14650866961250278,0.3186867696563364,0.14067197622719377,0.14604874728233108,0.14112978979025947,0.1393768949556441,0.14604533637503683,0.3163112572837953
809,0.31111710379509244,0.14520778975732043,0.31254077075926945,0.2124579662123208,0.2103332824228062,0.1450139445248942,0.1439911286243892,2.7481758447536848e-05,0.0603691479840197
810,0.15766464399101401,0.4354566266946532,0.157177514783685,1.6160083451222333e-05,0.20924033736825123,0.15727537092699717,0.15786863250631775,0.21210154159097547,2.7576786496587433e-05
811,0.7165150039088909,0.16037968519864498,0.16000283179924848,0.16204010276087813,0.16104077481020523,0.15953294931400164,2.7717120957957726e-05,0.07843181813339574,0.15843908449667402
812,0.437659756561547,0.57890621197389,0.4353120469742349,0.19191068285814894,0.051834539311156405,0.06010651508715047,1.603029471021769e-05,0.19239454535672032,0.19342144567108818
813,0.3027958734984637,0.6196253844035723,0.3012547709556078,0.2691082302118619,0.2751406729066127,0.09981603826141776,0.07979763403768285,0.30207197578725414,2.763045876686768e-05
814,0.1759449240904564,0.24508576142567617,0.17509831628513675,0.21609577432351662,0.05308817959559874,0.17580333407986506,0.21810766610167498,0.17602033844348713,0.24459353480214033
815,0.21392433386996865,0.14612236409744325,0.21352882960031783,0.4213902760427052,0.2106344119207717,0.14647538715530037,0.06069252218235223,0.051955871258657874,0.14542590159473653
816,0.310529238253183,0.2175039017828543,0.31130671538488386,0.4233429489568055,2.7522634421623385e-05,0.07904930455241536,0.05043287584653029,0.04971116172264589,0.21664035946573854
817,0.315490344439441,0.21835262387576518,0.31538805063030884,0.10557992555436067,0.10513055564919858,0.10545174216218339,0.05286415128153784,0.219696864025131,0.10621988548284562
818,0.17886756602822337,0.47860404085485553,0.17912902786268287,0.24334207112578526,0.24246762717868015,0.1781547695950074,0.17842980051806978,1.3657718170611203e-05,1.3567739624543549e-05
819,0.43406490534479947,0.2924280817167132,0.4331463935097946,0.57589030666608,0.029935901773863086,0.052084285027033765,0.29181540967569897,0.03071400655201814,1.5889856005907514e-05
820,0.30178956843074795,0.2461074327429276,0.2996487300838118,2.7731273295704507e-05,0.06098631935392007,0.24480602296011486,0.5434527460051356,0.08129079422972371,0.2987058517933476
821,0.17468679020036543,0.49198554466170447,0.17668470817479118,0.14570130951144886,0.14388194543400076,0.17722242109231676,0.14440084473697742,0.17706833938740418,0.0991041985145001
822,0.3188515290783214,0.1457771594346103,0.3198683837911975,0.07866960067537357,0.09954577113029825,0.14661197091232595,0.14676047527871194,2.738462781850261e-05,0.0599776845985164
823,0.3100850095775539,0.43211134128799616,0.3126811113526148,0.13872678285461337,0.13829671688175746,0.14065858350190344,0.07968434770822089,0.05256512698035562,1.6100710730005653e-05
824,0.1261068497082893,0.4378459775741405,0.12631445647669187,0.4180014059983435,0.12488576876100936,0.1259895936465945,0.12594244374810262,7.967996125458173e-06,8.092055802730509e-06
825,0.3606333299929109,0.47668900492029465,0.3557678861864751,0.16260090231526234,0.16118905182636403,0.09907900692850129,0.16282827211809897,0.05952868252892964,2.750273059204625e-05
826,0.43602641877827275,0.194027307418468,0.43584398742522146,0.2884067941580873,0.2875563626797297,0.19736317960251804,0.060041048955375834,0.09949664639161193,0.19559997826222295
827,0.29950277902979483,0.6202306568930438,0.3014562753776791,0.2707588424883201,0.2746806158349661,0.0602368935612514,1.3823417206539921e-05,0.3025997146596917,1.3755228450335952e-05
828,0.35416518635780286,0.24351419500531,0.3525062752369184,0.4331912372221926,0.060271170381102766,2.7520588089869985e-05,8.0949589661086e-06,8.122017255875227e-06,0.2436745897447377
829,0.3169554811574734,0.4449439925844002,0.31735830238255236,0.1388396255209823,0.13892881313802832,8.10076013577912e-06,0.1003109265321873,8.08354077931384e-06,0.1410211292169989
830,0.31133769698603814,0.21530345740517434,0.31374151329041544,0.14070573414863127,0.1393609409501181,0.13879084719491222,0.21423399938084908,0.07995804152069445,0.06057428475973861
831,0.15670234543976147,0.21940921969131383,0.15696662365409034,0.4199342575024017,0.025858299502151478,0.1574248562936527,0.025934202861821413,0.21886391563555513,0.15624171110946786
832,0.23921913576446233,0.47920498609012996,0.23763521630504358,0.12069748065142535,0.12083912570404982,0.079704866521989,0.2392803090643453,0.12021517533245638,0.12060709368044985
833,0.29209841665468644,0.2935208608483932,0.2923294536301183,0.2932230298891128,8.085462488740318e-06,0.2934769982074683,0.2901048524672487,0.2886394259737001,8.19126594578357e-06
834,0.4491801862344173,0.20793421244004384,0.44653424980225803,0.5428739799045478,0.03995536418907693,0.20583261040996173,0.2062059421818838,0.061524304743049596,0.03999407954128036
835,0.14055458650887973,0.14126730410809796,0.14185949936276135,2.737505804229452e-05,0.060623592388294054,0.14229153282277035,0.4347100230383305,0.07979844466964721,0.14086228526084965
836,0.3177212749155761,0.4415607893057487,0.3208756663208765,0.14074216726457286,0.09962696347904781,0.1394152748747826,0.13993781245600723,2.7334121891186665e-05,1.6181598042949895e-05
837,0.12406152468509686,0.4359164368861224,0.12530843902794112,2.7602265425669915e-05,0.1249077347939294,0.05206087305431794,0.07998513461775046,0.12418269139145714,0.12434878247460868
838,0.21062155227277904,0.21966198204145335,0.20916114342313083,0.21322387106949073,0.21291751160846795,0.21948635138438127,0.2091068103511546,0.07867595509743264,0.10153593308789333
839,0.3534570988855969,0.23966271193307917,0.35935440309553346,0.2425799616499934,0.24133026041828162,0.05070157147520689,0.04880559363426838,0.0800657904885438,0.2414664241244037
840,0.2897120587204892,0.1943223776607719,0.29163413696698753,0.2914280976827882,0.288448191809688,0.19482706266851071,0.19475811313874028,0.08155247549905514,0.29069457549124844
841,0.30173381679094785,0.6136409600661297,0.3004194886822456,0.18228130798072814,0.1824516865087659,0.29864549813106456,0.06023896540081967,0.052470345226118514,0.18316529602506823
842,0.17627241512740716,0.48771916212769656,0.176060586510307,0.21655251558999913,0.21517805237469753,0.17636619410911453,0.17687999235707502,0.059771894621361656,0.09998598689118261
843,0.3148613236117626,0.4381799554212857,0.3205138002633728,0.05231996146031288,0.13954745903591279,0.13935750268253252,0.14025252380464628,1.6291428842166676e-05,0.0796890316993596
844,0.20614936825244126,2.7628221218952506e-05,0.20795547343380605,0.42277650977601006,1.6210971468491157e-05,0.43288584413639347,0.02602896379115686,0.20871323161851343,0.02634124399444694
845,0.31263986620102574,0.21976318145587426,0.3138021105820914,0.10002103698139711,0.42204870812346557,0.21752969017508017,2.730913029576051e-05,1.607122519057386e-05,0.06100189001377343
846,0.2390800638157796,0.23653422460545973,0.23628762804823136,0.2381791448965426,0.483571430471154,0.24161082192204392,1.6034026023973564e-05,0.08141236003016679,0.05245505110412537
847,0.2927015950923361,2.7424191002126527e-05,0.2898338530246733,0.2886358954162769,0.28909856248157834,0.29052171799037824,0.5846718101422229,1.5939430574594328e-05,0.10114609254117342
848,0.44888944303084755,0.20514215016754123,0.4523404299419939,0.5449788036476778,0.10031016329273781,0.20751682576297945,0.20699789172571526,0.07937180984629007,0.0514294763809899
849,0.23564096494173795,0.48845501910171346,0.23578344208676502,0.21942071577697864,0.21614509999388862,0.05941632403008113,0.07830305225842397,0.23582671075563919,0.05101407776786226
850,0.16047412269478054,0.15812490398699836,0.05193175666151578,0.1381771087325265,0.14005569032617005,0.1592622376974544,0.15965479208815345,0.1405180837140668,0.06078229349994579
851,0.31101578873575736,0.14508214518131726,0.3113837665514159,0.059521296376971886,0.20824734468448894,0.07942332708961491,0.14411941234085332,0.14348308567122567,0.20937287371074692
852,0.31470121113491145,0.1404064891103439,0.31271517767044843,0.0525203304621472,0.10091523473404797,0.14249933694630693,0.14092306548644729,0.060866625554682766,0.07912766795051067
853,0.35917345259692246,0.24249293039002992,0.3572858296483122,0.24128951490948977,0.2411207943992719,0.24121623473686388,0.09901177623320015,1.6285897023678824e-05,2.7745096208388298e-05
854,0.21707820772823666,0.5831635460324758,0.21893720508493103,0.5745250367362338,2.7104140590726462e-05,0.21760797658823797,0.05913189775954961,0.052225674868414784,0.21886417830660249
855,0.2994813846375609,0.20438201171068515,0.3009617378509423,0.05206363321320104,0.5466934002652994,0.20745166101075974,0.30322135203894923,0.20826922569882875,0.08153419823569902
856,0.3511076242459027,0.1211027402216389,0.06119424775510666,0.4370247839428331,1.6100510216617004e-05,0.3495117388291913,0.12224427408319892,0.12220183415126556,0.12190602931175491
857,0.15888401852337858,0.4375078276045184,0.15914550138339134,0.10409680222911982,0.10568111800543899,0.15894139363573073,0.10475451963331146,0.16005938070757145,0.10614922313271508
858,0.20811526432608818,0.14316352584413197,0.20773730408892954,0.21109458728591612,0.20738067446662145,0.05273312200903293,0.2061172072684941,0.14447804815825574,0.14402894138355607
859,2.7587601907479427e-05,0.14614041514655907,0.21232680005789298,1.6168222997918523e-05,0.14598244477778174,0.21300345096550868,0.07902605443933963,0.14528072855332463,0.05982259756869604
860,0.35564805401506855,0.15999205192576685,0.3589376346965094,0.24236443189727952,0.24242769305565537,0.1605523200114937,0.052789786876828095,0.09946481847689816,0.1583420629939807
861,0.2889102092560817,0.5837310166711752,0.29207158109684755,0.2898911657738598,0.2884718376565894,0.09998499514640889,2.7472582036090816e-05,0.28973144196344713,0.060772275319605766
862,8.221251323445434e-06,9.022589838577968e-06,0.9078505160932859,0.272425362085543,0.08116250994196453,9.037907713099818e-06,8.068639853070665e-06,8.99773235314605e-06,0.27242783766574585
863,0.23609551123204628,0.10854346197876664,0.23384460260051043,0.1090492126595319,0.10953497305965876,8.276238520534687e-06,0.23487808233962512,0.10921344463498352,8.087069737671115e-06
864,0.21318268834505014,0.4361709734213232,0.21285143326899203,0.13928524335907722,0.14087576055652104,0.21097058700316548,0.10023619541826607,0.13927210851571767,1.632096618892257e-05
865,0.20613584262508952,1.6338736806456696e-05,0.2076083605762299,0.1395700761556908,0.14031506499170865,0.1398524262347816,0.21761587920284442,0.20736864672698999,0.21786522832023225
866,0.20857992382621585,0.21778875402742237,0.20954772776499056,0.21214869739867265,0.2192889280836636,0.20885934466703196,0.21133024467859082,2.7232266787483374e-05,0.060148977867972124
867,0.35759877455042266,0.16029819851954122,0.35759361361372105,0.24177842326766463,0.24395821019716282,0.1610302227170697,0.06005758228670208,0.16105362827452702,0.09851413145718016
868,0.29351106745511907,0.5813854746658108,0.29323808807209856,0.2890269150812876,0.29035913401520924,0.08015543949986027,0.28911068754800656,0.05192231684659191,2.7309016274831067e-05
869,0.9022656638469014,0.31119749465392066,0.0495186959689323,0.2741649868476803,0.27295335995699627,0.0594131151932535,0.3102200330552254,0.05197436418853302,0.050511400253439816
870,0.23471019547165003,0.49113792568557596,0.059231484880482674,0.14435526619335243,0.1461584575365173,0.23642547501780944,0.08030274088169038,0.23419362585787595,0.1442853005733146
871,0.16126530346240925,0.4370524618708321,0.16032347256684185,0.1394685917515968,0.13838010685853794,0.1404106774061484,0.15885624919037755,0.060049878216802466,0.15961042752183618
872,0.31053907889479115,0.2160459399031941,0.3128442417527975,0.1406672637598974,0.13951560959671955,0.2159242453892085,0.14164620153946256,0.0800259092449035,0.05363246046156656
873,0.31425527653355695,0.1450212698896869,1.6485229299368923e-05,0.21169742708881656,0.2105749762373906,0.31431933504880366,0.14676241613803206,0.08159563535756907,0.1467929779469542
874,0.17665883742386593,1.3610286262217911e-05,0.17901270244329984,0.24280019103220063,0.2425961477753985,0.17946319983215642,0.051540962545320486,1.3688464597693305e-05,0.1786025004722245
875,0.2188966654870421,0.5888955270825531,0.21892837661549586,0.06008369985161336,0.21968144902170422,0.048966392769223474,0.05001870409093639,0.217203127665139,0.0808914402182762
876,0.22591232254416968,0.310475129788402,0.22643108594525058,0.5424639144616931,0.052612287588202473,0.3115894405838546,0.22718086602943632,0.08100723485874642,0.22626441793904598
877,0.3541594976371743,0.24445681977503497,0.3527159649661035,0.21820701604805445,0.21849799785697824,0.24256033150122655,2.7273632061160133e-05,0.060708396295357854,0.0982791519441742
878,0.21275834607919378,0.4395362097927096,5.4290194858813e-06,5.43985458641086e-06,0.21594013898557426,0.21102564963058282,5.4018350771382194e-06,2.7259814633798353e-05,0.0783357745176277
879,0.30917541012656397,0.026475956239854482,0.3131440276329185,0.13870332736317328,0.06088095483885076,0.14025734928336495,0.13996106875473546,0.02610863746824921,0.10107101256305766
880,0.21097668972724407,0.21834067605537122,0.20938183248379308,0.14093388295943163,0.14210147066695153,0.21769177762435463,0.060214349355512266,0.20901622924079763,0.13933350132999842
881,0.35963491995815156,0.24029146275241092,0.35741543731604547,0.24085236963743192,0.24242675066097627,0.051703878034184414,0.23912614311453764,0.06017010134896159,0.10127203082467344
882,0.2900668816374986,0.06063413678335457,0.2940724158841917,0.19398494395576524,0.19177573231979764,0.2877523141092891,0.07929542208572196,0.584627604215742,0.19495038806190199
883,0.18007903618072116,0.6205077157329607,0.18089124967950898,0.5437208007988784,0.05300160575283326,0.18154419308005204,0.17993793562053037,1.637652007331924e-05,0.17845758016226454
884,0.17733069219977807,0.16289783957243895,0.17566447152247788,2.7229730499517213e-05,0.17551799412118657,0.16242502290422473,0.16225100373435083,0.10031839679177086,0.176565136182921
885,0.3187044204564451,0.21840143174053114,0.31962373030285157,0.2114319434291488,0.2179929734087697,0.08096408445458264,0.025763402418538427,0.02657473185914587,0.2096902894529656
886,0.20739829872496632,0.21636335364297613,0.20792514964472808,0.20943908400641972,0.21689807104538886,0.21095992881648903,0.2085460514899497,1.6526630784684205e-05,0.07977812082994788
887,0.25941713600624017,0.21922752031213988,0.2612848232912979,0.08016473830415503,0.5581840932631567,0.25908569716119306,0.09958266721562783,0.059004235645472275,0.21858729931842255
888,0.2745671447169143,0.24181616033136044,0.15929798565872558,0.16039591671010348,0.1589696578796941,0.2739072336005339,0.274463938814779,0.09975423149750066,0.24083306971609356
889,0.43975101915178205,0.1943346910877649,0.4389584165816522,0.5860140294756994,0.0497149275712665,0.19486402230855102,0.1971457652584617,0.059533815626502035,0.05008829497058091
890,0.3518125002240874,0.3103915598521697,0.351284815368249,0.1828102970344979,0.18228166734721307,0.029609545516707546,0.030159879302933262,0.18155858435064012,0.3087220784654764
891,0.35541912484164745,0.4839280357711567,0.3533353622205717,0.08024627814482925,0.1442931582584869,0.14316280580946297,0.14580667329285782,0.05246048920942006,1.6449960306249977e-05
892,0.15975549775285644,0.443699482695347,0.1612666962177365,0.21096288208595756,0.21099027397656697,0.16087024038686945,0.15949719613795402,1.645086798984738e-05,0.10187444677522517
893,0.2072715100594614,0.2177228064547172,0.2097428978146788,0.21658221983067535,0.04059984045135961,1.3687733646800038e-05,0.039609163862235855,1.3757515912456042e-05,0.2077265020622929
894,0.315152591367381,0.43553568017263733,0.31409219575957537,0.2112863233648839,0.21296178266873572,8.332243520222288e-06,2.7555061321270327e-05,0.05932789501536627,8.208352693949733e-06
895,0.7191638155821187,0.241848881362641,0.10146085523572215,0.2416553532815297,0.24017872544760482,0.238803966851982,1.652004774176677e-05,0.08035981503470863,0.0515832535047904
896,0.2173148061818245,0.2922886526301478,0.2184652478599439,0.29174015606513015,0.28818557877455786,0.2198673013265347,0.2951598404912854,0.060284235132536515,0.21972898521578718
897,0.22453922254519484,0.31365863733125476,0.22605689407106247,0.22386617641404544,0.27316992279577823,0.30886373335250206,0.09960137180985597,0.2720320342741912,0.22556488023296026
898,0.2357926316112666,0.24522371046994126,0.2352103686292041,0.05010689410503093,0.4312816476555381,0.04928640104499165,0.23615245157474893,0.2428710479508441,2.7127575520115363e-05
899,0.321172070489788,0.21783189193286695,0.31954151300399547,0.08107447010437267,0.20939008844642829,0.21949924545419094,0.20775984229183592,0.0521431431962954,1.6363054986451325e-05
900,0.3104720447332088,0.2174233388946846,0.3087610359151442,0.08445893610398442,0.08340886192067881,0.08444021202742336,0.21771849977250632,0.08375331726672892,0.08408918435861654
901,0.3146034475244688,0.43625411371508566,0.08171949957266436,0.42423049946886243,0.061684831423077506,0.3135502744416755,0.026364478990517474,0.026215368920937124,1.6418646166199125e-05
902,0.17790425258910114,0.4796819472420747,0.17964267290708225,0.2439873898904451,0.24129468614374974,0.17814579079895349,0.1775282225911084,0.05258297292080522,0.10006499114218968
903,0.28924790168757464,0.29274954352212534,0.2898658883769065,0.05281486469260319,0.28872357807329124,0.29282018899185513,0.2925883521539049,0.08090296461084695,0.2896496113146247
904,0.451963421703235,0.15576306775672513,0.4542180751961734,0.18175634955829942,0.18205674381764203,0.15504332025958112,0.15483165507313787,0.15367329371270547,0.17919221349405756
905,0.354751126415883,0.24361681841961383,0.1002966081727739,0.21647927737639236,0.215806540038475,0.05214405978610722,0.060199400309539366,0.353189529091734,0.24515364404221168
906,0.319811454179857,0.31711419712352557,0.026574732105316235,0.41781955992825554,0.026156537361611592,0.026387905230237416,0.026804174453792285,0.027061023079971266,2.7380754804031163e-05
907,0.2070867237569249,0.4368445141742249,0.208077840683996,0.2087422258673844,0.21055854665895474,0.20838348231090664,0.10023673615140784,1.652722545185966e-05,0.060454619224260125
908,0.3134693999230922,0.4378480335786351,0.31631643852141667,2.7256458125776215e-05,0.10639093543830848,0.10441699616931702,0.10579263253046263,0.052761508111533385,0.1058890509593265
909,0.24071462997584236,0.040474831124535274,0.23883888140934864,0.24209005732511296,0.24166920421896382,0.48122972941033804,0.23646112818483425,0.03958934898458146,0.05813205940200229
910,0.2894944119898561,0.14606321609268014,0.29345888439086,0.2901861748913388,0.575205816878805,0.14441578702575728,0.1455426818775736,2.743297787985614e-05,0.14625499038035142
911,0.4536164737782705,0.31057528258081896,0.4490497259477531,0.27241811965758417,0.26983340762206615,0.3092550527377068,2.7390751162630087e-05,1.6486766211758792e-05,0.09999915764376761
912,0.3518341762379467,0.16267130300079494,0.3553840073334951,2.7165251438000173e-05,0.06084682494900683,0.1638303881459163,1.661724940544679e-05,0.16224521892351174,0.10078428157647047
913,0.16104089472341962,0.030231637830755758,0.1597461654100622,0.4166391291267827,0.05048305782931914,0.1587124420460383,0.1610453593576773,0.049370230667805735,0.030355519651016852
914,0.1550919261289839,0.43797776616548467,0.15542837474592913,0.2082395883405893,0.15592085930680472,0.1552934829392344,0.026569512835356763,0.20857626995565354,0.02594500620775217
915,0.3135845424315204,0.22018075812821422,0.14056021641047262,0.14007764780600782,0.06131608953381423,0.22017271428889226,0.14093560675823594,0.3139984732818725,2.733375691746816e-05
916,0.2411056646252584,0.2390274453126967,0.7171885408683657,0.2397325401868845,0.24091154435132386,0.030229092526036658,0.03004842038998665,0.05346590380526761,2.7309154260641494e-05
917,0.43729580232796755,0.29262435990010144,0.43865044353878113,0.1950076492099787,1.6597824592334105e-05,0.19267757843121502,0.09937664382169328,0.19297778450850675,0.29398638812436056
918,0.4474005416459142,0.20766235898452232,0.44868220880781196,0.05970746745834407,0.5456030064234983,0.20364633357424966,0.20512136407896805,0.07871241723617095,0.053169327809267045
919,0.23683267298975555,0.06071992778948496,0.23431113619063357,0.21774635289225436,0.21885863690485158,0.10041748839577942,0.235228306154844,2.742809433083397e-05,0.05322425036281246
920,0.21201925506174654,0.4423884147559513,0.21302768747483106,0.4223204019597243,0.05207966208997092,0.21285247764014517,0.04072903223233657,0.03949996330774355,0.06012868231409415
921,0.3110970230244761,0.1463211806955234,0.31000723920751644,0.13966533645965754,0.1393818538197064,0.14435011728178807,0.1386626029900592,1.6593785654207146e-05,0.14438159021568575
922,0.2091708295049073,0.14648035445856608,0.2115982082094278,0.1434665108702637,0.13907926258858122,0.14253225271341308,0.14602816489554057,0.20937210111141802,0.1401347359124305
923,0.17886122719635508,0.04106301922407477,0.17829992156277766,0.482617765457882,0.04069798222075022,0.17941517478471133,0.1793332476730024,0.06137694670485778,1.6362591813656753e-05
924,0.29194553995608213,0.012941401335698025,0.2904576135465984,0.29265332547792905,0.28845739150489075,0.013031335590971586,0.013054651146467356,0.2899804007278932,0.01304631890877605
925,0.22606198922388304,0.6165688222349085,0.2234034138995619,0.27142889220135236,0.27240825691624243,0.22563339397988805,2.724368463993596e-05,0.22460638126534146,0.05168985316874559
926,0.3545967735283055,0.48925047379264597,0.017727126241975134,0.017081997957976016,0.3526195468382696,1.3580679117453566e-05,1.6603799610966707e-05,0.017311367514535957,1.3579085565198723e-05
927,0.31889077988524217,0.44227230989727234,0.06070071580618802,0.20924861829477392,0.20779485269105655,1.6809474523321754e-05,0.049253814970883505,0.04916848145133019,0.31935647131915024
928,0.15559971960539556,0.21735161521210125,0.15499206658997786,0.41901372332509945,0.15578832881806193,0.2162986237314759,0.15599634886959465,0.060884007148313414,1.655174986591807e-05
929,0.31557190304425403,0.43699190473748395,0.31195712034084067,0.061103608567918036,0.21129873948138836,0.07866143031111276,0.2112275228681054,1.6686815483926594e-05,0.10040940589252438
930,0.3562397018150252,0.2374811477615816,0.3598719875284664,0.24006787901925633,0.06107416359871909,0.2418926470573114,0.24236640334045564,2.7333253956567646e-05,1.647613298085294e-05
931,0.2904519782145428,0.10153159221288192,1.6656568045961124e-05,1.3601598542453006e-05,0.5777798293849247,0.2914808286713922,0.0588163350441331,0.288512326585093,1.3684671478413913e-05
932,0.3004411233566531,0.6202755461620882,0.2988403941896421,0.18077439455136443,0.18288126795611295,0.3008129357037102,0.07851596807193988,0.09991372915616097,0.18019025380983822
933,0.23615354234733713,0.1644782055164786,0.2369769224738066,0.1617386452194636,0.4345770736210195,0.23561588919289803,0.16249175987341744,1.6729258637009974e-05,2.7057633551502908e-05
934,0.6407756250728459,0.14525360280060465,1.669978792971374e-05,0.21088398477985468,0.10085986558361375,0.14623046976254592,0.20850544221800452,0.14581490558101723,2.6836368706325554e-05
935,0.15577898614420943,0.4358657651782383,0.15666170275218977,0.20947943900115107,2.7262037722356076e-05,0.20646828264841421,0.15547367006944324,0.15520674887593977,0.08027959582316324
936,0.15693136259584425,0.4395312640716653,0.15698076822577423,0.052405661241123294,0.15706147013877148,0.0496549708833878,0.049513855544652194,1.6651027682950625e-05,0.1569877390871496
937,0.23957902276898138,0.4787238531150787,0.2392503340768631,0.24187086232791358,0.07975447842421104,0.238297355528541,0.24218768229551665,0.026699578713135157,0.02638039399099249
938,0.2893280006952005,0.28990025488541626,0.28985459342169456,1.6690560701181314e-05,0.19345516600493282,0.19244005381416043,0.5812057059231956,0.19519871418296722,0.08080942553695732
939,0.2243914050380277,0.30886165196479115,0.22529722379151576,0.2732901226972373,0.27350158588991275,0.22590619079324784,0.31106015300642303,0.2249998471881379,0.052459216539577073
940,0.4181788918667143,0.12105910798954547,0.4157425699817139,0.21847035491814054,2.6921296009358198e-05,0.1217013730823466,0.1222454922974876,0.1224272420801789,0.21807960367401724
941,0.2121234729956429,0.2207030955252207,0.2122654537033383,0.4202714515753506,0.026395752390556148,0.05955949194366595,0.026085418310445013,0.2172298277963213,0.2147633211817517
942,0.20894280056103012,0.4401851715246526,8.32704690183119e-06,8.164646848864712e-06,0.41770886448168687,0.2053796792331505,0.20823526398678435,2.693669753296175e-05,0.05230205733015104
943,0.3140559091014361,0.4384773706061233,0.315426248523489,0.14118656989737186,0.14087054172441646,0.14065488950343966,0.0306745246581839,0.07938795247964572,0.030234336286004693
944,0.23846652319563574,0.2408439343351122,0.23731952853181237,0.4842274202238724,0.060283910491330236,0.23979735144368863,2.685454836205114e-05,0.10119779125182231,0.24151697559588872
945,0.29044567345626476,0.5847301991517602,0.2905208516487399,0.08013378508088483,0.28948611431199195,0.28988463233939127,1.6662488392913403e-05,0.2906969810825765,2.698946300002466e-05
946,0.4490206452258688,0.3095643825656444,0.4469473498090649,0.2688342507430576,0.2741157742094014,0.3094792312868398,0.08015079243904218,0.05870279156906246,0.09938385407472797
947,0.35508929100661324,0.24565673691384737,0.3531642979243484,0.21969346636871376,8.391398625856597e-06,0.24460115003753932,0.2190853913590694,0.08113104733054688,8.298551733238407e-06
948,0.38724679090211567,0.25863786937512523,0.0269811703301668,0.5314192351984339,0.0265106803587023,0.3869377483923958,0.26001154039409496,0.026126275920114,0.053425345324344425
949,0.15593031481088393,2.7046110756904653e-05,0.15631833712242305,0.0800772550509734,0.4147445056552794,0.15471755970218806,0.15596390106064068,0.026334181666412618,0.025977388200592488
950,0.31455765265304386,0.21940094812557417,0.3118215251857048,0.10573158830053972,0.1047357456236362,0.07964895354435961,0.10489805121602168,0.10524673285138665,0.22039107574520642
951,0.357136755819104,0.16127682726345277,0.052433775720022134,0.481879160992047,0.04945567772865659,0.16058617033843933,0.15873094399098864,0.05027827458494407,0.3606887318670087
952,0.43513731389627547,0.29402382069606003,0.43932675647401104,0.1927164439045352,0.05346098203307301,0.19279077064156738,0.10069201394164408,0.2933761045179799,0.19231720057336446
953,0.17978532461120042,0.6206336013453184,0.1804831602964442,0.27157848175815935,0.27230724021988456,0.1796825490895796,0.17893697304813752,0.1803359596400128,0.09906833279697232
954,0.35341298611501243,0.4875246926307206,0.017195814836454604,0.4356765337936625,0.01739940155598752,0.017906003763437133,0.07909371892291318,0.35439103295537916,0.10084492065108056
955,0.31953645442956075,0.14656709102747525,0.3220193725248118,0.1397718661340654,0.13975880036910843,0.13929763153555302,0.05216305356622544,0.1455057912061975,0.14700211341516492
956,0.12410969417483834,0.3418083496655956,0.12602948759432328,0.41329896317315434,0.1252818406792291,0.1245823674080099,0.05922105728798411,0.12471819659729008,0.05260205360344868
957,0.31316766861228557,0.14550361487070093,0.0600670056071212,0.21256467984475805,0.21083409082786195,0.14696121942361964,0.14573345931162854,0.3127807643029138,2.6936525133141545e-05
958,0.7150815344754181,0.48107114511657467,0.053194469155666856,0.12200460866577781,0.12056483716135079,0.09990538957717143,0.1217096597689794,0.06017210242085982,0.12096211067610561
959,0.290098239783417,0.5916597837513857,0.2905261448422786,0.5813229564147557,0.026043855440335804,2.7145636731359287e-05,0.2886864825870544,0.10046797404686422,0.026255129698237217
960,0.4523399768800668,0.6160430795813991,0.4507953171508456,0.2725520254474476,0.2745186089829116,1.6970098933067534e-05,2.7158453369275898e-05,0.060274136380601695,0.053286667585919635
961,0.35112139339308424,0.2404963112010757,0.35537465686179154,2.700065995952462e-05,0.4369320603221329,0.06045272452921571,1.662130752702312e-05,0.2459326588763505,0.05425248034358138
962,0.15885229943175183,0.4380433886799182,0.15894322517783985,0.20937492261915483,0.09980391640157753,0.15905290658836826,0.1594078008833045,1.6754917534160773e-05,0.20802745635218453
963,0.308871470459269,0.14511043269603913,0.3127017406958524,0.2088165867034048,0.20997999678378065,0.14356214520984759,0.049054386129347295,0.14515377786253922,0.04988901594512712
964,0.312850593397774,0.21751913273338966,0.3128091027324532,0.13960404921882993,0.14086417793339412,0.14182601196626113,0.21859684679443014,1.6698617680573497e-05,0.0993870489074798
965,0.35825464226334297,0.23811133005143933,2.7331619756090465e-05,0.16202528493066723,0.16229452572639289,0.07927673811065565,0.1613128364613134,0.24197303306176496,0.3579240261677639
966,0.4355511283672024,0.2921722605346873,0.05348616246071985,0.585352767188374,0.0601998859901586,0.43224977215117955,0.08000643272484137,0.2964728987547275,2.719698812933596e-05
967,0.22670550986614327,0.6166780046779081,0.22775504035391506,0.2744410407765406,0.27089163008631767,0.22472083786423597,0.2251262416743546,1.688958664922266e-05,0.10240645123354465
968,0.23459761309613428,0.48257152558687516,0.23573315940848735,0.14632667614030298,0.14547158027196347,0.23584236470212394,0.05269387069710032,0.14583893352114177,0.1013646765952379
969,0.31919742913804067,0.21898874787371925,0.32087967381842997,0.05139188719822861,0.4229757869375907,0.2209285514630964,0.030461282213732576,0.0811197080879425,0.03020347893438435
970,0.2062579053808757,0.2086329665141635,0.2061839809658038,1.6946330683000337e-05,0.21058892540364316,0.2087471563330461,0.21536187371157295,2.7295190904340894e-05,0.21484564658220398
971,0.31161823833414753,0.43786153933089694,0.3136411785532626,0.10605412926050085,0.058939819389454105,0.1053726517290678,0.10574349440116057,0.1073937866462868,1.6689121883704202e-05
972,0.17834077633689951,0.2371504484884892,0.17658535711174958,0.17794215872456454,0.47924524588768247,0.10279389611161949,0.17624597369792355,2.7095200092544842e-05,0.23861469177967629
973,0.29186754930487147,0.19547680997087036,0.2910135010589948,0.2912806641275025,0.29040745140971247,0.19415541349394547,0.19611937431942641,0.2893722687409673,2.7034190167545948e-05
974,0.29905273476857114,0.6208013546301214,0.30099753987049577,0.1828482348502368,0.18295335771395282,0.2973328644055951,0.050011178447581135,0.04965730127827827,0.1834399737115147
975,0.17596335812921174,0.06064304758088662,0.17683297264513845,1.3404129419244177e-05,0.4382190628919766,0.17601480443484588,1.3545137476371067e-05,0.17618628858834956,0.4901941085708032
976,0.3199556466825259,0.21843680745710842,0.3199849414302524,0.4154919874050232,1.3583867586011933e-05,0.21692298944861269,1.70867346348268e-05,1.360039632100473e-05,0.10071113956919038
977,0.20706895446871618,0.2166397519674829,0.20813427307049284,0.20832287485656295,0.2086197263144108,0.20649054111001508,0.08029362071680166,0.10026574395438742,0.21881395117734415
978,0.20761895366680203,0.43333955598425966,0.20955197182292407,0.1057507277716332,0.10642179550008782,0.10490717033863037,0.20926665795367058,0.10562772896545428,1.6987851296586618e-05
979,0.719360899134575,1.694880097546284e-05,0.02635049995707649,0.48203153670781895,0.061091864873431476,0.026525858066638836,0.4810137005159616,0.07927203192397725,0.1000138954581611
980,0.4366736729017059,0.14565672706860763,0.4342456880768038,0.2887472107091434,0.29061508012118453,0.14703776753962317,0.14766549179509011,0.09958692157570409,0.14706485323003657
981,0.22379543400595628,0.30982721872840396,0.22584797132380474,0.2723535508797251,0.30929184497340706,0.22599455086780892,0.2717796190787739,1.6880041608894035e-05,0.2241870013102474
982,0.24459228089695503,0.2453485065761251,0.3543118053187176,0.4397716004822236,0.026228773816557697,0.06043662005071893,0.026586394655745124,0.09974710658432676,0.3551911603780126
983,0.21413001258710693,0.43682191166821915,0.21296470228162087,0.21031356486591277,0.2105637209514673,0.21183343471871738,0.029628225342054705,2.7282312513545157e-05,0.02934465126119185
984,0.2077776783714321,0.2056337447323772,0.2064002563401048,0.2071215862272337,1.3555407569620812e-05,0.0803234764195433,0.20976594639566565,1.7102266879109368e-05,1.3525957005951578e-05
985,0.2096753122164563,0.4381139159259934,0.2105213825616762,0.4280856964607753,0.026451541798778233,0.09969939074067853,0.21004899029397517,0.027335653041233195,0.026029913101056273
986,0.7116926519897442,0.1585519708952663,0.04977449505299048,0.2415375617407432,0.2428026988218123,0.16117003714904318,0.1610005942806593,0.05058574369586932,0.08043641026198424
987,0.29244655221676547,0.5906673148178166,0.29183079707044157,0.19421214301982445,0.19493492822797287,0.2903560808085036,0.10029451591505789,0.1937906616314219,2.707197768754977e-05
988,0.3012751063224547,0.6233836943323282,0.29962525760339226,0.18003584887303417,0.1816652795045981,0.18359198149205647,0.3004675854136483,0.02984478608661502,0.03034494012837991
989,0.23530090145295282,0.49101797864129426,0.23515573716515756,0.2172271954965061,0.06067372313531239,0.23546582680816433,0.2195486907176837,0.08111485551598288,2.71250016947416e-05
990,0.15958902489055662,0.43728685698631337,1.703445286935335e-05,0.1592319723296933,0.16073133703325707,0.15988446562126446,0.07998889231940304,0.05260002820546602,0.09876675774829331
991,0.31254328653281543,0.04003129475241892,0.31246456143443757,0.13879520045656354,0.21707629309034102,0.13887736452769514,0.21456499979165253,0.04053019530044419,0.14035576529427582
992,0.2086038731522232,0.1457922970290336,0.2092504097130348,0.21169534486665048,0.2108802141960621,0.14661318792410255,0.2090582335679895,0.05271687451004091,0.14698023669445162
993,0.35807329938959476,0.479506705540115,0.3612389673800341,0.48154724378138475,0.05039048827790464,1.3606572419404504e-05,1.358431583501666e-05,0.053056196510810914,0.04990632940685946
994,0.29450815881146775,0.5855856538251949,0.29103556636022093,0.5763125013480516,0.06060703192105156,8.508635302193345e-06,8.446708976499868e-06,0.2892288165479105,2.6810497564582186e-05
995,0.2243132431266344,0.6185787662127937,0.22460553733424155,0.27083773752954987,1.7210364983192967e-05,0.22497504253464745,0.2704281740975175,0.2257215768583371,0.0974593139593943
996,0.23462364430998375,0.24312683473652857,0.23699038715423007,1.698872110909623e-05,0.43964887270247294,0.23520167272587508,0.05193706782500834,0.07947370768420361,0.24373911254162195
997,0.213877079391268,0.10892248203124301,0.21487926718413994,0.4156905843090092,2.732014685870526e-05,0.10962812886324226,0.11069487780226492,0.211383951184523,0.1085209450882752
998,0.3123021689923404,0.4362388517895188,0.3130587643211324,0.14049320314263516,0.13924990831745734,0.1389386067533743,0.061669440294135826,0.09861417153149295,0.05163148189941292
999,0.15875370045688886,0.4347593333568727,0.14160271538087021,0.1409388575718979,0.1417488536113843,0.1554254033691711,0.1568144834298398,0.08004596053253106,0.1553014653502105
1000,0.033361136302852715,0.4775860850012153,0.7101354718480816,0.16152698673187035,0.1610023946338071,0.032683718420147286,0.03271263751126283,0.05358715894930398,0.1617843692557628
1001,0.2905287715416493,0.5881710172377189,0.2934238298747291,0.19506540676886872,0.19372148287670213,0.08031640138011405,0.1914838769603172,0.05370525337852951,0.2898223704074428
1002,0.3002749078694385,0.6209301130748978,0.29906095748581146,0.18397487313827968,0.18301155477549602,0.06075480577568823,0.08026570019680396,0.3022174255696336,0.18207961750876855
1003,0.23691516959139666,0.2449271673985271,0.23655866244920418,0.217837841807124,0.2439181723653885,0.05209416841582504,0.23539556637960798,0.21740762324271282,1.709358451360818e-05
1004,0.21208912177929692,0.43901158711987137,0.21178957125392409,0.10438529097832167,0.10550001982134562,0.21253467909446747,0.10468515254894678,0.10514012255534941,0.06024229402841568
1005,0.20668705489756165,0.14551424489124729,0.20724374165142068,0.4160595058874927,0.20653237731650362,0.1439512377143186,0.14392239029816975,1.3581909597006037e-05,1.343953636756432e-05
1006,0.20785445496010094,0.4394149436455765,0.2090633816570767,0.03938404866576257,0.21206491387312965,0.21185116005216803,0.20906046472025974,0.040804488944694614,0.05232909125966714
1007,0.19111325162424145,0.2408559549300175,0.19220542713079602,0.2423829819184569,0.24049721168567778,0.19165008415059878,0.053156809735876,0.24117220997408578,0.08140663007454661
1008,0.4372959047540617,0.2931243640169004,0.4384257949980724,0.2881883580099627,0.1008211576334788,0.2890063668890819,0.05995112191828056,0.2926438944101535,0.052988805157337095
1009,0.22624621183438673,0.6169074310772087,0.2257226432870405,0.18163209526568494,0.2250311769458848,0.1814012026975802,2.7085857840162233e-05,0.22608445588843293,0.18117846761816694
1010,0.17606646311836135,0.24439536475225132,0.17717587476255098,0.24503499715717578,2.6887306294120335e-05,0.17722925558720487,1.6981502491858055e-05,0.060819054575998024,0.1752746719733031
1011,0.31870214032168104,0.22148772464323885,0.319497898653179,0.20917482839504078,0.208610462142483,0.2218214753539187,0.04957800716909285,0.04996784276261582,1.7139478654415213e-05
1012,0.10112945961199432,0.14398441305763782,0.31165652691823964,0.20833247966764057,0.20895650707098132,0.14431007971503676,0.14408030485991,0.31223886379977867,0.08193844244387749
1013,0.31467591207645773,0.43784751734874144,0.314012553202903,0.14139474618680045,0.08002842658839764,0.14057267991423433,0.14193455737084235,0.09907644084107106,1.710035936469272e-05
1014,0.17875618515488714,0.15899145024033304,0.1793478440881197,0.49054679169252463,0.16111282257232393,0.17856663157094732,0.1787164998691078,0.15799065085562353,0.10180540602362367
1015,0.4335212149474931,0.585008805241703,0.43871413121466557,0.1927522353715356,0.1910719635915629,0.03996945259856785,0.03978603391157816,0.19298003697527,2.733375869625579e-05
1016,0.2983608846959929,0.31130440988951186,0.299919326281738,0.27101740289960874,0.10048437116227428,0.29946702571435285,0.31088297550180166,0.27284623865168134,0.0541076254787195
1017,0.1763737389119197,0.24252866783351448,0.17582723637477923,0.2146439054496309,2.670231445168845e-05,0.17702676921852215,0.17703912746464132,0.21940173226070997,0.2440112947204521
1018,0.21411360076356756,0.21899688957376198,0.2129356926478018,0.1413604164644587,0.1386930856762635,0.21963928087757292,0.14134010109562709,0.2130008271869853,0.05220137077218646
1019,0.31278968983777683,0.13965613506690192,0.311661657657476,0.05366518504317612,0.14068860031661068,0.13951486697620466,0.4334837866849817,1.710934325248795e-05,2.699045844277162e-05
1020,0.3159715711844905,0.14472458364483717,0.31480720955472236,0.13944505795792467,0.14137336694370567,0.05967980413700091,0.14454501555679158,0.14462617988021062,0.14065399810502072
1021,0.7141631669231717,0.239882695791293,0.2423265995414008,0.24308089473162192,1.729627082739422e-05,0.10051394521254489,0.06069890688919459,0.24178998950714872,0.05229716188751899
1022,0.43343810869652344,0.19427011026200092,0.43897093405834076,0.2907823215092989,0.29103565068609233,0.19515252978698638,0.0528791243633404,0.07925233332233894,0.1970931912085383
1023,0.4536379111647962,0.6175305993353767,8.55971890749102e-06,0.5442402359922078,0.08025758028293892,0.4494551552261661,0.10049359764020485,8.560708372833533e-06,2.6748208405106444e-05
1024,0.17548942375759466,0.4835985635149454,0.17589772725819605,0.21962102504873907,0.05179387712262385,0.17693795944589236,0.1758446877212294,0.21904064000293183,2.7350521816004632e-05
1025,0.31818874906569217,0.4409908461745,0.10520488898552253,0.10580118358706186,0.10448495777232956,0.3168814662584608,0.1046804111945665,0.09970326536288465,0.05221845269459227
1026,0.1447698331585345,0.14369713936221615,0.3110789808628154,0.4162455966241195,2.674981185163845e-05,0.31260832056686577,0.039794404903354647,0.03937974257605363,0.14499222790050045
1027,0.2089671172845474,0.43760120897368243,0.21069830865674524,0.0800788770501956,0.4228017137941913,0.20805913469112688,1.3377089163046313e-05,0.05895669661709568,1.3264128940487668e-05
1028,0.3589604499011296,0.2417263807623031,0.35524760948047734,0.24249462348613365,0.24208580763745008,2.7122165309948854e-05,1.706700198389732e-05,0.23831260037662916,0.10151529324597758
1029,0.8699537335431445,0.2959356721069267,0.06079570723287926,0.290199266619575,0.29044673682027544,1.7040761751261227e-05,0.2929396691897151,0.05290496077792492,2.668370712944446e-05
1030,0.45123390220062265,0.20631329415338587,0.450724683790871,0.08097457545081942,0.5415478680185571,0.02618424693357096,0.20653013857515257,0.20678159895767736,0.025993574129615497
1031,0.23602668860784307,0.4886861819139385,1.7190933243334024e-05,0.10812938692523247,0.11007317574270949,0.23501167188903513,0.23467581413309926,0.1083731082907978,0.10897479682212359
1032,0.2129027845143789,0.21771314922723042,0.2113210640796046,0.20983104886022977,0.20946306250153954,0.22153666610460246,0.04964026726082234,0.2127317914165565,0.0496203104387312
1033,0.20601033949903233,0.21759006820164456,0.20799566439155084,0.10561066260000124,0.10455487367323542,0.10483968967043157,0.10361465472487316,0.20809945304206112,0.2168138684613029
1034,0.1802842644496938,0.7043615897706775,0.17960197282898668,0.3238576204722753,0.31863870146312945,0.17885806873507784,0.1816725164840357,0.18192624844396454,0.06012354051559386
1035,0.3556873872439509,0.24111061149145974,0.3592174641367279,0.24135763291816467,0.24301150752687886,0.24004511091541644,0.029313985235466744,0.07962079715528182,0.030209198324002103
1036,0.16305020284541122,0.1387548101273732,0.1635095262779877,1.708622953586318e-05,0.5846595433322356,0.16264336985992608,0.1383381279415979,0.13720776750420438,0.16326001147617464
1037,0.21747233954583045,0.1364777152241191,0.2170054911011291,0.13619246798780807,2.650002678482238e-05,0.13561633327895076,0.026330264413241124,0.025939496613623585,0.2186396230833415
1038,0.23447434981219498,0.4863951184381693,0.23527843538847173,0.21766310140328707,0.2337296386264438,0.10039411919687101,0.08025678345010824,0.22095188898735088,2.6659133013857053e-05
1039,0.2624129771151078,0.14651545210938435,0.26415660668055,0.13978171872884002,0.14047977377799267,0.1392690082927751,0.2635695599341536,0.1460094228586222,0.14534700377094137
1040,0.18623242265302853,0.03999107716838209,0.1856232185511228,0.18525230910538545,0.41649628580648695,0.18699405238401126,0.566654485230316,0.06011002696048677,0.04027579983943845
1041,0.3135503571907599,0.10890307828251287,0.31381191677067083,0.20988374770301912,0.10927947034039422,0.11013685348086026,0.10938006544730945,0.21061473845504752,0.06115031728901811
1042,0.7143480424975971,0.4775464907207805,0.09924642601101825,0.1607036815898891,0.16011888417603365,0.04069633977004566,0.16194026077964097,2.6888790071685298e-05,0.0411860536681033
1043,0.29202165073915104,0.5901074366494555,0.29357534118203454,0.2901308306802718,0.29247669597761855,0.06107868533810661,2.6814026484412358e-05,0.2913897907424424,0.10051985851590668
1044,0.3044820313409427,0.6242103167806129,0.04025422107056597,0.5438347712643079,0.1015767211660684,0.2994783650759321,1.7132256285908312e-05,0.040294022739251804,0.30071977426650853
1045,0.23472351064644806,0.24394766723468017,0.05065531217025165,0.4343808709512773,0.07822473296610445,0.2349341422218163,0.23436206643934487,0.0496561256244194,0.2473795177920527
1046,0.21439891235301464,0.14728056790427088,0.21150000468318444,0.14053860712433988,0.2130402422529278,0.1392584751712109,0.14610786529378103,0.14505983559827768,0.1402947006266567
1047,0.2083676914294538,0.4372910395029065,0.20697043718878583,0.07914854950134839,0.4189438672953359,0.20651939408912248,0.04973780259760226,1.7201914032349134e-05,0.04976343827523221
1048,0.15690599411763553,0.1459535047884263,0.15768769074992214,0.21228121848578171,0.21139069092837587,0.14614184344390083,0.15772448443645118,0.1464716668572581,0.1570481308647652
1049,0.23765531336285048,0.4816745529487313,0.23810026797671602,0.4820448662265808,0.080707027265523,0.2390056373572245,0.059863220403101436,0.026159420530610225,0.02646540420707338
1050,0.8705081789861705,0.19504713738090126,0.040245962203546905,0.19592206158361117,0.287268100885053,0.053305913298752595,0.291513213724618,0.19533453584205976,0.04061471125769844
1051,0.3018614733824097,0.31072294013848367,0.29992356462412467,0.27278157166571415,0.2729233786680176,0.3023771710740517,0.052738913827246735,2.6801526057552974e-05,0.309091120180044
1052,0.23437227610554676,0.24247329155670214,0.2345594149933592,0.24437321243968402,0.10086192037580609,0.23801620567728285,0.0804036104450139,0.4338913854506655,2.7033741091141535e-05
1053,0.1607756036159311,0.43799854282108747,0.16017904892855173,0.10544252551831447,0.10437698850261941,0.10438863059148176,0.10450704671272693,0.15935134180574265,0.15911737844130855
1054,0.311704019934324,0.10929130292150065,0.3113734947351106,0.4178351885241714,0.05880807163734616,0.10109351652721761,0.10873713379794052,0.10816221684620264,0.10724520565165406
1055,0.12488431303183423,0.4392296661441772,0.1255711765533825,0.08007740367896717,0.4215776269882398,0.12524191417480596,0.12580862428090833,1.7445280882157326e-05,0.1263743357032096
1056,0.2385980721484868,0.3113143742660335,0.23541950304902545,0.48799970581721347,0.05337515007005308,0.3111922635189136,0.10021412122391962,0.2380651169588668,0.07973768152537851
1057,0.8682140930332558,0.19458558945344298,0.29223732387445367,2.663107246776335e-05,0.029520505026071158,0.19432744214746422,0.2921095626893574,0.19633674372770712,0.030165081127335236
1058,0.29960026365583353,0.2551118807676555,0.3000404089262573,0.548791734793886,0.059527802270808276,2.688312675731896e-05,0.25437661588506794,0.3001622265310453,1.729234073100892e-05
1059,0.35313898967985535,0.24440167669867488,0.35328388518161036,0.3108183794882449,0.24486502748223113,5.763807241704183e-06,2.6659752544585038e-05,5.7866599583941615e-06,5.820808023530371e-06
1060,0.41283047530831896,0.2167968539330305,0.41101742632583155,0.03009636054933452,0.03985576500520521,0.22061723948410483,1.7256780466528684e-05,0.04044429497336365,0.02985912302339032
1061,0.20676764882555418,0.6003753067643747,0.20757402252439783,0.030099538344766964,0.30581369718863366,0.20780107291610003,0.030133631268948826,0.3082359001344525,0.10022138285873523
1062,0.0,0.0,0.0,0.0,0.049171006896227755,0.0,0.0,0.04966647110723758,0.059854712181696426
1063,0.471130436330938,0.31461228069953157,0.46806520604442786,1.750392141901746e-05,0.4852709293005438,0.3162648314537757,0.08029928087731253,0.025929712945505463,0.025950575990867936
1064,0.2921261897919416,0.29468622946899603,0.2899808441658199,0.19391597554716067,0.19307208685140365,0.2941876125027928,0.19296959917542478,0.2901969560678576,0.05170609070173419
1065,0.302176185198422,0.3098698760063565,0.3010609648993386,0.18165067734928828,0.3013155525165354,0.3083394675201793,0.05369822782326294,0.18379242884312752,0.1830568384900921
1066,0.35239234020041865,0.12197724149160406,0.35167835641761974,0.12232030659282513,0.4343018869945937,0.12209220702118015,0.12192195962245488,0.10059159299213495,2.692522181265265e-05
1067,0.3200920362320717,0.43605950135180155,0.3205673898045911,0.14074415822211625,0.1399167540182892,0.02962300732225619,0.13977058467947273,0.08058221606153203,0.03018474011960404
1068,0.39426425243058605,0.5799619926255278,8.713650653458894e-06,0.27650531564713066,0.2775482200144431,0.3963291020878351,0.10052499089193026,8.624258246175225e-06,2.691915539340768e-05
1069,0.2088048507297713,0.21798366533274166,0.24842700920684074,0.09904130992175461,0.20828785342510067,0.20859263788667817,0.21972274598191263,1.737788869611404e-05,0.0786591709394096
1070,0.2356713198499518,0.4796306428446806,0.23902214301142977,0.24276861263640995,0.24197470682041541,0.08082045655326256,0.23774308262618746,0.026396357284786197,0.0261327545761502
1071,0.29034883920375604,0.5895107616526349,0.2933797455429766,0.2903275836700264,0.28896537543609063,0.28971249635191293,0.0799074497930277,0.06107658998693645,1.7267353253996458e-05
1072,0.3000211774672052,2.6559865357568098e-05,0.3027574501495656,1.7462543250402328e-05,0.025891507349830468,0.3031833695486692,0.030058687421773988,0.030066692109434107,0.026173583947433743
1073,0.17526138454842305,0.48778068620790704,0.17756378805343487,0.17441824782878246,0.1775932644194753,0.17731194808972242,0.17579781373069223,0.17624697304056156,0.06018119519649222
1074,0.6378463231857292,0.2191551842316142,0.03023264840499683,0.21750494215858013,0.07923686271339475,0.10145753892584705,0.1614604838970607,0.02937417971246391,0.16097836051367734
1075,0.30866173111236256,0.1076046512176247,0.10049420254697575,0.41959197544442495,0.3115874336379634,0.10702430254714375,0.10824085528380893,0.10787410493262527,0.06040016531953109
1076,0.31374504231673983,0.21906466091014695,0.21886151578527885,0.4244748679571296,0.060584564259912384,0.31347288949252483,0.05295443601692221,1.7306100454299186e-05,0.08058846316497792
1077,0.23896025265923318,0.4763130552252305,0.2380214444707086,0.1622663711504079,0.16050837410076743,0.23740661731380266,2.662211203007054e-05,0.060112147374293046,0.16240813103473792
1078,0.43480301197568205,0.4322923878810615,0.0805545996106802,0.15261491997064647,0.15278509118673855,0.43964909035986177,1.7298471431497345e-05,0.15253882656040998,0.09970103921619361
1079,0.29844485366796264,0.30973820467918767,0.2968959894220801,0.32091988936415966,0.32276917566070473,0.2993212596599381,0.050125078423672906,0.05118867930157807,0.3087535111590799
1080,0.17756259461286145,0.4894394991847589,0.17674673941682417,0.2660261686391522,0.26543205983854873,0.17571669460115744,0.17635054018513177,0.06158522605849396,1.724132138228817e-05
1081,0.21300061934680167,0.4381299418512478,0.21253832037467277,0.1396001407975964,0.13909496459820656,0.21215084834064526,0.14025407761485223,1.3335820240981392e-05,1.3455177780377238e-05
1082,0.2072079653575596,0.2170410755261483,0.20665005773470357,0.20722728762683007,0.20844359975238264,0.05213538864911705,0.21592849877364853,0.20956604828073033,0.05912712802181082
1083,0.6288316413646661,0.14661580294454274,1.7120040964471397e-05,0.21176826706611607,0.14545728179961634,0.2112527851955236,0.07915598570651015,0.05246400810749154,0.14573530179084673
1084,0.17830392122733044,0.47291153829212873,0.17876296578885023,0.10112259252943644,0.4893808438173995,0.17943095072945162,0.17721641820891643,2.717701403502875e-05,0.08014173840237677
1085,0.4349631750311791,0.19653208550047505,0.43519448789455195,0.5733318325383421,0.060620097174560954,0.1947733478549346,0.1946246510135877,1.7426959709594244e-05,2.6686971231949203e-05
1086,0.4519336037859879,0.3120715572025249,0.44915974206919346,0.13647806868188941,0.13675722191563988,0.13563507946815756,0.13617319219242524,0.3093114901752288,0.08057556702475516
1087,0.23433861194260652,0.4862968585050763,0.23452814320369494,1.3562268918510266e-05,0.4391424199295002,0.2354933978138097,0.05337987956255593,0.07991794641808586,1.338684720444501e-05
1088,0.3219693989789395,0.14564362083843302,0.3167421465390003,0.14074522708483497,0.13967459740971405,0.14575586543148383,0.06032763812618464,0.14653474355767443,0.1408863596627544
1089,0.15532707241244997,0.43403795056089023,0.15645581007576104,0.20912966482463644,0.20959696512704337,0.15673875213712074,0.15660467134885575,0.10031954198313561,0.051925891137297765
1090,0.3131137331033501,0.43537703972555875,0.3152164489033194,0.21001033780560835,0.21267184912521322,0.04018932298731053,0.10096340946521672,2.698928922932384e-05,0.03998411153351809
1091,0.3564159851327578,0.04984834396045663,0.35633599273371985,0.2416444133372144,0.24368285335217071,0.05057614561724691,0.16061053754725804,0.15892764612297727,0.16027258395354171
1092,0.4357673589576123,0.5869450969513188,0.4377999581552008,0.19441194051321634,0.19537676943509305,0.19417380243400575,2.683916485656267e-05,0.10253336882612822,0.08067149244911051
1093,0.29738747107106384,0.3101567316248161,0.3005544659461151,0.27305415419480167,0.27163561689212007,0.2998632984610167,1.744237197279073e-05,0.05354344951392043,0.31073236344258853
1094,0.2363778980489395,0.48727122057620165,0.030743665279950292,0.21586766603779908,0.029990112584810248,0.23296165689043755,0.2169568285328499,0.23524584822063963,1.744710836926185e-05
1095,0.31920527914864816,0.14647733542742788,0.3190685650900221,0.13993766899800325,0.1397073942007616,0.1470887304156325,0.07830144221834935,0.14544571963206634,0.1407401852155446
1096,0.20782139347630688,0.13820098880406556,0.20916312713242158,0.13958406734930576,0.13836815962076598,0.06112564919985244,0.2082469465477624,1.7385727298136925e-05,0.43596233483411173
1097,0.20863912801568932,0.21694289781854229,0.05247968767209793,0.21318894699774843,0.20991382607294543,0.20693689804507262,0.21768772010212367,0.07930782664330703,0.20891055455493243
1098,0.3570412678152825,0.12037304074243059,0.3556060289154615,0.12071254994733474,0.02613608661208021,0.1219253797165306,0.12078551774684712,0.08027722534551111,0.026041333861823023
1099,0.29439593904933375,0.5910161923691162,0.29013270033268274,0.2910140886611882,0.29165800338127856,2.7082139568856756e-05,0.060673099591038185,0.2894921728439897,0.08028238881249408
1100,0.44871385309319534,0.7480232269123548,0.45334900094586705,0.5460615434607152,0.01777467325017697,8.574998856957158e-06,0.016984555260220437,0.017398243383309957,8.717257894412141e-06
1101,0.3525032668017913,0.2447413506015837,0.43814807326282257,2.6762589074369242e-05,0.245068380806168,0.3552382956961377,0.09842964768992024,0.04044554488097943,0.04044452844064024
1102,0.09166071062016924,0.41755264500003686,0.09033296403126344,0.09128277949061699,1.7492790019891124e-05,0.0911062711762316,0.09118673624737099,0.0913374466856227,0.09081973224374938
1103,0.3116119114070174,0.10920276473644949,0.31291132476384337,0.4256528632739612,0.052921378575903066,0.10784365098773527,0.10761088428540345,0.108189473740779,1.750296884940893e-05
1104,0.31124215669207095,0.44084783526666815,0.3109561062417312,0.2112229736710795,0.20915829563867003,0.052039041773038815,0.08067582751123657,1.7399425716808445e-05,2.6478638204906714e-05
1105,0.2373498615073499,0.15898565608367352,0.23857124697811993,0.05252266729452296,0.24169433807024482,0.2375775618790369,0.24157794107704514,0.15952260051021322,0.15893117550722285
1106,0.2898430061175186,0.580859273687108,0.29013622620746216,0.04992301351620827,0.078836802139448,0.2911132378709246,0.289265642660757,0.049215852210137946,0.2930181063153632
1107,0.3024610659941299,0.6188613653631916,0.3029785053031945,1.3257271449731772e-05,0.2737859839417484,0.27066286246070587,1.3263911104327315e-05,0.09936303798863855,0.2999516685457131
1108,0.7073904296681396,0.017348411955867234,0.05994749192048056,0.017632643320095263,2.6575206869479103e-05,0.43497180212478165,1.7664401184837544e-05,0.017542644853033095,0.09997077533517305
1109,0.2133193135172077,0.13979221764021296,0.21339382591557063,0.05175247109058129,0.21175011937775012,0.13899261721038883,0.34222671972596225,0.08122073689016261,0.140589623818284
1110,0.2070809723952034,0.2155507497098937,0.20832708774982864,0.20860136019495717,0.10056793476382091,0.20732661443026834,0.20819912106566033,0.07944120450043428,0.21383817931238824
1111,0.2103381186346577,0.4415432700144237,0.208281847285666,0.2115018029989431,2.654801643061336e-05,0.20940344046199622,0.050273283309064096,0.05017472575289888,0.20813742774872904
1112,0.35777098991515915,0.20188884928091325,0.35824393144212524,0.15861205732609332,0.16120778981552505,0.2021508362061011,0.2016221274750637,0.16066596146493325,0.060315858861529674
1113,0.2176578125156013,0.5889003395004522,0.21760095950851785,0.2908049068475723,0.28934112074541485,0.21885749738215302,0.21997907530852745,0.0604105615795026,0.09959228204734827
1114,0.9028892417958134,0.30824374724273435,0.053958357186397826,0.2724527178189436,0.2725674520582879,0.10077334832290376,0.05990487881610045,2.6537879940913456e-05,0.3098244008862985
1115,0.2362559546967259,0.485144650122018,0.2358788975303093,0.0773745743430415,0.026732700648110775,0.4354122865592945,0.026091842229973482,0.23481401759529144,0.09855707380387169
1116,0.3201405185151322,0.43678846816179967,0.3191758189769018,0.051782703529138996,0.10451053119279932,0.10414032923133591,0.10398329140681631,0.08055488019510863,0.10489432703029616
1117,0.20754479191147568,0.43243403138103426,0.20815098020691125,0.10437075055497048,0.10525141538108733,0.07996755795629705,0.20655473599581967,0.10524201321452256,0.10434390280758571
1118,0.3144568235137415,0.4218373692164742,0.31038868305289086,0.110164012455623,0.08006684318927297,0.10913990875539435,0.1091491311431686,0.0600742297914034,0.10964776307643025
1119,0.23778224305749573,0.48376127749995806,2.6784115058296285e-05,8.753150260188746e-06,0.48287586810606303,0.23659586678271324,0.07990520786280304,0.24053592837038126,8.706620984807397e-06
1120,0.2941900819081485,0.2948987792834801,0.29257701502597944,0.2924691705624592,0.28689883386854753,0.2892685934471631,0.2885222111288857,0.10143994821671844,0.05316075204820611
1121,0.301094549353948,0.6197548783749962,0.1828266211167594,0.18321177459342616,0.3008637254521734,0.183094726021924,0.10202228237705864,0.05225619879951135,0.30079342478619236
1122,0.2350722180531152,0.4860583964256067,0.23545621971201694,0.14567530690033467,0.14635294851504319,0.23689102392930986,0.14429538238598463,2.6566743143277495e-05,1.755337728275596e-05
1123,0.21301259466318864,0.43872374588958696,0.20905546169113004,0.21176459273234183,0.09854435846308664,0.05947212051109837,0.21050347397220234,0.21225696713292985,2.657869366655355e-05
1124,0.20861195650241937,0.21816936086018138,0.20819938819045083,0.05185036660600048,0.41643226691739277,0.20842097068005105,0.21590665363967385,0.061071455524308114,2.665030851522873e-05
1125,0.20915615297551304,0.21978965480905227,0.2092452758332732,0.21226242886369837,0.09927617336926638,0.21056513846099603,0.059634413022577396,0.20961259687701098,0.2206523762898671
1126,0.23996957809448857,0.2421186721670513,0.23833613858078406,0.08013318951165455,0.24359008012151717,0.475533851677727,1.326358714238004e-05,0.2384959484085287,1.3356210264674587e-05
1127,0.21903966264319807,0.29433764019150127,0.21872151972244874,0.21756455046606593,1.3391244755128924e-05,0.29577543793939054,1.7453375858472896e-05,0.21836877079687889,1.3276578021420693e-05
1128,0.4501177715095139,0.3112211359035435,0.453541936820198,0.18365186749258,0.18383630614975113,0.30853998780764874,0.039424571406894975,0.18168309822835052,0.03984864917134062
1129,0.17662709434171378,0.24583067382400242,0.17725825218196595,0.43944939965421637,0.1775510051890795,0.24368789201042934,0.17679620225313883,2.67038806383339e-05,0.1006286653881358
1130,0.31832297761166545,0.1456887166519086,0.3167351375752544,0.4218158688791078,8.968543389302892e-06,0.14700715799039876,0.14570802250708462,8.845487573443077e-06,0.08161928866727267
1131,0.2086969839721912,1.337921702225319e-05,0.2064176669460197,1.3470570622234727e-05,0.05979092761696499,0.20672802922904662,0.05275333506027431,8.859840631741133e-06,8.837541860508213e-06
1132,0.15625128245838862,1.7720411725068142e-05,0.15757379811737995,0.15756873858999385,0.2102305773410518,0.4391707448031698,0.21228899217827982,0.15670067732664153,0.059557172815824816
1133,0.2411068276993886,0.1587171021900215,0.237780490442928,0.4864717514822938,0.23797747313890216,0.16133958034894086,0.09921517004759431,0.15961706738083228,0.08128158452034101
1134,0.29104618800287185,0.29433651397132027,0.29244525661645043,0.5802399785229313,0.029565228383806354,0.2940802037629454,0.2908403034698976,0.052010361886919126,0.030321111525469128
1135,0.4479181693288164,0.3121286819152035,0.45034472690654087,0.18330439825276543,0.1790868407477683,0.30778960216752893,0.18282767725941573,1.756854881006189e-05,0.06193716269519513
1136,0.4223812391534264,0.16296810815415433,0.41936243439028514,0.14582955691272279,0.14464581954698752,0.16325158644755908,0.1624909078855624,0.14616432666500082,0.10149137382881532
1137,0.21428822517585847,0.2196927702071498,0.21154624149203796,0.21388736967018526,0.14023327026831675,0.14087748443029163,0.059253069176205694,0.13930510495752907,0.21771461700538572
1138,0.15594717858166074,0.21606140338408134,0.15463744797366613,0.4191162870205124,0.06040661415320807,0.05221941242849456,0.1565371373351877,0.1551492484673034,0.21614152287236216
1139,0.15738598746971427,0.4430511767090264,0.15809569612396224,0.05241134058943866,0.21171789799522886,0.15775417140330691,0.21234483310850724,0.061754898779934855,0.15607829035507254
1140,0.23866551252604504,0.16123398334027547,0.23866634678987875,0.24281746740556615,0.24160489604408913,0.0997316471008371,0.15994119235821017,0.1606952052580438,0.23791834187877958
1141,0.2177105915149465,0.29350509131477426,0.21781273119248618,0.5854912825572072,0.05288589303248711,0.29294816576354227,0.08054094279365306,0.21716175293280837,0.2186247741494115
1142,0.450904425854832,0.3081667935746291,0.4512768591656229,0.18103410540291928,0.1825767378027051,0.31156411178717125,0.05347136478919761,0.1819815986715988,2.6840574020305322e-05
1143,0.34967447511938177,0.24539079890198698,0.3527875904237326,0.21764781944516387,0.2184246311971597,0.2435813533369011,2.672566498162263e-05,0.0794605827967892,0.061120197177562466
1144,0.31992383834531174,0.21862164632141887,0.31936879089615233,0.21039134970200654,0.2110352386432876,0.2170052147387666,1.7692527103751207e-05,0.050990981369534526,0.10020340081587086
1145,0.1257117984799995,0.4325326285719354,0.12472684002817072,0.2091809636063346,2.6351842629848928e-05,0.12292968311811603,0.1250505802434671,0.21173811482624644,0.12484790644410348
1146,0.30984416419430677,0.4361385479962981,0.31652010904090255,0.059916973596531004,0.03319969944488287,0.418741528919553,0.032499025003076866,0.03300429105298472,0.05257643957588772
1147,0.053040287216482074,0.4741424300989642,0.7141664806990231,0.09712950838540836,0.09742178543319319,0.09719878011426368,0.09645789885009781,0.09642709694508016,0.10012199626132884
1148,0.22098771201802608,0.2920219243141919,0.2176969297113716,0.29048161017721547,0.29041359464178207,0.0806949644226142,0.29353124375393685,0.21961590737323022,0.21867652461056228
1149,0.9002478098034609,0.6164786926016325,0.02653772669818709,0.026081733138240134,0.27434773112989663,2.6265131643787837e-05,0.030077068733728313,0.02980041841739703,0.27232682490769305
1150,0.3524766727305698,0.2411630311510332,2.6797632537988616e-05,0.2179463465018809,0.21463747132317,1.7539905534437652e-05,0.35352567316090144,0.24243969904658358,0.053088685507685494
1151,0.21396067637274316,0.1461071109465912,0.21237894213943584,0.052240043869010086,0.4179382714232456,0.14519833902725307,0.14595884062079229,0.2129548953377097,1.7685287297924912e-05
1152,0.3109713954940666,0.43478465507237235,0.04037495195694621,0.060017529055094,0.2088884555185133,0.2086394898901909,0.3102630304259744,0.040590742822096244,1.7689294859389373e-05
1153,0.15720855469295775,0.4373948439442413,0.15801278435113458,0.21251359130551128,0.2123906057802975,0.15639262241751692,0.07837917998311339,0.15752746438353574,0.0535352413675939
1154,0.23980610945418765,0.24045511300542904,0.23691641542233532,0.2441501162701664,0.240543079784996,0.060415644951223105,0.23764978853491855,0.08038593429510166,0.24197247666415156
1155,0.17543523324255603,0.5811293998929051,0.1744903769379476,0.17510313722165657,0.17388216360138414,0.2909140302155665,0.2894131179055783,1.7587330536750246e-05,0.1762262284117862
1156,0.4497845411978703,0.619538018109806,0.45372413234622555,0.18157903536329947,0.18247558674976483,0.18250944713661246,0.02614193885764994,0.025806913481928137,0.09935857720021814
1157,0.23596623461782776,0.161713786991114,0.2346657927128777,0.4358121667521722,0.23610730958322526,0.16357116404849656,0.16259300705667443,0.052108812955021726,0.08090759111734179
1158,0.2125393539279846,0.43748799113585546,0.21264424615651398,0.20838542082592623,0.060070414985262915,0.21306568458737082,0.21036794443157364,0.10254037874004512,0.08055037310592512
1159,0.3139463984996451,0.4334029994155716,0.31063516603742275,0.20721673457322354,0.20771351725267828,0.03402577285787604,0.033286172762985636,0.07852076396617537,0.033070320575616194
1160,0.31257409216123505,0.2211360134484292,2.6363627467198878e-05,0.10628893844076545,0.10558017174812073,0.10620226110034481,0.31322731715772145,0.21921422960242576,0.10599227315726914
1161,1.7915229232942128e-05,0.4752918298089636,0.35815873492901884,0.2420014480155755,0.24225516379200765,0.35760793002596974,2.6711991117742645e-05,0.10090174670207726,0.053103109122938384
1162,0.291093298619816,0.5872169357469482,0.29213823680648393,0.28796270486626263,0.29122976312503296,0.2908607472008467,1.7729529896038536e-05,0.03010204279507674,0.030044025279971256
1163,0.17983819812529575,0.3095796216333753,0.17945662374709653,0.5484225634742568,0.1788740270884799,0.1815854125532113,0.18010491988186378,0.3096688235332868,0.09948776283943143
1164,0.3508695744357751,0.16311057165056073,0.3529476882867948,0.1091750275825528,0.1095660224615908,0.16175513500588248,0.10834010616905398,0.11074861680457927,0.16358124345483407
1165,0.21380880810923455,0.21862968381571096,0.2126683975448177,0.2105520052335965,0.21023454180373607,0.2126506189711961,0.2196248238839419,0.030130580748337583,0.029782923860880238
1166,0.3103345595134699,0.14604828960788185,0.3122815748178069,0.029976575936216724,0.14506783901189288,0.05194763586218661,0.029953038462916033,0.1456009447926083,0.41623171251159646
1167,0.6263798692563,0.14587147049083446,0.1451225666976961,0.027460787963913862,0.026022974611668064,0.026909082176345994,0.02649810766402913,0.14558832417007742,0.02684773217142936
1168,0.23850296445636168,0.23920721795446234,0.23735792074336062,2.6287738371413644e-05,0.48361959761002865,0.24223783302769125,0.2401492568555358,0.05184312932837393,0.08082929921021814
1169,0.2933311804594028,0.29375994111565196,0.28993675052876655,0.05237823758463999,0.578020590887895,0.2916742161442451,0.29520493454182,8.985781006293498e-06,8.822113281088634e-06
1170,0.30020018550568806,0.6210566728971196,0.03992134436993733,0.5469829349504131,0.040066531103598556,0.30197432951394304,0.30033993991207547,1.7930810406416446e-05,0.05204943923889041
1171,0.17657716088664285,0.4817214318137086,0.17713276838648667,0.21892321000892562,0.21795629332525646,0.1758923660052726,0.052838828258663276,0.1756854535836924,1.7906645981191106e-05
1172,0.316780921862789,0.436891515486509,0.31914617133909895,0.10453676725894526,0.10494698001627356,0.10608929147540569,0.10441051355535051,2.6152394398068884e-05,0.08096472373857642
1173,0.02990661973446898,0.14408907039871532,0.3118406438922989,0.029670450943334842,0.4176865407694097,0.14310430522537768,0.14480607229687945,1.7772864202406412e-05,0.31201913451260027
1174,0.31336197009964123,0.4408277441230032,0.07927064443290137,0.21130327647260216,0.21053992932960225,0.3143063213863992,0.10038650881857507,0.0519772860019393,0.0601110587220623
1175,0.17919760233662116,0.16104837676934372,0.1783083051024502,0.4823933411651294,0.16076662660846147,0.17987374740139003,0.17919289147739392,0.15993127703414634,1.7887254216498164e-05
1176,0.8734576365828973,0.29110645573141564,0.040282701934778654,0.291687730032365,0.2888847870712424,0.29099465845686634,2.671679425237143e-05,0.04011306221627482,0.06232296813184661
1177,0.5188791661072664,0.20641604434349467,0.5186698848571626,0.2723078282830092,0.2718181989566808,0.20751521252877905,1.7878313484053153e-05,0.2050858121982313,0.07959220033850412
1178,0.2356196364013481,0.24632203869000346,0.23521979390297365,0.4376649338872514,1.7626945633321722e-05,0.23698362648310198,0.24288302294943862,0.06018424841592746,0.0982223265731773
1179,0.21358789016019744,0.4419812955682483,0.21415790645107602,0.21087644730638905,0.20983159041510505,0.061279937336456175,0.20910894016210313,0.10057876768100198,0.07978205843513372
1180,0.3104114155747746,0.4306628220148595,0.3110269340058674,0.10461624128378752,0.10527035627519123,0.10423207495655434,0.06067129016851456,0.10525962351024722,1.8005912256843235e-05
1181,0.15694484368156197,0.21903959663238284,0.15848774521998835,2.6098581126560772e-05,0.15743226509062555,0.15669259320170364,0.42427684516182773,0.05183084223829499,0.21889003605712948
1182,0.35702600348172925,0.0809980028984177,0.35897350346289053,0.16167045345322656,0.16116743617591486,0.47835838042528034,0.1618641907580314,1.793961884872084e-05,2.632233763854605e-05
1183,0.1747794761454241,0.19643426715921875,0.17304973341904412,0.17591675500993129,0.19479495987388754,0.19501513809276394,0.07982099014769725,0.17664873299617537,0.17456376087413336
1184,0.30222001160610706,0.0608211748408717,0.30209289494926017,0.5468144584564084,0.051031837477766316,0.6237646720663246,0.09983869583341774,0.29940296690085305,0.07886364883203627
1185,0.353517431474466,0.16288209826930483,0.3522518009940978,0.21668960964311582,0.2168008836241857,0.16063741835723144,0.16230382059465173,0.05813311132122966,0.07922017225976016
1186,0.2138127582331676,0.14639332457250415,0.21407969543439812,0.14486553444742295,0.4201447113890912,0.14619313360749817,0.21421530074719478,1.7981816507004552e-05,2.6226471845490068e-05
1187,0.3125405662786037,0.14361971884678512,0.3118906910378306,0.41766325061920206,0.14445805072166581,0.14451954787288504,0.026244224205856558,0.07949431399684123,0.02633557763307093
1188,0.31541799993426345,0.2214316035763378,0.312450947193281,0.0297302332308784,0.030477749763297472,0.2197696044254059,0.42066804110108724,0.10058884865975706,2.595425985495093e-05
1189,0.3578535497094708,0.481164501074672,0.35852021976939863,0.16029940428971035,0.1619851640747237,0.09893856009759114,0.16101525247320245,0.06133682992362874,0.05241362292992949
1190,0.21860106694799603,0.291843953917269,0.21729051495307558,8.991677854504692e-06,0.5813967015400454,0.21846835147169796,0.21974490650685408,0.29138032539707387,8.976305916938476e-06
1191,0.30050820777569553,0.3072445073340847,0.301559292861395,0.2719561578923387,0.051497925277026436,2.6356568956762535e-05,0.30948292864493127,0.30180421782856154,0.274085286874868
1192,0.35044196540360945,0.2419520153037249,0.3512748238616991,0.1451054709480433,0.14667270321105835,8.954024098763706e-06,0.1462356830495451,0.24488103951271828,8.985072254378937e-06
1193,0.21427044149890484,0.10948351564848238,0.2128945770237166,0.21087454493581895,0.4210866917084149,0.10945019504673899,0.10943878086908042,0.0597137784939755,0.10927099150694844
1194,0.1238555249325459,0.4387076979711842,0.12515663828997153,0.41887081534532145,0.039684655785102316,0.1250965137682642,0.03921797766478972,0.12488719584649836,0.12407436543114643
1195,0.31279915104173095,0.440293168087284,0.31430168361750777,0.10645116972647936,0.10516596190574425,0.1066589420948744,0.060418838878759734,2.6647873047372644e-05,0.10514624463884202
1196,0.23822479523700066,0.48178305971675084,0.23948452952506835,0.24159307225174387,0.2432379044216177,0.051900751220828864,0.23897157473204853,0.05926779191314787,0.09806976781614819
1197,0.21984541816031922,0.5881138643990171,0.2177804520019398,0.2924333646896831,0.2944393198915899,0.21914852233368629,0.0987940752383906,0.21839871700412788,0.05117407448261918
1198,0.45098317154823353,0.20828842639547165,0.45050558780758093,0.5459599888294911,0.20674845316912535,0.20668405002132287,2.6656287809133128e-05,0.0603971804908136,1.790160769063533e-05
1199,0.35579320974417766,0.24517104319806746,0.35256349600901987,0.05210149309732392,8.886952329581052e-06,0.08184353102308008,9.050762503319755e-06,0.0990938475371658,0.24450722387778048
1200,0.10614432244499866,0.22188776665637913,0.10566404231718274,0.10720140394294221,0.4244563917337325,0.10645980973761626,0.10709721697557127,0.2196122837929783,0.1066025559052869
1201,0.6225574993071809,0.039918332261633584,0.4294466976473021,0.10505988768043296,0.10490086158613997,0.10472226014235528,0.10482197979466787,0.03971994986175641,2.6294210356977062e-05
1202,0.6302995453846625,0.14710119621301931,1.8051310977352343e-05,0.14093644990417145,0.1414421217356177,0.14608343670245463,0.14511075963392925,0.07908564076636035,0.1415109652159406
1203,0.3556932627035568,0.48188113950010486,0.35926818344526856,0.24237764570477996,0.09814132032807406,0.059748414357636274,0.052624383164571034,0.07804683909333558,0.24074732550584432
1204,0.03380596853530261,0.051926413493385525,0.4383052462912639,0.28878365989698207,0.28754932142418865,0.03368797382606808,0.033515168447142044,0.43589702863477436,0.5846903607058294
1205,0.22434575230781711,0.6201487031300529,0.22572666918987538,0.18364472703810816,0.18199926114436585,0.22664707544828822,0.22705117426549384,0.17993713679582254,1.814083785038516e-05
1206,0.23650741692191735,0.24630618948659008,0.23416922467998116,0.21887798606594666,0.21610221031544494,0.24503475982240439,0.06025482086700113,0.23482504120235184,0.05332816310183081
1207,0.21343654195446246,0.21985966199205634,0.21324625927244778,0.13960804979099986,1.808879930317511e-05,0.2129521659134004,0.1391764785298146,0.13960351975505858,0.2187438852282852
1208,0.31079600211976605,0.14487032689636367,0.3113365275557732,0.21052474539920737,0.21050681723769818,0.144598603038854,0.14243770437166017,0.09936476069541239,2.6565936994415058e-05
1209,0.3146352801688693,0.2195440220388796,0.31600017782610124,0.09872486991329342,0.21469151963190616,0.21068102742719685,0.04063429625724937,0.22096631642008197,0.04000856373121756
1210,0.15958689548264599,0.1594609601618309,0.23731315448931087,0.48357553655952606,0.08022310815013309,0.23721092886614545,0.2384065590768398,1.8299532758123454e-05,0.16003747427602075
1211,0.4355098603175192,0.09916477180232333,0.43741506074684006,0.14536159629748915,0.14602484827776196,0.14404809160644985,0.5863590146121019,0.07978748914221927,0.14512778094514897
1212,0.45129200170277994,0.20762860238403846,0.2725978264320094,0.2738515947676898,0.10177760433726556,0.4461078892576714,0.20890510505416104,0.2080275869783734,2.633610127488398e-05
1213,0.17506297597821815,0.24558183970498718,0.17800368115062692,0.43324378001119207,0.07922118063882606,0.17653837525837643,0.24268716407779473,0.10113516133386385,0.17697429364633224
1214,0.24653478093018008,0.44289753163757933,0.24721744023263026,0.1406829792063173,0.14036245769477168,0.24574861646181936,0.1389937394451747,0.09980201312063879,2.619092061289879e-05
1215,0.15617354257844962,0.21456799707961005,0.15583980110937734,0.41506443093336176,0.15559624453986462,0.2161969844413872,0.15595897593013608,0.05011601184174394,0.04949489552820603
1216,0.20933925797858985,0.21653948867276376,0.2103511712951157,0.21020974748010876,0.20920503042652158,0.2093942751085901,0.05255199986857079,0.2181691913314894,0.08019608999203381
1217,0.3595466554163496,0.4794576127276005,0.3584206684812095,0.24075520257430263,1.8169035471121508e-05,0.07964491506956844,2.6541609998482897e-05,0.0520424174093813,0.2427305612957755
1218,0.8673581225214683,0.5810003310299039,0.06047493889620789,0.19258280490781135,0.19099491094598264,0.05227042063946339,1.792606378562539e-05,0.19400516665968204,2.6617616831709336e-05
1219,0.4511327732028191,2.6274644955854686e-05,0.4511199045272957,0.017467850603923463,0.5401949761682834,0.30949707999886394,0.31173169323847916,0.017326492506881286,0.017558576494443548
1220,0.35405081658811227,0.16469509392545692,0.35406473099033464,0.21929412081843905,0.21867282564693138,0.16203683552527576,0.04954247896328861,0.16427522838991596,0.04999254698451483
1221,0.21040262079547115,0.020178927885371855,0.31851367319442786,0.2098162171141759,1.8112747403076764e-05,0.32059660554219876,0.019936328497458838,0.0197703326955609,0.05267826468410939
1222,0.15507161699740346,0.21633859450207052,0.15519771986979491,0.26567524935254205,0.2675490209477578,0.15557256620708737,0.21740788275990927,0.1561661265453539,0.059515610732479116
1223,0.20757682727588886,0.2173998934564356,0.21081031570643638,0.2108397089272403,0.21983796505127717,0.20986838637940733,0.2078820509994169,0.060467425269343636,0.08147328352168699
1224,0.23809806987190554,0.48175707390582423,0.23741981301523937,0.4847477498934212,0.04059817033832459,0.2371058060424797,0.040538020276864824,0.09906381254830435,1.8025382988333556e-05
1225,0.29122605346630626,0.19401780379182357,0.2926063619571101,0.2918773426743453,0.19748736621740481,0.19532403943901425,0.581302065652531,1.810604415999394e-05,0.05921501047358253
1226,0.4508280222946942,0.6227305725376576,0.45127810806885155,0.1366774545195052,0.04990123180491938,0.13598646178846782,0.13703199814348116,0.1349108741626261,0.04962551946652153
1227,0.35222571466915853,0.24372063931180638,0.35407407522947837,0.14494381116131508,0.14584912188092472,0.059905436651918574,0.14477709513499584,0.24322604709950688,2.6097160122414383e-05
1228,0.15921102167284457,0.14549756613843182,0.15943819422236852,0.41954362377440313,0.14704375603605743,0.1593080978125646,0.14657751158462426,2.596085604134119e-05,0.15867659187178648
1229,0.15591636164354228,0.21679408472159664,0.1560875263652362,0.4208133580822619,0.05929153584702314,2.634716650307586e-05,0.1559427347809126,0.15547306439379222,0.21697445704601848
1230,0.3128310684797684,0.21933830071899893,0.31457655183366706,0.42084661007992763,0.026973450215900863,1.7908335027573475e-05,0.025580050206527635,0.21720004324676434,0.07818841807845062
1231,0.23878146563992333,0.23952306884110067,0.2353032992854703,0.12021307333592572,0.12089241473094822,0.2427955112142729,0.11958638991790004,0.2409050645560341,0.12195493147488476
1232,0.4381119605009514,0.2927095477968246,0.43350202886686395,0.1940292140629369,0.1924715324875058,0.10069053655677089,0.29469931378046776,1.8160699321086695e-05,0.19401957111697743
1233,0.2253400927549899,0.3111625157816247,0.22628283804681507,0.06061911354382601,0.09903735421382734,0.3087236240631142,0.22417503393853058,0.2255117392112797,0.5452885788711352
1234,0.3504195131607485,0.16230831947147092,0.3532975633392443,0.44192924559942115,2.633744421846858e-05,0.16199575319313195,0.09914741404797525,0.07966504496466652,0.1640590510959104
1235,0.030459700143690784,0.441164715692912,0.1595147478330355,0.4181168086112631,0.15965814858673363,0.15930418421362424,2.629542557353711e-05,0.16165026293282844,0.030868940340044247
1236,0.309168971198908,0.4277708129959063,0.3116068524881292,0.20890445267260263,0.09801984188936544,0.209322731035225,8.99216811505065e-06,0.08104646164798042,9.145588648561703e-06
1237,0.3148957136049723,0.14651040858263795,0.31150162809559107,0.1410547612283967,0.1410351842316044,0.1454819568370793,0.14564477592908565,1.827617988426681e-05,0.14147353014396447
1238,0.2382822877969093,0.48250725233187625,0.2384243172696383,0.12116633136807786,0.12046799781571024,0.23834923867934976,0.059697999567085526,0.12229114409713499,0.11900295117516121
1239,0.43820924681525275,0.5865092591324551,0.439097876529459,0.590059171659607,0.09968074002215192,0.026202038076733766,0.026717647338212733,0.05229957962583125,0.02696290498490772
1240,0.29987168777242207,0.6193504122767343,0.06046426270656973,0.18304025662084447,0.18354246873654204,0.18168265451930607,0.29831905051890234,0.30302251885559234,2.629950734208479e-05
1241,0.23528270643186233,0.49065582009157893,0.23591245894182833,0.05999731293508808,0.14594192864886382,0.2351613463853238,0.14463079639969037,0.14551126145707483,2.6506225748396867e-05
1242,0.15914922118556854,0.4416993566020084,0.16008580388518348,0.2082793083567584,0.20882109195001636,0.15893051108819797,0.1607938436784839,1.8226255079562386e-05,0.10024967287892715
1243,0.311058700676631,0.21528309951311772,0.3118343078511653,0.10520635224924017,2.5777104012637086e-05,0.10604933384047416,0.21704226557987283,0.10507812039035878,0.10517250657598684
1244,0.208268524530458,0.4380734942185512,0.20914979794152655,0.42185193597970505,0.05836918396006539,0.05304833761821608,0.09876733790117495,1.829269346811444e-05,0.21047069209977984
1245,0.3573040585904243,0.01758446445966771,0.3557485983487829,0.23988838127956094,0.24246644819246432,0.4787106031230251,0.01740831173682293,1.8319820406834907e-05,0.017939022614691373
1246,0.4370219404967531,0.1962515597565748,0.4393101664655693,0.19573103568096648,0.1938952260334762,0.19706807332866108,0.1914968811586929,0.09946836971903471,0.19517243177778576
1247,0.30145458689716015,0.20637476211719089,0.3029459041218255,0.5496053953826255,0.05167120050524525,0.20346256488518089,0.3004672298967674,0.20497437152403375,0.06111689968738556
1248,0.35253746782449463,0.16242168339625043,0.35289974868674795,0.21703761215213155,0.21683749435563018,0.1617652719370705,0.16275818238521295,0.05943467025153583,1.8267315032737022e-05
1249,0.2124878638806188,0.4381157379025597,2.6455182051436067e-05,0.20929991899102207,0.2115618030222771,0.21250575783750544,0.21200698436479534,0.08039952518139562,0.10235077804059545
1250,0.20691000684041827,0.21631173787496988,0.20888195937307327,0.4192241020050292,0.21625621863080116,0.09801963331961991,0.02973880576915262,0.20560972673297642,0.030668812708474474
1251,0.21067986317257847,0.14527557700615248,0.21034618010577644,0.4264638138849912,0.09887235814555013,0.14681387694350093,0.07787285815677743,0.20881461301523996,0.14611024900595507
1252,0.2329662919331243,0.6160287596053815,0.0788373240819604,0.33727671428932193,0.23244181188385885,0.23258042771249998,0.33554489078801397,0.23262229319003228,0.10177533355568247
1253,0.8700743054418965,0.2934608671000365,0.02629122176368465,0.02646689417144415,0.5927211102455592,0.061141779136376626,2.6243199164450773e-05,0.2944902243187066,0.10066563416681276
1254,0.2557865184277121,0.6221797404657449,0.25687251192951366,0.44301792222163344,0.05215461694840716,0.25604901364536947,1.834943112296937e-05,0.06015783121278921,0.10080247736715009
1255,0.709346097247095,0.24650984707976487,0.2436945512008641,0.1464510693981304,0.06078919297661361,0.14546673148781722,0.14529392413142508,0.05405542973564775,2.5977264285797615e-05
1256,0.21433165587425818,0.14427858775476085,0.2115065544926645,0.41890832506205883,0.0590165151349643,0.2148182155859877,0.14594511315412925,0.05248958685123413,0.14674866778009152
1257,0.20648067011354235,0.21607377931767038,0.20637850707976824,0.20641276316557342,0.2116732204214474,0.2161727936070193,0.2069491459705214,2.6252528181490066e-05,0.05227940678474669
1258,0.050153924294085196,0.2179688163182761,0.31283727140314666,0.21330597486985553,1.8212022684848345e-05,0.313218391964324,0.04955049807427656,0.22020872614662776,0.2120263926415818
1259,0.14287027501685706,0.47750446401550667,0.14369715164031202,0.4824258353934139,0.05326114541965751,0.14339950766806625,0.14289555356776215,2.6167946782955826e-05,0.14403583071546183
1260,0.4320967203178813,0.19706092481036666,0.4379652947241124,0.2916871417838855,0.0523906497420595,0.19584351901338673,0.1948545746744701,0.29117685649395003,1.8263430092224582e-05
1261,0.45180289550101654,0.6205537572445469,0.4526083999955975,0.1098279090756874,0.10989595619903088,0.110017229835716,0.10924909203305404,0.10955563627233908,2.5966164507835754e-05
1262,0.23523726184711277,0.4820850102155414,0.23427940062423844,0.14485771071941592,0.14708073807524666,0.23496432070842485,0.05315371932033594,2.62011087803987e-05,0.1456635322715504
1263,0.31839737340907637,0.21834018913839587,0.32112104821714466,0.4205315855438513,0.029967626789861705,0.22162428325233946,0.08033900156170247,1.8406913457273942e-05,0.030100083692285104
1264,0.6234498781450232,0.14694255566293088,0.030564463958457137,0.4207956981133194,0.14446255410654427,0.10008277710733623,0.03063459617118532,0.1451578805359466,2.5936669741510017e-05
1265,0.15599286503405316,0.44060372806144027,0.15622250780827182,0.14142715707520018,0.14156979649086335,0.1583588291373477,0.15787314012580347,0.139919976187085,0.10105947242185034
1266,0.3581055193595325,0.24192714455069883,0.35881282667234704,0.16290906824078955,0.1590072557586645,0.07981994221257217,0.24240503177146103,0.16041447865074862,0.060498986989211884
1267,0.2899582234038579,0.5859976791750294,0.29287878387846755,0.029718693368018547,0.29172431594894227,2.619238159868033e-05,0.29059261301034806,0.029941867126062536,0.2900100143707441
1268,0.4484192715819814,0.620058912865969,0.4535512947172981,0.2728994428633977,0.059467193320109926,1.8262191947546534e-05,0.09942485237486015,0.27434033686615866,2.6051880984475806e-05
1269,0.35341911262172104,0.16469108834819737,0.3510136268255077,0.08024234376096562,0.05235622170264139,0.16295811887935754,0.16377763894627506,0.10226632321896552,0.05923804934510875
1270,0.1605453997357427,0.4356549713956962,0.15921336005405815,0.2093552614336694,0.21054027804673597,0.052076282724569094,2.6092345320509885e-05,0.16078223580758436,0.1604671600549591
1271,0.20894487616011215,0.4370113451899563,0.20904621749593053,0.07912726837634533,0.21091391791245043,0.2083675481847186,1.8243371246646917e-05,0.2064302668050929,0.05250818263305662
1272,0.20818657479822456,0.43919060988680325,0.20692930811480634,0.10544461759949746,0.10550775952930226,0.20999681079846735,0.10613108355706,0.05164104375730643,0.10519197559422808
1273,0.23979762909262983,0.24185547097510435,0.23766531783331687,0.2420414686495929,0.24379799838045926,0.2393831376889359,0.2388843585639325,9.242338213795724e-06,9.172038923442616e-06
1274,0.2917467434096611,0.29108833659670713,0.2900003414841276,0.19122165645605482,0.1948955720952852,0.2911705690858188,0.05389601827371239,0.2915118028010125,0.1938506667222825
1275,0.29997445283456825,0.310992938920826,0.3112701375843313,0.18132742993503462,0.18109880688261115,0.3041653860952418,0.30156199308654436,0.07949025631758538,0.1805386678544055
1276,0.17821050586699158,0.24539895712304347,0.1754091149797597,0.43614260496486434,0.2441243789723887,0.1780783701066393,0.0803881602426985,1.815108126795512e-05,0.17701684130130746
1277,0.32099536677394075,0.10907552702744151,0.3193245516791881,0.13941651347326814,0.13949505428648876,0.13992274252884238,0.11026004457810487,0.11067202180197687,0.10963040809109711
1278,0.20815772512824493,0.4287886915266732,0.20719921766532193,9.153098517089428e-06,0.41400176507913633,0.06068470756259827,0.20706414399805181,9.160360438066963e-06,0.07918951711169504
1279,0.6298062253469432,0.14525211052616782,1.8298512468019287e-05,0.14042945138728305,0.1402279997359168,0.1454401197136322,0.14056735133546186,0.05226613129352065,0.14512929216912465
1280,0.2377515358202221,0.24097853127097293,0.23703921465795644,0.4764240553502293,0.24207467941319738,0.23854568779658122,0.030201165983048464,2.6243960320564337e-05,0.02987798107213243
1281,0.2903160770912468,0.3591906230431107,0.29165640268826093,0.5778233095509988,0.05320273370513504,0.2926121193568733,0.04926289012415196,0.05069628609720456,0.3599539997400706
1282,0.2243121480524203,0.619290195135417,0.22624329034524082,1.8491390632518994e-05,2.6239561602303403e-05,0.22580183053204925,0.22467342537486568,0.5505620824940892,0.10053814621585098
1283,0.17678143197407892,0.12157940562144395,0.17752574358441672,0.17685784646302957,0.43229006700170014,0.12263931181768895,0.12189761530325896,0.17731218879541474,0.12344074714116865
1284,0.3211540813902706,0.43826800519790043,0.31948777216482266,0.0842240039642799,0.08388216139556508,0.08399647597455005,0.08305016243163804,0.053035307077866405,0.08354182359124063
1285,0.30771620042824493,0.4329143599041662,0.049800399353978966,0.2122353776844918,0.21029881136199408,0.05011971649874127,0.3111244950243195,9.303146216318056e-06,9.260338760591843e-06
1286,0.20893969092068854,0.4408182262870297,0.20791343893304925,0.1414619425101797,0.14156558395552774,0.20852196148769755,0.08132759949097142,0.1417648059132725,2.6516226540854867e-05
1287,0.2374281213958652,0.23842218074664567,0.23682146537431223,0.24112382710713934,0.026307985915688375,0.23609019338936263,0.02666974996697299,0.03970183466341646,0.040011462464194535
1288,0.4383673852774783,0.5872398100011137,0.4377085716217229,0.5831274887419774,1.3193637169595317e-05,0.04025766494758357,1.3224377929551282e-05,0.051542076725113024,0.040054333573008714
1289,0.20713514799207955,0.20647065172674697,0.30169347198065405,0.2711581644964226,0.2751209173089646,0.2983474815205664,1.846887823493274e-05,0.30109223034821675,0.20693750948032918
1290,0.17615234799216475,0.20502537174783425,0.177922901970154,0.21811408780496028,0.21752876689614584,0.17624245812181566,0.1776348055118411,0.2069730867471872,0.050783121134889614
1291,0.32097113201344485,0.1094737899830261,0.31801410503062505,0.4248395407078236,0.11123677172238293,0.10924964092274263,0.11007559042669812,1.83413788672656e-05,0.06050216058137095
1292,0.6208262934241733,0.43528031133926165,0.04984582330157986,0.10375282388483359,0.1026161495299996,0.10483957386827379,0.04990056792515056,0.060772717486527135,0.1041378055355988
1293,0.15814529706177577,0.4400131301292769,0.1568980997711522,0.1402629745080736,0.14133492135089423,0.15664014240547167,0.05968051146428487,0.15746693275115464,0.14155826612192082
1294,0.01326627666019997,0.24117417000624383,0.012993213107208992,0.2432740811666779,0.24388448262099402,0.013352923775815132,0.7171029509377153,0.23822586072617902,0.01308607012681081
1295,0.1949875033076717,0.2939961203513111,1.8613639434844117e-05,0.19373287209181422,0.1918176537780398,0.2950819462175588,0.8695592231983227,0.052820879722103635,0.07886450257024434
1296,0.29995780465537847,0.3092133931400112,0.29873968231336434,0.2708053724642258,0.2722867616028082,0.3097176532477935,0.3028646313626801,0.05237145191608361,0.09908551849597999
1297,0.17454104255874267,0.17587745962725143,0.17754112821151882,0.04039597378128601,0.040062451727124984,0.2433079514375294,0.17709631352757702,0.4346417186804709,0.24326175911645942
1298,0.1588649322444605,0.030713695214415113,0.1598220716867255,0.2108622881182844,0.20869791520364608,0.1587470951588307,0.15927399638827164,1.8659233325931562e-05,0.029942777303980046
1299,0.31202112734784965,0.4355170303764614,0.03020516547463395,1.3120744259986658e-05,0.09865504788495978,0.02993782596886855,0.31063376383535757,1.855549184007365e-05,1.3074032964670841e-05
1300,0.20897511332977928,0.21741139121082403,0.21015116027439343,0.21214218917694252,0.21300856980833857,0.21790667657530682,0.21070458457937266,1.851292253952073e-05,0.08041451844116176
1301,0.1782847592245213,0.2398683438737976,0.17795495889609675,0.17772287491016742,0.24170766997542534,0.23837974307906984,0.17961239758964456,0.05314092783037187,0.24267938372754516
1302,0.434351856319924,0.5923101985008298,0.4389389989255292,0.1452707061531965,0.14447737923580461,0.1456798257367234,0.14502156421570359,0.06011679291470416,2.5890354161040848e-05
1303,0.22509680916806266,0.31087006743337103,0.22442754611267096,0.5413345253180443,0.05183126319866736,0.22539863635026855,0.3080317166544398,2.6173938227916296e-05,0.2253401766582089
1304,0.3524516001573768,0.24800360755921003,0.35488115186376157,0.2165158200359898,0.03984715008741786,0.2440175483538335,0.04007948826276675,0.21773218487042684,0.06089897475402692
1305,0.21442873736097648,0.21897882290360646,0.2120563908963736,0.21055966861829029,1.8359779789272293e-05,2.619698534371653e-05,0.21258909083163968,0.21952677385891567,0.2088526847281293
1306,0.3119804040134173,0.14197957859912166,0.3126620399701117,0.4194556504073946,2.576772382224929e-05,9.289424475693468e-06,0.1450891858505002,0.14440423336461847,9.283507772206413e-06
1307,0.21050707823008982,0.44222072366762005,0.20850361592935815,0.06165092270217962,0.07917153536768667,0.0504335075249598,0.4189886439611325,0.04961031593118079,0.2097719878108699
1308,0.2392213819088543,0.23862420106743013,0.24017457357422764,0.24423587157216844,0.23776832572834342,0.2403763770507892,0.2455112855257409,1.8385669078364545e-05,0.09914338619551874
1309,0.21711201013204223,0.19630112877152808,0.217155250663486,0.580150133086399,0.21793674614845623,0.19592797803457404,0.05265796907095097,0.19571173064012026,0.21798188820217143
1310,0.2256763668190317,0.6190277076715898,0.22481128971436903,0.27247995534643504,0.27195476790170414,0.22542372388744084,0.2242396513595005,0.053202048450884006,0.0602836304543883
1311,0.7125829391437346,0.19627059253983856,0.19791622100197515,0.10787240044332394,0.10959238772802096,0.10979199180419205,0.10866924208230219,0.025981047707971404,0.02668620502606161
1312,0.379984549263058,0.1912575279675426,0.3808823381299909,0.13973694909595022,0.13954747381996183,0.19191562535401552,0.09995019557184182,0.1398285860902291,0.19175241425175024
1313,0.20736086408679177,0.4351748627751689,9.329957610595216e-06,0.20971127858604818,0.20719806066548188,0.20631118392033307,2.613567530467251e-05,0.20803076258024275,9.311730243275108e-06
1314,0.6257586895885227,0.4394598036801588,2.580428008990478e-05,0.21224429448716728,0.2115659086446372,0.040858038777089566,1.8570825891264645e-05,0.05928243845786007,0.03889511808709357
1315,1.8529831559671092e-05,0.47931221066910396,0.23743998583102985,0.05252544447558279,0.2446136544922394,0.2404844714313944,0.05865406240078062,0.24035736753127682,0.2397849276012769
1316,0.2899645747418749,0.1456239939129691,0.2908629222044902,0.288583073847567,0.2887992935010479,0.14602467957906556,0.14679002390291715,0.29249989190830694,0.14732909565082863
1317,0.1806191563430536,0.31006529416002304,0.18048939527687397,0.17992880897135982,0.544446272819636,0.18012521451316055,0.1804992167532504,0.3104565392507935,0.08118090012040301
1318,0.35428372874664993,0.24384778948443725,0.35075168174958504,0.05140526574087564,1.8501609368851502e-05,0.22000651056980355,0.21824192824124394,0.2420246553234636,0.06121525203164463
1319,0.21254166309494718,0.43696021507134913,0.21205370362362932,0.21216778182672602,0.20903744623925968,0.21241852571363284,0.03982179937290805,0.040569746396889164,0.09892515419523445
1320,0.20797328505181753,0.14344393793240737,0.20655234398611996,0.42184989277367463,0.0992538436798155,0.1438509599843061,0.14295349728467996,0.05978828651103353,0.20744845357886596
1321,0.31437786627425207,0.43803075147239706,0.05985263439605661,0.141744027366977,0.051794348338575505,0.14072329288150207,0.31461771127459554,0.0993376880078943,0.14084309970551565
1322,0.17954809170980038,0.48293325561777395,0.1770668767955202,0.24101627599213998,0.05314830999125913,0.1797804520561183,0.17826602322171076,0.24272046754364185,2.5878440830809836e-05
1323,0.4331580366868033,0.026226599397841124,0.434805427029646,0.29053519643028025,0.29257362131538905,0.026776031071104066,0.09782678328988789,0.5820920757053073,2.605568778054614e-05
1324,0.2992583943799901,0.026650677775757407,0.2984342222540565,2.5980203197755638e-05,1.8642895999592126e-05,0.30194022198345577,0.02684123329212965,0.061273856102181015,0.0991517370191088
1325,0.23578451890002536,0.48723803822824213,0.23714524529313394,0.14358105570669769,0.14562164327901317,0.23503019499033243,0.14518190213353502,0.09960058065859106,0.06024820912406131
1326,0.6392402310067569,0.21922613114526004,2.5825407913780154e-05,0.1001406358288068,1.8704965119531388e-05,0.020276093061674518,0.020156493316892895,0.21894526257220936,0.019896312372400204
1327,0.20634277475378668,0.0865564089343993,0.20786575038414853,0.4148662635443547,0.20686402261496717,0.08622419653128344,0.0872002469152667,0.085869421325108,0.08654123693473484
1328,0.15627773998112077,0.4369769058304727,0.15817489336271584,1.8659206414538072e-05,0.4218428914223888,0.15734344159610839,0.15689110571692383,0.05947346499082861,0.09875404089342245
1329,0.2381967291069631,1.290040114867471e-05,0.23797383343865672,0.23881288746122717,0.4843563422734551,0.09906321666993514,1.3038823197232532e-05,0.24152374854326822,0.23937250454992934
1330,0.4362857852995636,0.29646963034049834,0.43545760399907363,0.19354638044767722,0.19361952405680896,0.19429628075034888,1.8770654685021037e-05,2.589716657459302e-05,0.2920751947921057
1331,0.2978314342201374,0.6232284251765465,0.3005005862470756,0.18329961664111302,2.5897343479233882e-05,0.3000243688523329,0.18190323283047008,0.0790344926394539,0.18387096827776395
1332,0.23430412175697915,0.24623247233288567,0.23622966236897744,0.14579811861726114,0.1463856508696223,0.23644776340656673,0.07922656032885446,0.24177027971578255,0.14459415251400945
1333,0.21460639171524457,0.4388158544858678,0.21311944842034233,0.14031069956587042,0.14017976170400184,0.140967910239686,0.09943499012802506,0.05237390119595682,0.21241435389138894
1334,0.12404264737165882,0.43758018654869174,0.12552884164210693,0.42217235067715814,0.06082949122737263,0.12512058637109771,0.12498378415423865,0.1253597185199135,0.08907378247156097
1335,0.1559626453332768,0.1449596478982785,0.1572034115204371,0.09840927865261863,0.15723288773939118,0.14598910530849715,0.1453123062069053,1.848158225686092e-05,0.15633554680214656
1336,0.3602990206876756,0.08872476976957032,0.35554831361178624,0.0981999374789309,0.039175438073269765,0.040075512579050766,0.4831263966087186,0.07732676625435153,0.480965195083277
1337,0.43543468909946087,0.5831379234478418,0.43594843035296355,0.1436251733922233,0.14424231373507646,0.14480802976822993,0.145657946621034,0.08035911141376319,0.07862608322343592
1338,0.29952226018893036,0.6194159672374657,0.30060324314364834,0.18301143048105117,0.18289234770697696,0.301529894489681,0.04393350073890432,0.18079238285422483,0.04407945687815456
1339,0.23578448148799694,0.49229386698985156,0.23591821008388622,0.10906226716683778,0.10779373326721482,0.2362698046112607,0.10943912853071097,1.8638695031587493e-05,0.10973448176831033
1340,0.21223156217105807,0.22011656343094388,9.377040429642341e-06,0.20864910368957526,0.21166355645270296,0.2197286425658041,0.21145491493197946,9.346506272611133e-06,0.2135010110411335
1341,0.2076721599159808,0.1094795710288923,0.20761859059145807,0.20556949697315283,0.2090624255182852,0.20843017497759533,0.10889967933558156,0.10977172223391579,0.10863898286161064
1342,0.31309323783733434,0.04989298050626779,0.43880387846439173,0.3128016557875474,1.8721654757128425e-05,1.3031320544415438e-05,0.07930751357821245,0.050055614439061404,1.2719994806930354e-05
1343,0.36036287574912096,0.48225281312155244,0.35759687071070584,0.48372351892255494,0.08223250435797157,9.304685671400572e-06,0.10042055933951906,0.09074522735996063,9.283102228139825e-06
1344,0.43748344532828953,0.2928062884975106,0.4383942554755357,0.5770146880658557,0.10114582971921096,0.29293126395863045,0.07978973117597092,1.877049564485683e-05,2.6008497369568473e-05
1345,0.2977370313106055,0.3089208449663841,0.30090268413686466,2.5956257294895493e-05,0.5442330107769878,0.30711862351624203,0.2977768368935106,0.0391942812053082,0.0389540272073421
1346,0.17596847484303507,0.163493798949055,0.17619710793987353,0.04015521724017059,0.1767131830222403,0.16468245029477974,0.1760661802967455,0.16192572879092412,0.04039718950496145
1347,0.3232327472524938,0.1458127565123721,0.31737130368931066,0.21065361979932365,0.14600760307469926,0.049864359451841186,0.20830485957624753,0.14567306411661665,0.048783538189854175
1348,0.30887922047002636,0.43090121770301293,0.09023680119202644,0.20844053573356588,1.8841831294381877e-05,0.3129692348866178,1.294200456072227e-05,0.208997198532544,1.3044511516872285e-05
1349,0.20946903015298624,0.43869462703487316,0.21079205065767256,0.2099722485830178,9.426418832088678e-06,0.2098258350055119,9.356952745690536e-06,0.2135861147188157,0.08906869067236568
1350,0.7139578797064594,0.24045103979931914,2.579826720874377e-05,0.16074346148940777,0.04445736310975869,0.16347821945654292,0.23843747573992066,0.044222746607048266,0.16146687176600105
1351,0.17444869313735056,0.5844560589978521,0.17404868039806148,0.5806070001853699,0.17477151286556034,0.17413214878349018,0.0873025301954423,0.1746067920690583,2.611661359366089e-05
1352,0.30073687160393653,0.2074071668897123,0.2998207113793134,0.2728461261680245,0.3008310988514246,0.2064020375439994,0.2738230247108844,2.6114976704476995e-05,0.20675841364509626
1353,0.23671520714847874,0.16326162243473105,0.2362003648654314,0.21747629755145542,0.16186657883853237,0.16318309475112644,0.23600315213107556,0.2168789543034726,0.08790611663284459
1354,0.21377525404831263,0.04987584416766997,0.21318702384103702,0.21236837211508547,0.21108224805775608,0.21258984276900558,0.43708849747540834,0.07955357485563748,0.05044037498647486
1355,0.619967484824314,0.2151458794501597,0.10455999116103701,0.10379393610399065,1.871381984904066e-05,0.08901199244081785,0.2164033554218394,0.10513107090935471,0.10470817518059829
1356,0.15724847543932385,0.44298790669927085,0.1579414718360776,0.21240098948618602,1.9012140808284575e-05,0.21268341565818946,0.0796701799917795,0.1561158822219007,0.15685362005747444
1357,0.23674769851293775,0.4823649444995903,0.23931762763357664,0.16261974399507653,0.1613968535146326,0.07805960003179611,0.10042701347337082,0.23734904622901745,0.15952470051981696
1358,0.2909402379492496,0.5844563964384211,0.2888809963893055,0.1928604571561107,0.19596481176366717,0.29201656088050865,0.1941617278429507,0.04014345231322251,0.039997191462626
1359,0.22429232070106578,0.309465505096917,0.22591380302431974,0.5474688159860379,0.22667360488126626,0.22565012987995403,0.3118504092120767,0.0493964048911907,0.05025108556317601
1360,0.3545471563711581,0.24381205008464418,0.08736297263289451,0.0780261809667853,0.21823486585017987,0.21922380142585632,0.35578025684862874,2.6029956469162804e-05,0.24355437969015772
1361,0.21438466841105167,0.21947475976345077,0.07976441251745679,0.2121418690885075,0.42012408255625455,0.2189177965719395,0.0799078444109662,2.598527817357681e-05,0.21410658517562928
1362,0.1559059024147721,0.43183150234853895,0.1569003297596396,0.2102357822962792,0.2106614315563309,0.15666620190089586,0.15536565293258206,0.10102732826687373,1.8689835828836993e-05
1363,0.3115693530869055,0.14705265536258869,0.3145038153497408,0.21138409172441394,1.8968358165986143e-05,0.1457927592204815,0.14604584962881734,0.21197069061374638,0.07962118904774416
1364,0.7157144185419977,0.47670136422570214,0.09623882377930998,0.09711563118158108,0.09699465275108474,0.09712079492354846,0.09615971582129346,0.07991973527621823,0.07874173725683266
1365,0.17387846114589783,0.2935848866966083,0.17457902728147734,0.5836047337801645,0.1745268085753909,0.1732730061697191,0.17437543588029425,0.08059773218464329,0.2900489470007933
1366,0.44956025112725856,0.6213872938113768,0.4511279997313601,0.10017614104504063,0.27288193269960365,0.07947595647740587,0.09057190958560998,0.2694714792509325,1.897754899848008e-05
1367,0.3548098529732453,0.1635746114500549,0.35387906181040085,0.1009820051524806,0.21943065185884353,0.16221829059560486,0.16323291593439487,0.21821018689374952,0.08845502455679648
1368,0.21297202751238328,0.44347839747949724,0.21356278722753244,0.139790213988456,0.13992213907563925,0.21158760047639483,0.0989993634277858,0.1401605236227773,1.8661354828225534e-05
1369,0.31120377783620345,0.04498426767218524,0.3119935558838453,0.41808292579555695,0.03931036448790638,0.04957385690067211,0.04010722683248485,0.044328786200084236,0.0501672625372607
1370,0.20827377579848014,0.2211522557371363,0.20866936702792568,1.2919596619702606e-05,0.21224217782816446,0.2105886372724244,1.2915610420026789e-05,0.21160532141535907,0.21896400268328936
1371,0.3559254638734722,0.4824576120739342,0.3591035336094718,0.12045238150422088,0.12107849337864915,0.12121505850154758,1.8621187971080717e-05,2.6034403379334223e-05,0.12047626778265988
1372,0.2918522236271632,0.29625253773372145,0.2899631544724641,0.5814247398088757,0.08976319277803102,0.29424978329626317,0.08082853261259097,0.29154297427646375,1.886852037515758e-05
1373,0.2994579913194852,0.3116488341276048,0.299331169409319,0.10037966945791987,0.026661643980543954,0.3098188356872607,0.3006687773298364,0.026588906617477214,0.026406688324240948
1374,0.7059374560940139,0.07848115885650402,1.8755876174704264e-05,0.14426547452660773,0.14582068938983053,0.48834750507195535,0.14528292179817992,0.04425999947882009,0.044845628983510556
1375,0.31890215584536935,0.146638717191235,0.3193682493633302,0.42064191004275137,0.0994065693828983,0.1457400057663555,0.14578571966038967,0.07641522112033423,0.08858720305359054
1376,0.31126958071944544,0.14467547447627227,0.0883721589652819,0.13968398887056668,0.1386213311058286,0.14535144116541443,0.31283493430248693,0.14360207028629066,0.13931449866515408
1377,0.20935874540329621,0.4382385168551626,0.21053716080688734,0.42024177670438384,1.8780116451455402e-05,0.09071878901715832,0.2091553657001363,0.07914828885358662,2.5600085826286374e-05
1378,0.2404263937230878,0.4773361964454694,0.2374132664811611,0.160185347860083,0.16083531108183574,0.2403910731868473,0.045308725493661654,0.04407236071510173,0.16158325427145834
1379,0.43745946109076717,0.5925086483842246,9.535426002247883e-06,0.2876496664970865,0.0886895721032169,0.43513142316833875,0.28708960008117373,0.07996106955212065,9.487515981319241e-06
1380,0.44632312939963553,0.6202406564085952,1.888672229798005e-05,0.2708359177472016,0.26944108624194335,0.45220426142349873,0.05132415969078748,0.07930557787880226,0.0503560453480721
1381,0.07939247829681233,0.24350014690287392,0.23585353277822238,0.21772699954944089,0.21740045173608644,0.2340378139225565,0.24569500762335597,1.900423519903505e-05,0.2359820564733305
1382,0.10624496281365314,0.43844556922078176,0.10706944581056226,0.21081624582833317,0.20938457260550328,0.10674824015708172,0.10594154950739544,0.10692095608942272,0.10726068911905363
1383,0.20694212603691384,0.4306243835336831,0.2073064534135597,0.13840460191634724,0.13804686137660224,0.20747496909275723,0.13901716358746527,0.04895381592014836,0.05011074630906789
1384,0.02609630385355793,0.21796647204263578,0.3141407820975563,0.02655675262858367,0.21226568817218294,0.22034251026925045,0.026064640867007476,0.21127293955960513,0.31306894204134983
1385,0.35567671676816615,0.4782619246098816,0.08930624480435234,0.24361783531112216,0.24318327424137126,0.07909811657777688,0.0797098737506043,0.1012729478029552,0.3592370443280357
1386,0.28932430934777603,0.19455284556459884,0.28993130215377916,0.19379564838024477,0.1933035720058236,0.28797818765943234,0.195073181502178,0.19652984358665618,0.19592360407015366
1387,0.18059975730180847,0.09922012109725313,0.17940178707922144,0.2745375943845503,0.2725883406445848,0.18084125605363774,2.602634881195698e-05,0.1811650643716001,0.1793909229415308
1388,0.17663433083595714,0.24418351494719223,0.1766749237627287,0.175689502411289,0.43472193864565134,0.2461477233870016,1.902413808766276e-05,0.1769417762257942,2.5651223848747073e-05
1389,0.21422575630550963,0.4368934659310885,0.21327084014028955,2.5766365772929625e-05,0.0891329381229869,0.1399613575002342,0.2136804247762419,0.1406381908854412,0.13803007744689091
1390,0.31134621068165097,0.21557670646756366,0.31065192121962,0.1392347995625491,0.13909623405425142,0.2162356612374302,0.13859219127067476,0.08132466721878738,1.8795430570700796e-05
1391,0.3141682125936301,0.07729863470762326,0.3154377746708919,0.04029507492922316,1.2982382126377582e-05,1.2899731706986535e-05,0.4348992414059966,0.42137331821420004,0.039803847631070914
1392,0.16032584804040165,0.1609122326546089,0.7150748524259846,0.16263400871317618,0.16089536015137523,1.8862482011324765e-05,0.1596157977374857,0.07885067335761703,0.16108547703411977
1393,0.29186722124835307,0.580317003094703,0.29231991312674416,0.5834667111228559,1.2879944339632457e-05,0.2913581172862119,0.09946080185600586,1.2880162060684043e-05,0.08848698860140179
1394,0.22576070084150163,0.30709717634227446,0.22572348100429196,0.5449033859138388,1.9016951887782015e-05,0.22512010356479534,0.22743471874493268,0.31078438077506787,0.07955129708146125
1395,0.35580988076162623,0.24568160470480066,0.3555062960907599,2.5765621191537148e-05,1.9023910385872683e-05,0.07940091812086271,0.04419748223476862,0.04435396670091145,0.242537417376309
1396,0.3187876451079023,0.10854282453060941,0.3179192366255184,0.13817197233123435,0.13862141862423594,0.10899789444894308,0.10940068810783617,0.1399127931253605,0.11037012520393949
1397,0.1555679281790248,0.15642188582468117,0.1562738793198749,0.20982275410317613,0.20924642697983595,0.1562225275871826,0.03922869699877451,2.604860245042365e-05,0.04065038164644116
1398,0.28942589857013035,0.30682553947212765,0.2874498889008835,0.20505141728974244,2.5597077202156176e-05,0.20751425773541832,0.20522446399101976,0.30631844308985123,0.28768333035767435
1399,0.23836806819302203,0.4832737751922948,0.04020680869285174,0.4801369377802521,2.6091665393366794e-05,0.23843949200564063,0.23882386060995317,0.041056006152998425,0.07746928746425125
1400,0.23277015603768045,0.5828421806948414,0.23237039771154877,0.2905137375741856,0.07878111484937866,0.2916622391576041,0.07959576181131443,0.23485230999936083,0.10101932585720136
1401,0.19119366466929394,0.6242433638398392,0.1913832765544143,0.2754738832891428,0.1934691455159239,0.2726657289706749,0.1926898138216162,0.08030623965537141,0.08818615010185142
1402,0.3522149797256967,0.4896247386157225,0.02630543566683041,0.027101093601457026,0.14528024483317678,0.14379458401349118,0.1452768241078908,0.026806708219205763,0.3549950393736966
1403,0.3171779348991572,0.10970803569202241,0.32035995092484537,0.21067666545905456,0.20881437955809642,0.10959953837342187,0.10972158141346955,0.10893754090252797,0.0891895316600135
1404,0.20586928892550316,0.4305737126916047,0.209406183696117,0.03330492899384312,0.03336077938075378,0.2099340699399311,0.03397741382550098,0.4214698828600125,0.08073211743722493
1405,0.2110673157835147,0.4380189160197454,1.87402399345375e-05,0.07886636333859823,0.42596689385847003,0.0879147500444345,0.21013591915082683,0.20825197386560046,2.5563882816511543e-05
1406,0.35879782912979236,0.23828336649831833,0.3571199854519438,0.2400040665728367,1.2928995303387214e-05,0.10128494607683099,1.2912210737037117e-05,0.24363897814137808,0.23928907652747616
1407,0.21938684301220057,0.5890777094857473,0.2173642313046097,0.29039192788201107,0.29205858925503064,0.21821794467869896,1.911862563904461e-05,0.09876836707130275,0.21706991970800069
1408,0.4476265375783527,0.6161952781962526,0.4541747955129791,0.18023151389314226,2.5557801654261774e-05,0.038990680838948515,0.18097988622346275,0.04005204852813633,0.17948938118008165
1409,0.235438578591051,0.4894142021464628,0.23305724097274608,0.2179675009091383,0.21848667218423456,0.2345949622988681,0.08912640306861999,1.9183769360187604e-05,0.10113284099900059
1410,0.3179763829567368,0.2183457992654046,1.8965121389070337e-05,0.20869003162972735,0.31911850237312744,0.2099332259510452,0.22009846827197727,2.566135398258136e-05,0.10009229133804949
1411,0.20736898781345037,0.21701759475329155,0.20653124190722286,0.21065534629918686,2.5817347108384275e-05,0.21597430097133025,0.08132959639104197,0.21125730535030632,0.20730372110118744
1412,0.20912671358804127,0.09001383609949175,0.20882049961993462,0.2098331073904315,0.21191300121252163,0.20809502343088643,0.2101035400188906,0.07929022915350832,1.902222808007945e-05
1413,0.2609283237049136,0.4747985790670062,0.2624779691535795,0.16118770684161277,0.16005325081747587,0.1602691420984342,0.02629341246640804,0.026737489668887286,0.025763525409345827
1414,0.2906231000938128,0.29166721876904084,0.29137600365514044,0.2924620082228051,0.2905048702007144,0.29358328883251583,0.29138487372864597,0.07819464548674629,2.5499361958911903e-05
1415,0.2993358584431944,0.20784856417389452,0.30274803645741905,0.08849869679926609,0.5375002504399867,0.20893244641852604,0.20488308934256816,2.5673031271929114e-05,0.29987777246707686
1416,0.23534695483408785,0.4889378974807772,0.03872263056734377,0.2190044494453364,0.21760960123025608,0.23540382025959547,0.23375351934268385,0.08029338174311226,0.039553622566976136
1417,0.3192272079842225,0.4373445815883438,0.3198703130057501,0.14035156519502326,0.13969613387093902,0.07880450072076448,0.1404737290869316,0.08847456014607598,0.07923058055515145
1418,0.15610320400817743,0.07801034088189435,0.1560296903649494,0.21101322582012072,0.20952706288444461,0.15532950170628512,0.10043167356966087,0.4340338546832052,0.15569779422323554
1419,0.21259925034725222,0.2195665956707762,0.20947273737393665,0.03883604445438525,0.03882455387014766,0.21904983850783447,0.21051198318141426,0.4257636506819371,0.07922658383880911
1420,0.35881837298796077,0.29955704638700603,0.35597578127344126,0.1220307943587887,0.12173813735940708,0.12050824908561142,0.2991358898610943,0.1213397510370862,0.07692479929677383
1421,0.439654001178364,0.1946468443445457,0.44136717200348485,0.5779787105506548,0.09958609307667049,0.196316796265555,0.08663399939208435,1.896650327332805e-05,0.1959642718570805
1422,0.4520986798327098,0.2051658573949405,0.45262425530113043,0.5479138915321181,2.5601861410095145e-05,0.0974151001777464,0.2067042670330571,0.08898461957286906,0.2074158781948813
1423,0.23528681241132265,0.4824832585619845,0.2380852927177475,0.2173383524255667,0.21656707914924592,0.23647418807304899,0.08119624221582311,0.07752315099564788,0.08850329022348014
1424,0.16076777386730873,0.43788178177621667,0.15997370519819304,0.20872344609547333,0.10052588523984157,0.16140621293048335,0.1620515285020979,0.2069067155652304,0.15915806710744976
1425,0.449699323842661,0.572124294393784,0.4462945277699858,0.20306928317833464,0.20234449150908662,0.09002212817929066,0.2025859009948371,0.08099418318718411,0.0994035415547229
1426,0.20941025874709696,0.3132040865177778,0.20911990850672488,0.3097780391333043,0.3123472306997186,0.3190936374653295,2.5726645450443704e-05,0.21002147224151613,0.0793050921692053
1427,0.0,0.0,0.0,0.07826024756550176,2.6145547233377005e-05,0.0,1.9318729965816245e-05,0.0900100069635049,0.0
1428,0.22012184801414855,0.38157643694180376,0.21963713781127672,0.2901299687065373,0.2896299713808641,0.21731356543660182,0.3807030022633717,0.21822446611373258,0.09927166732348652
1429,0.4493649470919394,0.15586967339357605,0.4521691424450263,0.18208238698967227,0.15586773500597517,0.18049577207853595,0.15545112935387834,0.1564012137847643,0.17976653761575634
1430,0.2358441207391254,0.24205328000037177,0.23673195468215216,0.2176572880710994,0.2200122472817418,0.2349037913884573,0.07871282384757908,0.2438790932127816,2.5327560877163964e-05
1431,0.21151931484204642,0.21808894302963397,0.21353323560429385,0.1391444416226271,0.13992931067043948,0.21145551510726654,0.13902719861975674,0.2207084791713477,0.08697294138655444
1432,0.10367948721014382,0.4365989190661524,0.10405302549304697,0.10378310231662007,0.10426987604830895,2.5733262569660044e-05,0.10136403806066115,0.624018742597219,0.07851841182487651
1433,0.19191581543131542,0.2816053523526818,0.1923031684745576,0.28499833909016303,0.28760857583118693,1.9140997407110513e-05,0.1920647201366149,0.19194125976671247,0.2819397734112168
1434,0.715672886973952,0.239748636823771,1.908531988554433e-05,0.10010759497381375,0.24188838725054726,0.24334777947629666,0.2378297800697807,0.07989715388702491,2.5697738236024078e-05
1435,0.29279268315725854,0.5843396629359697,0.07801165254994437,0.1942420494724201,0.19098393236369104,0.2911349270023266,0.09072368381861717,0.19456772566240235,0.2920612935228142
1436,0.2991036547339734,0.30935436333108113,0.3030269310412859,0.27246492180188553,0.27280524035333337,0.31100402523436743,0.3005552375492429,0.07816198940320873,0.07737355240334713
1437,0.234230988923674,0.24408841942287288,0.2331528518305677,0.21777589955339063,0.21699328884642552,0.2435147281562006,0.07946447565744437,0.235550674065779,0.1540253952634276
1438,0.31793896308515723,0.4388671969468359,0.07833533239888206,0.210789896646028,2.594550151922626e-05,0.3187726751332657,0.20850965887626885,0.07627480554111354,0.07848110927254132
1439,0.15700302546910563,0.2149615259937292,0.15588711979348685,0.41741037784100454,0.07618463235401475,0.15499048571338447,0.2155460104201896,0.10234247879003176,0.1557190464704182
1440,0.21117170560652546,0.43878828042949153,0.03970778259730295,0.4246464599338004,0.20984293399435405,0.03946618023765252,0.2097361528617545,0.0498565061984205,0.049649887558220494
1441,0.17957237923720681,0.4816632120893742,0.17885776775922455,0.24091780801820062,0.10003397917458626,0.24184975398881597,0.07949439310060133,0.1781048797079732,0.1784052263306585
1442,0.4337561840626228,0.29120128418632646,0.43521251416222906,0.050065544441828834,0.2917760402698529,0.07859292667432367,0.0498067150123105,0.29016127027377214,0.2938228241850187
1443,0.4531570973232988,0.1538834849406361,0.45015443049678033,0.2738130296561035,0.15458150956512726,0.15445493304968827,0.2735274462810904,0.07847613800870007,0.1549878218401484
1444,0.35520255909846876,0.1624411255473017,0.16242817971370768,1.9157466713703122e-05,0.4410705941543723,0.09915574143298535,0.16315771049449354,0.35268555144000774,2.5695555023855496e-05
1445,0.21200779310004325,0.43600850668019625,0.21473780971515474,0.14054345636557458,0.13989946707160456,0.13940738810625333,0.21289011275371506,2.5645159306400922e-05,1.9524138863469048e-05
1446,0.20689338011677835,0.43257807606917126,0.2079107689077768,0.2099935301806696,0.0763709217126153,0.2069860175048656,2.5639360947985347e-05,0.20941608045401064,0.07759253462320272
1447,0.20837534136803118,2.5862220284039874e-05,0.20894252047050188,0.20816200116443084,0.4229016453216682,0.43473363411263555,9.55159286553725e-06,9.834992438101622e-06,0.1552135973016034
1448,0.2403134472996811,0.23992592807212218,0.2388071430317681,0.24171760286794003,2.5564050338068967e-05,0.24126322782013487,0.24185157667639437,0.23822492308162094,0.099092611514982
1449,0.8737416594455781,0.19610349098036575,0.07646425569185686,0.2883448953937991,0.28698597568989437,0.19645011609826224,0.07711700815337251,0.1952936310200205,1.9263613040392276e-05
1450,0.0798681710863192,0.3120143587734677,0.30199015781678024,2.5560284725640915e-05,0.30300160928831715,0.3088842315788602,0.2991358216274619,0.09940006934171129,0.5463751456697107
1451,0.35507938451332877,0.2436424246414584,0.3510941294238665,0.21820148595692168,1.9230825821744085e-05,0.24438319120664942,0.07993260636232152,2.5649075575922244e-05,0.21818695632550159
1452,0.31728294342600083,0.2199694682869786,0.3199647732711887,0.21150104821194116,0.2100479905055399,0.15462448138914955,0.22130935937438986,0.07895253706740511,0.101106996035926
1453,0.20700190467309154,0.14405768145332098,0.2077430436379952,0.2087192468205602,2.5966019780180567e-05,0.20834849891675225,0.20835894351306047,0.14482131338002793,0.14476398170760055
1454,0.2085670026968062,0.22016287391036554,0.2092874757348916,0.21187450437698271,0.21101688280414324,0.21851656163153468,0.20756431296726616,0.07742100556404681,0.09940242604913917
1455,0.35879725265098344,0.24104050860248813,0.10019763193222003,0.07990316577479682,0.07835631049585541,0.48629263154683144,0.23913813817647162,0.3569956019530068,1.91267467960098e-05
1456,0.4338118376081622,0.5917838241788179,0.4360460045849467,0.1926318476767389,0.19385704006532722,0.19407473199268788,0.078116809620096,0.0399286184589773,0.03970147530079315
1457,0.29990692049472345,0.6220006624310391,0.2999824534731334,0.18091299760205104,0.18137510753260722,0.1825444292031134,0.30035313585984236,0.07870880238343049,2.550644580077442e-05
1458,0.7091150581539115,0.49221310787295036,0.07707473707680984,0.10938778872856404,0.10835833250963388,0.10856920351633596,0.1098799589563787,0.07933319071193908,0.0759276843293553
1459,0.1583882166511993,0.44149167519338617,0.15862051267708252,0.15945703747214232,9.605800076728692e-06,0.16057397342389032,0.09956963232172379,0.42110026021075586,9.456269304312341e-06
1460,0.30747738808939334,0.21764774114269037,1.270912293816041e-05,1.9356815388339973e-05,0.0775623623442068,0.21645555542486863,0.31399232974219743,1.2744219989762792e-05,0.4214014423881989
1461,0.314293505986449,0.21348287640696395,0.3151204975811666,0.21188245706202252,2.5612995805200907e-05,0.14545742682165594,0.14588653743466137,0.0812644572863602,0.1453692190918743
1462,0.17867490410924144,0.4823028558966658,0.1797915955687987,0.24188388761998142,0.24271468195419535,0.17746667982311481,0.17900887707387472,0.07958213079230382,0.10046040864747416
1463,0.29299873137230353,0.28880988051947715,0.2918398498490799,0.2878759568900404,0.2907659109992654,0.07622283983441476,0.07806936252364935,9.58261533998667e-06,9.677970298950569e-06
1464,0.45089441839267275,0.3097558828540376,0.45191248622467267,1.9277300599334556e-05,0.15842625949399955,0.7275856592524504,0.08095518349802473,0.3117548993861628,0.0991940500309517
1465,0.3513420978165893,0.490297556121118,2.553030579553029e-05,0.06812046039433885,0.06742402351000651,0.06814444790039233,0.06765323096493957,0.35184715965215524,0.0809725828315904
1466,0.3221228050592884,0.21906769926517447,2.530115673762712e-05,0.22169303861990153,0.1402996025180611,0.13939327764523396,0.3178093509163644,0.14006218027172657,0.09855093485700676
1467,0.30890878397054666,0.4328470758833934,0.31168049297541434,0.039836154758529696,0.20707251340428795,0.20830041566908278,2.5395972430286648e-05,0.039789991181497814,0.1536534986996125
1468,0.3164052366841605,0.4359182846705039,0.3139928472149123,0.21248955514471538,0.07854859183396509,0.21110763146147116,1.95021525313754e-05,0.04937792736416802,0.04995612076939142
1469,0.2389304711604262,0.09991469466229623,0.23882979934273094,0.4887351050639538,0.2394770309219562,0.23794260007201887,0.23991862878637968,0.08157042680601984,2.5741745861501582e-05
1470,0.13830142174325258,0.5837961530528142,0.13779265979742303,0.5695903190570646,0.13863884809272636,0.09944104914010357,0.13814863830884322,0.08078545109512134,0.1386780683497552
1471,0.299404175755911,0.3089766652119277,0.3013864973689443,0.2720537051459061,0.07847928389444146,0.30862251938733865,0.10001131170525393,0.30378226511339795,0.27268782104145384
1472,0.23505464415284016,0.2422064060765264,0.2347755730520781,0.4363898547985999,1.9232412322211206e-05,0.24447102285717756,0.07993162057157502,0.23441717659996242,2.5784075543322688e-05
1473,0.31799150465592035,0.21693718565734185,0.31980163112906207,0.20980480897571985,9.68377668084455e-06,0.21149905345778275,0.21801077992356174,9.737898369578957e-06,2.5466866707472626e-05
1474,0.30983228115915823,0.21712377622889145,2.5615709121528365e-05,0.2124968824177281,0.15185184159384305,0.21579827167237747,0.20750407178592079,0.10214708674050897,0.31155069159885723
1475,0.6303943911520519,0.21769803930779164,0.0793923985936768,0.4228450029094014,0.10164449984062945,0.04021071315104344,0.15394231853458984,0.039542391322847974,0.21959335323099585
1476,0.1804304235926841,1.2685729043540484e-05,0.17926903189688653,0.16242593101428213,0.1620433956240383,0.1783259749162453,0.17997282566957223,1.2693735304860804e-05,0.16195844244952254
1477,0.4353476046355929,0.2924009953554213,0.4370402714692824,1.9315238059039055e-05,0.07794261646828324,0.29216470604627304,0.28809274346811575,0.15576109383653022,0.2913153286674523
1478,0.30132596018064556,0.05025569578320698,0.30204636444903793,0.05159018007030594,0.2740774061672813,0.2733096443550928,0.08006831354943265,0.2999171994359553,0.050390548904085876
1479,0.3522113479380224,0.2448724655813853,0.35063203552994776,0.14517930800799675,2.544232863900805e-05,0.14518138621764382,0.24593862720298873,0.14423821924625238,1.9391366921069616e-05
1480,0.31653011042424517,0.21902365136602417,0.31730736397332776,0.1397352349386076,0.1393404641722505,0.2194062796095221,0.1402051887910094,1.9215700319988034e-05,2.5669139603769748e-05
1481,0.20800803867493503,0.4378901786154286,0.20623541507182688,0.14184376698493947,0.13965613620382397,0.20492426284112383,0.10009804401641398,0.13821721079710245,0.15183583203109238
1482,0.20797540358639557,0.4375522043481514,0.2113104654242615,0.2119404667399125,0.20929097158069837,0.08021309418672874,0.20822460609317692,1.9413359843328825e-05,0.15540593744592165
1483,0.7169333530778129,0.239070368286198,0.16276342362537344,2.557239686027323e-05,0.16034948351355024,0.2353265013054282,0.07763992851654726,0.10012521014457156,0.16158272582432218
1484,0.21792223250417944,0.2913525292677484,0.21897831463274434,2.5434055358646392e-05,0.29168271533226864,0.21692410884386545,0.2936173640710684,0.2177359127112249,0.29164168518512823
1485,0.05164603194811687,0.30769409745114107,0.45250978823109456,0.2726936495101126,0.44955855679821816,0.30858430339965226,0.05205652411543127,0.27154228393524515,0.05203712108432032
1486,0.35292461617890275,0.12200316988771163,0.15493067311651182,0.2189842549082978,0.2155758978170469,0.12162528632196061,0.1224977249871409,0.3499686724102582,0.12235152723371667
1487,0.15937983961481966,0.439173285877342,0.16018148251810832,2.5317867819095575e-05,0.049960130818071165,0.4157225527551091,0.16057461871874815,0.15877519095218484,0.050312195461735834
1488,0.622077342765014,0.21694539937032373,1.2706394869829175e-05,0.14053873244227458,0.14050788412317325,0.14062646543672083,1.2719267392877523e-05,0.21777362849324647,1.9559866270763798e-05
1489,0.3130995499210565,0.4381246252709356,0.09798235044837329,0.1404067497492295,0.14201508602843502,0.14261930321007707,1.917247077420559e-05,0.31441956388966935,0.0788403012898086
1490,0.23886204627720842,0.2394743600177173,0.23961405309291653,0.24272834933995674,0.23826411250068438,0.23652131696821546,0.243520459255467,0.10022661103140251,0.07892216563848871
1491,0.43402825049770555,0.2907520232837379,0.07813030239036492,0.29036264157805236,0.289956949264386,0.43358866097959126,0.07918988076311534,0.15399913917691987,0.2938904952070202
1492,0.224061219982914,0.3085426725078986,0.22481332348292918,0.2726429023775378,0.2729334890285753,0.22508035789802414,0.22531384736655138,0.31235497561019254,0.15438477706562453
1493,0.2354261324337117,0.24499291602935855,0.2348931422709197,0.21856393107338123,0.09926136350691053,0.23581673993002286,0.21836003242469806,0.1497982442938723,0.240552608333977
1494,0.3188431311427749,0.2210271027221491,0.218757164740125,0.1410111546794073,0.13848044139093577,0.3200002127034924,0.10143378345224714,0.1410886547472988,0.07931430718330211
1495,0.20911076086352062,0.10825465890264716,0.20723942302531514,0.4189170215406055,0.10893776912073334,0.20733768571259684,0.10783323034955321,0.07905107004442057,0.10862396848246561
1496,0.2091161724562165,0.4385903002875348,0.20863598191870633,0.14060656439064625,0.20741091122018784,2.5870935155328006e-05,0.0781530282984146,0.14127069550873145,0.14044185359450723
1497,0.23897733152270426,0.480720268823574,0.23926429980499883,2.532339218430948e-05,0.08011003857836826,1.9481824759431054e-05,0.23664238020549214,0.07788541226185353,0.07638951451784724
1498,0.290935245529548,0.5907460065748694,0.29075826931103516,0.29045219541113027,0.1544655743173997,0.2922954302498539,0.28930873615692065,0.07888867199722815,0.07834483594716615
1499,0.2989284198893061,0.20654965508814407,0.2991536391078024,0.27257176059192434,0.30101568938981876,0.20365945105054964,0.15408754553510878,0.27130109739601604,0.20630910752598844
1500,0.23651732269029757,0.2430832825022419,0.23445004971806982,0.21457747929203885,1.9454754515044648e-05,0.2358944953160903,0.2179280679174913,0.24078419575145754,0.07854728100408027
1501,0.2122622367910655,0.4395870001200455,0.21286803847625524,0.13987415208257953,0.1395694376274474,0.050464002330088006,0.21233709803924375,0.05054060052835887,0.13938132146289325
1502,0.20820259977167455,0.21676141411993713,0.2064823886127335,0.20679672523764944,0.07531399928607177,0.07605679809848737,0.21597472066496345,0.21032831921566422,0.20585894109599034
1503,0.2107263373490312,0.43726955468281115,0.2096530071164776,0.21106336935911524,0.21174385077991648,0.20891853776350913,0.04035890834116045,2.566979707527435e-05,0.03937726183066771
1504,0.35998516819695886,0.24201191924306037,0.35619922048133534,0.1620163338401994,0.16198861902875908,0.16207156106169873,0.1001294165221713,2.538830851031833e-05,0.24136163396770632
1505,0.43626085605719495,0.025593078274473147,0.4358751239733224,0.19388880505208103,0.1945188623876141,0.5895249969995144,0.19129661127113082,0.026282244884069172,0.026436633766309267
1506,0.45170408082822605,0.31277887503779445,0.07851771576718429,0.5484176697418649,1.2878141817064781e-05,0.308032175371771,0.4534142204490583,0.08068544887201291,1.2575125324379017e-05
1507,0.2363770783529556,0.1631102351131776,0.23715254068133196,0.14585833493307823,0.14602924846757562,0.16298077305194456,0.23578820056081154,0.16075149331122404,0.14604965539090664
1508,0.3183750845155823,0.10929664675584382,0.31706767335174235,0.1385152770491602,0.13964141742580613,0.10959654985322081,0.11021605434276086,0.10956866923138517,0.14039881062617882
1509,0.3096915974109489,0.21554652843415698,0.3121279327517234,0.20984463717459345,0.20935693906813563,0.21502165682025817,2.569335654454682e-05,1.9596382386884333e-05,0.08017600996291664
1510,0.20815571445741524,0.4391293634632775,0.21141341113547074,0.21395729513607614,0.21530167787495777,0.20981653312660511,1.9473879852704923e-05,0.09979394531560472,2.5714382701354485e-05
1511,0.35935128459185417,0.15965889908024725,0.07906487764887143,0.24493864847926475,0.2397467278270514,0.15983844404123385,0.35438253242774026,0.16017247682149607,1.956020614285492e-05
1512,0.2896182009189566,0.5883279879097706,0.288976836651836,0.28729642435680697,0.28780120131971565,0.2898335404030363,0.15605528836218463,0.10044258554825826,1.953464880113074e-05
1513,0.17967789365871464,0.6174567802592235,0.18034898146601647,0.5436125280640834,0.07640800673520226,0.18158027664455373,0.1811323356189452,0.18192615616142263,0.0786920166257664
1514,0.35267444353967253,0.24394385957495762,0.3547483450497946,0.14546533476401763,0.14615091837691677,0.1455001400827857,0.03989880221980254,0.03941945579865229,0.24297996495072277
1515,0.21194546132410533,0.43718783667117217,0.21209916049421715,0.1392372582014987,0.1389873983861852,0.0392384093149579,0.13977025617520908,0.21547543178131986,0.039111960492628904
1516,0.2081591796668447,0.15571404635128352,0.2057923838117697,0.20963889778224234,0.20707433324111846,0.15567284670646644,0.2081954735686822,0.09945289234039877,2.528401647557028e-05
1517,0.31551508254096244,0.3051081730538563,0.02618524597602168,0.09898963148635312,0.4276548335303785,0.027079093480148784,0.3048415684922759,0.31165578556241436,0.027208230667343982
1518,0.23637481950506486,0.4782103421869128,0.23917791932631635,0.15303792928080193,0.039393807125569426,0.23805428722828104,0.09993618830464335,0.04098970698894221,1.9691885478929694e-05
1519,0.29162721663921715,0.2909338500674143,0.2909248770792798,0.28994714259299065,0.290162785535911,0.2916074600985608,0.29447287013828183,1.268111350393556e-05,1.2626352190089449e-05
1520,0.3019346392126079,0.6191279873906786,0.30060830335610894,0.07911316092320989,9.834024380266951e-06,0.30126530978596744,0.15409236711843377,9.782763490771026e-06,0.5479336758870592
1521,0.23550714930440375,0.2455611615893693,0.23723537057467461,0.21747005779866477,0.21894215632532765,0.23555022560622554,0.0804940077982504,0.1535832381419244,0.24416730494792474
1522,0.21467103432882953,0.43481435227022314,0.211938661048979,0.14000058093140094,0.09967517265400236,0.14008952431024926,0.1402688491111926,0.21488926038854458,1.9585207666961274e-05
1523,0.15388441138351938,0.21347287185556252,0.15461537618145665,0.20789638163629562,0.20955147034430444,0.1553546235826994,0.21465742862848397,0.15702402670990465,1.9705998005290895e-05
1524,0.2101061756431859,0.21878982478300296,0.20954688913324568,0.4224140198893969,0.07736558053598261,0.21921696601777796,0.20874856755215165,2.5411839923487974e-05,0.07611039930016204
1525,0.3576200274493667,0.1216637205368118,0.3592672519238873,0.24290805893214149,0.24254088549884978,0.12067141209992541,0.1199324932983809,0.12015429585111742,0.10046307500115625
1526,0.17334149669397464,0.5835048533874432,0.1740541309282899,0.5763171818494219,1.973644973238783e-05,0.17409857643290996,0.17495437615928586,0.14803656373149238,0.17576222354084176
1527,1.9583846418009505e-05,0.309912711967266,0.9095827532544769,0.5490990514925791,0.3068872542322392,0.07717662685752427,0.03942945018215169,0.03958489681512452,0.07632780034690888
1528,0.35443995786136484,0.487602080703235,0.35438209772422463,0.14539995025155442,0.07962547373808121,0.14534567532990705,0.14529551115472186,2.538824656558544e-05,1.985241189878749e-05
1529,0.21071222582900337,0.14541674954472325,0.2146708008697091,0.04946856552128402,0.14659034756414122,0.04979920036254439,0.15354248323624858,0.1453496525706854,0.21123755665038782
1530,0.31400099455354175,0.21937496152490812,0.2165174822690025,0.04950979002285343,0.41972028425028524,0.3112942532323998,2.5080580877836148e-05,0.05054827848022584,0.07698064128443508
1531,0.20741599126527674,0.441074701622797,0.0769020033049758,0.21135524476050624,0.21292395309229287,0.2109740889263975,0.0999799369368571,1.9615565166659164e-05,0.21198962901606008
1532,0.23793587327736312,0.23960308756735463,0.23742912428115856,2.564492284840252e-05,0.4818951196566621,0.2386640394528732,1.959550765700096e-05,0.23701258674775041,0.08120191655629445
1533,0.2900848609850068,0.038426995829224035,0.19287996638404237,0.1955093109675323,2.5734239354106815e-05,0.29251339417226774,0.29004721426377444,0.19248622851112626,0.03851698543568658
1534,0.3016036090950701,0.3093997109999942,0.3024169292754514,0.18184819830273571,0.18206973625222578,0.3024633609691482,0.08084849890054743,0.31289317390203025,0.18123196647687356
1535,0.236485539971348,0.1634596242674516,0.15603370730593233,0.16344219886939873,0.43281678242056953,0.23546252741546483,0.1606951531563845,0.07911630505145145,0.2342671538811166
1536,0.039301230471641385,0.21782086354057548,0.3224717335360347,0.4189330566800909,0.07711170649574027,0.2200129679658453,0.31823451623367993,0.03967945893531708,0.07769635154425646
1537,0.12368333901558703,0.0992297324845262,0.12474474121471754,0.12528096679778394,0.15355789169030343,0.1243843789467228,0.41804682104755303,0.12423923448373733,0.07882189497830379
1538,0.31298654756851685,0.43878661595067636,0.3150540505380092,0.14059050531096176,0.03999108225490341,0.1411551906144681,0.14245888487218994,0.1545328155969485,0.04029630401401345
1539,0.17980612708582153,0.23982056322380738,0.17839013645632779,0.4814109625654925,0.1796149146329209,0.2412992468563896,0.1803005557283943,1.9687648672545443e-05,0.09914012845273718
1540,0.29170206917668695,0.29142698970406233,0.29182773804562073,0.29004724245111413,0.28906762626163957,0.2926619004459642,0.15379457622254328,0.2914795666248449,2.5351920011662568e-05
1541,0.4503044737537913,0.2039687509602537,0.4538970052995584,0.2744728624598017,0.27482387750366394,0.2085667371340196,0.20651156111056512,2.5147445000868397e-05,0.08097980824869648
1542,0.17680790589522208,0.48907085290390145,0.039699243645799645,0.21666200496837057,0.17677733678291715,0.1770663063188023,0.21697381794887585,0.17714233240642188,0.0392115879852578
1543,0.2133485251916151,0.21887255775010342,0.2135430141489354,0.21089231275139242,1.9883394798723484e-05,0.2192003801126225,0.10042740797907536,0.07890674635008771,0.15729675379746805
1544,0.20810777737475813,0.2171145300566898,0.20535875358574396,0.21105159302479715,1.264511078369808e-05,0.2092817195646646,0.2074565862225094,0.2174621347363922,1.2726320231887036e-05
1545,0.20843198955137018,0.43610206917696864,0.20883663818727086,0.080733272337727,2.5568680122649334e-05,0.20961093481539925,0.0797102079052919,0.15304559714761878,1.969854165509462e-05
1546,0.2391644191525307,0.2384697403920025,0.2419658542107893,0.23977130642759395,0.24219146121721297,0.07814525467686619,0.2399461587443962,0.23679387842361602,2.5418637838331312e-05
1547,0.2899380118877455,0.582990111007383,0.2922393255303967,0.5816967594740482,0.29136876157561836,2.5307957960965683e-05,0.050921469049853264,0.052842575517256046,0.04989488900123978
1548,0.8980012679544469,0.3081488903509059,0.08175167542697154,0.18270480740967066,0.078961620951288,1.982264091834385e-05,0.18191776539447688,0.18364518085717163,0.3096855061473988
1549,0.23335799362080242,9.887697528754507e-06,0.23471760714386444,9.804489873160237e-06,0.039346723126129746,0.4916242235720808,0.04107935188531906,0.09979823824709681,0.23680217024608194
1550,0.21374529743008197,0.1461628805097709,0.2115251036749515,0.21025984071016637,0.2140674371943018,0.1462326679536898,0.21275440667192957,0.14691241650845557,0.15648307966127292
1551,0.20618425714244745,0.14421628137298179,0.2083271871472552,0.41911667188850255,0.20863544971048928,0.1428819996853835,0.14321019818409095,0.04975880148989679,0.05027796084365487
1552,0.3167945807166044,0.21982324513074952,0.31028023709941016,0.2090808957403644,0.21307053437574563,0.08037842787656674,2.5327084006494872e-05,0.0788402248158252,0.21889454921551024
1553,0.3556470632187855,0.48016157975550844,0.35833550467437,0.16082760392308362,0.15940394293090257,0.16097951502337832,1.9879615548113248e-05,0.15537407467133035,0.09910096952506875
1554,0.21955933349986373,0.291927473793729,0.21830720351873634,0.5793928970845751,0.2958072730743238,0.21796386220570144,0.21615002915086085,9.845837777893745e-06,9.980176153575021e-06
1555,0.44612757321026314,0.30740770243140236,0.4495120375095335,2.5005202490507125e-05,0.07825580918631678,0.30926977475815887,0.5468504932444674,0.07760471234010728,0.09954838747823393
1556,0.7111835820876767,0.2436103312585194,2.5198628981904936e-05,0.07889406794915471,0.17529147692228397,0.24364539916850395,0.17523819423674278,0.17527368476186156,0.07821374225738202
1557,0.31976825526633545,0.21840735941716455,0.32044815085393535,0.07593165577600341,0.21042646753323221,0.07753165323525125,0.21132668275771962,0.21878169140996995,0.07898920919477756
1558,0.31289054611146283,0.14332835093031251,0.31155528682556627,0.2110854636919617,0.20910115228020218,0.14537786777065223,0.10080175175175411,0.1440380520690946,0.07954258917593077
1559,0.20907284660142508,0.4350171951660038,0.07708145094579384,0.15842480163389402,0.2096257820624696,0.20984554585377876,0.21173252598691886,0.07941944503515758,0.2087235086487042
1560,0.1800804761893823,0.16086104969238044,0.17900780220281257,1.987621165151676e-05,0.4834541164608898,0.17801755460862884,0.16013139928464246,0.17842099374464374,0.16098559112826008
1561,0.437738379488331,0.5875676838117342,0.43339402399862675,0.19500957675587216,1.2830213360467922e-05,0.19660672575603513,0.07782920190131477,0.19574239748074704,1.2771118094167947e-05
1562,0.22595735643972958,0.30860849111189886,0.22531710235330088,0.27177269435917534,0.225100868542063,0.09971805675812336,0.2723673768203282,0.22503365977907247,0.31043382317074436
1563,0.3529144726090465,0.16249120638462294,0.354919756633351,0.16131934447855797,0.21991761052181616,0.1637978292648287,0.21696290515768052,0.0778203602745957,0.10032685411827466
1564,0.15876807921956074,0.4405921200737593,0.16039051414106648,2.5251637878446193e-05,0.20858346771739764,0.15913975284246024,0.15951951181965485,0.20794956586867247,0.07904120674877974
1565,0.20745975819144943,0.4327084225684701,0.20952900671916908,0.13993577509253294,0.07695360330366058,0.13981073565745358,0.07741946761709896,0.14067262175241066,0.20848106410251852
1566,0.15747787880051917,0.1454623410082678,0.1560744500785563,0.42397328316762634,0.15676409904720642,0.1455756096246047,0.07800904339330368,0.1566289789673572,0.14554192540794214
1567,0.23777337234929127,0.24038730890841262,0.23820168545055673,0.2412140216680267,0.10025264503572934,0.23736727637690702,0.23738909173410644,0.07790877396662602,0.24025550617401892
1568,0.2914435482996196,0.29355648991619654,0.2931840615737736,0.5800357164879342,0.07907180065372303,0.29007464701367586,0.10056204283723467,0.29097873960973947,2.4977309544847692e-05
1569,2.5069608947736034e-05,0.6192777214501344,0.30113276366925507,0.18071078916457062,0.15616602725757292,0.3017621848420761,0.18330585844947075,0.30152137459465345,0.1833358082302219
1570,0.17789382113822608,0.1641034117826435,0.17628735219977484,0.2183760115501372,0.21789123408991545,0.17677959826007866,0.17793723527861768,0.16362187863338082,0.1619454112738318
1571,0.3181489155671985,0.2197984106352053,0.32101148776470995,0.1399190876433488,0.1401998968795419,0.14011365812908894,0.2194653370233702,0.07839680213538347,0.09938627017525924
1572,0.15471769853921508,0.4303470919146035,0.15621902559861453,0.41558768768895,0.15569570460853302,0.07792520272503385,2.5331933937907186e-05,0.15660134414148472,0.10145429674004004
1573,0.31379820247160106,0.14736598176459456,0.31370656740010716,0.42360457411407565,0.09744402229959355,0.14657086940364053,1.9868432688556558e-05,0.0782731971487445,0.1453699344206121
1574,0.3559255836657912,0.4792931390778364,0.10077460914071233,0.16235261340929474,0.16043904383765847,0.35723605000417447,0.03977318883140496,0.16240934978947943,0.0392474304370489
1575,0.43835360119137723,0.2925101512327976,0.2905422965022868,0.07723887510388946,0.28945202671430886,0.434154006757867,0.2905011786535952,0.04048084623722417,0.04005605439552679
1576,0.2243086711859409,0.3087226361448233,0.22651835949192292,1.9938214573535587e-05,0.5464466555329877,0.22613820291446515,0.31062360563286273,0.22562308193275532,0.07991503088190434
1577,0.11806903640727114,0.49069727609139463,0.11715677005909042,0.11789722943563359,0.437498667782262,0.11813951374969735,0.11851203759325972,0.11745648397471593,0.10752231769910547
1578,0.3818407282383169,0.4369849909497739,0.38344488436043334,0.13999037071721207,0.13828599457455618,0.040135621821062464,0.1394926577723407,0.039795184308183136,0.1104516133796104
1579,0.1549613169501071,0.21498529535898375,0.15578054705994338,0.13967090784956587,0.1400458506297381,0.1554132369586657,0.21881014217235734,0.1396739060891876,0.15627950257990747
1580,0.31621581574101315,0.43585757427142574,0.050147766179473995,0.21197623216383374,2.003373373072831e-05,0.05045662136283632,0.1559687844904545,0.21283114609806794,0.3136988304818007
1581,0.2383967880731491,0.2388844354402605,0.2387045424465025,0.48264627406470245,0.0988519445806374,0.15352087961314412,0.07958584413947828,0.240037844314101,0.2380565089752956
1582,0.1924888470409992,0.5857925445880643,0.8797982988094312,0.1933852636146043,0.03616897590799365,0.1940456880913752,0.10090094723480589,0.037120782400690326,0.03625617606238008
1583,0.9031850362881347,0.20419076348778656,0.054891804002061236,0.2714245196536531,0.27470328606344674,0.20936558304180605,0.2077947435057046,0.05434549249417508,1.9934816282662828e-05
1584,0.23628225649647308,0.48872714572712006,1.00653961785792e-05,0.21813453751995068,0.21768899418568746,0.23663318204657693,0.23509685575019523,9.865829501813076e-06,0.07961964445877966
1585,0.10489398238559616,0.43206560848061304,0.104226704444238,0.10645946678315298,0.10410239605264245,0.6402267009701,0.10387446246164016,2.5341518016009797e-05,0.08014877645544569
1586,0.3943227397747901,0.4307704312699195,0.050325454341498196,0.42217763094227695,0.04985243752552971,0.39405081962912625,0.052453138462130455,0.05304836658755147,0.051476759807601934
1587,0.20824405812320868,0.21844342923870058,0.21066529089702035,0.2097753841341476,0.2123488030338906,0.21068422242509577,0.22086942852385968,0.09941213427405664,2.514822197592367e-05
1588,0.23828368214142184,0.4814601699368867,1.9701560975884716e-05,0.16157555612799115,0.1622566159361947,0.24034295568810402,0.2393896237973193,0.10950150979173637,0.16172364899435668
1589,0.21870849335586645,0.582681786506068,0.21725116844214473,0.2925273512539882,0.2858325573153582,0.21644986363579985,0.10780235241551805,0.1010406987339892,0.21672621729650493
1590,0.2264010510085278,0.30996309898378727,0.22497276971561211,0.27134488565958853,0.2718887472729994,0.22441036064058778,0.2280226132009183,2.5306914819298037e-05,0.31146392345207286
1591,0.23685955206394546,0.24129181677974604,0.2337700260294521,0.2201702105691406,0.21741626037982742,0.2346398561851195,0.10146276395982924,0.24453297702373297,0.0808998783530155
1592,0.21367337982522436,0.2231744986850325,0.21419800401588182,0.20922220886338389,0.20842788369037277,0.21320962360643717,0.22157766968503556,0.15201430795204665,0.0808321643920062
1593,0.20801249577019731,0.21543431740742622,0.2089891984293425,0.2089969334861955,0.20830521649260586,0.20837361968656032,0.08034854846366336,0.10714046894502666,0.2160576251052436
1594,0.31340655879374585,0.1454622896764176,0.31351973975602265,0.2105690632582276,0.14665484443959337,0.14654538531045216,0.21345677819900022,0.1527087413440393,2.5093227066308124e-05
1595,0.3562021546504193,0.23986905206433667,0.35847245551387485,0.24154662608923178,0.10099325632848039,0.2408741868869675,2.554341203518481e-05,0.07965910400697107,0.23993499714939964
1596,0.28881821927099394,0.5786042221310346,0.28975683218385334,0.5859174679954646,0.07888622259477795,0.29199449841535063,2.002828150277313e-05,0.0547583524643033,0.054436267959865954
1597,0.18150546229736347,0.26326828570408906,0.18016875322651468,0.27133690087756746,0.27388952355508533,0.18242672254381803,0.17959054790358397,0.17992196749738218,0.2638221274897801
1598,0.7024418015118501,0.16189983122257065,0.16231330334689584,0.1447467722577502,0.14515402656545953,0.14614668948139573,0.16354156706898795,2.5073733669955984e-05,0.10117149539741346
1599,0.21283732205989245,0.44921668510810336,0.21467811356226577,0.14165982470416505,0.44600946932082475,0.15284961813813377,0.13958414688314894,0.1389570088872916,0.21161221447653514
1600,0.15568159742870846,0.10435893203387607,0.1558367896966573,0.10421259168952458,0.4200208216874924,0.15561615002539325,0.15616120747971568,0.10369102230599686,2.017750524534814e-05
1601,0.21059083746572405,0.13946311496834668,0.2089275088306203,0.04032228522639437,0.04017602498959094,0.1387413954376982,0.10866275225154537,0.20770132685100784,0.4199087026365497
1602,0.3585318170890619,0.48063177254209843,0.05452382546527021,0.47900066559998644,0.05336693217996042,2.5321102420954513e-05,0.1553351848880244,0.3544117346037963,0.08035821618967837
1603,0.4337262983792347,0.10777343608587533,0.43768639919842345,0.1932295127541592,0.1906495752843312,9.91475370438309e-06,0.589203252928978,1.0068584526566007e-05,0.19422970443893073
1604,0.30396099542579696,0.30709017329580995,0.2994036467557467,0.18135048835438616,0.17949851923484297,0.18311705543725795,0.3061293407586933,2.0158270397123294e-05,0.3005774876258529
1605,0.23759392681710909,0.1629474235684434,0.23680244921917637,0.21822728640575426,0.21871563765896118,0.23461955269434018,0.16160730061626424,0.15456406600608708,0.16405333486811433
1606,0.21373332241808995,0.43684913555193416,0.21249024871312194,0.05479835136299321,0.03998746230426458,0.0538904317148303,0.10107060165046686,0.21315073509308416,0.04056946177410669
1607,0.2081125742523642,0.14397722599162693,0.2072835359185814,0.20990141545489951,0.2098219425667027,0.20623877732965787,0.14240050961371167,1.9881806858583197e-05,0.14410140042476707
1608,0.20988403932069385,0.21888532232602192,0.04067951008582055,0.2109001309100755,0.21145411684291618,0.21818715216637435,0.039572370838844635,0.21084645880778433,0.2084814801841636
1609,0.2368874327883657,0.47877286440941164,0.2375676560114007,0.24182920256864182,0.07735572359333438,0.07711980998766226,0.2418942561253322,0.10168330605730592,0.24025517280735884
1610,0.2933704344158807,0.5821332559578937,0.14397742387359241,0.14585616670021204,0.14433594780273717,0.14443648326715333,0.29062233645948415,0.2922642851813572,0.10891391364035716
1611,0.18083231783868584,0.619688304269572,0.17942693538615692,0.27520051249477134,0.27303618344659275,0.1799407344085323,0.18036509994995994,0.18084505177115107,1.998725194145037e-05
1612,0.35257369054187065,0.24295072122212902,0.3558481096706301,0.14399224769129582,0.14467742259470348,0.24255711384151088,0.14506554122679502,2.4945738663506672e-05,0.15016446033951508
1613,0.21388636161683972,0.2181664533990068,0.2100392510359256,0.21076825925781842,0.2108457607477618,0.21802242742264186,0.07795243015819617,0.07698526686349778,0.21209222351082768
1614,0.3121316155859404,0.21676299596874435,0.3093470319792112,0.20964029137747603,0.05550796509278131,0.07992275003746807,0.21505936558088984,0.055145197259218515,0.20931685569165284
1615,0.20881166453957842,0.4377259910567015,0.20990228080239548,0.21143345501634883,0.21049660973778073,0.2089477361171276,0.1084380380357502,0.15034873092679452,0.09887834810479805
1616,0.23835973590616036,0.47946952257117387,0.2397440120164912,0.24140933155045202,0.241473147258649,0.10075364021819631,2.4919757993042824e-05,2.0239336897483964e-05,0.23713597774489267
1617,0.3877033346533127,0.3850806893118915,0.3877238836825736,0.4214016492793574,0.4221771284422498,0.3871428444356249,2.028951227212355e-05,0.1534118945927577,0.39095538267651486
1618,0.3753675010766195,0.2064150791741107,0.3741292232780327,0.4426454998219612,0.11248288227775531,0.20780785999073734,0.10127206247230669,0.20652465670669792,0.0781963270806141
1619,0.0398921166730827,0.2474361877990115,0.1923854154433177,1.979906994637513e-05,0.4342729190951082,0.24353314371980683,0.19292431377759947,0.19371245789366084,0.040756720874647843
1620,0.31882957384860855,0.14635250800103478,0.3209375978728564,0.42343700032205034,0.14972848961232813,0.14526628774458392,0.14695777325268622,0.050148013089534725,0.04944288006040007
1621,0.31050458164251826,0.15498024338756886,2.0047220670891746e-05,0.21033697184667655,0.1012218212754329,0.31325596969713887,0.20721288729554535,2.5191856661766938e-05,0.10851438799993414
1622,0.07958740273479607,0.43480278786299054,0.20856603987977965,0.42555403937914266,0.15168246080077388,0.20965283375612284,0.209825709787924,2.487642219634478e-05,0.10902961022888033
1623,0.360110510304804,0.15910349727406006,0.356030772714616,0.16144855596217914,0.16172724703597977,0.16183444255692228,0.0785989616853457,0.1593156628558721,0.15968036801945598
1624,0.21851085315620353,0.585547150822399,0.21803419117304051,0.2907215321949955,0.040289108827126906,0.21914268358347358,0.29187621227766347,0.21971747133708788,0.03979241023534671
1625,0.22575879833096937,0.10806858827678946,0.22664933795001782,2.5192626679955354e-05,0.22450433879892645,0.22593177960522376,0.3080840072279158,0.15282390473717397,0.31029565356832717
1626,0.7048806824213523,0.24395640516058406,0.09864325665612689,0.218458694458679,0.22021903760987266,0.243802245681091,0.15126068597857797,0.08076802886453638,2.0292479187942057e-05
1627,0.32012786574019053,0.44030930809460345,0.31858134979003333,0.09832318151528349,2.0087854804987487e-05,0.10477059508889264,0.10489960705276097,0.10638111456252702,0.10445529689048631
1628,0.31325384922706084,0.0496572622379258,0.05067983745549574,0.4163758004802128,0.1540042563849346,0.4320421648975219,0.10681207326587872,2.016750637516241e-05,0.3121627544825625
1629,0.3132368567646087,0.1454545555023608,0.3170646562708637,0.21166549482481112,0.21223550195342392,0.14586263649072798,0.14569705552094644,0.04028803756270584,0.04002760356997736
1630,0.24135377218152348,0.1595198353619761,0.3557378044737694,0.24172044963780165,1.998223328643879e-05,0.1602040588082461,0.3586877045671228,0.07932874146214018,0.1598988437111678
1631,0.21986406068730607,0.5955586930704285,2.0098570931759107e-05,0.29118963829058997,0.290825050419756,0.21854733150573522,0.21719390252315213,0.21814081437308241,2.4997396606186882e-05
1632,0.22607105873549604,0.6209712024428805,0.22581791584237768,0.5449644505982606,0.10778505606251136,0.2238224556922353,0.10009893327992668,0.22702555983487233,0.1491959190762961
1633,0.17623495854539994,0.4908998277802178,0.09848002850150506,0.4362153463266272,0.10709076116439402,0.17709952342253857,0.17636263707813551,0.1531172589655002,0.17731222023783735
1634,0.6374099718924737,0.14591188420924334,6.703251617374759e-06,6.687299594461712e-06,0.42193860028611646,0.14798684820130015,0.14624618542371917,6.679228881189038e-06,2.4954997961845206e-05
1635,0.3108614831033549,0.43712881540557375,0.3121691411132833,0.1408016226363317,0.13816249746232187,0.07773983519634138,0.14023188170390852,0.0771340178322856,0.11003733833355187
1636,0.3130301090445647,0.44340044390447886,0.31374729009548025,1.0018681356471269e-05,0.07822706632032486,0.1098037534842345,0.07850157425408438,1.0061861623538994e-05,2.504764309541186e-05
1637,0.7136863031575995,0.4784182026364255,0.1209982290472076,0.12145930150937721,0.12252561699693924,0.09893864936583596,0.03983472870710797,0.12138225983180831,0.039996282930419624
1638,2.0013117624296462e-05,0.5892631333056607,0.28788815061821366,0.1934122277377703,0.19119227168411398,0.28991501615543513,2.5135350661884772e-05,0.29358980906358306,0.19393297129516432
1639,0.07970349183455543,0.6211921534267938,0.29798230350269367,0.18207540492756594,0.18088452492168197,0.3008362041429823,2.0101510220924253e-05,0.3016196346412611,0.17942971524998694
1640,0.1410105042888419,0.48620196223106354,0.14108930338098635,0.43325829419315515,0.14113448027739184,0.14065547349151264,0.14003627987517087,1.254249051888731e-05,1.2336171273250663e-05
1641,0.21334138320784604,0.43375337656949653,0.21364247748802026,0.13984564500527266,0.1402881149966941,0.1405526909364204,0.10879433194653669,0.21388348721163206,0.15676274255973063
1642,0.3128763496057037,0.4361884973259341,0.31207255382498583,0.42096341644031093,2.0075846454407278e-05,0.07804001482812901,0.032733571479266664,0.03368484334352753,0.032758392859253964
1643,0.31420696304372514,0.08753605710397917,0.3133243042081086,0.08707594107384785,0.08719629709925782,0.0875604337646372,0.08799852439440045,2.544730493821267e-05,0.07856225478988738
1644,0.14460413323819551,0.09870686843590447,0.1429998360611959,0.23994363005893266,0.15450856594068452,0.14281131123173765,0.24161997034792468,0.14211726673784592,0.14264221541276229
1645,0.2904724717131878,0.2939854738165095,0.29223990735484445,0.2906171471251551,0.29344700807388613,0.2901245086026722,0.2908357342848377,2.497548754526236e-05,0.10055804535453527
1646,0.4542408322101756,0.6179979895309187,0.03981356654487521,0.040868407584304725,0.13521409572358756,0.1344392998144517,0.13626850995071274,0.45073609511116375,0.13696712876275333
1647,0.17491139754390245,0.49088124838075364,0.17641027910017915,0.43739435485867556,0.15405769906078773,0.17784770026023786,0.1772613898168793,0.10747562080857648,2.0451522291781887e-05
1648,0.3197626304311505,0.13959580639608773,0.3213869873786604,0.09901412659145686,0.13919223360837357,0.43602909836601933,0.07739905584755057,0.1398981452862326,0.07744671669372309
1649,0.6240950179725808,0.14405113255164934,0.1393726203830053,0.13935296879576456,0.1386837828949499,0.14498960285841775,0.14431927243383605,0.08015830375338637,2.5349231416428603e-05
1650,0.3123397536590912,0.14521709962909624,0.3150467006618915,0.0993972166377999,0.4239752701500559,0.14534381360375892,0.05457095171556422,0.05397433198470377,0.14451167067770623
1651,0.7173668306513314,0.1608528263659243,0.1526811890105525,0.4841633817693159,0.1610347781008928,2.5116844966272174e-05,0.03990903524469717,0.1604755683101211,0.04055056667084021
1652,0.4366835970350908,0.29649344792387344,0.2905423036816957,0.28808312141074244,0.07993590724042059,2.0048171658506696e-05,0.4357112280386071,0.10701790693629405,0.29302367407298624
1653,0.14955844472293833,0.2718950059527305,0.1497088646639926,0.15100309356118244,0.2734992542806043,0.15021429230636055,0.15118231828840897,0.15248690819676367,0.622660150395589
1654,0.17794674127396032,0.48966111099927584,0.17680820547842252,0.07857499229024406,0.17667445516325367,0.22113019692614186,0.2182609978886277,0.17644722256983142,0.14869588906120457
1655,0.6409549136032223,0.22068185383054467,2.0133375233654602e-05,0.418382557313371,0.07806208253526926,0.2184843156015284,0.034320820418387375,0.033336597979953954,0.03313230917734749
1656,0.31138528189894527,0.2152432743051705,0.31017497275623296,0.2107725190424505,0.21022275480954963,0.053676901423858885,0.21668021095726678,0.10138908510253897,0.05543360617635025
1657,0.1567692368109178,0.2171791573702626,0.15729815501666075,0.42550244819994926,0.21671286409720933,0.0988885719261485,0.15658541347918506,0.1571843760473381,2.021488963709367e-05
1658,0.23952519983873646,0.48258370293149255,0.23782834959590013,0.160017436988949,0.15950423748200093,0.16074515152613195,2.4809353342352186e-05,0.1533385553181853,0.2374103604604044
1659,0.21953344880188225,0.5897580163355509,0.2189405768664824,0.28673385656707256,0.28972290033011855,0.21863145139145837,2.028634667615542e-05,0.10863261664920004,0.216092557499495
1660,0.44873069730021836,0.15420062349060226,0.45121581355776164,0.2708735133970854,0.1556181038664088,0.15509872432652494,0.27110918500201653,0.15630404392868144,0.15514151748883964
1661,0.35410688458787953,0.16212359948729022,0.35435484242987664,0.16400688321354676,0.09898948503028353,0.15288091613177612,0.16202661818524008,2.5444395349641675e-05,2.021802817947758e-05
1662,0.21421707092193978,0.08087527098183578,0.21182881281645136,1.2639334792128669e-05,1.2561430742079362e-05,0.21201030005406138,0.41926500558990865,0.050978317713081464,0.050421732123639255
1663,0.03922228867089808,0.4328928895052087,0.09935948508004232,0.14077008139869537,0.13924524869745156,0.039580044205987854,0.14056702631655393,0.31392352496566406,0.3092521394829865
1664,0.20653159982143474,0.43919480140365885,0.20810476944559383,0.0775156246518583,1.2675144611369469e-05,0.2104758361396594,0.07612871322783384,1.2485665653103498e-05,0.07996989707458159
1665,0.09963353697597943,0.2394684179638698,0.23832171568862015,0.16034324139191442,0.16167850128008104,0.16197562990224149,0.2389758729666215,0.2388805034950595,0.23750016773541485
1666,0.4379080962794055,0.2940312460128353,0.434348669129475,0.19092265932588628,0.19281169883338636,0.29148027971311236,0.11144286789947476,0.1921650752209281,2.505068913441336e-05
1667,0.30124625321652543,0.3105503405988618,0.30011054722631286,0.08152087911719759,0.5375003496475188,0.3097578484713323,0.2996902993524437,0.11051291070265491,0.10067631856407387
1668,0.35536475249847044,0.24435696465021683,0.3566129897328101,1.2396481255811032e-05,0.10873073514954411,0.24617364501158093,0.4363274816562341,1.2465158520063189e-05,0.10073033034281828
1669,0.31940744057750553,0.21958660999651333,0.3205340987232372,0.1384196029990459,0.0994085903791884,0.21827999390860764,0.13798345988948815,0.14031015119378148,2.0459978034180883e-05
1670,0.31293622595758636,0.21553334303896152,0.2155979106416881,0.21136268611503475,0.039528636722257614,0.3115911057134663,0.04103420877106891,0.20909328856934317,2.4913221930640894e-05
1671,0.20969813070986074,0.14576625339338783,0.2096712258140794,0.21141047708160418,0.20952181767962175,0.20841997151008487,0.14594141795781815,0.14501715511154092,0.10018339502544008
1672,0.23873940764277643,0.2407294698886651,0.23797787138450752,0.09839318135986315,0.48214259364386447,0.2387929346155228,0.24002812102151985,0.05429247801877945,0.053160373490671854
1673,0.29070348049908057,0.5837173225840979,0.28990371078725813,0.2914412496788001,0.050163158962001596,0.2919446475052652,0.04968176639840227,0.29141510957013445,0.07930005325683398
1674,0.22308813236919575,0.3092258002264079,0.22601535348585516,0.27303985535869185,0.22437991326875706,0.225197682034284,0.2730366123227644,0.31202266597370926,0.10985587154162779
1675,0.23488375827387845,0.4915467640839974,0.2353982739428884,0.10119847095389625,0.43526081229390223,0.07672900276648262,0.2356534124718094,0.07617141800342864,2.0474673512675628e-05
1676,0.21136689610420775,0.14604325169923135,0.21249461409652928,0.4213922601333142,0.21424658146589692,0.14644466325024322,0.14705854564913406,0.10063456089577699,2.051693558022894e-05
1677,0.15618975484472256,0.42832851806970396,0.15511105083221668,0.1571742685528233,0.15775460303845204,0.2090371986931013,0.2093298814301943,0.1009351039492333,0.15521652356347757
1678,0.20959035466067977,0.21770245018257192,0.2100326901442021,0.21127787067378936,0.21210379214072106,0.2097009713344241,0.15425364377160847,0.21810452549152107,0.08130981458263216
1679,0.2369569056558732,0.23981374821253118,0.24104986317259117,0.24271700014133,0.2394487137047972,0.2371062335597315,0.05417039332990665,0.23984384409181303,0.053323230117649535
1680,0.4360980264800306,0.5886308717315529,0.10741070348785343,0.19332466541642235,0.1007828339833349,0.19523126710665895,0.4370039516821169,2.5064942435103182e-05,0.1929359419177663
1681,0.2999938447836934,0.3109398349744497,0.30982505849481196,0.2727024739181726,0.270089572510299,0.09732144219633436,0.29971763011840014,0.3006795276334358,0.11116179817187324
1682,0.23528755307424784,0.2417946132370619,0.23401418196205184,0.21659013253722037,0.21878067649536007,0.2405100648494054,0.2332445060143804,0.10921431505267293,2.053329801812422e-05
1683,0.2528554608077122,0.10851993170600248,0.25401237211485483,0.21023264139680778,0.20866687597669198,0.25426946437785386,2.4742769573896214e-05,0.09984573396472748,0.5798526417801665
1684,0.3105461264792211,0.4314875295083686,0.10755880876085672,0.20958625588289506,0.20717044720425906,0.3115615674894261,2.0512546460355075e-05,0.1543477062465071,0.07865855965806244
1685,0.20883478833842425,0.2198593668233973,0.21716972019197858,0.10825190999219536,0.2127124394568321,0.20982407305484332,0.21194973017289173,0.15248900970522544,0.2086210758103075
1686,0.3538643761045113,0.15863306731493132,2.0381140033785352e-05,0.1615916594739815,0.48223221359420887,0.15924010320376486,0.3573174020546249,0.1062414231951298,0.10854188660276141
1687,0.873952939846804,0.2907659472638773,2.4842547602612564e-05,0.2909437145582666,0.10350106764917598,0.29121884985188035,0.29342142454910874,0.05395325049461932,0.0537514610505748
1688,0.22496781894982892,0.6228859484400929,0.2241083116889057,0.1814574253420167,0.18148105397356484,0.1818569415098837,0.22399827228608443,0.22748492244546042,0.0990895006389604
1689,2.0484641561243952e-05,0.2431351635561256,0.3509239799163159,0.10164539165745283,0.24505365137748114,0.35216477312698113,0.04020331674701925,0.434526857310467,0.040133742643204316
1690,0.2137082948488114,0.14601534564327212,0.21209168202594963,0.14120731951330764,0.14140725309616237,0.2127337433047628,0.1456664963757664,0.14588301275274843,0.1392450964918955
1691,0.20612122352749151,0.21733982525442652,0.20643156878192814,0.21042179145968937,0.20970771428822446,0.20800701619624362,0.10425786528877011,0.09820343530055892,0.2169222431676281
1692,0.20737850368971014,0.2085982059185133,0.2106992567132274,0.10551437106707001,0.1047928866446205,0.1086025542040306,0.10628888499235283,0.10502780584841967,0.0803140209738855
1693,0.23812152594089764,0.4803317905230105,0.23743692938742056,0.160580606721459,0.16344582104110952,0.16113908208472097,0.23711507249440641,1.2599659615280129e-05,1.25826910219137e-05
1694,1.244691289644663e-05,0.29204335050071395,0.8683217892974763,0.5796999517590469,2.0382812949310624e-05,0.29123803671048115,0.10168057467505354,0.07836804380750811,1.233824297052469e-05
1695,0.2997002332383613,0.2057533602464483,0.2986999472016762,0.2753735678508492,0.20811128414477018,0.20525935295298878,0.30192528818046144,0.2712481440341345,0.07989314778503469
1696,0.09920072199687385,0.245157792256834,0.3517214539219659,0.21796788560319835,0.05156258214537714,0.35280956974353206,0.2416022496803306,0.053103150338850276,0.22063063130749708
1697,0.31874655379103123,0.21954246922663015,0.21733751554943137,0.20943945880002027,0.20965664013333077,0.3198994193222677,0.04556946447336374,0.045513697201219026,0.07989996176579232
1698,0.15535264348466066,0.20829310878695742,0.15585407821427116,0.2082021428463648,0.10096668054949436,0.15522004200538572,0.15556357464767506,0.4339310045704162,0.09074631012547538
1699,0.15795222252936328,0.1571773302041425,0.15695134157174379,0.43614901483970453,0.2115190357659664,0.1562646344762169,0.21302506702944451,0.0904376814499962,0.10114088057230662
1700,0.35652888075236205,0.1601469636079604,0.357457346107702,0.16186513957115106,0.16111773717023112,0.15976522190793233,0.16059859589443332,0.1628365609140849,2.5042743088176622e-05
1701,0.8658164512634072,0.5918415264964342,0.10114671834893377,2.0492347034806924e-05,0.05325525289736602,0.28906370080125493,0.05121657497568277,2.4993766197532523e-05,0.291193846744294
1702,0.29988410600923787,0.30965794224643545,0.29926873045503105,0.2733325097863538,2.059724340306339e-05,0.2725943270666641,0.3023086673289426,0.10619735084925899,0.3088090662855854
1703,0.3511027771674533,0.243215510336912,0.3546748692048037,0.24610234440147885,0.07998189696286431,0.2184740945968836,0.10148075007597368,2.4879942841132303e-05,0.2178700185108246
1704,0.21079829257529795,0.43669533967499896,0.2155091403334399,0.14010232550036575,0.05171853119408769,0.21228076205886348,0.1399829167009661,0.13926682150857425,0.052941882197093254
1705,0.5040211141617098,0.21463611101223284,0.02625462128424158,0.2102326548875387,0.21027406755922676,0.21757600076021433,0.027146428757211613,0.08909123991523787,0.026761691575282003
1706,0.3138838058967775,0.21730121332193678,0.31523406216143157,0.21157563031612245,0.21755125549728255,0.07980293589295354,1.265881414029223e-05,1.2303939784987861e-05,0.211299456332622
1707,0.7214130397235746,0.48354565655453774,0.09958163794388646,0.16117919330728728,0.16228766275153095,0.16120254662725622,2.0625713138487902e-05,0.10314943618598743,0.08006153484613203
1708,0.29159325224788707,0.5848202239687811,0.2901318015853604,0.1937444075351545,0.19456718525653613,0.10270576971730702,0.2917793857751668,2.4825242222719133e-05,0.19527628162706576
1709,0.30133605903250565,0.31141027236900215,0.30070390647740575,0.18300041682196114,0.18065107244086576,0.30166819569262304,0.3121133810523098,0.09009140464919063,0.18092929949968664
1710,0.17643362381860525,0.48778761263234083,0.17613028662975247,0.43648841935590627,2.4892295719328465e-05,0.1765704247955427,0.17800848456327895,0.10096925807449374,2.065853032904796e-05
1711,0.31899918719012194,0.21846697741053805,0.320377073938067,0.20951503171400182,0.20688199094076426,0.05058764856446211,0.21857301946544166,0.10408636585641426,0.05017675942384649
1712,0.31093089996074724,0.1441372172884439,0.3094696434434224,0.13932576535902222,0.13973658342854636,0.14391442480789182,0.14013021136898884,2.0443960756916106e-05,0.1434665123408785
1713,0.20992254130545082,0.1462581127799319,0.2089938224162624,2.066717883832423e-05,0.10258733159246777,2.5138208729359652e-05,0.14470762348934255,0.209354665484244,0.14610843987329467
1714,0.717513581972603,0.47923410030812896,0.24081158485473222,0.24156461851499003,2.4833755089326698e-05,1.0294393672961097e-05,0.08932604916668056,1.0276914050492388e-05,0.07979956104516424
1715,0.21818185062773665,0.5884639225274626,0.2167350084214091,0.2904271950062351,0.29151376960754655,0.21671745074052334,0.21756814255638193,0.07895219436516526,2.5240381646589723e-05
1716,0.3003390228870562,0.3052349555458775,0.3040780790290481,0.10330320269276481,0.274094921791067,0.2763001573820413,0.10000192376287118,0.2977220681232476,0.31217956343273734
1717,0.3555213541526395,0.48629781499544217,0.03481311436870974,0.35578929417957306,0.14647565137807847,0.1462595141784119,0.03472133284584116,0.03508246020591631,0.1446691419227526
1718,0.15837626599521656,0.21900574221972352,0.16023982507933243,0.2089955205960974,0.20773491628647087,0.15955655369670657,0.16092645292853733,0.21935421234975183,0.09935217573329871
1719,0.3072182008745102,0.43574298026985764,0.314142004931278,0.20843394856130418,0.08001804882590331,0.09073420827814552,0.212939162629749,2.0596236653198537e-05,0.10304827596527012
1720,0.31223769795567463,0.14573645529897603,0.3129973408902898,0.425132472588662,0.050171084358489514,0.14581192534465837,0.14508218002608386,0.049471147989726974,2.0738417579967133e-05
1721,0.1801419429932689,0.23881284913959128,0.17880768163931604,0.4869184739365522,0.17979210441885254,0.1788213781103294,0.08040249960470043,0.240245040980652,0.09990354527072175
1722,0.2909814717413967,2.433748428802602e-05,0.291089910334927,1.0373637931720389e-05,0.19237201552389493,0.1911834727309902,0.19164619267336827,1.0295013633847849e-05,0.28916428975210573
1723,0.2270409620558873,0.10021918016414898,0.22518586354080358,0.2243352585597699,0.2714001085882582,0.6282012616816803,0.224382855575839,0.08895040667484266,0.2724148033836509
1724,0.35399959108229184,0.16141884934256195,0.3523997630369286,0.2171985102492052,0.21799637137134947,0.1635922898245655,2.4646516675767286e-05,0.16365571142559973,2.071976412723005e-05
1725,0.15867346527459872,0.2207456923428328,0.16060846467258047,0.41814014575731157,0.16065626312784206,0.2188831076872868,2.077215621644912e-05,0.15880590652236926,0.09024986045658824
1726,0.3130320613377051,0.14362259758676343,0.31081209468405574,0.20702574151258832,0.20924655757743577,0.14326465403251956,0.09114165775656193,0.1456063631927443,0.07974837816154419
1727,0.2109258975562437,0.11017237794881549,0.2112545586803882,0.09167811691631872,0.42333520418705667,0.10905062060918977,0.1091298620085157,0.20689249841472065,0.10876051286063458
1728,0.2400658267228706,0.23879142095091138,0.23933757193787608,0.24190462562393614,0.24266967528338987,0.23578583132305186,0.1005169322263115,0.08951922213712538,0.2390401913004172
1729,0.2173181576216889,0.587941214267458,0.21970394247220912,2.4732199533584215e-05,0.5761423165953046,0.2188718964184999,0.21700975128334596,0.08296051368684176,2.064837839817556e-05
1730,0.45015404034888673,0.6183927191570507,0.4494301182448601,0.10090420278618065,2.4663002371910174e-05,0.2738154605975511,0.27342174323443236,0.04386151904276289,0.04590498204456928
1731,0.3509138114824667,0.48541861787028523,0.35575442280988745,0.10993325894754062,0.108890818703827,0.10393739880608269,0.1097897115792877,0.10929138041364803,0.09982048366994507
1732,0.07917955918906243,0.1460230589539742,0.32028133234920997,0.2108396888243826,0.14495580115460346,0.21081639599610968,0.3214231334733548,0.14525305018492726,0.0910955160763209
1733,0.20582733385196736,0.2199270703373577,0.0498331743511508,0.4253045482653917,0.07928548649590099,0.2061006683568469,0.2060219085155843,0.049891751422376396,0.21514667467420442
1734,0.20757976058292849,0.10575540564212885,0.21048837437270965,0.10617296500545793,0.2101596733639023,0.1049529703572226,0.0808809732392913,2.4773763010134724e-05,0.10526763223399781
1735,0.23738684733173512,0.24093455608509567,0.2372688451189882,0.48118135283322283,0.23987811166866854,0.24102290933109957,0.10547029875441176,0.07916936814252494,0.09110473350708834
1736,0.4368002162815473,0.2917165989543528,0.4364458612858378,0.2897204778794225,0.289811445796461,0.08032785976548458,0.2905200149939852,2.4764413415996016e-05,0.09932317256114889
1737,0.2260594046074407,0.3084305882429435,0.22762783002240053,0.5433245917962813,0.052467478184656795,0.22654976776742694,0.30946145641304607,0.053022536823944394,0.22413608874293228
1738,0.23521036116997548,0.2445692194774989,0.2362573827352148,0.21981017968833422,0.22041320922031382,0.2444114551977057,0.23526645135871668,0.09966664589083873,0.09212294929912508
1739,0.21343776451058838,0.21994841392987005,0.21265878949608166,0.21051876261074687,2.4850400755061586e-05,0.21270510065443926,0.21943064784482127,0.21037007411113787,0.09146024776493823
1740,0.6174624792651062,0.21374765356291123,0.10412414627509434,0.13970672292874273,0.13993031268330203,0.21856830363989993,0.08973384656375856,0.13967142997799334,0.0781877747453804
1741,0.157223181921752,0.4378673633312894,2.0839120670660504e-05,0.21093828983019175,0.21075500859130963,0.15538043570439797,0.10059031732028353,0.1573484154281812,0.1557281419043378
1742,0.3566334222856467,0.2390095241903235,0.3593193905189843,0.24191679261475044,0.23757244987755707,0.10158019346435115,0.2411530971898545,0.09179627990647456,0.1046126929839601
1743,0.2901895899585056,0.5842660619370142,2.4861582884320195e-05,0.29081836842301806,0.29060349318394546,0.08946582056237347,0.2918957159828079,0.10026939856646813,0.28949666212417324
1744,0.30117559559871193,0.20527421442624397,0.29730329763006064,0.27270096125352417,0.2702859955979036,0.20690654147451412,0.2062895871131297,2.0446252857951188e-05,0.2977467285896353
1745,0.3540933886922509,0.10236102535234934,0.3529742085255394,0.10869848282570259,0.10935627540356553,0.10864413935484891,0.10947529309139757,0.09888922229927168,2.080435395352026e-05
1746,0.21337410015354288,0.21835895011465487,0.08985997705149389,0.21087921506969015,0.20817910442820936,0.21988082651036867,0.2128192648192833,2.0619473793670885e-05,0.21438224549191534
1747,0.20906135509146007,0.4372922915341273,0.20901825449412947,0.21045644640832198,0.20930724082366425,0.20846631949155578,0.10424064848511641,0.09961584248907253,2.4895360411312656e-05
1748,0.31307431196607105,0.21927887404774488,0.316159031493993,0.2118843333859398,0.21053079671926545,0.21954272562387042,2.456509189740199e-05,0.07730931039711032,0.10208066316876337
1749,0.23778497011095323,0.48018427019938836,0.24094399728420876,0.48055551685222964,2.464328664979395e-05,0.23661398581918403,2.0948642502573375e-05,0.10547307048548371,0.0902964215757752
1750,0.4358618581306228,0.5874284566320248,0.4357843486996887,0.1930215639403625,0.19267485988272146,0.10160340075260021,0.07982092826274177,0.19256115523787262,0.100399221744639
1751,0.3004929142439763,0.3075660630852954,0.2985031499585412,0.10357701348496401,0.09867817653647501,0.2990780917914391,0.3077686444461685,0.08095035619338493,2.0434759012403816e-05
1752,0.14217216228287527,0.48677798474945105,0.1421142190444737,2.0704171058129775e-05,0.4369364179969923,0.14092179482203063,0.14086844311649985,0.14126418205655372,0.08008783169410659
1753,0.31905735514041844,0.14674845753966273,0.317781828950084,0.20798491047065368,0.20911319773981318,0.14516812270385307,0.14679722366992728,0.10073692316621366,0.08981214657702799
1754,0.20673896197965347,0.4366212160687605,0.2074275379219663,0.13959147934052277,2.0835580127046475e-05,0.13914132343349217,0.09939766765913635,0.20796179891177127,0.13879122603933394
1755,0.21052052754459838,0.4345255350725089,0.20954032886790228,0.21334559808079787,0.21102993732727374,0.20921003664593651,0.04502778980189421,0.044787002177751264,2.08030852529949e-05
1756,0.35785065309307945,0.24191896871131172,0.35613424682613654,0.12027899885620844,0.12088718078987905,0.2398148002039512,0.12144445698834332,0.11940209177604619,0.0897126179074874
1757,0.21666189774618708,0.5811091188955788,0.21782805979945402,0.5737089598553786,0.08987884241472577,0.216708145288842,0.21654130731316443,1.0431172117213193e-05,1.0358721723376519e-05
1758,0.452946350368385,0.3085241925717742,0.45200118044378973,0.18213657184350285,0.18189016968313684,0.07951652678784046,0.3098459309887902,0.10005181611848467,0.18376264385992314
1759,0.3548907479504614,0.24536613817716227,0.3521224146519982,0.21933004171317763,0.22002491272740227,0.24743676939415907,0.10480888109201035,2.4670617817149815e-05,0.07952909646491875
1760,0.3194010949214187,0.21851765544916782,0.09154926783454471,0.0793287270576162,0.10506097101421026,0.10001772752161811,0.21899425512191062,0.31800952348706774,0.42173697881612354
1761,0.20815678776193147,0.14311853891806295,0.2071374495665715,0.20928471403828777,0.10445442498746703,0.14373407449003522,0.20712836867478657,0.21041182686584445,0.14409457261141354
1762,0.4648273917589207,0.32745226227881225,2.526975581739778e-05,0.325374970859034,2.0466462552706238e-05,0.4618815543265825,0.30904336105161767,0.3090423974371447,0.09914938538139915
1763,0.3597953161330692,0.2399549168482518,0.10282781881395081,0.16406865521702774,0.1612699904424696,0.3551055637406527,0.08021101116491447,0.24020248494369717,0.1613106180530812
1764,0.3446488788526949,0.5872593516542596,0.09888569669320764,0.19560559313459988,0.08165238599791388,0.3449778580225736,0.19353367337231664,0.1944578880060269,2.5112539031388616e-05
1765,0.23218315090751218,0.4715471777694329,0.23195150333188472,0.27132893873834923,0.27203497759969714,0.23335442285730157,0.050614235723515484,0.05080403544352345,0.08016180568611546
1766,0.17591075408062487,0.24316274429184978,0.17716421625489476,0.4370330119301057,2.095026916661193e-05,0.17484299147660148,0.24398251646510016,0.17734450707633,0.10089630174251488
1767,0.15891790631745084,0.21703267059815162,0.13951199035750786,0.14034945922411038,0.1396817896737401,0.1594550426312588,0.15911509445481387,0.21867659520080057,0.15967668323242235
1768,0.3121363815107626,0.14494357835627567,0.3110329366234021,0.4175080458515522,0.14494667452823948,1.2249638147226836e-05,0.14594571609203824,1.2400476288434368e-05,2.1025785932151505e-05
1769,0.21041831447308254,0.4409109334162368,0.20773941597065557,0.20827105215402617,1.045251152828043e-05,1.036886062105507e-05,0.04525996417931181,0.422110865421154,0.04499659184525913
1770,0.23727274120585107,0.2434748032777422,0.2369452463283689,0.10072030998001316,0.4836967395897573,0.23923343066474903,2.4705175846678468e-05,0.2381001382101472,2.0808821398562457e-05
1771,0.2920228285374055,0.5864411741640569,0.28963139507992663,0.19397116535358486,0.08041056305622948,0.19362748594314463,0.194637340292626,0.2905397600841319,0.09062522697069045
1772,0.4503823844905161,2.428523717119182e-05,0.44878256703751307,0.27570759955473706,0.275964107901742,0.02939905370599227,2.1052246032973994e-05,0.030255236680209362,0.030180357882350916
1773,0.23417875374878414,0.48957919100840874,0.2353661313481239,0.21879363859506007,0.21906162290452086,0.2345771542726196,0.10374172300303315,0.0910575803246577,2.0864987390300634e-05
1774,0.15908512819650944,0.43854992426821804,0.15983154713953604,0.210179077174779,0.2093575542859428,0.15939591831803346,0.15929913090840866,0.08151816510788501,0.10216405758805913
1775,0.31347108261366285,0.21707265203715748,0.30929646190496146,0.09138167900223049,0.20788735747077808,0.2150138342512487,0.20899624273868173,0.08136903323887897,0.10324446394903548
1776,0.3122876631487471,0.22058506771532618,0.31122033261001214,0.21245949306715411,0.10439338851179449,0.2118554995271784,0.2184481860710529,0.08088904411572738,2.4517899111474305e-05
1777,0.3571199420522316,0.4817616540884376,0.35727875511138135,0.16067463207471958,0.1610643991700806,0.1051341970313007,0.08045897907157058,0.16222676095990402,2.4629799763944243e-05
1778,0.2913117450951162,0.29500506659389014,0.2927898174033189,0.2890326497423324,0.28752021225780594,0.2944492547016111,0.28961210375150653,0.1007030421397329,0.07980403521553545
1779,0.9085563399650892,0.30870604259086193,1.038383977724281e-05,0.18106435937379362,0.18127861740752446,0.308949855462889,0.1004081183163094,0.18163916176145145,1.0348096205882494e-05
1780,0.35066269508520587,0.24649924148129718,0.3541398808074191,0.14442594981241028,0.1462141369098179,0.24446534895722094,0.1441130190620768,2.087150913561739e-05,0.0784818616950806
1781,0.31905601357546565,0.14641008277003634,0.31916507131486055,0.21123094229312128,0.2111481011592151,0.14576078703223722,0.144831640317257,2.499628231237012e-05,0.10263523008557222
1782,0.15560657070641043,0.4295940011482656,0.15606285921118976,0.1383438941036286,0.09032282600952382,0.15676898298935996,0.15656385876772472,0.1408082657187035,0.13838572541237604
1783,0.31327690031553584,0.440065942579468,0.31436042713403256,0.10634678156428895,0.05262057409595832,0.10651976471431003,0.052620634970835856,0.10556270963378188,0.10458935405636946
1784,0.23798815510888097,2.4668997157643984e-05,0.23966005037821592,0.479346738013766,0.030123229260567163,0.237118002639737,0.03050905999898411,0.029695682249030714,2.085076149140837e-05
1785,1.0431790002177695e-05,0.1969717790170765,0.8758288033481315,0.2902787397731826,0.29082890453663135,0.19603368549920677,0.1962078429512707,1.0433871094354277e-05,0.08943162354059392
1786,0.17961036920056359,0.6192679951516592,0.18014020865903274,0.5457071541254196,0.18085350858490326,0.18187374629171454,0.17990444260126828,0.08142571493135584,2.4758887617911693e-05
1787,0.1782949375580481,0.24403270914582778,0.17640591988430646,0.24148386243742084,0.17683212444713517,0.10043818003263803,0.4344323113077042,0.07974007553544647,0.1766439436932374
1788,0.08972815349214681,0.22077504884818897,0.6406498951416814,0.10440266910968046,0.10476292813430221,0.22029028208626125,0.10506134358749758,0.10454546297871732,0.09987347973158621
1789,0.2749777209494487,0.43402228326832265,0.2740620283983082,0.20874972087431917,0.20699626588811706,0.2759455570968362,0.03997079640976367,0.16725482017975565,0.04028689898318533
1790,0.9287184483032396,0.6198472897038659,1.2285091343562534e-05,0.19754822906879163,0.07908958414241857,0.1980451588124138,1.2309679741555388e-05,0.09934565676039869,0.19684501026562018
1791,0.4817960080379244,0.7987999942220573,0.48083036162157516,0.25647957770727076,0.25534271042180223,0.040228810388672355,2.0755342548268044e-05,0.25652455473005875,0.03901595508654053
1792,0.0,0.0,0.0,0.0,0.0,0.0,0.05027560775186142,0.16951905813854032,0.05011760224985199
1793,0.30268652909471927,0.20778422322610798,0.300891402034478,0.269225629232171,0.2680618341094802,0.20560360783571488,0.20834963228094094,0.30321504275886385,2.4627246966656283e-05
1794,0.3518055315011901,0.4908332024796616,0.07901727908207065,0.21562835286590418,2.1009086775428333e-05,0.2193794585255459,0.352400416798262,0.08307241392536192,0.0833863322973506
1795,0.2128430038891931,0.216829783843299,0.21108862918168192,1.0422682875130633e-05,0.41983467990204226,0.21909175357219488,0.2132177148937209,1.0479338473446935e-05,2.5056833400680835e-05
1796,0.3100405282911892,0.14506572687426247,0.31368582505669346,0.207204269257737,0.14291615906766,0.16852840909566452,0.21060448466613654,0.14514889857573623,0.0823046438809382
1797,0.31402552815196627,0.11034109686687685,0.31533321933194886,0.10976497549114989,0.1098713335193564,0.42549096861848906,0.10976360760622658,0.07960139688788921,2.0952392845306336e-05
1798,0.3204650729971716,0.7066931362290385,0.32257229950642424,0.24533545071419371,0.24400091440234298,0.2451310443980598,0.32317304093312405,0.10062825179723955,2.4836041865053993e-05
1799,0.43952531514556414,0.2933335625722564,0.4358820927544591,0.1444965617251973,0.14466774911215063,0.14548961462963847,0.14546042537128145,0.2937469045069391,0.0804401178727241
1800,0.2240374560674371,0.24119566922959773,0.22519630960346512,0.27193263787298205,0.24094829178433821,0.27229756070720756,0.2257708856898315,0.22549706247002507,0.09999553756982636
1801,0.05026143364002025,0.24260357035172225,0.7039526811278879,0.05001275168470811,0.2162799300995148,0.21549348362503312,0.16422183516198413,0.24682134260968738,0.08067431043736024
1802,0.32143880125964336,0.1462896749492207,0.3196948609666967,0.14660670593728445,0.42122423993950825,0.14678269501486224,0.04568463910289724,0.045522862997458856,0.07941904933596541
1803,0.156299182928181,0.4349663079788622,0.15576452474726474,8.138035917280146e-06,8.2125100519343e-06,0.15529327826132738,0.15588515763438604,8.134628947637202e-06,0.08996836088324088
1804,0.31089687558775286,0.4421643236096274,0.3136590204577951,1.0507562442325244e-05,1.0441673568262481e-05,0.21135806320770562,0.2135045977101584,0.040243419603264295,0.04007404472885553
1805,0.3571805676569123,0.2394599467297786,0.3607968694168353,0.16015483975569864,0.16111382787385325,0.169119280233605,0.23937465149996462,0.1614121341201127,0.08741867715803546
1806,0.43880074402050717,0.5855276857100784,0.4327955696993847,0.29037440256990243,0.16484925519354823,0.28874686851891945,0.039420170783013714,0.040040140020987554,0.09109971012547434
1807,0.44918736128180065,0.624228194241951,0.4526296388981797,2.1116202072859133e-05,0.1833483028778691,0.1802221744922513,0.10045578725726653,0.18081830818173703,2.4304989221273478e-05
1808,0.23454775686546644,0.24351549349654839,0.23566748705213159,0.21608061300808745,0.21805924361363496,0.2462326227955679,0.16708132746042118,2.0953957974547884e-05,0.2356758832285019
1809,0.15981178784493597,0.21957912229607546,0.15958500565853384,0.20962727202146772,0.2117191389612936,0.09190529510931654,0.15991980332331965,0.22230833047612428,0.1603646402256713
1810,0.1554690193540627,0.2157816179664129,0.15602586328605286,0.15563776908137633,0.09005228414304615,0.15572467714152574,0.21706841999629073,0.16521898572949564,0.4224302087973428
1811,0.21082960454520674,0.4311555376937785,0.20843727417371552,0.21082603667796526,0.04951370281121361,0.050236925748488995,0.2096159776877304,2.4576458349727645e-05,0.20892971701341922
1812,0.3569116539440023,0.24119899282077964,0.35477111748667517,0.16195640986246557,0.1613420109270486,0.23877649690140076,2.4774016573480083e-05,0.16228018008547,2.1188838183612426e-05
1813,0.43543021619711225,0.291456098488361,0.4333992916703241,0.28888535902154067,0.29012589630912167,0.293441067354426,1.0537051162202016e-05,0.09050114693950281,1.0599122369426002e-05
1814,0.2993285552096365,0.20527770657920472,0.2998451495595104,0.5423257214184196,0.3010096893247842,0.20688266334973712,0.20573144196382953,0.09102408420343587,2.0952191143659435e-05
1815,0.23545963040858742,0.23488219936854057,0.09349585979860185,0.21825048231042915,2.48284204973457e-05,0.21676144756838678,0.23333490598597265,2.095318283306838e-05,0.48858571074007845
1816,0.2136844316551867,0.1611401959938109,0.21131510248404228,0.1397068587449133,0.14109572021498695,0.21209263976066525,0.13903879273771202,2.1193674027044653e-05,0.07904425631091884
1817,0.31268000527339945,0.4376191370233624,0.3122427549310331,0.20762489097602121,0.20935176444177078,0.05582843896625039,0.05537377374542709,0.05618833954649279,2.4735476992839693e-05
1818,0.631837574593754,0.21830673606543824,0.14047143419842226,0.14248694604511056,0.1415872766352629,0.21956078384359234,0.1012748029593173,0.16912457371120748,2.4587700958061794e-05
1819,0.3581907532624547,0.2426705821413823,0.35611145653828274,0.09938124285154448,0.24056810361746575,0.24181878902112933,0.09025739124675293,0.2400998942321818,2.100667302500813e-05
1820,0.29077635870195734,0.2945873573175292,0.2905862159891891,0.5828659614132972,0.10171763930126429,0.29391267031821394,0.29214600919085326,2.1143559397274905e-05,0.1638962767858349
1821,0.22529414465028144,0.309303962642858,0.08022856650927057,0.27195019211096105,0.2736610896019379,0.22771656624809908,0.22620406254629744,0.3080141020619796,0.22364942998357698
1822,0.23623361304999488,0.16362320088481616,0.23639391050709024,0.21800267291924139,0.16651952175837484,0.21766719415029406,0.1626284701248951,0.23523320677642176,0.16381450785612212
1823,0.21191601896795456,0.2191214388031142,0.21398779238818655,0.138174535447338,0.14044737435492557,0.21844472642478782,0.08122208859870385,0.13816743774508136,0.2112663774508566
1824,0.2084961531663548,0.14582243097279582,0.2067409266738601,0.13900915133266498,0.1425470106778821,0.20764635060919026,0.14101303269321572,0.1386666031039109,0.1448782567070103
1825,0.2094348399446461,0.4381091315814648,0.2098077610975582,0.21170373719131122,0.21237939055956573,2.457437372311615e-05,0.21001460969129726,0.03975978441841721,0.03963288232874531
1826,0.7166874439975075,0.23856248710375164,0.08462615917550517,0.4811527494527862,0.08159174923630805,7.136331051256956e-06,0.2371995656705242,7.066260089707851e-06,7.042026084221443e-06
1827,0.29056728122397263,0.2913361268548961,0.29200455443397666,0.2917582420667662,0.289953066269509,0.29577905592423887,0.2915267618338648,0.10005233927757286,2.11746353036375e-05
1828,0.2978853276588532,0.20672844980798644,0.2994902875121293,2.4597030211379922e-05,0.17060907318102242,0.20517602655620296,0.30080610793173584,0.20688905901049173,2.089430873457061e-05
1829,0.35467152434224786,0.4916741561454415,0.354510982183031,0.08790274495305743,0.10103523637942594,0.08679157588921822,0.08801973296528934,0.08863808665238161,0.08695457910063291
1830,0.21556114758171838,0.43595055595370463,0.21217559823268484,0.2079502448277624,0.2113735385113199,0.2120023068527013,0.10042134892445652,0.09323172379082245,0.08007079519608473
1831,0.20928084792954202,0.2088348413812087,0.2086041428730008,0.13826537709980766,0.14054175106648045,0.4318890317499887,0.16328842011514053,0.13979652807126727,2.414369774476559e-05
1832,0.3139497774499697,0.10946726817192665,0.31291432415261355,0.4231672061045032,0.04912993865102146,0.1095725463317088,0.10916910723432768,0.11008570453780071,0.05028372965915188
1833,0.3564246267538729,0.47489481139017153,0.3615839487552604,0.48282107775423494,0.030825590864751094,0.08227753530709579,0.03035817690447778,0.03050602349052915,0.16401070635730702
1834,0.29202285647472037,0.19362395583412353,0.29253311056937586,0.29001733054036194,0.29175724100608386,0.19478938816328492,0.29234484863721155,0.19313843289937313,2.1157187445899952e-05
1835,0.3469464347985219,0.3081761928252916,0.34559099220523404,0.3203977756003093,0.3154109953948002,0.34676036291322904,2.441354712993229e-05,0.31153694876280125,0.09866838146381864
1836,0.23679323632878782,0.24441526542112252,0.23496478877860652,0.22056627175577087,0.21692691099488862,0.23805156561724053,2.1021406083100276e-05,0.241365829415806,0.07928623410340634
1837,0.15899680964650725,0.44264319805739116,0.16026780930893084,0.2081909344453576,0.21076215289484612,0.15990832109408007,0.15980224788526418,0.10027664876524364,0.09012370291253632
1838,0.3129531515989366,0.217446187128432,0.09913096560101343,2.474947090130393e-05,0.20909456887972439,0.21502723331024245,0.07857633927333385,0.30947789814107074,0.20668002918240222
1839,0.20922428448792416,0.21837238392395594,0.2100862887685888,0.13996871436521188,0.14004216577342046,0.2087534632756317,0.1408856795277341,0.08999996014054569,0.21949158327036722
1840,0.35785692885546916,0.15859207293230057,0.16102068356832708,0.48266925339035155,0.3597912142940947,0.09090999077963127,0.1599388502588869,0.10098478281605472,0.16517296640469425
1841,0.29290226291073174,0.19613314412651453,0.2931712646503151,0.07977421713556986,0.19611800391349646,0.19543580768089389,0.16706586492602596,0.2921579566564482,2.11977792449488e-05
1842,0.1639287821474874,0.6204823593244085,0.3014924713959694,0.18274729215576604,0.09063563238076726,0.1813463031866951,0.298934027759493,0.29962169299994673,0.18267496952969767
1843,0.17651730250532127,0.48862545798605017,0.17610365563690197,0.43138310095710836,1.2382884335798532e-05,0.1778017555416584,0.1760435885002052,0.0932592635055773,1.2140157757950731e-05
1844,0.37231733995238164,0.21925177779015034,0.37583696179880244,0.08157351238650118,0.4220531081525115,0.21984876418035207,0.033358935680949296,0.033241624384532424,0.033767513454091666
1845,0.2070610190015708,1.2366394467594043e-05,0.20910290807895496,0.14336754718153863,0.08129470731961515,0.20813240770378175,0.14490874586872968,0.14330891633708845,1.204892528676421e-05
1846,0.31184829888644094,0.432260745307958,0.3127128539494865,0.14122804609575246,0.03931564051955951,0.14094449332920114,0.140659989185446,0.16451668936712208,0.04050420542965657
1847,0.35957457580507,0.16119357413116026,0.3576565819144527,0.48385432943294693,0.15929928621454406,0.04998079195188189,0.16590315305805367,0.05057355106525689,0.16071170842033392
1848,0.291268689052364,0.2931202006720204,0.04516814275845457,0.2883487978030494,0.2910804786442183,0.29346898722929776,0.29063335360185155,0.28930043269675687,0.045979576803242356
1849,0.16485645693121573,0.30960370756438177,0.9077193902717052,0.1813992228366127,0.1803063591781359,0.3118845784984274,0.0911935805410422,0.1808547835344574,2.1094498309794393e-05
1850,0.3523547686905555,0.2421399447945794,0.35549528847475576,0.09934900580648152,0.43941961991028566,0.24520554262365568,0.026473699097342467,0.027111214865363328,0.026518497693939533
1851,0.16086355526634052,0.22051484590876277,0.15953758372169827,0.09129510624172794,0.20796359967941663,0.21881364394375125,0.16131711042797214,0.21137624129507687,0.16029203293781574
1852,0.1568543974929832,0.14540254037920927,0.1434800192675034,0.2091586979810373,0.21075512395780407,0.1560335354318874,0.1443613398486362,0.1555101604436951,0.15555286349394093
1853,0.626957988830648,0.14021426572001472,2.4470666529359108e-05,0.1658350356529781,0.14036041319673428,0.4341966863669783,0.14150175996278386,2.1149729136839346e-05,0.09026556932265543
1854,0.35742128534938683,0.24265030651057273,0.3570675757261375,0.24325437665916344,0.241267737893871,0.23701669139847178,0.16820097647581422,0.045205051770527506,0.0456627495793905
1855,0.43634191604603384,0.2937308608949397,0.43803303315813075,0.2902419673241066,0.2891920000796927,0.29194543707720605,2.4476370236261697e-05,2.126772148033497e-05,0.09904116017364721
1856,0.45097675422061495,0.2068619262317856,0.44923562682854284,0.08024154920075777,0.09229771217175897,0.2053461619718737,2.1299365605737373e-05,0.207060133449704,0.16354610821804774
1857,0.1762797901653899,0.24405661959820382,0.1772803094198751,0.2170176465164464,0.21382910032042493,0.2411413215601513,0.17725293492090113,0.1771191034148499,0.16591932943461066
1858,0.3205045945104718,0.22028699424997217,0.31932069825639886,0.16799374404536502,0.139863600315933,0.2215503165557797,0.09759239605656031,0.14005757789541992,0.13904397780774827
1859,0.20628844227911158,0.21420450855508538,0.20736870767649315,0.08009330890846485,0.4191570221381272,0.0841932897806554,0.2144616915128903,0.20754687871314734,0.08230868052131521
1860,0.3153297754592311,0.21878218815328834,0.3160023520321812,1.2383120453316685e-05,0.21118547809743554,0.21762851978311024,0.21259344273987782,0.1656281684927753,1.2352318474804477e-05
1861,0.11839106251980337,0.4789089682479494,0.11917442718139526,0.11871686939464436,0.24356371140721164,0.11828831297855585,0.11885440242796431,0.11987397603419025,0.24342336318986532
1862,0.21779724635595385,0.5860635259794413,0.21937136082042114,0.19399079841428468,0.1916841673873592,0.19295278706998784,0.09011906451868734,0.21837493081101245,0.21819341708644457
1863,0.4475622270625167,0.6176146564757751,0.4501413640756037,0.09126647919394756,0.2722986144094237,0.07999617384375622,0.1694168968240436,0.10095644161307356,0.27424782240998796
1864,0.35148747940773284,0.16370182214030043,0.10029035094420805,0.21712301796924713,0.35318119664622927,0.16206360539205242,0.1629303239659149,0.08906989426704831,0.2211155344206374
1865,0.6325432497610777,0.2172922838509222,0.17135415505912024,0.2204208697368937,0.13943499236903692,0.13954768662141573,0.14036593011975862,0.08128182470003895,2.12976393163355e-05
1866,0.20722464363316062,0.2173051757353297,0.20804706462337252,0.14054768898319864,0.13972122403028686,0.20800897220077444,0.08002578260883908,0.13877135183797562,0.21617197831309629
1867,0.21105770964095658,0.219468647132554,0.2094611984154966,0.21814641834570425,0.14112516392404104,0.08875574735147762,0.21004847649453254,0.14137666424160394,0.1406801158274699
1868,0.3571126289748382,0.12010384375389178,0.356642363661143,0.48272657490055254,0.11815710234445967,0.11975506962482763,0.12032161583165378,0.09759454860094309,0.07901215840844311
1869,0.2187496415728744,0.5819549507293135,0.21914207344959247,0.29021438237244873,0.2869799400459065,0.21775595232369194,0.09911494563365529,0.16693667032931775,0.2183580689834411
1870,0.4509842046041336,0.31008730428312914,2.1352121127934717e-05,0.2716420793062081,0.3103711984982458,0.4541642864079532,0.1653800912590594,0.10071007415723919,0.27407192933880686
1871,0.17718001684229662,0.48875177389195273,0.17637363732326172,0.14533132150044845,0.14540360509760622,0.1770188511018938,0.17690456761057582,0.16696755242897274,0.14523067884501756
1872,0.31793009514019016,0.4361426195451895,0.10137231171202025,0.13986012624356578,0.14012872395966378,0.31961919183122606,0.14032850371668762,2.1211973850557186e-05,0.07869442160042611
1873,0.3119010262725328,0.21654806698701828,2.4385101313342848e-05,0.4185708129433202,0.21725189836890954,0.31221722223555304,0.09001084843757069,0.08353042995115408,0.08317184363125593
1874,0.20978779338355316,0.4379508791938327,0.20903081080526142,0.21202946052085472,0.21283728968392612,0.20838202935290742,2.4308437878777977e-05,0.1635842234114495,2.1362936528679118e-05
1875,0.23797150270456816,0.23993512629100397,0.23951131160509756,0.24175182519335,0.23968368394350598,0.23707541383209832,2.122318604797147e-05,2.4346266211259654e-05,0.23972016832556367
1876,0.2909075897624307,0.2931408833351251,2.13363055108452e-05,0.2912727937862497,0.28782514094215406,0.2898095887630397,0.2916957598733074,0.29165018921418084,0.09091764058960565
1877,0.303008680336198,0.3101364272808692,0.3043426522111467,0.13546409733593667,0.13587894288727936,0.2990616621201592,0.30895188552996655,0.1365153479172353,0.1357068863231796
1878,0.2349562087216502,0.487038545954167,0.23705238989527058,0.10908270730340057,0.10847419042531802,0.23637621508836348,0.16854958579990886,0.109136501874235,0.1087567118357464
1879,0.319824737784333,0.22181199497143803,0.31799837811771714,0.10444541046946902,0.10454205767530923,0.10544683598291622,0.21803771345314946,2.4575941058235523e-05,0.10494664533119206
1880,0.12477009598948911,0.42806167668846057,0.1240497675416736,0.4163844740601667,0.1246063241440808,0.1244767295918793,0.07981138282080896,0.12395582996615895,0.17099204705968266
1881,0.1573045187615841,0.21928955439171346,0.15668694365309668,0.21162083180325017,0.2103656669447975,0.2146000772291226,0.15780246688600655,0.10139214913405623,0.1563511174782412
1882,0.36051550796890613,0.23990245835318522,0.35654232916291445,0.12053166681139424,0.12179613483832319,0.2414696040124612,0.12060765832526393,0.12038854362670676,0.07789623951446902
1883,0.2898022001013432,0.5850761930842127,0.28915633982461336,0.28946916557673275,0.2911947487767766,0.2908036016718241,0.09894314531950617,0.03966395163848928,0.03970865269608549
1884,0.3539992976838946,0.30732031608547866,0.3533119774108744,0.6475602657302236,0.07950247607077508,0.35562781608127986,0.3089478406845433,2.4768160079317234e-05,0.1676746023437388
1885,0.2459740439140612,0.08298280395944631,0.23351978769005274,0.4321323222874157,0.09009728156492865,0.23754285604946287,0.242151202295601,0.23595540730152645,0.0824566121554578
1886,0.13504594564301442,0.4373479994638317,0.1347941764920103,0.10511914233670255,0.1042999461126425,0.13572582688934953,0.13609919430073744,0.1045519126520962,0.10349315173925838
1887,0.3129480196228407,0.21680420358543048,0.31285627818847034,0.13879938365145153,0.1417418382384532,0.21557108929339994,0.16567165335175651,0.13903775248374858,0.08147471240166883
1888,0.2090775505206727,2.1578859182298325e-05,0.21027618808996118,0.2114190268328676,0.045396362806699585,0.1664096140519909,0.04634951252779956,0.207461186167993,0.21205586485619413
1889,0.3566182716134071,0.48218688845525687,0.3570739137147917,0.16217647193144072,2.4083744107759028e-05,0.09972103608679365,0.16274240858600805,2.153809745244859e-05,0.16108492646433695
1890,0.43252232327570067,0.1953549303421437,0.43351572801389704,0.5810223460897632,0.08934768452367141,2.4582180256770586e-05,0.19490432762250368,0.19595875249951566,2.125251199606768e-05
1891,0.22640981722508824,0.6206082923736259,0.2260012620533797,0.542525283602827,0.2241583138185388,1.0669960802288903e-05,0.2238295699724511,1.0605186641871511e-05,2.4060899438274917e-05
1892,0.3537812276702124,2.428869753202892e-05,0.35470469275121486,0.04016112611546459,0.24510366280575577,0.24416430543306397,0.04058842845031141,0.08947645001068238,2.142296764495456e-05
1893,0.32082379960748053,0.14613600774990446,0.31865048084631575,0.14002986449576335,2.1415990435656308e-05,0.1389949912973847,0.14590503710357403,0.14483578762019847,0.14139410541352176
1894,0.15645769723102937,0.43322384273235093,0.15504125211643063,0.4178880617367191,0.050909380711371445,0.15710117213079575,0.04975134115022592,0.15433138514380376,0.09144335030909215
1895,0.6292399659105296,0.21982226551471418,0.2116092591382853,0.03963680163026507,0.21208448404838798,0.2190830848316934,0.16933090607219176,0.039184071213382715,0.10087971774980412
1896,0.3574965499902506,0.477757249253311,0.35589957044102816,0.16242018456781246,0.16145349430703906,0.04031509081903311,0.1601690369142841,0.16805435773680236,0.03989179544044933
1897,0.28971657078403934,0.2933775044682938,0.2908181678052674,0.10042878618149621,0.5837123610202338,0.29287102703234064,0.2899515889125633,0.09073881568322884,2.4234608467212622e-05
1898,0.2990936243590187,0.30908266736051204,0.30074158667727413,0.27620041894933267,0.27304910609095495,0.3127097572203996,2.4284137853304015e-05,2.1366288989912535e-05,0.3003589380065654
1899,0.3534986597170115,0.16454642945975143,0.35270972919259386,0.16491268878343007,0.16364413429580743,0.16169842062568243,2.1441309584543002e-05,0.10019176718194596,0.4356802957550068
1900,0.21387245883501416,0.4350806044298742,0.2135546136751427,0.081401131308784,0.4216398866488001,0.08270590047936154,0.21331614076941322,2.1516944015446548e-05,0.08417217096955047
1901,0.20810822017221772,0.1444534311173505,0.20695641571153267,0.14488470917637722,0.2105612025643543,0.0895464837453286,0.14562694116092845,0.2103708617075226,0.20729721084099237
1902,0.3144906392112691,0.21785386376130178,0.10018428301404259,0.21143533973840054,0.2167088011352687,0.3130814417438752,0.21104013770727922,0.1658705950340657,0.08141743962403561
1903,0.24035991150140598,0.47896698428301526,0.23778968059637418,0.1215403242303163,0.11951435358706781,0.23845249044932762,0.16430840599283103,0.12125776121960301,0.12144348436555898
1904,0.17620317411393616,0.2952438715181392,0.17544819364877745,0.5857456380068665,0.2937963642929401,0.17359240415822458,0.17493690109052967,0.174664772832476,2.1690485595309193e-05
1905,0.45090041945963094,0.3116382920115116,0.45088857623182943,0.2707969088844164,0.2726703341845325,0.31008069466002686,0.0454183469541007,0.08042917704486405,0.04453794645444443
1906,0.7073244474258477,0.24405966649096023,0.05005453169726979,0.09118519883064795,0.08032145046395564,0.24609161568904275,0.43430467681306384,0.04994825437122269,0.16701391081897604
1907,0.21299089277389072,0.10050174671437402,0.21266415311742384,0.10568620651022935,0.10379215532689344,0.43690958578585387,0.10472429760280859,0.2103867428783686,0.10440082150489596
1908,0.20812199359531083,0.10842417428914684,0.2074084328645761,0.2102156143770762,0.20949472436168864,0.10821876258494467,0.10868039458991023,0.2087987426999823,0.10825446202126292
1909,0.20977164505556248,0.4389293509618102,0.21059605564104344,0.21263208019694063,0.08933947575470119,0.21201350452981396,0.2075320886216823,2.4534901111156903e-05,0.10013912761752161
1910,0.3572823471957398,0.24231286149875633,0.3597934245735052,0.24048532654888602,0.24031799937483736,0.24160521387538625,0.040168695679393136,2.4186457742185253e-05,0.04001849395753216
1911,0.4343836068695362,0.19542341662900883,0.4336590340780331,0.28790763896876037,0.2902603077139215,0.19445364828853776,0.09861845087976721,0.19601628227306211,0.07861352175705945
1912,0.22608704457765177,0.617248373007574,0.22564798939096142,0.18161882421067377,0.18036272233943487,0.22685506676911815,0.16679642133258563,0.22629017322967326,0.18048456690291856
1913,0.35125814915990616,0.16170836725788829,0.35428783084460747,0.10948182194755755,0.10995099830488755,0.10851198012182577,0.10814628171113161,0.16252656828642664,0.1628972874544707
1914,0.16135163022212826,0.43666314012190127,0.1597231711228541,0.21016082653348128,0.21099003866308155,0.1595183190003817,0.15979128748679816,0.0779927849791919,0.08797658498810235
1915,0.3103148701122355,0.10933492839087874,0.31280370238355776,0.20831856461614104,0.20823303520167402,0.10918147735678958,0.10792725648269202,2.1203329740768683e-05,0.1079718802653576
1916,0.31633257533800974,0.43806297536466776,0.31151013623058366,0.2118363822383798,0.21375626214525956,0.0491105759041983,0.1686859365549871,0.05001902448157146,2.1487426585642735e-05
1917,0.1788882667897491,0.4836048673493986,0.17862462806513374,0.23932758426739925,2.4388584094264425e-05,0.18053933775441275,0.18095922003195272,0.24176768484302835,2.132708746069027e-05
1918,0.8795567762458086,0.584881412295634,1.0806935846042939e-05,0.29227827322085465,0.08908875395425148,0.2919964166691112,2.4007515340538047e-05,1.083916511876638e-05,0.07865204936368769
1919,0.18115601348191693,0.3105149896021287,0.8944378606873988,0.18263787061831846,0.16569716003703863,0.18463354313845962,2.1557038140143005e-05,0.08024754822431367,0.31385884824100657
1920,0.23763963358703002,0.2467364580251888,0.23633328535192089,0.2169326789430486,0.21647003520063154,0.23511204316325587,0.09140112959339677,0.24559299007217084,0.16879382337925894
1921,0.21307790789942463,0.21847675824296936,0.21383454704681962,0.13976476660469453,0.14030683739487332,0.2184027684804631,0.14107557677506138,0.21372079152700682,2.1680971332416002e-05
1922,0.20680118238285383,0.4292733848656792,0.20827506061161868,0.4205497430486602,0.1691183570970998,0.20994353100863827,0.050396373138792784,0.050324953622986,0.08042650601175043
1923,0.15653500492936623,0.14671993734418315,0.15708815937603698,0.4253016798618388,0.1665605547909991,0.1489392413018597,0.14654784628605702,0.15591216386644072,0.15676562622600196
1924,0.23823943906946957,0.4788445059060084,0.23900024075840198,0.16130112488068946,0.16085853205459452,0.16440221799310895,0.2359629509198242,2.175178946138818e-05,0.10021293443512007
1925,0.2902845993375833,0.5837972833114171,0.29166060156563334,0.1948358738724855,0.19509491332287607,0.29078292076190354,0.08029808465196367,0.19293734939912469,0.08950526452314307
1926,0.30217733870848246,0.3073303154967743,0.3098110397239624,2.4058859446858762e-05,0.3009043309952353,0.3003538593331166,0.1658373483435875,0.05078055065402092,0.049941870275953815
1927,0.23513254397224556,0.19483978270018948,0.23646296596177266,0.2180933633949895,2.4214100576308596e-05,0.23693758255341535,0.21852346985836335,0.10131063563303894,0.19448269729559128
1928,0.21391821035505246,0.44113572823371106,0.16927404416234829,0.21105125267888075,2.39968906507446e-05,0.09026083319109653,0.2147024347310127,0.21224742720885373,0.20968855389299565
1929,0.3114016534834227,0.2171490428498361,0.31245016532473424,0.4178191884183108,2.154777968105381e-05,0.16678668637929986,0.21474478349718235,0.05068975147100055,0.0501656363832558
1930,0.31164060803726934,0.43777210202682093,2.1388923841602145e-05,0.142328808583327,0.14137661218136516,0.3117887607518135,0.14111238232146603,0.09260166140691838,0.10008649197012076
1931,0.2438600738218598,0.24131680370833103,0.2383280841339442,0.2427436761401782,0.24049951112869136,0.2385711471019316,0.2399711347084953,0.09113587505776721,2.423363474687914e-05
1932,0.4359892988173275,0.29143380727041496,0.08006587503347924,0.29065846647602384,0.2866709555034361,0.43488264606993726,0.08979019061106246,2.408029728202134e-05,0.2951504494577139
1933,0.30171869750571817,0.616242293200568,0.3007082286860436,0.18291686561477447,0.182956180472176,0.30017518437392343,0.16615081171343002,0.18312252166250728,0.08975224851707807
1934,0.17705150273178608,0.16176784643296274,0.17663337953708788,0.17559466565683826,0.27269963132321146,0.1776564898642861,0.16329448064621024,0.16346561983386174,0.27210569660411105
1935,0.15863991139741576,0.4386032119371724,0.15913342695209173,0.20978208898528275,0.2094511345701373,0.15980711836438258,0.15956049750955303,0.1639836874530529,2.4127738980671866e-05
1936,0.20726915075356633,0.41948299630270725,2.4308820700398142e-05,0.09100662105398737,0.20906265710183167,0.43068694704689664,0.10055762703129342,0.20689854327192972,0.16695765849492447
1937,0.31539159978514264,0.21605036858439136,0.31471909325633257,0.08215066300465787,0.08995246223548807,0.21950597409683326,0.42709516246044504,0.08368871395494684,2.4047287999066336e-05
1938,0.3603827514177692,0.237920294794927,0.35619872346638015,0.12150249928812559,0.12003693577085438,0.23959428745418254,0.12092953916933882,0.11986280778608134,0.08977727669271202
1939,0.09165890679355834,0.19639030402075922,0.8722247207610933,0.10030091150961577,0.5780043944399416,0.197125932887911,0.0790293579236669,0.19441708471258431,2.4323187649167205e-05
1940,0.4479294141021754,0.6200991853900811,0.08391138880883449,0.10157658693011468,2.4076470089270002e-05,0.4509942577847513,0.08353405293822136,0.0801738429620635,2.1668690736315696e-05
