Step,AI_Eps_0.05_e0.05,AI_Eps_0.1_e0.1,AI_UCB_0.1_c0.1,AI_Softmax_0.1_t0.1,WSLS_I0.15_LR0.1,SW_UCB_W100_C0.1,SW_UCB_W200_C0.1,SW_UCB_W500_C0.1
0,0.06336977532997802,0.06336977532997802,0.04621728519673441,0.02953750859230557,0.02953750859230557,0.04621728519673441,0.13037843878488622,0.02953750859230557
1,0.015994981018498472,0.015994981018498472,0.015994981018498472,0.015994981018498472,0.06626782512972557,0.015994981018498472,0.1534890254612457,0.06626782512972557
2,0.034104131219153136,0.016286860304509605,0.016286860304509605,0.016286860304509605,0.034104131219153136,0.016286860304509605,0.034104131219153136,0.03234643807449577
3,0.03404126567090222,0.03404126567090222,0.04357265265149464,0.023234273404527047,0.023234273404527047,0.04357265265149464,0.023234273404527047,0.03404126567090222
4,0.02130462527936004,0.02130462527936004,0.02368576853855988,0.02368576853855988,0.02130462527936004,0.02368576853855988,0.02368576853855988,0.10256047511437494
5,0.07039583651411278,0.07039583651411278,0.019744377773860924,0.15161026371424274,0.12955479966911604,0.019744377773860924,0.019744377773860924,0.019744377773860924
6,0.04349142548734003,0.04349142548734003,0.039789612259572164,0.16558327177841037,0.03435449378682409,0.039789612259572164,0.03435449378682409,0.04349142548734003
7,0.02079884944728154,0.02079884944728154,0.02079884944728154,0.04050868910874822,0.08796864935139269,0.02079884944728154,0.04050868910874822,0.1369386612535722
8,0.04323313894095164,0.04323313894095164,0.02718076531684019,0.25930054654357937,0.02718076531684019,0.02718076531684019,0.04323313894095164,0.02718076531684019
9,0.047911673602211845,0.047911673602211845,0.02806192239902087,0.02806192239902087,0.047911673602211845,0.02806192239902087,0.05038610464036701,0.05038610464036701
10,0.0575666714748458,0.0575666714748458,0.02835492161654716,0.0830696349350154,0.02835492161654716,0.02835492161654716,0.04505797791538693,0.04505797791538693
11,0.019500841938548563,0.019500841938548563,0.019500841938548563,0.23857707816471477,0.019500841938548563,0.019500841938548563,0.024928538042385043,0.024928538042385043
12,0.14614491780554764,0.0783007600710976,0.03383913496897361,0.038014070935419655,0.038014070935419655,0.03383913496897361,0.0783007600710976,0.038014070935419655
13,0.02494529698408564,0.08639748795812721,0.02494529698408564,0.06742127661187744,0.06742127661187744,0.02494529698408564,0.16546793070409607,0.08639748795812721
14,0.07600719921771577,0.08257757615933313,0.018454179760024902,0.07600719921771577,0.018454179760024902,0.018454179760024902,0.018454179760024902,0.1209712229721356
15,0.22900135647185918,0.01875191634855992,0.01875191634855992,0.01875191634855992,0.01875191634855992,0.01875191634855992,0.0668663270019542,0.0668663270019542
16,0.07185514070677937,0.14306942589193838,0.03497714245008397,0.07185514070677937,0.05346076579674073,0.03497714245008397,0.05346076579674073,0.03497714245008397
17,0.01363059801365007,0.025510974084147705,0.01363059801365007,0.22115489154888388,0.01363059801365007,0.01363059801365007,0.025510974084147705,0.025510974084147705
18,0.05832579915927309,0.04832603281057856,0.025060348603928355,0.04832603281057856,0.025060348603928355,0.025060348603928355,0.1530072062785782,0.05832579915927309
19,0.1559924126682558,0.034212591938940745,0.050733589844415374,0.034212591938940745,0.17463139326279545,0.050733589844415374,0.050733589844415374,0.034212591938940745
20,0.16298727350561987,0.01216875591977677,0.01216875591977677,0.03855906162927767,0.01216875591977677,0.01216875591977677,0.03855906162927767,0.03855906162927767
21,0.040618188262018705,0.14832512350352836,0.04659253755661728,0.04659253755661728,0.1735788886375121,0.04659253755661728,0.040618188262018705,0.040618188262018705
22,0.03791377053067327,0.045309823972614606,0.03791377053067327,0.03791377053067327,0.04005209061198465,0.03791377053067327,0.04005209061198465,0.045309823972614606
23,0.05368957523134647,0.07095869960446512,0.06314016107249203,0.03132595196913597,0.05368957523134647,0.06314016107249203,0.07095869960446512,0.03132595196913597
24,0.04663966170777852,0.030695641064269464,0.0200825139809315,0.04663966170777852,0.030695641064269464,0.0200825139809315,0.12104658208306823,0.0200825139809315
25,0.04459755682125727,0.1409156691853538,0.022931130492378327,0.022931130492378327,0.022931130492378327,0.022931130492378327,0.022931130492378327,0.04459755682125727
26,0.033674215761835435,0.026604134524578115,0.033674215761835435,0.026604134524578115,0.026604134524578115,0.033674215761835435,0.026604134524578115,0.026604134524578115
27,0.05058851869093108,0.021188949724361816,0.021188949724361816,0.021188949724361816,0.05058851869093108,0.021188949724361816,0.17360050325960552,0.17506937817692625
28,0.08485793842399822,0.08127388162345002,0.029154877419334174,0.08485793842399822,0.08127388162345002,0.029154877419334174,0.12447357900176903,0.029154877419334174
29,0.16878367222567708,0.05725734045233299,0.016613486245647967,0.016613486245647967,0.05725734045233299,0.016613486245647967,0.016613486245647967,0.1504401461807802
30,0.030637057268955388,0.08555024332156373,0.030637057268955388,0.08555024332156373,0.030637057268955388,0.030637057268955388,0.21622360284936892,0.14857377510433428
31,0.16305833585063928,0.0381233400051973,0.0381233400051973,0.06041891298313896,0.05725229392455671,0.0381233400051973,0.06041891298313896,0.05725229392455671
32,0.10353752960350035,0.18749167103697162,0.013635376335128561,0.013635376335128561,0.013635376335128561,0.013635376335128561,0.1868627059983073,0.013635376335128561
33,0.023736193275099154,0.020690325399902555,0.023736193275099154,0.020690325399902555,0.020690325399902555,0.023736193275099154,0.15392030038046042,0.27225346795609084
34,0.05230480502478178,0.1501514704366499,0.03359873566817722,0.05230480502478178,0.029017461686740447,0.03359873566817722,0.03359873566817722,0.029017461686740447
35,0.1806479087552398,0.02216955527746944,0.02216955527746944,0.02216955527746944,0.02216955527746944,0.02216955527746944,0.1847903414406144,0.23063858831871564
36,0.2218384292900253,0.11284194463436395,0.021369271810762203,0.021369271810762203,0.06518189330768126,0.021369271810762203,0.021369271810762203,0.06518189330768126
37,0.008395295309768043,0.15564845124066323,0.008395295309768043,0.008395295309768043,0.06262417588533846,0.008395295309768043,0.14329013946078625,0.06262417588533846
38,0.0902730251243078,0.25215365562481634,0.02260867826869289,0.02260867826869289,0.02260867826869289,0.02260867826869289,0.17246702838823974,0.02260867826869289
39,0.041295978503471796,0.025638250714777017,0.025638250714777017,0.08359586554684162,0.041295978503471796,0.025638250714777017,0.20346289520389219,0.08359586554684162
40,0.06041356137179105,0.25222021539688955,0.027258128330120677,0.06041356137179105,0.08027503998411711,0.027258128330120677,0.027258128330120677,0.08027503998411711
41,0.1216116339505753,0.10322100673005612,0.01493800185163483,0.10322100673005612,0.01493800185163483,0.01493800185163483,0.1422768295750386,0.01493800185163483
42,0.015484430161604468,0.03485644531568423,0.03485644531568423,0.015484430161604468,0.015484430161604468,0.03485644531568423,0.1665029695198952,0.015484430161604468
43,0.04020991990109562,0.03358815956883981,0.04020991990109562,0.03358815956883981,0.045759064170984735,0.04020991990109562,0.045759064170984735,0.03358815956883981
44,0.26673802296752774,0.03918305417149685,0.017988081283742158,0.21918162510964595,0.017988081283742158,0.017988081283742158,0.017988081283742158,0.03918305417149685
45,0.009858760276319918,0.17108278421474812,0.009858760276319918,0.009858760276319918,0.009858760276319918,0.009858760276319918,0.049857124686254424,0.049857124686254424
46,0.07368055924504593,0.014906352324215194,0.014906352324215194,0.02297818215823865,0.02297818215823865,0.014906352324215194,0.02297818215823865,0.2324449037593004
47,0.05015155592291145,0.06969643297875816,0.030410112978465305,0.15984408847816636,0.030410112978465305,0.030410112978465305,0.05015155592291145,0.030410112978465305
48,0.043889343354717246,0.14486982963615913,0.016316503011017267,0.043889343354717246,0.016316503011017267,0.016316503011017267,0.016316503011017267,0.2447784807685052
49,0.24108651311137866,0.11583676867463524,0.015581353872211406,0.015581353872211406,0.015581353872211406,0.015581353872211406,0.015581353872211406,0.015581353872211406
50,0.048958508934011706,0.014066975976933162,0.014066975976933162,0.048958508934011706,0.048958508934011706,0.014066975976933162,0.14637224041909658,0.14414505725415921
51,0.01099175434646491,0.14127360225997343,0.01099175434646491,0.0909441463616162,0.01099175434646491,0.01099175434646491,0.1335498931054448,0.0909441463616162
52,0.1928551403212569,0.06400852655289971,0.014870450142395982,0.06400852655289971,0.014870450142395982,0.014870450142395982,0.014870450142395982,0.23149434643849232
53,0.02141171344002319,0.029079593894189782,0.03310705827471177,0.02141171344002319,0.029079593894189782,0.03310705827471177,0.02141171344002319,0.03310705827471177
54,0.0525226194092322,0.028673204353968713,0.028673204353968713,0.0525226194092322,0.04776614420904683,0.028673204353968713,0.04776614420904683,0.21034056314261512
55,0.022444909130151812,0.050293497034850546,0.022444909130151812,0.050293497034850546,0.16066213655099737,0.022444909130151812,0.050293497034850546,0.22982738162167313
56,0.13632470037368427,0.1927689487806093,0.027152173578243947,0.027152173578243947,0.05398607811257874,0.027152173578243947,0.05398607811257874,0.027152173578243947
57,0.16740651436617832,0.028141224126860237,0.028141224126860237,0.03609766581746246,0.03609766581746246,0.028141224126860237,0.03609766581746246,0.1188517622286845
58,0.06025153455186355,0.04069047192927337,0.04069047192927337,0.06025153455186355,0.0863153984952909,0.04069047192927337,0.05123054078663479,0.05123054078663479
59,0.019437198591518233,0.15759207744561654,0.019437198591518233,0.019437198591518233,0.05679869547235383,0.019437198591518233,0.05679869547235383,0.1919587948825748
60,0.15529240163539643,0.025524416066776162,0.019714756499191306,0.025524416066776162,0.025524416066776162,0.019714756499191306,0.019714756499191306,0.20996758038120994
61,0.02296509630850456,0.14296064792576182,0.03635696770280885,0.15031773305628007,0.02296509630850456,0.03635696770280885,0.02296509630850456,0.03635696770280885
62,0.03016785738147348,0.036702594435427095,0.036702594435427095,0.03016785738147348,0.12480663252234632,0.036702594435427095,0.06420345450611953,0.06420345450611953
63,0.16645586916428082,0.16585853258751543,0.0345720911103292,0.025725840299008845,0.025725840299008845,0.0345720911103292,0.025725840299008845,0.0345720911103292
64,0.045135417460389085,0.012973028268509405,0.012973028268509405,0.045135417460389085,0.045135417460389085,0.012973028268509405,0.012973028268509405,0.2099856446681745
65,0.051519423580108574,0.09079717349175265,0.031977590394765,0.051519423580108574,0.031977590394765,0.031977590394765,0.06706341771015603,0.06706341771015603
66,0.029346923264857633,0.1492688412347923,0.029346923264857633,0.02426268081420745,0.02426268081420745,0.029346923264857633,0.18072611038738998,0.02426268081420745
67,0.04300790831511897,0.20683595151847617,0.019147771259701196,0.019147771259701196,0.04300790831511897,0.019147771259701196,0.09076224962878249,0.019147771259701196
68,0.15296797841330215,0.164986933329038,0.02165833244483534,0.03709080872807855,0.03709080872807855,0.02165833244483534,0.02165833244483534,0.03709080872807855
69,0.01871019305313247,0.07925608972438225,0.01871019305313247,0.03586164330766184,0.07925608972438225,0.01871019305313247,0.03586164330766184,0.13751753795596727
70,0.0700601567917576,0.007212980948448538,0.007212980948448538,0.0700601567917576,0.007212980948448538,0.007212980948448538,0.0734686206256557,0.0734686206256557
71,0.06586567562209372,0.11881312993988687,0.025861929286454893,0.025861929286454893,0.06586567562209372,0.025861929286454893,0.16643273655177604,0.025861929286454893
72,0.07580607000150501,0.10417921092473126,0.02673236146823603,0.04717703942295806,0.07580607000150501,0.02673236146823603,0.02673236146823603,0.04717703942295806
73,0.00616245333163015,0.24111785885646214,0.00616245333163015,0.06721646301835925,0.00616245333163015,0.00616245333163015,0.06721646301835925,0.11688642440081462
74,0.1450262397659827,0.06542991803313879,0.0322156366613247,0.04431893799021588,0.04431893799021588,0.0322156366613247,0.0322156366613247,0.0322156366613247
75,0.040949930601435716,0.22799841030076243,0.010126417317801189,0.15927514690087077,0.040949930601435716,0.010126417317801189,0.010126417317801189,0.010126417317801189
76,0.03747682078691456,0.021894088950265973,0.021894088950265973,0.03747682078691456,0.06397973506099747,0.021894088950265973,0.03747682078691456,0.06397973506099747
77,0.057791807171966615,0.017492091392468802,0.03849068609936995,0.057791807171966615,0.03849068609936995,0.03849068609936995,0.017492091392468802,0.017492091392468802
78,0.19289862773382024,0.0956836540839706,0.026724899954536866,0.026724899954536866,0.0956836540839706,0.026724899954536866,0.1268287829787312,0.026724899954536866
79,0.020003948254025742,0.02916636282300693,0.020003948254025742,0.02916636282300693,0.02916636282300693,0.020003948254025742,0.12308451973691373,0.020003948254025742
80,0.06521455009469825,0.021090059226612532,0.021090059226612532,0.061006609315013206,0.06521455009469825,0.021090059226612532,0.12601745480898402,0.061006609315013206
81,0.05596802249024631,0.16055949251647159,0.042729839649149316,0.0434564775039913,0.05596802249024631,0.042729839649149316,0.0434564775039913,0.042729839649149316
82,0.02597073510955541,0.015896050077334106,0.015896050077334106,0.12613014562535668,0.02597073510955541,0.015896050077334106,0.015896050077334106,0.1462688953438269
83,0.06452350042931468,0.2384000566215508,0.015837054853028255,0.06452350042931468,0.015837054853028255,0.015837054853028255,0.015837054853028255,0.015837054853028255
84,0.18188589442993247,0.026181324091113876,0.026181324091113876,0.04034401332705463,0.026181324091113876,0.026181324091113876,0.1919544169271317,0.04034401332705463
85,0.022818392976954,0.30975082960649064,0.022818392976954,0.022818392976954,0.050338854568901234,0.022818392976954,0.050338854568901234,0.15152548914049216
86,0.02869132231078596,0.12730049125115397,0.026054531338822167,0.02869132231078596,0.026054531338822167,0.026054531338822167,0.026054531338822167,0.177674140887312
87,0.04569618003636832,0.04618103428652387,0.03129365465392098,0.04569618003636832,0.04618103428652387,0.03129365465392098,0.1742415328045276,0.03129365465392098
88,0.04867937158736291,0.02082291210060573,0.02082291210060573,0.04867937158736291,0.02082291210060573,0.02082291210060573,0.14385803672327802,0.2597093381058257
89,0.005356136642136829,0.18124471096888725,0.005356136642136829,0.06831960670308816,0.005356136642136829,0.005356136642136829,0.14306603003853524,0.06831960670308816
90,0.12617359052888924,0.029204829794899603,0.039572540544616806,0.029204829794899603,0.029204829794899603,0.039572540544616806,0.12305793123741801,0.039572540544616806
91,0.23672678366868513,0.1493948947212841,0.014844404927981928,0.014844404927981928,0.014844404927981928,0.014844404927981928,0.014844404927981928,0.23453201110709243
92,0.059415647337207805,0.16617219862064272,0.037410793819122046,0.059415647337207805,0.037410793819122046,0.037410793819122046,0.11793014314472433,0.037410793819122046
93,0.01354052537301386,0.23668637089838812,0.01354052537301386,0.01354052537301386,0.01354052537301386,0.01354052537301386,0.12806493233188723,0.01354052537301386
94,0.05072996055750044,-4.2190033054424704e-05,-4.2190033054424704e-05,-4.2190033054424704e-05,0.05072996055750044,-4.2190033054424704e-05,0.18861618239564545,0.19498970971243407
95,0.05956679931414218,0.1287753558880862,0.018484463569993087,0.018484463569993087,0.05956679931414218,0.018484463569993087,0.018484463569993087,0.21036156403021652
96,0.014720055664749513,0.05253204121075782,0.014720055664749513,0.06348001993590853,0.014720055664749513,0.014720055664749513,0.05253204121075782,0.06348001993590853
97,0.046603571624744246,0.1318392666032761,0.021286205113727433,0.021286205113727433,0.021286205113727433,0.021286205113727433,0.046603571624744246,0.021286205113727433
98,0.16208109490575703,0.24261300439177455,0.01689021776524966,0.060230131927150314,0.01689021776524966,0.01689021776524966,0.01689021776524966,0.060230131927150314
99,0.03777751648404742,0.01562729125619812,0.01562729125619812,0.01562729125619812,0.01562729125619812,0.01562729125619812,0.03777751648404742,0.12130844872577064
100,0.04583428456272304,0.24204736505891433,0.028705092101906304,0.04583428456272304,0.028705092101906304,0.028705092101906304,0.13130362749318858,0.028705092101906304
101,0.023336001891158364,0.023336001891158364,0.023336001891158364,0.023336001891158364,0.18722079205653433,0.023336001891158364,0.1501289556703736,0.19636901529827255
102,0.07428332937807477,0.08340439273685124,0.042521199652760217,0.07428332937807477,0.08340439273685124,0.042521199652760217,0.15819937046146704,0.042521199652760217
103,0.1262338967920645,0.04313470446261156,0.018412057740412956,0.018412057740412956,0.04313470446261156,0.018412057740412956,0.16548087949322043,0.018412057740412956
104,0.034970188435662956,0.11222024781416151,0.015764842313301528,0.034970188435662956,0.015764842313301528,0.015764842313301528,0.015764842313301528,0.22165633023595002
105,0.03457068912619287,0.21113454965905953,0.03457068912619287,0.061633215009270687,0.06377344651735925,0.03457068912619287,0.061633215009270687,0.06377344651735925
106,0.24268187481229794,0.05206375783104839,0.05575227519774199,0.03550712923385886,0.03550712923385886,0.05575227519774199,0.05206375783104839,0.03550712923385886
107,0.06272933552103309,0.05334849863045943,0.05334849863045943,0.07793555612067707,0.06272933552103309,0.05334849863045943,0.18322178270143163,0.07793555612067707
108,0.08156519546746042,0.01769847381058491,0.01769847381058491,0.01769847381058491,0.08156519546746042,0.01769847381058491,0.15882413573834828,0.2558827579077329
109,0.06655537930427836,0.017928551004375,0.017928551004375,0.06805010579282521,0.06655537930427836,0.017928551004375,0.15957273110890086,0.06805010579282521
110,0.016122829136014195,0.1820436579311482,0.016122829136014195,0.06158213972543776,0.016122829136014195,0.016122829136014195,0.06158213972543776,0.1746204338509689
111,0.10142495458386815,0.17267571073339563,0.03970871577929757,0.03687711844208814,0.03687711844208814,0.03970871577929757,0.03687711844208814,0.03970871577929757
112,0.033899365514602334,0.08384009983934375,0.03303604370922273,0.033899365514602334,0.033899365514602334,0.03303604370922273,0.12687286254676805,0.03303604370922273
113,0.12152406900058423,0.08930265183948245,0.03611065847513924,0.05260065332665689,0.08930265183948245,0.03611065847513924,0.03611065847513924,0.05260065332665689
114,0.03831809299606872,0.03216523114321077,0.0331822467773849,0.03831809299606872,0.03216523114321077,0.0331822467773849,0.0331822467773849,0.03216523114321077
115,0.030485662087448354,0.08622631878208158,0.08622631878208158,0.030485662087448354,0.03219767463336681,0.03219767463336681,0.1768206634387839,0.03219767463336681
116,0.024822679679241653,0.02440103033409294,0.02440103033409294,0.02440103033409294,0.024822679679241653,0.02440103033409294,0.09619706141989127,0.024822679679241653
117,0.18153836193728323,0.06445188563068721,0.06445188563068721,0.06304950741675644,0.030713369629838373,0.06304950741675644,0.030713369629838373,0.030713369629838373
118,0.05008724132112389,0.08151573765484807,0.08151573765484807,0.050773116106230705,0.05833582242912901,0.05008724132112389,0.050773116106230705,0.05833582242912901
119,0.0893717456747373,0.006392947150810472,0.006392947150810472,0.006392947150810472,0.07219518759182317,0.0893717456747373,0.1825827418472022,0.07219518759182317
120,0.07091817049189185,0.0432905302356938,0.0432905302356938,0.0432905302356938,0.05757112513683711,0.07091817049189185,0.13120128322085833,0.05757112513683711
121,0.057935625609820726,0.03920419745103409,0.03920419745103409,0.03920419745103409,0.029021850462304512,0.057935625609820726,0.14824230397833493,0.029021850462304512
122,0.026231809309737373,0.0592588271299158,0.0592588271299158,0.058079482815316635,0.026231809309737373,0.026231809309737373,0.13432504948833343,0.058079482815316635
123,0.027494020717375455,0.021859946972367626,0.021859946972367626,0.027494020717375455,0.021859946972367626,0.027494020717375455,0.18348410122847475,0.13134323168299475
124,0.05127356549710558,0.04430308452854129,0.04430308452854129,0.04430308452854129,0.06155175070146782,0.05127356549710558,0.06155175070146782,0.2114459992611527
125,0.04535016821128986,0.14776034032024563,0.054332271776943594,0.03183904123895766,0.03183904123895766,0.04535016821128986,0.03183904123895766,0.054332271776943594
126,0.029515479797293378,0.13798655444387029,0.10727285549193055,0.029515479797293378,0.029515479797293378,0.029515479797293378,0.17335215908372592,0.10727285549193055
127,0.05048542189390541,0.24132366722856816,0.05405944143987544,0.05048542189390541,0.05079705507361519,0.05048542189390541,0.05079705507361519,0.05405944143987544
128,0.02145427579328806,0.172207950599643,0.04909732726830469,0.02145427579328806,0.059459506876200066,0.02145427579328806,0.059459506876200066,0.04909732726830469
129,0.0668664887950944,0.059794691015860664,0.04530010392923042,0.059794691015860664,0.040430136155932044,0.0668664887950944,0.040430136155932044,0.04530010392923042
130,0.05518289385299027,0.01602429765183219,0.01602429765183219,0.01602429765183219,0.1355614212904579,0.12271798103977877,0.05518289385299027,0.01602429765183219
131,0.043109671001999174,0.027399604673230847,0.0626080770648526,0.0626080770648526,0.027399604673230847,0.16977535651208234,0.043109671001999174,0.027399604673230847
132,0.026445082273302577,0.16175194896706166,0.02242615931529069,0.026445082273302577,0.02242615931529069,0.026445082273302577,0.10855072240962586,0.02242615931529069
133,0.03255940276845183,0.2660853267313531,0.18388721571231167,0.03255940276845183,0.04777758346268594,0.03255940276845183,0.04777758346268594,0.03255940276845183
134,0.09084579452072816,0.05714609924460589,0.05422987584177269,0.05714609924460589,0.17618798563822807,0.09084579452072816,0.05714609924460589,0.05422987584177269
135,0.07018990285527467,0.02580267343139596,0.08656009380655312,0.02580267343139596,0.03785516462980527,0.07018990285527467,0.08656009380655312,0.03785516462980527
136,0.06000228456220619,0.08385778695719723,0.02965512057670411,0.08385778695719723,0.02965512057670411,0.06000228456220619,0.02965512057670411,0.02965512057670411
137,0.051446881780128614,0.06962807028013121,0.04639614883765886,0.04639614883765886,0.06962807028013121,0.051446881780128614,0.09095300821329608,0.04639614883765886
138,0.025553618120697598,0.05906809372383101,0.03693769540412575,0.03693769540412575,0.05906809372383101,0.025553618120697598,0.1258565561804737,0.03693769540412575
139,0.05301211433974229,0.04217879957379435,0.0316703315020883,0.0316703315020883,0.04217879957379435,0.05301211433974229,0.14753337023076227,0.0316703315020883
140,0.07307095442424066,0.07410378005221972,0.02508866586754759,0.07410378005221972,0.02508866586754759,0.07307095442424066,0.16743964001009864,0.02508866586754759
141,0.022577655055350962,0.055323425895042425,0.21504245357726956,0.022577655055350962,0.0584723717013425,0.022577655055350962,0.0584723717013425,0.055323425895042425
142,0.036468875014733074,0.08520950656134926,0.24750770885623435,0.08520950656134926,0.07212144573650901,0.036468875014733074,0.07212144573650901,0.036468875014733074
143,0.041126999083699774,0.09792714078550999,0.060779130687224306,0.09792714078550999,0.05844255172661207,0.041126999083699774,0.05844255172661207,0.060779130687224306
144,0.061391595909343157,0.10226160202447353,0.10226160202447353,0.1703151508449781,0.029766452492787265,0.061391595909343157,0.029766452492787265,0.029766452492787265
145,0.01806959542737552,0.01806959542737552,0.020833200691882454,0.020833200691882454,0.020833200691882454,0.01806959542737552,0.01806959542737552,0.020833200691882454
146,0.030532802058016294,0.044977011433239227,0.18904945021104436,0.04366313894304327,0.030532802058016294,0.030532802058016294,0.04366313894304327,0.044977011433239227
147,0.062313949014519227,0.16574177240570687,0.08738558808099382,0.02433924226035636,0.02433924226035636,0.062313949014519227,0.02433924226035636,0.08738558808099382
148,0.0304800690843102,0.041028425902914986,0.07621546609686503,0.0304800690843102,0.041028425902914986,0.0304800690843102,0.041028425902914986,0.07621546609686503
149,0.026263907929071618,0.17254063903790934,0.03419306182036279,0.026263907929071618,0.03419306182036279,0.026263907929071618,0.08811320544680218,0.03419306182036279
150,0.03900281166288554,0.07259443709360211,0.03900281166288554,0.07259443709360211,0.041313146719659175,0.1296217366816706,0.041313146719659175,0.03900281166288554
151,0.02953851864574802,0.15777880408768935,0.07353857361707791,0.06737934092531189,0.02953851864574802,0.02953851864574802,0.06737934092531189,0.07353857361707791
152,0.02519313588839193,0.17412471890666403,0.019205160338572665,0.02519313588839193,0.019205160338572665,0.02519313588839193,0.019205160338572665,0.019205160338572665
153,0.028857766830566442,0.20230774545574573,0.0622173171178104,0.0622173171178104,0.05171131965608965,0.028857766830566442,0.05171131965608965,0.028857766830566442
154,0.07259139919503438,0.06285228573127032,0.18762007928729124,0.029986943141347366,0.029986943141347366,0.07259139919503438,0.029986943141347366,0.06285228573127032
155,0.03530579115981158,0.06197126583137104,0.08361559033532892,0.06197126583137104,0.03530579115981158,0.03530579115981158,0.1325263623676096,0.08361559033532892
156,0.023401139326452065,0.22137589464531457,0.03208673632555751,0.03208673632555751,0.05301566861002031,0.023401139326452065,0.05301566861002031,0.03208673632555751
157,0.03702331701124772,0.0429540571291701,0.0612805960973269,0.0429540571291701,0.19991071905451638,0.03702331701124772,0.0429540571291701,0.0612805960973269
158,0.028541834034875237,0.06430716519621839,0.06430716519621839,0.028541834034875237,0.05037683774857222,0.028541834034875237,0.05037683774857222,0.15112304550353342
159,0.022682438220059442,0.05923956972657759,0.05320430484702172,0.05320430484702172,0.022682438220059442,0.022682438220059442,0.19985430498525739,0.05923956972657759
160,0.03212735213120227,0.00907086012615052,0.21258153135164473,0.00907086012615052,0.05096097328945517,0.03212735213120227,0.05096097328945517,0.00907086012615052
161,0.03001020222726051,0.2237738166246969,0.06035245981418796,0.03001020222726051,0.06035245981418796,0.03001020222726051,0.06338396272533675,0.06338396272533675
162,0.0782224091027021,0.20584987216696782,0.04978843938081299,0.05204825337637849,0.04978843938081299,0.0782224091027021,0.05204825337637849,0.04978843938081299
163,0.03190859450940668,0.021351943846247175,0.16983205193588316,0.021351943846247175,0.021351943846247175,0.03190859450940668,0.14804914255154372,0.021351943846247175
164,0.03574218315155603,0.20505909608609915,0.16658291143360107,0.03574218315155603,0.0250223011547428,0.03574218315155603,0.0250223011547428,0.0250223011547428
165,0.021478229471448576,0.16536653978297072,0.039619601708218787,0.039619601708218787,0.021478229471448576,0.021478229471448576,0.1681435435134264,0.039619601708218787
166,0.052455571511998346,0.08909813064847213,0.034879824506193174,0.08909813064847213,0.034879824506193174,0.052455571511998346,0.12410981400470672,0.034879824506193174
167,0.06990127321331009,0.03960723987718744,0.07062061831832105,0.06043261416543345,0.03960723987718744,0.06990127321331009,0.06043261416543345,0.07062061831832105
168,0.08568020008703017,0.04191754896268276,0.030091593035963874,0.04191754896268276,0.030091593035963874,0.08568020008703017,0.10448835637430869,0.030091593035963874
169,0.04605681575860714,0.010784374421542009,0.1719745596341846,0.07064657641597384,0.010784374421542009,0.04605681575860714,0.07064657641597384,0.04605681575860714
170,0.026571326196379908,0.20370415864829966,0.024786216329069282,0.026571326196379908,0.024786216329069282,0.026571326196379908,0.12605244195481025,0.024786216329069282
171,0.06634288045429214,0.06932877472467891,0.02840111864303903,0.02840111864303903,0.06932877472467891,0.06634288045429214,0.1507782511511304,0.02840111864303903
172,0.04479178381581081,0.08640826984642642,0.08749853502492952,0.043770429635261655,0.08640826984642642,0.04479178381581081,0.043770429635261655,0.08749853502492952
173,0.04364304953862994,0.06695087959884688,0.03438526987548398,0.03438526987548398,0.06695087959884688,0.04364304953862994,0.1319804361997668,0.06695087959884688
174,0.017816899615853077,0.08390600375257418,0.048695563826113994,0.017816899615853077,0.08390600375257418,0.017816899615853077,0.11204602921086206,0.048695563826113994
175,0.1884611715922878,0.10226619941623802,0.06124629535031313,0.027404811006291566,0.10226619941623802,0.027404811006291566,0.027404811006291566,0.06124629535031313
176,0.20981295369870287,0.01811233799764816,0.08524001629909815,0.01811233799764816,0.01811233799764816,0.08524001629909815,0.19922770105757404,0.01811233799764816
177,0.03065793038018718,0.07123121238819494,0.08423943622754991,0.07123121238819494,0.03065793038018718,0.08423943622754991,0.1569345578161893,0.03065793038018718
178,0.04473132011676715,0.08638853407089801,0.04333539834607046,0.04473132011676715,0.08638853407089801,0.04333539834607046,0.17129037479997136,0.04333539834607046
179,0.038027825412915155,0.029353885922898535,0.04318329418242533,0.038027825412915155,0.029353885922898535,0.04318329418242533,0.07962464720609028,0.07962464720609028
180,0.03704128866789436,0.1566073320113418,0.037474506396215496,0.03704128866789436,0.037474506396215496,0.037474506396215496,0.03305210038863129,0.03305210038863129
181,0.028671174716751537,0.16571025460955427,0.03620330011233747,0.028671174716751537,0.028671174716751537,0.03620330011233747,0.18515858005570812,0.03620330011233747
182,0.027398665378650048,0.027398665378650048,0.024058761359194367,0.05966351463158699,0.027398665378650048,0.024058761359194367,0.05966351463158699,0.024058761359194367
183,0.21558717833328894,0.16554601303779315,0.03990411588952027,0.028733737227084895,0.028733737227084895,0.03990411588952027,0.028733737227084895,0.03990411588952027
184,0.05127805544282366,0.05973371322140735,0.03720892903255545,0.05973371322140735,0.05127805544282366,0.03720892903255545,0.10018448347391101,0.03720892903255545
185,0.06071624933410099,0.06804488140271284,0.0935729618381661,0.06804488140271284,0.06071624933410099,0.0935729618381661,0.06459732440763767,0.06459732440763767
186,0.06045543111982595,0.11584732759491204,0.025382457811681625,0.025382457811681625,0.06045543111982595,0.025382457811681625,0.16420156891393498,0.025382457811681625
187,0.0498581325606795,0.18629397668009384,0.09462253114736766,0.02817454704088841,0.0498581325606795,0.09462253114736766,0.02817454704088841,0.02817454704088841
188,0.03195847053788804,0.23589830453579172,0.039135628572752566,0.039135628572752566,0.03195847053788804,0.039135628572752566,0.14407489221396536,0.03195847053788804
189,0.03406183721104005,0.059703558901434695,0.03406183721104005,0.027524897011270734,0.027524897011270734,0.03406183721104005,0.027524897011270734,0.059703558901434695
190,0.2410826897660748,0.2216215120327103,0.020924854840023623,0.06745440889433416,0.020924854840023623,0.020924854840023623,0.06745440889433416,0.020924854840023623
191,0.1728399303374634,0.058234212333876365,0.03440671522979697,0.058234212333876365,0.05628572699238401,0.03440671522979697,0.05628572699238401,0.03440671522979697
192,0.06470824147554485,0.0871480469376829,0.018411693363716005,0.018411693363716005,0.17636255468047163,0.018411693363716005,0.06470824147554485,0.0871480469376829
193,0.03863963083549118,0.06566289047729196,0.06296281127946382,0.06296281127946382,0.04056115041889917,0.03863963083549118,0.04056115041889917,0.06566289047729196
194,0.024740052494878893,0.03997461253212101,0.18494857059730768,0.024740052494878893,0.024740052494878893,0.03997461253212101,0.2071355739959192,0.03997461253212101
195,0.05126619289453116,0.05629730172694078,0.0361354362921165,0.0361354362921165,0.05629730172694078,0.05126619289453116,0.11802663988000127,0.0361354362921165
196,0.032186464037221814,0.06299481692685326,0.0339477444913352,0.0339477444913352,0.06299481692685326,0.032186464037221814,0.11495946756278964,0.0339477444913352
197,0.06594003451372352,0.044663327995548716,0.07935493378297362,0.06594003451372352,0.044663327995548716,0.044663327995548716,0.11328052781117995,0.07935493378297362
198,0.02221058088798816,0.029897023291289824,0.16783310407010207,0.02221058088798816,0.02221058088798816,0.029897023291289824,0.16240691077562502,0.029897023291289824
199,0.14015423653263664,0.17291403010498405,0.019985554253238242,0.019985554253238242,0.019985554253238242,0.054432792162027954,0.054432792162027954,0.019985554253238242
200,0.13790220760764377,0.04014943468344993,0.2191946530594885,0.04014943468344993,0.04014943468344993,0.024935743738966665,0.024935743738966665,0.024935743738966665
201,0.023425037846460946,0.06141171252071651,0.0834954844453302,0.06141171252071651,0.0834954844453302,0.023425037846460946,0.18187559889635987,0.023425037846460946
202,0.11906015725794018,0.05503304348868528,0.029907343807017574,0.05503304348868528,0.029907343807017574,0.029907343807017574,0.1156452368702786,0.029907343807017574
203,0.026995046043517528,0.1761752933877566,0.06385001517090685,0.026995046043517528,0.026995046043517528,0.06277334796939837,0.06277334796939837,0.06385001517090685
204,0.06779720811870966,0.06644764038425237,0.06806131273896472,0.06779720811870966,0.06644764038425237,0.05037011937996297,0.05037011937996297,0.06806131273896472
205,0.16290376671825801,0.06505490492905029,0.04945244117069806,0.027709300669122888,0.06505490492905029,0.027709300669122888,0.027709300669122888,0.04945244117069806
206,0.14910503562675417,0.03580329169426967,0.07547728820855694,0.03105145770793824,0.03580329169426967,0.03105145770793824,0.03105145770793824,0.07547728820855694
207,0.020970991374646794,0.13581925700150788,0.04058947123485731,0.020970991374646794,0.04058947123485731,0.020970991374646794,0.020970991374646794,0.04058947123485731
208,0.01577645522785215,0.01577645522785215,0.08676370367030253,0.09623633763843255,0.01577645522785215,0.01577645522785215,0.08676370367030253,0.01577645522785215
209,0.03405321972829059,0.23895886649567166,0.02811755461736075,0.03405321972829059,0.03405321972829059,0.02811755461736075,0.02811755461736075,0.02811755461736075
210,0.16675334190838836,0.1967844421706753,0.021064483133923877,0.021064483133923877,0.03114817648051358,0.03114817648051358,0.03114817648051358,0.021064483133923877
211,0.06818736301851977,0.022540494619530078,0.06750773975396687,0.022540494619530078,0.022540494619530078,0.06818736301851977,0.022540494619530078,0.06750773975396687
212,0.02948460868364262,0.16229593047762586,0.13215668596972047,0.026339990982596703,0.02948460868364262,0.02948460868364262,0.026339990982596703,0.026339990982596703
213,0.01693919168664721,0.06892565770044669,0.19963099642468166,0.01693919168664721,0.06892565770044669,0.01693919168664721,0.0818503220052302,0.01693919168664721
214,0.11918894952416345,0.07509990309765906,0.032659959387243635,0.05688250180164971,0.07509990309765906,0.032659959387243635,0.05688250180164971,0.032659959387243635
215,0.01925893933229437,0.031300423580086036,0.08010111864018016,0.01925893933229437,0.031300423580086036,0.01925893933229437,0.01925893933229437,0.08010111864018016
216,0.06072169545178615,0.20145683398874178,0.0418268941248382,0.06072169545178615,0.047829234539078065,0.0418268941248382,0.047829234539078065,0.0418268941248382
217,0.06497775084713099,0.11724457162402564,0.033764464391062836,0.033764464391062836,0.06834897302152369,0.06497775084713099,0.06834897302152369,0.033764464391062836
218,0.03725737053449598,0.056283237040568444,0.11149641971653232,0.03725737053449598,0.05013574726223976,0.03725737053449598,0.05013574726223976,0.056283237040568444
219,0.0474911422963285,0.24109635378948416,0.03596291464127437,0.07175848507511912,0.07175848507511912,0.0474911422963285,0.03596291464127437,0.03596291464127437
220,0.0465033515607865,0.05239057250794757,0.05173894966995576,0.05239057250794757,0.04389856289245975,0.0465033515607865,0.04389856289245975,0.05173894966995576
221,0.05735124856289843,0.06627189140857208,0.03526001382395257,0.03526001382395257,0.05735124856289843,0.03526001382395257,0.12827481747144406,0.06627189140857208
222,0.04205048945145111,0.1170607521150086,0.06207683161783461,0.042526048693324735,0.04205048945145111,0.1170607521150086,0.042526048693324735,0.06207683161783461
223,0.05389849393386224,0.025509134197600637,0.21398327494058564,0.05389849393386224,0.025509134197600637,0.025509134197600637,0.17465762230593707,0.025509134197600637
224,0.02575103108326477,0.03588584413196987,0.03588584413196987,0.02575103108326477,0.02575103108326477,0.12071009034683462,0.14883782392277667,0.03588584413196987
225,0.19585541279561913,0.04687864650441726,0.030745138762498524,0.030745138762498524,0.05987439276578835,0.04687864650441726,0.05987439276578835,0.030745138762498524
226,0.10566422345664078,0.016097016874561356,0.16178656988504214,0.016097016874561356,0.031310273641759506,0.016097016874561356,0.031310273641759506,0.031310273641759506
227,0.05919891095339485,0.04462913139687156,0.040969643695066414,0.05919891095339485,0.04462913139687156,0.04462913139687156,0.12797850186050858,0.040969643695066414
228,0.16469133079744158,0.03294236551273617,0.08208837298232405,0.04401569823276894,0.03294236551273617,0.03294236551273617,0.04401569823276894,0.08208837298232405
229,0.018769557529759087,0.018769557529759087,0.15312554196401731,0.05104754075020218,0.018769557529759087,0.2536866850766154,0.05104754075020218,0.018769557529759087
230,0.048515672535000096,0.08415720396992288,0.03188438867965638,0.048515672535000096,0.03188438867965638,0.08415720396992288,0.11614354822699793,0.03188438867965638
231,0.12221794708783869,0.031344238098214815,0.035036179405217936,0.035036179405217936,0.031344238098214815,0.031344238098214815,0.11647857767588728,0.035036179405217936
232,0.08081975169867403,0.025789351004983294,0.15851881247027733,0.025789351004983294,0.08081975169867403,0.025789351004983294,0.13983537567170223,0.025789351004983294
233,0.031159649848593082,0.0809752279614208,0.031159649848593082,0.031159649848593082,0.19417921218603965,0.0809752279614208,0.13823418419680192,0.031159649848593082
234,0.049688687136853545,0.09248421716982337,0.038875170402339364,0.038875170402339364,0.1664390705211874,0.09248421716982337,0.049688687136853545,0.038875170402339364
235,0.015006175018645658,0.015006175018645658,0.15738486550554676,0.015006175018645658,0.015006175018645658,0.17256020616053938,0.046658626370976744,0.046658626370976744
236,0.07818264530224317,0.02993913756598617,0.027149131152172927,0.027149131152172927,0.027149131152172927,0.02993913756598617,0.18475923232784403,0.027149131152172927
237,0.14400390345379177,0.03503503031429468,0.05459586935318339,0.041210253495748694,0.03503503031429468,0.03503503031429468,0.041210253495748694,0.05459586935318339
238,0.230716418461649,0.02949768442392005,0.03582123629568701,0.02949768442392005,0.03582123629568701,0.02949768442392005,0.1048399428203305,0.03582123629568701
239,0.2715711633531219,0.030767752164319782,0.12204960764543167,0.030767752164319782,0.030767752164319782,0.030767752164319782,0.04305113574174226,0.04305113574174226
240,0.15415905349756703,0.05347048426128834,0.07210388828235807,0.031158253404681296,0.031158253404681296,0.05347048426128834,0.031158253404681296,0.07210388828235807
241,0.04689734959176421,0.03139458404353926,0.08270009921904906,0.04689734959176421,0.08270009921904906,0.03139458404353926,0.10727265910472389,0.03139458404353926
242,0.14392118726819222,0.05496506319448734,0.03009774880267603,0.03009774880267603,0.03009774880267603,0.21544966167006857,0.05496506319448734,0.03009774880267603
243,0.02013227351357492,0.053123346375468866,0.12931780196615247,0.02013227351357492,0.02013227351357492,0.053123346375468866,0.1685773297688567,0.02013227351357492
244,0.09743632818543932,0.06113803648776684,0.0969443790795257,0.02213105882717148,0.02213105882717148,0.06113803648776684,0.02213105882717148,0.0969443790795257
245,0.04807829108045381,0.09924486892542247,0.03232347446912949,0.03232347446912949,0.04807829108045381,0.09924486892542247,0.18449097101807863,0.03232347446912949
246,0.06921478616750473,0.06898243896326663,0.040411970856448876,0.04509120181470618,0.06921478616750473,0.06898243896326663,0.04509120181470618,0.040411970856448876
247,0.030089395921688467,0.06442404187021293,0.08219940200792256,0.030089395921688467,0.030089395921688467,0.06442404187021293,0.09472940145026865,0.08219940200792256
248,0.1498507972151909,0.032689138282182034,0.0706677968351675,0.02372420195732486,0.02372420195732486,0.032689138282182034,0.02372420195732486,0.0706677968351675
249,0.16266025827744568,0.022980378558158213,0.045406150900451296,0.022980378558158213,0.045406150900451296,0.022980378558158213,0.14284527454159743,0.045406150900451296
250,0.16804377400010076,0.0865966601953494,0.02329816338069226,0.02329816338069226,0.02329816338069226,0.0865966601953494,0.048967794712457005,0.048967794712457005
251,0.028066326627359587,0.08958251209711564,0.08160088528454307,0.028066326627359587,0.028066326627359587,0.08958251209711564,0.2244852150161356,0.08160088528454307
252,0.1954498814947433,0.05349512770192715,0.02767989886726911,0.02767989886726911,0.048241522426501975,0.05349512770192715,0.048241522426501975,0.02767989886726911
253,0.14661180388848644,0.029014161241566753,0.1602583978573567,0.029014161241566753,0.04209538202543355,0.029014161241566753,0.04209538202543355,0.029014161241566753
254,0.022154342981147053,0.1068457409272434,0.08723280207902216,0.022154342981147053,0.050167673400531645,0.1068457409272434,0.050167673400531645,0.08723280207902216
255,0.12795593678542927,0.040503374184374795,0.07238167235802637,0.040503374184374795,0.05880134053649079,0.040503374184374795,0.05880134053649079,0.07238167235802637
256,0.04349122997911223,0.08874419709908506,0.07601174791293486,0.04349122997911223,0.052005147420294016,0.08874419709908506,0.052005147420294016,0.07601174791293486
257,0.1151782930810929,0.09396635765562238,0.05116200527216509,0.025729739926373424,0.025729739926373424,0.09396635765562238,0.025729739926373424,0.05116200527216509
258,0.03526838496840164,0.029653148646746716,0.17564719578740834,0.040645054573089395,0.03526838496840164,0.029653148646746716,0.029653148646746716,0.040645054573089395
259,0.10326056882348053,0.03344766710268169,0.038324212670706646,0.03344766710268169,0.038324212670706646,0.03344766710268169,0.12241919775958895,0.038324212670706646
260,0.07408900779804897,0.13439234804191583,0.06991152904625354,0.05048661319635294,0.07408900779804897,0.13439234804191583,0.05048661319635294,0.06991152904625354
261,0.03551632201581786,0.03695144300833195,0.06516667148070583,0.03695144300833195,0.03551632201581786,0.03695144300833195,0.03551632201581786,0.06516667148070583
262,0.046760167870626944,0.05714729066418801,0.05264878055599981,0.046760167870626944,0.05264878055599981,0.05714729066418801,0.120506242340574,0.05264878055599981
263,0.1948704355766577,0.100792686124384,0.0173462723968408,0.0173462723968408,0.0173462723968408,0.100792686124384,0.15600452546836438,0.0173462723968408
264,0.03266148558442592,0.023685272821514308,0.050763928409175055,0.050763928409175055,0.023685272821514308,0.023685272821514308,0.1115242636300784,0.03266148558442592
265,0.009169168672252216,0.009169168672252216,0.026794830603071827,0.17191441647841763,0.026794830603071827,0.009169168672252216,0.026794830603071827,0.009169168672252216
266,0.035579324416317074,0.051056229791273805,0.08863136031385127,0.035579324416317074,0.035579324416317074,0.051056229791273805,0.14778290309260256,0.08863136031385127
267,0.24246743214880873,0.06168042465885621,0.0314706251385703,0.0314706251385703,0.06168042465885621,0.06168042465885621,0.17746794697616852,0.0314706251385703
268,0.03668387142549047,0.03668387142549047,0.18472837560465108,0.036056219910302285,0.036056219910302285,0.036056219910302285,0.05714310346351466,0.05714310346351466
269,0.04546255954128982,0.056551501647616444,0.0253978649572019,0.04546255954128982,0.0253978649572019,0.056551501647616444,0.11418420890004195,0.0253978649572019
270,0.1487679439094781,0.052529919693179467,0.20371327818749108,0.052529919693179467,0.02608909627888894,0.052529919693179467,0.02608909627888894,0.02608909627888894
271,0.04466220116571547,0.08398535807497462,0.04135143653813298,0.04135143653813298,0.04466220116571547,0.08398535807497462,0.09975574956535377,0.04135143653813298
272,0.019096455254336498,0.09201860039356817,0.06632543220039235,0.019096455254336498,0.019096455254336498,0.09201860039356817,0.1297685637217238,0.06632543220039235
273,0.16257733643217365,0.028686465495336398,0.08275073427299416,0.028686465495336398,0.03955604962748313,0.028686465495336398,0.03955604962748313,0.08275073427299416
274,0.2196719278998634,0.07522532152959249,0.054290317851408185,0.02235050321209625,0.02235050321209625,0.07522532152959249,0.02235050321209625,0.054290317851408185
275,0.09727911319096423,0.05534816098120706,0.03028511166689824,0.03028511166689824,0.03028511166689824,0.05534816098120706,0.19610652966254602,0.03028511166689824
276,0.10768056571928146,0.023462289654689328,0.08903040110659774,0.05232052517059856,0.023462289654689328,0.023462289654689328,0.05232052517059856,0.08903040110659774
277,0.12891874125891198,0.08418171969760703,0.0893621206257893,0.025276590314713316,0.025276590314713316,0.08418171969760703,0.025276590314713316,0.0893621206257893
278,0.16784255323167874,0.040028903548764594,0.08474998020430384,0.05647052599954886,0.040028903548764594,0.040028903548764594,0.05647052599954886,0.08474998020430384
279,0.03752682230162166,0.01775858750059032,0.06226860550514114,0.03752682230162166,0.01775858750059032,0.01775858750059032,0.12074918655975674,0.06226860550514114
280,0.08004209884499543,0.054516342984919225,0.03243848630621438,0.03243848630621438,0.08004209884499543,0.054516342984919225,0.15256063748454163,0.03243848630621438
281,0.04316473380737876,0.013721891632816596,0.25125918504104433,0.05352018134371257,0.04316473380737876,0.013721891632816596,0.05352018134371257,0.04316473380737876
282,0.07664784658073376,0.02884207514754289,0.03404072361857652,0.03404072361857652,0.07664784658073376,0.02884207514754289,0.0953833125341001,0.03404072361857652
283,0.03550588046997799,0.03583096129255068,0.04688262251321557,0.05759927117718169,0.03550588046997799,0.03583096129255068,0.05759927117718169,0.04688262251321557
284,0.1619650892378696,0.016355416460442952,0.06747223212766176,0.016355416460442952,0.06747223212766176,0.016355416460442952,0.18722096203128863,0.016355416460442952
285,0.05189373524990521,0.0805779018141298,0.05315281521318188,0.05189373524990521,0.05315281521318188,0.0805779018141298,0.16705420356964032,0.05315281521318188
286,0.15778101311355208,0.06001600580621387,0.07872218411270025,0.06001600580621387,0.07872218411270025,0.06001600580621387,0.05831543047090053,0.05831543047090053
287,0.23913538309269994,0.037202015152127725,0.03231570488367052,0.037202015152127725,0.03231570488367052,0.037202015152127725,0.1620875878817431,0.03231570488367052
288,0.1409994882995846,0.09905407305639069,0.07196729198495953,0.07196729198495953,0.026153523388595962,0.09905407305639069,0.026153523388595962,0.026153523388595962
289,0.03330287254717781,0.12071917291494999,0.06704239343061481,0.03330287254717781,0.06704239343061481,0.12071917291494999,0.15975798444209088,0.03330287254717781
290,0.13346367274517307,0.07191086297578152,0.044367359268882384,0.05846630622897048,0.044367359268882384,0.07191086297578152,0.05846630622897048,0.044367359268882384
291,0.05044238326015666,0.05279516255413258,0.03294806384934156,0.03294806384934156,0.05044238326015666,0.05279516255413258,0.15834191121580843,0.03294806384934156
292,0.06216232876643623,0.039912135676168074,0.08028667597208643,0.041627694256039634,0.06216232876643623,0.039912135676168074,0.041627694256039634,0.08028667597208643
293,0.01517622882175322,0.06873764955560582,0.07853810898796787,0.01517622882175322,0.01517622882175322,0.06873764955560582,0.1624871709978754,0.07853810898796787
294,0.16787628686734316,0.045447584973608644,0.0884951768083935,0.045447584973608644,0.041259144285941275,0.045447584973608644,0.041259144285941275,0.0884951768083935
295,0.18286426019335772,0.034882363626206545,0.05041460248238782,0.06341463425219299,0.034882363626206545,0.034882363626206545,0.06341463425219299,0.05041460248238782
296,0.060300317053433576,0.11476616046658454,0.03221513864044875,0.060300317053433576,0.03221513864044875,0.11476616046658454,0.1856427744045354,0.03221513864044875
297,0.12245907177788913,0.021052259656848715,0.04156636941247307,0.04156636941247307,0.021052259656848715,0.021052259656848715,0.1804153698166398,0.04156636941247307
298,0.07691858296063486,0.07454069523046516,0.045417416437016904,0.045417416437016904,0.029520868072842398,0.07454069523046516,0.029520868072842398,0.045417416437016904
299,0.19323577639461256,0.020710906120142626,0.06409045339564268,0.06409045339564268,0.020710906120142626,0.020710906120142626,0.16694545610730946,0.020710906120142626
300,0.027587694311417724,0.04002088980534206,0.07948668340415775,0.04002088980534206,0.07948668340415775,0.04002088980534206,0.14759687660275217,0.027587694311417724
301,0.14603767486400382,0.08870826762563165,0.029222532825310534,0.029222532825310534,0.029222532825310534,0.08870826762563165,0.16879860985815862,0.029222532825310534
302,0.21759301174506746,0.02664634662761793,0.22386528837675548,0.02664634662761793,0.026936282162985565,0.02664634662761793,0.026936282162985565,0.026936282162985565
303,0.03537629710767455,0.09857153919029057,0.08743820843701115,0.03537629710767455,0.03537629710767455,0.09857153919029057,0.1318647298370124,0.08743820843701115
304,0.1671351040433435,0.022243611468369787,0.022282057080632512,0.022282057080632512,0.022282057080632512,0.022243611468369787,0.11796633664621907,0.022282057080632512
305,0.17403940742781876,0.07796561195060475,0.08770892746218685,0.03305835493377412,0.03305835493377412,0.07796561195060475,0.03305835493377412,0.08770892746218685
306,0.11543244084579513,0.06694120421188987,0.022702830918699415,0.022702830918699415,0.022702830918699415,0.06694120421188987,0.1791846751975384,0.022702830918699415
307,0.09332395862250592,0.03672867614872308,0.031971243889756376,0.06018948648313251,0.03672867614872308,0.03672867614872308,0.06018948648313251,0.031971243889756376
308,0.19245201739497286,0.031566447963411626,0.08428356629384978,0.031566447963411626,0.031566447963411626,0.031566447963411626,0.21660089649066905,0.08428356629384978
309,0.23898026471195505,0.055269135290122694,0.026612026992283048,0.026612026992283048,0.026612026992283048,0.055269135290122694,0.15210821098063457,0.026612026992283048
310,0.06211808240340769,0.05998232627322927,0.057950959604915135,0.06211808240340769,0.05998232627322927,0.05998232627322927,0.18895358431327405,0.057950959604915135
311,0.14907470979342505,0.03307069314472488,0.0716660436751653,0.03307069314472488,0.03307069314472488,0.03307069314472488,0.07334674539934037,0.0716660436751653
312,0.06398321397223665,0.04462773820425236,0.07000998559354116,0.06398321397223665,0.06294810096791005,0.04462773820425236,0.06294810096791005,0.07000998559354116
313,0.17252895679880326,0.029729786041093637,0.07986061232707205,0.029729786041093637,0.036374774059079074,0.029729786041093637,0.036374774059079074,0.07986061232707205
314,0.045119939927710837,0.032056314692239574,0.03869093223369914,0.032056314692239574,0.045119939927710837,0.032056314692239574,0.1439350298801256,0.03869093223369914
315,0.0538869994971562,0.013504719347810286,0.21771639097302797,0.013504719347810286,0.0538869994971562,0.013504719347810286,0.15123482644971714,0.013504719347810286
316,0.04797572090192638,0.09102684049009979,0.0584655795101739,0.0584655795101739,0.04797572090192638,0.09102684049009979,0.11742375328617395,0.04797572090192638
317,0.07310371940454109,0.047883245124364135,0.17755696774731394,0.047883245124364135,0.07310371940454109,0.047883245124364135,0.05683876800143843,0.05683876800143843
318,0.06011151532935612,0.0761530384997924,0.03554716132435713,0.03554716132435713,0.06011151532935612,0.0761530384997924,0.12321149236925286,0.03554716132435713
319,0.0682040586905024,0.06096521464716508,0.06214569149331656,0.06214569149331656,0.0682040586905024,0.06096521464716508,0.049344684959490695,0.049344684959490695
320,0.019425433196455674,0.0653120449633599,0.0724268802906213,0.019425433196455674,0.019425433196455674,0.0653120449633599,0.12953076106180483,0.0724268802906213
321,0.14260229335307692,0.05905481484206032,0.038450654949082654,0.038450654949082654,0.04006338462326308,0.05905481484206032,0.04006338462326308,0.038450654949082654
322,0.06609685766228353,0.05216722258091497,0.043038361796447946,0.043038361796447946,0.043038361796447946,0.05216722258091497,0.11511872073696368,0.06609685766228353
323,0.05492114782403658,0.09424696945668246,0.21815987807393128,0.035688748589612684,0.035688748589612684,0.09424696945668246,0.035688748589612684,0.05492114782403658
324,0.047815511888365025,0.029226714563692552,0.050596490491039356,0.050596490491039356,0.029226714563692552,0.029226714563692552,0.15819578396600534,0.047815511888365025
325,0.1443977270432755,0.06826507400426711,0.02796918804919326,0.02796918804919326,0.02796918804919326,0.06826507400426711,0.1481015434572979,0.02796918804919326
326,0.1094954299085291,0.04059320680404226,0.1586969228848203,0.04059320680404226,0.0230914004528093,0.04059320680404226,0.0230914004528093,0.0230914004528093
327,0.1909999182317801,0.020421725094342345,0.03618994514838432,0.03618994514838432,0.020421725094342345,0.020421725094342345,0.14610274209998794,0.03618994514838432
328,0.01669334595039875,0.01669334595039875,0.027865997900560078,0.027865997900560078,0.01669334595039875,0.14326167518464777,0.01669334595039875,0.027865997900560078
329,0.09598798600592422,0.03324237179927913,0.09165988525299115,0.09165988525299115,0.03324237179927913,0.03324237179927913,0.08151924472365196,0.09598798600592422
330,0.016467315990990175,0.016467315990990175,0.17659809590843134,0.033841548180496665,0.016467315990990175,0.033841548180496665,0.11551693475656635,0.016467315990990175
331,0.0,0.04097770698026246,0.06932690871174597,0.050900715914770654,0.04097770698026246,0.04097770698026246,0.050900715914770654,0.06932690871174597
332,0.05796644502985949,0.036425608459884275,0.0690105392218183,0.05796644502985949,0.036425608459884275,0.036425608459884275,0.16259867680492163,0.0690105392218183
333,0.04207460628975227,0.04103646060004942,0.08202369018250916,0.04207460628975227,0.04103646060004942,0.04103646060004942,0.14178667255007288,0.08202369018250916
334,0.13646641535667034,0.04670504723631381,0.08917874580760116,0.04517728138476105,0.04670504723631381,0.04670504723631381,0.04517728138476105,0.08917874580760116
335,0.1564151419087481,0.016181604922727973,0.06158072020462106,0.016181604922727973,0.016181604922727973,0.016181604922727973,0.18723687018161858,0.06158072020462106
336,0.08691846615955595,0.04192197199788733,0.03618450727605152,0.030065856798886147,0.03618450727605152,0.04192197199788733,0.030065856798886147,0.03618450727605152
337,0.028501001502410677,0.028501001502410677,0.07478124965174716,0.04597858119473376,0.07478124965174716,0.2182920369501494,0.04597858119473376,0.028501001502410677
338,0.029375429000026595,0.05036994380804886,0.05536372707681576,0.029375429000026595,0.05536372707681576,0.05036994380804886,0.1330740533968962,0.05036994380804886
339,0.17047730182740556,0.06857861394269701,0.024741411692397075,0.04315799613792331,0.024741411692397075,0.06857861394269701,0.04315799613792331,0.024741411692397075
340,0.04114674507100077,0.023020592832635075,0.07709963419728379,0.023020592832635075,0.04114674507100077,0.023020592832635075,0.1429540348336744,0.07709963419728379
341,0.052897853751781784,0.06907968683425558,0.041058486428870625,0.0717635916445458,0.052897853751781784,0.06907968683425558,0.0717635916445458,0.041058486428870625
342,0.025581208696516176,0.016046342814520023,0.14990486912891854,0.016046342814520023,0.025581208696516176,0.016046342814520023,0.11901612560395837,0.016046342814520023
343,0.1489322678101882,0.020477071040982692,0.030508839892866853,0.030508839892866853,0.020477071040982692,0.020477071040982692,0.17281478407853879,0.030508839892866853
344,0.18669324897452577,0.09407666470651106,0.2311479159342876,0.019319371471218982,0.019319371471218982,0.09407666470651106,0.019319371471218982,0.019319371471218982
345,0.046377598476393174,0.04377974972658605,0.021414643258463525,0.046377598476393174,0.021414643258463525,0.04377974972658605,0.15956238528978242,0.021414643258463525
346,0.02859008666851553,0.07033125832989483,0.07621964414411686,0.05414888812342745,0.02859008666851553,0.07033125832989483,0.05414888812342745,0.07621964414411686
347,0.13268940067259852,0.08050871282835804,0.026080816088095083,0.026080816088095083,0.026080816088095083,0.08050871282835804,0.19963288894032055,0.026080816088095083
348,0.03389932598549047,0.06901410629408249,0.1571169795635973,0.03389932598549047,0.07451255173007931,0.06901410629408249,0.07451255173007931,0.03389932598549047
349,0.0580483806678982,0.046954171070468405,0.050051673316698714,0.0580483806678982,0.06179920463637971,0.046954171070468405,0.06179920463637971,0.050051673316698714
350,0.20783617276123206,0.06529791550752961,0.0475711225278807,0.0475711225278807,0.053893396399483554,0.06529791550752961,0.053893396399483554,0.0475711225278807
351,0.21451021571189827,0.05917686103458905,0.03531125430285604,0.03531125430285604,0.056031638453197766,0.05917686103458905,0.056031638453197766,0.03531125430285604
352,0.1448516654947566,0.04582240425652508,0.06877838130416927,0.029687692551303473,0.029687692551303473,0.04582240425652508,0.029687692551303473,0.06877838130416927
353,0.16010867473853907,0.02671514552458761,0.029902193167193215,0.029902193167193215,0.029902193167193215,0.02671514552458761,0.16705027575285464,0.029902193167193215
354,0.02615922621624915,0.044629412667417885,0.20872088181491755,0.02615922621624915,0.02615922621624915,0.044629412667417885,0.1442284197757193,0.044629412667417885
355,0.15905429617148104,0.06310744824752682,0.026150609945225747,0.026150609945225747,0.05192472489454527,0.06310744824752682,0.05192472489454527,0.026150609945225747
356,0.058303979343815454,0.07855946834588007,0.18087666722814916,0.038158728754011224,0.038158728754011224,0.07855946834588007,0.038158728754011224,0.058303979343815454
357,0.05135249824472847,0.04853967306232336,0.062496716430702495,0.05313322043965423,0.062496716430702495,0.04853967306232336,0.05313322043965423,0.05135249824472847
358,0.1069764019033792,0.06633928542596976,0.06568052474680985,0.1069764019033792,0.06568052474680985,0.06633928542596976,0.055367976089437124,0.055367976089437124
359,0.16933414242224046,0.04145889296104815,0.04622556323864251,0.04145889296104815,0.04622556323864251,0.04145889296104815,0.11387846195647754,0.04622556323864251
360,0.12786500471512066,0.025446078830115237,0.028841983375410225,0.025446078830115237,0.028841983375410225,0.025446078830115237,0.13106452911151484,0.028841983375410225
361,0.0984929671864851,0.04499332317654254,0.17766949811809898,0.04499332317654254,0.033908947677632216,0.04499332317654254,0.033908947677632216,0.033908947677632216
362,0.0705785919021732,0.025985545083177023,0.21574857987027363,0.025985545083177023,0.0705785919021732,0.025985545083177023,0.12084958661696008,0.025985545083177023
363,0.029139721168749955,0.06588172900315588,0.06504222164412306,0.06504222164412306,0.029139721168749955,0.06588172900315588,0.15568976031545487,0.029139721168749955
364,0.2042915805574846,0.031223734831531316,0.026970892413986272,0.031223734831531316,0.026970892413986272,0.031223734831531316,0.16500054005966425,0.026970892413986272
365,0.06282520421852594,0.03263714686451218,0.07111614612097955,0.06282520421852594,0.03263714686451218,0.03263714686451218,0.1745185528611215,0.07111614612097955
366,0.057592880196598625,0.08503313267059681,0.0845567217878517,0.058744545601162115,0.057592880196598625,0.08503313267059681,0.058744545601162115,0.0845567217878517
367,0.05327689891987544,0.07727034906718407,0.037685773419795614,0.037685773419795614,0.05327689891987544,0.07727034906718407,0.11176539741879836,0.037685773419795614
368,0.0747369660996433,0.039172670114718124,0.06373143743372951,0.039172670114718124,0.0747369660996433,0.039172670114718124,0.15132946215410334,0.06373143743372951
369,0.0240903334721235,0.06176146925500447,0.059291762409037926,0.0240903334721235,0.0240903334721235,0.06176146925500447,0.13640127621668643,0.059291762409037926
370,0.11492434961643683,0.06046114972551888,0.0535608001221453,0.08033982965278896,0.0535608001221453,0.06046114972551888,0.08033982965278896,0.0535608001221453
371,0.03369630911587222,0.08342805342943599,0.041586513108628244,0.03369630911587222,0.041586513108628244,0.08342805342943599,0.18362929933011626,0.041586513108628244
372,0.09560339553174112,0.09703243238297309,0.16232964102240732,0.09560339553174112,0.026969147875127004,0.09703243238297309,0.026969147875127004,0.026969147875127004
373,0.07158356902193506,0.05564102279238128,0.07596669727790631,0.04424380565045941,0.07158356902193506,0.05564102279238128,0.04424380565045941,0.07596669727790631
374,0.022029009826439662,0.08697180536500394,0.05824330672819875,0.022029009826439662,0.022029009826439662,0.08697180536500394,0.1273645512327686,0.05824330672819875
375,0.10810545660951157,0.028746514590795046,0.06795557847193286,0.028746514590795046,0.028746514590795046,0.028746514590795046,0.17779381927925236,0.06795557847193286
376,0.16807717431387775,0.07090411682375922,0.008795775260607557,0.008795775260607557,0.008795775260607557,0.07090411682375922,0.13262722577226957,0.008795775260607557
377,0.05610076146707023,0.029162348993515497,0.18512772961477286,0.04549007581420095,0.04549007581420095,0.029162348993515497,0.05610076146707023,0.029162348993515497
378,0.05383837360924063,0.018407697381750146,0.05383837360924063,0.018407697381750146,0.07304203709058768,0.018407697381750146,0.17066186902025318,0.07304203709058768
379,0.040107470507200434,0.0619309984629447,0.1402154497383654,0.07080560789523428,0.040107470507200434,0.0619309984629447,0.07080560789523428,0.040107470507200434
380,0.15956076948787531,0.08243488946188113,0.030492219255838213,0.030492219255838213,0.06844089080122685,0.08243488946188113,0.06844089080122685,0.030492219255838213
381,0.016420925410451245,0.0730845182425975,0.0730845182425975,0.016420925410451245,0.03165838815845786,0.2053738865554016,0.03165838815845786,0.016420925410451245
382,0.017942835313243238,0.05312025984870369,0.08076333073636789,0.017942835313243238,0.017942835313243238,0.05312025984870369,0.13590251389193994,0.08076333073636789
383,0.08943567466077937,0.059868782190344576,0.07921022936684659,0.059868782190344576,0.05226538713992158,0.059868782190344576,0.05226538713992158,0.07921022936684659
384,0.05387924947124799,0.0697829486613248,0.06456616089348284,0.05387924947124799,0.05090580363589785,0.0697829486613248,0.05090580363589785,0.06456616089348284
385,0.18496250330020228,0.06493231231186891,0.058628659107957865,0.027281932929605263,0.027281932929605263,0.06493231231186891,0.027281932929605263,0.058628659107957865
386,0.038817365197385975,0.0443456593658233,0.05565319106667511,0.0443456593658233,0.038817365197385975,0.0443456593658233,0.14275389056628848,0.05565319106667511
387,0.1463117570035321,0.08815539073552955,0.026482564642504758,0.026482564642504758,0.026482564642504758,0.08815539073552955,0.13308002546561426,0.026482564642504758
388,0.1638498928097803,0.048430629403172595,0.03130621387303682,0.03130621387303682,0.048430629403172595,0.048430629403172595,0.11488666470882654,0.03130621387303682
389,0.12507193112437184,0.025459711736930443,0.2583958649499451,0.025459711736930443,0.025459711736930443,0.025459711736930443,0.04761315628513101,0.04761315628513101
390,0.1633758198791792,0.07473991074942973,0.06812066111155816,0.028311117053234525,0.028311117053234525,0.07473991074942973,0.028311117053234525,0.06812066111155816
391,0.05195936916016219,0.06407919674967301,0.20626062857070912,0.058127591791408195,0.05195936916016219,0.06407919674967301,0.058127591791408195,0.06407919674967301
392,0.04115786624304168,0.025438933465534542,0.16866862059795557,0.04115786624304168,0.04115786624304168,0.025438933465534542,0.18788015544397105,0.025438933465534542
393,0.111057475621779,0.04786100815835088,0.06517715612330743,0.04786100815835088,0.111057475621779,0.04786100815835088,0.101729090810996,0.06517715612330743
394,0.03048755087486992,0.07168874497580807,0.06023263603484251,0.03048755087486992,0.03048755087486992,0.07168874497580807,0.1634071221070955,0.06023263603484251
395,0.15654374142389246,0.08891780140771469,0.04466569254879811,0.04466569254879811,0.045616420735865124,0.08891780140771469,0.045616420735865124,0.04466569254879811
396,0.16218584272684763,0.025572851402199857,0.06782141718301414,0.025572851402199857,0.07078998327602957,0.025572851402199857,0.07078998327602957,0.06782141718301414
397,0.163573317381251,0.06317263343310989,0.08687504621219458,0.03261457999692437,0.03261457999692437,0.06317263343310989,0.03261457999692437,0.08687504621219458
398,0.1357569497663008,0.028617632006590694,0.07139381275800434,0.028617632006590694,0.028617632006590694,0.028617632006590694,0.15855353203096498,0.07139381275800434
399,0.18077797923284156,0.08349006226528752,0.03984524023867608,0.04279329716868974,0.03984524023867608,0.08349006226528752,0.04279329716868974,0.03984524023867608
400,0.1173134550388043,0.02417961081826525,0.1176649514082406,0.02417961081826525,0.02417961081826525,0.02417961081826525,0.04828795205671165,0.04828795205671165
401,0.031708547010223374,0.0755147351786902,0.08039359289805945,0.031708547010223374,0.031708547010223374,0.0755147351786902,0.14145766377230753,0.08039359289805945
402,0.04674584044726894,0.045583273936947576,0.035081927864250295,0.04674584044726894,0.035081927864250295,0.045583273936947576,0.08984258712463201,0.035081927864250295
403,0.07541397223686559,0.026838064694028708,0.060479418203008485,0.06324494299098071,0.026838064694028708,0.026838064694028708,0.06324494299098071,0.060479418203008485
404,0.2014561509486324,0.025175246615313836,0.03779558004949914,0.025175246615313836,0.03779558004949914,0.025175246615313836,0.10473046495674986,0.03779558004949914
405,0.06315369679671379,0.07796435747717202,0.13333567762031232,0.06315369679671379,0.028373971770769564,0.07796435747717202,0.028373971770769564,0.028373971770769564
406,0.03368584232953685,0.051856493585193925,0.1435048437860603,0.03368584232953685,0.051856493585193925,0.051856493585193925,0.2065473423607331,0.03368584232953685
407,0.24764344880379519,0.021097503659849418,0.07985699683029054,0.021097503659849418,0.021097503659849418,0.021097503659849418,0.14630221448563868,0.07985699683029054
408,0.20547097418105814,0.03902239497339996,0.03516180079122383,0.03902239497339996,0.03516180079122383,0.03902239497339996,0.1380053490724244,0.03516180079122383
409,0.19935311443800158,0.07187345884373615,0.033655044362294516,0.033655044362294516,0.06284306172045556,0.07187345884373615,0.06284306172045556,0.033655044362294516
410,0.04969501451525228,0.017992770596445655,0.04969501451525228,0.04969501451525228,0.04158086323209927,0.017992770596445655,0.04158086323209927,0.017992770596445655
411,0.132676662777093,0.053576567267766155,0.06025836143798915,0.053576567267766155,0.039649459906564155,0.053576567267766155,0.039649459906564155,0.06025836143798915
412,0.151872953184852,0.0490663650241357,0.04623089073912752,0.04104803720869432,0.04623089073912752,0.0490663650241357,0.04104803720869432,0.04623089073912752
413,0.19603898416225102,0.03367284465564285,0.02105824750627339,0.02105824750627339,0.02105824750627339,0.03367284465564285,0.13016877408927516,0.02105824750627339
414,0.188722898594014,0.06365538369734848,0.07627909235530088,0.03169488538831846,0.03169488538831846,0.06365538369734848,0.03169488538831846,0.07627909235530088
415,0.07318542058992727,0.031224149629616837,0.07874641522774696,0.031224149629616837,0.07318542058992727,0.031224149629616837,0.1700092532947157,0.07874641522774696
416,0.03917840331210242,0.09205167991276003,0.08969239626223023,0.03917840331210242,0.03917840331210242,0.09205167991276003,0.18655703278332345,0.08969239626223023
417,0.10538224695967688,0.07126546929490961,0.026787904175694776,0.026787904175694776,0.026787904175694776,0.07126546929490961,0.17080649780876986,0.026787904175694776
418,0.029339887439103263,0.04422988967201878,0.17471195672662349,0.04422988967201878,0.029339887439103263,0.04422988967201878,0.15416420722456953,0.029339887439103263
419,0.22005063834381342,0.0369377742642682,0.04840138396435069,0.0369377742642682,0.05785235107726796,0.0369377742642682,0.05785235107726796,0.04840138396435069
420,0.060408049284100394,0.03291921784290767,0.0825913154567924,0.060408049284100394,0.04236429581478318,0.03291921784290767,0.04236429581478318,0.0825913154567924
421,0.205454563924574,0.0834200760241305,0.04181755389575116,0.04181755389575116,0.07203182810491363,0.0834200760241305,0.07203182810491363,0.04181755389575116
422,0.12325995514574224,0.08302156926634564,0.05920438392801397,0.05920438392801397,0.035361971721273866,0.08302156926634564,0.035361971721273866,0.035361971721273866
423,0.06046558585984428,0.035098007460500055,0.035098007460500055,0.0379288617886914,0.06046558585984428,0.2690246169172964,0.0379288617886914,0.035098007460500055
424,0.0671119517443126,0.030799475019897132,0.06252394086580294,0.030799475019897132,0.0671119517443126,0.030799475019897132,0.11027600182187267,0.06252394086580294
425,0.04800847918287717,0.05584032242241781,0.030350440001087397,0.030350440001087397,0.04800847918287717,0.05584032242241781,0.10548761984755796,0.030350440001087397
426,0.02377673135276197,0.07101646516445652,0.02377673135276197,0.02377673135276197,0.20383038459834812,0.07101646516445652,0.17703681443025093,0.02377673135276197
427,0.04858133859945652,0.032439899801336075,0.19637320035465966,0.032439899801336075,0.04858133859945652,0.032439899801336075,0.1855066029489556,0.032439899801336075
428,0.030571296861556484,0.030571296861556484,0.045245491952459096,0.030571296861556484,0.045245491952459096,0.24603665225095966,0.1801775829358495,0.045245491952459096
429,0.06781316097313124,0.05795873046448882,0.1844112766398093,0.03341577229545138,0.06781316097313124,0.05795873046448882,0.03341577229545138,0.03341577229545138
430,0.024733871950694337,0.024733871950694337,0.029798622098393374,0.029798622098393374,0.024733871950694337,0.2687081703123614,0.12084189601261977,0.029798622098393374
431,0.03255481650817081,0.08895564597360048,0.21459666143068953,0.03255481650817081,0.05050285856017681,0.08895564597360048,0.05050285856017681,0.03255481650817081
432,0.031240699268224606,0.05141711276576066,0.06246406718200753,0.04106987296063572,0.031240699268224606,0.05141711276576066,0.04106987296063572,0.06246406718200753
433,0.11386866555134248,0.040143616531382785,0.05510154850612745,0.04983905106148131,0.040143616531382785,0.040143616531382785,0.04983905106148131,0.05510154850612745
434,0.12422903893250668,0.0756699095082003,0.04147965834884074,0.04147965834884074,0.0576043965821395,0.0756699095082003,0.0576043965821395,0.04147965834884074
435,0.22970077360137067,0.0719280354985582,0.07453828659561261,0.030871827875645724,0.030871827875645724,0.0719280354985582,0.030871827875645724,0.07453828659561261
436,0.049285306909696396,0.05742599262244578,0.030382472033627463,0.030382472033627463,0.049285306909696396,0.05742599262244578,0.12290099300382439,0.030382472033627463
437,0.03636462823349641,0.0305254377852953,0.2921073941276702,0.03636462823349641,0.0305254377852953,0.0305254377852953,0.15288451088827806,0.0305254377852953
438,0.027768723682866172,0.11209055853969548,0.07830930647216515,0.027768723682866172,0.027768723682866172,0.11209055853969548,0.19042571640966682,0.07830930647216515
439,0.14051405402776482,0.056550313259857765,0.035245997412694255,0.05306087968656334,0.035245997412694255,0.056550313259857765,0.05306087968656334,0.035245997412694255
440,0.11863608225361932,0.08521164904767262,0.03804816193827387,0.04341250290670712,0.04341250290670712,0.08521164904767262,0.04341250290670712,0.03804816193827387
441,0.05413160847952944,0.046117654126930405,0.24189451112477187,0.05413160847952944,0.046117654126930405,0.046117654126930405,0.04024899020501617,0.04024899020501617
442,0.09779064302236161,0.024718337705515386,0.1805105548545475,0.024718337705515386,0.024718337705515386,0.024718337705515386,0.14497590103822353,0.09779064302236161
443,0.06451160804647815,0.04608576746486257,0.09084234928287743,0.04608576746486257,0.09084234928287743,0.04608576746486257,0.10506937756019356,0.06451160804647815
444,0.02806839302548892,0.1397458519680932,0.07496337684887137,0.02806839302548892,0.07496337684887137,0.1397458519680932,0.19008467717874777,0.02806839302548892
445,0.030381536770483684,0.08728027885969099,0.04891878128748191,0.03589947084916809,0.04891878128748191,0.08728027885969099,0.03589947084916809,0.030381536770483684
446,0.021731173225096212,0.04170319346677511,0.08327386348974046,0.021731173225096212,0.021731173225096212,0.04170319346677511,0.18223025185813296,0.08327386348974046
447,0.07005958116679381,0.08354610139990298,0.08936070039055106,0.07005958116679381,0.053536477271068326,0.08354610139990298,0.053536477271068326,0.08936070039055106
448,0.024391470371122107,0.024391470371122107,0.047567659732198876,0.024391470371122107,0.048791723227884706,0.25217312401766806,0.048791723227884706,0.047567659732198876
449,0.18650501375685294,0.030291219545134977,0.07020192252148243,0.030291219545134977,0.04511344590527301,0.030291219545134977,0.04511344590527301,0.07020192252148243
450,0.058168194979199596,0.10347233866619845,0.0784801090171504,0.050951221959350874,0.058168194979199596,0.10347233866619845,0.050951221959350874,0.0784801090171504
451,0.02471437594937694,0.08490624311714587,0.06701502933779538,0.02471437594937694,0.02471437594937694,0.08490624311714587,0.10259354717306544,0.06701502933779538
452,0.12666913907655672,0.08565574341759126,0.0427480963386342,0.055121216520212124,0.0427480963386342,0.08565574341759126,0.055121216520212124,0.0427480963386342
453,0.15299063610029173,0.02005251232675427,0.06327356776489787,0.02005251232675427,0.02005251232675427,0.02005251232675427,0.1410560246034916,0.06327356776489787
454,0.03399126519084062,0.08551780658874238,0.038263798169440796,0.03399126519084062,0.03399126519084062,0.08551780658874238,0.18492568187141092,0.038263798169440796
455,0.1431740957061862,0.037247681658902305,0.07466089368132416,0.037247681658902305,0.0611803807683861,0.037247681658902305,0.0611803807683861,0.07466089368132416
456,0.19698118337818615,0.02854887925925352,0.06635822750146841,0.02854887925925352,0.05728665177682296,0.02854887925925352,0.05728665177682296,0.06635822750146841
457,0.15271984422002186,0.07332680155783666,0.024095338360852956,0.024095338360852956,0.05785407278724194,0.07332680155783666,0.05785407278724194,0.024095338360852956
458,0.06791626256010466,0.031300165183904105,0.04667290326254608,0.04667290326254608,0.060352180719171714,0.031300165183904105,0.060352180719171714,0.06791626256010466
459,0.06506787374217962,0.0743617270419914,0.07508461264186914,0.07508461264186914,0.05261634355921709,0.0743617270419914,0.05261634355921709,0.06506787374217962
460,0.05858679311446052,0.03390869860177977,0.1810194409080461,0.03390869860177977,0.040115526936786806,0.03390869860177977,0.040115526936786806,0.05858679311446052
461,0.06488357760585058,0.043856218538283476,0.057096970896350324,0.057096970896350324,0.043856218538283476,0.043856218538283476,0.16701551462497377,0.06488357760585058
462,0.07841823985354669,0.03712611282216823,0.0635726973829778,0.03712611282216823,0.0635726973829778,0.03712611282216823,0.1955845499845192,0.07841823985354669
463,0.06202684192312225,0.03386937144873177,0.06481980344483726,0.03386937144873177,0.06481980344483726,0.03386937144873177,0.1553435021879346,0.06202684192312225
464,0.04161155677235979,0.06545177986110658,0.041190100412604985,0.041190100412604985,0.041190100412604985,0.06545177986110658,0.11203841235050041,0.04161155677235979
465,0.02412845806345557,0.09556949355814043,0.16935826125342815,0.020856933901381658,0.020856933901381658,0.09556949355814043,0.020856933901381658,0.02412845806345557
466,0.21770889699954532,0.02064658581340873,0.06877248682375207,0.02064658581340873,0.06877248682375207,0.02064658581340873,0.20035508653545933,0.02064658581340873
467,0.05006384441206304,0.08757407783068248,0.09636616111663415,0.05006384441206304,0.09636616111663415,0.08757407783068248,0.057894224602123685,0.057894224602123685
468,0.16420269281281857,0.08074479389381696,0.06509592627405465,0.024727745664072005,0.06509592627405465,0.08074479389381696,0.024727745664072005,0.024727745664072005
469,0.22951232802979932,0.09237384574345263,0.019108809726883277,0.019108809726883277,0.019108809726883277,0.09237384574345263,0.18784669138647914,0.019108809726883277
470,0.025386106941055406,0.09261023604653268,0.1690084266173064,0.025386106941055406,0.025386106941055406,0.09261023604653268,0.19037201082252872,0.025386106941055406
471,0.07645315327172574,0.020610150263605926,0.03292711856305253,0.020610150263605926,0.03292711856305253,0.020610150263605926,0.10559257442689311,0.03292711856305253
472,0.08532149596502893,0.02647781017623609,0.059042448629019854,0.02647781017623609,0.06334610012460583,0.02647781017623609,0.06334610012460583,0.059042448629019854
473,0.13348292271193213,0.09920851386501378,0.06658694207325856,0.022897739062432223,0.022897739062432223,0.09920851386501378,0.022897739062432223,0.06658694207325856
474,0.13241788632404883,0.09209552808925328,0.044555499400789414,0.05667048637769429,0.044555499400789414,0.09209552808925328,0.05667048637769429,0.044555499400789414
475,0.17355581243088025,0.050323502101459625,0.0747191461736592,0.04474176586105469,0.050323502101459625,0.050323502101459625,0.04474176586105469,0.0747191461736592
476,0.021495963616791926,0.021495963616791926,0.06521984959625177,0.060369584752676446,0.021495963616791926,0.021495963616791926,0.060369584752676446,0.06521984959625177
477,0.0460618514540593,0.06490490742004726,0.03316851790668097,0.06490490742004726,0.03316851790668097,0.06490490742004726,0.0460618514540593,0.03316851790668097
478,0.22497968106209792,0.02139728395578994,0.08602646767966209,0.06666893458938582,0.02139728395578994,0.02139728395578994,0.06666893458938582,0.08602646767966209
479,0.17605079928475142,0.030227464073425622,0.04235982631596325,0.030227464073425622,0.04235982631596325,0.030227464073425622,0.12858612496759092,0.04235982631596325
480,0.13218332867967927,0.021967779257966148,0.032503469411352105,0.021967779257966148,0.032503469411352105,0.021967779257966148,0.15551612992963476,0.032503469411352105
481,0.03781582241610124,0.036560452506336875,0.09166882959363203,0.036560452506336875,0.03781582241610124,0.036560452506336875,0.12672159751842713,0.09166882959363203
482,0.1925975038230389,0.032419535617662525,0.04774559663441171,0.032419535617662525,0.04774559663441171,0.032419535617662525,0.16234134664494912,0.04774559663441171
483,0.04665020228712383,0.04665020228712383,0.033216571251419524,0.05397591822679524,0.033216571251419524,0.05397591822679524,0.13490249082833672,0.033216571251419524
484,0.06623574447673262,0.052431789509090804,0.24484585253267196,0.06623574447673262,0.052431789509090804,0.052431789509090804,0.04938843363926278,0.04938843363926278
485,0.1277595996581646,0.020556352931538197,0.06699772103877351,0.06699772103877351,0.020556352931538197,0.020556352931538197,0.15245880862058778,0.020556352931538197
486,0.028442549380069047,0.07849785174013589,0.08140550305599543,0.028442549380069047,0.08140550305599543,0.07849785174013589,0.15559357707627647,0.028442549380069047
487,0.03336705224646968,0.06362141022788362,0.04524112498718091,0.03336705224646968,0.04524112498718091,0.06362141022788362,0.14520873765669018,0.04524112498718091
488,0.09639728110473746,0.05869717095460065,0.038400143365277244,0.04672466577476667,0.038400143365277244,0.05869717095460065,0.04672466577476667,0.038400143365277244
489,0.16641015100248369,0.021550907631672642,0.17231093260260147,0.021550907631672642,0.021550907631672642,0.021550907631672642,0.04599798737424204,0.04599798737424204
490,0.0629545272389143,0.07767399435668103,0.046093430575692915,0.0629545272389143,0.05373584967687186,0.07767399435668103,0.05373584967687186,0.046093430575692915
491,0.21136493615724522,0.06476652942203406,0.10093289437972126,0.036912430735698415,0.036912430735698415,0.06476652942203406,0.036912430735698415,0.10093289437972126
492,0.0648661625638257,0.07017671656609566,0.07239678523036344,0.0362804098230575,0.0648661625638257,0.07017671656609566,0.0362804098230575,0.07239678523036344
493,0.045194633817785594,0.07556425480621587,0.03823231631756537,0.03823231631756537,0.045194633817785594,0.07556425480621587,0.14918924101229078,0.03823231631756537
494,0.020978561505816524,0.0756755266412296,0.07448337073816655,0.020978561505816524,0.020978561505816524,0.0756755266412296,0.16038360077712083,0.07448337073816655
495,0.05383330397945651,0.0258685366847153,0.06115973379404842,0.05383330397945651,0.0258685366847153,0.0258685366847153,0.15385505938978652,0.06115973379404842
496,0.03862499465929018,0.035275814510435315,0.03862499465929018,0.048407587779814035,0.048407587779814035,0.035275814510435315,0.1338444513409431,0.03862499465929018
497,0.10321348827210147,0.13197568950602526,0.042008470082701296,0.042008470082701296,0.10321348827210147,0.13197568950602526,0.05717295468104076,0.05717295468104076
498,0.054599561822820705,0.08520074526119427,0.14493466453754558,0.03574947644878818,0.054599561822820705,0.08520074526119427,0.03574947644878818,0.03574947644878818
499,0.06310017365101706,0.1052514259448075,0.043784522038655085,0.043784522038655085,0.06310017365101706,0.1052514259448075,0.12460212539574553,0.043784522038655085
500,0.0361393610343621,0.0361393610343621,0.06907809970744733,0.06422760186119986,0.0361393610343621,0.06422760186119986,0.17349999191531262,0.06907809970744733
501,0.054288569490595795,0.020629927668460998,0.03683041660960929,0.054288569490595795,0.020629927668460998,0.020629927668460998,0.16111108605801183,0.03683041660960929
502,0.03245705609598893,0.06430959605133242,0.10113721666957073,0.03245705609598893,0.10113721666957073,0.06430959605133242,0.16363372127608602,0.03245705609598893
503,0.014215966475753789,0.05415568270139783,0.014215966475753789,0.19584591514010194,0.014215966475753789,0.05415568270139783,0.20960193120589193,0.014215966475753789
504,0.06272523198975147,0.03632988135891889,0.20379820806807555,0.06272523198975147,0.060339908906341284,0.03632988135891889,0.060339908906341284,0.03632988135891889
505,0.04445522353758708,0.07475226614166373,0.07442580785273827,0.04445522353758708,0.08023742371545103,0.07475226614166373,0.08023742371545103,0.07442580785273827
506,0.04108042487886993,0.04108042487886993,0.07207330485296932,0.025507681220150326,0.025507681220150326,0.202449598379482,0.025507681220150326,0.07207330485296932
507,0.1046954095845211,0.05720177766083747,0.023972691084734005,0.023972691084734005,0.05720177766083747,0.05720177766083747,0.16982208571111818,0.023972691084734005
508,0.058917619422282186,0.05553330413806686,0.06905727658251141,0.058917619422282186,0.05553330413806686,0.05553330413806686,0.15251723078104468,0.06905727658251141
509,0.11209446998882468,0.04838876972545752,0.04122781644718749,0.04122781644718749,0.04838876972545752,0.04838876972545752,0.11682405443686437,0.04122781644718749
510,0.0476122934281637,0.03179974748399216,0.24361115718512585,0.03499791048654753,0.0476122934281637,0.03179974748399216,0.03499791048654753,0.03499791048654753
511,0.06242640665327007,0.05546089234339063,0.06470983571645444,0.06242640665327007,0.05546089234339063,0.05546089234339063,0.1449091464416659,0.06470983571645444
512,0.052764496172227164,0.052764496172227164,0.06691419907022186,0.05856732060045069,0.05827957168543888,0.05827957168543888,0.05856732060045069,0.06691419907022186
513,0.1578793299465063,0.03875732457399956,0.1091248704577234,0.0448587315410412,0.03875732457399956,0.03875732457399956,0.0448587315410412,0.1091248704577234
514,0.17148034098216558,0.10112229429506854,0.034500981541382744,0.034500981541382744,0.0462593485074192,0.10112229429506854,0.0462593485074192,0.034500981541382744
515,0.13969318738246822,0.0344865360620359,0.02891628499392279,0.02891628499392279,0.0344865360620359,0.0344865360620359,0.1820401646383065,0.02891628499392279
516,0.15882277947511894,0.03841509774957996,0.03966629553184498,0.03841509774957996,0.03966629553184498,0.03841509774957996,0.16418186473031782,0.03966629553184498
517,0.027495597094685853,0.028666897470523485,0.1764616909585265,0.027495597094685853,0.028666897470523485,0.028666897470523485,0.1918557662835142,0.027495597094685853
518,0.23083322987949584,0.053367858757852264,0.028715925361182185,0.028715925361182185,0.054346052544147955,0.053367858757852264,0.054346052544147955,0.028715925361182185
519,0.05248343875829612,0.049409879332326455,0.2475407802909767,0.05248343875829612,0.057655911592515714,0.049409879332326455,0.057655911592515714,0.049409879332326455
520,0.1979634003618334,0.06516986545697628,0.06681848415138118,0.027764538327948094,0.027764538327948094,0.06516986545697628,0.027764538327948094,0.06681848415138118
521,0.11603672358681517,0.024203278479834212,0.06935095879621739,0.024203278479834212,0.024203278479834212,0.024203278479834212,0.14359820230691359,0.06935095879621739
522,0.05629346866091269,0.02650632813712446,0.06133782884071262,0.02650632813712446,0.05629346866091269,0.02650632813712446,0.12064309474765367,0.06133782884071262
523,0.030053205087198095,0.06425878622046459,0.07390899455224705,0.0614888876583336,0.030053205087198095,0.06425878622046459,0.0614888876583336,0.07390899455224705
524,0.10431022588482615,0.0493307299020261,0.06869668776365487,0.0493307299020261,0.05083345427885803,0.0493307299020261,0.05083345427885803,0.06869668776365487
525,0.16280042716557377,0.06122699000209701,0.038426501458909405,0.038426501458909405,0.051873890534578276,0.06122699000209701,0.051873890534578276,0.038426501458909405
526,0.24413034308507223,0.10605941625671333,0.027176759513473647,0.027176759513473647,0.054622213186793105,0.10605941625671333,0.054622213186793105,0.027176759513473647
527,0.15822715677633958,0.03267970092464127,0.05479386688250041,0.05479386688250041,0.04050384006213995,0.03267970092464127,0.04050384006213995,0.03267970092464127
528,0.04094412004740594,0.032575054047064546,0.13267939407538604,0.032575054047064546,0.04094412004740594,0.032575054047064546,0.05332007513257081,0.05332007513257081
529,0.13708992880637452,0.03091028906064271,0.242363767334063,0.03091028906064271,0.03091028906064271,0.03091028906064271,0.06099366561485953,0.06099366561485953
530,0.16867350403732412,0.02445774715291842,0.08380213177821659,0.02445774715291842,0.08380213177821659,0.02445774715291842,0.06500794606716803,0.06500794606716803
531,0.14944664074758582,0.09119020635703867,0.06842945593553043,0.0392997955849085,0.06842945593553043,0.09119020635703867,0.0392997955849085,0.0392997955849085
532,0.22142817028292758,0.04820361372496961,0.05406001176515584,0.04820361372496961,0.05406001176515584,0.04820361372496961,0.14602693248935097,0.05406001176515584
533,0.029116763094133517,0.029116763094133517,0.03218105917102115,0.029116763094133517,0.03218105917102115,0.029116763094133517,0.16676274398488858,0.03218105917102115
534,0.2320711719832983,0.1030043772368855,0.031909859708884554,0.031909859708884554,0.053973672941994275,0.1030043772368855,0.053973672941994275,0.031909859708884554
535,0.16836130114211562,0.06819189322010001,0.2168466590650916,0.018695014071024706,0.018695014071024706,0.06819189322010001,0.018695014071024706,0.018695014071024706
536,0.0315980480049124,0.0737707033948211,0.23762727570438766,0.04040311051384107,0.0315980480049124,0.0737707033948211,0.04040311051384107,0.0315980480049124
537,0.14576837629032616,0.05646425652426511,0.03436575716115551,0.03436575716115551,0.05646425652426511,0.05646425652426511,0.1603602151512223,0.03436575716115551
538,0.1374418953643089,0.03829188239813661,0.08138007044064681,0.03763930971264767,0.03829188239813661,0.03829188239813661,0.03763930971264767,0.08138007044064681
539,0.045196979305198226,0.04115505239354969,0.0746763684991988,0.04115505239354969,0.045196979305198226,0.04115505239354969,0.16976258054384044,0.0746763684991988
540,0.06572873987891877,0.06624130060317747,0.03709961216873386,0.03709961216873386,0.06572873987891877,0.06624130060317747,0.16819055834627422,0.03709961216873386
541,0.03518684762032335,0.020907962284629544,0.059101631052001787,0.061422895760072094,0.061422895760072094,0.020907962284629544,0.03518684762032335,0.059101631052001787
542,0.06258583603487736,0.046223741552083315,0.05036776329090463,0.046223741552083315,0.06258583603487736,0.046223741552083315,0.0993360390600183,0.05036776329090463
543,0.063319219989641,0.04520104981010326,0.2214655649329031,0.04235530641923974,0.063319219989641,0.04520104981010326,0.04235530641923974,0.04520104981010326
544,0.05504399684989216,0.05097386095100488,0.0702048771600152,0.05097386095100488,0.05504399684989216,0.05097386095100488,0.19780617334299813,0.0702048771600152
545,0.01675592442252991,0.01675592442252991,0.06837392064208568,0.01675592442252991,0.01675592442252991,0.10183617552540809,0.1532396348410054,0.06837392064208568
546,0.1535115337179912,0.036360461745630505,0.03852880786165621,0.036360461745630505,0.03852880786165621,0.036360461745630505,0.16460673272246137,0.03852880786165621
547,0.2066872276094674,0.040697345513507704,0.03305793427793837,0.03305793427793837,0.040697345513507704,0.040697345513507704,0.1375129879183509,0.03305793427793837
548,0.02771020632929393,0.04230020206989376,0.03873928136816094,0.02771020632929393,0.02771020632929393,0.04230020206989376,0.17176136531355232,0.03873928136816094
549,0.0598853307387977,0.033585764001294774,0.04514655479700525,0.04514655479700525,0.033585764001294774,0.033585764001294774,0.1391194814955608,0.0598853307387977
550,0.06459196418689706,0.10651917122066996,0.07654321201876753,0.07654321201876753,0.04385266370071305,0.10651917122066996,0.04385266370071305,0.06459196418689706
551,0.024562299791717312,0.06394982366015536,0.21191560865544923,0.024562299791717312,0.05609057080734614,0.06394982366015536,0.05609057080734614,0.024562299791717312
552,0.06619307488244999,0.04936426350365507,0.17247037273679414,0.06619307488244999,0.05412202324400448,0.04936426350365507,0.05412202324400448,0.04936426350365507
553,0.19143118391522543,0.0534665136775883,0.0725908537445137,0.0534665136775883,0.04147467137021632,0.0534665136775883,0.04147467137021632,0.0725908537445137
554,0.17462916252780292,0.08113509014133581,0.02726057011541657,0.02726057011541657,0.02726057011541657,0.08113509014133581,0.1730111909719034,0.02726057011541657
555,0.06752250594984516,0.11720940227056072,0.07675857944275265,0.054800627417635646,0.06752250594984516,0.11720940227056072,0.054800627417635646,0.07675857944275265
556,0.04055204994591611,0.09804867517227599,0.07045277941719491,0.06946602489215337,0.04055204994591611,0.09804867517227599,0.06946602489215337,0.07045277941719491
557,0.1772636034034514,0.05104842419196259,0.07500709506080122,0.027148704657920155,0.027148704657920155,0.05104842419196259,0.027148704657920155,0.07500709506080122
558,0.06524276677342847,0.09250437723472348,0.04951535184680455,0.06524276677342847,0.04951535184680455,0.09250437723472348,0.10864581885155875,0.04951535184680455
559,0.1501013678500479,0.10301299292183415,0.036293758951005235,0.05300837424099729,0.036293758951005235,0.10301299292183415,0.05300837424099729,0.036293758951005235
560,0.0499974302310236,0.03113478953266189,0.0499974302310236,0.0499974302310236,0.03113478953266189,0.03113478953266189,0.1727479685522265,0.03113478953266189
561,0.08662212816071971,0.09862498010088094,0.035709109058522454,0.035709109058522454,0.08662212816071971,0.09862498010088094,0.1290588979170094,0.035709109058522454
562,0.03143752014403521,0.07105062461925998,0.22149949010191328,0.03143752014403521,0.03143752014403521,0.07105062461925998,0.04524309295448964,0.04524309295448964
563,0.1261464467097993,0.05094564372680623,0.09087218377004476,0.025900413388443115,0.025900413388443115,0.05094564372680623,0.025900413388443115,0.09087218377004476
564,0.05641569058325315,0.03961974038163801,0.059696916009969965,0.05641569058325315,0.03961974038163801,0.03961974038163801,0.1396999023255074,0.059696916009969965
565,0.1614390418093287,0.05764309411706119,0.06989354457613713,0.02634524791284372,0.02634524791284372,0.05764309411706119,0.02634524791284372,0.06989354457613713
566,0.1388105115919553,0.03254412443387659,0.057832636051524576,0.03254412443387659,0.03254412443387659,0.03254412443387659,0.1838468947271369,0.057832636051524576
567,0.03175474517604467,0.09886321039269867,0.0490196767899643,0.03175474517604467,0.03175474517604467,0.09886321039269867,0.1417354350134177,0.0490196767899643
568,0.21832771016247554,0.08225499129293927,0.021692062678133762,0.021692062678133762,0.021692062678133762,0.08225499129293927,0.208110899248903,0.021692062678133762
569,0.08188287995842507,0.01670492657072772,0.15714278962044967,0.01670492657072772,0.01670492657072772,0.2471100629822191,0.01670492657072772,0.08188287995842507
570,0.07014073327274804,0.04864298049869904,0.04702947858973129,0.04864298049869904,0.04702947858973129,0.04864298049869904,0.15518005282574765,0.07014073327274804
571,0.033659533368592225,0.1090723955201046,0.06687631902543588,0.033659533368592225,0.06687631902543588,0.1090723955201046,0.15941063984471018,0.033659533368592225
572,0.04790504056011701,0.06257555873660561,0.039390868260474346,0.039390868260474346,0.039390868260474346,0.06257555873660561,0.14270429918214317,0.04790504056011701
573,0.017853193364728844,0.07955809461204247,0.017853193364728844,0.017853193364728844,0.0478758295544514,0.07955809461204247,0.1301042357587262,0.0478758295544514
574,0.05898576182242596,0.0921027226806291,0.07059726762610177,0.05603497825566453,0.05898576182242596,0.0921027226806291,0.05603497825566453,0.07059726762610177
575,0.06770592522300824,0.037132329884274326,0.08908309397357658,0.0757223612995639,0.06770592522300824,0.0757223612995639,0.037132329884274326,0.08908309397357658
576,0.029429891773658172,0.10528933175273081,0.03942881197687885,0.053337820688290134,0.029429891773658172,0.10528933175273081,0.053337820688290134,0.03942881197687885
577,0.03590465004227086,0.08608986544094786,0.03285894673873186,0.03590465004227086,0.07409834636831227,0.08608986544094786,0.07409834636831227,0.03285894673873186
578,0.016230748777968717,0.08801929172272745,0.05668669971561529,0.05668669971561529,0.016230748777968717,0.08801929172272745,0.016230748777968717,0.016230748777968717
579,0.02813969614046114,0.03801291705335462,0.03390890910213521,0.02813969614046114,0.03390890910213521,0.03801291705335462,0.09521778159771546,0.03390890910213521
580,0.042179448534794314,0.01915757706771416,0.13559141485842938,0.01915757706771416,0.042179448534794314,0.01915757706771416,0.14688999440223593,0.042179448534794314
581,0.1578146695472961,0.08650181445784855,0.03677323625268464,0.03677323625268464,0.031032317666575344,0.08650181445784855,0.031032317666575344,0.03677323625268464
582,0.15145527165754227,0.034292544460877004,0.05253766770949841,0.05253766770949841,0.034292544460877004,0.034292544460877004,0.16908591273258256,0.034292544460877004
583,0.04183900066441596,0.08732816050812547,0.0576990328399974,0.04183900066441596,0.04183900066441596,0.08732816050812547,0.12434775155552252,0.0576990328399974
584,0.023056062784527723,0.04033089883025214,0.05625260123365703,0.04033089883025214,0.023056062784527723,0.04033089883025214,0.1507525118485078,0.05625260123365703
585,0.09507007350834154,0.050743180513637506,0.03245859917816893,0.03245859917816893,0.050743180513637506,0.050743180513637506,0.16918538301354707,0.03245859917816893
586,0.02699802916563522,0.046646284537983355,0.1994951623899652,0.02699802916563522,0.046646284537983355,0.046646284537983355,0.1918110909325706,0.02699802916563522
587,0.16231460456062305,0.032506969157314776,0.06229851958997782,0.060305929839695564,0.032506969157314776,0.032506969157314776,0.060305929839695564,0.06229851958997782
588,0.017013213053506233,0.04148958880104814,0.051810254237263376,0.017013213053506233,0.017013213053506233,0.04148958880104814,0.14626317198399547,0.051810254237263376
589,0.14567757773539544,0.027432321190942324,0.07574383040089518,0.05196757746717466,0.027432321190942324,0.027432321190942324,0.05196757746717466,0.07574383040089518
590,0.06804703272242042,0.09575769057205542,0.026562727271956466,0.06804703272242042,0.026562727271956466,0.09575769057205542,0.15053494850658997,0.026562727271956466
591,0.14098451848807492,0.028239692341415806,0.03764280179040246,0.03764280179040246,0.028239692341415806,0.028239692341415806,0.12805387900637002,0.03764280179040246
592,0.047082486798428934,0.05760655893812335,0.0534985844986297,0.04494238512840666,0.047082486798428934,0.05760655893812335,0.04494238512840666,0.0534985844986297
593,0.06814626437610369,0.04139095983957556,0.22259280246747903,0.05945540706659361,0.06814626437610369,0.04139095983957556,0.05945540706659361,0.04139095983957556
594,0.07010521735148247,0.04937738894094488,0.08056595810074031,0.04937738894094488,0.07010521735148247,0.04937738894094488,0.156240217602724,0.08056595810074031
595,0.06016598545752347,0.04658380040130385,0.04081070469643905,0.04081070469643905,0.06016598545752347,0.04658380040130385,0.12577632133643218,0.04081070469643905
596,0.04000070385540239,0.09701917269525548,0.07402955401778669,0.04000070385540239,0.04000070385540239,0.09701917269525548,0.14800892054303383,0.07402955401778669
597,0.05483524859746066,0.05648016447289271,0.06067630973458493,0.05483524859746066,0.05648016447289271,0.05648016447289271,0.11628854160487265,0.06067630973458493
598,0.06569475792298632,0.048795777874114335,0.059275899958551106,0.06569475792298632,0.048795777874114335,0.048795777874114335,0.15213849039280944,0.059275899958551106
599,0.0549513456005152,0.02688208686605568,0.06574476733762609,0.0549513456005152,0.02688208686605568,0.02688208686605568,0.1679509339050822,0.06574476733762609
600,0.03994985285399177,0.03836786446737905,0.04529581280524827,0.03994985285399177,0.04529581280524827,0.03836786446737905,0.168460660059361,0.04529581280524827
601,0.2576358442481228,0.045794099272725736,0.03546057889338963,0.045794099272725736,0.03546057889338963,0.045794099272725736,0.1877757999983143,0.03546057889338963
602,0.05062914358202647,0.08614112415623891,0.04132896365827735,0.04132896365827735,0.05062914358202647,0.08614112415623891,0.055454379363736414,0.055454379363736414
603,0.07015398220602047,0.08419370705439239,0.10212259186431874,0.023813700410519573,0.07015398220602047,0.08419370705439239,0.023813700410519573,0.023813700410519573
604,0.05601737950228752,0.0330312994458995,0.05056951770432568,0.054902734819527586,0.05601737950228752,0.0330312994458995,0.054902734819527586,0.05056951770432568
605,0.03367152743635752,0.0909729594093758,0.05139819037568181,0.03367152743635752,0.03367152743635752,0.0909729594093758,0.1499275263938846,0.05139819037568181
606,0.04562209483296564,0.027495297958110163,0.16739428717361202,0.027495297958110163,0.027495297958110163,0.027495297958110163,0.20165718029190122,0.04562209483296564
607,0.05782252384346195,0.05086566711328627,0.07480616538065667,0.05782252384346195,0.07480616538065667,0.05086566711328627,0.14150040275138784,0.05086566711328627
608,0.1580568642632278,0.12692357059004766,0.016549848602426215,0.016549848602426215,0.016549848602426215,0.12692357059004766,0.19075643391103983,0.016549848602426215
609,0.0861580252825534,0.03705944717976787,0.19193518193965622,0.0861580252825534,0.043965527783660904,0.03705944717976787,0.043965527783660904,0.03705944717976787
610,0.04944692402259369,0.06617482392467143,0.038185133862392404,0.038185133862392404,0.04944692402259369,0.06617482392467143,0.19356893661876357,0.038185133862392404
611,0.037405369402720594,0.11303504728232802,0.05295373993754679,0.05295373993754679,0.037405369402720594,0.11303504728232802,0.13559045823060523,0.037405369402720594
612,0.11007846786650312,0.06878611321949013,0.02846066652344799,0.02846066652344799,0.02846066652344799,0.06878611321949013,0.14774513225457103,0.02846066652344799
613,0.03659611165818105,0.05148721610453871,0.048972030992518976,0.048972030992518976,0.12319975703054023,0.05148721610453871,0.03659611165818105,0.048972030992518976
614,0.03202606741372408,0.053144946544149876,0.06473644743460888,0.03202606741372408,0.03202606741372408,0.053144946544149876,0.17621364348981922,0.06473644743460888
615,0.037682152965346154,0.05338751353067012,0.06054991766169815,0.037682152965346154,0.07202183291513584,0.07202183291513584,0.05338751353067012,0.06054991766169815
616,0.1883159204036178,0.02258537238736246,0.0667572503939237,0.02258537238736246,0.02258537238736246,0.02258537238736246,0.12899323734205784,0.0667572503939237
617,0.08913970859437159,0.07150242261558919,0.06430250873753432,0.08913970859437159,0.04889628183653219,0.07150242261558919,0.04889628183653219,0.06430250873753432
618,0.15371759429900278,0.05625867014567975,0.0593636551203314,0.05625867014567975,0.05306559632143159,0.05625867014567975,0.05306559632143159,0.0593636551203314
619,0.11893240757419409,0.09331676086878944,0.0111229869708656,0.0111229869708656,0.048753977244971124,0.09331676086878944,0.048753977244971124,0.0111229869708656
620,0.04001292407071789,0.035978784241943056,0.24415103163096016,0.04001292407071789,0.039225969031922124,0.035978784241943056,0.039225969031922124,0.035978784241943056
621,0.02339793837822633,0.09728513089355681,0.1650526687305845,0.05132771244911698,0.02339793837822633,0.09728513089355681,0.05132771244911698,0.02339793837822633
622,0.07331170446975818,0.09038254038067929,0.07123195786436645,0.07331170446975818,0.07123195786436645,0.09038254038067929,0.05048004278184919,0.05048004278184919
623,0.059154383544782745,0.022478748637159648,0.022478748637159648,0.059154383544782745,0.022478748637159648,0.11608311876333015,0.11674193824346658,0.022478748637159648
624,0.15589695438661622,0.04183723462704309,0.06267222329952617,0.06267222329952617,0.04183723462704309,0.04183723462704309,0.06237667094772907,0.06237667094772907
625,0.07254611406701873,0.10114822417116781,0.0981357501303892,0.013049170328061948,0.013049170328061948,0.10114822417116781,0.013049170328061948,0.013049170328061948
626,0.06351418758049485,0.02336142482158661,0.04533431091095054,0.06351418758049485,0.02336142482158661,0.02336142482158661,0.15120524491352308,0.04533431091095054
627,0.05718626503211591,0.04923004969601481,0.03094412576433643,0.05718626503211591,0.03094412576433643,0.04923004969601481,0.1262131396425366,0.03094412576433643
628,0.04996174164913058,0.05367662786361758,0.06956566036534492,0.05367662786361758,0.04996174164913058,0.05367662786361758,0.1593698730642118,0.06956566036534492
629,0.040837851221584724,0.07254962689022133,0.06508525367562225,0.059923011716892995,0.040837851221584724,0.07254962689022133,0.059923011716892995,0.06508525367562225
630,0.036611717063903,0.08333879868380545,0.06133434552903998,0.03976206718031869,0.036611717063903,0.08333879868380545,0.03976206718031869,0.06133434552903998
631,0.208089580242673,0.044470361934099575,0.03073992185968249,0.03073992185968249,0.044470361934099575,0.044470361934099575,0.12202406870055041,0.03073992185968249
632,0.20519180050024288,0.02108999196594531,0.12236735946169963,0.02108999196594531,0.02108999196594531,0.02108999196594531,0.14862124994650283,0.02108999196594531
633,0.08197604763523081,0.07906399756318917,0.029074735214108947,0.0527813079927864,0.029074735214108947,0.07906399756318917,0.0527813079927864,0.029074735214108947
634,0.024654900349796196,0.0447284231867538,0.06690226086166104,0.0447284231867538,0.024654900349796196,0.0447284231867538,0.18614540334682192,0.06690226086166104
635,0.029922129508273658,0.08111177192456386,0.04018336911420043,0.029922129508273658,0.04018336911420043,0.08111177192456386,0.14306188127450672,0.04018336911420043
636,0.06488582513042619,0.07531308508159872,0.053923802875070294,0.060490078555828074,0.053923802875070294,0.07531308508159872,0.060490078555828074,0.06488582513042619
637,0.057836867999242876,0.11192006064250316,0.05822830867782108,0.047335905570709484,0.05822830867782108,0.11192006064250316,0.047335905570709484,0.057836867999242876
638,0.042182793921668515,0.08836831740168498,0.051362617879429556,0.042182793921668515,0.051362617879429556,0.08836831740168498,0.19115075810411344,0.042182793921668515
639,0.030518211432296643,0.08515925001173066,0.028538249595323976,0.030518211432296643,0.028538249595323976,0.08515925001173066,0.10432995075430207,0.028538249595323976
640,0.08454751731264566,0.04029056930839929,0.05872712548019603,0.04029056930839929,0.05179869667276129,0.04029056930839929,0.05179869667276129,0.05872712548019603
641,0.05280896090520108,0.027177140168340067,0.2101378771648772,0.027177140168340067,0.051062648466739226,0.027177140168340067,0.051062648466739226,0.05280896090520108
642,0.17370855193095575,0.05105464358302054,0.06766136386212833,0.05105464358302054,0.0332962173790461,0.05105464358302054,0.0332962173790461,0.06766136386212833
643,0.025800430558624934,0.08549051014879111,0.07787485417165514,0.025800430558624934,0.025800430558624934,0.08549051014879111,0.13487462928499105,0.07787485417165514
644,0.05589665144568556,0.01700114683528898,0.028061001756185346,0.01700114683528898,0.028061001756185346,0.01700114683528898,0.05589665144568556,0.028061001756185346
645,0.03233368751120917,0.08831095945409598,0.044375341162848685,0.044375341162848685,0.03233368751120917,0.08831095945409598,0.16768039118704525,0.03233368751120917
646,0.22904983077818297,0.051975182884073524,0.02983332742737594,0.051975182884073524,0.06754182591814037,0.051975182884073524,0.06754182591814037,0.02983332742737594
647,0.14269961258188696,0.07156940412264921,0.09200396964530107,0.03159545932051774,0.03159545932051774,0.07156940412264921,0.03159545932051774,0.09200396964530107
648,0.1806674857511656,0.11094856553271785,0.016961083699417928,0.016961083699417928,0.016961083699417928,0.11094856553271785,0.1198362815208947,0.016961083699417928
649,0.04924483390725731,0.04988514685226738,0.22298704178628823,0.04988514685226738,0.04924483390725731,0.04988514685226738,0.07729697480848634,0.07729697480848634
650,0.03023244744651067,0.09069676183891444,0.16685472786359473,0.03023244744651067,0.03023244744651067,0.09069676183891444,0.04676151242939772,0.04676151242939772
651,0.18172275890048042,0.022151164770451495,0.19361257818960248,0.022151164770451495,0.022151164770451495,0.022151164770451495,0.042144558275885355,0.042144558275885355
652,0.025151399123253333,0.06803570023800545,0.06803570023800545,0.025151399123253333,0.025151399123253333,0.22596144296207724,0.04851928182201569,0.04851928182201569
653,0.04969980033760189,0.027619095516155635,0.027619095516155635,0.04969980033760189,0.056005557548684706,0.30275782911622817,0.056005557548684706,0.027619095516155635
654,0.17789125786990187,0.04736997300839911,0.04233697360955339,0.02454901487496502,0.02454901487496502,0.04736997300839911,0.02454901487496502,0.04233697360955339
655,0.11402564913864781,0.029250923732056084,0.026153472469123,0.026153472469123,0.026153472469123,0.029250923732056084,0.059377961746656695,0.059377961746656695
656,0.05034428228087111,0.06630148752362787,0.1968031405655107,0.05034428228087111,0.03212611242226624,0.06630148752362787,0.03212611242226624,0.03212611242226624
657,0.07441454049152328,0.042823693407070804,0.047717948205028955,0.07441454049152328,0.047717948205028955,0.042823693407070804,0.17787095744554152,0.042823693407070804
658,0.2832532128293805,0.0801392305299107,0.011912336912043079,0.011912336912043079,0.011912336912043079,0.0801392305299107,0.1559176984287581,0.011912336912043079
659,0.04393565872076656,0.029085637663777808,0.04393565872076656,0.07350268607911412,0.029085637663777808,0.029085637663777808,0.15241288496881888,0.07350268607911412
660,0.03738458335661586,0.10739641204828923,0.13622791320084066,0.028587203208055405,0.028587203208055405,0.10739641204828923,0.028587203208055405,0.03738458335661586
661,0.034315763338288764,0.08819886389421501,0.06752038078360068,0.06752038078360068,0.034315763338288764,0.08819886389421501,0.15047718857313017,0.034315763338288764
662,0.04347980992603774,0.0751323609280408,0.029950052620888405,0.029950052620888405,0.04347980992603774,0.0751323609280408,0.10649447373777805,0.029950052620888405
663,0.0735781336500016,0.09694539383732849,0.025600208696722544,0.025600208696722544,0.0735781336500016,0.09694539383732849,0.18536615792080857,0.025600208696722544
664,0.018842723963014615,0.016362792519719845,0.14172415154466253,0.016362792519719845,0.018842723963014615,0.016362792519719845,0.1540757115775181,0.016362792519719845
665,0.10521588150510888,0.05505825546981073,0.06961597696980455,0.04418520850376821,0.05505825546981073,0.05505825546981073,0.04418520850376821,0.06961597696980455
666,0.07201758811779213,0.05667434806542043,0.058514869328375164,0.07201758811779213,0.055651393822896786,0.055651393822896786,0.05667434806542043,0.058514869328375164
667,0.051588305670198245,0.051588305670198245,0.08583673636063038,0.03435874883125616,0.03435874883125616,0.03435874883125616,0.17387906128832137,0.08583673636063038
668,0.05160445715606401,0.07541331425483677,0.03792668884539045,0.05160445715606401,0.03792668884539045,0.07541331425483677,0.16455020402935308,0.03792668884539045
669,0.04653861094966292,0.11947987282344456,0.1930082572050791,0.028907930972768996,0.04653861094966292,0.11947987282344456,0.028907930972768996,0.028907930972768996
670,0.024263009924661617,0.061140327170056304,0.05586973892708102,0.06005728860475999,0.024263009924661617,0.061140327170056304,0.06005728860475999,0.05586973892708102
671,0.04223505720376836,0.07728189934608752,0.04223505720376836,0.152298320179289,0.05029887682851509,0.07728189934608752,0.05029887682851509,0.04223505720376836
672,0.05815254086885663,0.10226910684100556,0.06371548409759054,0.05815254086885663,0.04380104855766935,0.10226910684100556,0.04380104855766935,0.06371548409759054
673,0.25492375408544055,0.07701074448050481,0.08276489672527107,0.029840719921693154,0.029840719921693154,0.07701074448050481,0.029840719921693154,0.08276489672527107
674,0.06032607798452248,0.07630445888937169,0.03770732243669484,0.06032607798452248,0.03770732243669484,0.07630445888937169,0.1369253784304127,0.03770732243669484
675,0.05311076565172421,0.035038941200831904,0.056968888222907806,0.05311076565172421,0.035038941200831904,0.035038941200831904,0.1817219402107595,0.056968888222907806
676,0.03400392610729816,0.10879887845105954,0.0711184597033463,0.0711184597033463,0.05492414100279328,0.10879887845105954,0.05492414100279328,0.03400392610729816
677,0.14204328825209292,0.055350735198827945,0.026986636741136178,0.026986636741136178,0.05468305386782763,0.055350735198827945,0.05468305386782763,0.026986636741136178
678,0.14352600768180362,0.0673123388940376,0.063369734256357,0.02831872666110782,0.02831872666110782,0.0673123388940376,0.02831872666110782,0.063369734256357
679,0.06012888103823414,0.03323612049278772,0.058052639429393274,0.06012888103823414,0.03323612049278772,0.03323612049278772,0.17527475549250854,0.058052639429393274
680,0.07909100060220085,0.10023657758419788,0.01629053331865535,0.01629053331865535,0.07909100060220085,0.10023657758419788,0.14333873293041008,0.01629053331865535
681,0.07996289726114918,0.1295602043144557,0.06358209262394217,0.06179868336767345,0.07996289726114918,0.1295602043144557,0.06179868336767345,0.06358209262394217
682,0.04050806055207902,0.04714308930171125,0.036480566141168666,0.036480566141168666,0.04050806055207902,0.04714308930171125,0.14157804128909635,0.036480566141168666
683,0.13686378832634236,0.0375318605895423,0.03756760865816243,0.03756760865816243,0.03756760865816243,0.0375318605895423,0.1890280171633886,0.03756760865816243
684,0.027769986172452295,0.09850004467055742,0.1112522442749435,0.037248521407729995,0.027769986172452295,0.09850004467055742,0.037248521407729995,0.027769986172452295
685,0.20666653056771844,0.04544819348037615,0.04544819348037615,0.014056362591915105,0.014056362591915105,0.3109684008262226,0.014056362591915105,0.014056362591915105
686,0.03415188281767085,0.05476740987785993,0.05526681516358973,0.03415188281767085,0.03415188281767085,0.05476740987785993,0.17987613068281957,0.05526681516358973
687,0.06937716592406214,0.07419340780239288,0.03201429510220613,0.06937716592406214,0.03201429510220613,0.07419340780239288,0.1295044069823642,0.03201429510220613
688,0.24959208560970375,0.04204307465358568,0.051802607623251354,0.051802607623251354,0.04204307465358568,0.04204307465358568,0.14665045164104615,0.04204307465358568
689,0.06805188362645799,0.03731306364374355,0.036958500325821785,0.036958500325821785,0.03731306364374355,0.03731306364374355,0.22148461890737856,0.036958500325821785
690,0.05292197673564812,0.08713373751454193,0.01555952723035002,0.01555952723035002,0.0560756822114818,0.08713373751454193,0.0560756822114818,0.01555952723035002
691,0.06324854137665445,0.10113805463757104,0.0723142387745311,0.031108371131815308,0.031108371131815308,0.10113805463757104,0.031108371131815308,0.0723142387745311
692,0.15262268266201706,0.033387244874501155,0.031180733269552192,0.031180733269552192,0.033387244874501155,0.033387244874501155,0.14676391453891963,0.031180733269552192
693,0.1852299364010581,0.027421592819582664,0.075379030567245,0.027421592819582664,0.075379030567245,0.027421592819582664,0.1524756691443952,0.027421592819582664
694,0.02928255605456602,0.09170460219492611,0.055064492353951194,0.02928255605456602,0.055064492353951194,0.09170460219492611,0.1486404436001199,0.02928255605456602
695,0.13991372413188724,0.04964889047831004,0.03897317622268466,0.04964889047831004,0.03897317622268466,0.04964889047831004,0.11815024495507934,0.03897317622268466
696,0.16301628718694783,0.06569712250378926,0.05909398765868949,0.05311836681489692,0.06569712250378926,0.06569712250378926,0.05311836681489692,0.05909398765868949
697,0.0,0.024262470556474233,0.05320896227665683,0.024262470556474233,0.024262470556474233,0.024262470556474233,0.19789568182877576,0.05320896227665683
698,0.01928846332522573,0.044306081775053366,0.06083822277648416,0.01928846332522573,0.01928846332522573,0.044306081775053366,0.1903886964040248,0.06083822277648416
699,0.08342443641393803,0.053684038986463796,0.05473899167717418,0.08342443641393803,0.04539832354658958,0.053684038986463796,0.04539832354658958,0.05473899167717418
700,0.27207838288992486,0.05140250812077744,0.04162589193920823,0.05140250812077744,0.05769216974572668,0.05140250812077744,0.05769216974572668,0.04162589193920823
701,0.14700820141605128,0.03227354243408161,0.04349090169412576,0.03227354243408161,0.055716534936857486,0.03227354243408161,0.055716534936857486,0.04349090169412576
702,0.10051666892838139,0.09104102872924949,0.025667625616668077,0.025667625616668077,0.04301178089077567,0.09104102872924949,0.04301178089077567,0.025667625616668077
703,0.14799661642488363,0.07115443447400034,0.05860272238925519,0.05860272238925519,0.07115443447400034,0.07115443447400034,0.05118318672018416,0.05118318672018416
704,0.11994756323558468,0.026025581755758927,0.06673090849149046,0.026025581755758927,0.026025581755758927,0.026025581755758927,0.16664208940224334,0.06673090849149046
705,0.061954733926438056,0.05946344340858574,0.05093755421977513,0.05946344340858574,0.061954733926438056,0.05946344340858574,0.1553464598761879,0.05093755421977513
706,0.036871871402790087,0.0807237272270747,0.1508542694483348,0.036871871402790087,0.036871871402790087,0.0807237272270747,0.049775732278526566,0.049775732278526566
707,0.0625211441418413,0.038064744875435104,0.043670461043046206,0.0625211441418413,0.037445870246627606,0.038064744875435104,0.037445870246627606,0.043670461043046206
708,0.030911530658601725,0.10473117317653459,0.16847034920118917,0.04219062400618002,0.030911530658601725,0.10473117317653459,0.04219062400618002,0.030911530658601725
709,0.13083284514905294,0.03686086576368144,0.036229820424209275,0.036229820424209275,0.03686086576368144,0.03686086576368144,0.1356506192038704,0.036229820424209275
710,0.13325791116760616,0.06260849339807932,0.03966962603418354,0.03159510563577145,0.03966962603418354,0.06260849339807932,0.03159510563577145,0.03159510563577145
711,0.13359587542137458,0.05889480905870603,0.19294466550754957,0.021940631035985578,0.021940631035985578,0.05889480905870603,0.021940631035985578,0.05889480905870603
712,0.04896340308312624,0.015321093905837439,0.06390101690718367,0.06390101690718367,0.04896340308312624,0.015321093905837439,0.15857650729096373,0.015321093905837439
713,0.06955377809855416,0.06092988811109843,0.0888481793744954,0.06092988811109843,0.06955377809855416,0.06092988811109843,0.1317029802052884,0.0888481793744954
714,0.12926475523837322,0.11379585509226814,0.05901922120034934,0.051438664988749994,0.12926475523837322,0.11379585509226814,0.051438664988749994,0.05901922120034934
715,0.0862933773924179,0.049987441085232856,0.06125169548774355,0.049987441085232856,0.0862933773924179,0.049987441085232856,0.14519995519800288,0.06125169548774355
716,0.06797834277069037,0.0877167907514744,0.03264856361722645,0.03264856361722645,0.06797834277069037,0.0877167907514744,0.16569050399845212,0.03264856361722645
717,0.026520773520380587,0.03598740144848618,0.05640744506832187,0.03598740144848618,0.026520773520380587,0.03598740144848618,0.16983979770813845,0.05640744506832187
718,0.17442319001976472,0.07234621032543155,0.023731778799622804,0.023731778799622804,0.023731778799622804,0.07234621032543155,0.14110089230558318,0.023731778799622804
719,0.1750328547632458,0.017038831031937946,0.03011564619581534,0.017038831031937946,0.017038831031937946,0.017038831031937946,0.12333378967347847,0.03011564619581534
720,0.1663408240611911,0.024662802549655197,0.01422786199199904,0.01422786199199904,0.024662802549655197,0.13581709221462168,0.024662802549655197,0.01422786199199904
721,0.03131812900710793,0.04416293827221416,0.16362476432267634,0.03131812900710793,0.04416293827221416,0.04416293827221416,0.12376086948040632,0.03131812900710793
722,0.19176793427118052,0.04962778234398438,0.04818366717512996,0.058169067272792356,0.04818366717512996,0.04962778234398438,0.058169067272792356,0.04818366717512996
723,0.18177837432051852,0.09820238848031186,0.029241824928399156,0.029241824928399156,0.029241824928399156,0.09820238848031186,0.16352192830207077,0.029241824928399156
724,0.017588552796998266,0.0798822833499652,0.204482399859385,0.017588552796998266,0.017588552796998266,0.0798822833499652,0.058078354183097584,0.058078354183097584
725,0.2004158817678617,0.03587369493566408,0.21531122958405655,0.026209125165564433,0.03587369493566408,0.03587369493566408,0.026209125165564433,0.026209125165564433
726,0.04525950466017707,0.08967788584213865,0.07088972085022804,0.04525950466017707,0.055217564311498726,0.08967788584213865,0.055217564311498726,0.07088972085022804
727,0.1120092505036927,0.05450956258552151,0.02885487617736747,0.02885487617736747,0.04867168569140936,0.05450956258552151,0.04867168569140936,0.02885487617736747
728,0.2211870034701045,0.04433989572734247,0.05139300119004786,0.030645303353201286,0.030645303353201286,0.04433989572734247,0.030645303353201286,0.05139300119004786
729,0.058118607376628516,0.057961940102499936,0.06563214494188398,0.058118607376628516,0.057961940102499936,0.057961940102499936,0.18362269364621286,0.06563214494188398
730,0.14348113859310666,0.04217998879711722,0.02433912997934981,0.02433912997934981,0.04217998879711722,0.04217998879711722,0.16166621855298519,0.02433912997934981
731,0.015040543109901014,0.12867919743520273,0.07486233414464374,0.015040543109901014,0.015040543109901014,0.12867919743520273,0.09763898117777904,0.07486233414464374
732,0.04231169686271925,0.14411445948891916,0.028477257424009233,0.028477257424009233,0.028477257424009233,0.14411445948891916,0.142238481229655,0.04231169686271925
733,0.18519206086394402,0.042650499085932284,0.07130003699576883,0.07130003699576883,0.0479946250436457,0.042650499085932284,0.0479946250436457,0.042650499085932284
734,0.14603178537335873,0.027841235024955092,0.027841235024955092,0.027841235024955092,0.05861231804164143,0.1610989089877864,0.05861231804164143,0.027841235024955092
735,0.23064631918738138,0.05251106828731107,0.0651718950162409,0.05251106828731107,0.04516269009441285,0.05251106828731107,0.04516269009441285,0.0651718950162409
736,0.34186061076492724,0.06087641104694816,0.05830744621979726,0.05830744621979726,0.0318820634107561,0.06087641104694816,0.0318820634107561,0.0318820634107561
737,0.042551775523376134,0.03731860262913225,0.14596967588221238,0.06097858982703638,0.03731860262913225,0.03731860262913225,0.06097858982703638,0.042551775523376134
738,0.1449789880273561,0.034786569280220773,0.10611764773640844,0.034786569280220773,0.10611764773640844,0.034786569280220773,0.16554403386587474,0.034786569280220773
739,0.04814470759833644,0.07539909821161385,0.029503428167866486,0.04814470759833644,0.029503428167866486,0.07539909821161385,0.14137823583502693,0.029503428167866486
740,0.03336957564070473,0.06103711826686969,0.22224255741981744,0.041433816613372164,0.03336957564070473,0.06103711826686969,0.041433816613372164,0.03336957564070473
741,0.0772429449268409,0.05464623803849314,0.2512053919967366,0.02072061398275082,0.02072061398275082,0.05464623803849314,0.02072061398275082,0.02072061398275082
742,0.1941742173117861,0.04818241181264087,0.04326996454620589,0.04326996454620589,0.04326996454620589,0.04818241181264087,0.18364125745477064,0.04818241181264087
743,0.13657665227289956,0.03642057137636714,0.053231432639508226,0.03642057137636714,0.053231432639508226,0.03642057137636714,0.15893795491143087,0.053231432639508226
744,0.1183739563394862,0.07286019052348292,0.016074203216577848,0.016074203216577848,0.016074203216577848,0.07286019052348292,0.1396472568884943,0.016074203216577848
745,0.15198613263662664,0.020662005088390296,0.07518600986781102,0.020662005088390296,0.020662005088390296,0.020662005088390296,0.09842228838278011,0.07518600986781102
746,0.05148824775880362,0.04273080264091973,0.12770642277980174,0.04389233441059159,0.05148824775880362,0.04273080264091973,0.04389233441059159,0.04273080264091973
747,0.022981290439643965,0.0699183574990442,0.12177088908508042,0.055504997610820055,0.022981290439643965,0.0699183574990442,0.055504997610820055,0.022981290439643965
748,0.0849995978926756,0.027974387603617513,0.1768038980854419,0.027974387603617513,0.027974387603617513,0.027974387603617513,0.13105228370746275,0.027974387603617513
749,0.23490070346847575,0.0722502436215094,0.09814581043644569,0.021359984266810832,0.09814581043644569,0.0722502436215094,0.021359984266810832,0.021359984266810832
750,0.18468521665278456,0.04367371226428468,0.042728065200017776,0.04367371226428468,0.042728065200017776,0.04367371226428468,0.15456380382823762,0.042728065200017776
751,0.0774428703247869,0.0797350622122069,0.06545767467893819,0.0774428703247869,0.04896762116732664,0.0797350622122069,0.04896762116732664,0.06545767467893819
752,0.05516488539998877,0.09770441191272312,0.042347482849616064,0.042347482849616064,0.06492214835191273,0.09770441191272312,0.06492214835191273,0.05516488539998877
753,0.06788318941689943,0.04224551787875504,0.14505731846025469,0.04224551787875504,0.03704399401660939,0.04224551787875504,0.03704399401660939,0.06788318941689943
754,0.017209030499974486,0.03729130343432352,0.19860164215548562,0.03729130343432352,0.017209030499974486,0.03729130343432352,0.1567792826252647,0.017209030499974486
755,0.052501256494521094,0.03373423867710569,0.18725077223145253,0.052501256494521094,0.03373423867710569,0.03373423867710569,0.1274807861050568,0.03373423867710569
756,0.06146180554775785,0.07949146134271823,0.07988498193588406,0.044035689256143574,0.06146180554775785,0.07949146134271823,0.044035689256143574,0.07988498193588406
757,0.07003183639882478,0.03632969522920179,0.06679607211933887,0.03632969522920179,0.07003183639882478,0.03632969522920179,0.14677719581032267,0.06679607211933887
758,0.06540903814562249,0.08924961211957019,0.043760176842363704,0.043760176842363704,0.06540903814562249,0.08924961211957019,0.14721428644934698,0.043760176842363704
759,0.02025185646400097,0.11205764532899598,0.05931337318006914,0.02025185646400097,0.02025185646400097,0.11205764532899598,0.14696797194517236,0.05931337318006914
760,0.1634188204933352,0.09888850505010378,0.023562959634064434,0.06666920442671187,0.023562959634064434,0.09888850505010378,0.06666920442671187,0.023562959634064434
761,0.023577593868561276,0.06273301480175629,0.13693849303299954,0.023577593868561276,0.056298904553760874,0.06273301480175629,0.056298904553760874,0.023577593868561276
762,0.077927085017973,0.03414847996217328,0.03414847996217328,0.11373501323330912,0.06446496077494114,0.11373501323330912,0.06446496077494114,0.03414847996217328
763,0.1267869495025752,0.07765460480811288,0.0235177218162206,0.0235177218162206,0.049316997352148985,0.07765460480811288,0.049316997352148985,0.0235177218162206
764,0.06289076293152407,0.053550151542591,0.06816065213183686,0.06289076293152407,0.05920258292799343,0.053550151542591,0.05920258292799343,0.06816065213183686
765,0.0398361896978531,0.06600280044268385,0.09256308844600866,0.0398361896978531,0.02782291522944843,0.06600280044268385,0.02782291522944843,0.02782291522944843
766,0.13656780252786835,0.030699727208079924,0.07541102085349687,0.07541102085349687,0.030699727208079924,0.030699727208079924,0.18216882931178213,0.030699727208079924
767,0.032607327556112405,0.06281184720127915,0.23229266946611735,0.06281184720127915,0.032607327556112405,0.06281184720127915,0.18593007271976855,0.032607327556112405
768,0.15908737837776973,0.05105789532056711,0.03686499488407873,0.04734186582241196,0.05105789532056711,0.05105789532056711,0.04734186582241196,0.03686499488407873
769,0.1714837164542245,0.06296647221499838,0.027932685054992953,0.04595732780751813,0.06296647221499838,0.06296647221499838,0.04595732780751813,0.027932685054992953
770,0.1237478240511617,0.03474940280787708,0.1389808095165308,0.05354919490687898,0.03474940280787708,0.03474940280787708,0.05354919490687898,0.03474940280787708
771,0.09864348852807898,0.060261187367842285,0.17247448956191042,0.060261187367842285,0.09864348852807898,0.060261187367842285,0.06466485949970832,0.06466485949970832
772,0.06089281911494146,0.05929322164524131,0.05929322164524131,0.05413601403818228,0.06089281911494146,0.05413601403818228,0.05570553840119685,0.05570553840119685
773,0.029163456605954808,0.07440081945774374,0.18852394812671233,0.029163456605954808,0.029163456605954808,0.07440081945774374,0.05573432262762278,0.05573432262762278
774,0.11183734143872708,0.038740977530288864,0.1926266304870606,0.038740977530288864,0.02320194383820148,0.038740977530288864,0.02320194383820148,0.02320194383820148
775,0.03703233774116981,0.03828994447903173,0.06875526721982668,0.06875526721982668,0.03828994447903173,0.03828994447903173,0.11633718952382602,0.03703233774116981
776,0.13251189700135083,0.138140676729639,0.027379009953497492,0.027379009953497492,0.027379009953497492,0.138140676729639,0.03895163526562045,0.03895163526562045
777,0.0754073901466448,0.04845505417531278,0.19810638002977296,0.0754073901466448,0.04334370986493351,0.04845505417531278,0.04334370986493351,0.04845505417531278
778,0.05120594140720711,0.036982182175845923,0.24568215523841588,0.03726168705458781,0.05120594140720711,0.036982182175845923,0.03726168705458781,0.036982182175845923
779,0.025050704374971616,0.08848323802250319,0.07283408278150458,0.07283408278150458,0.025050704374971616,0.08848323802250319,0.14751189973693726,0.025050704374971616
780,0.16680414479185934,0.09672014900693811,0.020634015769665556,0.020634015769665556,0.020634015769665556,0.09672014900693811,0.14117931867032604,0.020634015769665556
781,0.046415318715688506,0.07993006463919583,0.08467896203316631,0.046415318715688506,0.05870270712819493,0.07993006463919583,0.05870270712819493,0.08467896203316631
782,0.16459520827023635,0.08687391875962557,0.040229078899343455,0.040229078899343455,0.026956833990660033,0.08687391875962557,0.026956833990660033,0.026956833990660033
783,0.025478669807358346,0.028079482940499383,0.0791159119900328,0.025478669807358346,0.028079482940499383,0.028079482940499383,0.13801354567233337,0.0791159119900328
784,0.21626284519849698,0.0657233792183209,0.029052791882951887,0.029052791882951887,0.029052791882951887,0.0657233792183209,0.15838604015230473,0.029052791882951887
785,0.05402505129606813,0.031475686724331396,0.13702641214125155,0.031475686724331396,0.21665851152322216,0.031475686724331396,0.05402505129606813,0.031475686724331396
786,0.03499748712906619,0.05661702399985476,0.1852052985418658,0.0585888579238953,0.03499748712906619,0.05661702399985476,0.0585888579238953,0.03499748712906619
787,0.14045535398166903,0.08946355461552268,0.06714620795450732,0.06714620795450732,0.03916830118533012,0.08946355461552268,0.03916830118533012,0.03916830118533012
788,0.17698761657243228,0.03676434982362473,0.04989511876822558,0.03676434982362473,0.04989511876822558,0.03676434982362473,0.13311989337021743,0.03676434982362473
789,0.052737486920142726,0.02692662978692645,0.1823078490689539,0.02692662978692645,0.0502204825475381,0.02692662978692645,0.0502204825475381,0.052737486920142726
790,0.028990978258512445,0.02022971815005979,0.2441936636091387,0.02022971815005979,0.028990978258512445,0.18421557580779627,0.02022971815005979,0.028990978258512445
791,0.1998752027030817,0.0473390408661763,0.03944616015158639,0.03944616015158639,0.0473390408661763,0.0473390408661763,0.16036491379105186,0.03944616015158639
792,0.241603432839648,0.08049567701601028,0.03856310037218985,0.06636135994070362,0.03856310037218985,0.08049567701601028,0.06636135994070362,0.03856310037218985
793,0.07012731149902407,0.02278929652626899,0.15295830795399307,0.03616975928145761,0.02278929652626899,0.02278929652626899,0.03616975928145761,0.03616975928145761
794,0.06281760134340024,0.033958157717404916,0.08141349100500042,0.06281760134340024,0.08141349100500042,0.033958157717404916,0.10673159052237294,0.033958157717404916
795,0.049421008497569516,0.06289065284630302,0.0804878263676728,0.049421008497569516,0.0804878263676728,0.06289065284630302,0.056691743685572095,0.056691743685572095
796,0.06214932355336424,0.08392723880882898,0.05385069638905111,0.06214932355336424,0.05385069638905111,0.08392723880882898,0.04692156220725493,0.04692156220725493
797,0.06371079648033069,0.10204916153454813,0.035191603199679795,0.035191603199679795,0.035191603199679795,0.10204916153454813,0.16068278577702308,0.06371079648033069
798,0.06225998655964266,0.07295202278867792,0.25181670398423883,0.03125172534854797,0.03125172534854797,0.07295202278867792,0.03125172534854797,0.06225998655964266
799,0.03582433573312111,0.03582433573312111,0.19328259508942516,0.05038259266585715,0.05038259266585715,0.05038259266585715,0.10464891882607218,0.03582433573312111
800,0.1567181889401455,0.046170157438076335,0.08351291096137256,0.08351291096137256,0.046170157438076335,0.046170157438076335,0.04504367445196471,0.04504367445196471
801,0.02858377151522198,0.07464925422716084,0.1437077235932253,0.05615751778291843,0.02858377151522198,0.07464925422716084,0.05615751778291843,0.02858377151522198
802,0.16111502954422152,0.047962176775571026,0.02219272345727547,0.02219272345727547,0.047962176775571026,0.047962176775571026,0.1111033494609976,0.02219272345727547
803,0.10999226202840359,0.0736747388962894,0.0736747388962894,0.020943444982208355,0.06270100960091067,0.06270100960091067,0.020943444982208355,0.020943444982208355
804,0.2088698214972862,0.021926540557243634,0.20139765061472642,0.051139150715271545,0.021926540557243634,0.021926540557243634,0.051139150715271545,0.021926540557243634
805,0.04005756175801462,0.0881213180574201,0.1052674510399877,0.1052674510399877,0.04005756175801462,0.0881213180574201,0.0871429470752449,0.04005756175801462
806,0.04580385229376137,0.04765048877030118,0.06552209810525943,0.06552209810525943,0.04765048877030118,0.04765048877030118,0.16144038326612745,0.04580385229376137
807,0.15729072410380726,0.023960936288990993,0.18638738610813457,0.023960936288990993,0.023960936288990993,0.023960936288990993,0.06499173003092014,0.06499173003092014
808,0.03544796430263802,0.11902867199940655,0.06176289689215914,0.06176289689215914,0.1319004331785925,0.11902867199940655,0.03544796430263802,0.03544796430263802
809,0.023265745983190974,0.09155583705445254,0.07282904534054548,0.07282904534054548,0.023265745983190974,0.09155583705445254,0.11517398588590762,0.023265745983190974
810,0.14384858559058944,0.09678747069120525,0.039941423228328374,0.026971525479090208,0.026971525479090208,0.09678747069120525,0.026971525479090208,0.039941423228328374
811,0.12362169822376844,0.12085869853442836,0.026392998058093153,0.026392998058093153,0.026392998058093153,0.12085869853442836,0.11275268118159133,0.026392998058093153
812,0.1946430183348545,0.06920372925455193,0.05578944338058693,0.026986256402144648,0.026986256402144648,0.06920372925455193,0.026986256402144648,0.06920372925455193
813,0.0814814995966531,0.050758922710042134,0.0664417547620373,0.0664417547620373,0.0814814995966531,0.050758922710042134,0.10749685836106328,0.050758922710042134
814,0.06722959224139272,0.04808391523015207,0.20165581872931085,0.04808391523015207,0.06722959224139272,0.04808391523015207,0.10596481990170435,0.04808391523015207
815,0.044148036577715405,0.03269949188334585,0.16863729592954244,0.03269949188334585,0.044148036577715405,0.03269949188334585,0.14004264269031336,0.03269949188334585
816,0.0534761863676501,0.03937905745103047,0.281888343882232,0.0534761863676501,0.03937905745103047,0.03937905745103047,0.0728545968232575,0.0728545968232575
817,0.05620357919988708,0.07388402051943024,0.07009635979364742,0.07009635979364742,0.05620357919988708,0.07388402051943024,0.04889546553904128,0.04889546553904128
818,0.058171312783872234,0.07746664760642316,0.06503490146102786,0.06503490146102786,0.058171312783872234,0.07746664760642316,0.05300913960818978,0.05300913960818978
819,0.07663009506385658,0.06613015133804612,0.08534778513480498,0.08534778513480498,0.07663009506385658,0.06613015133804612,0.0434175376675039,0.0434175376675039
820,0.07030526948407488,0.06292823296087433,0.06292823296087433,0.0854542780322822,0.07030526948407488,0.0854542780322822,0.04555569669573378,0.04555569669573378
821,0.05289332275495703,0.04452564715546895,0.141112431727624,0.04452564715546895,0.05289332275495703,0.04452564715546895,0.045643223230827486,0.045643223230827486
822,0.15396211153940198,0.03731803275650603,0.051077752411830615,0.051077752411830615,0.03731803275650603,0.03731803275650603,0.14142748275715503,0.03731803275650603
823,0.02198307233324643,0.024191904038383515,0.07474236856876514,0.024191904038383515,0.02198307233324643,0.024191904038383515,0.02198307233324643,0.07474236856876514
824,0.1584606126386927,0.06584531728035047,0.034293078054638174,0.034293078054638174,0.06584531728035047,0.06584531728035047,0.15989283578756208,0.034293078054638174
825,0.14501086037425098,0.05418444897410601,0.21359049203532152,0.014250541771277778,0.05418444897410601,0.05418444897410601,0.014250541771277778,0.014250541771277778
826,0.08068589587343206,0.02423430692941199,0.1570053759819056,0.02423430692941199,0.02423430692941199,0.02423430692941199,0.15483447778884063,0.08068589587343206
827,0.048658757037781164,0.09815742884151672,0.2420634320720832,0.0504157249880025,0.048658757037781164,0.09815742884151672,0.0504157249880025,0.048658757037781164
828,0.015947101274324697,0.06048688844419021,0.1730420650401878,0.015947101274324697,0.015947101274324697,0.06048688844419021,0.13738237343160767,0.015947101274324697
829,0.13196770085205986,0.04300451170897462,0.0644376935119134,0.0644376935119134,0.059989388621385774,0.04300451170897462,0.059989388621385774,0.04300451170897462
830,0.11712172690222689,0.050930660697435765,0.08570834186766206,0.050930660697435765,0.034564546446540334,0.050930660697435765,0.034564546446540334,0.08570834186766206
831,0.1100870101928891,0.0066730764853099025,0.1873402264436966,0.0066730764853099025,0.0066730764853099025,0.0066730764853099025,0.12244742401662985,0.0066730764853099025
832,0.027650311737850996,0.07166397920811503,0.0866121356792268,0.027650311737850996,0.0866121356792268,0.07166397920811503,0.15893668262847793,0.027650311737850996
833,0.045719628538967494,0.06764195666048826,0.0818474892732287,0.045719628538967494,0.0818474892732287,0.06764195666048826,0.04614618922221759,0.04614618922221759
834,0.24820944565865102,0.12075567638551703,0.07051674631770784,0.03937627087088308,0.07051674631770784,0.12075567638551703,0.03937627087088308,0.03937627087088308
835,0.13841866279860493,0.09366797217825974,0.014962714797119532,0.014962714797119532,0.014962714797119532,0.09366797217825974,0.18157831941583705,0.014962714797119532
836,0.05299112847364631,0.043361625688167295,0.249625961616005,0.07305705619987636,0.043361625688167295,0.043361625688167295,0.07305705619987636,0.05299112847364631
837,0.06350257186011483,0.06374959376576085,0.17615403515330977,0.06374959376576085,0.03221796646308892,0.06374959376576085,0.03221796646308892,0.06350257186011483
838,0.041003577456033405,0.038670707037813785,0.1581393323013998,0.05892432257421954,0.038670707037813785,0.038670707037813785,0.05892432257421954,0.041003577456033405
839,0.047748292231672845,0.07227601041150482,0.04402626438509056,0.047748292231672845,0.04402626438509056,0.07227601041150482,0.1443620331641562,0.04402626438509056
840,0.03378800648081082,0.05371482886447315,0.1707459853579552,0.03378800648081082,0.05371482886447315,0.05371482886447315,0.15299841303929546,0.03378800648081082
841,0.22707766746250224,0.047061899038470925,0.03312118897664985,0.03312118897664985,0.047061899038470925,0.047061899038470925,0.19181157998982845,0.03312118897664985
842,0.16317946849639933,0.031155003160712978,0.08484513311076206,0.031155003160712978,0.031155003160712978,0.031155003160712978,0.16849458177070148,0.08484513311076206
843,0.04087949490479353,0.08191744694531446,0.19599525319359495,0.04087949490479353,0.0330300083983012,0.08191744694531446,0.0330300083983012,0.0330300083983012
844,0.03503916971988051,0.05369237590552602,0.07797247427579321,0.07797247427579321,0.05369237590552602,0.05369237590552602,0.15358843157889687,0.03503916971988051
845,0.12642562965786397,0.03661602828385416,0.06757862524619328,0.06757862524619328,0.03661602828385416,0.03661602828385416,0.15883545732222332,0.03661602828385416
846,0.14085907400061629,0.048317317946763076,0.07503719781865177,0.033325083022408844,0.07503719781865177,0.048317317946763076,0.033325083022408844,0.033325083022408844
847,0.057712574811624236,0.07905941530345968,0.03442855174924704,0.057712574811624236,0.03442855174924704,0.07905941530345968,0.1365614742502408,0.03442855174924704
848,0.015391138879656189,0.024615920596256315,0.16409012102105006,0.024615920596256315,0.015391138879656189,0.024615920596256315,0.19950298007640976,0.015391138879656189
849,0.11239608554894821,0.11084501273052766,0.05090025613730179,0.06356782045516736,0.05090025613730179,0.11084501273052766,0.06356782045516736,0.05090025613730179
850,0.23682724049088721,0.0347549765327974,0.03592445533793936,0.0347549765327974,0.03592445533793936,0.0347549765327974,0.12650984738332474,0.03592445533793936
851,0.12799489370031183,0.05185368999402211,0.03390705548308181,0.03390705548308181,0.05185368999402211,0.05185368999402211,0.12543803554445523,0.03390705548308181
852,0.14427498669260103,0.05503943479212263,0.07782952982129733,0.0375372976702039,0.0375372976702039,0.0375372976702039,0.05503943479212263,0.07782952982129733
853,0.04050699465190262,0.019773312561772033,0.06003040402334715,0.019773312561772033,0.04050699465190262,0.019773312561772033,0.13241308531707907,0.06003040402334715
854,0.07886666025126837,0.05323041798934126,0.14934492233146116,0.07886666025126837,0.0614964003810354,0.05323041798934126,0.0614964003810354,0.05323041798934126
855,0.05841342060300062,0.026264804280913476,0.16697597132776726,0.05841342060300062,0.026264804280913476,0.07587580794309387,0.026264804280913476,0.07587580794309387
856,0.14212177655466357,0.027557843072111086,0.148940243763921,0.05023435294198549,0.027557843072111086,0.027557843072111086,0.05023435294198549,0.027557843072111086
857,0.14894237087718531,0.015193679050426465,0.10877053978672421,0.015193679050426465,0.10877053978672421,0.015193679050426465,0.16418285563283253,0.015193679050426465
858,0.15029083952352898,0.04018547236642859,0.05452596420137154,0.04018547236642859,0.05452596420137154,0.04018547236642859,0.09830005787814697,0.05452596420137154
859,0.10814835854815856,0.11966894690333436,0.02486122580002733,0.02486122580002733,0.02486122580002733,0.11966894690333436,0.16656068931541532,0.02486122580002733
860,0.1287582538238951,0.015137213646074763,0.015137213646074763,0.04797829477640806,0.05499858995308498,0.05499858995308498,0.04797829477640806,0.015137213646074763
861,0.14039450273133272,0.015661604171498984,0.20902212032962603,0.015661604171498984,0.015661604171498984,0.015661604171498984,0.053702902387994196,0.053702902387994196
862,0.056800462030790595,0.04612656814024274,0.2652188040906676,0.04612656814024274,0.056800462030790595,0.04612656814024274,0.06150809901187499,0.06150809901187499
863,0.053739688789324835,0.04318444844588526,0.2615891971528325,0.0288027661597664,0.053739688789324835,0.04318444844588526,0.0288027661597664,0.0288027661597664
864,0.05722561042047115,0.03198716160296858,0.15785819813403218,0.03198716160296858,0.05722561042047115,0.03198716160296858,0.06569248804714604,0.06569248804714604
865,0.04880643130849346,0.0640046688868576,0.06627125756548663,0.06627125756548663,0.04880643130849346,0.0640046688868576,0.05296870723334523,0.05296870723334523
866,0.053083928259710984,0.11248244696627932,0.2238583583859124,0.031033456828315122,0.053083928259710984,0.11248244696627932,0.031033456828315122,0.031033456828315122
867,0.06489727626347876,0.07779633582461393,0.03996862563179495,0.03996862563179495,0.06489727626347876,0.07779633582461393,0.18364721076280457,0.03996862563179495
868,0.05179670009770401,0.11059260261427555,0.06519469650917104,0.054107733282777966,0.05179670009770401,0.11059260261427555,0.054107733282777966,0.06519469650917104
869,0.10524339325421997,0.03764011873241692,0.08702000998243554,0.03764011873241692,0.10524339325421997,0.03764011873241692,0.17450120150884568,0.08702000998243554
870,0.07527132364935188,0.10572623361388589,0.07669122340269746,0.05219859142473158,0.07527132364935188,0.10572623361388589,0.05219859142473158,0.07669122340269746
871,0.04451591827999452,0.05209241838306186,0.0772546883837794,0.05209241838306186,0.04451591827999452,0.05209241838306186,0.14813938005344898,0.0772546883837794
872,0.19682520605735815,0.04788230169440051,0.04265339118396697,0.04788230169440051,0.04265339118396697,0.04788230169440051,0.1536304967566663,0.04265339118396697
873,0.09648148488295112,0.040579801622389264,0.07952780394268334,0.05074178044777791,0.040579801622389264,0.040579801622389264,0.05074178044777791,0.07952780394268334
874,0.01749343572032361,0.05857159192796424,0.045937568331743256,0.01749343572032361,0.01749343572032361,0.26297060244885273,0.05857159192796424,0.045937568331743256
875,0.2369588933335223,0.08361206547392985,0.04560195592971649,0.04028877174045355,0.04560195592971649,0.08361206547392985,0.04028877174045355,0.04560195592971649
876,0.06452181284659948,0.02867493837738791,0.02867493837738791,0.10499230611161926,0.06452181284659948,0.10499230611161926,0.14816607094040227,0.02867493837738791
877,0.03578947037492797,0.0889108671829465,0.06949888834873796,0.06949888834873796,0.03578947037492797,0.0889108671829465,0.17050994110993817,0.03578947037492797
878,0.024316056061871934,0.06017446192835786,0.17976901045015906,0.024316056061871934,0.06017446192835786,0.06017446192835786,0.05906986746504002,0.05906986746504002
879,0.045001155365077525,0.0512671929538641,0.2599458357459806,0.045001155365077525,0.0512671929538641,0.0512671929538641,0.031553735776474676,0.031553735776474676
880,0.04131215584470081,0.034444598984933704,0.13809478712441062,0.04131215584470081,0.034444598984933704,0.034444598984933704,0.16342247783476382,0.034444598984933704
881,0.02131600306830817,0.02131600306830817,0.20407806684786292,0.08751950434915916,0.02131600306830817,0.08751950434915916,0.0431080499634533,0.0431080499634533
882,0.039149728634299566,0.0317695002925694,0.2360178831425275,0.039149728634299566,0.0317695002925694,0.0317695002925694,0.1225902381036952,0.039149728634299566
883,0.15758806966925118,0.09633780037665937,0.0682835955428045,0.0682835955428045,0.022422188115440986,0.09633780037665937,0.022422188115440986,0.022422188115440986
884,0.05513330695341906,0.07358810023117393,0.03974189010959076,0.05513330695341906,0.03974189010959076,0.07358810023117393,0.09499494701076405,0.03974189010959076
885,0.13571323533342458,0.10946016844814001,0.03235059781697021,0.03235059781697021,0.0674824160522678,0.10946016844814001,0.0674824160522678,0.03235059781697021
886,0.030900753720226652,0.09578225557148658,0.13335766890236925,0.030900753720226652,0.05079197342600586,0.09578225557148658,0.05079197342600586,0.030900753720226652
887,0.14985298514956205,0.0395160542902803,0.17935408457986404,0.0395160542902803,0.05864261662377258,0.0395160542902803,0.05864261662377258,0.0395160542902803
888,0.06792658977555023,0.06792658977555023,0.23173082185186514,0.05387885668269119,0.03982882974132986,0.05387885668269119,0.03982882974132986,0.05387885668269119
889,0.0319793235611045,0.0319793235611045,0.06636148510846313,0.06636148510846313,0.0319793235611045,0.09774325518093384,0.16958015624808329,0.09774325518093384
890,0.039615986987122286,0.06627668882509019,0.040878702750506896,0.039615986987122286,0.040878702750506896,0.06627668882509019,0.1161676971760519,0.06627668882509019
891,0.061149920570052065,0.022143959664118855,0.2524358606232898,0.061149920570052065,0.022143959664118855,0.022143959664118855,0.09609412390989257,0.022143959664118855
892,0.04943115165037588,0.05399107135200605,0.06805743058213674,0.06805743058213674,0.04943115165037588,0.05399107135200605,0.14518808074318212,0.05399107135200605
893,0.04789581470568969,0.04164847518028743,0.30304573448442435,0.056517980739349424,0.04789581470568969,0.04164847518028743,0.056517980739349424,0.04164847518028743
894,0.03607693409694425,0.04323147444937435,0.06014225674438813,0.06014225674438813,0.03607693409694425,0.04323147444937435,0.13894783313045347,0.04323147444937435
895,0.09401367160392513,0.04103605219257921,0.11019792236694069,0.11019792236694069,0.04103605219257921,0.04103605219257921,0.12472532113970967,0.04103605219257921
896,0.03921292239720214,0.04184921194832628,0.08367548733288757,0.03941067587994837,0.03921292239720214,0.04184921194832628,0.03941067587994837,0.04184921194832628
897,0.04337794937747788,0.04337794937747788,0.17212297706118715,0.06272103842852286,0.07269466207061684,0.07269466207061684,0.06272103842852286,0.04337794937747788
898,0.12018632781226803,0.06227783274301482,0.17455048263015477,0.028070444336525828,0.06227783274301482,0.06227783274301482,0.028070444336525828,0.028070444336525828
899,0.12642584866398587,0.013647944261311102,0.22726469254842063,0.013647944261311102,0.013647944261311102,0.013647944261311102,0.16504477590981378,0.013647944261311102
900,0.04736441022470969,0.07640857731451371,0.10147124079859711,0.026384267086105303,0.026384267086105303,0.07640857731451371,0.026384267086105303,0.04736441022470969
901,0.03906437989777531,0.02531169496691548,0.1646544191651539,0.02531169496691548,0.02531169496691548,0.02531169496691548,0.12055625909083428,0.03906437989777531
902,0.054492988327996386,0.10630625152198919,0.08247867741345746,0.054492988327996386,0.06237217623506402,0.10630625152198919,0.06237217623506402,0.08247867741345746
903,0.1565496513539659,0.10203924131607546,0.029356077441622757,0.029356077441622757,0.0706639164955618,0.10203924131607546,0.0706639164955618,0.029356077441622757
904,0.23942809774815474,0.05989266558957105,0.08444475374480705,0.03292779592635635,0.03292779592635635,0.05989266558957105,0.03292779592635635,0.08444475374480705
905,0.0758228946384983,0.08217818511455408,0.027914986242010414,0.027914986242010414,0.027914986242010414,0.08217818511455408,0.19585699963387884,0.0758228946384983
906,0.04685321215675517,0.13530779573211635,0.06624138404926141,0.06624138404926141,0.051195826815355235,0.13530779573211635,0.051195826815355235,0.04685321215675517
907,0.05145592048753064,0.09333489922591032,0.20816726177515676,0.02795877762675666,0.02795877762675666,0.09333489922591032,0.02795877762675666,0.05145592048753064
908,0.012466845396281855,0.08122944616539689,0.2334484782192206,0.012466845396281855,0.012466845396281855,0.08122944616539689,0.1375584707267184,0.012466845396281855
909,0.13686891340270402,0.04735183638149435,0.14415889533872567,0.0282339767029763,0.04735183638149435,0.04735183638149435,0.0282339767029763,0.0282339767029763
910,0.23530381816081292,0.049151028898244,0.08284208804765858,0.08284208804765858,0.049151028898244,0.049151028898244,0.1548348355525638,0.049151028898244
911,0.14876807854481303,0.02603102975076022,0.15347727576923503,0.05117229919219827,0.02603102975076022,0.02603102975076022,0.05117229919219827,0.02603102975076022
912,0.07924003068140086,0.03656079903977876,0.1891767162577069,0.03656079903977876,0.06069899325892278,0.03656079903977876,0.06069899325892278,0.07924003068140086
913,0.02557129300476976,0.11726396742625768,0.17678094980678166,0.02557129300476976,0.051942046070940405,0.11726396742625768,0.051942046070940405,0.02557129300476976
914,0.024893001450271617,0.12021066926656952,0.17458078547573838,0.024893001450271617,0.05651153432092838,0.12021066926656952,0.05651153432092838,0.024893001450271617
915,0.05597563472300669,0.1077081135073547,0.193464100488182,0.05597563472300669,0.03333461076812562,0.1077081135073547,0.03333461076812562,0.03333461076812562
916,0.05934139357016249,0.06752360306749967,0.038219897487307926,0.038219897487307926,0.05934139357016249,0.06752360306749967,0.09805820900779412,0.038219897487307926
917,0.07956748412733566,0.06538734775529619,0.03223204601997687,0.03223204601997687,0.07956748412733566,0.06538734775529619,0.14425103206479126,0.03223204601997687
918,0.04806044701010845,0.07808531631512096,0.07342244732188331,0.04806044701010845,0.04806044701010845,0.07808531631512096,0.13099278621162586,0.07342244732188331
919,0.06865020367957857,0.043322714383667436,0.14773739750404652,0.043322714383667436,0.06865020367957857,0.043322714383667436,0.02241022771451365,0.02241022771451365
920,0.02360500023813912,0.11600202623590351,0.23766459404577472,0.02360500023813912,0.02360500023813912,0.11600202623590351,0.18966168389009572,0.02360500023813912
921,0.1665919151109218,0.04100290786942899,0.19540696993500956,0.04100290786942899,0.04043755176988124,0.04100290786942899,0.04043755176988124,0.04100290786942899
922,0.13444730959646517,0.027922295089160942,0.0675591447427804,0.027922295089160942,0.027922295089160942,0.027922295089160942,0.08557804677116937,0.0675591447427804
923,0.05411216115530171,0.05411216115530171,0.21506811740713333,0.029509521563964324,0.029509521563964324,0.09393727932549535,0.029509521563964324,0.09393727932549535
924,0.04632447753786251,0.051982484990997016,0.0865544527039576,0.0865544527039576,0.04632447753786251,0.051982484990997016,0.15554861094665925,0.051982484990997016
925,0.05571195670151124,0.037258999869059777,0.19923405836034913,0.05571195670151124,0.05571195670151124,0.037258999869059777,0.19091819048695186,0.037258999869059777
926,0.03235982770803036,0.03235982770803036,0.07646208033901096,0.07646208033901096,0.03235982770803036,0.09021806580344655,0.15552667781216797,0.09021806580344655
927,0.14858966598449033,0.034157541975645966,0.18338112460964087,0.034157541975645966,0.04891905714627788,0.034157541975645966,0.04891905714627788,0.034157541975645966
928,0.18237754842140416,0.05203270035029999,0.2288285240129654,0.05203270035029999,0.059477291682453234,0.05203270035029999,0.059477291682453234,0.05203270035029999
929,0.037581346751959635,0.03858791905921563,0.1285504571828014,0.037581346751959635,0.04960536753357452,0.03858791905921563,0.04960536753357452,0.03858791905921563
930,0.12330684379340469,0.04655467970190985,0.05607081604058725,0.05607081604058725,0.04828382460487444,0.04655467970190985,0.04828382460487444,0.04655467970190985
931,0.06241228669821896,0.04297406637440822,0.2609558126179073,0.06241228669821896,0.05944283961639424,0.04297406637440822,0.05944283961639424,0.04297406637440822
932,0.2077220640261785,0.06590861245829441,0.26042758256856624,0.026366200735180007,0.026366200735180007,0.06590861245829441,0.026366200735180007,0.06590861245829441
933,0.1623591766056635,0.04596174502314884,0.046957442732651254,0.062209401204626105,0.046957442732651254,0.04596174502314884,0.062209401204626105,0.04596174502314884
934,0.03318646027850331,0.032795483028065855,0.042916757933575286,0.03318646027850331,0.042916757933575286,0.032795483028065855,0.1654167030652371,0.032795483028065855
935,0.05668393744733002,0.03195460444168254,0.15697418902590707,0.05668393744733002,0.039614092311462595,0.03195460444168254,0.039614092311462595,0.03195460444168254
936,0.03432992706565036,0.02731296997285696,0.17076410173773293,0.03432992706565036,0.02731296997285696,0.02731296997285696,0.056988283851905464,0.056988283851905464
937,0.03790227428128436,0.0804563690480286,0.10487502607110899,0.03790227428128436,0.10487502607110899,0.0804563690480286,0.049212037264540515,0.049212037264540515
938,0.20780510073136038,0.09237141222779303,0.07061544470879229,0.029899323657172645,0.07061544470879229,0.09237141222779303,0.029899323657172645,0.029899323657172645
939,0.2537445185795636,0.023197510017199146,0.07375387614080169,0.023197510017199146,0.07375387614080169,0.023197510017199146,0.16342787767421163,0.023197510017199146
940,0.06024717557209817,0.08032220538854011,0.06761966056419252,0.06447782387570232,0.06761966056419252,0.08032220538854011,0.06447782387570232,0.06024717557209817
941,0.04509882895850787,0.055579879125397864,0.04330447379920133,0.04330447379920133,0.04330447379920133,0.055579879125397864,0.1521088707897469,0.04509882895850787
942,0.04030210914418078,0.05018717951165253,0.08943550089889626,0.08943550089889626,0.05018717951165253,0.05018717951165253,0.17855070886020888,0.04030210914418078
943,0.04920394339319704,0.08801167818206762,0.07265022659252032,0.036921316079787735,0.07265022659252032,0.08801167818206762,0.036921316079787735,0.04920394339319704
944,0.0690354414689175,0.03924347581783896,0.03615494248771667,0.0690354414689175,0.03615494248771667,0.03924347581783896,0.17454397688623938,0.03615494248771667
945,0.036312922381797924,0.10957092997408702,0.21563114773267908,0.05378136707420498,0.036312922381797924,0.10957092997408702,0.05378136707420498,0.036312922381797924
946,0.06895906212185253,0.09791728083380896,0.03378900734960235,0.06895906212185253,0.03378900734960235,0.09791728083380896,0.05288550967539023,0.05288550967539023
947,0.033221603168415687,0.10285223632486726,0.17757238548320003,0.033221603168415687,0.03150773306009764,0.10285223632486726,0.03150773306009764,0.03150773306009764
948,0.046516501526949604,0.07732620409714576,0.040956295787387464,0.040956295787387464,0.1101544588959943,0.07732620409714576,0.046516501526949604,0.040956295787387464
949,0.0606308071053432,0.09104109070237724,0.029542187352609574,0.029542187352609574,0.0606308071053432,0.09104109070237724,0.16082496733847326,0.029542187352609574
950,0.016180513758411202,0.0817039509978249,0.08494175433068368,0.016180513758411202,0.016180513758411202,0.0817039509978249,0.12773365044093327,0.08494175433068368
951,0.0404692921254522,0.031825097224941055,0.24809283083424177,0.0404692921254522,0.031825097224941055,0.031825097224941055,0.20094608107097728,0.031825097224941055
952,0.037468054229260306,0.11205841546355604,0.06552990667602734,0.037468054229260306,0.06552990667602734,0.11205841546355604,0.1026386833771746,0.037468054229260306
953,0.08969443587123731,0.025691971995774793,0.027872864358830542,0.08969443587123731,0.027872864358830542,0.025691971995774793,0.17022989045389997,0.027872864358830542
954,0.18908164255954132,0.040169295315435234,0.03763291842974865,0.040169295315435234,0.041981348332527556,0.040169295315435234,0.041981348332527556,0.03763291842974865
955,0.03922259544195762,0.043347914653219466,0.2336426817584647,0.03922259544195762,0.043347914653219466,0.043347914653219466,0.03640541040488497,0.03640541040488497
956,0.021066869882537344,0.06075773816141062,0.2190179049598116,0.021066869882537344,0.046935703431142256,0.06075773816141062,0.046935703431142256,0.021066869882537344
957,0.04788351618130022,0.022695237933897626,0.22205292696291296,0.04788351618130022,0.022695237933897626,0.022695237933897626,0.15127116758368167,0.022695237933897626
958,0.1415282211158243,0.046277597925778576,0.1463525141524233,0.046277597925778576,0.0375912132698985,0.046277597925778576,0.0375912132698985,0.0375912132698985
959,0.08199574444845735,0.1162051152561667,0.07490583374649702,0.07490583374649702,0.08199574444845735,0.1162051152561667,0.05511179176539612,0.05511179176539612
960,0.048834967135407845,0.07680404480258131,0.19139381886818987,0.048834967135407845,0.048834967135407845,0.07680404480258131,0.04592966206204071,0.04592966206204071
961,0.03682076549379932,0.09161005841424957,0.05599989536671074,0.03682076549379932,0.03682076549379932,0.09161005841424957,0.1253192474199784,0.05599989536671074
962,0.09176666043965788,0.021770628882446817,0.0707130967899491,0.021770628882446817,0.021770628882446817,0.15857479506472283,0.021770628882446817,0.0707130967899491
963,0.07219230440027935,0.07219230440027935,0.02382188620277061,0.02382188620277061,0.02382188620277061,0.07219230440027935,0.18371918784872301,0.02382188620277061
964,0.01833476762456389,0.09382455399759358,0.18549270474440088,0.01833476762456389,0.01833476762456389,0.09382455399759358,0.1479353410258768,0.01833476762456389
965,0.15863936738914056,0.06029153994954671,0.04863630731371244,0.04863630731371244,0.04863630731371244,0.06029153994954671,0.05426518214786904,0.05426518214786904
966,0.19319236276732654,0.0670449823856353,0.02934931901733716,0.02934931901733716,0.02934931901733716,0.0670449823856353,0.06334593130420714,0.06334593130420714
967,0.20262594829442565,0.06616387714988428,0.06535780059045299,0.06535780059045299,0.06616387714988428,0.06616387714988428,0.05528845377012231,0.05528845377012231
968,0.12476369332579453,0.04910666761722147,0.22212460113807575,0.026223507692685635,0.04910666761722147,0.04910666761722147,0.026223507692685635,0.026223507692685635
969,0.09001241472171917,0.03824610982887335,0.07215591220902502,0.07215591220902502,0.03824610982887335,0.03824610982887335,0.12522050319034433,0.03824610982887335
970,0.1373120476888043,0.09897504004045718,0.057718897842656255,0.022117632855689958,0.057718897842656255,0.09897504004045718,0.022117632855689958,0.022117632855689958
971,0.057875945167990626,0.05511485184044401,0.08585268578381028,0.13073034793616947,0.08585268578381028,0.05511485184044401,0.057875945167990626,0.05511485184044401
972,0.029162209466317097,0.046683998583675994,0.06132191126111691,0.029162209466317097,0.06132191126111691,0.046683998583675994,0.17376748176717138,0.046683998583675994
973,0.0838271452334572,0.026612213797751985,0.07226354282141875,0.0838271452334572,0.07226354282141875,0.026612213797751985,0.16364080640671352,0.026612213797751985
974,0.06473509183361173,0.08021881575338902,0.018563409878598988,0.018563409878598988,0.018563409878598988,0.08021881575338902,0.15181004085268146,0.06473509183361173
975,0.023961007937351363,0.023961007937351363,0.18892792629616456,0.046004368613685225,0.023961007937351363,0.26956782801409096,0.046004368613685225,0.023961007937351363
976,0.1424210501681183,0.08928048958454572,0.04184321405738877,0.04519853739788278,0.04184321405738877,0.08928048958454572,0.04519853739788278,0.04184321405738877
977,0.1606236747776132,0.05121353076014497,0.043023175057857216,0.043023175057857216,0.05121353076014497,0.05121353076014497,0.13549163069721037,0.043023175057857216
978,0.03655511016717829,0.03407217401344097,0.0818522163066654,0.03407217401344097,0.03407217401344097,0.03407217401344097,0.13383954275463236,0.0818522163066654
979,0.047144653084679716,0.11488456012336155,0.07988448510854687,0.047144653084679716,0.05259997856168786,0.11488456012336155,0.05259997856168786,0.07988448510854687
980,0.2526765037236766,0.06422659038718462,0.15887622135798624,0.06422659038718462,0.03094138862452657,0.06422659038718462,0.03094138862452657,0.03094138862452657
981,0.0719880625652334,0.06350109088707938,0.08095817233113517,0.04042240661421149,0.08095817233113517,0.06350109088707938,0.04042240661421149,0.0719880625652334
982,0.057792142314725875,0.043428729589169456,0.10153349023456834,0.043428729589169456,0.10153349023456834,0.043428729589169456,0.15978639199667802,0.057792142314725875
983,0.06574605271536985,0.092842242702749,0.026781557528000047,0.026781557528000047,0.026781557528000047,0.092842242702749,0.1541366374996526,0.06574605271536985
984,0.022160475390061326,0.11851411537727673,0.17546163065299458,0.06464583624938817,0.022160475390061326,0.11851411537727673,0.06464583624938817,0.022160475390061326
985,0.019735539529777565,0.07900164114042847,0.20186309878403058,0.019735539529777565,0.019735539529777565,0.07900164114042847,0.019735539529777565,0.08039192277787227
986,0.03096586983376179,0.10541400298146965,0.06301300522573744,0.06301300522573744,0.03096586983376179,0.10541400298146965,0.1984341578329102,0.03096586983376179
987,0.0644590947558385,0.030605128993457954,0.06584880846143691,0.06584880846143691,0.030605128993457954,0.030605128993457954,0.13548134834029424,0.0644590947558385
988,0.036610028000654396,0.09800050603710532,0.03061949767044989,0.03061949767044989,0.036610028000654396,0.09800050603710532,0.1452422821700252,0.036610028000654396
989,0.07068435811258793,0.02892794706503764,0.08445808701936365,0.08445808701936365,0.02892794706503764,0.02892794706503764,0.09809963474973572,0.07068435811258793
990,0.03293330023042708,0.11563066617726059,0.07616666920136794,0.05941492026787639,0.07616666920136794,0.11563066617726059,0.05941492026787639,0.03293330023042708
991,0.02933915389584693,0.04879977686861267,0.07814033985566955,0.04879977686861267,0.07814033985566955,0.04879977686861267,0.1642554790509841,0.02933915389584693
992,0.09397642794098626,0.05729007881462028,0.029192381419937505,0.029192381419937505,0.029192381419937505,0.05729007881462028,0.16317290249583943,0.05729007881462028
993,0.08245033103005299,0.01760729224524919,0.19715354723619144,0.01760729224524919,0.04985804382262691,0.01760729224524919,0.04985804382262691,0.01760729224524919
994,0.022649909223604395,0.08260372058985042,0.09609325373664346,0.022649909223604395,0.044623606024890135,0.08260372058985042,0.044623606024890135,0.022649909223604395
995,0.1403065410512635,0.12838302679568078,0.03180346660749671,0.03180346660749671,0.03180346660749671,0.12838302679568078,0.06330226614753631,0.06330226614753631
996,0.056836839152029466,0.10747536377366029,0.2328075729387445,0.014455750374573546,0.056836839152029466,0.10747536377366029,0.014455750374573546,0.014455750374573546
997,0.03636542802177992,0.030896773532230488,0.23698417382189665,0.03636542802177992,0.03636542802177992,0.030896773532230488,0.1365724612782273,0.030896773532230488
998,0.03804644298939758,0.03804644298939758,0.03718093220393617,0.03718093220393617,0.0646614105170011,0.0646614105170011,0.14222448582505892,0.03718093220393617
999,0.018286169524675946,0.03877685500672978,0.26707650054385157,0.018286169524675946,0.03877685500672978,0.03877685500672978,0.19312352237835756,0.018286169524675946
1000,0.11565612109983023,0.055748645731786464,0.06104577682643096,0.06104577682643096,0.032883724169210884,0.055748645731786464,0.032883724169210884,0.032883724169210884
1001,0.22095732233471965,0.08663754812256312,0.04444291057918331,0.05023701610629278,0.04444291057918331,0.08663754812256312,0.05023701610629278,0.04444291057918331
1002,0.17615374911094675,0.0233296481915487,0.1676112691136342,0.0233296481915487,0.07960292799820601,0.0233296481915487,0.07960292799820601,0.0233296481915487
1003,0.03660414842921042,0.03660414842921042,0.056752597693798534,0.056752597693798534,0.02292481287918315,0.03660414842921042,0.02292481287918315,0.02292481287918315
1004,0.036107942067543065,0.09833740452074011,0.23563178655543748,0.06757106966526118,0.036107942067543065,0.09833740452074011,0.06757106966526118,0.036107942067543065
1005,0.21735731300543723,0.05642469672856368,0.0669193360590011,0.049701229281245624,0.05642469672856368,0.05642469672856368,0.049701229281245624,0.0669193360590011
1006,0.12648300634976978,0.04678235512966035,0.04347171111826151,0.03949184857231661,0.04678235512966035,0.04678235512966035,0.03949184857231661,0.04347171111826151
1007,0.15527867286589866,0.06273544303705347,0.06680313610666663,0.06741031861656248,0.06273544303705347,0.06273544303705347,0.06741031861656248,0.06680313610666663
1008,0.18729244109406581,0.0419482352518177,0.043251485741775016,0.07005300552842832,0.0419482352518177,0.0419482352518177,0.07005300552842832,0.043251485741775016
1009,0.042143367884070075,0.06820137962584,0.03374269050491063,0.042143367884070075,0.042143367884070075,0.06820137962584,0.12127641743677767,0.03374269050491063
1010,0.2690988265668496,0.060531924061619675,0.0600589091329753,0.04865275643347121,0.060531924061619675,0.060531924061619675,0.04865275643347121,0.0600589091329753
1011,0.09577900372499322,0.05856643855503484,0.08045356048233208,0.05697767310534807,0.05856643855503484,0.05856643855503484,0.05697767310534807,0.08045356048233208
1012,0.16166405433644856,0.041262353369096325,0.05372390056609314,0.041262353369096325,0.041262353369096325,0.041262353369096325,0.17488398372946334,0.05372390056609314
1013,0.07909617526360603,0.08160971625097738,0.028275251698036564,0.028275251698036564,0.028275251698036564,0.08160971625097738,0.17355315362889984,0.028275251698036564
1014,0.06127048257006127,0.05678354533945989,0.08939860429704656,0.05678354533945989,0.06127048257006127,0.05678354533945989,0.16141817147971807,0.08939860429704656
1015,0.043288280044861155,0.11134039171829699,0.0763174154199293,0.043288280044861155,0.043288280044861155,0.11134039171829699,0.10372781944402958,0.0763174154199293
1016,0.17718204601140006,0.04602390927308223,0.17859243387470733,0.021606150094337556,0.021606150094337556,0.04602390927308223,0.021606150094337556,0.04602390927308223
1017,0.03166222644577426,0.08830412675249637,0.050824344027999444,0.03166222644577426,0.050824344027999444,0.08830412675249637,0.1587260838541661,0.03166222644577426
1018,0.05221603291526797,0.027464975750115587,0.04625220201575031,0.04625220201575031,0.04625220201575031,0.027464975750115587,0.05221603291526797,0.027464975750115587
1019,0.06088835797122702,0.108683562505695,0.07880136135046922,0.06088835797122702,0.07880136135046922,0.108683562505695,0.05379683167007629,0.05379683167007629
1020,0.0865729065947124,0.08173545164550375,0.06127005602934398,0.03940389155238373,0.06127005602934398,0.08173545164550375,0.03940389155238373,0.03940389155238373
1021,0.1571817104965663,0.05180372389980874,0.056129581629243155,0.05180372389980874,0.056129581629243155,0.05180372389980874,0.05374119857375721,0.05374119857375721
1022,0.1646033427520929,0.025728085347572864,0.06788703103168914,0.025728085347572864,0.06788703103168914,0.025728085347572864,0.05608442585296708,0.05608442585296708
1023,0.19508710588851377,0.04244116932824849,0.06017146523002503,0.04244116932824849,0.06017146523002503,0.04244116932824849,0.05612163001724321,0.05612163001724321
1024,0.14050124431812008,0.07481914147067711,0.045778517961197085,0.07481914147067711,0.045778517961197085,0.07481914147067711,0.05223762872859709,0.05223762872859709
1025,0.05896654248372354,0.03937691763426393,0.24792454472182077,0.03937691763426393,0.05896654248372354,0.03937691763426393,0.05118854978135314,0.05118854978135314
1026,0.03711262130923156,0.0893481082428027,0.08725564294029983,0.03144136803724802,0.03711262130923156,0.0893481082428027,0.03144136803724802,0.03144136803724802
1027,0.0485189305268617,0.04133613214223646,0.06494040406621972,0.06494040406621972,0.04133613214223646,0.04133613214223646,0.1793432732762395,0.0485189305268617
1028,0.031859668835241765,0.1276450159974494,0.2861062848649568,0.031859668835241765,0.055401943128516956,0.1276450159974494,0.055401943128516956,0.031859668835241765
1029,0.0649283462982005,0.09300548288177178,0.0649283462982005,0.024128201685438114,0.024128201685438114,0.09300548288177178,0.024128201685438114,0.024128201685438114
1030,0.24401572852946385,0.031148426211408585,0.26866350860076194,0.031148426211408585,0.031148426211408585,0.031148426211408585,0.18743231518409026,0.031148426211408585
1031,0.1507099552476209,0.07266131957415327,0.027218433822555288,0.059362192645578606,0.027218433822555288,0.07266131957415327,0.059362192645578606,0.027218433822555288
1032,0.0427912565939778,0.06065269700331334,0.07068150480806516,0.07068150480806516,0.06065269700331334,0.06065269700331334,0.12202663763700926,0.0427912565939778
1033,0.1599098482170391,0.026229107307344207,0.06140932816516576,0.026229107307344207,0.12045672302591025,0.12045672302591025,0.026229107307344207,0.06140932816516576
1034,0.06339184983763402,0.04408430324217534,0.25217220969031856,0.04825757839190402,0.04408430324217534,0.04408430324217534,0.04825757839190402,0.06339184983763402
1035,0.035424373355445835,0.04071827129499897,0.19609628344189942,0.04071827129499897,0.039632326731684805,0.04071827129499897,0.039632326731684805,0.035424373355445835
1036,0.09068227105241022,0.09849298765029275,0.030553081795404124,0.030553081795404124,0.030553081795404124,0.09849298765029275,0.017227236845575877,0.017227236845575877
1037,0.05033038344042554,0.07693662140673077,0.24163384995091103,0.05033038344042554,0.04261063167634232,0.07693662140673077,0.04261063167634232,0.07693662140673077
1038,0.24128542492163052,0.02093254485236144,0.11876784718179241,0.02093254485236144,0.02093254485236144,0.02093254485236144,0.15123584867520556,0.02093254485236144
1039,0.019760518155781136,0.05133406449815592,0.17186394665758725,0.05133406449815592,0.019760518155781136,0.05133406449815592,0.15618079003512503,0.019760518155781136
1040,0.1343545566421994,0.09135398781813685,0.029190050891366226,0.029190050891366226,0.04456102911466579,0.09135398781813685,0.04456102911466579,0.029190050891366226
1041,0.19280385392597751,0.03736738800113553,0.24265848220226172,0.03736738800113553,0.058730177469258675,0.03736738800113553,0.058730177469258675,0.03736738800113553
1042,0.15058211208695066,0.06478738526955244,0.07118419177384173,0.06478738526955244,0.06220118407157282,0.06478738526955244,0.06220118407157282,0.07118419177384173
1043,0.07724886096833086,0.1022767057139823,0.04424197921725588,0.07724886096833086,0.06247548766664197,0.1022767057139823,0.06247548766664197,0.04424197921725588
1044,0.22905489576901036,0.06982370457153189,0.06959012492470111,0.020066123483235318,0.020066123483235318,0.06982370457153189,0.020066123483235318,0.06959012492470111
1045,0.16528987553418906,0.047619983229526736,0.06699036358338505,0.047619983229526736,0.047619983229526736,0.047619983229526736,0.1626486208387434,0.06699036358338505
1046,0.13009720680574888,0.05973241784006644,0.05769889080328556,0.05519495873426303,0.05973241784006644,0.05973241784006644,0.05519495873426303,0.05769889080328556
1047,0.05310292911320786,0.06519227205607629,0.06845566879020432,0.05310292911320786,0.06519227205607629,0.06519227205607629,0.18126206521983174,0.06845566879020432
1048,0.06001266777258945,0.04503726241186064,0.04671934739161096,0.06001266777258945,0.04503726241186064,0.04503726241186064,0.22362778279699128,0.04671934739161096
1049,0.13276267751649,0.04906868547104143,0.09353203943840853,0.04906868547104143,0.048576543474896546,0.04906868547104143,0.048576543474896546,0.09353203943840853
1050,0.06953466605379378,0.03271019611491654,0.03271019611491654,0.06953466605379378,0.04522624117541173,0.23226418942694083,0.04522624117541173,0.03271019611491654
1051,0.05998513776933779,0.06780879755429073,0.10046831471703986,0.04022239640225179,0.05998513776933779,0.06780879755429073,0.04022239640225179,0.10046831471703986
1052,0.07656048957286755,0.04431700377382014,0.08887741249314497,0.04431700377382014,0.07656048957286755,0.04431700377382014,0.15498403784004658,0.08887741249314497
1053,0.0649487550419904,0.04616841519363052,0.09378743320899448,0.04616841519363052,0.0649487550419904,0.04616841519363052,0.15825805593055708,0.09378743320899448
1054,0.016734320835102987,0.08863971933743545,0.06776953769238185,0.016734320835102987,0.016734320835102987,0.08863971933743545,0.1712213643754897,0.06776953769238185
1055,0.11175294449969106,0.028756300889032065,0.06233272417398789,0.028756300889032065,0.028756300889032065,0.028756300889032065,0.13727015083756403,0.06233272417398789
1056,0.17400867730462674,0.05282410637930223,0.07391419080338384,0.05282410637930223,0.05259219769155944,0.05282410637930223,0.05259219769155944,0.07391419080338384
1057,0.1999477609662325,0.038885463224279805,0.07615496086736079,0.038885463224279805,0.060490010942744865,0.038885463224279805,0.060490010942744865,0.07615496086736079
1058,0.08817763958538478,0.0857664625796042,0.05851088154511691,0.08817763958538478,0.0451276503860387,0.0857664625796042,0.0451276503860387,0.05851088154511691
1059,0.05396953493878881,0.03489934296014451,0.06509420878196846,0.03489934296014451,0.05396953493878881,0.03489934296014451,0.13155413033968008,0.06509420878196846
1060,0.04061550541776638,0.1012336990493883,0.07857986871045043,0.04061550541776638,0.04061550541776638,0.1012336990493883,0.12200125785404542,0.07857986871045043
1061,0.04768077631204675,0.03971968616776689,0.06901106551557233,0.04768077631204675,0.03971968616776689,0.03971968616776689,0.17834215007672263,0.06901106551557233
1062,0.0,0.10615645377928458,0.040665295247956736,0.04001746282732896,0.040665295247956736,0.10615645377928458,0.04001746282732896,0.040665295247956736
1063,0.14332664597210396,0.04833668069412749,0.07049526952089345,0.04833668069412749,0.04147833914346411,0.04833668069412749,0.04147833914346411,0.07049526952089345
1064,0.18024606346209612,0.037559830308587484,0.061897029592698584,0.037559830308587484,0.037559830308587484,0.037559830308587484,0.15903156242943078,0.061897029592698584
1065,0.04089043493058343,0.10267341242974763,0.0740222685520306,0.04089043493058343,0.04089043493058343,0.10267341242974763,0.1402343868082781,0.0740222685520306
1066,0.20512276351729217,0.07557293674506843,0.05311178038851513,0.05311178038851513,0.04617357243663292,0.07557293674506843,0.04617357243663292,0.05311178038851513
1067,0.1243777294209937,0.021132293176565647,0.07718286488627267,0.021132293176565647,0.05561545849994826,0.021132293176565647,0.05561545849994826,0.07718286488627267
1068,0.06191895863400816,0.126445095156903,0.07036986337531871,0.06191895863400816,0.04553183541978864,0.126445095156903,0.04553183541978864,0.07036986337531871
1069,0.08734952944661968,0.05043048583039072,0.03738234817993021,0.05043048583039072,0.03738234817993021,0.05043048583039072,0.1693198572624398,0.03738234817993021
1070,0.036082002705310645,0.0549391181205529,0.03212568243960259,0.036082002705310645,0.0549391181205529,0.0549391181205529,0.1480864214031193,0.03212568243960259
1071,0.134473551249019,0.029116509820752527,0.06761446264932056,0.029116509820752527,0.029116509820752527,0.029116509820752527,0.14974821545409517,0.06761446264932056
1072,0.027906476555781295,0.11691364160424023,0.07519976058043171,0.027906476555781295,0.027906476555781295,0.11691364160424023,0.15947238824220553,0.07519976058043171
1073,0.2230712052391319,0.05103749411121222,0.060733054789288525,0.05103749411121222,0.05103749411121222,0.05103749411121222,0.1859885257578671,0.060733054789288525
1074,0.1637467440225747,0.021990971756688828,0.06495674461167794,0.021990971756688828,0.021990971756688828,0.021990971756688828,0.10571320612453483,0.06495674461167794
1075,0.0488403730049736,0.08993612577004081,0.02068825737679021,0.0488403730049736,0.02068825737679021,0.08993612577004081,0.1841869156227887,0.02068825737679021
1076,0.0488623688887382,0.07498733149969042,0.0916889219292295,0.0377866238832552,0.0488623688887382,0.07498733149969042,0.0377866238832552,0.0916889219292295
1077,0.02587696484056615,0.02587696484056615,0.05624934911681678,0.02587696484056615,0.02587696484056615,0.18094735350870186,0.1910794656943176,0.05624934911681678
1078,0.17669619670773015,0.1083528138173303,0.036211007978832366,0.059101851235311795,0.036211007978832366,0.1083528138173303,0.059101851235311795,0.036211007978832366
1079,0.061248560994609146,0.09569789808345044,0.02741214655311053,0.02741214655311053,0.061248560994609146,0.09569789808345044,0.12318450307773228,0.02741214655311053
1080,0.04325538199161673,0.06116141386217288,0.055311159750722594,0.06116141386217288,0.04325538199161673,0.06116141386217288,0.1674146878485612,0.055311159750722594
1081,0.036293632334971404,0.07890937983313519,0.05997823524066297,0.07890937983313519,0.036293632334971404,0.07890937983313519,0.18462599825681072,0.05997823524066297
1082,0.1687129907911963,0.09603010522432602,0.012925097352032754,0.012925097352032754,0.012925097352032754,0.09603010522432602,0.1673862562433256,0.012925097352032754
1083,0.040536788116650846,0.09089280757080911,0.051936648681886556,0.051936648681886556,0.040536788116650846,0.09089280757080911,0.12587018381181894,0.051936648681886556
1084,0.05095428374901516,0.04901150518685211,0.03671286829577547,0.04901150518685211,0.05095428374901516,0.04901150518685211,0.10594965383985562,0.03671286829577547
1085,0.03400334042597372,0.10651899523040338,0.05496488031103499,0.03400334042597372,0.03400334042597372,0.10651899523040338,0.16753240134833963,0.05496488031103499
1086,0.12898333843297888,0.024278774378881804,0.05241105482813397,0.05241105482813397,0.024278774378881804,0.28455285820428133,0.024278774378881804,0.05241105482813397
1087,0.1745855392904573,0.07888434083594428,0.035022791037243664,0.0681147838735311,0.035022791037243664,0.07888434083594428,0.0681147838735311,0.035022791037243664
1088,0.03874001151303941,0.05290625656519377,0.07433117464734741,0.04877016363910431,0.03874001151303941,0.05290625656519377,0.04877016363910431,0.07433117464734741
1089,0.04740994402930348,0.08933695378522477,0.06395660627483221,0.057036100480439146,0.04740994402930348,0.08933695378522477,0.057036100480439146,0.06395660627483221
1090,0.05393084324738313,0.09107669136174892,0.047956769175932716,0.056688890714422034,0.05393084324738313,0.09107669136174892,0.056688890714422034,0.047956769175932716
1091,0.029350211301897355,0.04195407026518993,0.08933649544935149,0.029350211301897355,0.029350211301897355,0.04195407026518993,0.1604105745051594,0.08933649544935149
1092,0.15436590874726305,0.08314559356295892,0.042504777961172975,0.042504777961172975,0.04370747423641849,0.08314559356295892,0.04370747423641849,0.042504777961172975
1093,0.13533983117246137,0.1186163731542966,0.04463225758940117,0.03557143153892488,0.03557143153892488,0.1186163731542966,0.03557143153892488,0.04463225758940117
1094,0.16513788747687705,0.08399986249200128,0.03157327429045527,0.03157327429045527,0.03157327429045527,0.08399986249200128,0.17709639244967026,0.03157327429045527
1095,0.07288806587138345,0.08375229668653936,0.09614879512927096,0.07288806587138345,0.08375229668653936,0.08375229668653936,0.17769756431284228,0.09614879512927096
1096,0.17080699102030183,0.07905499824836804,0.09189308045689192,0.05784675162148313,0.07905499824836804,0.07905499824836804,0.05784675162148313,0.09189308045689192
1097,0.15801593816981563,0.05266616940027946,0.0667848082399176,0.04253678836126718,0.05266616940027946,0.05266616940027946,0.04253678836126718,0.0667848082399176
1098,0.19657516772135256,0.05020586933088282,0.042859587158141886,0.042859587158141886,0.05020586933088282,0.05020586933088282,0.11617432731428601,0.042859587158141886
1099,0.2505566063753473,0.058951055836464664,0.07443845325995577,0.06245380962765169,0.058951055836464664,0.058951055836464664,0.06245380962765169,0.07443845325995577
1100,0.19426682556363736,0.03183078200699032,0.0665409188585122,0.06343849661282498,0.03183078200699032,0.03183078200699032,0.06343849661282498,0.0665409188585122
1101,0.07128909955775017,0.03752090862882803,0.03752090862882803,0.0767622306555557,0.07128909955775017,0.0767622306555557,0.12988245814214258,0.03752090862882803
1102,0.029422170994685585,0.03126562880126379,0.05510032855225044,0.03126562880126379,0.029422170994685585,0.1209699548801089,0.03126562880126379,0.05510032855225044
1103,0.18740899057666824,0.016371326722518693,0.016371326722518693,0.0685983455760353,0.016371326722518693,0.2361313633951674,0.0685983455760353,0.016371326722518693
1104,0.03590817976779161,0.07344292172690967,0.08070375911619988,0.07344292172690967,0.03590817976779161,0.07344292172690967,0.15351976896018713,0.08070375911619988
1105,0.18366198968065325,0.03603986434510006,0.08787189866196299,0.06589161749920183,0.03603986434510006,0.03603986434510006,0.06589161749920183,0.08787189866196299
1106,0.1259612971127469,0.10373676465939898,0.043211352092255774,0.05278910897338745,0.043211352092255774,0.10373676465939898,0.05278910897338745,0.043211352092255774
1107,0.3484053865637184,0.08187564465730558,0.028870436476947405,0.04235542097375219,0.028870436476947405,0.08187564465730558,0.04235542097375219,0.028870436476947405
1108,0.12708737234239342,0.05447829938321018,0.039432566364973394,0.039432566364973394,0.05447829938321018,0.05447829938321018,0.18307816579419856,0.039432566364973394
1109,0.03154548960859397,0.04757381037266359,0.04748062838966518,0.03154548960859397,0.04757381037266359,0.04757381037266359,0.16467741535612337,0.04748062838966518
1110,0.051732348686813825,0.06031075629305108,0.09429753748569666,0.051732348686813825,0.06031075629305108,0.06031075629305108,0.17830713082113006,0.09429753748569666
1111,0.19488340330707027,0.028459284112831103,0.061129899928704316,0.028459284112831103,0.1030539486364034,0.1030539486364034,0.028459284112831103,0.061129899928704316
1112,0.06600124862412284,0.06330692948810356,0.06274431614284033,0.06600124862412284,0.06330692948810356,0.06330692948810356,0.11655534590970777,0.06274431614284033
1113,0.20059216978324726,0.056434388589046376,0.05067485183574855,0.0452949687221991,0.056434388589046376,0.056434388589046376,0.0452949687221991,0.05067485183574855
1114,0.0585409520088257,0.05523121194825336,0.06816087475355925,0.0585409520088257,0.05523121194825336,0.05523121194825336,0.22920084190687512,0.06816087475355925
1115,0.1322104362282284,0.056504489835932904,0.020820891339549775,0.020820891339549775,0.0941544857042277,0.0941544857042277,0.056504489835932904,0.020820891339549775
1116,0.09773743011603826,0.05795301135919104,0.024393959990137316,0.024393959990137316,0.05795301135919104,0.05795301135919104,0.09573762544985931,0.024393959990137316
1117,0.16988057682718932,0.046758486316969904,0.07286977708444682,0.046758486316969904,0.046758486316969904,0.046758486316969904,0.18483464366377744,0.07286977708444682
1118,0.110803971310955,0.07900169689438537,0.026905451582560448,0.039476215425554746,0.026905451582560448,0.07900169689438537,0.039476215425554746,0.026905451582560448
1119,0.019519519176402135,0.019519519176402135,0.05507934898269676,0.019519519176402135,0.036284705981057964,0.23264710619903836,0.036284705981057964,0.05507934898269676
1120,0.031643892810689835,0.13914457430637225,0.06633808994321547,0.031643892810689835,0.031643892810689835,0.13914457430637225,0.10838485446326829,0.06633808994321547
1121,0.21258393691492775,0.07109974354805387,0.04263526583888034,0.07109974354805387,0.04868646935804622,0.07109974354805387,0.04868646935804622,0.04263526583888034
1122,0.06840028572909944,0.08691000570250776,0.034231735470747114,0.06840028572909944,0.034231735470747114,0.08691000570250776,0.18941056575993495,0.034231735470747114
1123,0.04820865183695821,0.11778791131988539,0.07375500287814343,0.04820865183695821,0.05404621283428669,0.11778791131988539,0.05404621283428669,0.07375500287814343
1124,0.13245766945311097,0.11244067677037536,0.03928904883231831,0.03928904883231831,0.04611507351910138,0.11244067677037536,0.04611507351910138,0.03928904883231831
1125,0.15405077440823076,0.06017552857974429,0.01793599029666863,0.06017552857974429,0.01793599029666863,0.06017552857974429,0.16896385996693675,0.01793599029666863
1126,0.13665527961842883,0.03226669626328674,0.03226669626328674,0.024756813561303003,0.024756813561303003,0.3825038401087314,0.024756813561303003,0.03226669626328674
1127,0.06054095872624143,0.06054095872624143,0.02398901423649131,0.02398901423649131,0.02398901423649131,0.06054095872624143,0.1520649243630783,0.02398901423649131
1128,0.33891023710110624,0.03083423043655023,0.02041730195110993,0.02041730195110993,0.03083423043655023,0.03083423043655023,0.12827652713269433,0.02041730195110993
1129,0.12790062696769042,0.1071523177007876,0.023767605650666126,0.021133864673702735,0.021133864673702735,0.1071523177007876,0.021133864673702735,0.023767605650666126
1130,0.06376641943208865,0.09100835213355869,0.02592606944963004,0.06376641943208865,0.02592606944963004,0.09100835213355869,0.1245351167088757,0.02592606944963004
1131,0.039357375328462084,0.11394431065319517,0.028821723402554837,0.028821723402554837,0.039357375328462084,0.11394431065319517,0.07654613188251391,0.028821723402554837
1132,0.05093139143449154,0.05793987082416205,0.04993715446925124,0.05793987082416205,0.05093139143449154,0.05793987082416205,0.15900524161958712,0.04993715446925124
1133,0.03945208192976951,0.11430620207069973,0.07699683389960528,0.03945208192976951,0.03945208192976951,0.11430620207069973,0.15781917097840803,0.07699683389960528
1134,0.018833239969706417,0.12231324120502633,0.06717860361320778,0.018833239969706417,0.018833239969706417,0.12231324120502633,0.11305235319361823,0.06717860361320778
1135,0.08844508507021981,0.061651087469952175,0.0732260079356041,0.061651087469952175,0.06292544920744753,0.061651087469952175,0.06292544920744753,0.0732260079356041
1136,0.05323519679031911,0.1002133966391406,0.05842497548550116,0.05323519679031911,0.04145665877364132,0.1002133966391406,0.04145665877364132,0.05842497548550116
1137,0.15872543278316043,0.08706566503789259,0.0767125480171955,0.03008299217047453,0.03008299217047453,0.08706566503789259,0.03008299217047453,0.0767125480171955
1138,0.1698763692886362,0.05591363311015035,0.048380929761769546,0.048380929761769546,0.05591363311015035,0.05591363311015035,0.1609118278331765,0.048380929761769546
1139,0.11127531587313991,0.06705608061078447,0.027387270354529005,0.027387270354529005,0.06705608061078447,0.06705608061078447,0.11471390018229989,0.027387270354529005
1140,0.1353979618687942,0.03006101860481575,0.05486644734695211,0.03006101860481575,0.03006101860481575,0.03006101860481575,0.08290464914576556,0.05486644734695211
1141,0.22042911574832025,0.12395839271953525,0.04234541661149604,0.025338129167520082,0.025338129167520082,0.12395839271953525,0.025338129167520082,0.04234541661149604
1142,0.06112078694420364,0.05177406394951466,0.03614801213240286,0.043402147690420154,0.06112078694420364,0.05177406394951466,0.043402147690420154,0.03614801213240286
1143,0.049449106454737955,0.01790357586316885,0.01790357586316885,0.0596341194606217,0.049449106454737955,0.11592091465398144,0.0596341194606217,0.01790357586316885
1144,0.023281629349324682,0.10125528030622136,0.049085134367255714,0.023281629349324682,0.023281629349324682,0.10125528030622136,0.17741620830051305,0.049085134367255714
1145,0.05044588293184391,0.059324638658321084,0.06132138178433426,0.05044588293184391,0.059324638658321084,0.059324638658321084,0.18168800338940047,0.06132138178433426
1146,0.13186565191486213,0.03967043611132021,0.04236115452299646,0.03967043611132021,0.03967043611132021,0.03967043611132021,0.14853976552266518,0.04236115452299646
1147,0.13019454362813399,0.04463837154838966,0.07869153542549413,0.04463837154838966,0.060002997132279495,0.04463837154838966,0.060002997132279495,0.07869153542549413
1148,0.0634749141963209,0.09778664801357916,0.07575308702110331,0.0634749141963209,0.0598000840369386,0.09778664801357916,0.0598000840369386,0.07575308702110331
1149,0.24230211031855445,0.0998297094958856,0.04547949756364275,0.02630315136829239,0.02630315136829239,0.0998297094958856,0.02630315136829239,0.04547949756364275
1150,0.1752225192479253,0.12617799128608465,0.03781959464846279,0.060683048538636424,0.03781959464846279,0.12617799128608465,0.060683048538636424,0.03781959464846279
1151,0.021574304136261414,0.0902479773306657,0.05752565354303531,0.021574304136261414,0.021574304136261414,0.0902479773306657,0.14814945019327425,0.05752565354303531
1152,0.04225029646946751,0.06382414929866344,0.048625927344833564,0.04225029646946751,0.06382414929866344,0.06382414929866344,0.14932898936041342,0.048625927344833564
1153,0.1547022334282618,0.045356844369055786,0.04121410401979767,0.06013009371472112,0.045356844369055786,0.045356844369055786,0.06013009371472112,0.04121410401979767
1154,0.10552894315123877,0.028230057129967043,0.0698990597139321,0.028230057129967043,0.028230057129967043,0.028230057129967043,0.14359086355187026,0.0698990597139321
1155,0.05188471319539698,0.1230400566807345,0.0304266130558366,0.0304266130558366,0.05188471319539698,0.1230400566807345,0.11401314334125796,0.0304266130558366
1156,0.05571939193586093,0.1359355742192937,0.0673157178680644,0.0860190097032087,0.05571939193586093,0.1359355742192937,0.0860190097032087,0.0673157178680644
1157,0.038191530210854245,0.0920025687769323,0.040542447209459834,0.04727181381160117,0.038191530210854245,0.0920025687769323,0.04727181381160117,0.040542447209459834
1158,0.14582559312717744,0.061057240932683686,0.03221025499617432,0.061057240932683686,0.03221025499617432,0.061057240932683686,0.10125007567399479,0.03221025499617432
1159,0.03981332904045245,0.07806168383850565,0.053670259754660055,0.06322393963598084,0.03981332904045245,0.07806168383850565,0.06322393963598084,0.053670259754660055
1160,0.17142960352391057,0.050119607013316476,0.05104435672519984,0.050119607013316476,0.04689354456307713,0.050119607013316476,0.04689354456307713,0.05104435672519984
1161,0.11861603988692855,0.07138490078960517,0.035774979748949096,0.07138490078960517,0.048186217519235804,0.07138490078960517,0.048186217519235804,0.035774979748949096
1162,0.13622844310169843,0.057205660639647236,0.07043849519445801,0.057205660639647236,0.06039247698492136,0.057205660639647236,0.06039247698492136,0.07043849519445801
1163,0.05053416879395873,0.07360384583551392,0.03958449811868484,0.05053416879395873,0.06597487956214942,0.07360384583551392,0.06597487956214942,0.03958449811868484
1164,0.02620951026062307,0.08684711612070498,0.05078483253215303,0.15440272112938072,0.02620951026062307,0.08684711612070498,0.02620951026062307,0.05078483253215303
1165,0.06294044620763267,0.09998688099433457,0.05585034461249754,0.045567729638294065,0.06294044620763267,0.09998688099433457,0.045567729638294065,0.05585034461249754
1166,0.02484934911568644,0.1448133748727048,0.04766619155549972,0.02484934911568644,0.02484934911568644,0.1448133748727048,0.1272019380296961,0.04766619155549972
1167,0.05650233991923646,0.11661326432602888,0.0589087561792401,0.05650233991923646,0.05412586614131259,0.11661326432602888,0.05412586614131259,0.0589087561792401
1168,0.12456152432260972,0.11728318942566168,0.03349791322522039,0.03349791322522039,0.057192915171720454,0.11728318942566168,0.057192915171720454,0.03349791322522039
1169,0.22677647281278307,0.09606968351357649,0.05345706357763166,0.026829315601625117,0.026829315601625117,0.09606968351357649,0.026829315601625117,0.05345706357763166
1170,0.057471579726753715,0.04929680355100579,0.05261332132880842,0.057471579726753715,0.04929680355100579,0.04929680355100579,0.12435576675534381,0.05261332132880842
1171,0.15088485162653306,0.04569049883481914,0.060348433618301084,0.04569049883481914,0.04569049883481914,0.04569049883481914,0.18862342577735203,0.060348433618301084
1172,0.1476732306218126,0.0684287947801211,0.078041345384313,0.04622210205073748,0.0684287947801211,0.0684287947801211,0.04622210205073748,0.078041345384313
1173,0.1802947607895576,0.038908136049832384,0.04322298435361222,0.04322298435361222,0.038908136049832384,0.038908136049832384,0.1674154565013659,0.04322298435361222
1174,0.153496772819073,0.07687362497013411,0.03510144090032319,0.03510144090032319,0.04932191942925156,0.07687362497013411,0.04932191942925156,0.03510144090032319
1175,0.05302247561125581,0.13232828636724467,0.07424920014311279,0.05302247561125581,0.05212133773661149,0.13232828636724467,0.05212133773661149,0.07424920014311279
1176,0.06102882047666726,0.10744443912049381,0.07543265718697167,0.06102882047666726,0.03778419840717197,0.10744443912049381,0.03778419840717197,0.07543265718697167
1177,0.11885724268200562,0.08080064556891899,0.025631976391324703,0.04389156000840033,0.025631976391324703,0.08080064556891899,0.04389156000840033,0.025631976391324703
1178,0.031027050071273234,0.04755582139996028,0.05325978855565289,0.031027050071273234,0.04755582139996028,0.04755582139996028,0.15416686176273828,0.05325978855565289
1179,0.1413883084551573,0.051950792802539725,0.06979334546099299,0.04965602225768101,0.051950792802539725,0.051950792802539725,0.04965602225768101,0.06979334546099299
1180,0.1364771410434609,0.05260697348986378,0.048922503467877215,0.040906777380971766,0.05260697348986378,0.05260697348986378,0.040906777380971766,0.048922503467877215
1181,0.13992918905612012,0.05055790888015515,0.04899369215219689,0.038476887352791075,0.05055790888015515,0.05055790888015515,0.038476887352791075,0.04899369215219689
1182,0.05162001976823103,0.0593470197764238,0.05022180080973606,0.05162001976823103,0.0593470197764238,0.0593470197764238,0.12005905446266181,0.05022180080973606
1183,0.0812291539365956,0.040111039455286046,0.0783492303582463,0.0812291539365956,0.040111039455286046,0.040111039455286046,0.14322928466384205,0.0783492303582463
1184,0.24620105943902537,0.10775645660504302,0.026193164939008303,0.026193164939008303,0.04306059911981451,0.10775645660504302,0.04306059911981451,0.026193164939008303
1185,0.09512241410909768,0.046175955307552696,0.04122574653690793,0.04122574653690793,0.046175955307552696,0.046175955307552696,0.10905833692182451,0.04122574653690793
1186,0.03678500246213512,0.08209257333246897,0.02334230246708345,0.02334230246708345,0.03678500246213512,0.08209257333246897,0.1337005452148378,0.02334230246708345
1187,0.1532442512355661,0.06312606216379872,0.02918653500319463,0.02918653500319463,0.06312606216379872,0.06312606216379872,0.15740705701258273,0.02918653500319463
1188,0.16278682531677743,0.045956523893860304,0.05656882130132365,0.045956523893860304,0.045956523893860304,0.045956523893860304,0.15030789987067217,0.05656882130132365
1189,0.044573166443060114,0.12330030123709483,0.0811808080418123,0.044573166443060114,0.056301376486705204,0.12330030123709483,0.056301376486705204,0.0811808080418123
1190,0.16206580672504803,0.10913672552910128,0.03380506788252608,0.03380506788252608,0.04257667379151121,0.10913672552910128,0.04257667379151121,0.03380506788252608
1191,0.13883655991859536,0.11428895320713559,0.009044849770202654,0.009044849770202654,0.009044849770202654,0.11428895320713559,0.11878024774949962,0.009044849770202654
1192,0.0723265884983889,0.03361560266863492,0.03361560266863492,0.0723265884983889,0.05886972474505193,0.3752107824241934,0.05886972474505193,0.03361560266863492
1193,0.15713695517098095,0.07481505036939116,0.014919641344417452,0.014919641344417452,0.060722162904577485,0.07481505036939116,0.060722162904577485,0.014919641344417452
1194,0.09249587011531653,0.10709261326666039,0.03716733482954195,0.03716733482954195,0.03997283206833509,0.10709261326666039,0.03997283206833509,0.03716733482954195
1195,0.04042001561132242,0.0702085761800257,0.04042001561132242,0.04353420007541587,0.04353420007541587,0.0702085761800257,0.1642000385137425,0.04042001561132242
1196,0.04140970404728562,0.08764735007577815,0.05443153671986901,0.04140970404728562,0.05702613162489729,0.08764735007577815,0.05702613162489729,0.05443153671986901
1197,0.18769669944257028,0.03808784729484563,0.07348688919759698,0.03808784729484563,0.04967852401781776,0.03808784729484563,0.04967852401781776,0.07348688919759698
1198,0.06850294559872652,0.10590638420577368,0.04154447657546429,0.06850294559872652,0.04737819630324187,0.10590638420577368,0.04737819630324187,0.04154447657546429
1199,0.053341535915827555,0.11743636924603518,0.0812614909291186,0.053341535915827555,0.05369690237439331,0.11743636924603518,0.05369690237439331,0.0812614909291186
1200,0.12699420478377552,0.098621215544556,0.08217011022336473,0.025739302036214863,0.025739302036214863,0.098621215544556,0.025739302036214863,0.08217011022336473
1201,0.12643694999866556,0.029386815124204387,0.03429265903412091,0.03429265903412091,0.029386815124204387,0.029386815124204387,0.1628430342702211,0.03429265903412091
1202,0.03631220771301464,0.0520176493135956,0.05741917567746902,0.0520176493135956,0.03631220771301464,0.0520176493135956,0.16356793021801988,0.05741917567746902
1203,0.11029505023652024,0.09978324805991401,0.062150912980386434,0.02007987559548947,0.02007987559548947,0.09978324805991401,0.02007987559548947,0.062150912980386434
1204,0.07385375894951576,0.13046764823511747,0.038678923562314296,0.038678923562314296,0.07385375894951576,0.13046764823511747,0.14032236443297352,0.038678923562314296
1205,0.03871006529099023,0.06752326264971392,0.06650355697446393,0.03871006529099023,0.03871006529099023,0.06752326264971392,0.208580441719895,0.06650355697446393
1206,0.18475648593136368,0.05395911208254597,0.04538628159147372,0.04538628159147372,0.05395911208254597,0.05395911208254597,0.17324345151788492,0.04538628159147372
1207,0.0698690488179791,0.03516307819063004,0.04738349778796296,0.03516307819063004,0.03516307819063004,0.03516307819063004,0.13115655385827535,0.04738349778796296
1208,0.12357853327721303,0.05454910187189196,0.037586110307577025,0.05454910187189196,0.037586110307577025,0.05454910187189196,0.17646876703938394,0.037586110307577025
1209,0.03716399892157412,0.11085944154958782,0.03656286253998135,0.03656286253998135,0.03716399892157412,0.11085944154958782,0.18167047609230064,0.03656286253998135
1210,0.03880667701567858,0.062054606803547456,0.062360209683583495,0.03880667701567858,0.062054606803547456,0.062054606803547456,0.20284095824817902,0.062360209683583495
1211,0.15873361936882954,0.017350881731187647,0.017350881731187647,0.017350881731187647,0.12301007365843433,0.12301007365843433,0.09792015766530375,0.017350881731187647
1212,0.18789807136901224,0.027980861300691648,0.04120174863259377,0.027980861300691648,0.027980861300691648,0.027980861300691648,0.12393881877677192,0.04120174863259377
1213,0.1270803431115073,0.05412520322873634,0.05571830072622699,0.05412520322873634,0.06291433566577957,0.05412520322873634,0.06291433566577957,0.05571830072622699
1214,0.12144373795614341,0.0935019800005264,0.07285190735669561,0.03275733585621803,0.03275733585621803,0.0935019800005264,0.03275733585621803,0.07285190735669561
1215,0.1614771635635618,0.04795685887746841,0.03587359628133479,0.04795685887746841,0.03587359628133479,0.04795685887746841,0.161625151141847,0.03587359628133479
1216,0.10631738886996549,0.04414071995594135,0.03765984485946206,0.03765984485946206,0.04414071995594135,0.04414071995594135,0.15692172427327675,0.03765984485946206
1217,0.13192009586678333,0.1073181478513714,0.017657658318714103,0.017657658318714103,0.017657658318714103,0.1073181478513714,0.21040525119546732,0.017657658318714103
1218,0.02074799494922213,0.08730460669308568,0.059031049660674656,0.02074799494922213,0.02074799494922213,0.08730460669308568,0.1583108563426104,0.059031049660674656
1219,0.17329392087490667,0.028319286449190642,0.04960775762948666,0.028319286449190642,0.03561792868647976,0.028319286449190642,0.03561792868647976,0.04960775762948666
1220,0.07164965603588369,0.12751076507934914,0.021084422064294343,0.07164965603588369,0.021084422064294343,0.12751076507934914,0.17575667989071075,0.021084422064294343
1221,0.14064196425144815,0.13250296316442944,0.06781414244375125,0.02417921735711523,0.02417921735711523,0.13250296316442944,0.02417921735711523,0.06781414244375125
1222,0.05172658861000864,0.07139229749793495,0.0373526397260533,0.0373526397260533,0.05172658861000864,0.07139229749793495,0.1960951453168036,0.0373526397260533
1223,0.05246917102960397,0.11596276120837849,0.040459706401266914,0.03797711752805701,0.05246917102960397,0.11596276120837849,0.03797711752805701,0.040459706401266914
1224,0.02428020368710013,0.15016214500712557,0.07019077140113417,0.02428020368710013,0.02428020368710013,0.15016214500712557,0.1797745390941599,0.07019077140113417
1225,0.17731703223077963,0.05628158673955876,0.03574478334448828,0.07953792435835,0.03574478334448828,0.05628158673955876,0.07953792435835,0.03574478334448828
1226,0.23207888161033716,0.05422488407552317,0.04613880044343654,0.05422488407552317,0.05363404712580912,0.05422488407552317,0.05363404712580912,0.04613880044343654
1227,0.20783620057160598,0.06395518226491588,0.0841474254330082,0.06395518226491588,0.039425727196486085,0.06395518226491588,0.039425727196486085,0.0841474254330082
1228,0.0495886094303123,0.03284660511789745,0.06343393558239767,0.03284660511789745,0.03284660511789745,0.03284660511789745,0.0495886094303123,0.06343393558239767
1229,0.05222995826574205,0.11046464204833756,0.031860341621819395,0.031860341621819395,0.05222995826574205,0.11046464204833756,0.13416841744392274,0.031860341621819395
1230,0.043422256149062304,0.09410000775957936,0.04915453181378106,0.08034421303078891,0.043422256149062304,0.09410000775957936,0.08034421303078891,0.04915453181378106
1231,0.07822612576957208,0.12120118368068544,0.03699514028624827,0.03699514028624827,0.07822612576957208,0.12120118368068544,0.17953711002545225,0.03699514028624827
1232,0.06068712068486876,0.09192481624320228,0.02740454486679175,0.02740454486679175,0.06068712068486876,0.09192481624320228,0.10794342853102028,0.02740454486679175
1233,0.08807638867356274,0.08637082457813322,0.05358449067402039,0.06522689213052461,0.08807638867356274,0.08637082457813322,0.06522689213052461,0.05358449067402039
1234,0.06631879096957853,0.05197578798996299,0.05725567892267325,0.05197578798996299,0.06631879096957853,0.05197578798996299,0.11996701405376115,0.05725567892267325
1235,0.013044100245381846,0.11388925517965165,0.04499545007785052,0.013044100245381846,0.013044100245381846,0.11388925517965165,0.14826701093385977,0.04499545007785052
1236,0.08392769830047765,0.07135668018669689,0.023708063057551437,0.023708063057551437,0.023708063057551437,0.07135668018669689,0.1135966483716078,0.023708063057551437
1237,0.12309362447971992,0.0816789767239566,0.06915397324965941,0.023236205775592374,0.023236205775592374,0.0816789767239566,0.023236205775592374,0.06915397324965941
1238,0.04236022918054878,0.09186312981107593,0.03811163382721141,0.03811163382721141,0.04236022918054878,0.09186312981107593,0.09587496091142861,0.03811163382721141
1239,0.06136641156664246,0.06136641156664246,0.06576243395058452,0.207529500739801,0.051066856194103595,0.06136641156664246,0.051066856194103595,0.06576243395058452
1240,0.267082302763256,0.016762897260350372,0.03671938648457017,0.016762897260350372,0.016762897260350372,0.34955524642345703,0.016762897260350372,0.03671938648457017
1241,0.07540536552970319,0.08490185555109543,0.04377174737891221,0.06617883779952836,0.07540536552970319,0.08490185555109543,0.06617883779952836,0.04377174737891221
1242,0.008916212948680252,0.14221638941816386,0.06757051539244671,0.008916212948680252,0.008916212948680252,0.14221638941816386,0.14896505694821482,0.06757051539244671
1243,0.1188024025870516,0.08544599707104508,0.037161660367979195,0.05851625874731877,0.037161660367979195,0.08544599707104508,0.05851625874731877,0.037161660367979195
1244,0.15464969193974798,0.05296108812533552,0.03391675709293187,0.03391675709293187,0.05296108812533552,0.05296108812533552,0.16391253012328244,0.03391675709293187
1245,0.171440078129042,0.05899626565453134,0.04213715262691144,0.04213715262691144,0.05899626565453134,0.05899626565453134,0.13861624306283238,0.04213715262691144
1246,0.19683636466159896,0.023838422035668324,0.07039895119809597,0.023838422035668324,0.023838422035668324,0.023838422035668324,0.19359255436031705,0.07039895119809597
1247,0.2124082116955312,0.061181822956818115,0.05139022560290153,0.061181822956818115,0.04650843120819355,0.061181822956818115,0.04650843120819355,0.05139022560290153
1248,0.038836897972810265,0.055310863984186234,0.038836897972810265,0.055310863984186234,0.049669403163700526,0.055310863984186234,0.049669403163700526,0.038836897972810265
1249,0.030336394121590005,0.08804939603116481,0.030336394121590005,0.02853384669817233,0.02853384669817233,0.08804939603116481,0.02853384669817233,0.030336394121590005
1250,0.060200831361707494,0.11859492347588643,0.02475012925199855,0.060200831361707494,0.02475012925199855,0.11859492347588643,0.15679933680741193,0.02475012925199855
1251,0.11525674679276078,0.050187852945891676,0.0751243535073592,0.050187852945891676,0.06876747321077355,0.050187852945891676,0.06876747321077355,0.0751243535073592
1252,0.07715448015040599,0.07715448015040599,0.031939230580622674,0.02396229562668098,0.02396229562668098,0.29645565347334163,0.02396229562668098,0.031939230580622674
1253,0.265805436751137,0.12253341399053304,0.03324081302089836,0.06850533251128285,0.03324081302089836,0.12253341399053304,0.06850533251128285,0.03324081302089836
1254,0.14464413008885568,0.0711973059139679,0.037771850037133174,0.037771850037133174,0.0711973059139679,0.0711973059139679,0.15325790037677775,0.037771850037133174
1255,0.13785258745271417,0.05579466396901868,0.029258686899186814,0.029258686899186814,0.05579466396901868,0.05579466396901868,0.1878822454045122,0.029258686899186814
1256,0.07919929143497186,0.04698182001799982,0.07774272266673185,0.04698182001799982,0.04698182001799982,0.04698182001799982,0.12309661095416914,0.07774272266673185
1257,0.13313888366654897,0.023599203465193883,0.05062809613247446,0.023599203465193883,0.023599203465193883,0.023599203465193883,0.14190577304569926,0.05062809613247446
1258,0.15703242010702476,0.06366515632473481,0.04059403611862335,0.06366515632473481,0.05779922058201848,0.06366515632473481,0.05779922058201848,0.04059403611862335
1259,0.18864147471711679,0.11404364151716395,0.05684568600613261,0.01938766930097702,0.01938766930097702,0.11404364151716395,0.01938766930097702,0.05684568600613261
1260,0.21632021846660066,0.027045958683805056,0.027045958683805056,0.04433782941691522,0.07908817367090255,0.07908817367090255,0.04433782941691522,0.027045958683805056
1261,0.13363729329249646,0.05371131849540725,0.03861275951338406,0.03861275951338406,0.05371131849540725,0.05371131849540725,0.1394726335028281,0.03861275951338406
1262,0.14378431368453837,0.051885820961412255,0.07499917669240524,0.057465132095062765,0.051885820961412255,0.051885820961412255,0.057465132095062765,0.07499917669240524
1263,0.14360268255297057,0.05854865359445594,0.04479470768689906,0.06437064294950083,0.05854865359445594,0.05854865359445594,0.06437064294950083,0.04479470768689906
1264,0.19720765747478491,0.041792328405843036,0.0899034077737291,0.041792328405843036,0.041792328405843036,0.041792328405843036,0.13280927034423787,0.0899034077737291
1265,0.15999989050876826,0.06028845093027544,0.06158348203549176,0.06028845093027544,0.051947236307373676,0.06028845093027544,0.051947236307373676,0.06158348203549176
1266,0.07411631858907604,0.07411631858907604,0.07437652115999631,0.08526015519715954,0.05525900558539448,0.08526015519715954,0.05525900558539448,0.07437652115999631
1267,0.08175505324169995,0.12323369620516293,0.07266438844371609,0.08175505324169995,0.06191046506360811,0.12323369620516293,0.06191046506360811,0.07266438844371609
1268,0.06123766622530449,0.06735340551587986,0.08351295005634837,0.06123766622530449,0.06847243973483436,0.06735340551587986,0.06847243973483436,0.08351295005634837
1269,0.16402088288872782,0.09625107917349006,0.0420208877691879,0.0420208877691879,0.041928042584505214,0.09625107917349006,0.041928042584505214,0.0420208877691879
1270,0.0413985761803918,0.08576411154605149,0.027453636752123936,0.027453636752123936,0.0413985761803918,0.08576411154605149,0.15962815799523192,0.027453636752123936
1271,0.03458475556571398,0.022548867644294045,0.022548867644294045,0.03458475556571398,0.022548867644294045,0.16971943884551324,0.17007383153393243,0.022548867644294045
1272,0.04728620861088723,0.053432537260768825,0.03238147366522837,0.03238147366522837,0.053432537260768825,0.24513148300119653,0.04728620861088723,0.03238147366522837
1273,0.048556529798486014,0.11980276298664551,0.032951689124078615,0.032951689124078615,0.048556529798486014,0.11980276298664551,0.1420662253083477,0.032951689124078615
1274,0.07050574204487635,0.015847814820942465,0.015847814820942465,0.015847814820942465,0.07050574204487635,0.24406065062050394,0.1856263224668334,0.015847814820942465
1275,0.05654600054441073,0.05958074018795608,0.063278133237221,0.05958074018795608,0.05654600054441073,0.05958074018795608,0.14233897838173726,0.063278133237221
1276,0.046247085086265696,0.09867053535356364,0.057466225887812805,0.057972493754270764,0.046247085086265696,0.09867053535356364,0.057972493754270764,0.057466225887812805
1277,0.06259404925824355,0.07959455670912591,0.03433240982825841,0.049519779726570755,0.03433240982825841,0.07959455670912591,0.049519779726570755,0.03433240982825841
1278,0.08840665896796998,0.05207859479321267,0.04238480818374053,0.07436303722593206,0.05207859479321267,0.05207859479321267,0.07436303722593206,0.04238480818374053
1279,0.05132588504854943,0.06405004825861657,0.08986378503723967,0.05132588504854943,0.06405004825861657,0.06405004825861657,0.18171926859720966,0.08986378503723967
1280,0.13546309418053035,0.0572610161842907,0.022599128365397667,0.022599128365397667,0.0572610161842907,0.0572610161842907,0.14890970312901283,0.022599128365397667
1281,0.05803536709563002,0.06168056396929452,0.06720389969909432,0.05803536709563002,0.06168056396929452,0.06168056396929452,0.13140124577099396,0.06720389969909432
1282,0.08770956569382456,0.07041457860217872,0.08074692506681264,0.08770956569382456,0.07041457860217872,0.07041457860217872,0.1369051400477858,0.08074692506681264
1283,0.15770894962130658,0.03437726327798622,0.06306330850930499,0.03437726327798622,0.03437726327798622,0.03437726327798622,0.17022135761227347,0.06306330850930499
1284,0.11515695232047266,0.13463857408450577,0.07280626260942161,0.029405095046699675,0.029405095046699675,0.13463857408450577,0.029405095046699675,0.07280626260942161
1285,0.09874021137692592,0.10073195472608507,0.03993870374443197,0.05813132838581045,0.03993870374443197,0.10073195472608507,0.05813132838581045,0.03993870374443197
1286,0.05191513668562955,0.12345902413404834,0.04956415731937895,0.07203912328820058,0.05191513668562955,0.12345902413404834,0.07203912328820058,0.04956415731937895
1287,0.04739184923231751,0.13762795189242355,0.026122282128307788,0.026122282128307788,0.04739184923231751,0.13762795189242355,0.13583053121304836,0.026122282128307788
1288,0.22019510928787117,0.06027604849860791,0.04786101810697156,0.06027604849860791,0.04786101810697156,0.06027604849860791,0.15901604490677435,0.04786101810697156
1289,0.08028345104957862,0.11826289875624799,0.07528683229074647,0.040829637127537725,0.08028345104957862,0.11826289875624799,0.040829637127537725,0.07528683229074647
1290,0.08000127836727909,0.12445766687763102,0.02870782124031979,0.02870782124031979,0.08000127836727909,0.12445766687763102,0.10522636442879485,0.02870782124031979
1291,0.04550020332886763,0.06073350151908328,0.07120431735481146,0.06073350151908328,0.04550020332886763,0.06073350151908328,0.1631941616543047,0.07120431735481146
1292,0.1547319214415361,0.1467348740314519,0.03632729714634459,0.03632729714634459,0.05062411018658245,0.1467348740314519,0.05062411018658245,0.03632729714634459
1293,0.1430027925538638,0.03277802944802988,0.06671622670603462,0.03277802944802988,0.03277802944802988,0.03277802944802988,0.12651017850856858,0.06671622670603462
1294,0.02337472109610083,0.1726015154032085,0.0491456343858239,0.0949105132839908,0.02337472109610083,0.0949105132839908,0.02337472109610083,0.0491456343858239
1295,0.1965517099009575,0.10025759670320873,0.015926226527804403,0.015926226527804403,0.015926226527804403,0.10025759670320873,0.10978611543304753,0.015926226527804403
1296,0.06430344186566885,0.021197727023780148,0.021197727023780148,0.06430344186566885,0.09333003201947049,0.09333003201947049,0.16403622764514036,0.021197727023780148
1297,0.12598931147043713,0.057986159258173034,0.05773629810359665,0.057986159258173034,0.057986159258173034,0.057986159258173034,0.13966722858694253,0.05773629810359665
1298,0.08602100974879918,0.04220502365370211,0.06365434425476686,0.04220502365370211,0.04220502365370211,0.04220502365370211,0.16273692972103398,0.06365434425476686
1299,0.04835712624387691,0.02253979371475838,0.02253979371475838,0.04835712624387691,0.06292066018218317,0.3663569361900709,0.06292066018218317,0.02253979371475838
1300,0.12573184707119553,0.05057679741174307,0.06496725804901861,0.05057679741174307,0.03532829728545901,0.05057679741174307,0.03532829728545901,0.06496725804901861
1301,0.04050311941853033,0.10433036273356684,0.024822609397718135,0.05716460524913114,0.04050311941853033,0.10433036273356684,0.05716460524913114,0.024822609397718135
1302,0.12747565799572613,0.0743091287073199,0.0328567249994658,0.05903011316597227,0.0328567249994658,0.0743091287073199,0.05903011316597227,0.0328567249994658
1303,0.08521257615118986,0.04562357967068717,0.1579687567176916,0.030940394079652725,0.08521257615118986,0.04562357967068717,0.030940394079652725,0.04562357967068717
1304,0.061620337887248654,0.05409853676148836,0.2578852262593374,0.044256247471593006,0.061620337887248654,0.05409853676148836,0.044256247471593006,0.05409853676148836
1305,0.0465889314058252,0.022379259146018134,0.08848120059503697,0.06094029131732855,0.0465889314058252,0.022379259146018134,0.06094029131732855,0.022379259146018134
1306,0.0625482962195484,0.09881811766949454,0.020545863465625303,0.0625482962195484,0.020545863465625303,0.09881811766949454,0.19317166634081653,0.020545863465625303
1307,0.021481993883142543,0.08260630307669005,0.22659561152874633,0.021481993883142543,0.08260630307669005,0.08260630307669005,0.17089121293819595,0.021481993883142543
1308,0.1895493379770946,0.030512039690064736,0.04294145799212743,0.030512039690064736,0.030512039690064736,0.030512039690064736,0.1553986290551553,0.04294145799212743
1309,0.055815112644939026,0.1438492323850922,0.027841616197594714,0.055815112644939026,0.027841616197594714,0.1438492323850922,0.12122283314632619,0.027841616197594714
1310,0.10539854662812077,0.05795411862848812,0.05475314120007144,0.05455060933701208,0.05795411862848812,0.05795411862848812,0.05455060933701208,0.05475314120007144
1311,0.09699245425648549,0.0371254322359571,0.049524830495064,0.0371254322359571,0.0371254322359571,0.0371254322359571,0.13288279021499252,0.049524830495064
1312,0.20428270150386088,0.07799116549908382,0.02521380594069847,0.04162521463477016,0.02521380594069847,0.07799116549908382,0.04162521463477016,0.02521380594069847
1313,0.031484860209970114,0.031484860209970114,0.1633221147234868,0.031484860209970114,0.12610111267965507,0.12610111267965507,0.044671305690561186,0.044671305690561186
1314,0.11286378519879604,0.040779190908108304,0.18315585847190088,0.040779190908108304,0.040779190908108304,0.040779190908108304,0.050815494757833826,0.050815494757833826
1315,0.18611428130513802,0.08156582057330379,0.044125369199649066,0.0362831421393154,0.044125369199649066,0.08156582057330379,0.0362831421393154,0.0362831421393154
1316,0.07926167963815184,0.13364790005781962,0.027613039401607514,0.027613039401607514,0.07926167963815184,0.13364790005781962,0.19048571482716536,0.027613039401607514
1317,0.07142183918530591,0.10774412714393027,0.02834708209893635,0.02834708209893635,0.07142183918530591,0.10774412714393027,0.1198210331327162,0.02834708209893635
1318,0.01907377561661734,0.0553851450530688,0.20227582884448758,0.01907377561661734,0.01907377561661734,0.0553851450530688,0.11837742661107686,0.0553851450530688
1319,0.11823742685958273,0.015096288899098842,0.14765823709389853,0.06336614137410343,0.015096288899098842,0.015096288899098842,0.06336614137410343,0.015096288899098842
1320,0.019671358241106114,0.019671358241106114,0.16968159660265553,0.11974082543773691,0.019671358241106114,0.11974082543773691,0.044891061245642704,0.044891061245642704
1321,0.03404610275655643,0.053010445896139714,0.07681549670020335,0.07681549670020335,0.036762746072960636,0.053010445896139714,0.036762746072960636,0.03404610275655643
1322,0.1262681392585954,0.08425164562392069,0.03517421706419007,0.03517421706419007,0.03517421706419007,0.08425164562392069,0.04084113908390583,0.04084113908390583
1323,0.16750516545138647,0.10569939511271974,0.023255531829903257,0.02000641620913369,0.02000641620913369,0.10569939511271974,0.02000641620913369,0.023255531829903257
1324,0.1782231417049549,0.059698581981039424,0.1921864000921917,0.026774472211651267,0.059698581981039424,0.059698581981039424,0.026774472211651267,0.026774472211651267
1325,0.042870017312373346,0.042870017312373346,0.08476679087116447,0.05951964318968818,0.042870017312373346,0.042870017312373346,0.1430043758585688,0.05951964318968818
1326,0.05251021227304518,0.05531796597626449,0.08461519415559378,0.05531796597626449,0.08461519415559378,0.05531796597626449,0.20445961421134404,0.05251021227304518
1327,0.028020067750301466,0.07391212569213113,0.06360745337351174,0.028020067750301466,0.06360745337351174,0.07391212569213113,0.12525809388781153,0.028020067750301466
1328,0.09345340996790852,0.1065192385962243,0.013444760748383886,0.013444760748383886,0.013444760748383886,0.1065192385962243,0.18520087170416039,0.013444760748383886
1329,0.10536450357757929,0.02723400209753815,0.15610953632765281,0.02723400209753815,0.05549492931775513,0.02723400209753815,0.05549492931775513,0.02723400209753815
1330,0.22555331245734014,0.08211566854911441,0.02160735603720941,0.02160735603720941,0.04015335251330435,0.08211566854911441,0.04015335251330435,0.02160735603720941
1331,0.1639459895689636,0.0633920716078371,0.033397852212689774,0.03278825619376325,0.033397852212689774,0.0633920716078371,0.03278825619376325,0.033397852212689774
1332,0.03657961560335891,0.08669577748194457,0.13418210194523478,0.03657961560335891,0.03409366628178789,0.08669577748194457,0.03409366628178789,0.03657961560335891
1333,0.16865410946207499,0.12067045668134276,0.02942162863206716,0.06852737129977657,0.02942162863206716,0.12067045668134276,0.06852737129977657,0.02942162863206716
1334,0.03926214538268082,0.09582893696064783,0.02695472871251272,0.02695472871251272,0.03926214538268082,0.09582893696064783,0.13960079186530472,0.02695472871251272
1335,0.14288100753248054,0.04615213432374469,0.05284817368407875,0.04615213432374469,0.060612126623424294,0.04615213432374469,0.060612126623424294,0.05284817368407875
1336,0.18005005910478628,0.06028415784608914,0.04189688156624071,0.06028415784608914,0.05012160819661283,0.06028415784608914,0.05012160819661283,0.04189688156624071
1337,0.1989496755827709,0.12454132785155227,0.13933892297921274,0.016835468275024808,0.016835468275024808,0.12454132785155227,0.016835468275024808,0.016835468275024808
1338,0.08620435981693055,0.04077663025609681,0.08057926969535797,0.07668227272817145,0.08057926969535797,0.07668227272817145,0.04077663025609681,0.08620435981693055
1339,0.033335606954462985,0.05320113994793343,0.060943096003271954,0.05320113994793343,0.060943096003271954,0.05320113994793343,0.1788762088814526,0.033335606954462985
1340,0.04779826941407662,0.06608887513525023,0.07310949899900303,0.06608887513525023,0.07310949899900303,0.06608887513525023,0.1687265623653255,0.04779826941407662
1341,0.024173440695422675,0.09871591980653377,0.061148211281172996,0.024173440695422675,0.061148211281172996,0.09871591980653377,0.17204073185629115,0.024173440695422675
1342,0.18197976335122623,0.051710995009379736,0.03534571485872053,0.051710995009379736,0.03534571485872053,0.051710995009379736,0.17137494187014002,0.03534571485872053
1343,0.18286542507970194,0.036383564065369266,0.16076576929855632,0.04665812696607458,0.036383564065369266,0.036383564065369266,0.04665812696607458,0.036383564065369266
1344,0.09808794877356723,0.046424027676894186,0.028645038362785653,0.046424027676894186,0.028645038362785653,0.046424027676894186,0.11991294492723871,0.028645038362785653
1345,0.07814422480487226,0.055600257785957445,0.21179116526542835,0.048275369111123366,0.055600257785957445,0.055600257785957445,0.048275369111123366,0.07814422480487226
1346,0.07749987660557221,0.07273971370761946,0.19905336160362933,0.04548632602860911,0.07273971370761946,0.07273971370761946,0.04548632602860911,0.07749987660557221
1347,0.06519182158375746,0.04486197496406981,0.05213510215829345,0.05213510215829345,0.04486197496406981,0.04486197496406981,0.16728947204097697,0.06519182158375746
1348,0.03530219617633695,0.060126513937983954,0.053528668433334606,0.060126513937983954,0.053528668433334606,0.060126513937983954,0.15563754613901745,0.03530219617633695
1349,0.050720050669719866,0.12029648485888805,0.03148434512016908,0.03148434512016908,0.03148434512016908,0.12029648485888805,0.1774385651831199,0.050720050669719866
1350,0.021415054719640024,0.03688481095874752,0.13470442579038244,0.021415054719640024,0.03688481095874752,0.03688481095874752,0.16104939451535197,0.021415054719640024
1351,0.056043789088136606,0.1209823128884717,0.043939494486098275,0.043939494486098275,0.04544184702554774,0.1209823128884717,0.04544184702554774,0.056043789088136606
1352,0.06483658749094273,0.09304977045929265,0.073261411841006,0.04680977607078468,0.073261411841006,0.09304977045929265,0.04680977607078468,0.06483658749094273
1353,0.04074857194627824,0.11969900607078059,0.03340565727469463,0.03340565727469463,0.03340565727469463,0.11969900607078059,0.16479163207339,0.04074857194627824
1354,0.04961071089658039,0.03968137520947479,0.17997470995732898,0.034608834450801755,0.03968137520947479,0.03968137520947479,0.034608834450801755,0.04961071089658039
1355,0.05202139938390108,0.050302201232860166,0.05501534007180241,0.050302201232860166,0.05501534007180241,0.050302201232860166,0.1699683071863054,0.05202139938390108
1356,0.06156119820118928,0.15155032783266192,0.05907162038871662,0.060447114413656536,0.05907162038871662,0.15155032783266192,0.060447114413656536,0.06156119820118928
1357,0.06206160686702683,0.10782242076595061,0.018937528614366865,0.05211262192711623,0.018937528614366865,0.10782242076595061,0.05211262192711623,0.06206160686702683
1358,0.06749224715603595,0.11254838434649234,0.23023197263928605,0.026630175939191945,0.026630175939191945,0.11254838434649234,0.026630175939191945,0.06749224715603595
1359,0.01939801701137628,0.09339362088271791,0.10104616088520714,0.01939801701137628,0.01939801701137628,0.09339362088271791,0.16536589284861164,0.01939801701137628
1360,0.05677545086969545,0.06012526976359945,0.06124401810040168,0.06012526976359945,0.06124401810040168,0.06012526976359945,0.18302134777498336,0.05677545086969545
1361,0.052325387095851474,0.0429097452059333,0.07258852828479767,0.0429097452059333,0.07258852828479767,0.0429097452059333,0.1663226450664921,0.052325387095851474
1362,0.05402697258381753,0.08302873368503368,0.047335396235619775,0.06268444521364931,0.047335396235619775,0.08302873368503368,0.06268444521364931,0.05402697258381753
1363,0.02526169177409894,0.02526169177409894,0.03874762816097779,0.03874762816097779,0.03874762816097779,0.2424417116525861,0.1068610272093868,0.02526169177409894
1364,0.05227248593964289,0.06433904104113934,0.18613816219237667,0.06433904104113934,0.03722469259017403,0.06433904104113934,0.03722469259017403,0.05227248593964289
1365,0.040365677264394294,0.1118046731886829,0.06530424719296318,0.040365677264394294,0.06530424719296318,0.1118046731886829,0.1421573881805163,0.040365677264394294
1366,0.08929041094255738,0.0849710229869782,0.02178684846636886,0.08929041094255738,0.02178684846636886,0.0849710229869782,0.16493056319612742,0.02178684846636886
1367,0.06395696879573128,0.05448697846699794,0.15329206417024058,0.05144243717269529,0.05448697846699794,0.05448697846699794,0.05144243717269529,0.06395696879573128
1368,0.04220625755408765,0.03792503248721067,0.14332766177864031,0.03792503248721067,0.03792503248721067,0.03792503248721067,0.17338075432074754,0.04220625755408765
1369,0.014882642202813847,0.14756118986503877,0.24401627095252254,0.014882642202813847,0.014882642202813847,0.14756118986503877,0.13348845081199162,0.014882642202813847
1370,0.16033408781019232,0.03231152513967448,0.08490476276801806,0.051300288710688646,0.03231152513967448,0.03231152513967448,0.051300288710688646,0.03231152513967448
1371,0.030533438508629072,0.11292478030544044,0.04093382122758061,0.030533438508629072,0.030533438508629072,0.11292478030544044,0.11354003763787478,0.04093382122758061
1372,0.1500383841617521,0.12414149181652265,0.0731042830209061,0.032943214980292526,0.0731042830209061,0.12414149181652265,0.032943214980292526,0.032943214980292526
1373,0.1699388322190714,0.104062376717297,0.01888810171823976,0.01888810171823976,0.01888810171823976,0.104062376717297,0.10431584721289971,0.01888810171823976
1374,0.11395517610644589,0.03987139988396331,0.05813861811179894,0.05813861811179894,0.03987139988396331,0.03987139988396331,0.1363494822592148,0.03987139988396331
1375,0.031390519385637465,0.048720982412630676,0.11497323331189721,0.048720982412630676,0.031390519385637465,0.048720982412630676,0.19180843170911638,0.031390519385637465
1376,0.11482848452820463,0.1016222650539955,0.02078652554961411,0.02078652554961411,0.02078652554961411,0.1016222650539955,0.16285959771914577,0.02078652554961411
1377,0.12302203813886277,0.04985042576904056,0.11722352642838756,0.027697718351534315,0.04985042576904056,0.04985042576904056,0.027697718351534315,0.027697718351534315
1378,0.16274726826107544,0.03645423767407724,0.052929796443922116,0.052929796443922116,0.03645423767407724,0.03645423767407724,0.05452925684908948,0.03645423767407724
1379,0.0628839833698323,0.12707834304078724,0.05756732179085254,0.05756732179085254,0.048218178767241174,0.12707834304078724,0.048218178767241174,0.0628839833698323
1380,0.040845544326919024,0.0857082125985609,0.13790555179755398,0.040845544326919024,0.05579752044093339,0.0857082125985609,0.05579752044093339,0.040845544326919024
1381,0.03450812732728772,0.11885536527191472,0.05361036327437554,0.05361036327437554,0.06762650397466868,0.11885536527191472,0.06762650397466868,0.03450812732728772
1382,0.09142016628140125,0.04669992943448812,0.0641744001191932,0.03166588545850476,0.03166588545850476,0.04669992943448812,0.03166588545850476,0.0641744001191932
1383,0.1023848419260508,0.03706798765771775,0.03574610657942438,0.03574610657942438,0.03706798765771775,0.03706798765771775,0.15819276908053836,0.03574610657942438
1384,0.13859603260779765,0.06210525493896637,0.030838423410935147,0.06210525493896637,0.030838423410935147,0.06210525493896637,0.1198425057037023,0.030838423410935147
1385,0.03714783755695774,0.058274515220715556,0.06203522352671866,0.03714783755695774,0.058274515220715556,0.058274515220715556,0.127489999987717,0.06203522352671866
1386,0.11755588379586894,0.056433749740938066,0.04188089320360848,0.04188089320360848,0.056433749740938066,0.056433749740938066,0.18177756482545923,0.04188089320360848
1387,0.07565225706666738,0.07565225706666738,0.054151802139997755,0.054776474506918825,0.06479589211383543,0.06479589211383543,0.054776474506918825,0.054151802139997755
1388,0.055961593724281763,0.05635844304061404,0.05816179897731461,0.055961593724281763,0.05635844304061404,0.05635844304061404,0.10306439238442609,0.05816179897731461
1389,0.19266024956627315,0.0325389568202366,0.06689455229136715,0.0325389568202366,0.0325389568202366,0.0325389568202366,0.1959799764736779,0.06689455229136715
1390,0.12700382380841208,0.1267376167814232,0.03379298618770264,0.05014338853761246,0.03379298618770264,0.1267376167814232,0.05014338853761246,0.03379298618770264
1391,0.07086976373286606,0.04537231912445404,0.19255623726174195,0.07086976373286606,0.04537231912445404,0.04537231912445404,0.09392668251779623,0.04537231912445404
1392,0.049927320800699074,0.05972255954013096,0.17510653928533323,0.049927320800699074,0.05972255954013096,0.05972255954013096,0.05552891622827374,0.05552891622827374
1393,0.1314262544709985,0.0532777250327979,0.13086067174653906,0.033146830718055624,0.0532777250327979,0.0532777250327979,0.033146830718055624,0.033146830718055624
1394,0.26310233391693677,0.03798499401247429,0.0770907586555595,0.03798499401247429,0.03798499401247429,0.03798499401247429,0.20358088240927127,0.0770907586555595
1395,0.0536417698901242,0.11380576226729039,0.03715469927794079,0.0536417698901242,0.03715469927794079,0.11380576226729039,0.13480058753547683,0.03715469927794079
1396,0.04322217038757557,0.12638949645922273,0.03783970236673043,0.052642569640981726,0.04322217038757557,0.12638949645922273,0.052642569640981726,0.03783970236673043
1397,0.02153180351703916,0.10314093383150696,0.1778785877548037,0.02153180351703916,0.04560368333705288,0.10314093383150696,0.04560368333705288,0.02153180351703916
1398,0.257874339286076,0.035629506187230264,0.11315337638929054,0.035629506187230264,0.05528372512633934,0.035629506187230264,0.05528372512633934,0.035629506187230264
1399,0.021694154030369485,0.11915046107647886,0.059921075522866935,0.021694154030369485,0.06643433400251718,0.11915046107647886,0.06643433400251718,0.059921075522866935
1400,0.15641591604080016,0.10493947069697016,0.028992473470695626,0.028992473470695626,0.07796038033156118,0.10493947069697016,0.07796038033156118,0.028992473470695626
1401,0.1212872286117688,0.1067040430971685,0.06011435228733521,0.06011435228733521,0.03167501770974242,0.1067040430971685,0.03167501770974242,0.03167501770974242
1402,0.1307859260692921,0.0269466945823708,0.047098819110217384,0.0269466945823708,0.0269466945823708,0.0269466945823708,0.1044464121489901,0.047098819110217384
1403,0.04682171011521856,0.04997016204171492,0.1308430782055369,0.060073918669837405,0.04682171011521856,0.04997016204171492,0.060073918669837405,0.04997016204171492
1404,0.14138374649727034,0.06586609956477216,0.02445318141421146,0.02445318141421146,0.02445318141421146,0.06586609956477216,0.1802314529114887,0.06586609956477216
1405,0.10435493807394662,0.022520734691833105,0.1791194662346402,0.022520734691833105,0.022520734691833105,0.022520734691833105,0.13074513680958416,0.022520734691833105
1406,0.04326663284874528,0.09660371206737489,0.027780959603713476,0.04326663284874528,0.027780959603713476,0.09660371206737489,0.13373210748771294,0.027780959603713476
1407,0.05456550846172957,0.028211266116857217,0.18159308113468778,0.028211266116857217,0.028211266116857217,0.028211266116857217,0.14160356359217324,0.05456550846172957
1408,0.03724638440544897,0.09374450022654117,0.15671939459462975,0.03724638440544897,0.060955794613730886,0.09374450022654117,0.060955794613730886,0.03724638440544897
1409,0.2143547702837574,0.1289053325684598,0.09376141489575827,0.025787394500570607,0.025787394500570607,0.1289053325684598,0.025787394500570607,0.09376141489575827
1410,0.1822811483413836,0.05908760108120615,0.03388992728551407,0.05908760108120615,0.03388992728551407,0.05908760108120615,0.19208038217787582,0.03388992728551407
1411,0.03347758286023416,0.06202600788272935,0.07933200388984717,0.03347758286023416,0.03347758286023416,0.06202600788272935,0.15506830550927098,0.07933200388984717
1412,0.04166654511717342,0.04166654511717342,0.035713941119242885,0.035713941119242885,0.08820458063465929,0.08820458063465929,0.17615377887261,0.035713941119242885
1413,0.045254819946653334,0.06986217207104695,0.04878201251779938,0.045254819946653334,0.06986217207104695,0.06986217207104695,0.1882364057522482,0.04878201251779938
1414,0.14081927464828095,0.04161560903076518,0.0619685987644295,0.04161560903076518,0.04161560903076518,0.04161560903076518,0.10498035420268412,0.0619685987644295
1415,0.048731544767145606,0.10389944313238368,0.033250643071371384,0.033250643071371384,0.048731544767145606,0.10389944313238368,0.13237123286158559,0.033250643071371384
1416,0.029340551839132416,0.13500082396711366,0.06724355069571811,0.029340551839132416,0.029340551839132416,0.13500082396711366,0.13234294165098678,0.06724355069571811
1417,0.14981294519169916,0.12223977243517888,0.0606500009736432,0.03693341384075148,0.03693341384075148,0.12223977243517888,0.03693341384075148,0.0606500009736432
1418,0.0134376449667354,0.12273168870536055,0.06386475905114941,0.0134376449667354,0.0134376449667354,0.12273168870536055,0.14578268963366733,0.06386475905114941
1419,0.12923763676713665,0.12345507191611657,0.04069166992617797,0.05986590530456647,0.04069166992617797,0.12345507191611657,0.05986590530456647,0.04069166992617797
1420,0.054719321183489045,0.10692568890218854,0.05689706654323916,0.05018798196482707,0.054719321183489045,0.10692568890218854,0.05018798196482707,0.05689706654323916
1421,0.03213634237663881,0.13358849031112965,0.04745283638673775,0.03213634237663881,0.03213634237663881,0.13358849031112965,0.1658410851873797,0.04745283638673775
1422,0.053608711855272266,0.12890756426887306,0.03651379020888765,0.053608711855272266,0.03651379020888765,0.12890756426887306,0.15682110593010012,0.03651379020888765
1423,0.10608765718322494,0.036739510980707005,0.06362829968695602,0.036739510980707005,0.036739510980707005,0.036739510980707005,0.1769537515117732,0.06362829968695602
1424,0.1374870224182519,0.11109506947549612,0.06536636497752064,0.029368015681495212,0.029368015681495212,0.11109506947549612,0.029368015681495212,0.06536636497752064
1425,0.03763737632724079,0.06558558793854687,0.035989279024745226,0.03763737632724079,0.035989279024745226,0.06558558793854687,0.18176820589757553,0.035989279024745226
1426,0.057945986113402,0.08675404584154617,0.026028262031999535,0.026028262031999535,0.057945986113402,0.08675404584154617,0.18726052830676881,0.026028262031999535
1427,0.0,0.0675192827992944,0.07457914766654841,0.0675192827992944,0.0,0.0675192827992944,0.1393001643128135,0.07457914766654841
1428,0.05642049075556859,0.12487468866195144,0.05648149102347577,0.05642049075556859,0.06311950173552389,0.12487468866195144,0.06311950173552389,0.05648149102347577
1429,0.0969185099721995,0.10908216859063681,0.07373236581925545,0.0969185099721995,0.05644918075390143,0.10908216859063681,0.05644918075390143,0.07373236581925545
1430,0.04386635592038484,0.12884619221224217,0.04386635592038484,0.016608733685338058,0.016608733685338058,0.12884619221224217,0.016608733685338058,0.04386635592038484
1431,0.19179040345047513,0.05718119367473519,0.061709808653840854,0.04692225555250941,0.05718119367473519,0.05718119367473519,0.04692225555250941,0.061709808653840854
1432,0.10880730544818096,0.0508496338791295,0.05211725605575835,0.038835849777607935,0.0508496338791295,0.0508496338791295,0.038835849777607935,0.05211725605575835
1433,0.13690503244395527,0.03640374496612973,0.07177626996207966,0.03640374496612973,0.03640374496612973,0.03640374496612973,0.19792665821852579,0.07177626996207966
1434,0.15124917897586562,0.0964490540146195,0.011081540305214013,0.011081540305214013,0.011081540305214013,0.0964490540146195,0.13661679268294602,0.011081540305214013
1435,0.04741905020689447,0.10748841991038773,0.02289690491174106,0.02289690491174106,0.04741905020689447,0.10748841991038773,0.17041661517344817,0.02289690491174106
1436,0.03563868580533136,0.09790410747862634,0.06386001228386805,0.03563868580533136,0.03563868580533136,0.09790410747862634,0.1431895653673751,0.06386001228386805
1437,0.0750464536151594,0.10271430603763312,0.05730293321325299,0.0750464536151594,0.041889935895681574,0.10271430603763312,0.041889935895681574,0.05730293321325299
1438,0.056475396216150255,0.14747134216049895,0.04013250024738297,0.056475396216150255,0.05391989738489201,0.14747134216049895,0.05391989738489201,0.04013250024738297
1439,0.017566000172073385,0.017566000172073385,0.05784934054747942,0.017566000172073385,0.05761371029829827,0.27793381182728055,0.05761371029829827,0.05784934054747942
1440,0.15278162390554748,0.1165607166184573,0.04637952699987144,0.03705304014252107,0.03705304014252107,0.1165607166184573,0.03705304014252107,0.04637952699987144
1441,0.017092810232551808,0.09683958817575562,0.017092810232551808,0.11647604351793353,0.017092810232551808,0.09683958817575562,0.13987097486884636,0.017092810232551808
1442,0.061990999527959015,0.061978887074634156,0.06547313793468153,0.061990999527959015,0.061978887074634156,0.061978887074634156,0.1237028116873865,0.06547313793468153
1443,0.042784766525362374,0.05770952520926868,0.05266202050497615,0.042784766525362374,0.05770952520926868,0.05770952520926868,0.16546836306495452,0.05266202050497615
1444,0.11903827434832424,0.05270713128898741,0.03303963645375979,0.03303963645375979,0.05270713128898741,0.05270713128898741,0.12945972970538688,0.03303963645375979
1445,0.09510724804666382,0.06185987378288223,0.03893543816759887,0.06489906448267084,0.06185987378288223,0.06185987378288223,0.06489906448267084,0.03893543816759887
1446,0.16165337716472514,0.05303471341310209,0.054559064770237586,0.0603186376953653,0.05303471341310209,0.05303471341310209,0.0603186376953653,0.054559064770237586
1447,0.03610865870715707,0.06606652465054787,0.05677366610032389,0.03610865870715707,0.06606652465054787,0.06606652465054787,0.1384414662560366,0.05677366610032389
1448,0.04624387497597663,0.032787121417311195,0.032787121417311195,0.04624387497597663,0.13645132463731258,0.13645132463731258,0.15415483757911252,0.032787121417311195
1449,0.21212632716513283,0.07587001106110855,0.06902729142462688,0.062187716978903344,0.07587001106110855,0.07587001106110855,0.062187716978903344,0.06902729142462688
1450,0.182130171957507,0.05979348168386346,0.0634716570553883,0.05323194238334547,0.05979348168386346,0.05979348168386346,0.05323194238334547,0.0634716570553883
1451,0.2378665098455817,0.04289237866425025,0.07400382330005306,0.03796935434617346,0.04289237866425025,0.04289237866425025,0.03796935434617346,0.07400382330005306
1452,0.06583872331541997,0.11430619746568546,0.030689061183330705,0.030689061183330705,0.06583872331541997,0.11430619746568546,0.1650372124000851,0.030689061183330705
1453,0.01914203961282707,0.1177212748485974,0.06277380332606246,0.01914203961282707,0.01914203961282707,0.1177212748485974,0.12180072052462361,0.06277380332606246
1454,0.14485440857683393,0.06563111848509642,0.07144130862875378,0.039302287349213774,0.06563111848509642,0.06563111848509642,0.039302287349213774,0.07144130862875378
1455,0.19018772160436462,0.05874543571035162,0.03608217139453832,0.03608217139453832,0.05874543571035162,0.05874543571035162,0.19179308891851593,0.03608217139453832
1456,0.06795501002018343,0.06736725347254142,0.06374138291892695,0.06795501002018343,0.06736725347254142,0.06736725347254142,0.13921782480123787,0.06374138291892695
1457,0.3170071423240434,0.05039085723444449,0.051334622627948065,0.06570406158797693,0.05039085723444449,0.05039085723444449,0.06570406158797693,0.051334622627948065
1458,0.13643622817261955,0.10039521254860408,0.03408538695928856,0.05119483183187055,0.03408538695928856,0.10039521254860408,0.05119483183187055,0.03408538695928856
1459,0.021121534318960977,0.124460239089107,0.07295473568879408,0.021121534318960977,0.021121534318960977,0.124460239089107,0.15954648866482848,0.07295473568879408
1460,0.16815033080745964,0.136675334050979,0.0507466529127736,0.024749740681222862,0.024749740681222862,0.136675334050979,0.024749740681222862,0.0507466529127736
1461,0.05782706627211079,0.08689208675267614,0.042964736880049606,0.05782706627211079,0.042964736880049606,0.08689208675267614,0.15362002539447975,0.042964736880049606
1462,0.05218298037745171,0.0958280320793355,0.021134827055646968,0.021134827055646968,0.05218298037745171,0.0958280320793355,0.15703500931566192,0.021134827055646968
1463,0.07520007854403295,0.10183286244591623,0.05303735371257619,0.060227282573117054,0.07520007854403295,0.10183286244591623,0.060227282573117054,0.05303735371257619
1464,0.034227483417946826,0.10938833328654572,0.09165050906375584,0.034227483417946826,0.034227483417946826,0.10938833328654572,0.06208836203546683,0.09165050906375584
1465,0.10223565261141412,0.15151936992614595,0.03584302677128547,0.03584302677128547,0.03584302677128547,0.15151936992614595,0.11124927038929261,0.03584302677128547
1466,0.04113760446124192,0.09990247891498545,0.07701734529481813,0.04597124403742909,0.04113760446124192,0.09990247891498545,0.04597124403742909,0.07701734529481813
1467,0.05909697912038632,0.05909697912038632,0.031795666491865555,0.03762076818469389,0.031795666491865555,0.38320351249669315,0.03762076818469389,0.031795666491865555
1468,0.142829631430251,0.09867264014534124,0.05607043100932407,0.03312820853115529,0.03312820853115529,0.09867264014534124,0.03312820853115529,0.05607043100932407
1469,0.026691299409936246,0.06858020979771694,0.056945204468768294,0.026691299409936246,0.06858020979771694,0.06858020979771694,0.026691299409936246,0.056945204468768294
1470,0.18773227806101092,0.05576030792549159,0.030419322636833872,0.030419322636833872,0.05576030792549159,0.05576030792549159,0.14730914960358768,0.030419322636833872
1471,0.08203630365426758,0.06933009516965372,0.0634230629085086,0.08203630365426758,0.06933009516965372,0.06933009516965372,0.10525746393793697,0.0634230629085086
1472,0.17805789106701933,0.036247523479937135,0.05532160609820927,0.036247523479937135,0.036247523479937135,0.036247523479937135,0.09556605318825989,0.05532160609820927
1473,0.07533564023590719,0.1158034514674693,0.09076234227843963,0.038870813367668795,0.07533564023590719,0.1158034514674693,0.038870813367668795,0.09076234227843963
1474,0.02988823474908886,0.0852790383537777,0.06838762553171204,0.02988823474908886,0.02988823474908886,0.0852790383537777,0.12430524393410963,0.06838762553171204
1475,0.16185802464569007,0.09916533233725375,0.04584631877107841,0.04584631877107841,0.03496829606191686,0.09916533233725375,0.03496829606191686,0.04584631877107841
1476,0.13458519745667483,0.06806622652887057,0.06924854982082197,0.063663172900268,0.06806622652887057,0.06806622652887057,0.063663172900268,0.06924854982082197
1477,0.18840479078438846,0.05666100203945234,0.03456568796819779,0.03456568796819779,0.05666100203945234,0.05666100203945234,0.13147357439691282,0.03456568796819779
1478,0.1775935356997715,0.047173109752432926,0.0893491176101142,0.047173109752432926,0.047173109752432926,0.047173109752432926,0.12826054594166778,0.0893491176101142
1479,0.02877223792849049,0.08834844378882734,0.06585143020447853,0.02877223792849049,0.02877223792849049,0.08834844378882734,0.11110872318480183,0.06585143020447853
1480,0.03925041822010689,0.07180423518859756,0.06343240050097643,0.03925041822010689,0.07180423518859756,0.07180423518859756,0.16542572528998892,0.06343240050097643
1481,0.0671915937732691,0.06811055694215104,0.05259139954071264,0.05094799270308635,0.06811055694215104,0.06811055694215104,0.05094799270308635,0.05259139954071264
1482,0.13618200613378112,0.04276260444076429,0.04459079083607396,0.04276260444076429,0.04276260444076429,0.04276260444076429,0.161019745028827,0.04459079083607396
1483,0.18215669018982672,0.08916309578372283,0.03118065812064535,0.02195853704312646,0.02195853704312646,0.08916309578372283,0.02195853704312646,0.03118065812064535
1484,0.2381852497899024,0.055922534501138765,0.03768016206455486,0.03768016206455486,0.055922534501138765,0.055922534501138765,0.10284812539998939,0.03768016206455486
1485,0.22572311704910542,0.057295321953611054,0.06675645712484732,0.048072790462782906,0.057295321953611054,0.057295321953611054,0.048072790462782906,0.06675645712484732
1486,0.1466061377689296,0.05092118232684966,0.03983812310982192,0.03983812310982192,0.05092118232684966,0.05092118232684966,0.13958755017474908,0.03983812310982192
1487,0.015107992332161632,0.05077566319531054,0.015107992332161632,0.015107992332161632,0.05077566319531054,0.05077566319531054,0.1338726161629958,0.015107992332161632
1488,0.056123338344529046,0.06086993883039254,0.05798056343000428,0.056123338344529046,0.06086993883039254,0.06086993883039254,0.11905656212877327,0.05798056343000428
1489,0.14297970896206816,0.05021969069926294,0.07781410554076128,0.05021969069926294,0.05021969069926294,0.05021969069926294,0.17486204615249776,0.07781410554076128
1490,0.044273264564159885,0.1342250224234417,0.06745675157934213,0.044273264564159885,0.05812676950885317,0.1342250224234417,0.05812676950885317,0.06745675157934213
1491,0.2016263369527741,0.09694582662526484,0.10037527323997747,0.029739744174304007,0.029739744174304007,0.09694582662526484,0.029739744174304007,0.10037527323997747
1492,0.2106338218203167,0.026743156093860694,0.03869997884185559,0.026743156093860694,0.026743156093860694,0.026743156093860694,0.14921546922731155,0.03869997884185559
1493,0.013371116428628586,0.11868777544201353,0.07227386756899606,0.013371116428628586,0.013371116428628586,0.11868777544201353,0.20655419154052257,0.07227386756899606
1494,0.09093206417417035,0.05987844538027369,0.04298639283367449,0.04298639283367449,0.05987844538027369,0.05987844538027369,0.15373058521493493,0.04298639283367449
1495,0.14769876092540352,0.0665019969612044,0.029727628501609125,0.04263889858301344,0.0665019969612044,0.0665019969612044,0.04263889858301344,0.029727628501609125
1496,0.055491283719419665,0.055491283719419665,0.07537696570330703,0.03733414980296936,0.12601860296016928,0.12601860296016928,0.03733414980296936,0.07537696570330703
1497,0.03900508970239046,0.06856068322757404,0.06182126338611584,0.03900508970239046,0.06856068322757404,0.06856068322757404,0.14987488147085962,0.06182126338611584
1498,0.1982797509073815,0.027109772685871288,0.07360613509447347,0.027109772685871288,0.027109772685871288,0.027109772685871288,0.12552042772245017,0.07360613509447347
1499,0.0645153939225027,0.09668213997826607,0.08067298768956123,0.05689350174121121,0.0645153939225027,0.09668213997826607,0.05689350174121121,0.08067298768956123
1500,0.053136054200309944,0.06089545339042434,0.03647331760896259,0.06089545339042434,0.053136054200309944,0.06089545339042434,0.17079799701340012,0.03647331760896259
1501,0.11761631471067698,0.09361200766857489,0.031211403486147822,0.031211403486147822,0.031211403486147822,0.09361200766857489,0.08506475444609406,0.031211403486147822
1502,0.12745586122789113,0.040543574746015644,0.07174844562225573,0.040543574746015644,0.040543574746015644,0.040543574746015644,0.20640028480339795,0.07174844562225573
1503,0.03559082942175388,0.12959971872166232,0.08110261038946152,0.03559082942175388,0.03559082942175388,0.12959971872166232,0.17531645407933474,0.08110261038946152
1504,0.05533881437250298,0.08073652853065706,0.06970651144978617,0.05533881437250298,0.08073652853065706,0.08073652853065706,0.15450988651403463,0.06970651144978617
1505,0.0751961499063955,0.052829229980558716,0.03430662757946409,0.03430662757946409,0.052829229980558716,0.052829229980558716,0.17403850675484492,0.03430662757946409
1506,0.05863755280945609,0.06372088817608482,0.06082942851922435,0.05863755280945609,0.06372088817608482,0.06372088817608482,0.1873270059072184,0.06082942851922435
1507,0.053542424365384055,0.0357016429438528,0.066163895348701,0.053542424365384055,0.0357016429438528,0.0357016429438528,0.20416588706603736,0.066163895348701
1508,0.05732513216345005,0.034925684505614264,0.0566529104173953,0.034925684505614264,0.05732513216345005,0.034925684505614264,0.16175596612891346,0.0566529104173953
1509,0.04344683334171921,0.14348142975139042,0.07112369109597913,0.05546318189125428,0.04344683334171921,0.14348142975139042,0.05546318189125428,0.07112369109597913
1510,0.04673302276311182,0.057265521811773,0.06430835237283032,0.04673302276311182,0.057265521811773,0.057265521811773,0.1957606570200847,0.06430835237283032
1511,0.18266885122805365,0.04965975926097944,0.07123536711987145,0.04965975926097944,0.04965975926097944,0.04965975926097944,0.17127070266311756,0.07123536711987145
1512,0.21361411431654753,0.14424491669956838,0.020949478109028127,0.020949478109028127,0.020949478109028127,0.14424491669956838,0.179291179813991,0.020949478109028127
1513,0.16809486533042245,0.03142684157358033,0.09297903023413173,0.03142684157358033,0.03142684157358033,0.03142684157358033,0.13699985473836368,0.09297903023413173
1514,0.2301310450691692,0.066881291496918,0.058705185886729364,0.066881291496918,0.03786944321852355,0.066881291496918,0.03786944321852355,0.058705185886729364
1515,0.13579050634603176,0.09486547888759903,0.02594469298815957,0.02594469298815957,0.02594469298815957,0.09486547888759903,0.15103862164947843,0.02594469298815957
1516,0.06404987960370671,0.08646273839945855,0.04997155184692008,0.04997155184692008,0.06404987960370671,0.08646273839945855,0.17926309541621585,0.04997155184692008
1517,0.02246779024213738,0.10773919811356979,0.05941235711792147,0.02246779024213738,0.02246779024213738,0.10773919811356979,0.18677847363196445,0.05941235711792147
1518,0.18917495081805086,0.07416442926254445,0.017884145736964,0.017884145736964,0.017884145736964,0.07416442926254445,0.12375686498761906,0.017884145736964
1519,0.18461162375912585,0.052935891189572204,0.07148190607978297,0.052935891189572204,0.06137169898902155,0.052935891189572204,0.06137169898902155,0.07148190607978297
1520,0.11760962457126807,0.10008941779867615,0.028894378062611577,0.028894378062611577,0.03999511017156739,0.10008941779867615,0.03999511017156739,0.028894378062611577
1521,0.19458774780286994,0.07479990364394383,0.050628417534143294,0.050628417534143294,0.07479990364394383,0.07479990364394383,0.15025323935989543,0.050628417534143294
1522,0.03518139310886629,0.043260115283363855,0.03518139310886629,0.04514709580996902,0.043260115283363855,0.043260115283363855,0.04514709580996902,0.03518139310886629
1523,0.12248717115625517,0.04748018450328774,0.021754489503236576,0.10863572331257164,0.021754489503236576,0.10863572331257164,0.04748018450328774,0.021754489503236576
1524,0.1644787266744866,0.12678885573802318,0.03393249827372292,0.03393249827372292,0.07088302539243804,0.12678885573802318,0.07088302539243804,0.03393249827372292
1525,0.19747116318180225,0.07081235528716749,0.06763999967874518,0.07081235528716749,0.044419783583151656,0.07081235528716749,0.044419783583151656,0.06763999967874518
1526,0.08434368911048572,0.08457002592927819,0.0649959773990618,0.05894298796637753,0.08434368911048572,0.08457002592927819,0.05894298796637753,0.0649959773990618
1527,0.0673728485906015,0.06714265418868617,0.039469291639370956,0.06714265418868617,0.0673728485906015,0.06714265418868617,0.081466876368417,0.039469291639370956
1528,0.05018601522602739,0.11175416041148206,0.06827531417702194,0.0314733959502114,0.05018601522602739,0.11175416041148206,0.0314733959502114,0.06827531417702194
1529,0.04322227805655789,0.10739642682042666,0.04008419088181133,0.04322227805655789,0.04008419088181133,0.10739642682042666,0.18377867956873395,0.04008419088181133
1530,0.10482270374538671,0.017196319730110685,0.017196319730110685,0.017196319730110685,0.046726314498707594,0.30725624243082306,0.046726314498707594,0.017196319730110685
1531,0.06748617199491747,0.11591037834158423,0.01992233241656012,0.01992233241656012,0.06748617199491747,0.11591037834158423,0.18084593174227184,0.01992233241656012
1532,0.024066582887030057,0.11564578258334998,0.07879878198850092,0.024066582887030057,0.024066582887030057,0.11564578258334998,0.14817688775984983,0.07879878198850092
1533,0.17922062960638716,0.0824130527412226,0.0366012288254489,0.0366012288254489,0.05236871509310053,0.0824130527412226,0.05236871509310053,0.0366012288254489
1534,0.22256853482170982,0.04841360180204689,0.07259422203552594,0.04841360180204689,0.05085117576147014,0.04841360180204689,0.05085117576147014,0.07259422203552594
1535,0.15558033905103524,0.09666998304770101,0.024806738742082852,0.024806738742082852,0.05083904176210747,0.09666998304770101,0.05083904176210747,0.024806738742082852
1536,0.12152985770647314,0.1461720554934401,0.09949922631012462,0.027990899536697922,0.027990899536697922,0.1461720554934401,0.027990899536697922,0.09949922631012462
1537,0.06475838425093824,0.04983402847891597,0.07996799406353312,0.04983402847891597,0.06475838425093824,0.04983402847891597,0.14514674702687372,0.07996799406353312
1538,0.0402256214423069,0.06526220168703176,0.06166481467985543,0.06526220168703176,0.0402256214423069,0.06526220168703176,0.1945183520821474,0.06166481467985543
1539,0.13195095663164347,0.11701168588909064,0.017040364976364807,0.017040364976364807,0.017040364976364807,0.11701168588909064,0.11880096825974082,0.017040364976364807
1540,0.06828625543471098,0.054246764933724705,0.06971786693208586,0.054246764933724705,0.06828625543471098,0.054246764933724705,0.13328837873163465,0.06971786693208586
1541,0.049880580474494826,0.06638512746006874,0.0633241653727818,0.049880580474494826,0.049880580474494826,0.44168335064000896,0.06638512746006874,0.0633241653727818
1542,0.05609605926954974,0.09981756411754619,0.07427756679001317,0.04660663355520359,0.05609605926954974,0.09981756411754619,0.04660663355520359,0.07427756679001317
1543,0.06735491960142338,0.11599403321405523,0.0543059541499345,0.05141399250337053,0.06735491960142338,0.11599403321405523,0.05141399250337053,0.0543059541499345
1544,0.039715846135456034,0.024314112953886177,0.024314112953886177,0.024314112953886177,0.039715846135456034,0.4174607768751452,0.1284235604694767,0.024314112953886177
1545,0.041761022571632306,0.063999877304784,0.07252858232078212,0.041761022571632306,0.063999877304784,0.063999877304784,0.14872494868247005,0.07252858232078212
1546,0.22730659568863876,0.0378822714264568,0.04203669661404454,0.04203669661404454,0.0378822714264568,0.0378822714264568,0.13796790166751427,0.04203669661404454
1547,0.06446674922740094,0.10110903540498159,0.034140547272516676,0.06446674922740094,0.034140547272516676,0.10110903540498159,0.1454233061721121,0.034140547272516676
1548,0.25770500713780475,0.10613660211833952,0.0804774200931321,0.03238490380268313,0.03238490380268313,0.10613660211833952,0.03238490380268313,0.0804774200931321
1549,0.03108558318152443,0.03108558318152443,0.04149079253279786,0.04149079253279786,0.03108558318152443,0.38477178644898274,0.13946909100015006,0.04149079253279786
1550,0.15049897260418527,0.13599903246687556,0.04017428268293711,0.04017428268293711,0.04017428268293711,0.13599903246687556,0.15061007957901804,0.04017428268293711
1551,0.14301936458048622,0.05516078682807407,0.042928105915450376,0.042928105915450376,0.05516078682807407,0.05516078682807407,0.10599433321472919,0.042928105915450376
1552,0.15077152482739906,0.07030645336634428,0.04444759294061743,0.04444759294061743,0.07030645336634428,0.07030645336634428,0.1107229329167029,0.04444759294061743
1553,0.038936537350261986,0.06903024764568835,0.07899346801561011,0.038936537350261986,0.06903024764568835,0.06903024764568835,0.10847575018466667,0.07899346801561011
1554,0.17054407410085812,0.06513603023427048,0.036568799463105636,0.036568799463105636,0.06513603023427048,0.06513603023427048,0.18871839068033933,0.036568799463105636
1555,0.20401651198942225,0.04897376953574279,0.08706310677377403,0.04897376953574279,0.04897376953574279,0.04897376953574279,0.1909589425588132,0.08706310677377403
1556,0.07105320487894186,0.12549744686078887,0.021537193982813084,0.021537193982813084,0.07105320487894186,0.12549744686078887,0.10991986120883003,0.021537193982813084
1557,0.045810614390356275,0.0610496112382912,0.06775317873915673,0.0610496112382912,0.045810614390356275,0.0610496112382912,0.09304956236634636,0.06775317873915673
1558,0.19309037199890453,0.026796902368733874,0.026796902368733874,0.026796902368733874,0.06506366542817402,0.262430042252529,0.06506366542817402,0.026796902368733874
1559,0.0730666273612185,0.11963439033674174,0.03674825370922787,0.03674825370922787,0.05815599349078008,0.11963439033674174,0.05815599349078008,0.03674825370922787
1560,0.06038290264769909,0.11205641017212759,0.06676279616073853,0.06038290264769909,0.07119138708728633,0.11205641017212759,0.07119138708728633,0.06676279616073853
1561,0.06564449759596053,0.07998271883604585,0.07085401993626315,0.06564449759596053,0.06067175711876845,0.07998271883604585,0.06067175711876845,0.07085401993626315
1562,0.07497954730094124,0.07497954730094124,0.03252023004722911,0.03252023004722911,0.05155432698624125,0.32806766657605857,0.05155432698624125,0.03252023004722911
1563,0.14986701983415168,0.03397595015929809,0.07249534340840007,0.03397595015929809,0.03397595015929809,0.03397595015929809,0.16316847727971617,0.07249534340840007
1564,0.03787384404447166,0.1111711340799507,0.029272651934676375,0.03787384404447166,0.029272651934676375,0.1111711340799507,0.12557267055458385,0.029272651934676375
1565,0.13998284266206207,0.09561359858728433,0.03966152488868544,0.03966152488868544,0.06430287573095578,0.09561359858728433,0.06430287573095578,0.03966152488868544
1566,0.12988915107291582,0.12290896214915087,0.023324010452988823,0.023324010452988823,0.03759421500474368,0.12290896214915087,0.03759421500474368,0.023324010452988823
1567,0.18052273910052313,0.12137428611475883,0.02706655353637855,0.02706655353637855,0.02706655353637855,0.12137428611475883,0.2060093435984642,0.02706655353637855
1568,0.06027186440942947,0.12641458356683039,0.05615467863786005,0.05615467863786005,0.06027186440942947,0.12641458356683039,0.16357328412063393,0.05615467863786005
1569,0.07291382800150395,0.11083907850700289,0.0596678204133115,0.039630822258808054,0.07291382800150395,0.11083907850700289,0.039630822258808054,0.0596678204133115
1570,0.058637116197027855,0.045391019634220646,0.03919050332501442,0.045391019634220646,0.058637116197027855,0.045391019634220646,0.15255243668058122,0.03919050332501442
1571,0.048786053272748625,0.10296547149065902,0.048786053272748625,0.05441764015003014,0.05441764015003014,0.10296547149065902,0.13027714030879703,0.048786053272748625
1572,0.036357731605919194,0.09745343038853485,0.03319986386498297,0.03319986386498297,0.036357731605919194,0.09745343038853485,0.12278737835755481,0.03319986386498297
1573,0.10436711288422112,0.11323487527982705,0.05960798033386969,0.01771537138051632,0.01771537138051632,0.11323487527982705,0.01771537138051632,0.05960798033386969
1574,0.1663962553701971,0.13038321782274748,0.054432879888843044,0.04626166855781835,0.054432879888843044,0.13038321782274748,0.04626166855781835,0.054432879888843044
1575,0.10468040356694479,0.04333083643352148,0.04129179953156759,0.04333083643352148,0.04129179953156759,0.04333083643352148,0.15795406839663098,0.04129179953156759
1576,0.15190702003322032,0.08329042656974328,0.07294104530878608,0.060104065076692366,0.08329042656974328,0.08329042656974328,0.060104065076692366,0.07294104530878608
1577,0.08583305808325006,0.030397617224223166,0.09281212224749699,0.030397617224223166,0.030397617224223166,0.030397617224223166,0.1866133874358897,0.09281212224749699
1578,0.049089420662745034,0.10207253267145777,0.026300485936356095,0.026300485936356095,0.049089420662745034,0.10207253267145777,0.21648593068401742,0.026300485936356095
1579,0.05509093815415673,0.07509498682395471,0.05206788389457855,0.05509093815415673,0.05206788389457855,0.07509498682395471,0.22250595658171843,0.05206788389457855
1580,0.12196601248112757,0.12797463580118085,0.03573392699467967,0.043579401915581274,0.03573392699467967,0.12797463580118085,0.043579401915581274,0.03573392699467967
1581,0.03296684797478765,0.14346303319835924,0.07581004754492796,0.03296684797478765,0.03296684797478765,0.14346303319835924,0.13849675472721745,0.07581004754492796
1582,0.20209704925120442,0.048354312897424874,0.02740777010747936,0.02740777010747936,0.048354312897424874,0.048354312897424874,0.15167419094553974,0.02740777010747936
1583,0.22077749530051502,0.045445865323975536,0.05776235195926049,0.04968098407109857,0.045445865323975536,0.045445865323975536,0.04968098407109857,0.05776235195926049
1584,0.043367707806386276,0.056115552223513554,0.06932224646977168,0.056115552223513554,0.043367707806386276,0.056115552223513554,0.11391933980458892,0.06932224646977168
1585,0.0219367591538514,0.1321149868500792,0.046919182109937126,0.0219367591538514,0.046919182109937126,0.1321149868500792,0.1732809600800306,0.046919182109937126
1586,0.07484781008019353,0.06486099700315345,0.03554179947456259,0.07484781008019353,0.03554179947456259,0.06486099700315345,0.1706455740480322,0.03554179947456259
1587,0.1482186813055116,0.151137979523147,0.027649627530213196,0.027649627530213196,0.044022423338264484,0.151137979523147,0.044022423338264484,0.027649627530213196
1588,0.07548653610222293,0.06771380071253838,0.11152825490759802,0.06771380071253838,0.07548653610222293,0.06771380071253838,0.12201629246419748,0.11152825490759802
1589,0.06577752029525649,0.1417035492395829,0.031314322944355225,0.031314322944355225,0.06577752029525649,0.1417035492395829,0.1482668201879394,0.031314322944355225
1590,0.05433187162722526,0.12818180299776896,0.043973618987498575,0.043973618987498575,0.05433187162722526,0.12818180299776896,0.16275232750734595,0.043973618987498575
1591,0.07693088567100591,0.10389299272239563,0.04571845483661436,0.04571845483661436,0.07693088567100591,0.10389299272239563,0.15430436686263033,0.04571845483661436
1592,0.08341585986059556,0.11304149941238957,0.07768061842084213,0.04440610387692757,0.08341585986059556,0.11304149941238957,0.04440610387692757,0.07768061842084213
1593,0.01912171786150533,0.10418606789512852,0.06375199107908963,0.01912171786150533,0.01912171786150533,0.10418606789512852,0.17607039548156694,0.06375199107908963
1594,0.049349064355588654,0.06965176240447112,0.07428979504229864,0.049349064355588654,0.06965176240447112,0.06965176240447112,0.15760271557073954,0.07428979504229864
1595,0.16272085893396945,0.06547899313904697,0.030113918086704487,0.030113918086704487,0.06547899313904697,0.06547899313904697,0.08373221370203093,0.030113918086704487
1596,0.22719560645517065,0.04302509054903916,0.06184308951608819,0.04302509054903916,0.04302509054903916,0.04302509054903916,0.1206969933847006,0.06184308951608819
1597,0.09621101276043541,0.11193796353352366,0.0505393294019826,0.0505393294019826,0.09621101276043541,0.11193796353352366,0.14088866713084353,0.0505393294019826
1598,0.04381109933939278,0.14511848591688387,0.05459604126058019,0.04381109933939278,0.04381109933939278,0.14511848591688387,0.15901425581383183,0.05459604126058019
1599,0.05459063901230931,0.027091263765102947,0.07050311443714248,0.05459063901230931,0.027091263765102947,0.2975022227667291,0.027091263765102947,0.07050311443714248
1600,0.05443976260951754,0.061524001016085704,0.06991695881936047,0.061524001016085704,0.05443976260951754,0.061524001016085704,0.12728404011717745,0.06991695881936047
1601,0.05044049374686997,0.06934988748887931,0.04727668764763807,0.06934988748887931,0.05044049374686997,0.06934988748887931,0.10431812886800358,0.04727668764763807
1602,0.1567213828504633,0.03701258686801298,0.07730639858131985,0.03701258686801298,0.03701258686801298,0.03701258686801298,0.16311125635696816,0.07730639858131985
1603,0.0852214779875449,0.04591377689895529,0.042260366412936165,0.04591377689895529,0.0852214779875449,0.04591377689895529,0.18053573495506614,0.042260366412936165
1604,0.08135364611335882,0.12139550817835124,0.04518182506295115,0.04518182506295115,0.08135364611335882,0.12139550817835124,0.14793917156469416,0.04518182506295115
1605,0.07340993190150014,0.10813390559976245,0.0694761031555162,0.04927674168364621,0.07340993190150014,0.10813390559976245,0.04927674168364621,0.0694761031555162
1606,0.04121960876083471,0.14687926470504925,0.03155058724841123,0.03155058724841123,0.04121960876083471,0.14687926470504925,0.14477589407045813,0.03155058724841123
1607,0.1614532579961442,0.07869347021524253,0.03116808589888807,0.03116808589888807,0.05368093432058811,0.07869347021524253,0.05368093432058811,0.03116808589888807
1608,0.08318746649975763,0.03451881893869285,0.06629766421540899,0.03451881893869285,0.03451881893869285,0.03451881893869285,0.176994133649536,0.06629766421540899
1609,0.03813055153441249,0.12457938321963716,0.07128530884599608,0.04856536865750977,0.03813055153441249,0.12457938321963716,0.04856536865750977,0.07128530884599608
1610,0.02646695176975179,0.045684180308723746,0.02646695176975179,0.045684180308723746,0.04401097475812378,0.045684180308723746,0.04401097475812378,0.02646695176975179
1611,0.10123169660840074,0.1113770253198818,0.03142304480847605,0.10123169660840074,0.03142304480847605,0.1113770253198818,0.1215587327396671,0.03142304480847605
1612,0.07162632867990462,0.11019855252602291,0.03665838952908078,0.03665838952908078,0.07162632867990462,0.11019855252602291,0.18426064585197252,0.03665838952908078
1613,0.02827051363699798,0.14590416818817467,0.044208133601606386,0.04901064654090063,0.02827051363699798,0.14590416818817467,0.04901064654090063,0.044208133601606386
1614,0.18085440526802238,0.04057232012014709,0.06732598249682943,0.04057232012014709,0.04057232012014709,0.04057232012014709,0.1932600449050044,0.06732598249682943
1615,0.06817617779949783,0.062026160929951,0.08408747296587199,0.062026160929951,0.06817617779949783,0.062026160929951,0.12434101984832087,0.08408747296587199
1616,0.032664664724096834,0.11641515040585634,0.06453264341287968,0.05386536637152471,0.032664664724096834,0.11641515040585634,0.05386536637152471,0.06453264341287968
1617,0.2257211626192284,0.04874890012511523,0.08563375117557477,0.046550357921886436,0.04874890012511523,0.04874890012511523,0.046550357921886436,0.08563375117557477
1618,0.03471175630004311,0.1103664783904809,0.06202401669389662,0.06603411910275957,0.03471175630004311,0.1103664783904809,0.06603411910275957,0.06202401669389662
1619,0.1341633601033234,0.06891484065454336,0.021858288222457625,0.06891484065454336,0.021858288222457625,0.06891484065454336,0.1509964504893745,0.021858288222457625
1620,0.22661208771096192,0.026346083138936015,0.07773230862702446,0.026346083138936015,0.026346083138936015,0.026346083138936015,0.13230699266615512,0.07773230862702446
1621,0.14406492586268055,0.05832131902964392,0.03923994930013033,0.05832131902964392,0.03923994930013033,0.05832131902964392,0.16203359782459303,0.03923994930013033
1622,0.0598964654501623,0.03394356935418126,0.059154485633619525,0.03394356935418126,0.03394356935418126,0.03394356935418126,0.12435718648395648,0.059154485633619525
1623,0.26956703734355825,0.06819356029040856,0.04411783855671801,0.03405296617845634,0.03405296617845634,0.06819356029040856,0.03405296617845634,0.04411783855671801
1624,0.1767751761602618,0.08317734588510374,0.0166428704750877,0.0166428704750877,0.0166428704750877,0.08317734588510374,0.11198098607929506,0.0166428704750877
1625,0.0894797123412735,0.07205682714729934,0.06737915645120059,0.0894797123412735,0.07205682714729934,0.07205682714729934,0.13102041795383756,0.06737915645120059
1626,0.21551980371492693,0.02731878836080153,0.07118475479284898,0.02731878836080153,0.02731878836080153,0.02731878836080153,0.17198724022247153,0.07118475479284898
1627,0.08863917333814676,0.0859390218625864,0.03871347438421342,0.04414256067366304,0.03871347438421342,0.0859390218625864,0.04414256067366304,0.03871347438421342
1628,0.046534788077801426,0.06611689496198178,0.06057833035472229,0.06611689496198178,0.046534788077801426,0.06611689496198178,0.13826150390330255,0.06057833035472229
1629,0.052057621064365296,0.104854112695504,0.031117857255919215,0.031117857255919215,0.052057621064365296,0.104854112695504,0.18146692977722775,0.031117857255919215
1630,0.06782676354066909,0.03244303235729281,0.05193459901722824,0.135375598767736,0.06782676354066909,0.135375598767736,0.03244303235729281,0.05193459901722824
1631,0.07524166085439112,0.06956585771849695,0.04435544726323964,0.06956585771849695,0.07524166085439112,0.06956585771849695,0.18110995054661416,0.04435544726323964
1632,0.030304495943552463,0.12444811909763182,0.030304495943552463,0.05676108823098095,0.20912985662772562,0.12444811909763182,0.05676108823098095,0.030304495943552463
1633,0.042578600740951114,0.042578600740951114,0.07874689183280068,0.053644762878320734,0.042578600740951114,0.30743806290795317,0.053644762878320734,0.07874689183280068
1634,0.036467608398955804,0.14730572875694775,0.06967259238350193,0.036467608398955804,0.05654322448014373,0.14730572875694775,0.05654322448014373,0.06967259238350193
1635,0.02604881585331183,0.02604881585331183,0.07171342577331195,0.027547263261979735,0.02604881585331183,0.42401571296528884,0.027547263261979735,0.07171342577331195
1636,0.11421217921776247,0.08922977733307702,0.022860135589054826,0.022860135589054826,0.022860135589054826,0.08922977733307702,0.09467432997080494,0.022860135589054826
1637,0.05320429379652683,0.07040736152421488,0.029002282388325425,0.029002282388325425,0.07040736152421488,0.07040736152421488,0.05320429379652683,0.029002282388325425
1638,0.0849048976503351,0.06129923646706653,0.068480503550058,0.0849048976503351,0.06129923646706653,0.06129923646706653,0.17663778798621266,0.068480503550058
1639,0.1574974933900248,0.09424969203443184,0.056439829837727454,0.05594039340692631,0.09424969203443184,0.09424969203443184,0.05594039340692631,0.056439829837727454
1640,0.14301501223446186,0.033630334098656726,0.05742460331307522,0.033630334098656726,0.033630334098656726,0.033630334098656726,0.17440161876351773,0.05742460331307522
1641,0.025276604949888763,0.14991706143936617,0.08644590300125257,0.025276604949888763,0.16919166329363058,0.14991706143936617,0.025276604949888763,0.08644590300125257
1642,0.039782896046108386,0.06404346142441948,0.039782896046108386,0.06404346142441948,0.08759996301796114,0.06404346142441948,0.09761632308534272,0.039782896046108386
1643,0.013176875582933087,0.12150405179502845,0.09550993543154619,0.013176875582933087,0.013176875582933087,0.12150405179502845,0.1372461787941057,0.09550993543154619
1644,0.10172236296152067,0.09198927856620383,0.08703112673261217,0.03612084078567009,0.03612084078567009,0.09198927856620383,0.03612084078567009,0.08703112673261217
1645,0.07799055345841036,0.12685376638423235,0.05419817259591432,0.04031883173633133,0.07799055345841036,0.12685376638423235,0.04031883173633133,0.05419817259591432
1646,0.05880500927311631,0.0793531490941511,0.06371280393342824,0.0793531490941511,0.05880500927311631,0.0793531490941511,0.15117017101264485,0.06371280393342824
1647,0.12721805499293934,0.13594683013383857,0.02082981415745083,0.02082981415745083,0.02082981415745083,0.13594683013383857,0.14594852390031549,0.02082981415745083
1648,0.15018374951251273,0.07669684431175174,0.05987336167482588,0.07669684431175174,0.055466940348357356,0.07669684431175174,0.055466940348357356,0.05987336167482588
1649,0.11791850969381472,0.05607524985406375,0.05026386311981298,0.06621607481447878,0.05607524985406375,0.05607524985406375,0.06621607481447878,0.05026386311981298
1650,0.04283114611403829,0.11986842390327683,0.04335952771350516,0.04283114611403829,0.04335952771350516,0.11986842390327683,0.17045826621070995,0.04335952771350516
1651,0.0527669074950892,0.0876521432667614,0.05927418232724339,0.05195621771402686,0.0527669074950892,0.0876521432667614,0.05195621771402686,0.05927418232724339
1652,0.1419868124411448,0.11092947968487785,0.07672721485798362,0.032290488806628985,0.032290488806628985,0.11092947968487785,0.032290488806628985,0.07672721485798362
1653,0.06199027717706292,0.13382574226881983,0.03571365619406123,0.06199027717706292,0.03571365619406123,0.13382574226881983,0.1924092883939742,0.03571365619406123
1654,0.07411985997423791,0.1411289292138645,0.07207193771906786,0.05353014024157223,0.07411985997423791,0.1411289292138645,0.05353014024157223,0.07207193771906786
1655,0.05106990280742085,0.12264804741604507,0.07452014672198545,0.06032304414407272,0.05106990280742085,0.12264804741604507,0.06032304414407272,0.07452014672198545
1656,0.10472028250381937,0.045782269594635897,0.09310157060645496,0.045782269594635897,0.045782269594635897,0.045782269594635897,0.13195923808003363,0.09310157060645496
1657,0.0372832440642233,0.123515836357359,0.05313236057766592,0.0372832440642233,0.044372325024969475,0.123515836357359,0.044372325024969475,0.05313236057766592
1658,0.08482214643499864,0.09865260101369977,0.017129580336427943,0.017129580336427943,0.017129580336427943,0.09865260101369977,0.13478296545961427,0.017129580336427943
1659,0.024938519372446306,0.13413073837610787,0.05740894296850252,0.024938519372446306,0.024938519372446306,0.13413073837610787,0.090349212376522,0.05740894296850252
1660,0.04008313540868652,0.05963523692191666,0.04008313540868652,0.21654829664428663,0.05963523692191666,0.05963523692191666,0.12728200656336702,0.04008313540868652
1661,0.05657958287613105,0.07200121538594122,0.0471053066564952,0.05657958287613105,0.07200121538594122,0.07200121538594122,0.12296202826275056,0.0471053066564952
1662,0.14533849935450005,0.03686143971940786,0.053500692353690635,0.03686143971940786,0.03686143971940786,0.03686143971940786,0.11854482771353869,0.053500692353690635
1663,0.08210429177503802,0.0977432155725219,0.023402316587064372,0.023402316587064372,0.05340453582631928,0.0977432155725219,0.05340453582631928,0.023402316587064372
1664,0.1654854015350054,0.06402737441467539,0.06561571919559214,0.023259311579200824,0.023259311579200824,0.06402737441467539,0.023259311579200824,0.06561571919559214
1665,0.046892349364548884,0.07465065073859684,0.06953102001503268,0.046892349364548884,0.07465065073859684,0.07465065073859684,0.15134741641183766,0.06953102001503268
1666,0.14880432129992832,0.052008337114060686,0.06493106158610659,0.062278901465420776,0.052008337114060686,0.052008337114060686,0.062278901465420776,0.06493106158610659
1667,0.1957879099535181,0.03297309034494226,0.06087084335762461,0.03297309034494226,0.03297309034494226,0.03297309034494226,0.1581014641497036,0.06087084335762461
1668,0.06411934020813798,0.14634395412474258,0.07114940107170539,0.05196771611249974,0.06411934020813798,0.14634395412474258,0.05196771611249974,0.07114940107170539
1669,0.06083891521685998,0.12578004950673843,0.05537174450312553,0.052323379415789496,0.06083891521685998,0.12578004950673843,0.052323379415789496,0.05537174450312553
1670,0.02346935246023966,0.11796898858798165,0.04882640852710764,0.02346935246023966,0.02346935246023966,0.11796898858798165,0.1474760641980153,0.04882640852710764
1671,0.12413594298625015,0.02625165112801682,0.05761549578600508,0.02625165112801682,0.02625165112801682,0.02625165112801682,0.1403291452323508,0.05761549578600508
1672,0.14496270780193288,0.03022305875165374,0.03022305875165374,0.029479851088245905,0.029479851088245905,0.3459072204221734,0.029479851088245905,0.03022305875165374
1673,0.09147109023565374,0.05060637941473211,0.08499633886757361,0.12129591698124119,0.09147109023565374,0.12129591698124119,0.05060637941473211,0.08499633886757361
1674,0.03826270436354611,0.11561710368074354,0.08148207675637947,0.03826270436354611,0.03826270436354611,0.11561710368074354,0.12956659379737093,0.08148207675637947
1675,0.14301467457055156,0.12093007197335039,0.07005172174129816,0.023531126838813195,0.023531126838813195,0.12093007197335039,0.023531126838813195,0.07005172174129816
1676,0.1491123392003187,0.0407320770833298,0.06225622927911003,0.0407320770833298,0.0407320770833298,0.0407320770833298,0.1810395514836539,0.06225622927911003
1677,0.0461273457694022,0.09879198484497542,0.05287531051450308,0.06393369522140671,0.0461273457694022,0.09879198484497542,0.06393369522140671,0.05287531051450308
1678,0.05338825565815979,0.07415103566734879,0.07617863507230187,0.07415103566734879,0.05338825565815979,0.07415103566734879,0.12760790102207117,0.07617863507230187
1679,0.03916640371669764,0.11965826972683957,0.027697808173431808,0.027697808173431808,0.03916640371669764,0.11965826972683957,0.1904542977319902,0.027697808173431808
1680,0.043221225189544556,0.0172962413493248,0.0172962413493248,0.043221225189544556,0.0172962413493248,0.40696939491185496,0.17764750727058287,0.0172962413493248
1681,0.23103149660491218,0.06898255983661439,0.03607141801465499,0.03607141801465499,0.06898255983661439,0.06898255983661439,0.1494059611405789,0.03607141801465499
1682,0.09978299568310402,0.0755201044354025,0.03371989334663192,0.03371989334663192,0.0755201044354025,0.0755201044354025,0.15327683184292107,0.03371989334663192
1683,0.15926516188318618,0.060271175689947436,0.035462450221321926,0.035462450221321926,0.060271175689947436,0.060271175689947436,0.10402723513303158,0.035462450221321926
1684,0.1450660144056704,0.04513407197323746,0.051774763920704514,0.04513407197323746,0.04513407197323746,0.04513407197323746,0.1522794795888823,0.051774763920704514
1685,0.032388930125100274,0.032388930125100274,0.06616917287760597,0.14924999823716573,0.032388930125100274,0.14924999823716573,0.16060890142381815,0.06616917287760597
1686,0.16136215658068492,0.057099002666549714,0.05439235704628852,0.05439235704628852,0.057099002666549714,0.057099002666549714,0.13973908711441677,0.05439235704628852
1687,0.06985579329827767,0.05583911857164,0.0729086741353585,0.06985579329827767,0.05583911857164,0.05583911857164,0.15066573961660468,0.0729086741353585
1688,0.03928718676876513,0.03928718676876513,0.043307499301289486,0.042242246125867966,0.10717173047126367,0.10717173047126367,0.042242246125867966,0.043307499301289486
1689,0.13888885229483403,0.054570500449696566,0.03156370323105116,0.03156370323105116,0.054570500449696566,0.054570500449696566,0.17081211754578624,0.03156370323105116
1690,0.04333628897970499,0.10549291051049463,0.08925633654709852,0.05883337536513118,0.04333628897970499,0.10549291051049463,0.05883337536513118,0.08925633654709852
1691,0.2065850576850945,0.1291868458768454,0.02765416114290072,0.059259552959768265,0.02765416114290072,0.1291868458768454,0.059259552959768265,0.02765416114290072
1692,0.03934327428626476,0.08152600518842701,0.03934327428626476,0.08152600518842701,0.02209418381090159,0.08152600518842701,0.02209418381090159,0.03934327428626476
1693,0.031521347476073394,0.14023262111552126,0.044790786422287385,0.031521347476073394,0.044790786422287385,0.14023262111552126,0.17530804728890284,0.044790786422287385
1694,0.1548992772493048,0.03986613510422654,0.043842308857770025,0.03986613510422654,0.03986613510422654,0.03986613510422654,0.0897923107034008,0.043842308857770025
1695,0.07454604027069908,0.13733751787885656,0.03203181780412242,0.07454604027069908,0.03203181780412242,0.13733751787885656,0.10989825919021583,0.03203181780412242
1696,0.05009003697998933,0.13885305426614492,0.06124770181003783,0.05009003697998933,0.058268883752018795,0.13885305426614492,0.058268883752018795,0.06124770181003783
1697,0.06053083805788663,0.05891882512434693,0.04405763664713744,0.05891882512434693,0.05520935901329439,0.05891882512434693,0.05520935901329439,0.04405763664713744
1698,0.05606404897987121,0.05606404897987121,0.07170936333350306,0.03969507218168267,0.03969507218168267,0.05606404897987121,0.03969507218168267,0.07170936333350306
1699,0.01637012617792622,0.11455230260218469,0.03613063584235804,0.01637012617792622,0.01637012617792622,0.11455230260218469,0.144969652605618,0.03613063584235804
1700,0.17349684717467118,0.07414076565477211,0.03486192136423258,0.03486192136423258,0.07414076565477211,0.07414076565477211,0.15663875696203156,0.03486192136423258
1701,0.2249001026490034,0.04639348484182469,0.042510089466787686,0.04639348484182469,0.04639348484182469,0.04639348484182469,0.16298384001851027,0.042510089466787686
1702,0.059378274878336926,0.08806748155744956,0.05132754932463942,0.06405780601717233,0.059378274878336926,0.08806748155744956,0.06405780601717233,0.05132754932463942
1703,0.05082615220937725,0.09972625960481754,0.04964991817322235,0.04719096559546912,0.05082615220937725,0.09972625960481754,0.04719096559546912,0.04964991817322235
1704,0.05831445770622902,0.13582725592482264,0.03390131226067103,0.03390131226067103,0.05831445770622902,0.13582725592482264,0.19197473636660245,0.03390131226067103
1705,0.03700680962084626,0.1160892789470314,0.04284022910203295,0.04284022910203295,0.03700680962084626,0.1160892789470314,0.07556413220203717,0.04284022910203295
1706,0.04254248970931232,0.06411265438225008,0.025061058462458336,0.025061058462458336,0.06411265438225008,0.06411265438225008,0.04254248970931232,0.025061058462458336
1707,0.13536222112525895,0.06839327050382435,0.08967650176262956,0.05823064121475392,0.06839327050382435,0.06839327050382435,0.05823064121475392,0.08967650176262956
1708,0.11824857229508028,0.02897862303273079,0.02897862303273079,0.02897862303273079,0.13416531953465896,0.13416531953465896,0.18511459478410452,0.02897862303273079
1709,0.04886060299712574,0.05300161342617918,0.07477224842040035,0.04886060299712574,0.05300161342617918,0.05300161342617918,0.16878620040552722,0.07477224842040035
1710,0.038426022516190025,0.12273580681810348,0.03724292360011174,0.03724292360011174,0.038426022516190025,0.12273580681810348,0.09489895679103975,0.03724292360011174
1711,0.12472572367159558,0.06326887720069173,0.06938390772892811,0.06112601094968192,0.06326887720069173,0.06326887720069173,0.06112601094968192,0.06938390772892811
1712,0.11948156509299718,0.04826634897796413,0.04136790858494718,0.04826634897796413,0.04826634897796413,0.04826634897796413,0.15659267456455844,0.04136790858494718
1713,0.12044606893477915,0.13551130824986324,0.023020064540384796,0.023020064540384796,0.023020064540384796,0.13551130824986324,0.16109064911715026,0.023020064540384796
1714,0.01808556427100284,0.15096641063778438,0.08244363685408423,0.01808556427100284,0.01808556427100284,0.15096641063778438,0.1478698398049027,0.08244363685408423
1715,0.1354973951574926,0.07361050525083372,0.0382030179267739,0.13179654679094116,0.0382030179267739,0.13179654679094116,0.07361050525083372,0.0382030179267739
1716,0.1517018389664869,0.06675766895613058,0.03073638385239092,0.05308245346859918,0.06675766895613058,0.06675766895613058,0.05308245346859918,0.03073638385239092
1717,0.1923719235085214,0.060604943996972915,0.029393138326147834,0.029393138326147834,0.060604943996972915,0.060604943996972915,0.11329204153014846,0.029393138326147834
1718,0.13807203180651842,0.07659983435502947,0.04410671413383046,0.04410671413383046,0.07659983435502947,0.07659983435502947,0.17340025671005282,0.04410671413383046
1719,0.1166900207077725,0.056583272124806204,0.024526222932023636,0.024526222932023636,0.056583272124806204,0.056583272124806204,0.1395363496146385,0.024526222932023636
1720,0.05544172901640329,0.05255372221577196,0.05322965227138901,0.05544172901640329,0.05255372221577196,0.05255372221577196,0.14439705478357875,0.05322965227138901
1721,0.04666424865961661,0.11415411663470128,0.03166877667668788,0.03166877667668788,0.04666424865961661,0.11415411663470128,0.12976733743215507,0.03166877667668788
1722,0.2112283288072929,0.05021554678349232,0.10631775642611534,0.042293688857989196,0.05021554678349232,0.05021554678349232,0.042293688857989196,0.10631775642611534
1723,0.02821551436193347,0.02821551436193347,0.06056588576864898,0.02821551436193347,0.02821551436193347,0.2949500346327141,0.14748744429081767,0.06056588576864898
1724,0.0721914184935575,0.12587449982905585,0.04041850920959354,0.0721914184935575,0.04041850920959354,0.12587449982905585,0.14928940697102522,0.04041850920959354
1725,0.11640507230028387,0.06733626916561149,0.028115727861711667,0.028115727861711667,0.03940612048355829,0.06733626916561149,0.03940612048355829,0.028115727861711667
1726,0.05312786370458347,0.12223423912537415,0.03281246959682402,0.03281246959682402,0.05312786370458347,0.12223423912537415,0.1477267574740706,0.03281246959682402
1727,0.04156173908872157,0.06475052174728299,0.05991363711684937,0.06475052174728299,0.04156173908872157,0.06475052174728299,0.1620120154568858,0.05991363711684937
1728,0.16321424331410025,0.032491020708128385,0.04359683008658102,0.032491020708128385,0.032491020708128385,0.032491020708128385,0.11904936444835922,0.04359683008658102
1729,0.05094987193786725,0.09956154510117722,0.05383945753734935,0.05094987193786725,0.06075955639100145,0.09956154510117722,0.06075955639100145,0.05383945753734935
1730,0.2159539176896615,0.07053310034490223,0.05570608465985403,0.07053310034490223,0.0615809108287938,0.07053310034490223,0.0615809108287938,0.05570608465985403
1731,0.024696585793715944,0.10870230646049762,0.07936861977771323,0.024696585793715944,0.053821834203236066,0.10870230646049762,0.053821834203236066,0.07936861977771323
1732,0.05832772050000675,0.14724877219503138,0.07188738416798479,0.05832772050000675,0.050964086435524567,0.14724877219503138,0.050964086435524567,0.07188738416798479
1733,0.1858798453128056,0.11166256201556457,0.08165203667329403,0.029328236885093187,0.029328236885093187,0.11166256201556457,0.029328236885093187,0.08165203667329403
1734,0.028420643009455675,0.10887562688660396,0.07978063374709432,0.028420643009455675,0.028420643009455675,0.10887562688660396,0.11550095028410942,0.07978063374709432
1735,0.15711025828781,0.04427611775412708,0.0758989974296812,0.04427611775412708,0.04707520544269543,0.04427611775412708,0.04707520544269543,0.0758989974296812
1736,0.06149539575074967,0.11359478832282671,0.08914019103390595,0.06149539575074967,0.04207635174967845,0.11359478832282671,0.04207635174967845,0.08914019103390595
1737,0.10286328814416293,0.0695259199249595,0.05921598428179568,0.05921598428179568,0.0695259199249595,0.0695259199249595,0.16672316341052398,0.05921598428179568
1738,0.052998645353735045,0.06476475532054654,0.052998645353735045,0.14598051423274083,0.06476475532054654,0.06476475532054654,0.15981521977589003,0.052998645353735045
1739,0.16598866310544988,0.06171337281374229,0.026916735525193875,0.026916735525193875,0.06171337281374229,0.06171337281374229,0.13318098416017007,0.026916735525193875
1740,0.1362797212864268,0.06514209633436954,0.054047444583851696,0.054047444583851696,0.06514209633436954,0.06514209633436954,0.17291131471624943,0.054047444583851696
1741,0.06284546383782788,0.0880080108701027,0.05295371378968671,0.06284546383782788,0.0880080108701027,0.0880080108701027,0.13847659025632963,0.05295371378968671
1742,0.05486420994469013,0.07255392905777674,0.0497522821214104,0.05486420994469013,0.07255392905777674,0.07255392905777674,0.11831472742396755,0.0497522821214104
1743,0.14479140547366603,0.05516337545161558,0.04844911696494715,0.05675890305917706,0.05516337545161558,0.05516337545161558,0.05675890305917706,0.04844911696494715
1744,0.04240334102948671,0.13007762936025005,0.07859265353981305,0.04240334102948671,0.04240334102948671,0.13007762936025005,0.1213584348570169,0.07859265353981305
1745,0.12074090644531066,0.11783791690835273,0.035657415978896434,0.029256416122203657,0.029256416122203657,0.11783791690835273,0.029256416122203657,0.035657415978896434
1746,0.12096729330142424,0.07395973427598992,0.04374485360557993,0.07395973427598992,0.04374485360557993,0.07395973427598992,0.16413170835353172,0.04374485360557993
1747,0.02185811743046266,0.155488581724388,0.05597688095843114,0.02185811743046266,0.02185811743046266,0.155488581724388,0.13581530568807057,0.05597688095843114
1748,0.14805182619066318,0.08473734378304146,0.08331204814151315,0.08473734378304146,0.04678349962233711,0.08473734378304146,0.04678349962233711,0.08331204814151315
1749,0.02915982985858599,0.15638368256759744,0.039669617026018955,0.02915982985858599,0.02915982985858599,0.15638368256759744,0.14706339687978529,0.039669617026018955
1750,0.15112521331300297,0.09448262798485624,0.03218253504966965,0.03218253504966965,0.04712619475657105,0.09448262798485624,0.04712619475657105,0.03218253504966965
1751,0.2542881308998889,0.11967601925184036,0.039654370342027935,0.039654370342027935,0.04595410799416635,0.11967601925184036,0.04595410799416635,0.039654370342027935
1752,0.059649712677903664,0.06280625936622432,0.09558765356367996,0.059649712677903664,0.06280625936622432,0.06280625936622432,0.14999452727539456,0.09558765356367996
1753,0.1292018747488972,0.04696536877722996,0.03298704452370528,0.03298704452370528,0.04696536877722996,0.04696536877722996,0.16370024381587486,0.03298704452370528
1754,0.16736778109126338,0.05441203749136191,0.06214426112866753,0.05441203749136191,0.02632135091578275,0.05441203749136191,0.02632135091578275,0.06214426112866753
1755,0.1708158185170313,0.038387396291100814,0.038387396291100814,0.053803832898160125,0.10767265567034837,0.10767265567034837,0.053803832898160125,0.038387396291100814
1756,0.12618719614899487,0.039641137116484676,0.05003731347422924,0.05003731347422924,0.039641137116484676,0.039641137116484676,0.10663017135226231,0.05003731347422924
1757,0.1756990601382974,0.1358229569813591,0.032429555416892214,0.032429555416892214,0.032429555416892214,0.1358229569813591,0.136812070793697,0.032429555416892214
1758,0.06615772466408817,0.06160065401054576,0.10888712541452587,0.06615772466408817,0.06160065401054576,0.06160065401054576,0.13274160831402182,0.10888712541452587
1759,0.08779507775598287,0.05060093515540609,0.0555628469171873,0.07159857269185459,0.05060093515540609,0.05060093515540609,0.07159857269185459,0.0555628469171873
1760,0.04849618461265126,0.0786030163228336,0.04278775165881875,0.04849618461265126,0.0786030163228336,0.0786030163228336,0.2027909507200821,0.04278775165881875
1761,0.13489900426376406,0.05538620072076873,0.03572752190687672,0.03572752190687672,0.05538620072076873,0.05538620072076873,0.130352376961496,0.03572752190687672
1762,0.17400147898068666,0.06845793709751284,0.0445862410811471,0.0445862410811471,0.06845793709751284,0.06845793709751284,0.1443801737924582,0.0445862410811471
1763,0.050663811548957244,0.07109072087152289,0.08453069257741462,0.043765412680930274,0.07109072087152289,0.07109072087152289,0.043765412680930274,0.08453069257741462
1764,0.12327733422062857,0.03519393959338155,0.06216285884268168,0.03519393959338155,0.03519393959338155,0.03519393959338155,0.15414463494390637,0.06216285884268168
1765,0.14056681323755563,0.06398407078516416,0.02517121553852771,0.06398407078516416,0.02517121553852771,0.06398407078516416,0.13451882479479832,0.02517121553852771
1766,0.021191980431075046,0.14013263201629403,0.07531345855273992,0.021191980431075046,0.021191980431075046,0.14013263201629403,0.021191980431075046,0.07531345855273992
1767,0.051504295612407595,0.051504295612407595,0.024923307553577644,0.024923307553577644,0.024923307553577644,0.051504295612407595,0.12483502938362666,0.024923307553577644
1768,0.1635161021172104,0.06891446766659523,0.03901990134329293,0.03901990134329293,0.06891446766659523,0.06891446766659523,0.16707984245166344,0.03901990134329293
1769,0.16238455627296347,0.075144811621286,0.03773976539685327,0.03773976539685327,0.075144811621286,0.075144811621286,0.14168099360995243,0.03773976539685327
1770,0.14557614165615093,0.08334583166453238,0.07624530823709227,0.06539057660445106,0.08334583166453238,0.08334583166453238,0.06539057660445106,0.07624530823709227
1771,0.15438715365699296,0.041335661108547216,0.07304978425184705,0.041335661108547216,0.041335661108547216,0.041335661108547216,0.14498649960073398,0.07304978425184705
1772,0.07773027501624874,0.12970750052184563,0.0827953940984426,0.06387827681820711,0.07773027501624874,0.12970750052184563,0.06387827681820711,0.0827953940984426
1773,0.06293674668938798,0.13154071889990532,0.09275508501704312,0.06744141864315226,0.06293674668938798,0.13154071889990532,0.06744141864315226,0.09275508501704312
1774,0.04131327521029317,0.06357216063577843,0.05668606930587804,0.04720983099771586,0.04131327521029317,0.06357216063577843,0.04720983099771586,0.05668606930587804
1775,0.1300161820243356,0.04350620043401341,0.07008679513772004,0.04350620043401341,0.04350620043401341,0.04350620043401341,0.14288421761710088,0.07008679513772004
1776,0.10001549565769993,0.12142379656146818,0.046409188459975576,0.04899087212370699,0.046409188459975576,0.12142379656146818,0.04899087212370699,0.046409188459975576
1777,0.03637738782684997,0.1230314346074866,0.061121845240901945,0.03637738782684997,0.035007363467941005,0.1230314346074866,0.035007363467941005,0.061121845240901945
1778,0.02026008095495742,0.07394633057195395,0.02026008095495742,0.07394633057195395,0.02026008095495742,0.07394633057195395,0.10314032617362633,0.02026008095495742
1779,0.15263750732989453,0.058837675097497544,0.08883487857013,0.07347618769926328,0.058837675097497544,0.058837675097497544,0.07347618769926328,0.08883487857013
1780,0.11792578045201886,0.033314288858266754,0.06584851026842199,0.033314288858266754,0.033314288858266754,0.033314288858266754,0.111413471649642,0.06584851026842199
1781,0.21968560273771187,0.08988129798958303,0.03880472469176183,0.08988129798958303,0.03880472469176183,0.08988129798958303,0.13911039065762104,0.03880472469176183
1782,0.1352758034737062,0.1263152881006384,0.04718152315138776,0.0103127588032968,0.0103127588032968,0.1263152881006384,0.0103127588032968,0.04718152315138776
1783,0.1360258787608319,0.047008518121042925,0.05264288154185135,0.047008518121042925,0.047008518121042925,0.047008518121042925,0.1688037345467488,0.05264288154185135
1784,0.030439590507419456,0.05279479410102009,0.030439590507419456,0.0317889951104408,0.05279479410102009,0.05279479410102009,0.0317889951104408,0.030439590507419456
1785,0.17922413361366565,0.057259532711540835,0.049460000037788,0.049460000037788,0.057259532711540835,0.057259532711540835,0.1256765130843973,0.049460000037788
1786,0.22281380222018793,0.04866047151748986,0.07562722673617532,0.04299063139105363,0.04866047151748986,0.04866047151748986,0.04299063139105363,0.07562722673617532
1787,0.053844676686425376,0.040883012584863924,0.0806632377851153,0.040883012584863924,0.040883012584863924,0.040883012584863924,0.20849992886332666,0.0806632377851153
1788,0.16542489881461128,0.06454231970283195,0.02449632881102383,0.06454231970283195,0.02449632881102383,0.06454231970283195,0.16423542507459327,0.02449632881102383
1789,0.06597280422537811,0.039410289683489044,0.039410289683489044,0.06597280422537811,0.1114045505244448,0.1114045505244448,0.19270659465261583,0.039410289683489044
1790,0.19654209571548942,0.05779805599417145,0.0406995757493064,0.0406995757493064,0.05779805599417145,0.05779805599417145,0.11221053997865532,0.0406995757493064
1791,0.17576680382596746,0.03402488794787025,0.04809697935658689,0.03402488794787025,0.03402488794787025,0.03402488794787025,0.11119493462339888,0.04809697935658689
1792,0.0,0.1226060869099133,0.07443094226047382,0.06079356779275027,0.0,0.1226060869099133,0.06079356779275027,0.07443094226047382
1793,0.02761059129668143,0.060425932766245305,0.05293685413611616,0.060425932766245305,0.02761059129668143,0.060425932766245305,0.02761059129668143,0.05293685413611616
1794,0.05164813205146576,0.05704375126744585,0.044925643078934076,0.05704375126744585,0.1775112014803059,0.05704375126744585,0.05164813205146576,0.044925643078934076
1795,0.03646787379965004,0.09589170858397418,0.028869759232430726,0.028869759232430726,0.03646787379965004,0.09589170858397418,0.1644211928378575,0.028869759232430726
1796,0.18255796783777825,0.0642666890153402,0.04839765926509148,0.04839765926509148,0.0642666890153402,0.0642666890153402,0.11858753829866521,0.04839765926509148
1797,0.05491507639787094,0.04692020546937977,0.054016440239248106,0.04692020546937977,0.04692020546937977,0.04692020546937977,0.05491507639787094,0.054016440239248106
1798,0.1401651733102993,0.12291224729046576,0.051335842410392345,0.059913976941788696,0.051335842410392345,0.12291224729046576,0.059913976941788696,0.051335842410392345
1799,0.23692926589429172,0.06799288821433785,0.07953229900460311,0.06799288821433785,0.0525916277462522,0.06799288821433785,0.0525916277462522,0.07953229900460311
1800,0.29913142564524653,0.03902251319141575,0.07893255299327429,0.03902251319141575,0.03902251319141575,0.03902251319141575,0.12280762564518034,0.07893255299327429
1801,0.1880121592956767,0.12521314797222607,0.08806279948295746,0.024722411280194565,0.024722411280194565,0.12521314797222607,0.024722411280194565,0.08806279948295746
1802,0.06071330277102757,0.13501042310887867,0.03562699839347619,0.06071330277102757,0.03562699839347619,0.13501042310887867,0.0850012700656348,0.03562699839347619
1803,0.02401807298876742,0.14370946461569986,0.0593907999120225,0.02401807298876742,0.02401807298876742,0.14370946461569986,0.12618364996101175,0.0593907999120225
1804,0.051134470278330846,0.08364051041526796,0.02872701946028101,0.051134470278330846,0.02872701946028101,0.08364051041526796,0.14969536546257636,0.02872701946028101
1805,0.05000071398780438,0.07052824799036833,0.06653457226789469,0.18918734792176525,0.07052824799036833,0.07052824799036833,0.05000071398780438,0.06653457226789469
1806,0.07315639419807231,0.08323136413500533,0.05868730270186193,0.07315639419807231,0.08323136413500533,0.08323136413500533,0.10071823442879574,0.05868730270186193
1807,0.05447962487453588,0.08049411199083276,0.07235123915540481,0.05447962487453588,0.08049411199083276,0.08049411199083276,0.1765798061353622,0.07235123915540481
1808,0.15174970010865876,0.07927007784096847,0.05032646351071991,0.05032646351071991,0.07927007784096847,0.07927007784096847,0.16201295546692449,0.05032646351071991
1809,0.03729286104444599,0.05864523540721229,0.07174485073851354,0.03729286104444599,0.05864523540721229,0.05864523540721229,0.13970407010085248,0.07174485073851354
1810,0.03852905964271262,0.07686101490892044,0.06770560296132769,0.03852905964271262,0.07686101490892044,0.07686101490892044,0.19461054574906345,0.06770560296132769
1811,0.11667839770705346,0.03954543759564996,0.08407147303420617,0.03954543759564996,0.03954543759564996,0.03954543759564996,0.1772702639285812,0.08407147303420617
1812,0.041167269216919176,0.028135774411114728,0.028135774411114728,0.028135774411114728,0.041167269216919176,0.43278247625941796,0.12118812901248072,0.028135774411114728
1813,0.16802960920468676,0.06545457148064242,0.08356482575328067,0.0612713735765991,0.06545457148064242,0.06545457148064242,0.0612713735765991,0.08356482575328067
1814,0.2121491432453977,0.03735668377500355,0.07384043973098134,0.03735668377500355,0.03735668377500355,0.03735668377500355,0.15573698598136715,0.07384043973098134
1815,0.07359486059959494,0.12929382104616635,0.05655126525511553,0.044044321286481884,0.07359486059959494,0.12929382104616635,0.044044321286481884,0.05655126525511553
1816,0.039177736435163535,0.13070736629959356,0.04148899963337971,0.051264366996645695,0.039177736435163535,0.13070736629959356,0.051264366996645695,0.04148899963337971
1817,0.10301199256728742,0.12328352427653441,0.02575498576913332,0.02575498576913332,0.07143827540717824,0.12328352427653441,0.07143827540717824,0.02575498576913332
1818,0.05437864259829164,0.15896247944038405,0.0538452101146461,0.05437864259829164,0.053295277803290096,0.15896247944038405,0.053295277803290096,0.0538452101146461
1819,0.04428183045437246,0.0748900763227294,0.07832314800531673,0.04428183045437246,0.0748900763227294,0.0748900763227294,0.12867938311551336,0.07832314800531673
1820,0.15672144993382212,0.053820985548794414,0.04054565141028002,0.04054565141028002,0.053820985548794414,0.053820985548794414,0.15777653752763718,0.04054565141028002
1821,0.049940465743103464,0.12956116513263038,0.03347524198025536,0.049940465743103464,0.049940465743103464,0.12956116513263038,0.12232324901014527,0.03347524198025536
1822,0.23588817933016853,0.06591891995447438,0.07168506802592814,0.06591891995447438,0.06447988385534957,0.06591891995447438,0.06447988385534957,0.07168506802592814
1823,0.12104544867021198,0.06590806853924375,0.07806284652588956,0.06590806853924375,0.05278435241565076,0.06590806853924375,0.05278435241565076,0.07806284652588956
1824,0.13948966894187706,0.06481063014871905,0.028839761902193714,0.028839761902193714,0.06481063014871905,0.06481063014871905,0.16796850990357445,0.028839761902193714
1825,0.16695255809998538,0.04344884474513378,0.06391431738801344,0.04344884474513378,0.04344884474513378,0.04344884474513378,0.136144927833421,0.06391431738801344
1826,0.03412282869416772,0.12175798867793974,0.0670723210088329,0.03412282869416772,0.03412282869416772,0.12175798867793974,0.16516164121328977,0.0670723210088329
1827,0.051324361182893026,0.06113637624278027,0.05718569266834486,0.051324361182893026,0.06113637624278027,0.06113637624278027,0.13008149306728897,0.05718569266834486
1828,0.04416919616407857,0.08568496684743628,0.07576424049240037,0.04416919616407857,0.08568496684743628,0.08568496684743628,0.1497756549862028,0.07576424049240037
1829,0.17886213287938624,0.06887284443571723,0.020499181072391823,0.020499181072391823,0.06887284443571723,0.06887284443571723,0.103346146189069,0.020499181072391823
1830,0.17663576500449035,0.04049968686633529,0.08337946754812248,0.04049968686633529,0.04049968686633529,0.04049968686633529,0.22378826488033257,0.08337946754812248
1831,0.11601026350242098,0.06979176752888637,0.0644009645150956,0.06979176752888637,0.03771393154649714,0.06979176752888637,0.03771393154649714,0.0644009645150956
1832,0.047896140163672885,0.09639404353817739,0.034492368713822795,0.047896140163672885,0.034492368713822795,0.09639404353817739,0.11020704902966091,0.034492368713822795
1833,0.02750529009774882,0.05284822231553472,0.053153622048803355,0.02750529009774882,0.02750529009774882,0.3178730386208141,0.05284822231553472,0.053153622048803355
1834,0.08782605260848583,0.041734134363163825,0.08733327282771293,0.041734134363163825,0.041734134363163825,0.041734134363163825,0.10706249062447014,0.08733327282771293
1835,0.02013070689535095,0.15472928515673096,0.02013070689535095,0.02013070689535095,0.2256924289580608,0.15472928515673096,0.1615789973344393,0.02013070689535095
1836,0.02397353797539633,0.11066156402069034,0.08431853728984949,0.02397353797539633,0.02397353797539633,0.11066156402069034,0.1451940366540502,0.08431853728984949
1837,0.12550118610333044,0.1097523766490702,0.043340807309101885,0.03297187043819693,0.03297187043819693,0.1097523766490702,0.03297187043819693,0.043340807309101885
1838,0.1472159293604764,0.06201594379458467,0.0436251306686099,0.06201594379458467,0.0436251306686099,0.06201594379458467,0.15724693685999733,0.0436251306686099
1839,0.035513249337589446,0.11109257636116979,0.0465564225970616,0.0465564225970616,0.035513249337589446,0.11109257636116979,0.16045982771771863,0.0465564225970616
1840,0.10782398683916514,0.05983765565792113,0.028397613618830825,0.028397613618830825,0.05983765565792113,0.05983765565792113,0.1361505783776483,0.028397613618830825
1841,0.1351044675380425,0.036629823394393385,0.05376119387236487,0.036629823394393385,0.036629823394393385,0.036629823394393385,0.14397972844835064,0.05376119387236487
1842,0.04318183668396235,0.08762580251473942,0.04168558300129756,0.04318183668396235,0.026238138929886134,0.08762580251473942,0.026238138929886134,0.04168558300129756
1843,0.21487872010359627,0.03833064466144248,0.08840800288461517,0.03833064466144248,0.03833064466144248,0.03833064466144248,0.09787812116981616,0.08840800288461517
1844,0.030717893627651094,0.09997090418529934,0.04568614295586894,0.030717893627651094,0.030717893627651094,0.09997090418529934,0.2366193869055754,0.04568614295586894
1845,0.17823712590773602,0.0608387029855568,0.0740354502420516,0.057950722031575565,0.0608387029855568,0.0608387029855568,0.057950722031575565,0.0740354502420516
1846,0.07467868670723454,0.04449845583216791,0.054123558821592636,0.04449845583216791,0.04449845583216791,0.04449845583216791,0.14821293051811804,0.054123558821592636
1847,0.10799997010768625,0.06452811784709453,0.03991376389967133,0.06452811784709453,0.03991376389967133,0.06452811784709453,0.14992381988031586,0.03991376389967133
1848,0.02496354250791903,0.06379503732834677,0.02496354250791903,0.13292282100761896,0.06379503732834677,0.06379503732834677,0.11292482875882674,0.02496354250791903
1849,0.11183059200117414,0.04887371990888075,0.07843175651294351,0.056767490850185974,0.04887371990888075,0.04887371990888075,0.056767490850185974,0.07843175651294351
1850,0.24053308453193642,0.11868410129589038,0.017924488431715947,0.017924488431715947,0.017924488431715947,0.11868410129589038,0.1203473703086386,0.017924488431715947
1851,0.11368012070136971,0.04247148790752607,0.02936172407053899,0.04247148790752607,0.04247148790752607,0.04247148790752607,0.13246517951353923,0.02936172407053899
1852,0.12924393915936053,0.13606149954834437,0.04305903090227253,0.04305903090227253,0.05053401656828447,0.13606149954834437,0.05053401656828447,0.04305903090227253
1853,0.17531814290709527,0.06518631200281191,0.08304120711690698,0.06518631200281191,0.06848853846705254,0.06518631200281191,0.06848853846705254,0.08304120711690698
1854,0.07762026265492229,0.08241438008284188,0.07825670903962553,0.026985044509725147,0.026985044509725147,0.08241438008284188,0.026985044509725147,0.07825670903962553
1855,0.19888352808075066,0.03748296066743722,0.09009397722140064,0.03748296066743722,0.03748296066743722,0.03748296066743722,0.1428519573902204,0.09009397722140064
1856,0.19789242519458058,0.08390953299222573,0.07118684005294867,0.08390953299222573,0.0689752045100764,0.08390953299222573,0.0689752045100764,0.07118684005294867
1857,0.32721599253104977,0.09945681200420879,0.0671207854292844,0.03225028956691208,0.03225028956691208,0.09945681200420879,0.03225028956691208,0.0671207854292844
1858,0.060898508227095055,0.1395729239789502,0.036694946497150355,0.036694946497150355,0.060898508227095055,0.1395729239789502,0.15694505978148732,0.036694946497150355
1859,0.03704766998314448,0.13476074570138558,0.049576263609503,0.04825158269993162,0.03704766998314448,0.13476074570138558,0.04825158269993162,0.049576263609503
1860,0.11506875208343455,0.047786408561360065,0.0744451215149897,0.047786408561360065,0.047786408561360065,0.047786408561360065,0.088122466892717,0.0744451215149897
1861,0.035077721296434314,0.062495537284916566,0.054625857606702494,0.035077721296434314,0.062495537284916566,0.062495537284916566,0.1332872789590589,0.054625857606702494
1862,0.15818627785843203,0.049986190343606386,0.045657236299746454,0.045657236299746454,0.049986190343606386,0.049986190343606386,0.12572657853697186,0.045657236299746454
1863,0.08756659615343182,0.06785145943835583,0.05726917526063801,0.08756659615343182,0.06785145943835583,0.06785145943835583,0.1261355543553808,0.05726917526063801
1864,0.24896655441824292,0.06279105026353583,0.07266743765915296,0.06581565580457975,0.06279105026353583,0.06279105026353583,0.06581565580457975,0.07266743765915296
1865,0.12250798846296476,0.050010448930185705,0.04245648129060063,0.050010448930185705,0.050010448930185705,0.050010448930185705,0.15644761609984795,0.04245648129060063
1866,0.016673264916794592,0.15227519829410815,0.05549892784065832,0.016673264916794592,0.016673264916794592,0.15227519829410815,0.1563190154384999,0.05549892784065832
1867,0.1189612844359655,0.11409101510146082,0.0249128194661895,0.0249128194661895,0.0249128194661895,0.11409101510146082,0.14369275049926483,0.0249128194661895
1868,0.11676241261803653,0.04849490500421566,0.031059356993676148,0.031059356993676148,0.04849490500421566,0.04849490500421566,0.10916188462467935,0.031059356993676148
1869,0.10056131960776116,0.04728008474369997,0.050058306445226505,0.04728008474369997,0.04728008474369997,0.04728008474369997,0.09467212781047812,0.050058306445226505
1870,0.23741877851497484,0.0796329121040679,0.038730947460947705,0.038730947460947705,0.0796329121040679,0.0796329121040679,0.15677722908231984,0.038730947460947705
1871,0.19387785416604172,0.08325009081287388,0.03459693228890781,0.03459693228890781,0.08325009081287388,0.08325009081287388,0.17459655316342837,0.03459693228890781
1872,0.10331499107977893,0.04885889266133027,0.07498770017005729,0.04885889266133027,0.04885889266133027,0.04885889266133027,0.21425741235746984,0.07498770017005729
1873,0.16384874628808166,0.0849163194618802,0.016972619142789382,0.016972619142789382,0.016972619142789382,0.0849163194618802,0.10410917176220455,0.016972619142789382
1874,0.10412774370492364,0.15803303016944817,0.028942538191788172,0.028942538191788172,0.06371870412507129,0.15803303016944817,0.06371870412507129,0.028942538191788172
1875,0.13199900623489308,0.05310159511049299,0.0630409450915213,0.05310159511049299,0.05125441534550069,0.05310159511049299,0.05125441534550069,0.0630409450915213
1876,0.15169397072035698,0.06594397125045445,0.055777708399345885,0.06594397125045445,0.03962337359746412,0.06594397125045445,0.03962337359746412,0.055777708399345885
1877,0.03849238913130797,0.06601138922987485,0.0709417155220834,0.06601138922987485,0.03849238913130797,0.06601138922987485,0.1409521028501872,0.0709417155220834
1878,0.17974035846636277,0.06546816816135824,0.06017182476567194,0.06546816816135824,0.05387621919308782,0.06546816816135824,0.05387621919308782,0.06017182476567194
1879,0.05367164191335469,0.12960945441028568,0.07457100310164079,0.05367164191335469,0.08107862967952255,0.12960945441028568,0.08107862967952255,0.07457100310164079
1880,0.13547286718684176,0.11205828844921191,0.04080258514333617,0.04080258514333617,0.04068558845180894,0.11205828844921191,0.04068558845180894,0.04080258514333617
1881,0.052240095773902887,0.07186584509923982,0.08122593596640765,0.07186584509923982,0.052240095773902887,0.07186584509923982,0.17834675949769252,0.08122593596640765
1882,0.014495540936963319,0.13658943841735235,0.0829281302606594,0.014495540936963319,0.014495540936963319,0.13658943841735235,0.13350755700942987,0.0829281302606594
1883,0.08499108198028342,0.03836352641529704,0.03836352641529704,0.08499108198028342,0.043611181203582906,0.4903113984621314,0.043611181203582906,0.03836352641529704
1884,0.08538501004445483,0.12377209462634525,0.03281941947776429,0.08538501004445483,0.03281941947776429,0.12377209462634525,0.1581768106965028,0.03281941947776429
1885,0.04439917741377679,0.10575842960097831,0.06464700390010288,0.04439917741377679,0.05257951308576468,0.10575842960097831,0.05257951308576468,0.06464700390010288
1886,0.05352686420287182,0.11727789814588005,0.09257715084790406,0.05352686420287182,0.06365179224179103,0.11727789814588005,0.06365179224179103,0.09257715084790406
1887,0.17763734516139768,0.1581826916392211,0.050504469020222396,0.03496821187387035,0.03496821187387035,0.1581826916392211,0.03496821187387035,0.050504469020222396
1888,0.15370262378954602,0.04249547029388591,0.05599895881063733,0.04249547029388591,0.04249547029388591,0.04249547029388591,0.16127732883403006,0.05599895881063733
1889,0.1252921793781488,0.07736963483622694,0.07156204746055947,0.07736963483622694,0.048498732632055626,0.07736963483622694,0.048498732632055626,0.07156204746055947
1890,0.21552846269633144,0.09104235293144423,0.07263780085801048,0.09104235293144423,0.054082065215108964,0.09104235293144423,0.054082065215108964,0.07263780085801048
1891,0.2732317924855452,0.06818032434437982,0.06940999583409789,0.06818032434437982,0.05332858652266151,0.06818032434437982,0.05332858652266151,0.06940999583409789
1892,0.16840903569923737,0.13221634315611933,0.04492218187896966,0.0284158268893376,0.0284158268893376,0.13221634315611933,0.0284158268893376,0.04492218187896966
1893,0.1901878430000081,0.069935509580224,0.03829493178700768,0.03829493178700768,0.069935509580224,0.069935509580224,0.1365322615773991,0.03829493178700768
1894,0.046756382120439595,0.06088079617662,0.062000922993034065,0.046756382120439595,0.06088079617662,0.06088079617662,0.13417061968778368,0.062000922993034065
1895,0.03716409864269517,0.04699186671930746,0.05984316563963099,0.03716409864269517,0.04699186671930746,0.04699186671930746,0.20152992922154192,0.05984316563963099
1896,0.13186006143501589,0.12517423001990968,0.03744576462954203,0.043293166437003254,0.03744576462954203,0.12517423001990968,0.043293166437003254,0.03744576462954203
1897,0.07046000165226447,0.07046000165226447,0.05458708825066688,0.02604125427294019,0.02604125427294019,0.28141949974322,0.02604125427294019,0.05458708825066688
1898,0.10453959334609013,0.05701779012591748,0.05084526630796309,0.05701779012591748,0.10453959334609013,0.05701779012591748,0.14636842422080934,0.05084526630796309
1899,0.03867135396450069,0.10739253147116093,0.06610469016247464,0.03867135396450069,0.03867135396450069,0.10739253147116093,0.18556631616744296,0.06610469016247464
1900,0.11083021872054438,0.04299728687670037,0.07272933488762491,0.04299728687670037,0.04299728687670037,0.04299728687670037,0.12325028372495468,0.07272933488762491
1901,0.033614774209236,0.15164198157001307,0.07449821277224881,0.033614774209236,0.033614774209236,0.15164198157001307,0.12581417729001118,0.07449821277224881
1902,0.1394725774984176,0.08865977492190942,0.06117543767696044,0.08865977492190942,0.05837629367369365,0.08865977492190942,0.05837629367369365,0.06117543767696044
1903,0.03279041866664814,0.0876902591455273,0.06957692765061961,0.03279041866664814,0.07631454768077979,0.0876902591455273,0.07631454768077979,0.06957692765061961
1904,0.1986616875196377,0.0997437360378674,0.04112008703703112,0.04112008703703112,0.06495991740422366,0.0997437360378674,0.06495991740422366,0.04112008703703112
1905,0.26129294779827805,0.11615243180095977,0.05722568816986669,0.028146424538495175,0.028146424538495175,0.11615243180095977,0.028146424538495175,0.05722568816986669
1906,0.06289664812792735,0.07271258404122516,0.08875624646124673,0.07271258404122516,0.06289664812792735,0.07271258404122516,0.14361807048654635,0.08875624646124673
1907,0.05354671258549891,0.06903000252273371,0.0293417027272974,0.0293417027272974,0.05354671258549891,0.06903000252273371,0.16448156349968943,0.0293417027272974
1908,0.01315660398832895,0.09923875139422451,0.05745245198300076,0.01315660398832895,0.01315660398832895,0.09923875139422451,0.14240733361770747,0.05745245198300076
1909,0.11250980007605374,0.08627764625352537,0.07075507059530187,0.05320695724489612,0.08627764625352537,0.08627764625352537,0.05320695724489612,0.07075507059530187
1910,0.1703671081150341,0.040151683906552556,0.06465396760964438,0.040151683906552556,0.040151683906552556,0.040151683906552556,0.17073506863444152,0.06465396760964438
1911,0.185412967301236,0.12485590403867468,0.05800597018405378,0.024447012740913546,0.024447012740913546,0.12485590403867468,0.024447012740913546,0.05800597018405378
1912,0.04380387204128671,0.1387933901683431,0.03504231143830865,0.04380387204128671,0.03504231143830865,0.1387933901683431,0.12944843820125077,0.03504231143830865
1913,0.08522786602933076,0.04200409660620722,0.07765475272499028,0.08522786602933076,0.12132173085029954,0.12132173085029954,0.04200409660620722,0.07765475272499028
1914,0.0969670025053981,0.05022362824233257,0.08278163438917001,0.056832152479018884,0.05022362824233257,0.05022362824233257,0.056832152479018884,0.08278163438917001
1915,0.15279212799545602,0.1102581238766398,0.058802389001109026,0.026834023203089762,0.026834023203089762,0.1102581238766398,0.026834023203089762,0.058802389001109026
1916,0.04948181528031624,0.12255798576582545,0.04308168854402827,0.04385841339659317,0.04948181528031624,0.12255798576582545,0.04385841339659317,0.04308168854402827
1917,0.1758827149273031,0.037552643339052866,0.07325292455737656,0.037552643339052866,0.037552643339052866,0.037552643339052866,0.13580050056374537,0.07325292455737656
1918,0.08059796178462904,0.10108424641902583,0.039690710143040764,0.08059796178462904,0.039690710143040764,0.10108424641902583,0.1498042219262435,0.039690710143040764
1919,0.10759834214355564,0.2656077710875187,0.03607721828579593,0.03607721828579593,0.06532177973143552,0.10759834214355564,0.06532177973143552,0.03607721828579593
1920,0.05347314435534903,0.12682923842898527,0.06913693681201523,0.05347314435534903,0.036071171643646045,0.12682923842898527,0.036071171643646045,0.06913693681201523
1921,0.2492028028215534,0.03847614368374203,0.03847614368374203,0.0533398239746802,0.14099370560728033,0.14099370560728033,0.0533398239746802,0.03847614368374203
1922,0.14428460699315226,0.0782547348212905,0.044318337885725395,0.044318337885725395,0.0782547348212905,0.0782547348212905,0.16867141994436755,0.044318337885725395
1923,0.0828944108405842,0.08357571357397399,0.050844907579539425,0.02424662024156876,0.08357571357397399,0.08357571357397399,0.02424662024156876,0.050844907579539425
1924,0.13649868198514736,0.05880157716710708,0.052771519749699014,0.032969061592643,0.05880157716710708,0.05880157716710708,0.032969061592643,0.052771519749699014
1925,0.06747113982018679,0.1317388879398943,0.05925535340572249,0.06747113982018679,0.04618570337359602,0.1317388879398943,0.04618570337359602,0.05925535340572249
1926,0.15822877757278922,0.0689634383563565,0.0362959751549869,0.0689634383563565,0.0362959751549869,0.0689634383563565,0.1514785074609835,0.0362959751549869
1927,0.04359652298598895,0.04359652298598895,0.07020210752696664,0.18822514676134092,0.04359652298598895,0.04359652298598895,0.15333966666494017,0.07020210752696664
1928,0.08260887150527506,0.128848500397679,0.060295898420480144,0.0333864735390661,0.0333864735390661,0.128848500397679,0.0333864735390661,0.060295898420480144
1929,0.15542628039789283,0.06531698854152253,0.03676675830741913,0.06531698854152253,0.03676675830741913,0.06531698854152253,0.15142441771914597,0.03676675830741913
1930,0.12453698512535132,0.07380532924577822,0.06276857543884344,0.05530873616531114,0.07380532924577822,0.07380532924577822,0.05530873616531114,0.06276857543884344
1931,0.14209266204043716,0.05008430996202716,0.06003405371603027,0.05008430996202716,0.05008430996202716,0.05008430996202716,0.19683848994879824,0.06003405371603027
1932,0.07903304168276483,0.15508994129095707,0.0334387653901421,0.0334387653901421,0.07903304168276483,0.15508994129095707,0.18046687252284002,0.0334387653901421
1933,0.08241936593415777,0.04121222138503983,0.0767355245053324,0.04121222138503983,0.08241936593415777,0.04121222138503983,0.1405138153779866,0.0767355245053324
1934,0.030392996136215475,0.09980680703523348,0.06620823588514733,0.030392996136215475,0.030392996136215475,0.09980680703523348,0.08359606098335935,0.06620823588514733
1935,0.061362560466802094,0.02971947534616404,0.02971947534616404,0.061362560466802094,0.044680920442942834,0.34464264442510406,0.044680920442942834,0.02971947534616404
1936,0.11192090278323977,0.06418393140854058,0.025783201627984097,0.06418393140854058,0.025783201627984097,0.06418393140854058,0.1695645744173923,0.025783201627984097
1937,0.022701000634665267,0.10005366508862056,0.07897081319102209,0.022701000634665267,0.022701000634665267,0.10005366508862056,0.1595440893336402,0.07897081319102209
1938,0.15586491727909468,0.11571806477139213,0.03513140015326901,0.0655569877544405,0.03513140015326901,0.11571806477139213,0.0655569877544405,0.03513140015326901
1939,0.16134260084341764,0.06193516824545298,0.08336339878253687,0.06193516824545298,0.03653408946633433,0.06193516824545298,0.03653408946633433,0.08336339878253687
1940,0.035345004636718594,0.1361002498379244,0.049403321675889775,0.035345004636718594,0.035345004636718594,0.1361002498379244,0.15745998857548354,0.049403321675889775
