Step,AI_Eps_0.1_e0.1,AI_Eps_0.2_e0.2,AI_Eps_0.3_e0.3
0,0.013854115546377194,0.027851682206723627,0.02821959021157014
1,0.0636689776288901,0.028421174804829426,0.032120132735361476
2,0.07228401435992965,0.017882692628293107,0.01946487495060504
3,0.040324136391793636,0.049826340579338484,0.01598546254895407
4,0.07008789278751376,0.062431678836974376,0.0
5,0.16233333440171005,0.028571054392790632,0.022302799437776993
6,0.17198257453126287,0.0,0.026325739766134636
7,0.06514512352887973,0.04691979916277201,0.03792161701568379
8,0.024213483694220717,0.04716533832076433,0.020034649290556004
9,0.07526579437727408,0.0326158426631917,0.0
10,0.03804237023107361,0.006689637834692126,0.01131435201767004
11,0.01015308614210459,0.04985278741235487,0.008488718260712666
12,0.02351047807455909,0.05148239281522536,0.04024410253765593
13,0.008403596265533964,0.15658011273107655,0.010919178036649315
14,0.019944072759500477,0.05590855867473442,0.039007519266048375
15,0.019989038017500987,0.1361499869382341,0.004611360814431718
16,0.025109088829511576,0.04561309233734879,0.01794787824270842
17,0.08148476997710208,0.0020594445908865416,0.031461765579059275
18,0.009483178456442384,0.018391780909716503,0.0037790510886036763
19,0.0749200469398456,0.08198188730052344,0.0
20,0.008698396085734895,0.022853036401761253,0.01852791921229112
21,0.09279290369404612,0.0,0.03219124199746359
22,0.026021973963614123,0.06308209915595608,0.008488903105925778
23,0.0,0.006551511988810349,0.019691599219623306
24,0.0722996248898913,0.09456982931044774,0.03416162530443185
25,0.14087779667809963,0.0,0.006911897725647143
26,0.0515052709143263,0.11907935321916216,0.017907201062425035
27,0.036593402161285996,0.08031768398618505,0.0367689908378656
28,0.09371944116164517,0.07502872417612555,0.01653016135489385
29,0.07326429940863194,0.06728310404517455,0.0
30,0.05375091192539533,0.042170768315280126,0.0
31,0.10123608403098407,0.01525435981850448,0.016844949195846677
32,0.1275032674061503,0.007087248106157993,0.0067943750164610114
33,0.08376161911231114,0.04052568521142614,0.03992125399039008
34,0.022479249767584704,0.02396466815312058,0.017695145128864692
35,0.035639784229492766,0.0,0.024355710772123132
36,0.02199058845128355,0.07444548680858025,0.01584138604884347
37,0.0472000705830287,0.050312882577467695,0.03706265075751498
38,0.07618397475583902,0.012920958534161264,0.014365629342148016
39,0.04728685470942737,0.07197996287757677,0.03316887402544261
40,0.07895946487978446,0.03836696047626429,0.005830729331169758
41,0.04115133539565208,0.04008824693085127,0.01233640539999526
42,0.055899552230406664,0.07383239429816632,0.005266696724295639
43,0.01988198330533101,0.04842076016526323,0.007553646369667766
44,0.04801692741997245,0.0,0.013261406753384764
45,0.04448990126969517,0.02197496132411061,0.004447106168633561
46,0.05358684978028801,0.0,0.05126098418112669
47,0.00843051897018915,0.07476647229079611,0.030567140109067418
48,0.06666794582246165,0.0326218852683982,0.041215379941010426
49,0.03454638764579625,0.02062041847274082,0.03930157747527672
50,0.03100913726935488,0.05493223446614639,0.04112392253828272
51,0.009310246713490032,0.034196500091432894,0.030482838850888448
52,0.05910595117406264,0.00839667122444912,0.024402282721260868
53,0.03697861454488766,0.012015586856867719,0.030964996929305297
54,0.024427263974722516,0.029383384489449927,0.04157835488894658
55,0.021710820677649584,0.010584055634847813,0.05533287988166713
56,0.03941922976785309,0.02452998208723854,0.04758900441144908
57,0.0360215049516808,0.048468419574592414,0.016635182649503533
58,0.04319164132504527,0.03466853809501312,0.030045217433466487
59,0.022149510695840813,0.06243915590636324,0.014518245626586343
60,0.06022746860889817,0.0036554623664857393,0.005653353215431228
61,0.039426758134133495,0.04491089214709501,0.0334930315650424
62,0.02580330026536982,0.03410470222330049,0.0
63,0.03389912996482226,0.04773486837879468,0.042347858060211
64,0.03424793048731958,0.025496548637214195,0.03499163393067764
65,0.047311984896564734,0.014617691560067614,0.04780741006102185
66,0.03411315225177311,0.06402087644557142,0.0
67,0.035424769750949714,0.04999724051720667,0.022688184166208724
68,0.038807091001633445,0.030596391385652524,0.02508181944085569
69,0.0,0.018918087927397253,0.021408552950154962
70,0.04127647365203589,0.023998411915749505,0.0540617299335178
71,0.01545973939334406,0.04266106909327786,0.01980907687348068
72,0.043781557606213384,0.02170291716926916,0.06529046265573847
73,0.03673608202088549,0.031427359627667434,0.0352854467705777
74,0.0,0.0,0.028365110857291667
75,0.032871147835908714,0.004198307154095887,0.06445641768085127
76,0.023318396363112667,0.015247116148072034,0.03611342988956859
77,0.010199519228504308,0.04319950663397454,0.048959741843108535
78,0.00617007085264316,0.02053451301199155,0.052988031051041655
79,0.035342286882795323,0.02579987553036786,0.05586597002679635
80,0.055053952011764135,0.009886389702058301,0.01761927345705362
81,0.0,0.05918536224651373,0.02839112218277081
82,0.029418147487745804,0.05010895292666776,0.04945651025440522
83,0.018484783854358443,0.10229604341955817,0.0
84,0.018680536060082905,0.03061895406132796,0.02255816514468542
85,0.018859030297945167,0.0411774922011967,0.04363073796597546
86,0.0239429383690149,0.017753356203563515,0.05778082678202959
87,0.05402687234822471,0.03356137311331856,0.023131725826777683
88,0.0,0.03932910015670719,0.0034035247405477206
89,0.041742755797065545,0.020364968701049025,0.028441439513178204
90,0.024559347898126766,0.0,0.04054585563688106
91,0.05714699100386341,0.023267090502736353,0.0026459747901422664
92,0.019361070030510377,0.041738518771492435,0.03949755946923957
93,0.005310078996013379,0.04577155215219315,0.045615689348123156
94,0.048224267586724136,0.04126327442933676,0.044849453701045004
95,0.026769094984748592,0.01683405530775833,0.01356805420398977
96,0.01238293135064442,0.0,0.01450217580388809
97,0.04142604972420275,0.019395992292575066,0.019757049493597908
98,0.06630877027161364,0.045702419504893475,0.02519083983257141
99,0.04704094290645442,0.02268912196907802,0.07909199552308352
100,0.010323299227106883,0.0,0.08218920663579385
101,0.0460737202800538,0.02850094047674534,0.0
102,0.040121506054792234,0.02571097952782707,0.03512586341844833
103,0.04248829067479363,0.046883629557485575,0.0386779921651247
104,0.04205782464933078,0.024014339286153787,0.016288889635878573
105,0.03156218035166512,0.036183380332759266,0.05463584272097175
106,0.055193527784238215,0.07161423435891935,0.02606186096948357
107,0.079597570234733,0.026004431906683972,0.04550247109597714
108,0.011611463420932805,0.027451368796088657,0.012521623710136182
109,0.05385398733249671,0.05059789927464629,0.02737115684935425
110,0.037901966490746807,0.018442539927568797,0.019946068393956465
111,0.07478512625045694,0.029229813854639932,0.02405635461566219
112,0.036996296397818464,0.04533217935275674,0.014456731460980086
113,0.016932201630288655,0.029288978284260542,0.041101703334247196
114,0.02823251096858866,0.019217638981299023,0.036257035396880584
115,0.05488018002778917,0.03872000366399744,0.03697246052821735
116,0.016970614198498327,0.04091361241776624,0.04298004665201069
117,0.02756433849468315,0.036541440557804124,0.03208839968501037
118,0.04024316258108519,0.03959157149207877,0.03360259389973917
119,0.02046284347018071,0.034999963028106054,0.0210028284132652
120,0.054772149269378234,0.03603945200699418,0.03555677421699128
121,0.02307776189563349,0.014792082683505457,0.041257570947376795
122,0.04221748401302707,0.019071511253755263,0.07036086449811958
123,0.01225185109544994,0.04460728295907891,0.04751084734145335
124,0.0,0.053950781824835786,0.08161171133835875
125,0.03609215923538665,0.014786997778476274,0.05334419494736526
126,0.052809065124107,0.030972542200711342,0.03148974916548036
127,0.013918598282834612,0.009882758341326237,0.06549268906292303
128,0.0,0.034241921461604714,0.013917575000263157
129,0.03077211859735443,0.013493995240203447,0.008863872774303389
130,0.052277530869604356,0.03889005671652425,0.03629844673851541
131,0.030133601833883843,0.04995705176083321,0.018923539585309655
132,0.020715044814091737,0.01468346115981651,0.04818433944378986
133,0.04484353755751719,0.020461668946673707,0.052185438365363934
134,0.01753225386642317,0.09616767443819742,0.04777113076600168
135,0.017698760338259723,0.03999610799083179,0.049573012348034684
136,0.06607084151248034,0.05141841590708068,0.025318839191992654
137,0.013941901669592228,0.019898881015350065,0.03304618889260253
138,0.05192069556241302,0.023137360056220024,0.024995470579134343
139,0.0075910773335998785,0.05154299477913631,0.0
140,0.03679151676263461,0.02211930821372039,0.038357389086701936
141,0.03695750347370448,0.04852446116754533,0.037423129590832466
142,0.010301016361546627,0.0434466633933578,0.012203253934986544
143,0.0785203698588819,0.03834117994518073,0.028440743881656558
144,0.02976970849012693,0.035131112816928455,0.021410110133151156
145,0.01242207131658959,0.016606017931548072,0.022789137914603144
146,0.04176199744265554,0.009224303006796811,0.051190034623277085
147,0.09519132993116022,0.015451304195365846,0.0017339033237337848
148,0.0,0.031800545462305325,0.022695302694962238
149,0.004210096453522924,0.056559083338518244,0.003817910798135519
150,0.025355470330371263,0.03664100278779468,0.05664811129223749
151,0.04324655431498487,0.05962499135153107,0.026938807629449682
152,0.017259042732743802,0.03189159489870049,0.011976584933165668
153,0.026907517185051844,0.05202265135192443,0.02478821293812276
154,0.0742861196870494,0.023606445212686775,0.027466292539655445
155,0.030745528333986995,0.029342002870319853,0.04887952879105776
156,0.019481911559626457,0.010809267269736444,0.02478474999236795
157,0.03384940819745861,0.03952889424344636,0.028303821139906194
158,0.037354118675231994,0.029865056807213058,0.010447737983164446
159,0.13572237305530224,0.0,0.034885669543443576
160,0.029481196591728927,0.04197769489866295,0.03623488240090346
161,0.03210561454825741,0.016150560283306106,0.011507032278217264
162,0.016249936394054053,0.08469673893806319,0.0
163,0.028082412019094668,0.039491205088561715,0.03506529793104541
164,0.044212428994767565,0.01655207151369068,0.02889844177976576
165,0.026222051929720398,0.04803793492521368,0.04026098557970525
166,0.05476276229969461,0.018528170936598302,0.04164882043947399
167,0.05438378909476641,0.016849183806961238,0.02720048254340715
168,0.06253628212127026,0.018367533901045573,0.03484372437406522
169,0.004767255716203632,0.05948751986148343,0.012544367462236417
170,0.0010267333698561938,0.020576246713912127,0.01281963401693173
171,0.04246335176189831,0.04216878702646779,0.04776126614856153
172,0.04436899627197535,0.014384953230397098,0.04853289215563095
173,0.04648875153261331,0.042858830003219356,0.027648999210400847
174,0.05668499131459453,0.0442400886296028,0.050766915102238325
175,0.0039139360679445135,0.03897023329529627,0.037163035330183135
176,0.03610869332982516,0.029526152228659796,0.048247961777810405
177,0.04395826269702094,0.06322431984889755,0.03521548243634197
178,0.02076346791921766,0.07923479132808349,0.00699931259639394
179,0.0540410986730492,0.05658882706184307,0.014902003975986464
180,0.058050635490952865,0.15481335731302792,0.024522736716692414
181,0.04042069324687928,0.054234878663896875,0.03089523452573355
182,0.0,0.0,0.09887763463074953
183,0.031218765704156815,0.01977420962698603,0.04497829181987104
184,0.07768894836867037,0.05512012589711483,0.0
185,0.022267905660216674,0.042680066661127676,0.0242319315486685
186,0.023636508291766507,0.05941690972287873,0.01664289333108496
187,0.03801601434682629,0.07644536072893489,0.0
188,0.02066950236970144,0.0,0.021495548180014756
189,0.028884514244431128,0.02159656851718408,0.06428644501410702
190,0.019307275768841652,0.008585528604119869,0.022429720520478813
191,0.01792610411056793,0.04923744625634165,0.03401177572902842
192,0.033702993424434224,0.012013248091017337,0.00685663839983235
193,0.060345512021359536,0.03594131991533501,0.04140111930209577
194,0.02038085554958299,0.04563798562400375,0.029623374286204873
195,0.03296782021355978,0.018103643978978682,0.023643579395638627
196,0.09553664701850559,0.06103095644792543,0.0
197,0.02054019851905404,0.0,0.15770066759294377
198,0.0,0.035322391713136295,0.03951147108599046
199,0.04093042759941686,0.03295677682382662,0.045007134927200466
200,0.07728784149208263,0.029896375611710276,0.005063435388561657
201,0.04665599754323304,0.0407305956222074,0.03978731759101515
202,0.025216769662050293,0.004031165077359826,0.0659498002275024
203,0.03132201342214136,0.03997417504671496,0.04451244883764124
204,0.0326437132611784,0.05409909363743633,0.025730141744377738
205,0.05571036623577994,0.010598116070223073,0.0575290892553465
206,0.04880480392663595,0.022286169190346376,0.05147790118636948
207,0.06759725336147249,0.08962083566095706,0.014583576463769999
208,0.0451834161967372,0.04343885149891116,0.05106394454427317
209,0.0005843521076290594,0.0073003183356217345,0.016604489101579745
210,0.03891406143184528,0.009818801316174944,0.017526764547114087
211,0.05583583166859647,0.0,0.04656228599274925
212,0.01927588721370447,0.015865517761693797,0.02609767489999222
213,0.08469442295902499,0.03982338728825794,0.010825579253701369
214,0.02506936245314833,0.0,0.06060613339375194
215,0.04799131894168084,0.015773364738992032,0.029620936984826495
216,0.01364398346427871,0.00593544130356292,0.012453054295376437
217,0.004229702761460327,0.04955583395049686,0.053025012491886125
218,0.0521363636963503,0.04125122530214609,0.0438522465237061
219,0.03890161362441821,0.02317181130634007,0.0
220,0.019094432317174583,0.025931875690037604,0.04580332059029769
221,0.09546217039439636,0.036373509555361415,0.0
222,0.023982668305472857,0.035931866034205465,0.04538023336671096
223,0.041887089209053985,0.03557560928824859,0.054098336049739716
224,0.07571612172724199,0.01965191748582289,0.0900144601813848
225,0.06245797223316645,0.007565911053479192,0.06078564891073665
226,0.056299330864019975,0.04064107462892004,0.0
227,0.02101837922851485,0.043481600680245466,0.006896913001854008
228,0.10655799390542234,0.0,0.068856873726977
229,0.07737010661088004,0.028269661076112798,0.02892750001631404
230,0.011618387550648252,0.023647997841533718,0.02570727011958415
231,0.024622414549853918,0.0,0.022280067431397738
232,0.03367951599719196,0.053994913441055364,0.058671857307972836
233,0.05235163509572453,0.0,0.059614102882634745
234,0.03581205073787253,0.03448835896729276,0.014987917856968588
235,0.04632026166356057,0.0,0.0432166376249842
236,0.02363952280407589,0.010439537698466598,0.018444004698426348
237,0.021012263989248558,0.03536367330601634,0.04588381305048744
238,0.03676030099924095,0.0,0.03927690282134232
239,0.03395301282001612,0.02909211787596545,0.052291104149864535
240,0.023712330930137165,0.06102885274725652,0.044155008128536975
241,0.01592233229142942,0.013165507714649383,0.023693016093226146
242,0.04740268675574603,0.013640843028548675,0.019149245597527332
243,0.04358071765137293,0.05327630128786683,0.026407043331518693
244,0.03691661778555589,0.0,0.05823870482942386
245,0.007422470665211188,0.06189737004953346,0.04724241837389176
246,0.04914231820023795,0.03047312552816116,0.03798275886379774
247,0.03275600722135336,0.03617648173648468,0.05378870970128046
248,0.03393728794560595,0.04519770198185609,0.0
249,0.0551465146998321,0.0,0.06847774389825474
250,0.047438811595674264,0.022037697944050916,0.03396637636238012
251,0.055210107479985886,0.06019465035713925,0.04863216345461446
252,0.04595246865461288,0.03719709937321943,0.07665261888485227
253,0.03899544965561542,0.04386348722590452,0.017925198148634924
254,0.02927164248823105,0.02635310899602157,0.033390841170270455
255,0.0,0.1750464219570938,0.013447179025121887
256,0.009553737186676467,0.025364242612092237,0.033083736543885446
257,0.03681635848413831,0.03814993818733459,0.03578640696536425
258,0.016232448108490352,0.019623709999317836,0.0862991223603758
259,0.023954047035347814,0.046052941371029124,0.06502376940630229
260,0.03822069565567247,0.018858237877631478,0.012537755641390175
261,0.020632755797493622,0.004528800840175692,0.036542470508687544
262,0.017873305940586188,0.0,0.05073345758093529
263,0.009729078245435679,0.04094346333029684,0.040492393588202245
264,0.025948316386467503,0.0,0.10465334882579834
265,0.02638471970098162,0.031266702535386985,0.015738375311145542
266,0.022246552017679066,0.04580942812210174,0.0058572680593603306
267,0.036751292335292805,0.022922295571206768,0.022329488697403643
268,0.005019724930473928,0.009542835323085636,0.06003404706384562
269,0.037019628687410974,0.04881086308973857,0.006681558491142272
270,0.07015465960093101,0.004599825697834214,0.02567343081013426
271,0.016013315900024437,0.061994932071970675,0.014213868521506419
272,0.018607445687624204,0.025649554408503843,0.01451450317446639
273,0.024819300058029365,0.016509142753627425,0.020909675635824188
274,0.0757676294858913,0.028547624153581978,0.0
275,0.03406470995775255,0.04596811420941133,0.03268799468623255
276,0.017896748040176765,0.030814763048071736,0.0048491632720516304
277,0.0574856889288407,0.053646554617787445,0.015916659190152553
278,0.025059335797913838,0.047539478299154926,0.12149589316743141
279,0.012863431581644888,0.022075637807759854,0.04054268204370899
280,0.02040013823723544,0.005944639121713331,0.0194060395810425
281,0.10197470038117817,0.06792765091905767,0.008441137884965111
282,0.08009477490368413,0.0,0.046759797671844426
283,0.006898373826215966,0.042705187282915426,0.05301836221613917
284,0.026514847826274918,0.04486576457459268,0.02706745668639143
285,0.015518714625759442,0.033521246769722256,0.014360394940768552
286,0.10610746120728147,0.054507180088932704,0.0398551906865314
287,0.06023855361372965,0.060296862319714324,0.025173371736736238
288,0.019165055409402824,0.017762036973160724,0.04694260821428426
289,0.040082333595556414,0.008953481199232213,0.06694204321602999
290,0.0,0.0162026179712044,0.0645423533290452
291,0.04419544565815,0.024593268160238265,0.0403833244539059
292,0.03267440619628301,0.0,0.04602143933336454
293,0.022270491539862814,0.023083860898352543,0.050530153153540654
294,0.12848772302449996,0.06815454188131187,0.05984061828175466
295,0.04695535062522718,0.05550908599776688,0.06970360341798808
296,0.053435073307443196,0.061523895171751414,0.025388682241626707
297,0.006910653973200543,0.006177105748926185,0.015764912270348416
298,0.028175064133263022,0.03556885919856737,0.02853487902736458
299,0.0,0.0,0.02608524376754078
300,0.02532137831190051,0.023686369834491728,0.026425912367109148
301,0.0,0.04584349022959145,0.06174426186058762
302,0.04995394217790665,0.03361367202270166,0.023925826181525407
303,0.015003086049368739,0.07256009764432396,0.03487677479650747
304,0.039266229454733195,0.020392381014147146,0.012903403164124137
305,0.04122875562490591,0.037435370358841674,0.05885414403096081
306,0.04923389291969824,0.007546391778560725,0.044986733128699254
307,0.035467267963402146,0.05794877156448161,0.027011848682260323
308,0.03416832563012729,0.03721531713671793,0.01507132980186011
309,0.025881221552520844,0.03826243719260107,0.05809543412488591
310,0.054568534839582294,0.037540746243824544,0.038858144375807015
311,0.012065191353639903,0.048846085002296945,0.040780039683663886
312,0.01626703114426493,0.012923433879811923,0.036624699218940134
313,0.03705576823871138,0.026829936277636822,0.21525369643536235
314,0.000235482512483375,0.014007341927322238,0.03203712822456188
315,0.04612750087043976,0.04827331953904074,0.0441329865230086
316,0.03902231489488407,0.05089345508583035,0.06679979132940468
317,0.0,0.05234388722444078,0.054626009060376846
318,0.030303695220596633,0.018747944227641776,0.06252426640035767
319,0.03489205466354904,0.018848988739068626,0.004108149548565088
320,0.028566843961988126,0.05197699544633438,0.0376167302718442
321,0.030871579297410787,0.031388483077365366,0.015074303276495464
322,0.16691851043548506,0.0011063221161207813,0.005644355161634948
323,0.030203765867714394,0.03020257774946825,0.0
324,0.014736612800643175,0.025590581853271867,0.024654816728338205
325,0.022881998233285367,0.017603052687169468,0.046834868892861835
326,0.03778893205908373,0.015558342386806487,0.035504857906349545
327,0.07242449886460589,0.04069815345966117,0.026532492724401353
328,0.022145765103130113,0.05861782915566496,0.052380947997081824
329,4.290427595833128e-06,0.042799612759043364,0.0
330,0.02489670842935153,0.07029682523326777,0.060239284562459354
331,0.05703043472294719,0.05831730326698193,0.0
332,0.0,0.0,0.08801832153110563
333,0.04874956486476273,0.03676159033698028,0.04174816571887511
334,0.014007502549701234,0.06797061376790553,0.02816231520038252
335,0.0091553734178843,0.01808727577518986,0.004290929284417082
336,0.04100986094273723,0.05237823586429579,0.047279899399710695
337,0.0,0.047830148945255724,0.07030150815262981
338,0.04024357749458405,0.013291043968009777,0.03781972701575791
339,0.06660376726650608,0.0430922204239175,0.06400928016630208
340,0.026925799187499027,0.0,0.01690522504608185
341,0.08069578679523438,0.023840405163822673,0.17122278173427075
342,0.10037009621664227,0.0,0.020636358110229687
343,0.010317377336389613,0.03700644889760941,0.038732168335374094
344,0.015582285329600468,0.0015792452971623943,0.03941346521594362
345,0.037614761508560586,0.026405643311429097,0.010168348948648593
346,0.04811557294126379,0.010495187287437457,0.03246573155236658
347,0.029215422652762446,0.0035631310571127193,0.03129867145581843
348,0.021851889055311803,0.018602903402347614,0.04354140112633372
349,0.025576421772345648,0.04216071727812901,0.058486714415585554
350,0.03970854489450215,0.0,0.039623186972905115
351,0.022688209123508496,0.039115787257293595,0.05390158211902157
352,0.023901306944076328,0.000568582482009361,0.04660441443644348
353,0.04494495427979845,0.0,0.03057005414219495
354,0.02622582981576434,0.04104900450087979,0.04121630156382405
355,0.040695234762113425,0.0364964139477767,0.019758739651694154
356,0.06964645934297702,0.0,0.020344740227536497
357,0.06112863889868154,0.06992693582116609,0.055000315387700636
358,0.05794341569190272,0.0,0.0627323886054679
359,0.0017340920449538482,0.03236680305750846,0.041136002527768466
360,0.055041071652188224,0.015771842460087424,0.02314961233562016
361,0.06906436150067737,0.049201051906082975,0.0256793076610263
362,0.05283635103015564,0.04304845293649312,0.031181610862179316
363,0.04365998122981165,0.05631319107932619,0.05884662717837785
364,0.07283391092153232,0.03452115097238447,0.04274216119376984
365,0.0,0.01714283040672937,0.02358590107234447
366,0.04770482761799268,0.026153568065603382,0.02290137069345019
367,0.02703442167531139,0.08392389338478877,0.04411864524127764
368,0.046220600241730254,0.032880563780708055,0.011377564481901845
369,0.051607262958807,0.0,0.03995810945944912
370,0.00059657232079742,0.018365184673901486,0.020211404567592316
371,0.058080159931729526,0.02979837754429251,0.027344237833445875
372,0.0664605294681618,0.04382262440534171,0.028404096036520336
373,0.03966326581058157,0.04691015506622196,0.03581127196615602
374,0.015836933592895217,0.04022678106421034,0.04573332333618283
375,0.12764988966504123,0.008696885487019832,0.014721625271356169
376,0.01650498034080457,0.03437837396384262,0.05019443489016142
377,0.0372152869511301,0.012847217928194689,0.04473267313064277
378,0.06959812888717369,0.007776552207041381,0.01368314737243017
379,0.0605892362454555,0.04148129222522056,0.03142263299849931
380,0.03733615467404522,0.009307341269856759,0.03925547933835315
381,0.029870488089946853,0.036743947522279254,0.04902973779567952
382,0.06302901478414402,0.10356315842890325,0.022020671078153923
383,0.023877025944963118,0.03665327263538949,0.04049520444799211
384,0.010430770715611363,0.021148576892564965,0.0368986914623107
385,0.029721885162423942,0.02417031283577803,0.021916710856678942
386,0.018189573762536035,0.09591237371172023,0.032892931060156734
387,0.01618507417639275,0.01246058538704467,0.04398434283047397
388,0.011038008861463597,0.018371304687820222,0.06086825268730522
389,0.032808481472476975,0.013561405535347057,0.029271246345361657
390,0.019468586729821064,0.0,0.1346771952657238
391,0.03265824166225932,0.0,0.07602142410707033
392,0.20243604465366333,0.012092873406001861,0.02876401769643909
393,0.06032334347318932,0.029823875209366146,0.032647841689556645
394,0.040580973576468775,0.009230135514466012,0.01397998722825969
395,0.03243294808423817,0.045073346272516523,0.03791438909433027
396,0.02517896240833445,0.04693812902371767,0.013631822676970684
397,0.03389403078509683,0.06821035258242387,0.004657780521446432
398,0.02774076489928276,0.03804997017591761,0.02792177656185056
399,0.05374943937901195,0.06643154468327493,0.030813970276922054
400,0.04673012388783255,0.09045938344740409,0.011622540376216966
401,0.049472221218201246,0.0,0.05382099471850674
402,0.003076368799760837,0.05220563867385324,0.018052718400487323
403,0.03702606203732763,0.003749805020228989,0.03199775215186879
404,0.049052365887751304,0.04966723739348302,0.029983711326548295
405,0.0025911338851508,0.024487944837844364,0.016476439749234233
406,0.03580911864572895,0.06577348247886235,0.06516011211384122
407,0.04635131168814523,0.04167094820522313,0.04104655285421298
408,0.09550194147196035,0.024682606356657796,0.03996087280001497
409,0.030660126408431552,0.005963903164884858,0.024013817117742326
410,0.06491045259131155,0.017773768873916646,0.011621981151803235
411,0.027849358336128338,0.061188921832449644,0.02602884348347774
412,0.038105642954782845,0.0415781258226345,0.05803171109042584
413,0.03171822885145765,0.03659999585602739,0.009635444840652138
414,0.029796108569264318,0.027570878363444788,0.028055170292198617
415,0.06329534426129167,0.058972583021487855,0.08642039086779071
416,0.05427117702062174,0.02569468790550213,0.04673859768541331
417,0.08542295458752103,0.07583211480637393,0.026119863590046394
418,0.035577310310862316,0.04603487928638478,0.016008799800461774
419,0.002976206681121788,0.043903406458426115,0.006153498734004388
420,0.034729117155925616,0.05218472101561945,0.03240153524342359
421,0.06429774164382308,0.03716136299530855,0.024640359540910074
422,0.0,0.019031608002356887,0.02487123208473091
423,0.04626906254618923,0.036246470619182354,0.06758542586835269
424,0.053127917597928676,0.013624333363950553,0.03352489078366794
425,0.05520783813730853,0.05827324761500805,0.02394064220328253
426,0.009938722495760624,0.0413511542566145,0.019883028704120027
427,0.034729187611584535,0.03797332786754893,0.00043184210306828247
428,0.041490856723971646,0.032924744145731724,0.05382476074965276
429,0.044254679084425146,0.016675497882301868,0.07178164690158693
430,0.037707137483095614,0.05175273744856628,0.007311509699965843
431,0.05807327253216702,0.0,0.04573983818935748
432,0.014871002774393348,0.03630891594172763,0.042682512886762315
433,0.02818446544608927,0.0381812542134431,0.028431936289131432
434,0.01774100058796101,0.02449413898065925,0.04493908412621778
435,0.03683275835808764,0.045525620834332634,0.054556012242996596
436,0.014606938178524709,0.0,0.03194259994116442
437,0.0483261371156643,0.021041866581838774,0.03458547278925514
438,0.0,0.003802279240750675,0.0
439,0.02925984712097729,0.024972696789084037,0.04212796259842259
440,0.03203631478002943,0.0,0.008884973911523056
441,0.06780550952967485,0.007404190610270298,0.02127027890751971
442,0.05910547084576419,0.0532391876484002,0.0
443,0.03858196263915967,0.018082039428472026,0.05670414972603618
444,0.014233605317492716,0.013467636227409477,0.03629331950561205
445,0.054587394656009376,0.05394671826400173,0.011184374899189442
446,0.035265164114959356,0.01922194758609083,0.04374073868513236
447,0.08398511600181363,0.02772256923560023,0.06674735535625356
448,0.03611754863118332,0.005920606044888949,0.04106732996417198
449,0.010634662588319374,0.013280840716968072,0.0
450,0.053645433394271136,0.015329052855852371,0.011533601751526446
451,0.08102274729084287,0.0,0.06612615528526972
452,0.12782192507880105,0.07864475107417536,0.015194377917596697
453,0.03538606696748441,0.020912346792030714,0.052041537653428255
454,0.010701425589260787,0.03928086035750016,0.013966788101150027
455,0.08734746956255984,0.04218522263846121,0.05461253140886574
456,0.05950639694928758,0.06814435767283762,0.028868701936673027
457,0.024532131125411194,0.012823357946819212,0.024825358328719682
458,0.04885210452271219,0.034777411289408755,0.03693452330355049
459,0.04123412417488741,0.03959719919128799,0.0526350993475859
460,0.025157677339624786,0.03894395130402274,0.11366797617436132
461,0.028305201278443687,0.08320514722999421,0.05138415751646181
462,0.06889122965164583,0.030632102516943094,0.023781221980523765
463,0.06247618394865357,0.0174209339154707,0.04606630961117663
464,0.0,0.05060392529746612,0.046335235337098137
465,0.05963952612854706,0.04693615808885623,0.013832070069685688
466,0.03219585161075985,0.01499812156266316,0.011789209043658858
467,0.08905415467575983,0.005546306079309413,0.008151218026042698
468,0.07591443751722957,0.02443611823956479,0.029968145617147238
469,0.03350110942034258,0.04196159066289912,0.03249470853483211
470,0.013668824880567651,0.025704775805172955,0.03339700948670759
471,0.0,0.04315460538985424,0.02697924831895354
472,0.05295618325157193,0.04647301352717,0.0
473,0.03265222956639451,0.04231300459989151,0.026701169340651577
474,0.025111060761490323,0.019921983801943644,0.04383790499949722
475,0.03179943953512137,0.043730472912032255,0.029197770294925207
476,0.09861292381328261,0.05701683353593416,0.0
477,0.03760687629555347,0.04126289851023193,0.010357101685934712
478,0.04972212104405078,0.0,0.037470189579125
479,0.03487739263766717,0.019425533609132913,0.007093764986879178
480,0.09900591772009057,0.07237688093200859,0.025303448868387923
481,0.044885813079372255,0.022409622100601906,0.0
482,0.05922418680625436,0.030708176343831887,0.012923539717689484
483,0.04564136321167128,0.046045231738665836,0.026265655477144146
484,0.07454520828918104,0.0,0.08867542956074687
485,0.07163381293011517,0.0652443376754296,0.04916327638037991
486,0.03055982331405048,0.023980511985920615,0.05257210208829127
487,0.02412060143110462,0.020212404151414048,0.044939779577484316
488,0.049501324787124636,0.03130537754724241,0.016553389741146306
489,0.03171048502489616,0.03130533770976166,0.052752899558332976
490,0.058254645809555104,0.0,0.03158045204242025
491,0.07574529109283382,0.0,0.05339147389559305
492,0.04321875205639405,0.009206799788010778,0.0
493,0.042279184407741095,0.04118501766581446,0.07619112271979524
494,0.0197687394447629,0.015855759433736048,0.08237671072068097
495,0.06389740941408563,0.0529017545899697,0.04107252142268145
496,0.0363402415473981,0.03155459127398186,0.012291297855664194
497,0.03185474151579382,0.029967765203587227,0.059774456899966334
498,0.04239194145398609,0.005454579562632243,0.06285082495470318
499,0.0,0.0795343498429715,0.0356766032766395
500,0.02409562511209804,0.0,0.07655722405131628
501,0.05010614615633312,0.009379567726755383,0.028088911978211124
502,0.03554682085026428,0.019625388716776115,0.051966457227135436
503,0.014541791461236476,0.012490479710968061,0.023543801029308458
504,0.01620231941754147,0.024290482886674708,0.02466677982571572
505,0.0,0.025025445210092357,0.011828167359871444
506,0.038753379097245536,0.028388975378479377,0.0
507,0.061716416810212574,0.0,0.05148035395844594
508,0.006602096575502171,0.016140501547281822,0.037924316024037584
509,0.019094421717138148,0.16628967224387345,0.0
510,0.04320351030186633,0.022558638112036705,0.06718769651711642
511,0.02024671242490086,0.019986719750401883,0.02441776424908415
512,0.0,0.0099153086186402,0.007989833618907913
513,0.015658903829424843,0.06411745499902775,0.009598027574858576
514,0.06390946540569292,0.0727704015961737,0.008090313683856994
515,0.02790345109862628,0.06816746687099796,0.031869346446513375
516,0.028808338787431758,0.04345063887162206,0.049150241551252194
517,0.01881651744320435,0.03623603249691642,0.018733062725725686
518,0.04389419528606046,0.055835748275636775,0.011397382428526517
519,0.028229434625995743,0.045907118296396814,0.05646094689447506
520,0.015060084877594247,0.04469737496321833,0.03837512053935795
521,0.028636541223302586,0.05281241798255604,0.03014728339639487
522,0.0393239355889601,0.05746478933123209,0.003095857569433947
523,0.041819361496631846,0.03410500945017674,0.034792000241837366
524,0.04476505996486472,0.026865546957665645,0.05151617492826883
525,0.0327180519549945,0.04673905226422873,0.042966803817572806
526,0.014075991961195848,0.030737471445043518,0.05159064752847478
527,0.045013427183236546,0.0476166722636311,0.01739918496928347
528,0.06810742593578098,0.031240068009265726,0.027095766126907405
529,0.027116277711846104,0.019304992671325627,0.030779050556270907
530,0.036678963671703535,0.028985432064775708,0.03661025241371316
531,0.05715741709367483,0.046573675526684566,0.006809815867782898
532,0.06938775930388438,0.01093671075586396,0.06446116626520895
533,0.04113913164212848,0.025436287326868742,0.046180966094840147
534,0.04694588467519145,0.04542920725840261,0.01934973953964544
535,0.06187884570278952,0.020957491427691155,0.001652606668924212
536,0.02544860243631425,0.004440128899776232,0.0042234342149918185
537,0.04643333641620782,0.05206173479137657,0.04766159508051911
538,0.05372481997970531,0.0,0.06494510895950831
539,0.05125401957031269,0.04602560476111611,0.02768188437247439
540,0.035842547800724815,0.020080534441615183,0.06043181242987097
541,0.024280915115342628,0.033929420403890236,0.005785758357432637
542,0.028014487971588096,0.05375890833805877,0.020350585092953566
543,0.04309958789934577,0.01867170097758774,0.028973655046055702
544,0.03124059862512474,0.04138201050558101,0.027740655911395715
545,0.03153370411484974,0.051627280040280735,0.01484055468028948
546,0.04247210862428464,0.04125908566861385,0.01897706840443899
547,0.025277590820950737,0.032041571464873804,0.04012665921515061
548,0.05790302184061411,0.04459244040019696,0.031181952648274797
549,0.04027999451676826,0.04937489639895091,0.03345304138884358
550,0.028120804041810707,0.026892851802057,0.009011330833723144
551,0.056406898061946986,0.014798444836780238,0.03516353374471313
552,0.05276746698143622,0.021119257163352494,0.02305478382772634
553,0.05652989845708056,0.048029944717900376,0.031746529967315244
554,0.04741186948217765,0.030055013958613024,0.036387226244139835
555,0.036150652225229875,0.025296975266555766,0.0212894550237526
556,0.036371005714310824,0.03329927563598615,0.032146073086847284
557,0.0492447194393771,0.028927243234630556,0.0057335025680526385
558,0.03439226385432418,0.04171412232889138,0.038880482848131954
559,0.022239373213803565,0.046977641584874774,0.044485013447696294
560,0.051614433897344804,0.03844860520864322,0.041906917931481484
561,0.04008155372399165,0.05082951157591727,0.060448097262275714
562,0.0031768313591523413,0.040839507341937635,0.05826253921272895
563,0.056655497429383105,0.01894512961014169,0.030480825094774244
564,0.022769725676585636,0.029029079252092242,0.040651550394765854
565,0.01437617230716507,0.021346837640566312,0.03185673517613316
566,0.03244506972122977,0.02049866519625555,0.01788800938199191
567,0.023857146825270827,0.017595470067972713,0.0699557445167328
568,0.04314627139800263,0.03763441700877695,0.0
569,0.03425228421915176,0.0,0.021798749935400166
570,0.06656234507875154,0.08369871220887545,0.0
571,0.01764153030408672,0.03710394447062531,0.02439699202370087
572,0.024190903098216674,0.044363230558171755,0.016530917224042072
573,0.04733566930081473,0.029783934763693717,0.045630890512728554
574,0.01768192901158499,0.04895776138674168,0.05171586900862485
575,0.04127295375009681,0.01995058780558683,0.007584706245679029
576,0.053903100062402176,0.006369077610368622,0.028372188679534175
577,0.019957126248076763,0.05421049509195095,0.02676526524961556
578,0.0,0.12728916382842365,0.0410411218133003
579,0.03150337049135704,0.023238938035089456,0.04327080886234975
580,0.05407429607389199,0.04893643705252398,0.013365634610387164
581,0.058613822038889346,0.009747953185875666,0.05683809283735468
582,0.03937667825494456,0.051006734256408566,0.07752586805612653
583,0.01977579590175865,0.01210775899328285,0.022207832753761713
584,0.024104787601326286,0.08958256821268477,0.07687817131014744
585,0.026060898460034152,0.046600610430442356,0.04914694372515659
586,0.021508773506404896,0.03181513883298487,0.05115046360820916
587,0.04072408671016227,0.0,0.013043004270335347
588,0.05837903507548705,0.045024540409632365,0.019651123630525503
589,0.11783116527788436,0.0,0.0
590,0.01797506171758628,0.01217219008946449,0.04821310635712452
591,0.023906354304253977,0.011064686653607075,0.03474284012971384
592,0.05745873006108188,0.03245028720650921,0.027978788308537252
593,0.053809769816472654,0.029870661273040736,0.04245591525583257
594,0.013017386251203591,0.009408644550200436,0.04217207917079912
595,0.09765393458728445,0.01995649887185723,0.13820479282432624
596,0.04317575735074897,0.01749079948019319,0.04460536979577471
597,0.06452444510096647,0.039915143416864536,0.030894085433334096
598,0.02404247393578579,0.026502818631106942,0.019158660367482604
599,0.020206855408377074,0.017174331831416537,0.08478017056184428
600,0.0034100680982019813,0.02838401869618587,0.03476473785300969
601,0.030326474650376883,0.050626366698464084,0.03306099774206174
602,0.09370747100533601,0.0373523380533595,0.0
603,0.03474510108845039,0.04406937126606127,0.046574714963611596
604,0.02896567303178832,0.04729005020724728,0.020333103805640688
605,0.04646810414158609,0.028127100237720803,0.0
606,0.021806008748868427,0.01501136708250518,0.0071906616189409455
607,0.03939666383711875,0.04137763211292231,0.1255894275624811
608,0.030441430741323775,0.033748136749173756,0.03929454884594031
609,0.032877658731659154,0.016546986090363664,0.03558312633943112
610,0.050639275178279354,0.006910881081144214,0.0425389919131251
611,0.024589133274255787,0.04195479102594483,0.015342047979256965
612,0.007439882590722512,0.020794360992070583,0.026861645322443145
613,0.03334941265118851,0.04730176212988734,0.04089303282959378
614,0.03499914692202768,0.02493266508012725,0.03189749428546338
615,0.03411418680398243,0.04043230682691468,0.03389854756140064
616,0.04730779160863522,0.032959936511768054,0.04758764292031162
617,0.02504751911689686,0.018938499305694533,0.028345007764061982
618,0.03235109528428882,0.011442794312460527,0.02689063113689129
619,0.0380983204901149,0.03716310577399509,0.010522852203619884
620,0.009867852927985823,0.06537845883830237,0.04814992571269841
621,0.04412164726184735,0.055949500166406374,0.014610807528317001
622,0.05057740188614079,0.04655176311430803,0.04385783990342341
623,0.029982749714348996,0.03316207386548487,0.04097172041038955
624,0.03534506185095774,0.029077581982980674,0.03416731643854914
625,0.014267466451566622,0.015012273505368537,0.059826673790868506
626,0.02119785814385494,0.025039426330483606,0.03288373199930673
627,0.0289995297794995,0.0468689999696767,0.05234323594294262
628,0.032820711754912364,0.025937158139461323,0.021154683407719328
629,0.06789031795255594,0.017741120637357402,0.024176904871226104
630,0.05332411745998344,0.01872246631492724,0.04570528531573481
631,0.03920082009924494,0.0,0.03937644741239792
632,0.044598205211390435,0.04450429594457361,0.0
633,0.027834400080319552,0.04521051224141701,0.024144989968301046
634,0.033974747011638565,0.015743990557202193,0.03502453711398401
635,0.07066486192039867,0.007739300359289256,0.0341429607004741
636,0.010215272140653023,0.057459937374067405,0.030939562920330652
637,0.03821909374711498,0.05308864863046294,0.04485991817373632
638,0.026212158944098608,0.03490163208392633,0.02055471063378639
639,0.06588521638311208,0.04282126579392376,0.014149743225405069
640,0.020985660932580502,0.0,0.035968953769830565
641,0.10635431183580574,0.0,0.013966683983461502
642,0.02245246338097436,0.028982588280697413,0.03978954972127607
643,0.022091439817615244,0.04457132981814677,0.038489337871644574
644,0.02050683050991199,0.03309502568657395,0.055378922855220614
645,0.032177572281293094,0.05479929705894452,0.015914183770967223
646,0.06840597030768977,0.0,0.038506011463880295
647,0.06696115855052671,0.053535145758405366,0.03967761323293198
648,0.017785554292639408,0.06431037595915406,0.015111489248223975
649,0.08204393992762898,0.024742520147363244,0.04120870695424284
650,0.027531967290239833,0.0526212095928704,0.0602488058456831
651,0.025645492602076003,0.011256072124298572,0.04183233132195325
652,0.018203473496815403,0.01903448988204729,0.049743916524958076
653,0.02063085599406669,0.0,0.005711559310622283
654,0.008751774789774305,0.027847955781628544,0.06054772514668363
655,0.054162878427403145,0.05527981129694224,0.03166876371797497
656,0.0316631799637789,0.029119247804481708,0.02463635076149237
657,0.07436068249752498,0.02477692747465346,0.006950174419170618
658,0.026747914732181133,0.04431673517164412,0.051991948252434896
659,0.04339101263636386,0.06555351915807833,0.04317046673529018
660,0.04099272401775266,0.054726010043908056,0.04729188736174092
661,0.022735401236687675,0.05728398371270118,0.037892588271873924
662,0.06056023607030051,0.03483090668190005,0.026595844847512012
663,0.06643423380252517,0.05726420114375771,0.03538484930580201
664,0.06433205105881014,0.018370113108062185,0.006786496265840084
665,0.12452074710505492,0.07490197955836882,0.014357254217037825
666,0.016585890188544516,0.021849715344462884,0.029972389081456986
667,0.14695391898290389,0.03437690725543797,0.04334546635396407
668,0.03176931944334985,0.041764586635672285,0.0
669,0.03570133736732701,0.017896887122121653,0.03141298545827009
670,0.049008435475275856,0.04070523926638777,0.0
671,0.07336757362880397,0.037971960040353976,0.032450250088149495
672,0.032539009547578365,0.03172758027940762,0.014211166777031534
673,0.03406767404731254,0.030780228906691395,0.009075395590292195
674,0.03715924429623234,0.013292690675563225,0.028350268399706977
675,0.11602020856775946,0.0,0.0
676,0.02381277798317055,0.03243285648444224,0.019419983604489748
677,0.028777077263935583,0.049501222194221074,0.04659270235189058
678,0.04407896826872711,0.04136184145170039,0.036733930560954274
679,0.0562020694157449,0.033233315977726025,0.03013444513916067
680,0.0,0.00532904791311016,0.0279381109637624
681,0.030901862499479398,0.08675364605467734,0.08015309936945228
682,0.05922097854371163,0.05117118327129794,0.1265014338839266
683,0.04394045094269039,0.0657697610875102,0.013660475824207412
684,0.029410106553176177,0.03867225159034569,0.049149643918729446
685,0.04972409527622029,0.04304014223730118,0.04987027750679678
686,0.03567374363762143,0.028398335781111228,0.0
687,0.056367426020207646,0.05610004228459533,0.04019051849723879
688,0.06922487309685739,0.05039722562546738,0.018927288930053816
689,0.035126888784644865,0.0,0.03232782419171548
690,0.08657393183478226,0.0,0.03821612456206241
691,0.01762583682850245,0.013176298510303705,0.0396719506782175
692,0.03311881132191527,0.023819938824979663,0.023260403017050582
693,0.018476527368885675,0.029218436219379775,0.050549634364348874
694,0.05241178833120975,0.06444174974562608,0.07558601353059964
695,0.04274764940670136,0.032011174505220945,0.035276673150898406
696,0.0,0.05148590297978221,0.04529955224578117
697,0.0570811138238694,0.010788635800703975,0.04948930913419994
698,0.039239366630629664,0.018493984459639123,0.06676742531293317
699,0.010048838337384292,0.03101058225087208,0.021548391395199724
700,0.04787700414262226,0.045021360980518975,0.0
701,0.016632286365864522,0.05843100865588077,0.020000080654275672
702,0.010465781959589299,0.03714133248531568,0.020318748478375726
703,0.01731689524598612,0.029621606281401865,0.034393248774041055
704,0.010185798353590056,0.012619642453972643,0.06252791270948864
705,0.08485801777549364,0.029816743318758745,0.04467377359647354
706,0.05867415245719776,0.2153629458167008,0.021763615808143233
707,0.034902085835102105,0.06966574430315939,0.022955216368803225
708,0.04447756455020881,0.013258693917254982,0.033315669175599145
709,0.038082856447778174,0.0029816965837964615,0.0
710,0.03727412523632749,0.050763977120275076,0.0
711,0.033808266432508546,0.06903260342772241,0.03812657065458224
712,0.026791769000722266,0.06147004396195895,0.01780889614772085
713,0.040804367721689556,0.08553834646290123,0.0
714,0.014943651040267828,0.060729871816076704,0.022081015880132865
715,0.04441803059841586,0.025407205637674315,0.02126331488757055
716,0.03311897209454177,0.014000425117563295,0.055304276786253444
717,0.031511740065334415,0.02194051854260042,0.038634001482776015
718,0.02835029951283602,0.02403662174522106,0.03239148645638746
719,0.02641644833603994,0.01893493872707698,0.03563785279984542
720,0.009380678768819858,0.04406093304589808,0.01690787282716939
721,0.06406650843997216,0.15394323846888475,0.04262818982887806
722,0.0426851972854492,0.03589103935215595,0.02313545230625501
723,0.029477792095927158,0.024922894875843787,0.04726509266816975
724,0.011055318675126359,0.045456629532366274,0.02355750481133
725,0.01525022912321636,0.015673263903431652,0.009494235410876961
726,0.028517630448617506,0.03966688215923709,0.043197728727121625
727,0.06517735349966827,0.034671943283336316,0.0
728,0.034557627954756594,0.05699109325824573,0.04297196042847513
729,0.023894091355746046,0.014318305463980186,0.04543928076585815
730,0.04159949827281312,0.03394489292896141,0.021695416018446812
731,0.0222253784718639,0.011763021450996392,0.01843323109764262
732,0.03927366518058031,0.06213365318979918,0.05647613681143574
733,0.04080728437668333,0.032032979142215603,0.0244317217351833
734,0.02867553692727549,0.022487059271148413,0.028353819205786526
735,0.0379597820282894,0.04628980429156379,0.06509985441681504
736,0.09678483390646075,0.03047806969701323,0.06128050154066442
737,0.03641840029424895,0.02991010815764512,0.053144020463612246
738,0.012203962515732669,0.02909125335775678,0.0538854710851766
739,0.07923449900812796,0.013531574039632614,0.028840923276997752
740,0.05933569649645367,0.029379422984917854,0.0
741,0.02316027805257691,0.050146553285369766,0.05485088243249273
742,0.022179285241264567,0.023016978390265758,0.04773039040932172
743,0.04311488987281159,0.03279173424218351,0.0517707507900369
744,0.05922485272457641,0.04209332892588684,0.0
745,0.04551806368985902,0.037569524754551546,0.0299921269704581
746,0.053182131339361144,0.027841268015875685,0.0
747,0.015475308378728216,0.03857788131599571,0.028838297225684217
748,0.005398215972678816,0.0049665200777008825,0.05758592669513055
749,0.041877577899477235,0.0461755805847304,0.03590991258573529
750,0.04091820005197818,0.10421784878442551,0.13829401568261546
751,0.04020739663675119,0.03355702143750707,0.05962340485410828
752,0.06967098971689772,0.0,0.03569427925160609
753,0.03462056189566148,0.035013522116374304,0.053951556006115016
754,0.029207655183730908,0.04011935617530323,0.046924084589418665
755,0.029867843289128143,0.0,0.0352488834252516
756,0.034363027407085536,0.021293093571777676,0.007475257342900582
757,0.047964100111658685,0.0783053921244208,0.0
758,0.02122035037119367,0.02650370948760386,0.028929121410166608
759,0.0993213899376942,0.009164667282590225,0.03992434769443827
760,0.012195096653878024,0.016791203908352224,0.04436937956758647
761,0.0493491225322154,0.020944784758453485,0.019140811830348704
762,0.0,0.06713714840213371,0.08440408081636108
763,0.07020273872023407,0.0,0.05643825964060297
764,0.038338653849027994,0.016036750231553345,0.028093139152821956
765,0.0353611405829787,0.025895390783938144,0.05847894618463471
766,0.033030457599533276,0.044717374581032206,0.049619336952069555
767,0.07005893623742518,0.0,0.039205388975105906
768,0.03316771809843001,0.0672069439809408,0.022090154063521193
769,0.020772614919046486,0.013444790996422096,0.022973341305037344
770,0.06906940852090346,0.07372609629372102,0.0
771,0.025821930127750633,0.014798161899004063,0.025640272348342347
772,0.03215376833391874,0.0497262038286691,0.022754523308549986
773,0.04192982687549814,0.030816434610547578,0.05089628608453531
774,0.027378493663540143,0.042496084640302,0.05713469058368579
775,0.02655953201719577,0.05661243992575297,0.015362579863797457
776,0.022488450352919576,0.020241621972092665,0.047872794135847406
777,0.03903143195019397,0.003403552603432336,0.02944847806076206
778,0.02923525786987204,0.03426743819132642,0.0254165348643927
779,0.04829298075468425,0.00137945687974315,0.016036920436254196
780,0.0501067947595041,0.02395157760779089,0.0383555195271034
781,0.05771547332314205,0.060234898088183345,0.0
782,0.02615007836236909,0.026908006118377806,0.052830356952688444
783,0.09366942181663986,0.028925827808499335,0.018748524698695083
784,0.04733073308044682,0.05135597129971755,0.05525482924913102
785,0.057462483492640895,0.20034983605719425,0.034722439937249085
786,0.07133097437151181,0.01865579313898747,0.09674344703802588
787,0.08978860638390371,0.019926465520360762,0.04942778178231537
788,0.017797776544361658,0.03255149544839308,0.05665529776249794
789,0.00641307362042548,0.02536427845643266,0.01776545183147747
790,0.004155136199574194,0.09815312364427181,0.04417692916010017
791,0.03688390912137409,0.045615159752409075,0.025749436403961923
792,0.04419201330122877,0.02227617846210066,0.028409144526028284
793,0.0,0.03894959445655368,0.03844215668177489
794,0.020495176861209493,0.031564728380302665,0.032803196039550585
795,0.021977515085024674,0.0440629133019998,0.05056430226058356
796,0.035544230146624084,0.057953811157417885,0.0
797,0.0,0.057168235173961655,0.06800296624872194
798,0.01821259922015419,0.00856319595463053,0.08565056631171472
799,0.016136798900177426,0.05040661051460166,0.01714078819926723
800,0.016934345840963528,0.0233168400749158,0.02551779326597109
801,0.04517631454648887,0.02774490697044213,0.014585836487703785
802,0.00653771544674223,0.04809915777392391,0.025501684796383445
803,0.040792720782489814,0.037886880705112744,0.06795224585563149
804,0.033092673579571796,0.013438500159792456,0.0
805,0.03297702279412565,0.04107883495342981,0.03126548456977167
806,0.03621899784496976,0.041407210499910654,0.05121943319720077
807,0.05595228997182535,0.02547800028682967,0.04304350821984764
808,0.03218096569505646,0.04408892237113996,0.016427254382465714
809,0.02788063004172872,0.01249667996843471,0.016029809936445788
810,0.04821380571649269,0.05223102226373864,0.038512765629537274
811,0.04508289811420102,0.030442304083388726,0.04473979267373269
812,0.04610241722449764,0.04430564716782296,0.03493615254387597
813,0.04164501662643217,0.06213031633236863,0.014797065881320884
814,0.058354185658605465,0.0,0.013853467455106405
815,0.04228428670325148,0.04256938181984581,0.04586641010382142
816,0.04605419264648047,0.05853291116159085,0.02823814374983802
817,0.01669224242330792,0.024604080175094883,0.023896320783865083
818,0.043686010362519685,0.045660780611247336,0.0161658049364417
819,0.0,0.017930664784079037,0.0
820,0.005808623779584525,0.0214626868381583,0.012418681523539879
821,0.08531816477453663,0.054597706197016045,0.05502015973748098
822,0.03496636203713118,0.04878297689308764,0.07937450750429499
823,0.03825307138839217,0.017926585161440963,0.03411962627443157
824,0.015508428077274566,0.020323783783151184,0.00845493969261279
825,0.03369078699585095,0.039177364267454225,0.044330111191270484
826,0.03949435424813422,0.04123933814108148,0.05040154501281869
827,0.05773617992073468,0.013571329279748749,0.07971829743715253
828,0.020835824752878134,0.038768237049708984,0.0337879636320712
829,0.04034157262794491,0.049186095919035076,0.04812167460363831
830,0.0639226253310862,0.0,0.06852473551126731
831,0.018125161147286694,0.005199650813543945,0.0368240068342099
832,0.09238513887084741,0.026371789869510037,0.002141935383369993
833,0.02593688278094015,0.017678422368818864,0.011881216970468159
834,0.013652619102230935,0.027080638127406926,0.0429226358622729
835,0.019463571173337385,0.02518746865629856,0.006632361203301625
836,0.0112571878081726,0.06389337734276704,0.07964409092472245
837,0.050037147741068155,0.022232196375104284,0.0475270995646787
838,0.03960496664177705,0.018339393204500055,0.038772420286974134
839,0.048890279248484596,0.044813268381685374,0.034320597591634965
840,0.020602769131073142,0.046805001668727884,0.0
841,0.0008562004493026382,0.04925946632229209,0.027952425508050365
842,0.05043465318187684,0.04857969731672359,0.03161827933985212
843,0.039371447224764315,0.03074307515839005,0.02988459749774834
844,0.04246256175652996,0.028422390037683324,0.03435595460357376
845,0.056654243959500555,0.010777359228475865,0.050774868754025294
846,0.028447231619824462,0.016826311796711558,0.05387569877304229
847,0.015580603255770866,0.04098279724685446,0.06360385485799101
848,0.014634064222469679,0.0527982660288735,0.04896631717433083
849,0.03623436465352289,0.0,0.03437210282900689
850,0.03801072209823161,0.03611623560823949,0.03251889713575633
851,0.1640311798827804,0.009628530745090952,0.015971064718709755
852,0.0,0.03608958044953623,0.0
853,0.05110506900105522,0.022386718979472923,0.05711828718556798
854,0.0676720863623159,0.054277454439238836,0.023425259926378134
855,0.053038546062222504,0.022204874588361345,0.04603245912486964
856,0.051020626909702514,0.042101416917279276,0.0
857,0.08314318306669449,0.059968321845672884,0.013972025332910042
858,0.06335152359130454,0.03629633276690313,0.02904240947441071
859,0.0,0.14928730579580368,0.013056377812542971
860,0.0250141810685892,0.02647632970994855,0.029394105527219494
861,0.013693600022178296,0.05797280122534054,0.040581969130576
862,0.027546114000648173,0.019135442502063265,0.017918667975807417
863,0.007539224301046148,0.04185473522375041,0.047390102106983883
864,0.02470243178022,0.03839278621996218,0.02862194956730829
865,0.01178622943065936,0.003596212010669055,0.0438306781016149
866,0.026859599674246677,0.007858720947561341,0.0
867,0.03185151849878096,0.04421858969151773,0.021798959096410348
868,0.027003798056283473,0.04516266388272305,0.04908156589223534
869,0.007931960136605737,0.03428067753904492,0.024790061782410073
870,0.06035030191862459,0.0,0.02241200663919183
871,0.0,0.06721977436606788,0.027985976766121582
872,0.06613791527872621,0.05641294943395033,0.0
873,0.03774824492199259,0.030699799512318923,0.0
874,0.07588810397383522,0.011713488071642561,0.06589056343543455
875,0.056518085150952,0.007057379884293134,0.019381085886862867
876,0.016494428997461244,0.006461149917906051,0.04398896133824616
877,0.013503725207573307,0.0637757725946028,0.02515028762687682
878,0.003467543570147627,0.05172043893481856,0.01998366558316301
879,0.0729781392678633,0.0493906324903657,0.010605893630089564
880,0.03089316132646107,0.027940238503562653,0.022058678129191017
881,0.05034334190392059,0.03125943623616812,0.01328683070479055
882,0.052814696378095154,0.03909689025092763,0.028620372853014258
883,0.02002518738219602,0.0,0.07597627972012796
884,0.027708312772753135,0.02126958267725898,0.03701240797070852
885,0.0,0.035628540587425664,0.04931291471553952
886,0.03333146717242515,0.07085955372569902,0.0
887,0.039732725302116724,0.017199034378311464,0.0
888,0.04882151832058123,0.033146050751676176,0.053005366102929684
889,0.00490910313205894,0.18316687298342182,0.002506750523143546
890,0.05144525759784977,0.03294784772873372,0.033438351615511945
891,0.020012329940741567,0.020422258966746386,0.0404804681779374
892,0.025770482244150936,0.019185107648595177,0.03293765854190153
893,0.029877127505185907,0.04142421530406571,0.027611271136514248
894,0.03339033161089651,0.2049663928693824,0.03317045267489603
895,0.08851436140663739,0.03729013920733164,0.11692559270426066
896,0.053093502175421615,0.049205790615549805,0.010814541619401867
897,0.0,0.0488353934369798,0.04184006552832451
898,0.041372670172649145,0.05327993743484081,0.01662293544764355
899,0.033130232298576784,0.03566452324154434,0.0710006580979959
900,0.02367929565450568,0.02546510100432256,0.03401349320927245
901,0.08365035659157555,0.0,0.020711338935205548
902,0.04465964415250176,0.03607281400529948,0.05679299236595014
903,0.0,0.0236925177639491,0.06626657121922866
904,0.01928671073006688,0.010248067686337852,0.04321008718028576
905,0.03658893737552431,0.04162794727816591,0.020022515486014105
906,0.07654798747654191,0.00721024196853674,0.0865644090205023
907,0.041821610147787826,0.014912900786117312,0.040353267271040334
908,0.021165632757361403,0.06258702515344684,0.03715347996792637
909,0.03704983814624402,0.017882597301625853,0.06956103693975023
910,0.026951861307221974,0.009805549737408043,0.041346552233558966
911,0.03613670021073228,0.05802962129774902,0.02404213191426864
912,0.05105225303219215,0.09644261110056475,0.08800264271105941
913,0.0610404196041806,0.06263675882767074,0.03442141487851703
914,0.050337720202268524,0.0,0.0751708124435996
915,0.007357595478400147,0.01968171083979404,0.04218107415416799
916,0.02925773128000581,0.04004962628404785,0.06682512869272596
917,0.03036359006663172,0.028850085779673854,0.02789661732165188
918,0.020926171924274584,0.08273453333472361,0.0
919,0.04273157938678882,0.054661261962276074,0.04589152902116215
920,0.05291288946857947,0.05389677222400496,0.03540294382977998
921,0.027651730239362154,0.07440310730286791,0.03215478762588045
922,0.051167248655952145,0.043086072080155545,0.02357843410303007
923,0.08937835193370987,0.020794034819265256,0.017582997548202375
924,0.07448283900162739,0.017334342857277855,0.0033280699768361392
925,0.1294313962014692,0.038268037313291446,0.07608845306019764
926,0.034492963802380726,0.0289804561481279,0.054657220361938076
927,0.0865159715110479,0.04344392447564345,0.014828590815761255
928,0.027369944668048967,0.02325785404857618,0.005296682176914327
929,0.04788071652421617,0.0377532052524898,0.044906344087449916
930,0.0,0.042486367673051056,0.06598766262932747
931,0.0012650392932906512,0.04735574042992197,0.05016186858648535
932,0.05269602653884172,0.02648994714685853,0.026672931021517604
933,0.0189202476085539,0.03439192974785351,0.0
934,0.0506086883426218,0.03526204688763381,0.014704416755671183
935,0.02927019636657835,0.028980421026190306,0.0401199034939242
936,0.0,0.009316479384142389,0.03498008132137614
937,0.04602130873493281,0.015405064667198506,0.04837779273671545
938,0.020651589023879546,0.0459023283832227,0.030683199885869678
939,0.03324255911760083,0.04585495004410123,0.038567505864652
940,0.049825328001216716,0.046493164580845216,0.03541119513732953
941,0.05303672259527362,0.01561959495916631,0.0
942,0.020305738879416387,0.06040835960543436,0.0
943,0.04337837649212487,0.0339587338542865,0.03936488083480651
944,0.04097876467150433,0.048629637544174646,0.0469917700822406
945,0.028401911453467533,0.01791990613610087,0.039915590090008994
946,0.04984140444886366,0.004658003782056816,0.014883724878460076
947,0.030017361417836768,0.04983555612295931,0.017315837587317064
948,0.0,0.026318085796023294,0.060427293797982985
949,0.022555610118495568,0.02309658305479459,0.0315274023260689
950,0.04678013565185046,0.03194307384501962,0.053354633408412754
951,0.042372255276235095,0.027704812429407935,0.018187081866816654
952,0.05296954970650919,0.03423932482166419,0.02021015687241461
953,0.020805163188503267,0.004708144016484533,0.014897411371415962
954,0.0356217923877983,0.03710764889010888,0.03919212409898071
955,0.037014475628785244,0.02571938192864974,0.023413425215506985
956,0.04813339852260848,0.04854307209072748,0.033976543174064865
957,0.09166388946604213,0.003095557429360643,0.03880622263144298
958,0.013127739183009616,0.02540431039398668,0.009055998206335578
959,0.028564188712907473,0.02996905698959582,0.026951068821267715
960,0.038760007647743594,0.0035701898446880895,0.01825600455158176
961,0.038733137523053594,0.020445443731780602,0.06940127283569644
962,0.09714336092429847,0.013242599768415669,0.06964568465989576
963,0.04199592617829506,0.034299495754335774,0.0
964,0.06505607340954582,0.0,0.05303137147237625
965,0.040875093962873095,0.031105628426154844,0.014232973952449395
966,0.011436328569652926,0.034325373192685533,0.011634595934234507
967,0.0,0.050200235228104274,0.04890019923795453
968,0.05697933978610129,0.0036297564792831145,0.06526570551253641
969,0.046109615970012605,0.045026178877287854,0.0732988531198754
970,0.0,0.02465874983979271,0.06424896618207165
971,0.05701995281133176,0.01900149972542739,0.0
972,0.015416774130934853,0.05578296575840511,0.02012374164520968
973,0.060540137068607364,0.01464033863247701,0.031126486321783085
974,0.028141495346659537,0.010994720090452487,0.03109344674063334
975,0.0230262139536685,0.03376369424611365,0.05866074788081283
976,0.07524315160636919,0.056343571545051166,0.04270152199123671
977,0.05526389920982594,0.019412986094906628,0.0452141555985337
978,0.04462959783168615,0.0,0.038283036328378026
979,0.042516737293418226,0.038556450874763754,0.019214626731410934
980,0.07970540127416957,0.042057542647603134,0.012203680346044772
981,0.05289207884855931,0.024472484859429728,0.027033915978748966
982,0.09741615172163028,0.06056382487339187,0.009128303290455511
983,0.0249980610519402,0.023856476073480532,0.022263968782292073
984,0.02775809406481502,0.019347025686464188,0.02698213507425357
985,0.06463885962122155,0.02382216337938972,0.028461325449284095
986,0.09397463960430931,0.0,0.0
987,0.026649627902974152,0.03213005207158649,0.04674803686880296
988,0.008787756368725927,0.026223751519309463,0.02176613986790052
989,0.010457518976314703,0.0155210113225355,0.007214749753896414
990,0.021989768808766103,0.05751567678682543,0.08195318350824339
991,0.03328905458895222,0.019194609898458077,0.0
992,0.04974214848691819,0.04048380614201377,0.022368690652029465
993,0.08917094835968076,0.04376023422715595,0.0
994,0.02916812023921744,0.06043460914330944,0.0228524211865902
995,0.0545211427545537,0.02972464265847614,0.0047792357060950546
996,0.0,0.03454368672210481,0.051927181003649354
997,0.008666249626024683,0.04675665682816727,0.0078068607066537525
998,0.008847569581336026,0.04830998805903256,0.03173391160041803
999,0.05313437708138616,0.010915977662519815,0.03466877649639746
1000,0.04122388356182497,0.07444054858838275,0.0669608026335158
1001,0.07234732611993794,0.017056728323019386,0.051908633599073044
1002,0.05420574568990792,0.039391047387077674,0.0
1003,0.0,0.040676017669873464,0.02843151407818544
1004,0.03739963865152602,0.04821244099971911,0.04796389126026308
1005,0.06511407204677731,0.050447295380276334,0.04208803731875041
1006,0.028524065018897676,0.03835029930011744,0.01826177410720098
1007,0.010333067065357665,0.039008323166735956,0.04085523233242599
1008,0.02210721123081461,0.018640190716917294,0.029587178209590188
1009,0.06823136157178446,0.029327846521353323,0.013544730713254379
1010,0.09698670617215276,0.010104896114201824,0.0
1011,0.028937333238327895,0.005336003226798845,0.015212679635589173
1012,0.060037901544445334,0.038082478559701156,0.02066209092362823
1013,0.0,0.07289696980114503,0.06927277174677432
1014,0.05815499703368516,0.2731062506958269,0.004913664931595348
1015,0.0548272735279525,0.02547191139458888,0.028755727718912865
1016,0.08618805131417781,0.09569766482430363,0.029617944839509802
1017,0.004866582084669252,0.04302767061807274,0.041018328340435346
1018,0.029895054689634142,0.03208880730083377,0.030995152781658725
1019,0.028591947484159805,0.017694378149311386,0.047635685635907254
1020,0.008849368871822541,0.006757105876418763,0.023909569245212956
1021,0.04782221082194496,0.02685357747801863,0.012573064000628296
1022,0.07325788944424629,0.04843454020696983,0.0
1023,0.05715518327898672,0.022569493901091392,0.02781343626614038
1024,0.03272933520633093,0.04722384546378237,0.037057856281366104
1025,0.06046133210136661,0.09006656677671561,0.0
1026,0.03594367891509546,0.0710121271221339,0.038646754348560276
1027,0.06041535189083611,0.06369219815834291,0.0
1028,0.032430548502992464,0.05967937097583521,0.029349044103096005
1029,0.014378593234368254,0.007280237847897715,0.03817186131141679
1030,0.031098655992070984,0.01614670350971369,0.05079061549466165
1031,0.03162015171121782,0.08600959726144101,0.05596452464234675
1032,0.1652508593221314,0.0,0.0
1033,0.05954662563941217,0.048633361952203705,0.0628641385180411
1034,0.044392516510051626,0.018445138020683705,0.014379549367778757
1035,0.02564118216031017,0.011451341339155258,0.051147681465341654
1036,0.0,0.043879467252146184,0.09130662880249991
1037,0.044482950056759486,0.12808690136154863,0.0
1038,0.031510294447134234,0.056392235398974,0.06784176118065897
1039,0.022331641000694746,0.03061153436492298,0.02774978418160425
1040,0.01284509166465126,0.0292808130126685,0.006082122172757758
1041,0.06656020933662489,0.019711330256388316,0.04053254764649105
1042,0.02108957551599612,0.04564685215145081,0.014928439518869706
1043,0.04082365335630137,0.05372104171044798,0.024531961476005674
1044,0.04033273947900334,0.02833968128431613,0.0538240977452509
1045,0.050246084960497796,0.020063975873776438,0.029230835321975863
1046,0.03901997906578679,0.0356718893097162,0.05405034762508961
1047,0.013052272394241246,0.018733698346271494,0.027486405711141235
1048,0.05879704071806143,0.030661326625018703,0.020451916743282842
1049,0.026372942376525696,0.01517883500398709,0.06189047429177791
1050,0.010487670146832486,0.016228208890555904,0.06343965474399302
1051,0.0675930128634441,0.053254740375510666,0.012364428547292505
1052,0.040549581194132996,0.04425223928622247,0.03222840356426202
1053,0.02402798359928085,0.04822443852331127,0.016800055323843436
1054,0.03829036266952053,0.023888420410834332,0.012599983451114252
1055,0.04375076567579346,0.007303363501252373,0.09044604675243301
1056,0.04157876224393481,0.0007722851096936453,0.03147126298603078
1057,0.020368907546722503,0.0,0.06476558908551515
1058,0.06666613958908153,0.03322439425131416,0.017841258690397082
1059,0.01915709458052277,0.022402053316574664,0.011937604930788076
1060,0.02936623254699872,0.009878074478776639,0.043625679764731085
1061,0.06631558121235746,0.03208475241665937,0.09883159797141833
1062,0.07280659326469995,0.03895710544943087,0.0
1063,0.02492165024983192,0.020359213055653417,0.009944099857623961
1064,0.11004411893320912,0.014906626522378341,0.0
1065,0.020208397041271715,0.056047455426545136,0.048712690345777104
1066,0.01609830896081255,0.024833596216517276,0.03747598183583506
1067,0.05441042861388446,0.057847854825884996,0.035989261839436515
1068,0.027201546440394898,0.027855114237736848,0.04577375852572919
1069,0.023119859555361166,0.0608573121992139,0.047196430607979005
1070,0.024409325002421944,0.004542245577473135,0.03019009911457976
1071,0.04691781400134459,0.03900626602211948,0.02250213636753846
1072,0.0758086909964492,0.031959246213373,0.02379368725839304
1073,0.02658758163662228,0.03883556179650469,0.042652558017821855
1074,0.10342336030918685,0.030053526093563446,0.0
1075,0.05290425897344877,0.009442686579429574,0.020373808227560523
1076,0.020816974933974355,0.017923880454471932,0.04926847499193283
1077,0.05425999434538789,0.0,0.02135209254519504
1078,0.0484626976355536,0.03674022654640973,0.027897379699838142
1079,0.05707193564068296,0.04939178627796214,0.036668535343531886
1080,0.051525898924890706,0.05167913930427407,0.03905414456086956
1081,0.05024338991361031,0.05785541309145181,0.0
1082,0.05622311957891009,0.04244705052270744,0.007389904614661082
1083,0.024627702977070714,0.04649379635238262,0.0224137038107774
1084,0.01067410235798003,0.04512305416925932,0.03142252469824064
1085,0.016813110678342583,0.02345451829858035,0.032555241201190556
1086,0.011814822286355456,0.06579625005959126,0.07165577390052157
1087,0.018656059376655317,0.019767618567578894,0.03095565439482829
1088,0.06027752271034706,0.04020354471985271,0.02523122654555139
1089,0.07113085280983529,0.011698679073155124,0.04674400350810585
1090,0.026140662299263102,0.01564385771168844,0.03292715498164828
1091,0.03241827464322064,0.03422561530556024,0.022115679777441305
1092,0.042157895982139204,0.0037786152203021874,0.03053184147961367
1093,0.0714140466763743,0.007875880932269841,0.07828942945280784
1094,0.06908282434983061,0.043566852467418704,0.006825210282998516
1095,0.07216451520489647,0.009082110362575146,0.05782052791265833
1096,0.0,0.049371049413783855,0.06343435732618945
1097,0.07683667400442944,0.018084131050712212,0.0
1098,0.0926506583333376,0.057426606795905555,0.13304421284880302
1099,0.01791934707262235,0.03756126668034109,0.00469365797426984
1100,0.006565599441329589,0.020250545610460174,0.0381752916398486
1101,0.040554589956023575,0.008369864364313931,0.06877127265917438
1102,0.07694038730392044,0.07589300250289555,0.017884891693127
1103,0.04087648870425306,0.03251538841013436,0.03569227950867812
1104,0.228670554220482,0.004321798945143562,0.0
1105,0.034907033746244175,0.02656688496369941,0.030742287260285484
1106,0.010414040868333021,0.03264563496765025,0.008512857551765706
1107,0.06097722541946422,0.0,0.07865087928736997
1108,0.013850920752339688,0.0411357520299244,0.05512052928130091
1109,5.436107304068275e-05,0.02127560587515909,0.02315516577537795
1110,0.010349234343160277,0.04262241139534606,0.04933877394635416
1111,0.026651256487637314,0.05219153697907272,0.01104524673511626
1112,0.015100313497060884,0.05902949601664135,0.03527758266921056
1113,0.04372133383759619,0.04520061493960258,0.04473052596786681
1114,0.03197947987555573,0.018085540813603217,0.10213603022558843
1115,0.0034012803417099676,0.02739230378320351,0.025993372755383364
1116,0.06527950031725856,0.013949165202706525,0.03392513751361752
1117,0.03173835669190978,0.04255005275485333,0.014893456429990131
1118,0.07015022645112627,0.07337745326116267,0.0634483275619348
1119,0.04226682724445211,0.020775003557635983,0.017415804911671273
1120,0.017884891925410346,0.051531860607408435,0.023688645795043765
1121,0.060571125274398924,0.021480971777665142,0.061652983266676446
1122,0.01721920557698324,0.04955929324773949,0.0
1123,0.06388977177098111,0.037096407394556524,0.013756934487210812
1124,0.03358423024298913,0.02822006688784205,0.03598711161294602
1125,0.03475153784250435,0.018085498447931923,0.050854852268394944
1126,0.002514084301873406,0.04736723081491755,0.02146464749494627
1127,0.00525068735642556,0.024817827736102027,0.023274918136658912
1128,0.10277553949547559,0.0,0.0
1129,0.0532065887982707,0.045247278436573855,0.04378176057900054
1130,0.008898567001677094,0.05636455147105927,0.010677346690621032
1131,0.04528083496450195,0.03577561605960723,0.042804865157033946
1132,0.03532320954359709,0.025361549010018008,0.0
1133,0.11890762571901639,0.0,0.012900098146887862
1134,0.021447212376448366,0.008455119806561093,0.029534609915580042
1135,0.052090719128957706,0.0,0.07062909656264632
1136,0.03685721134158248,0.07771528812872498,0.057500967019385285
1137,0.047312013268933945,0.011480719654891424,0.009750562724265924
1138,0.04074063325807606,0.007892428867751497,0.03430757714333687
1139,0.025097521794575944,0.02198128687195534,0.04360105765287426
1140,0.006558442522780321,0.02262811927022774,0.06257035907402927
1141,0.012963230738973798,0.03267905816661219,0.07775154899540666
1142,0.041003056805862366,0.01056954359867122,0.029879469338331594
1143,0.03975956668591781,0.057596993909216264,0.037075529626254176
1144,0.052244105477801284,0.03705949250389344,0.0
1145,0.06627931283785178,0.036442483075416574,0.026790284804863094
1146,0.06413254459828945,0.014794805903657796,0.02520724807576399
1147,0.03352246694778706,0.08568109743959346,0.018729324180108337
1148,0.04658372473873401,0.04638722408265215,0.03027440726906364
1149,0.07556381406719646,0.00132217137665816,0.11601338672681491
1150,0.04181001892183479,0.023134309693472063,0.014261532142263757
1151,0.05327077422779148,0.008398192702213,0.005519458036868545
1152,0.04004040549647323,0.012367611076274298,0.057434963621606994
1153,0.02390690883317688,0.030140999034539453,0.0473972696854365
1154,0.056507441423923,0.057699592850214615,0.02244991439323747
1155,0.07529647987477686,0.09231807549531879,0.05014958612962781
1156,0.03926700282974831,0.04291818480604385,0.057713446189668616
1157,0.07595374467157837,0.06807543914548884,0.03483471945169499
1158,0.06022773955686179,0.0659118434018618,0.13082126595190618
1159,0.022533251851471703,0.0,0.02880494690841033
1160,0.060678435897342696,0.024486548905886817,0.05208363231596045
1161,0.01559025640362201,0.017810488891605514,0.017655513912207738
1162,0.17179761310294261,0.021093644063776146,0.014710564235361642
1163,0.04794776664662196,0.030347064444636095,0.01635633777398096
1164,0.011711687805649823,0.02871142032122742,0.03905561187770761
1165,0.058940112009676,0.0601396105618776,0.014015389917649654
1166,0.006402616301637965,0.011704922017997752,0.05667045579466129
1167,0.05686700264811734,0.014273632173522528,0.05871386058337778
1168,0.05422906653948129,0.02898676313550705,0.04484840166422283
1169,0.0,0.03323860928440698,0.028693199149771614
1170,0.08263468474381726,0.04103957215338532,0.030669352425823745
1171,0.04026736661015397,0.03352644317573298,0.0590722173048785
1172,0.17040458409145054,0.010012503668525104,0.015218614981499417
1173,0.053297223706159295,0.03770562142366896,0.022124045998625164
1174,0.041072082182488666,0.04827709887964839,0.02988566110192541
1175,0.04120944573352807,0.0,0.04349435422537963
1176,0.01887720846721528,0.012733310327266328,0.0390036306441834
1177,0.05441848277325236,0.05369347151060841,0.024367039861109125
1178,0.026516526117291828,0.027701912622773484,0.027594720841297323
1179,0.05191590284050739,0.048032018382510096,0.009247285562263449
1180,0.06246051864970388,0.0,0.024031514611563463
1181,0.0038469230906949072,0.061406291653246466,0.023094465253525622
1182,0.018625876666798897,0.05432438868533521,0.01458071191195226
1183,0.031847423820148206,0.008275816365354441,0.035466180460810424
1184,0.035117306275736726,0.01958298871266832,0.04267863195309798
1185,0.023568980381276066,0.03397435167595913,0.027312379824368394
1186,0.01242123715464534,0.06788132764685244,0.011467834518912562
1187,0.030431623289156606,0.06996182152123828,0.025228501686582215
1188,0.18639950370548358,0.0,0.02564694451705205
1189,0.03480829986664075,0.04109111630282666,0.01976590760023995
1190,0.0,0.07775968785310061,0.06301256027533927
1191,0.041949335655306584,0.05205908657063971,0.02662384574706665
1192,0.032536741637237375,0.009646444186575598,0.05072955951780711
1193,0.03785141794238119,0.049076539444748206,0.013424357651187976
1194,0.017224106803762927,0.08110010117720923,0.04743842089080449
1195,0.05784821671377138,0.10118958648209564,0.0
1196,0.008542423323344345,0.0024979149037954035,0.03340344771962072
1197,0.04587710290778821,0.03971228848313748,0.03421879237021999
1198,0.05852796046267822,0.04041062944186843,0.04358823526505878
1199,0.05468990830865167,0.08242655981850877,0.02010167504814655
1200,0.048007208844641346,0.0708898141662853,0.0
1201,0.05221903874322398,0.04305701532748215,0.025532419704102572
1202,0.05495944892900222,0.030175713273763498,0.0
1203,0.02277312427467881,0.01800244405682971,0.058466030587459826
1204,0.015440460137263653,0.02437061812933539,0.0373192749112398
1205,0.05224729715631319,0.01243142776704662,0.04122237472553595
1206,0.03185908748517615,0.017596201265953394,0.030924551012542902
1207,0.03726252007630843,0.040355761203149675,0.02995006180193881
1208,0.04723872355243364,0.03414829853769014,0.0010766008694820482
1209,0.04658872906651342,0.044950219446338674,0.04422698222796195
1210,0.033224105102886786,0.055367290264811686,0.022858619275901763
1211,0.08641406991512596,0.02945035131456476,0.047586942095241815
1212,0.06289478931842496,0.0,0.006708822699483738
1213,0.027536594956855998,0.010587751585135871,0.02647131955943002
1214,0.050882629199548314,0.0667470640121897,0.023106167501816606
1215,0.0,0.0,0.054824138471842906
1216,0.05754058129361016,0.016940858995113158,0.03818803682251248
1217,0.002599924307085171,0.006221522587798826,0.034927687864898325
1218,0.04358895268011609,0.026105801476195678,0.03772526953405748
1219,0.035367078265461524,0.08258199799022878,0.0
1220,0.04820763440979036,0.0,0.06524043811861228
1221,0.05115386279146075,0.015897350352886523,0.0
1222,0.04602376179538591,0.008754238582819124,0.03391390503502711
1223,0.014032970575159877,0.07917968000241278,0.024834451309579213
1224,0.028357676080487965,0.04240240070631795,0.016047208518783773
1225,0.03736330031418939,0.029616348126141275,0.023344325055007803
1226,0.05853538582543571,0.01609401702813408,0.0
1227,0.028232765817355884,0.009082664772393514,0.056264699325195865
1228,0.11903130939044103,0.0372673377148226,0.0
1229,0.07514529061088615,0.050082821386451946,0.015484973725753252
1230,0.03357553720441216,0.019936855148278938,0.023784812329952425
1231,0.06685533102750955,0.0,0.0819539074565571
1232,0.10965404787204686,0.054909635536036,0.0
1233,0.011865745654035448,0.02520585938527833,0.12641073111484596
1234,0.03467409313220351,0.034184995649983445,0.04545479912713556
1235,0.013474944178179828,0.17621096361007033,0.08339133240828811
1236,0.03070367922583513,0.012112603498829852,0.033075644150383374
1237,0.04984472941572811,0.03638051384814501,0.014925795578634198
1238,0.02517751320562935,0.028222425643940823,0.013135833558140858
1239,0.06535806509658286,0.043566752517506434,0.020123896491115307
1240,0.02910363180850831,0.047624899499563784,0.033996381133616686
1241,0.04204958613725624,0.07553027886410642,0.04496113314054936
1242,0.03345601737480843,0.020465018529180267,0.05773093501934034
1243,0.03163375363571471,0.06312124782427474,0.01457583148050149
1244,0.026309155154131236,0.009414056176048824,0.017631020817391378
1245,0.12987484115648018,0.010098600173235144,0.005927678014022599
1246,0.11573005750520739,0.020674409309445852,0.08872805723563826
1247,0.032473272503296874,0.023199712740984032,0.08020763528853896
1248,0.0030406977061230626,0.03786238305612625,0.009133862568343207
1249,0.052924190808169715,0.0,0.06352538552188246
1250,0.0396797231567598,0.053789251019973436,0.003934330209768543
1251,0.02282073750372551,0.04252084042073419,0.0
1252,0.04181891335109642,0.03442317305336138,0.03100493504289056
1253,0.015240645630291844,0.08821915691288637,0.0
1254,0.028902186780082797,0.05942171362769196,0.037557351102686466
1255,0.031807504993424475,0.04203413592965555,0.044681066940265364
1256,0.0,0.04787055438735793,0.061560215200305905
1257,0.06330953194344294,0.0,0.04646426511559585
1258,0.04255497380670462,0.033679265202713034,0.02893351776973979
1259,0.02078677065899603,0.04823079106784752,0.02882127753428109
1260,0.07404046325478125,0.0388187351260957,0.04338312883882278
1261,0.04442836508055795,0.03614537986933732,0.06427677634817773
1262,0.023021839515435728,0.032636354556441295,0.01574106291055516
1263,0.08467893752376557,0.06841107348741661,0.013832847891540172
1264,0.02827552252619628,0.04490127670527839,0.023748384851068265
1265,0.004581833649980301,0.03296658202511721,0.06755725284382344
1266,0.03685864040566001,0.032247963740810084,0.03125095355620353
1267,0.04647338308877782,0.041888305251752425,0.007331845580759222
1268,0.05305073093737256,0.02201027552707589,0.0
1269,0.03272354739980734,0.032096557354106485,0.042931841956996425
1270,0.06618865874166117,0.047440184846545094,0.08874801829719256
1271,0.021433397748053622,0.04527403024809613,0.01982348840541004
1272,0.007450051526649413,0.04454804730301404,0.06861206624206344
1273,0.046570919719010916,0.035749569580865136,0.03109272461903286
1274,0.029844874460522045,0.04134652742043857,0.03707497802615636
1275,0.03772516990915963,0.00676486447627736,0.048202824189311176
1276,0.08815209905177752,0.0,0.0
1277,0.018467035670264153,0.02242205018875132,0.013715717451539327
1278,0.02932851007964994,0.038993017591997955,0.0
1279,0.02435628549517736,0.02729361712969582,0.03059234822516736
1280,0.05519650648778503,0.07783547315716668,0.018418014747305915
1281,0.07213729943609544,0.05698889481432314,0.0
1282,0.04171497248203402,0.06175519562392231,0.022029063720613723
1283,0.03918786003807153,0.10606493330416697,0.005098831176511904
1284,0.044521404928488606,0.0,0.07376492472843765
1285,0.040775646289848234,0.013605760449428884,0.028379700067178715
1286,0.020065193766375843,0.06313975781211935,0.02989768898695858
1287,0.055725588760203,0.028430131296575064,0.03382973393501135
1288,0.029227812987818378,0.056614942180605775,0.06075915546521233
1289,0.01897158996145086,0.0,0.02877448801267749
1290,0.029534752294862115,0.06437562162670273,0.022829742515822166
1291,0.024120490015947148,0.04205100006293344,0.0
1292,0.054466138288828146,0.04415389436001591,0.03203937307132172
1293,0.03239137914303136,0.012638949230170985,0.015425814550929146
1294,0.0,0.06875868681847128,0.023035435971157432
1295,0.03962240110413858,0.043269851587224996,0.04733880736071217
1296,0.008262035253940633,0.04560927243000973,0.04166896718415913
1297,0.0813182901952544,0.037772102319283664,0.026361725474589624
1298,0.021033550164840705,0.026317810585020834,0.0711803604845841
1299,0.051090376579774395,0.028866958212440993,0.02562757404612168
1300,0.029489277045828283,0.0,0.032236829228279404
1301,0.03219853886965051,0.07195369848739822,0.02297491404779639
1302,0.1474886467903483,0.038872247522136374,0.08746628153912525
1303,0.055452766677019004,0.04189628588357111,0.018478161841893513
1304,0.041315126809953785,0.09367869819293001,0.019465212764776918
1305,0.017501918976536912,0.04571765983218873,0.04060495221918519
1306,0.015729953187428182,0.03243516653054832,0.033562384133922214
1307,0.0,0.04721463015466773,0.0
1308,0.0292302823211525,0.04390707596378168,0.03734475683185743
1309,0.04725919820344187,0.0063426332871502995,0.0435981052556392
1310,0.04285353854441448,0.026212071571290407,0.045917037993690256
1311,0.025551733856874318,0.03356791864670096,0.0208958352461958
1312,0.06100606753535279,0.020274981976893768,0.017032071554581862
1313,0.0015165367275529335,0.06357457942500279,0.03116147274634455
1314,0.015605119644855264,0.1552652590855503,0.020160833333292605
1315,0.040569471524951516,0.04132691211784182,0.009233203781028404
1316,0.017290067129246595,0.06528815750807095,0.030146457519383635
1317,0.029643166335195554,0.012431762193044357,0.008684802807766795
1318,0.02226134546079682,0.0007552971948189269,0.012879594124184098
1319,0.02698939339136079,0.05432588492830661,0.025693298494340308
1320,0.11328756819865975,0.05101189090316052,0.029090170374476546
1321,0.0,0.02997753317930612,0.04941628849894033
1322,0.06979864926839992,0.045528071093076834,0.04477032048368137
1323,0.04491568591688118,0.00546617637523554,0.020612147956461796
1324,0.034442030299497946,0.03670095708597306,0.01229676129472155
1325,0.023346973967510034,0.06747330109359018,0.027977381172712413
1326,0.07750439673349087,0.01820242715860104,0.004701284416616866
1327,0.029655510145013903,0.01747773588782735,0.02895654705589486
1328,0.02208061650864204,0.08274374785799098,0.05210097610588449
1329,0.014853030153177139,0.03598337475434287,0.04385318835079971
1330,0.025129483950798368,0.028303342889761385,0.04987134974523838
1331,0.002596278167702637,0.011531763757691223,0.031073650919647706
1332,0.05778449105816563,0.057058752260865674,0.02748982892837339
1333,0.0,0.04171573400030682,0.014073337975754748
1334,0.033310041155616366,0.0029190536079227217,0.03881580207208667
1335,0.03044174893098303,0.06343089817238544,0.0
1336,0.012408884499034394,0.006130642810241718,0.0
1337,0.049116212946618866,0.011778085680295897,0.03752989605307094
1338,0.047347200377812405,0.013957924406686915,0.04416766225202571
1339,0.038589328496804666,0.08705811058998289,0.0
1340,0.04889963307607976,0.02966633155510871,0.04496398309829147
1341,0.007938786764486788,0.04656250156326927,0.03543428452364699
1342,0.06558505176300347,0.0162606975447024,0.049417942545912814
1343,0.018361136393201676,0.0,0.035338559151666865
1344,0.01199911962536978,0.0,0.0630370811242284
1345,0.027084324342911664,0.03814084529621969,0.0096361165709591
1346,0.027713976397205114,0.01617636690199846,0.030063247709027102
1347,0.045219988328993356,0.0263006805647064,0.036349547092213275
1348,0.03117612640174784,0.01786659987169027,0.02901429840308531
1349,0.14476861840997587,0.0,0.0
1350,0.05589704491028737,0.03694612356997829,0.03221862870121347
1351,0.02422283150765413,0.030365793711044392,0.032330557385991915
1352,0.06074817106682607,0.04930451471965754,0.02865055527652492
1353,0.05045281319274312,0.0024343632705620954,0.013128799667692294
1354,0.040857887216183074,0.04503089065537363,0.03012820692102737
1355,0.0015298358403858698,0.02378308351213196,0.04264120243506444
1356,0.16073160395223757,0.009444884870201543,0.0032328037616256265
1357,0.056150592279962774,0.05081096765600702,0.03533147084105386
1358,0.0006321552034550352,0.03469631583894579,0.010999070676394085
1359,0.02892707392728776,0.04703938412847214,0.033549938934390115
1360,0.0457754901935827,0.034394333396585354,0.014943150197241496
1361,0.053335561311169365,0.0,0.0
1362,0.0836818034696575,0.0,0.0633533843061169
1363,0.04736774681778102,0.07140395859007988,0.03181427522180254
1364,0.01605500892431939,0.01623157800380857,0.01772957712326045
1365,0.017315277571678844,0.01866903343152497,0.07235551335723049
1366,0.04197207005305511,0.03532111357294768,0.04432370657508509
1367,0.019515375819954446,0.05991365098334612,0.0407462788480549
1368,0.020421409991391314,0.04400772653289958,0.04873427986331506
1369,0.0,0.08033822682641921,0.07997555395038547
1370,0.05947498696246159,0.05675222804326454,0.04140684195647309
1371,0.054058975340420555,0.05498873731903466,0.029416819510386733
1372,0.03842867615425737,0.05733236025591107,0.013660535033742248
1373,0.02017346503506041,0.01934457563052006,0.06590786124873523
1374,0.024804944824735692,0.027355880813155525,0.05319983742382678
1375,0.047988163418127616,0.03936370822506241,0.0
1376,0.02737009484434641,0.010770712280053331,0.06335809252892485
1377,0.020787940035382972,0.030769973010280074,0.009599837223737492
1378,0.04876546329951454,0.03136593942751222,0.047978345547799596
1379,0.05155420032070081,0.017585676130631073,0.0
1380,0.012729936602814367,0.022355043900461308,0.016398823869894046
1381,0.03334714199164131,0.07463550033085778,0.014607902440573056
1382,0.029817965367367107,0.0322324387027095,0.03907916953939923
1383,0.017449913268768505,0.02145230011069504,0.027161145004106123
1384,0.0,0.012813459873243876,0.056706922628615285
1385,0.009953657133320049,0.021960502245950485,0.029075471886274618
1386,0.08546315641992336,0.03869666330987114,0.0
1387,0.03407808438015868,0.01652536300021619,0.03275694452235289
1388,0.040516443206639795,0.05240694902781803,0.012122963505853027
1389,0.04411273155848318,0.04635701406389486,0.018486288635590892
1390,0.03609169929082662,0.03487693022178727,0.008810577539193972
1391,0.035189392232487765,0.04564655572684961,0.028762846380192355
1392,0.02315392138863625,0.16603716741264324,0.0
1393,0.03468948140188464,0.05301038507114442,0.049389708641573056
1394,0.007154273914527808,0.02546673194126701,0.03823094126099086
1395,0.054551768115300305,0.01332277087088468,0.048190486922114945
1396,0.0,0.022983810099646756,0.046666278593016114
1397,0.03528792988749681,0.0,0.07001670291260645
1398,0.10099549114745589,0.0,0.02279315427216595
1399,0.009884471251910465,0.021571384441211715,0.026311332646632074
1400,0.0385625274192429,0.03821638814781953,0.0
1401,0.10472096951710226,0.07265301200836975,0.0
1402,0.05002890835854682,0.04307435074610256,0.040498844120136435
1403,0.06265351819110589,0.002336746682856411,0.03794948706414989
1404,0.06459236389833933,0.011693081404018216,0.016630234030397827
1405,0.054623555228890494,0.04574018038031285,0.08563224416915977
1406,0.012737121463255632,0.0,0.0744964661809828
1407,0.01649862004023108,0.0,0.04826404634054933
1408,0.03028014917075965,0.05107447240024424,0.030626468075940137
1409,0.0,0.10664073266359597,0.0
1410,0.05419954015608164,0.04918777459996915,0.03882676532820865
1411,0.02234245880405204,0.06290047785524476,0.024521637830563547
1412,0.028667962123499174,0.027914465105793027,0.015012968695037385
1413,0.03203842027290403,0.03394640446864694,0.05296378651080542
1414,0.04708143379329368,0.06445169011883148,0.019369076695987947
1415,0.021494121498048066,0.0,0.0
1416,0.06269951826712802,0.0,0.03187249668733561
1417,0.021690251669311458,0.029026648877526273,0.02294567242925766
1418,0.06226674308348508,0.03859967566500683,0.05501686572194896
1419,0.015999132114043458,0.048260911545225944,0.04870617985119632
1420,0.032889388302636234,0.003301997660147137,0.04282212746342328
1421,0.011042829822840022,0.03293014424365747,0.04878670119354623
1422,0.039161692539879826,0.03342623360724624,0.019909731219111732
1423,0.060315073684669235,0.03618751644907717,0.006388378037203153
1424,0.05815281971870937,0.0536494803412936,0.023372638716504062
1425,0.028274601244089075,0.03618781317746372,0.020010679723192887
1426,0.04929394195262451,0.012799849468325235,0.044856878677272304
1427,0.02465432168630653,0.03902612675685447,0.026291684084667838
1428,0.01861156096117625,0.022174018429315257,0.04307420213852925
1429,0.02557873203639312,0.04141346083644513,0.05843508412958711
1430,0.05750692080889864,0.08010872690488989,0.020999281183882855
1431,0.04263092850090036,0.021726859675801197,0.05370333559692921
1432,0.022823009466952118,0.03824857330470251,0.07001012833604611
1433,0.032177201257364355,0.040291339600258644,0.04075482801856515
1434,0.01723059891173127,0.03270179700998745,0.0
1435,0.021033796220123042,0.00038934448527907134,0.03374640037149576
1436,0.026004087988056552,0.024499140422601363,0.03499712344498455
1437,0.038851478314775444,0.03803302296949896,0.03336304053867959
1438,0.009631240849004597,0.04762307617132375,0.05064356909709503
1439,0.07006387387081028,0.054249817429299796,0.03202714209149935
1440,0.0496473487721026,0.020607146117967063,0.0
1441,0.04760538431876471,0.02821892322852303,0.008338760950178983
1442,0.013650885499935286,0.022988668939252666,0.092537668407629
1443,0.0003498319664548231,0.034548232160984495,0.036545077294016216
1444,0.05574569720836415,0.05081245237177965,0.025321808725986942
1445,0.03487321751706917,0.04088218985569484,0.053605898106347166
1446,0.04881373844710426,0.05894430376555956,0.019346479844704587
1447,0.013900349661468345,0.025497794599654084,0.03044537346070846
1448,0.02722865706550724,0.031051834438763724,0.013078937558250452
1449,0.12692356258204665,0.010228039412205285,0.007485599278570592
1450,0.06916382843289744,0.04741499595945375,0.01013403831031214
1451,0.11392105620952589,0.09833977182822445,0.018366484661566523
1452,0.05114709795099345,0.01642523901783719,0.03423741265733307
1453,0.02866057191644421,0.003551945858162639,0.021901385919167404
1454,0.02369795566452163,0.028912657819436957,0.022273026483250625
1455,0.03943357641794184,0.04710222883512702,0.01557414908982315
1456,0.05397460354191915,0.049217070646632416,0.021081900066576464
1457,0.03100242334936025,0.08290812933218952,0.03770299076948953
1458,0.0,0.05587264389997351,0.061122038377798636
1459,0.05146396873228647,0.045667007734638845,0.03416967216703057
1460,0.04837172498209969,0.04858708436380226,0.0195241656531762
1461,0.023681987219489237,0.04114109621968926,0.058695377908489256
1462,0.01022820159195661,0.0513653125831747,0.06908895580149395
1463,0.06796983125799917,0.0,0.05955867851328322
1464,0.050213988014379526,0.0,0.013899658440013445
1465,0.017764505362189473,0.0,0.07724841446490632
1466,0.031462679640513636,0.10575098408971845,0.03480337743181243
1467,0.053420471139757876,0.0,0.06407191621717731
1468,0.045293815354623373,0.047760775319324454,0.03584281818097387
1469,0.00854567208131149,0.02467555119575437,0.04669326005524791
1470,0.018040497123411797,0.013685637534368205,0.04962462369168743
1471,0.07152986588645037,0.012200703176703688,0.011510218835020795
1472,0.00988135859436443,0.045405639462749614,0.014627180064507759
1473,0.11208706324230082,0.012273052018355924,0.01950831543278965
1474,0.03581235024381934,0.05606064846882114,0.03346506321808891
1475,0.08461994085143892,0.0395691630580915,0.05748093008459597
1476,0.01631213426795804,0.025336099873879775,0.012080423054147313
1477,0.034033832950856935,0.01782717758944227,0.052949988928646254
1478,0.012605747887337924,0.01801658886506136,0.029688775262224108
1479,0.029104492425168913,0.01686529827161862,0.023887019293042756
1480,0.004626127996823673,0.06287013382131783,0.015713668498418702
1481,0.022908941586096104,0.014795325458923585,0.030457442625879294
1482,0.038579362325405445,0.01101176816412848,0.039405596782226826
1483,0.01354061605961264,0.022092965140034938,0.02350047443417663
1484,0.04611083718276346,0.029972274490030967,0.0
1485,0.015938264317375984,0.028715624699469543,0.02736535165511822
1486,0.011801509550889521,0.03305296434142126,0.0646246936284225
1487,0.08124994370275893,0.017681990091254707,0.09977849097005818
1488,0.025828288365905075,0.023981494852939288,0.08828228281521207
1489,0.023012495083289074,0.03694355765312985,0.04888149781357618
1490,0.03823922354536919,0.04336957474825679,0.027838928426177825
1491,0.05943497332863088,0.04091040522694614,0.04041409470108014
1492,0.0,0.060166849036929294,0.028486268887380393
1493,0.055265554732790996,0.04967737109207399,0.03174226395900593
1494,0.022642654192186962,0.04772739015971731,0.05642752708371362
1495,0.051668529488228636,0.028678415465776468,0.051775763694313866
1496,0.03251869368455436,0.05300516310471404,0.015397399529665012
1497,0.0,0.056060657610506916,0.03206182657426709
1498,0.03576891944314819,0.020138133695222465,0.03291303287575388
1499,0.0475924666825286,0.025193784497942046,0.05905305146997139
1500,0.03818768772914835,0.03457881732561829,0.02649648543109201
1501,0.027614170885907344,0.018336585774599914,0.0
1502,0.0,0.03141334364721409,0.04723987511769452
1503,0.07156081152763775,0.07790659435243855,0.014977822777329203
1504,0.05837889833125171,0.0506338035867385,0.014020787312920772
1505,0.05212091849421189,0.042010681001334226,0.034085068445168225
1506,0.0528136909194038,0.0,0.026518636551969687
1507,0.07743835625189728,0.018845724562490063,0.0
1508,0.05612659357989637,0.09051113284026714,0.0
1509,0.0,0.008970430007723865,0.02530594994956809
1510,0.048325151027573655,0.06237048973728856,0.017641551450904562
1511,0.018560321110980525,0.04850938109786455,0.006731728479267715
1512,0.05619141372972478,0.02055042093753848,0.04274730616618775
1513,0.05040197294590445,0.04821838926060599,0.028631937666901874
1514,0.055507745847607114,0.05608626131411131,0.0180179367418387
1515,0.04092238336181824,0.019717648756324955,0.01716912788634446
1516,0.03188202899394437,0.016626473545039714,0.04109080634946933
1517,0.035749401640995195,0.04686939042861125,0.04402626464037049
1518,0.03317888883298822,0.04508553045033714,0.03948431795087612
1519,0.015380418337361736,0.0268995298640349,0.01683338118382906
1520,0.045897632029986535,0.042430070090042744,0.0
1521,0.020159139679541926,0.03061397472636374,0.026031984508783735
1522,0.0,0.06665354608149768,0.02755899890270523
1523,0.02009122549175895,0.042427605708853545,0.0520234959842537
1524,0.015628499795959316,0.0,0.019692282782535854
1525,0.04570036946463725,0.08644589169843883,0.0
1526,0.01223705888379574,0.04467098394830429,0.014219040242406337
1527,0.03153935704035728,0.018270938008078063,0.052968309303714205
1528,0.022288321633273444,0.02704990704986235,0.0041578775235511555
1529,0.041462800174698757,0.03426060603484355,0.0453250950205096
1530,0.05976096697664305,0.0412321727179936,0.017815548788486315
1531,0.05108444625224714,0.05392268914315184,0.020526390600198455
1532,0.026125573992617585,0.04975711435761568,0.06888568463438859
1533,0.010495108830906583,0.04505348724822844,0.0
1534,0.04856337111274071,0.03424592948141982,0.005073687599869083
1535,0.018945396739924947,0.02915884670783755,0.03990679972344433
1536,0.037880861363250265,0.041090500978578304,0.026429690361689035
1537,0.015162467350227957,0.047230354341967484,0.01752884133222515
1538,0.0,0.044404299809977156,0.02692517898649176
1539,0.01984779170018071,0.03428687993749378,0.03873241885249554
1540,0.03969608463486076,0.008984732866457068,0.04247161297346546
1541,0.031279358855885654,0.029089250880708697,0.04256680438404831
1542,0.06165557813297525,0.026061005178600372,0.017310590112306404
1543,0.028753328030147768,0.030024677794006405,0.0414042785826625
1544,0.05952595648331724,0.06381924441295297,0.019630846364717902
1545,0.01931841689494175,0.0,0.04232161233004115
1546,0.044260530902306895,0.01111592546602603,0.046163409811283286
1547,0.029453382482463628,0.04151752185097125,0.03556497522961367
1548,0.03529018519575159,0.026508214835455596,0.03645778971629608
1549,0.016056931033034735,0.00434046586380631,0.03744533085122325
1550,0.07423300468145581,0.049946763616172674,0.0
1551,0.017710995119404393,0.07242822641582276,0.01912067917558215
1552,0.03557705479003366,0.01690484074469545,0.03601661803831465
1553,0.03142458347861523,0.02183523365732858,0.016455831565250965
1554,0.02812731587968516,0.009473752264916804,0.027612992937240653
1555,0.046168549061333976,0.040502495026089574,0.014885055367434013
1556,0.019842613255772676,0.02607083417615806,0.06103102587887821
1557,0.024134278215579726,0.0635834603898709,0.03105507216883911
1558,0.016082699871140624,0.05340965216877388,0.016548099123239523
1559,0.013122403684322029,0.03817268376953165,0.03369115121375315
1560,0.03190984935904379,0.02425115176438436,0.0556891292906623
1561,0.051134092823676335,0.05156632075365028,0.03523376904925903
1562,0.017764107586037425,0.04210482093596706,0.016749714048512592
1563,0.025556529466984435,0.008479211288406036,0.033784731385317214
1564,0.006413139508446343,0.044956669688198614,0.05474690441722104
1565,0.040179652573464335,0.018319376479839312,0.03208090168987345
1566,0.007464633398512506,0.02223021690175537,0.0363912711560243
1567,0.005229128298304871,0.0,0.0401479216260014
1568,0.038982246547075765,0.06143944843604116,0.01392187432282088
1569,0.07123164305622387,0.009278540055174834,0.0066798729407695195
1570,0.07893056825480865,0.06085681018804401,0.04500479611573918
1571,0.047563353664702185,0.088310750806321,0.0
1572,0.036361499557734794,0.03544951544086201,0.004422346577218059
1573,0.03382713981315219,0.04364796306519614,0.042299952174216116
1574,0.031678444614298064,0.012205404100422016,0.030012278744455723
1575,0.042054051061177405,0.02026885259076336,0.011470494265336606
1576,0.021882160269168272,0.0385600020259313,0.02380271878576311
1577,0.21209769476567863,0.0049643328277671666,0.01222365682053749
1578,0.02154080928013973,0.03514829647964161,0.025344348663148417
1579,0.05850503104520946,0.01079240396828593,0.015181581206094958
1580,0.05693687955384132,0.021531654639880732,0.053875656890544556
1581,0.018914015486094626,0.03872055333334857,0.04067234816794486
1582,0.08700670126191959,0.11901109629041547,0.052887285227983374
1583,0.04500039124186191,0.0451070347209234,0.03769188312846436
1584,0.04280903338628073,0.03625531552560506,0.015322528834057964
1585,0.023173975415016895,0.01614626662274522,0.055721301051464917
1586,0.0,0.011261622575045163,0.041408838071062284
1587,0.031188994964675493,0.023457434099715957,8.718059452991755e-05
1588,0.027350343399831917,0.026458417731250457,0.033914336259859075
1589,0.04265095752590773,0.022923969193709093,0.04121352370808582
1590,0.015189824045570342,0.016232102615151827,0.04717070855753434
1591,0.11160460317406516,0.028528196697685422,0.0
1592,0.022905501983686506,0.030911749782322386,0.07472536771210812
1593,0.044383147392174346,0.03166262839501541,0.028525827966234117
1594,0.02476833956463537,0.0372218947921601,0.0065300076998998
1595,0.016998951084003105,0.03131389699758747,0.03842070743000805
1596,0.06670432499600959,0.08473806693801106,0.0
1597,0.03952129997768108,0.038266900238766936,0.052537103671645186
1598,0.02807840799805879,0.004037157567065024,0.027249463705698047
1599,0.032108068916010916,0.02493882879064127,0.012662090428115199
1600,0.054891137373503936,0.021506204040895694,0.012477844264533468
1601,0.027841264692768226,0.02260056073619733,0.02951278438013245
1602,0.016067367531733802,0.03514945429342524,0.06503372336303455
1603,0.036818434089474224,0.02445989103073259,0.013254320151486476
1604,0.05094399973815345,0.04666308096131716,0.0
1605,0.10095237107064643,0.03855305793365661,0.0
1606,0.0345072976820843,0.024615697916222885,0.03139947129651928
1607,0.02423324780171071,0.04062679124567755,0.023572934698515333
1608,0.015261673286328386,0.04397677224309172,0.0
1609,0.01489844638022776,0.020579017303082776,0.03026529305449291
1610,0.009928996719118321,0.036856398555086746,0.03507921143115059
1611,0.042108848458303476,0.017000624329837816,0.04511719036490048
1612,0.053126837089815214,0.03196040987932758,0.04590338154315554
1613,0.011296249917918,0.030375060111480782,0.03249980169274809
1614,0.03373994556699252,0.014285048144461068,0.036329212115810104
1615,0.052179309786503036,0.03398592469263832,0.0
1616,0.054090718980668896,0.04648453787260883,0.00690706936035237
1617,0.037618413755625316,0.021253506452753413,0.052838817610737644
1618,0.05788661026247165,0.06620932646806407,0.031520604876153054
1619,0.06532009811314256,0.021174379052395144,0.052610559436531056
1620,0.05320013902045989,0.044203615065077424,0.03589719990703261
1621,0.02465094669433673,0.06510284132847607,0.014992641771945727
1622,0.041958667133128874,0.030763790737844993,0.016278325312131584
1623,0.02863294007963452,0.0,0.05361810821251551
1624,0.019968953547699914,0.03950630515076199,0.033078488384197254
1625,0.026399310788562464,0.0368195656086167,0.0
1626,0.03635167392332155,0.03848427614441025,0.02927025219711568
1627,0.053560471849508524,0.015382771863371607,0.03379914115779795
1628,0.044773228272838285,0.017702969972417392,0.029189725376731392
1629,0.049914465918966415,0.0,0.06040253981368065
1630,0.027727728264069797,0.0303332079715742,0.041484764212118545
1631,0.008438224788923768,0.013725025214053173,0.04822022279901131
1632,0.06526041892396106,0.07671200550557135,0.1034825964159382
1633,0.03436149297375251,0.03303885125713701,0.040508183640523665
1634,0.033592813554194655,0.019776328175846958,0.04545537887844835
1635,0.05368451447078204,0.03719144372238048,0.029399367745069523
1636,0.03015898402007984,0.03559970835943529,0.008558622888193609
1637,0.01877587563796401,0.09026033183941587,0.09312359959544649
1638,0.024654440443858144,0.03013037479537989,0.036001999103011106
1639,0.028446188516669624,0.008328058218018233,0.044138356212567155
1640,0.021461870193197428,0.03680895609427017,0.027019195372960866
1641,0.031237298112165093,0.03721621135780083,0.02781699999279276
1642,0.026855454611859984,0.010720496102505007,0.06126340445377689
1643,0.01793223840422405,0.007608390440381932,0.03783078225652062
1644,0.022043386045413255,0.047221342417301075,0.016036745103376177
1645,0.03178901261524734,0.02747249388626909,0.01677295789765956
1646,0.03542678043748967,0.05349467181669216,0.01567181856727012
1647,0.03473919522642484,0.038382809999223576,0.01850330521265481
1648,0.058574186312201786,0.030680707599640623,0.019172991373896123
1649,0.020007348116498794,0.03731143641705633,0.03623451362104822
1650,0.02417652670773818,0.04385182928883493,0.0
1651,0.04918075326671684,0.027281600694748182,0.008003914860453903
1652,0.0,0.055498187021447876,0.028483248643305682
1653,0.020806222829727862,0.022890530175696533,0.03431346575929015
1654,0.04386199961701883,0.02660762099376234,0.029694126777209787
1655,0.07316330185910536,0.08133966233450121,0.06758432119752092
1656,0.05780048033806882,0.043767762452840864,0.005992336626517834
1657,0.011628650073677712,0.033403915744780556,0.018931454427725435
1658,0.0605184329933651,0.06903471254420566,0.03736101641683376
1659,0.05629230646896844,0.0,0.08336354874233176
1660,0.08645741561404374,0.03699763285655914,0.01225740950768732
1661,0.052928919405426746,0.04580836472417157,0.020582219883159
1662,0.06970971182560982,0.0748309526108797,0.0
1663,0.1462669203425561,0.013816342158607962,0.0013036612787400773
1664,0.08509651383598174,0.02488168442859525,0.09052767742228517
1665,0.04286893971313316,0.015867097877449478,0.0
1666,0.05281792837356143,0.04265359770847641,0.0
1667,0.042713211214235845,0.08309682780921124,0.008204066948225314
1668,0.042037568213137866,0.03026784070441622,0.038681723376084616
1669,0.044899119700713114,0.05279619066049732,0.0
1670,0.04416422658082037,0.028734313044086607,0.059107016511292056
1671,0.014671824148973408,0.043785478172404975,0.02450799307244171
1672,0.0691103335797628,0.03839603168457756,0.0
1673,0.01599286212358872,0.09036516158349828,0.03717802467760933
1674,0.04781298199236728,0.06841735446398865,0.04199212814832498
1675,0.024801205807813823,0.028333929866521824,0.058635894432950135
1676,0.002675559004626992,0.045267657384609354,0.05828418106903413
1677,0.0002733182855798831,0.03363520363044991,0.023055931183935948
1678,0.03170864474469395,0.0551274816082003,0.027061218388310455
1679,0.03246450055578231,0.022841673448425148,0.038713767012091976
1680,0.023114025778684617,0.058592213154144715,0.0
1681,0.03227995857474727,0.021434734446367277,0.050908868102163544
1682,0.053669699166842305,0.0,0.03907179972062175
1683,0.018105272120803737,0.03615827062224864,0.07163107150382515
1684,0.03777322192185359,0.01005980073936929,0.020381366615811684
1685,0.0757307217950473,0.02372934802060786,0.030270909326722384
1686,0.02813107276004061,0.03031382818537914,0.04391272983306932
1687,0.027426542289899464,0.016686369535248234,0.05008201091549815
1688,0.04450758139324401,0.04532731389791673,0.028362158763370764
1689,0.03676594164709914,0.026564373715250042,0.02570208685551624
1690,0.03206421382916778,0.04581149002213351,0.03342629526904382
1691,0.07888896836245442,0.09018599795330748,0.02539017849009894
1692,0.016096998368593757,0.022220293014857655,0.019152440767788003
1693,0.0,0.05463701897535914,0.031625693052986764
1694,0.02825750678327259,0.06462102066588343,0.05824657095560687
1695,0.033363082186862084,0.02626126974478783,0.019626124123095553
1696,0.027069080454841576,0.0,0.07157166220391607
1697,0.030520169665292893,0.013740878971625218,0.03856766345385679
1698,0.02911878745708195,0.0,0.10826009270764896
1699,0.03776740360851325,0.05187399516923045,0.03832058000823541
1700,0.01803997714532731,0.03633237063653406,0.016209301974907907
1701,0.03779614192844225,0.038251094206894855,0.019643753041846405
1702,0.028263502485217248,0.006971210771943216,0.0
1703,0.032269434572540556,0.04522277720020748,0.031411774306212475
1704,0.05048492759514083,0.0028845910398825844,0.051495499158609924
1705,0.01603472872554601,0.024504169428340064,0.01283831419104136
1706,0.020222760812385016,0.015251494324189013,0.05222405860161892
1707,0.047202728838296446,0.03127243573021225,0.05849635009504362
1708,0.014521474805236953,0.04082451451114335,0.033320613097286504
1709,0.03362526360790369,0.028895156425585915,0.031149495046024423
1710,0.009936705011256838,0.0548065392072446,0.03462008397663289
1711,0.0433356668460215,0.0905517927631325,0.0007599180718247597
1712,0.0237877520600762,0.07602539501846213,0.03560502787224055
1713,0.0782105487886308,0.027361361464955686,0.05187929977323074
1714,0.0431949445495628,0.022197772325822304,0.03674046613743706
1715,0.006704720973312525,0.04551283593277816,0.0018257847782620028
1716,0.04098370709691328,0.018796751815451075,0.0
1717,0.027560463565178796,0.05460055882309095,0.05550967512342917
1718,0.04659243710504834,0.02491649981862735,0.030010717356745726
1719,0.03434782153169675,0.0028356982005960096,0.0036689267712145673
1720,0.036226158972668725,0.04164912086922975,0.0034923190543810164
1721,0.024951944540442642,0.0,0.05094180284143285
1722,8.919062376777642e-05,0.04539495579498068,0.04258000643331014
1723,0.033925665668088814,0.027604281475174183,0.028651420942367823
1724,0.0,0.021135204296928434,0.038931670105560916
1725,0.01944762594270957,0.06348524573668121,0.035300350821374976
1726,0.043481253770690974,0.019400570805388064,0.0689250397203594
1727,0.11175096721778228,0.0,0.015397270958341928
1728,0.038606925765567617,0.04053739855203156,0.026738725177684042
1729,0.044687144968337915,0.06230770105734929,0.007611286791312358
1730,0.02414864077695948,0.04635019556448594,0.06698073142466728
1731,0.188032292015715,0.0,0.0
1732,0.02658235503410773,0.051996813681116784,0.020140947573946615
1733,0.14633169879425612,0.013608284300787934,0.0
1734,0.013186371228440597,0.02306399975673132,0.039745234354367165
1735,0.032110918164377174,0.040376723548195256,0.03507738078792159
1736,0.04043985766854442,0.0,0.03247234889890018
1737,0.029952527453553913,0.022662108328843623,0.04704896250983904
1738,0.01931882099402767,0.0,0.0
1739,0.03018251445829849,0.036802251858004724,0.04786633167444151
1740,0.1388653778894461,0.0,0.0
1741,0.018841066553362623,0.0,0.03082492887158273
1742,0.01963442084544244,0.10461922535174352,0.07385616267523215
1743,0.04036434270755409,0.011289938085073318,0.030073877411023634
1744,0.011520493316315378,0.05679237344414297,0.044682865288135365
1745,0.026510587244365807,0.04489722998299834,0.04701052883555031
1746,0.027400698773627125,0.03217497650191359,0.012302701633959532
1747,0.030863359359270117,0.04437205946720018,0.02052588290195934
1748,0.03323541963293393,0.0,0.0894730978195761
1749,0.0355266200142508,0.05456825698245518,0.012052388502350542
1750,0.03429182068177339,0.03554242910442063,0.05709268243151994
1751,0.03343555453984209,0.051827487275766825,0.033357441145293994
1752,0.02115608902044143,0.028678611426865272,0.023510512712486692
1753,0.04039739580429938,0.04002905383136915,0.0418135131343624
1754,0.020470493056683244,0.03709861971980509,0.09777239168054713
1755,0.0559800098154054,0.060669081702391305,0.04379803509614565
1756,0.05265933236598813,0.012281019631024612,0.024486513393660498
1757,0.04517311639695024,0.046814745735669544,0.033153775844279955
1758,0.06314721380314352,0.02187933967966395,0.04296581667925631
1759,0.0,0.12796725136169096,0.02166340921436001
1760,0.03838563203811922,0.022646304155518694,0.011872213312808584
1761,0.032457775405563806,0.03789349248392022,0.013649300117522016
1762,0.07545756052422338,0.027514038997468536,0.09000182021969001
1763,0.025781839007121193,0.09817437716462148,0.030703843841032058
1764,0.04277384453111577,0.018010979816549654,0.0
1765,0.06620688605603292,0.003594283176813172,0.0
1766,0.020783389613636915,0.01672868328391257,0.05376777847788031
1767,0.03982264157017517,0.03165784595277997,0.024205251486526972
1768,0.076246414553861,0.019196913296033555,0.057734275158042594
1769,0.0,0.13183628611013443,0.0057690650274008215
1770,0.051493124641026004,0.055029107580562175,0.013107609989865035
1771,0.0486608769469781,0.031398927132548674,0.04898369010454829
1772,0.04253358406707545,0.04038448973191896,0.0
1773,0.05139077390458067,0.05316768570130867,0.054728275295892026
1774,0.03147781038595251,0.03542047940566389,0.05268542355718159
1775,0.011453556581104895,0.04250590235931517,0.03546917679436446
1776,0.010816698629687293,0.0247626857905982,0.02755049285041573
1777,0.046348261929496495,0.08885851994047199,0.020144646965497226
1778,0.09999925933904984,0.012284381307586066,0.013690550131479169
1779,0.02222944678439147,0.0,0.043476620710136
1780,0.0499169175485795,0.0696292791297729,0.0457548121677342
1781,0.019125640726250562,0.04560004627623865,0.03878467934051644
1782,0.03975879786614603,0.03402473304964675,0.04668046909987659
1783,0.056525461270420074,0.0,0.08782309075306718
1784,0.015989100557076048,0.06667005675985917,0.02840149308902691
1785,0.018325426492079147,0.0576220774221862,0.03497894909944793
1786,0.081964124902306,0.006503765643227792,0.0
1787,0.04319747214388545,0.05313592498025801,0.04006321508664568
1788,0.027500976619932116,0.01710108736338538,0.007896231113219292
1789,0.016563042581334845,0.021988985655633064,0.04755167470850691
1790,0.02481028085212985,0.02981855297793615,0.03576111918784365
1791,0.02384510135708361,0.025080229646479102,0.03957906360462052
1792,0.02800864816959019,0.05232069887659838,0.0
1793,0.03508406222586543,0.0457855890840061,0.015459583282912423
1794,0.04315484988508703,0.07634958639483631,0.0
1795,0.05353254281392894,0.02059789641139051,0.06913368382671403
1796,0.004302915790799204,0.07233006763102141,0.05075896112967562
1797,0.06615590207871919,0.018028033077494017,0.03229438370347089
1798,0.010338622253900287,0.04006774771840816,0.0
1799,0.030727119912727807,0.03154863151858253,0.05869284362641943
1800,0.053302147996242756,0.05674668556851209,0.014587325859445645
1801,0.031593092958557466,0.035430251218150036,0.025173879957867656
1802,0.06255372263802836,0.039856736972891764,0.04675590777333556
1803,0.0411733243039586,0.03599295998948928,0.03288149472401181
1804,0.02667071586814441,0.013307649737099733,0.028101671659611676
1805,0.017088330535328995,0.0,0.07588372662588405
1806,0.0,0.018460795093392057,0.023672168797891375
1807,0.08335115522387457,0.021753867047941744,0.0963595904306312
1808,0.0701667316416998,0.00850532931502955,0.005871982846455519
1809,0.05502419499205898,0.033472662466360645,0.02291480234280449
1810,0.03248633743942489,0.012626890494086863,0.015226869959085681
1811,0.006724077644757222,0.01964801128918346,0.018903196319247972
1812,0.007587747041464211,0.05213703471926223,0.009830718266241939
1813,0.023727219885481772,0.039590399316064354,0.08708467814001714
1814,0.019589789740022217,0.02106883161459527,0.013036735261351707
1815,0.0,0.0,0.07172757108026288
1816,0.035669200716324644,0.034352923270915624,0.03125568050593182
1817,0.010472779536889201,0.01870315960875765,0.018648366481292745
1818,0.028535348965453428,0.03404155320740115,0.03454318390598838
1819,0.043525558083598946,0.061485560130629245,0.01617338545626903
1820,0.030462569740776126,0.023647561120535513,0.04458658382621581
1821,0.019896551619921536,0.0,0.02613009561517929
1822,0.06787355482224663,0.033504915566156174,0.04288586907039384
1823,0.07053131241237581,0.02963135250075046,0.05260023086593804
1824,0.020540463572567405,0.03444544339612734,0.03215730587291839
1825,0.07250046689976941,0.01286438805113289,0.0003232639004158294
1826,0.0,0.02127308571894898,0.03511544365382776
1827,0.018704363121137227,0.0984697230647468,0.027604777059574214
1828,0.030983180015606213,0.014705027501867496,0.025120435423911402
1829,0.04960051435138666,0.008783762220137527,0.009446079483590362
1830,0.0,0.06324667419122358,0.029374037158814217
1831,0.08437142465859442,0.0735897676899277,0.02131801470746177
1832,0.0,0.019504466296231385,0.035283531438673556
1833,0.05438866668066897,0.08814825169607182,0.013112980151124373
1834,0.017586402713613725,0.05698496844383786,0.0723777968987223
1835,0.03791383488976375,0.03965291153980941,0.04684314281707754
1836,0.030882133129613673,0.04530207514055922,0.0362712449916687
1837,0.06157999314268856,0.00731430235913857,0.027454531708922435
1838,0.018033804003337223,0.02558014868810671,0.03906576649503681
1839,0.009990924789640435,0.05677477150409967,0.009351467331705532
1840,0.03141657683975658,0.010483305024195477,0.045877613541457106
1841,0.020941908111263365,0.016375349671233254,0.019868081796674084
1842,0.012669522036597847,0.015882512183225974,0.044799776964721975
1843,0.03223017386443004,0.029592008668399793,0.020899252212929566
1844,0.08476121685019455,0.010142002456769848,0.0
1845,0.055131128285334924,0.05369896665394803,0.03648640175519125
1846,0.01975959062937815,0.03102487580639647,0.04123986251500152
1847,0.031729054230596264,0.013862245195344784,0.04578003799134977
1848,0.028829435040070923,0.06492683264609221,0.0517720502742019
1849,0.017379742767877578,0.028285990731529185,0.031709794690994
1850,0.05723549646766069,0.06443207229811164,0.024261169543885287
1851,0.006901605488252194,0.09241082873347956,0.010051270845644094
1852,0.04047771431947745,0.04926820884323819,0.011484643547583268
1853,0.03559605784586955,0.04088468225034077,0.05958193445184266
1854,0.007328678813228444,0.011198772222358955,0.011758775235169735
1855,0.06263311627651166,0.03432547532417267,0.0
1856,0.05134638696647598,0.05629313598241139,0.05205897540872712
1857,0.053889638187782314,0.02383762423882619,0.08988776086353455
1858,0.028055929059106092,0.042241415733919284,0.043102701334243536
1859,0.06557849973228405,0.08912233135472093,0.09354605986067133
1860,0.0352663069007584,0.020046347294082435,0.024111972497655055
1861,0.04633401495107029,0.016807416711601682,0.03209270078692153
1862,0.0315308118826801,0.004204371177373096,0.03752323597236117
1863,0.0461280947187164,0.01991403864820156,0.0497401241560177
1864,0.030901591427507008,0.010965795356012836,0.0687487086501691
1865,0.049668266987102395,0.0349422216936877,0.02776591056381812
1866,0.04264984460835879,0.030249348694932805,0.06346807222820951
1867,0.09259684587668289,0.027232225484553653,0.06706287433268726
1868,0.039613442640776805,0.06928927592816235,0.036779414934536646
1869,0.05298952212179894,0.02340964274916697,0.08018976078664646
1870,0.02637014767660356,0.026184298450202943,0.037059646215403176
1871,0.04378512648450857,0.028779127524430334,0.027842880169981103
1872,0.017243067795312147,0.05129256174401908,0.02788744530220801
1873,0.0,0.045555452664723724,0.03311410898769527
1874,0.06552124606952482,0.026231330058810537,0.02713309375058323
1875,0.04151636476700755,0.028165421254591136,0.027884650043550813
1876,0.05830901994096912,0.017140913570645212,0.06109595732341693
1877,0.05780574308899815,0.0,0.052514613644896145
1878,0.03275410290472213,0.02782445982366973,0.020017544845283532
1879,0.04138705445640161,0.010763491313918766,0.05928918454011906
1880,0.0533734491761592,0.06926433761364278,0.01340104090094376
1881,0.03347431307439095,0.06207168935918269,0.06426168598175418
1882,0.03454698149131459,0.026649427511111278,0.04211014322361157
1883,0.040476257457895605,0.035577026619343,0.04688559291898043
1884,0.05393650458449975,0.04600316154266217,0.022157087658743274
1885,0.08952912697746873,0.0,0.07661803202142567
1886,0.08476336420585853,0.04111686746341532,0.0
1887,0.04690652998237056,0.006336326344868004,0.043532515497825906
1888,0.03497490276701778,0.010885228125102129,0.033634491700200414
1889,0.02970960693180468,0.04306073476683653,0.07266169613896392
1890,0.0,0.0445631398118063,0.01985156710209968
1891,0.019417511081641053,0.04457644569898033,0.02666690747978989
1892,0.0623148325950559,0.023101544725749254,0.029437298425583982
1893,0.035268936511287506,0.06223560608077056,0.01687904894393644
1894,0.020564616748200846,0.04072970746032066,0.04900062907760914
1895,0.014051479936157739,0.056663645047705456,0.00716707370036528
1896,0.031710801317395294,0.02107493217905083,0.03520631270156892
1897,0.048005394617212684,0.018418333679161392,0.04312309064171339
1898,0.025741333039387596,0.00980445220000615,0.029230939293758085
1899,0.042604977497201664,0.027383011169017396,0.03065196219958544
1900,0.013747608912958167,0.024825971750844927,0.016715326022568533
1901,0.043941343550589734,0.05288078583961072,0.04763434625043511
1902,0.06846770859493485,0.005413093743003509,0.02668337706725799
1903,0.0311371355979738,0.049927972619511755,0.0
1904,0.022928287536902268,0.019170052131221603,0.011236428355955022
1905,0.07691414276776574,0.033977823409301305,0.0
1906,0.024376558578340046,0.03558257552332832,0.0
1907,0.017029456046130025,0.03811303668522346,0.05258169096806276
1908,0.01382030628934513,0.003629801756634604,0.01845614935825694
1909,0.03149268270120445,0.025190591000226945,0.021699856524322474
1910,0.07383928951128782,0.1722968651639986,0.07705004738819186
1911,0.010673217465697877,0.03365339385657822,0.03284291188591221
1912,0.039606939110112815,0.055161550779021316,0.006912354309396189
1913,0.05265021113828919,0.03930219117320646,0.0
1914,0.022082370473122427,0.09081361267511136,0.05542823481808984
1915,0.02555861796050126,0.05336230083853353,0.01400588484219556
1916,0.02135121288513007,0.0,0.002203218436733994
1917,0.059646951361522475,0.04125810299171193,0.05921150020643848
1918,0.058680257736757384,0.07085438410061232,0.01617600407363799
1919,0.030594522907355693,0.05136303888825334,0.03588451607800405
1920,0.10711300654989762,0.03165937513799018,0.0
1921,0.037230714467929284,0.04120506645053802,0.0231680061973567
1922,0.0605068585961576,0.04340180060849265,0.0
1923,0.06630010171629258,0.009497340347509427,0.09085966585601196
1924,0.04129644923441977,0.04448714449859767,0.03212427846872389
1925,0.08174397003995598,0.01955909337402814,0.05003365792866326
1926,0.022193818462902224,0.1829907868037237,0.0
1927,0.03668754872547966,0.0,0.016031220277053077
1928,0.016474508463727316,0.010620998693231229,0.06441866685532202
1929,0.016222951956881608,0.033359392327838876,0.032865502932742076
1930,0.0363074456433548,0.04680239994823452,0.011522504807216269
1931,0.0989716167392497,0.00265510084983233,0.0199048192237331
1932,0.03438272610304376,0.021081195637044373,0.02556535410455874
1933,0.025510971516811018,0.01483811634675001,0.04456675603200596
1934,0.03495348306958408,0.029336369448883445,0.02293680305897558
1935,0.01848839374286284,0.027007967203409856,0.07870688777907632
1936,0.06437326524578138,0.0,0.031471553239008555
1937,0.0279299991517085,0.03317504629791299,0.02386367133430793
1938,0.05862606259961939,0.06519033550143147,0.0
1939,0.031202678310592674,0.0036120170297117746,0.018365170851464864
1940,0.0579626701279809,0.05231709476663411,0.022330006781709613
1941,0.060982794435107755,0.04004697445423606,0.03583041231121985
1942,0.044549031735518045,0.017677361902888312,0.015155766332181684
1943,0.020202928683618147,0.0,0.029028843818181094
1944,0.05026161875562723,0.01088244789736043,0.03513865301751215
1945,0.045624623000614956,0.05278127999088942,0.012878293344615467
1946,0.009015924043160872,0.040103870355911106,0.05494803773856175
1947,0.05654082980165045,0.0,0.05021894065078072
1948,0.02548876035676812,0.014194722866333033,0.03115405905836421
1949,0.04025791857390138,0.03322444691508205,0.062248697617508834
1950,0.03266045244925299,0.07390282846863833,0.02216839297812555
1951,0.023177470589171467,0.023544255807363728,0.042870550742345026
1952,0.07109383701084368,0.07911665317676118,0.044610637254249894
1953,0.04714524006921535,0.11299014679933855,0.021421757794779454
1954,0.07985298620740006,0.03585875297378088,0.06595477630444081
1955,0.06691536241198824,0.042442232263776906,0.0644289908705216
1956,0.01960337608038844,0.0401073350075881,0.01091616688051035
1957,0.08686131205175626,0.01562887034028637,0.09896961369861602
1958,0.0694800267938516,0.03332515288255392,0.013373560028353132
1959,0.01701142097805435,0.040370212047492166,0.03080347276783629
1960,0.028577905513892943,0.05405126299220245,0.03331323086314802
1961,0.03368405519949611,0.020170509673308305,0.05302813705347143
1962,0.009118548537019197,0.04638899545792477,0.038239178576550126
1963,0.05501599742576361,0.05198195909438172,0.06851624817742409
1964,0.035293193935120926,0.020358616922948262,0.0
1965,0.016145543035888596,0.07150121560421525,0.02082724933897729
1966,0.03399190068066582,0.05183498144072218,0.08082407897620793
1967,0.06370518892779643,0.019390162374957567,0.0
1968,0.028609903120861174,0.04092357869091628,0.033808106594468
1969,0.05330607357070701,0.01018256096780206,0.0417115960738917
1970,0.03693772613878148,0.042544935127708516,0.03865308208966002
1971,0.07406812167104838,0.03812839486951487,0.05090143963239333
1972,0.02236628815603182,0.028489635317886185,0.04885176380305025
1973,0.0,0.18767968770830398,0.026248341817662203
1974,0.030475013600323026,0.06176482312421996,0.02239033554019872
1975,0.03299033580828334,0.014727940817163514,0.014285652906641211
1976,0.0,0.04606999927178368,0.06032634961414928
1977,0.054059187492850186,0.008386235161308861,0.03981382251321505
1978,0.044791292256943935,0.04800735416198559,0.005438038505702552
1979,0.004621307431738493,0.0523456735915506,0.06363184919006065
1980,0.002175220642604815,0.04334312793862513,0.020195664818094237
1981,0.030134497891968343,0.010742485653035838,0.03857320123090432
1982,0.02253334529846386,0.02065454093880232,0.019279421141134265
1983,0.04899778416582309,0.013932719348367215,0.01689468610458638
1984,0.029191446970308187,0.040660690066994666,0.008070378067700341
1985,0.09940445542052136,0.12370774758512815,0.007450267384060103
1986,0.0,0.020211708883385793,0.07401826196429316
1987,0.04214399403479124,0.05364741025723772,0.01151023274786088
1988,0.02968486047364689,0.03854256626206339,0.05638292155420679
1989,0.019356703572220187,0.030473655031362595,0.04016818091632381
1990,0.06811787829057994,0.06448573500649292,0.0
1991,0.01529623777152611,0.017714653118053366,0.03929550695072312
1992,0.0,0.03336932437603381,0.05608575207212768
1993,0.04999674449940761,0.04702045334362579,0.049433588882436486
1994,0.04467307849164769,0.0,0.023618972319412096
1995,0.05963448407283825,0.023640724322867443,0.04229094494127921
1996,0.0,0.02211476155549002,0.08613163159951541
1997,0.03671715126177878,0.0534528977060284,0.025388881622676662
1998,0.029030688275396982,0.026425596307622323,0.0
1999,0.08869786774339086,0.02660569883674124,0.0481340732434648
2000,0.02178420295182872,0.03818404164901649,0.061644947433810916
2001,0.023376428165178393,0.004991991481374691,0.03943201841546474
2002,0.03953053673172392,0.0,0.042034937493796026
2003,0.00833719380347136,0.011603178667955091,0.06598996588779572
2004,0.023365898419313653,0.051300902489547294,0.02974523655484154
2005,0.041980223652399506,0.027062445415032416,0.05336202968398501
2006,0.061894380393570064,0.02111042533906107,0.03629264859618448
2007,0.010957487315793227,0.05311026353095441,0.058766481349140594
2008,0.02940622073489671,0.027794924915102007,0.09118440184054406
2009,0.049841262562698545,0.026103328598953934,0.03662982378725043
2010,0.05592543454581997,0.021103940476622753,0.0
2011,0.03719215687408299,0.0,0.03463077722140489
2012,0.015588986672692649,0.06977830936994815,0.04258072174250584
2013,0.007564099510772161,0.04003569858890901,0.017664584502489016
2014,0.06352032206442515,0.028154220621612297,0.0548849008458519
2015,0.026247801929244297,0.024353254376596172,0.03605314990041473
2016,0.027837253951182892,0.024750200248295526,0.041153075972387244
2017,0.07162177749668112,0.03496504592580139,0.015459642031972897
2018,0.04813037094735112,0.020256589742351085,0.0
2019,0.03200285098160669,0.02492018925150884,0.04093474259099503
2020,0.042371875352947036,0.035160222546815265,0.05619418940374269
2021,0.039566685903387556,0.03272602986465828,0.11073970748679372
2022,0.030318858603728686,0.03268464961673205,0.022256036177328336
2023,0.03824839858572642,0.01955522427302921,0.02329763363633924
2024,0.03630650711461886,0.0,0.0669946584201492
2025,0.02836542855610391,0.04799377205924763,0.028903489737744637
2026,0.03638941283844244,0.06005514464054534,0.009595371193199751
2027,0.03715872900005985,0.033077197948341734,0.03335545272137564
2028,0.048739282693919896,0.030938008619912017,0.013842919420649455
2029,0.0354358165876379,0.041098235363711114,0.04529009142608568
2030,0.028757554407539198,0.040027596344421025,0.03401616113063067
2031,0.0,0.02541522659007649,0.044661375945463676
2032,0.01095002060904579,0.08175130726702676,0.03925748080295343
2033,0.05090250956044337,0.04143290502294925,0.027916538915301176
2034,0.026705817570417956,0.025064321479561044,0.018605363609180112
2035,0.009015593549344275,0.054951853880133295,0.05438256534898508
2036,0.007718469175395518,0.0541581351265151,0.042499347152814
2037,0.05933024902419443,0.03146874562847028,0.04839047423264709
2038,0.02901173650959207,0.0657732514679523,0.08038514236519728
2039,0.018517629960354946,0.06385723965236413,0.0036559775519226837
2040,0.06397392110869547,0.10311214441071763,0.022439034684793215
2041,0.00887698589346502,0.0036550739542232,0.03622168938892914
2042,0.04134082597099997,0.023528276661152894,0.038520636920108896
2043,0.03199121433189173,0.014185682330635796,0.014369771452905642
2044,0.023617332696142152,0.035018866700850394,0.057857612777024
2045,0.0,0.06907579997149939,0.07981487605687651
2046,0.04399311215319956,0.005774859464710282,0.026917500712047276
2047,0.02984079610837534,0.008047010393080808,0.016669336707799236
2048,0.07896070137319611,0.08100851109333879,0.02442476176176629
2049,0.03378840730903287,0.06192385085729333,0.02352893054384718
2050,0.01286149545966019,0.025522625919796357,0.039933097152904655
2051,0.026618686075567628,0.030054812371807366,0.0355604066762574
2052,0.04496567035597889,0.06508655755792898,0.01030885779573599
2053,0.009418207924867378,0.14244340193569674,0.013010333898161693
2054,0.005477802813130937,0.028655046485681263,0.0365675091859289
2055,0.03256399109785,0.040606869855115385,0.060998977383742846
2056,0.06674593084282639,0.039239625757278206,0.04950573188822483
2057,0.03517739285064008,0.009626020679996359,0.03196935970796986
2058,0.01602122305090186,0.001994784481599357,0.0
2059,0.05538638847766262,0.023180690485769883,0.056966383691808266
2060,0.03973172691459511,0.04039173223204678,0.016726462906984808
2061,0.033044753552882174,0.060493170591329894,0.0424129522318088
2062,0.03498598346748651,0.03456590084737925,0.040892916546867365
2063,0.14905332998136395,0.01530062802474055,0.014171962300886382
2064,0.07153444585419612,0.07520234214385908,0.0
2065,0.05336717571847276,0.01836975184386122,0.028639595914831426
2066,0.042492221032559306,0.050290637151190254,0.029362913731918763
2067,0.06225610716218213,0.03767357407423536,0.025635409925580593
2068,0.04844821431265052,0.0,0.08208681783365779
2069,0.03516428088635471,0.0,0.04114074567683083
2070,0.020734310136323833,0.02020009462844613,0.04903304153031272
2071,0.031007265215229052,0.0,0.05864322883039449
2072,0.026547210206624844,0.1037378560533007,0.0
2073,0.004623628549316745,0.025305984411655876,0.02201642678544133
2074,0.013568410032898527,0.00344037659525466,0.041228648218203164
2075,0.07221753142818021,0.07409043419593117,0.0
2076,0.023265356214122165,0.001444512042763496,0.024954945404840667
2077,0.04962400196157839,0.03909310644607282,0.006757996477710457
2078,0.04899680177364268,0.0740493850850275,0.025478545858571972
2079,0.0,0.02315267681835249,0.009864198368741911
2080,0.04715298431435807,0.04903179455905819,0.0
2081,0.029686744886306703,0.07350346145892288,0.041929978031923415
2082,0.031587659461676625,0.07970385085370826,0.06955725867809515
2083,0.015280977913712314,0.045142178937442316,0.044548502379122064
2084,0.04679191881923502,0.02169908401609459,0.010695095377061606
2085,0.03505116105074451,0.037547598187757485,0.02619238247701655
2086,0.015888828521095237,0.0,0.02249197504580482
2087,0.06277102557334248,0.049525106210224976,0.012572783960194116
2088,0.03579532024379439,0.044385126815143505,0.007284173765747077
2089,0.05359042535451592,0.04535491989385037,0.02805085700517602
2090,0.031335840394262196,0.007905362904012081,0.06396992837060105
2091,0.062105781842101006,0.0437352980945163,0.0
2092,0.016081694958887862,0.05839226463017239,0.0541974370289541
2093,0.04617420865507687,0.0348544793730887,0.027656159610753323
2094,0.0,0.08849738510769953,0.0
2095,0.0613742124196634,0.060328162755460435,0.025152555226582315
2096,0.01768347201201521,0.039369519561193674,0.04524937628552353
2097,0.12509325618385564,0.063401757736065,0.010284505594785864
2098,0.05318809281541776,0.039457027609728745,0.04259928896355394
2099,0.0,0.060607786195744084,0.03464573604479244
2100,0.027652588383959786,0.016682324003123805,0.022156545798935837
2101,0.02560594601437459,0.02813987344825783,0.0840394794119978
2102,0.004098578278370378,0.04358689994191642,0.022912765811973098
2103,0.06085727154110389,0.05925135898413422,0.0
2104,0.02830531321958849,0.04588842677089602,0.03732774792337321
2105,0.03796848148955541,0.02708812617943669,0.04390517419305449
2106,0.014056839643526471,0.02188829132503563,0.03515551576287786
2107,0.03573355666740984,0.0,0.044439632568929244
2108,0.034741114811114075,0.0037234775375632606,0.04735261856417303
2109,0.04868266805397076,0.04819985003391312,0.03113256464969504
2110,0.023484669487695824,0.04945040801002066,0.013084626694825517
2111,0.02851496101639443,0.05532191702612874,0.01442027128049067
2112,0.010987336389690475,0.0,0.015010546334442177
2113,0.023904113658775723,0.035903871223842615,0.016111938557992516
2114,2.1934330068316504e-05,0.054295837813888324,0.01233561755498914
2115,0.0,0.04117480118380521,0.0283421131535093
2116,0.043761078563959784,0.01775225440936599,0.028687279327234385
2117,0.04758511821360259,0.03339992717104936,0.024144607595499534
2118,0.018923497205124793,0.02599469042920426,0.03333697271900236
2119,0.03793855607050924,0.0,0.06536831338637128
2120,0.10436481608385424,0.11304393888332183,0.015227217685059078
2121,0.02855090920684551,0.03145651256747549,0.0323009821797021
2122,0.04689555403717277,0.0,0.022711224150519002
2123,0.04224358800099041,0.04836948227371718,0.0
2124,0.034508891844839115,0.05058493536542718,0.051021970819998715
2125,0.020137814670355917,0.047359714995844154,0.03587309713392946
2126,0.042722901416954916,0.06721422447017554,0.003489252772492133
2127,0.03748338451114223,0.05036167868786504,0.0
2128,0.05511767299644003,0.017652107697776396,0.042909492276414225
2129,0.010671512131116292,0.07272681790115412,0.0
2130,0.028328932096418166,0.030483563357482982,0.015010382613366393
2131,0.020453534053981426,0.03426398969411254,0.0
2132,0.01598584320867636,0.048870293649479604,0.041933918511839474
2133,0.05162762270040928,0.004387685616890874,0.05332427751511312
2134,0.013470791746794601,0.03912651453182132,0.029334130913728204
2135,0.0327764582249065,0.026730101568587933,0.035474033730267786
2136,0.023211215607131935,0.03365050774310969,0.04855638826675549
2137,0.03544084598077849,0.008927580750684982,0.05212766898979355
2138,0.01961693383400445,0.08426182189570985,0.0
2139,0.056214526610536386,0.018890028047894192,0.01362731294395088
2140,0.027756311914328143,0.08227055811519152,0.01546775777841727
2141,0.045398694014924613,0.044961218765455335,0.031422859662873136
2142,0.03393911022034146,0.09715574610700332,0.049217648079736935
2143,0.0716786290402319,0.056517581501367965,0.0
2144,0.014971171285520363,0.032289188256702774,0.04477596712643501
2145,0.0447593709211809,0.0244400463290888,0.0
2146,0.04670392789163099,0.013522554485980694,0.03969153525508997
2147,0.038113108433880195,0.027252638598015782,0.03878815332444081
2148,0.017056243323385043,0.021772376294233006,0.060421320269171325
2149,0.06547037122186392,0.13304022248697805,0.045582169005168184
2150,0.03971077582657951,0.04196205249184535,0.045604223856286576
2151,0.007786258232266946,0.044282275371587944,0.04083138588399287
2152,0.037443488313269886,0.025861065286429546,0.006158808557651774
2153,0.055950813795209185,0.04685902466060144,0.03386589599213472
2154,0.04911829509390389,0.0,0.041014334145559876
2155,0.03585845962952089,0.027030145058971274,0.0776552769043358
2156,0.03149584439743331,0.031142975030182988,0.023233115297307587
2157,0.05322828879107185,0.0474366507472565,0.025570855513537948
2158,0.014839759557471749,0.055563722431470376,0.015952695533446738
2159,0.06103340089091649,0.035554513359763715,0.02686169667691625
2160,0.0,0.09862995975825162,0.0
2161,0.009806962662147742,0.011541451769414615,0.015491618371974115
2162,0.047554686185968954,0.05820621907849336,0.001570580945570434
2163,0.04185097467206561,0.0132775152165431,0.023483631605787893
2164,0.042190715098115346,0.0,0.03191103304109418
2165,0.037079161331673154,0.053281873666051,0.0012824304455006097
2166,0.020205674390500302,0.018695166694788386,0.08840569206937583
2167,0.1028254987793446,0.0,0.026693955176826056
2168,0.02350191745740295,0.060853425472898987,0.0664950578146337
2169,0.05527854276061939,0.05432112278550175,0.0
2170,0.05068848284290081,0.01902221151497867,0.032092395734576944
2171,0.05579495103802853,0.020329465643001372,0.046362111496673325
2172,0.02682449611110967,0.0,0.04211189551990934
2173,0.022765507166725873,0.020509489463563468,0.05346898491022425
2174,0.1519034183241947,0.0,0.017344004695203988
2175,0.025790798552797697,0.04349952627574732,0.003157752605727482
2176,0.040473659215546416,0.0948534889861107,0.1545282415770481
2177,0.06781246643285221,0.04029828793884312,0.046474298608150943
2178,0.026672505393302865,0.05038713815665267,0.014259439954621601
2179,0.0340156625178089,0.05257792980283058,0.030524604550608066
2180,0.03457848906847134,0.04357488089484224,0.0255613302958823
2181,0.04531203626468539,0.019665350593200806,0.05456825750430925
2182,0.03011187621101594,0.05946349475134088,0.03827379369982027
2183,0.03887087281218481,0.05089254270035884,0.034560690349443104
2184,0.041120013066807924,0.01523899189469366,0.024827238248434497
2185,0.018501182614532746,0.031196313246134134,0.029235528118142007
2186,0.02957277937048978,0.04315955611820988,0.02015547219149394
2187,0.026429843724055574,0.018352324046845586,0.0356471842051143
2188,0.04779893470204325,0.0,0.004816809502936822
2189,0.039187885299008005,0.056823232454149615,0.016341351153759582
2190,0.0,0.0,0.019683064350344864
2191,0.04987832414666769,0.005947441570463702,0.018123689838687496
2192,0.044513911103163294,0.029522532749334043,0.03436393529550772
2193,0.06985187009910777,0.05635723674114699,0.022711374854462976
2194,0.041418798268264716,0.046257626875049286,0.02121575960805135
2195,0.040619334673639915,0.06275121505268204,0.0
2196,0.026746183687132354,0.026998836635280608,0.035493736042099336
2197,0.017280370069566998,0.03205996308360192,0.015228939454917106
2198,0.035294131974146346,0.031953215680035674,0.04611138824231837
2199,0.050671636058558615,0.035124486903490834,0.03234592708829341
2200,0.0,0.040849293456519914,0.036459765381464525
2201,0.0,0.06253531601556933,0.0544027229573733
2202,0.026049615927048148,0.03305835736715131,0.04590089267316713
2203,0.039377507829384394,0.0320997734259626,0.004700334084120697
2204,0.020489826269817615,0.06328760663252685,0.04542243560306303
2205,0.07305503528426693,0.05201710779159191,0.031038289357416107
2206,0.051613802597774955,0.0530615307788609,0.0
2207,0.03727527405147093,0.03903031796817507,0.031120911442497342
2208,0.0034435135757022958,0.015845209731306525,0.02346220245026444
2209,0.019673966381267834,0.07056059657848932,0.017002267388585644
2210,0.04642668946594051,0.043778637415534914,0.03005992366421101
2211,0.03888233510685465,0.06131379920939124,0.014065458845363258
2212,0.06684563410084486,0.016587966938694926,0.04665791189008288
2213,0.05713822324193719,0.017654980649672167,0.029962078562601996
2214,0.08179734607366757,0.01394356119280301,0.03329055287846734
2215,0.036196223707440106,0.02746945961045871,0.03270823616206321
2216,0.024599437497354742,0.03177608604065959,0.012897727537306995
2217,0.011659937091542333,0.02364351524953172,0.056818395066241555
2218,0.013349914943274668,0.07837654898540786,0.004961048794076101
2219,0.009267884916971595,0.016443045099817803,0.037025295397413886
2220,0.04506315158801249,0.05645231218689777,0.0
2221,0.019887236714753082,0.03168521971812135,0.03459833839549197
2222,0.026431338303207208,0.023749296955631997,0.0022666998424062065
2223,0.11280291717787917,0.01869410451132498,0.06403616211438297
2224,0.026634353211574615,0.03683271745208041,0.07012954782922554
2225,0.003879852004269449,0.03233505839049583,0.020642098685817716
2226,0.02707398120455641,0.029591663204347696,0.020091182889310413
2227,0.0376366526067911,0.05950010242793687,0.027522426161864327
2228,0.04387374812548925,0.04384804733563472,0.047216296554072536
2229,0.049881383286619924,0.05081410344343973,0.035231516048987596
2230,0.017091061071581173,0.014902438212324502,0.04280418128516142
2231,0.020214959016204164,0.0725858213239604,0.02804160012438664
2232,0.05512100922920596,0.015600512811056547,0.03650388801630974
2233,0.050204870072707346,0.040753608944006335,0.04919462173958505
2234,0.0,0.03768931065492915,0.01951171138577446
2235,0.05697725119370989,0.04102813071584357,0.04376623273140565
2236,0.0502229132977143,0.028969431855279674,0.03557102204362069
2237,0.037039467819617054,0.015390765428614674,0.09719219924404691
2238,0.04038094429674324,0.030125509337680705,0.07895851743186229
2239,0.0,0.00940992186058199,0.04871035422338487
2240,0.03719008819641439,0.0055669955421541045,0.03822371989587059
2241,0.03706914007073183,0.012672395855406795,0.041841935036868734
2242,0.020543084447440355,0.035898683223713534,0.008788109086637052
2243,0.03301523836196216,0.0054361189543271835,0.030133248127456214
2244,0.04058050144387659,0.0,0.023262750380976933
2245,0.055469452912470886,0.031464501762355844,0.036920075913088074
2246,0.011537318019389814,0.052728089049483444,0.050844879529493237
2247,0.042981956046188124,0.02320118979894897,0.025525549483750704
2248,0.04309147171421026,0.050899939523806996,4.3582872947441525e-06
2249,0.06513692578195741,0.02917044428103904,0.0
2250,0.07429309755461716,0.0,0.07120439186855296
2251,0.029590286325823143,0.0910175476051881,0.0
2252,0.041753889691069045,0.022300809783075193,0.038342845723096354
2253,0.0562818083869877,0.059692384453346,0.0406022538399365
2254,0.010021118385567995,0.027261677284170366,0.04066473057465697
2255,0.05954889327504793,0.03385235388209877,0.04745681935948387
2256,0.03229007248907864,0.07269805803194637,0.040707449398220415
2257,0.0,0.06426449186515001,0.05118032498128146
2258,0.08195116858998261,0.053198412332191795,0.01890282598878035
2259,0.0224989473587222,0.040502070595611006,0.03216742290936653
2260,0.0,0.08889569916835274,0.05527508177539031
2261,0.04882103138936117,0.07271895184527445,0.0423755627541327
2262,0.027696161984087336,0.035087481077893584,0.07378278327562851
2263,0.08324631671365909,0.0019052530968302617,0.049179117906228205
2264,0.01374166317182419,0.03464290613764587,0.027670406603051933
2265,0.016901920280237473,0.024241417535074132,0.017442439969765876
2266,0.011858397457937556,0.05265346297485948,0.048070263800647106
2267,0.04022812207123994,0.06293293695186797,0.03433353932902706
2268,0.027698504640895353,0.0006702516129076288,0.03665498241081331
2269,0.02241670294345045,0.048474567654156954,0.01687777829249116
2270,0.0247382233510801,0.05793675536613768,0.04014871201358404
2271,0.012722669750709853,0.03773048283566471,0.03301621977848551
2272,0.0701823956787948,0.05602246495054954,0.038393003365398935
2273,0.037468282521042805,0.018441840043124647,0.01844203227431097
2274,0.01746343116917499,0.030995390098231917,0.024871408434517687
2275,0.04262577781373477,0.051294380086778606,0.05425879155564339
2276,0.04875206230635192,0.03320997342759315,0.03919972196988076
2277,0.035464562180476715,0.027410016034621194,0.02853575976048664
2278,0.032647582230809956,0.0,0.02658824447139092
2279,0.024486002829007415,0.03955020156029568,0.04378502898296732
2280,0.01761203311465725,0.04660434014600526,0.04408572769004728
2281,0.04536998713193082,0.04823290257146078,0.029748655306256876
2282,0.023490723618035596,0.02501188389524465,0.03655702309289943
2283,0.024034206662281548,0.03514054765499819,0.03999515169512212
2284,0.08345431064269812,0.066598069481225,0.044029446923772184
2285,0.039952971760708354,0.06144186559213416,0.03729068910714364
2286,0.055866196616695694,0.041173351331588934,0.04848774089948124
2287,0.04505138786490498,0.021258838266665345,0.04529906800995505
2288,0.032125419509473216,0.06453897995376373,0.06559925886863575
2289,0.045979165372679924,0.03798873786124466,0.05427063459577425
2290,0.04622203581459913,0.02370934851908818,0.03464397769471773
2291,0.04816635167498199,0.0,0.0264988399990185
2292,0.022053021898910462,0.07116578630067878,0.05370140532408044
2293,0.0,0.0560853191143158,0.07009931750211934
2294,0.029492448060479796,0.03635162240722892,0.010726061258717896
2295,0.04862324280167336,0.05046719115613371,0.06675176873132538
2296,0.03741640016320327,0.03258835772897118,0.008331425788844521
2297,0.03142843423119767,0.014579720956025222,0.037208940259617705
2298,0.026914525216778184,0.04307076625705664,0.022492768813899913
2299,0.013818456511189956,0.05362423141683561,0.02805596465446809
2300,0.014329529785114113,0.21257302661527017,0.0
2301,0.050574106730151246,0.04231206745092871,0.06026857410900207
2302,0.02744075191580388,0.0,0.019093774487618367
2303,0.06376292040032644,0.02367313627212321,0.008131516456305304
2304,0.023388364670936686,0.02766917572499266,0.06846340372368503
2305,0.04512240100396215,0.005241700860604691,0.02790612892615284
2306,0.048142582006968866,0.017283464975642565,0.04218182478769169
2307,0.06450292791956173,0.005481418333977953,0.03270527305073694
2308,0.019235064943463272,0.08482283993850302,0.0
2309,0.038256972466047444,0.01675604805037622,0.14608332827625714
2310,0.024853479187925357,0.027019419694357266,0.03727073635852096
2311,0.007291053183290347,0.04265617626581917,0.04795931063121863
2312,0.04145445329878713,0.056562382653583286,0.03715020199896477
2313,0.041691865517496325,0.037530342623271214,0.029157114522532553
2314,0.004237702735149969,0.04879654356305863,0.04021199092009932
2315,0.025324542653444974,0.06582481128583344,0.0348694186249717
2316,0.02134439493687944,0.0317080321842792,0.09602259092077159
2317,0.05141934088444668,0.03954976834846101,0.07020227697403168
2318,0.0,0.03443864139824756,0.03277528877628695
2319,0.05168902733179688,0.04879139367372455,0.0
2320,0.047963143163605365,0.0,0.04838341071167482
2321,0.0716233584078546,0.011968722492814124,0.03185193212153078
2322,0.033551524061378735,0.013755166190978215,0.02493204307822566
2323,0.01819464686990942,0.046982328580788914,0.021079639830620837
2324,0.05322948870073707,0.07308403790065454,0.005449010217354601
2325,0.04794047346539448,0.0,0.022780227760169483
2326,0.013988965151249493,0.044395895815958285,0.022455739100790933
2327,0.03000788322638857,0.04514678334969744,0.02240994888084046
2328,0.03541242166325558,0.04144086831795274,0.019187881006921738
2329,0.1704062239848439,0.0,0.0
2330,0.04375522760251468,0.0,0.03234459619269131
2331,0.02025386635565596,0.05253404114678593,0.0187355657148183
2332,0.0351285763680515,0.05342223521989828,0.02376606010659994
2333,0.06573176813750829,0.10398052889310976,0.01733165098430821
2334,0.08716608690160477,0.06857177577070438,0.01144551314899408
2335,0.12789111986331755,0.0,0.0
2336,0.03069701534520672,0.024306204233231033,0.04867476566979546
2337,0.026026195733257023,0.02722805455199233,0.023371260690725575
2338,0.026360307786644832,0.01996659131901442,0.04073986560691911
2339,0.027103989908992918,0.03947614757408424,0.048024223156714146
2340,0.05660083206602951,0.10382821736460529,0.014652907221107209
2341,0.06187178936365714,0.040197351278478045,0.03695371760490486
2342,0.003917724326537336,0.03329749148397439,0.0
2343,0.06358047345485703,0.017171026981690176,0.05214174153237259
2344,0.06176658846043594,0.017142612989273297,0.0
2345,0.06116521024918111,0.03729829608960246,0.0
2346,0.05384301847590391,0.030758559461745518,0.019038229287904978
2347,0.04942269426602904,0.05983107250407856,0.05403745646170693
2348,0.037022722262944084,0.053353019179520234,0.04508616357950026
2349,0.02515433428270536,0.034389943575044525,0.04749708132681937
2350,0.034220767524000335,0.014339342727840319,0.024397773432673107
2351,0.011431568181675103,0.05581263571606752,0.04727025534088464
2352,0.0017936007479414744,0.031003867201619184,0.029553627833639018
2353,0.07426949875087568,0.0,0.05494049836921516
2354,0.0258379692669838,0.026556894805434172,0.015169991312441367
2355,0.05985721165177247,0.0750790261490776,0.013840811222952021
2356,0.019061294639577606,0.09892929910069855,0.0
2357,0.03287993973665588,0.04022125922821155,0.036001317363435204
2358,0.0052159916499766685,0.011892372104854198,0.024871940594217868
2359,0.028732842725720343,0.060328359693401425,0.013733494282885922
2360,0.035818128928815314,0.021941341720558005,0.006064370969071762
2361,0.09256633166488278,0.0876081896634176,0.012043191008750847
2362,0.05245971332302269,0.04555116419463974,0.024478708033242653
2363,0.02731618385069783,0.023100002447713496,0.04195374845690756
2364,0.042613322319411694,0.023528843628528768,0.03105713873167752
2365,0.035625292382569486,0.033103628476221884,0.035525786837493106
2366,0.03549262698481534,0.042091270617018256,0.04525427473114394
2367,0.04253015862215551,0.02579003166006495,0.052827771869773575
2368,0.05597837809375872,0.05726837942279588,0.09440182479629412
2369,0.044428587795249136,0.06706957850724425,0.04210902418827885
2370,0.05456068980847981,0.017176457105255966,0.041301104043694414
2371,0.0338781970045721,0.02714915673774869,0.03762515512297949
2372,0.004843472500888943,0.060075723082297645,0.0
2373,0.028939489546257316,0.006002380989678789,0.02493272377193786
2374,0.023990466860030032,0.019829692572052224,0.03675409302015566
2375,0.03808300938452491,0.00458107604994447,0.07824208762435447
2376,0.06068380901079926,0.05083901443905898,0.04760408807571772
2377,0.05439662221397153,0.04329531565529102,0.0
2378,0.004591454552542525,0.0267133722303752,0.007471760737506929
2379,0.01822984466985957,0.0012650967707725548,0.07125620131598531
2380,0.025984654652977182,0.23266777588978876,0.06365851244492546
2381,0.061426820368809955,0.07251811924491505,0.019322026502501657
2382,0.047849737734214214,0.06812857981483708,0.032637193077673966
2383,0.06519340287048403,0.03267002706429628,0.03195187192463829
2384,0.05293440401825716,0.07301961097631438,0.016705818522744696
2385,0.0352418628678609,0.08678273959798985,0.018093076973677232
2386,0.0,0.0,0.05112486839370866
2387,0.06681545316509194,0.04759718755318191,0.023034049087622327
2388,0.03895804180485321,0.06598299260624661,0.026195434623697958
2389,0.04800153637025286,0.022938236123454005,0.054965125315843105
2390,0.010313861378310495,0.0,0.033838114645322284
2391,0.07491232992912387,0.0048855111885488765,0.0
2392,0.045327321276542876,0.0,0.02889050050706196
2393,0.056776027543343904,0.0,0.07564185083026144
2394,0.061044413786566463,0.03396501193088592,0.043956378690102486
2395,0.05218985759445749,0.008640632774985599,0.0
2396,0.046224417702468025,0.02882459727324239,0.04267276148520674
2397,0.017716958665777063,0.014306480332903257,0.01934770986753295
2398,0.05330869956082922,0.026649521294263453,0.02876495526680547
2399,0.02508176683307528,0.02628950378016272,0.019251833510396638
2400,0.0,0.024176812400034622,0.0
2401,0.008105666898910818,0.06579331384211907,0.05023224831310553
2402,0.06789916590976847,0.03837228044779643,0.06540354356665505
2403,0.02955899824430161,0.05523296709035206,0.05794500203308937
2404,0.042497801466063544,0.0,0.03260582912422057
2405,0.022471368145434524,0.08156858419181018,0.20556463739879138
2406,0.03411380719743035,0.04710319597437118,0.0402051790849337
2407,0.05031033527001347,0.015522729351235554,0.0
2408,0.027215622981977605,0.0537192831574243,0.061910691746164315
2409,0.038345695350643624,0.020332163924907196,0.0334093393985201
2410,0.035795852815218646,0.023906366219660635,0.040588608508269376
2411,0.02146654955140015,0.004369917086105253,0.013918966355759491
2412,0.05123955695789951,0.03249667269716689,0.0296887903862353
2413,0.04300268244519414,0.05161346955331966,0.006167589830083207
2414,0.008882919765533437,0.025053122072604194,0.0467756262705683
2415,0.039721699869954705,0.0,0.052995565470890314
2416,0.04705371249848276,0.009411114341318591,0.026179452132246372
2417,0.05004026866085274,0.04850024068182213,0.0397072154109952
2418,0.03617004025785869,0.05542702290725999,0.0
2419,0.020029020370470836,0.05086841769341339,0.0
2420,0.0,0.0547041222644171,0.03494554773724824
2421,0.08125049416086032,0.012997814480043085,0.09301387725957326
2422,0.039229941128240305,0.015057097325028418,0.01694083519294584
2423,0.0382484210705867,0.02833515933382574,0.04856582564932163
2424,0.06664454343184922,0.08477825342337489,0.0
2425,0.03971735265107838,0.02528136373967659,0.0434559104342806
2426,0.026694043360349178,0.031014630145481125,0.03790416291760206
2427,0.03413829574056778,0.014860412709801355,0.06429704579142252
2428,0.02012008544130107,0.0410571836293395,0.03939082149469867
2429,0.01598615386896451,0.015169056785171539,0.01615126990286423
2430,0.005951337372712015,0.08347087845842219,0.020544789995414592
2431,0.15095426777620566,0.01842203486040872,0.1270399522219282
2432,0.06078564661867055,0.036916772580366186,0.030367957725243287
2433,0.008009137744495298,0.03732725365024237,0.02110133599500985
2434,0.03726420859423782,0.04996166687554595,0.0342668649588378
2435,0.020681264292814125,0.07008071208444748,0.0366136730863982
2436,0.06824331836386059,0.05909903474989952,0.017658046783867117
2437,0.03390837959134569,0.0004976061319523125,0.04928521400273128
2438,0.042101459987531474,0.013903812156171121,0.0
2439,0.03050294152355473,0.044355243829209114,0.042181107827034874
2440,0.035257407619195186,0.03176223927189957,0.02766609519275318
2441,0.0559485985768537,0.0469132231139216,0.051453921975887995
2442,0.0296373062282983,0.03082429776849494,0.040641684798486975
2443,0.020695954626488315,0.018054027371290016,0.043772364439184364
2444,0.0,0.0,0.0
2445,0.022392713023751582,0.037922542575774335,0.021664872249650007
2446,0.05534085718979285,0.015651427231598115,0.009225205545746596
2447,0.024326709373774364,0.03518717761337601,0.04491146501577296
2448,0.03319988260341291,0.031112428586311528,0.02408086028355991
2449,0.013551475905238879,0.038367840161253636,0.03887590528896281
2450,0.03797766010280718,0.02595596158906452,0.03624063714633118
2451,0.035122953015364757,0.03729372211691879,0.028408450443348273
2452,0.04503483365114791,0.02382969543690377,0.023410297923647433
2453,0.045557394189346706,0.026463594068356414,0.0
2454,0.027886917738210077,0.03162288301232965,0.03779866413528612
2455,0.06762270046116296,0.06397874276246665,0.024751480954252884
2456,0.04896327381261367,0.04070910189462767,0.02038344568125159
2457,0.15427587605203752,0.031484702707505544,0.07788515521109782
2458,0.08742331629461733,0.01946159927025863,0.05864251462158702
2459,0.033496507315418776,0.05173448037555098,0.03677807365487864
2460,0.06595339592261908,0.025292301998012762,0.08423456193350894
2461,0.045856777120882174,0.03638151560066748,0.017133937954553192
2462,0.03235662566410474,0.0336862715842733,0.0373102336632076
2463,0.014723474070100655,0.04745523194349691,0.03894210159861197
2464,0.03425549441103393,0.015770610592119517,0.023752304640927754
2465,0.03840534283083807,0.02680608016017343,0.029175902122602362
2466,0.0483473897376247,0.07774325474319253,0.009419145669886742
2467,0.0,0.06050392706799057,0.0
2468,0.060604610545493265,0.051690335666905375,0.0
2469,0.014244572169098085,0.016839666969933748,0.05046741977937696
2470,0.028905595191577635,0.018409565936959475,0.03631269343445063
2471,0.0,0.14363759617976746,0.0
2472,0.004682035741403019,0.023546748322065224,0.055483810337868845
2473,0.06500996146864958,0.012418619579225054,0.04677027852357412
2474,0.06973630423529995,0.0,0.05058514446920429
2475,0.03218321785936674,0.034302495181206046,0.020596428977739955
2476,0.03731881456299607,0.05784206203874439,0.02256599051700356
2477,0.043934585850289,0.02968030337545265,0.03235618521541541
2478,0.045835417589219274,0.04034056320824914,0.0046301065692034805
2479,0.0353423999251618,0.0,0.04769227680595469
2480,0.013994839054637132,0.056071385302379546,0.024053249452384518
2481,0.03845918617712615,0.06228482297114968,0.05547295294041745
2482,0.03541192401936655,0.015109860372123153,0.06010462737023995
2483,0.033022691327752436,0.0,0.06445707797735725
2484,0.039431038915150915,0.04404735587547659,0.012640370073560166
2485,0.035525980230718505,0.04123094705803366,0.05279555270498282
2486,0.002300345642005472,0.024053110733392835,0.04518972453521896
2487,0.05678939381643076,0.031162493159493373,0.04165652198339947
2488,0.03926862785916398,0.031157253652676537,0.03469933152176758
2489,0.03596899169994137,0.0296212552623094,0.011696204740741914
2490,0.03048798255728709,0.029114575243368357,0.03479218144629468
2491,0.03758018383545394,0.008416216341128699,0.02600219564131292
2492,0.019541018867467896,0.006622613002121812,0.017761346756168046
2493,0.017275835749738903,0.018011793508794314,0.05164978893224024
2494,0.025090724635824107,0.042528451635385135,0.017098159926377088
2495,0.03482856344189672,0.055669848932156464,0.05623110068881084
2496,0.031221503846898962,0.0045658735688055285,0.024463930383094485
2497,0.04412506960450202,0.0,0.06994366119807434
2498,0.043560210363837816,0.03769846959484175,0.0608580851793443
2499,0.03824798554446305,0.05045495082945146,0.0449913327118277
2500,0.03530974612661143,0.031807971003741546,0.024471921701283955
2501,0.01407579483764801,0.00900502192240967,0.060416240603570294
2502,0.022000963455435313,0.02304008585938215,0.04988506420034868
2503,0.0,0.0,0.08595424771049155
2504,0.11136351923856923,0.007204452897839185,0.013505144643408538
2505,0.0791011793417988,0.00458541349690441,0.0
2506,0.025641668852625508,0.0,0.008646067938136569
2507,0.02857572172281068,0.0455106729418483,0.02993379930463641
2508,0.027213420361474245,0.040972840276268546,0.024493810811466565
2509,0.03779605527190206,0.001938995629249989,0.02182870324062311
2510,0.04638405488023264,0.03592338578045732,0.038670047005288415
2511,0.0,0.07339489444789377,0.008609582430691778
2512,0.07333055771724213,0.03863634155751186,0.0
2513,0.007370175677193558,0.0195210313795636,0.012135018545259202
2514,0.04374934491212603,0.045688686692171215,0.031119009894076777
2515,0.03450109411352691,0.027461353300906224,0.02070494425589679
2516,0.002816108215275115,0.18414473862502015,0.0
2517,0.02480571124965773,0.04401404413536447,0.012354388238206735
2518,0.02209665467421609,0.03628964543965777,0.019703865751874557
2519,0.019468505217290072,0.03424756868934008,0.0262164200039636
2520,0.054146471094887516,0.054415179434035614,0.05337022291817911
2521,0.03416621553250094,0.025187230893013352,0.027826501145221647
2522,0.013384917371751515,0.03402298798797764,0.013026980975657104
2523,0.04687876768894967,0.04569764077997298,0.043731191548783445
2524,0.06133458172770802,0.0,0.042161015481200305
2525,0.023528796691232732,0.018076630905823714,0.018425817039336632
2526,0.05754509697951401,0.041527228590439565,0.0
2527,0.026199701429584377,0.04431417127713252,0.028872233474325087
2528,0.07200061320194025,0.022865144198221447,0.013829587119299588
2529,0.03480515907442704,0.045407275404400226,0.04271730695750501
2530,0.04880671077102782,0.030886092527901254,0.049884482656842415
2531,0.051294236176681655,0.02264256327053178,0.02858508981493239
2532,0.016347107523102457,0.024810859707464186,0.060540567379875905
2533,0.05155832016572829,0.01757401880269835,0.028537892214266735
2534,0.06786634373296563,0.054860478742075336,0.005561218070021287
2535,0.032344046905267536,0.03739654757129763,0.051760063037090964
2536,0.029812168817943015,0.04149294626310011,0.03396428265789981
2537,0.0331527033936296,0.03190236050630446,0.05453321078939787
2538,0.05018831851667429,0.0392486707933797,0.03626669175965785
2539,0.12074432711761143,0.0,0.0
2540,0.09844084369219085,0.0,0.0
2541,0.061954628009273295,0.026471995457334318,0.02880564384290112
2542,0.005655006493213395,0.008534799292964782,0.04964126040636294
2543,0.019736591380041534,0.06006633599830095,0.05576332587165531
2544,0.031227419387165268,0.03615022511340595,0.05502851071920578
2545,0.026589310119222956,0.005917824754115027,0.056304554805920594
2546,0.003375458631165916,0.05826137029887048,0.0
2547,0.05841170210342843,0.010775355099769785,0.01425514536317564
2548,0.031234784707197635,0.03413073685237632,0.018713907669957477
2549,0.03205896551218676,0.01838842275301947,0.0
2550,0.048549552576335475,0.0257085610854766,0.04246370109681014
2551,0.05195250153826524,0.0262254851806951,0.030741601320005932
2552,0.06710540665160818,0.06804547171200531,0.038474331701522535
2553,0.05890643356204528,0.03268698105889,0.03141203277261536
2554,0.05786050212851416,0.03197680758795018,0.04081186929866048
2555,0.04748434721940967,0.041858664717292875,0.05521288039066544
2556,0.01732401427293285,0.05002644568913716,0.032118215173324326
2557,0.009494664234942773,0.041841702634889226,0.014378228190781037
2558,0.05245094171726682,0.016743157048833474,0.0844709207814241
2559,0.028956388468584855,0.025510168056022395,0.044015625421254666
2560,0.022986040792900637,0.03668240001338129,0.0440321276922177
2561,0.02924878539798978,0.0,0.036428414231767056
2562,0.088739826589146,0.0,0.0317066768804989
2563,0.05357022788605687,0.0,0.05563082510990434
2564,0.020114996856741424,0.0424668047964936,0.017610046877475694
2565,0.03721660242265622,0.08936094653848584,0.0
2566,0.09270811565919465,0.013652288738737188,0.014342408845450079
2567,0.03633422665680898,0.06293754093829171,0.004060879430722097
2568,0.055932866143072156,0.05338687714940502,0.07182522676510361
2569,0.07753593421258757,0.0,0.07602458399239131
2570,0.03828552728567333,0.013237316297856131,0.001287902852875819
2571,0.07325179067691992,0.01092862888171998,0.05231324743112564
2572,0.01069238182064241,0.06300881110027855,0.03459813839464665
2573,0.058810015248997476,0.03379000479560147,0.07693653639126641
2574,0.016582672071902872,0.06655129412733515,0.11169386388537911
2575,0.03995346969009326,0.0,0.02979250337482589
2576,0.026178292259776328,0.03285141922322504,0.03911445855486362
2577,0.037039974670277476,0.02788043978837608,0.08532721279636724
2578,0.03682859129689999,0.0337286249230323,0.02234746640798339
2579,0.06654696934532495,0.05054905687017107,0.019898630091586978
2580,0.04551629292634671,0.00014341170287055413,0.0429323889399868
2581,0.04786377280292981,0.016453641090233947,0.04171255990103425
2582,0.06367267717550266,0.02730985250734545,0.06259532067496962
2583,0.05083872956854485,0.07922356032427648,0.0
2584,0.030388643981408132,0.01822907970658592,0.014534471416765645
2585,0.13711374063173168,0.0,0.014678842907069438
2586,0.04939291989757988,0.20674144561344782,0.026086657233005576
2587,0.032014125926220105,0.04151673996575171,0.0
2588,0.005898947909173395,0.00574698960724879,0.009314053804825466
2589,0.020416157058300716,0.0,0.04345964088154933
2590,0.05621792334038814,0.030420643178839774,0.010276448907131584
2591,0.0,0.037453799982982476,0.017914614131867422
2592,0.03714773570625782,0.04642859415722577,0.0495725180136748
2593,0.0,0.08993135329456867,0.0035246732690487476
2594,0.005305014722356565,0.02468031521822601,0.060433283841558716
2595,0.04343250278042273,0.028845807641071516,0.05136260178135288
2596,0.05570592118972877,0.0,0.06169020226481872
2597,0.09016819244927408,0.017313465638070395,0.062483402980315544
2598,0.033733619979832694,0.06734953555652622,0.014175457445533743
2599,0.020989344000623703,0.048071050896162114,0.0
2600,0.06134048441322376,0.010706858214641648,0.09563604910899748
2601,0.06642970321385185,0.019969077407964525,0.06829384492693757
2602,0.05330735236103482,0.03905843797515479,0.036745413822257496
2603,0.09991714089868656,0.040564106701474555,0.0
2604,0.08839816578990052,0.024854595666252935,0.011289936719991754
2605,0.044004998228269025,0.06332441863026987,0.017401974794897097
2606,0.00486135431880487,0.03210039732055978,0.026084803349838634
2607,0.020849505710410676,0.04650807432381987,0.04203145362472186
2608,0.07288760025301598,0.032132288920134255,0.04029490000588683
2609,0.0026422871156090897,0.024619029449920962,0.047494148746282855
2610,0.039294560998221144,0.008631852028277954,0.02339642384984288
2611,0.060098671191292356,0.03712743963879261,0.024759471176474174
2612,0.030660979993365457,0.0,0.09028202535820032
2613,0.03289313258849461,0.035251866407686794,0.03716191941726784
2614,0.023187795637019188,0.02367861742181819,0.029202142731848277
2615,0.009314391307680067,0.035454102089337865,0.03338252166401041
2616,0.05871277710378488,0.015667215790993623,0.05170147218841617
2617,0.054494348535062624,0.05460627465236734,0.04618616053347613
2618,0.010426739002232696,0.03485046438016579,0.013990095532424042
2619,0.09467614347019415,0.016935409642436075,0.0
2620,0.07313356040329817,0.052413198723057476,0.00768489057209752
2621,0.02377587082410849,0.020477691627889438,0.01385076390413751
2622,0.06382503784288789,0.0,0.06579217090133453
2623,0.06215436913895276,0.03223673381670943,0.04934040618733615
2624,0.06803377247416666,0.020766752360953638,0.02880315619733621
2625,0.03142736253488252,0.04715278471384515,0.04215934079685676
2626,0.08895607737968955,0.02779191910148962,0.05446013557048589
2627,0.042486207432938745,0.03990140604796475,0.04527558494610449
2628,0.024865004812594665,0.05557284372017152,0.017940620833120497
2629,0.024328950254439402,0.04790476146051401,0.02928274004301203
2630,0.02076104109663026,0.028564096724759513,0.024349249459488187
2631,0.03200575622898483,0.02456201967136235,0.01816120203915854
2632,0.010678702882101964,0.042614819708701845,0.027757864580524563
2633,0.07571902781444124,0.03980684655954317,0.033065399877442544
2634,0.016537562718351204,0.03384436456949825,0.03546054377053078
2635,0.03861965918460221,0.020486933294390688,0.020682546437504366
2636,0.015397403822465424,0.05191105741568567,0.027170626746672675
2637,0.04632953479949395,0.04703926013875868,0.028111109217200638
2638,0.059385246322635483,0.009532896156868134,0.03499582957142372
2639,0.036201754427434195,0.029132580107595552,0.00960766864888049
2640,0.04108811111479,0.0,0.005099466855551071
2641,0.04195488049444561,0.0648702538430109,0.0
2642,0.06262060222294438,0.039122674037580456,0.0
2643,0.043983753220204175,0.022183269893450496,0.05670439509428882
2644,0.01458966136546747,0.029722248919489363,0.048270470614726856
2645,0.036715990735170866,0.021092331954359517,0.0
2646,0.07474782808409612,0.012979926066800047,0.028051862002289978
2647,0.03299284896354467,0.016914707531804324,0.06254352194528813
2648,0.03025088980608737,0.03162876295622176,0.016762060240687122
2649,0.013411871603613824,0.027969221770780175,0.03478413077864446
2650,0.062200728967191685,0.04034917035480879,0.0
2651,0.031560507038909384,0.009436013126965728,0.04156311440702192
2652,0.011844947444257535,0.03337214801092056,0.02177612691683868
2653,0.0026281262602636246,0.05088844181264591,0.006317165395229002
2654,0.026114514969726332,0.04856508784488101,0.05628299145477814
2655,0.02990705107259038,0.010678752516286133,0.05966363589569659
2656,0.01923337111099346,0.012317702671536262,0.02677541355935482
2657,0.053870730827017155,0.026260251185320858,0.04038118440992227
2658,0.05422456474792784,0.0462963954972083,0.06159777862278315
2659,0.03643722750884255,0.007123874451887252,0.04219758751203595
2660,0.01507687549885803,0.011219558716732261,0.03349338565228034
2661,0.015943345374345556,0.08722116128237806,0.03860252591977983
2662,0.030380070317100064,0.0,0.02525020976606639
2663,0.025257055092613407,0.042075408499883955,0.01834366782089401
2664,0.08418066407468627,0.14795683201213805,0.05090073964245595
2665,0.028104410196518808,0.037601504110212264,0.02897457637423014
2666,0.05188969245104376,0.015590671121351887,0.018619620933933982
2667,0.03435461761443249,0.032358988876281615,0.05121409060010628
2668,0.03168221694147629,0.03233638937362459,0.04065978761787308
2669,0.04404163207156241,0.02050414939296794,0.046026486139341516
2670,0.04395786559675623,0.04776628175913347,0.029372696775123164
2671,0.04083309082059563,0.01964826691016754,0.025827292080286817
2672,0.029964714980864865,0.027382364773822276,0.04908095664849877
2673,0.05707368983995522,0.023106672790007405,0.0573011812869412
2674,0.0077552269395241985,0.03801549797854173,0.037548814771124775
2675,0.06320663532675301,0.020413580119103044,0.0
2676,0.027592243448321858,0.03644160523555187,0.02316002318253337
2677,0.03172657542483802,0.041408746920566425,0.010953399045101364
2678,0.01370866016639787,0.035309917122330094,0.0330074662540606
2679,0.012114388465279324,0.018605380673120873,0.0450303985407193
2680,0.044139666215244934,0.044021865949354595,0.0012331409236894242
2681,0.027205905510307465,0.03075161527838864,0.03515052686343829
2682,0.0395038354138727,0.08912051453999482,0.030914731467920738
2683,0.01741726670051273,0.02316309294108905,0.010314278581573461
2684,0.02869639915624859,0.02247262529643419,0.022071435918903298
2685,0.047141305739753496,0.049316944423589346,0.0
2686,0.0,0.03096095668914294,0.028758966210888068
2687,0.05215124075292121,0.03236818398749829,0.03889662760228879
2688,0.04844798986801835,0.034401433092525247,0.06739699474595617
2689,0.052048640084121044,0.03120861774721899,0.044809170435088884
2690,0.031734893173327,0.034233336013089866,0.04375272252598499
2691,0.022041341000753206,0.043424071705709166,0.060568416735084285
2692,0.02892729912535171,0.05774002696479444,0.01414253991383236
2693,0.02934701577463141,0.05196566689767133,0.04622653722496972
2694,0.025979576968203032,0.03205021367796539,0.01273390967261123
2695,0.05510131569583315,0.002699258506335627,0.06785624788353331
2696,0.014731914786959777,0.07667010823875813,0.04375673577538848
2697,0.0043915770536974525,0.02405549095277963,0.03515777921582538
2698,0.11492719012722552,0.0,0.01737167247068207
2699,0.07492814526739647,0.008792335708519583,0.02171329984662276
2700,0.05347986965535623,0.0,0.05954652552514404
2701,0.051191546627440666,0.07244773270834821,0.046898588849471144
2702,0.033291739807414476,0.04714151019444653,0.02952036510368052
2703,0.0,0.13683462060332754,0.0
2704,0.01338299336237974,0.061559228786094274,0.04095050443413602
2705,0.08004287928843802,0.062030249952111295,0.025171962345101807
2706,0.04510626626066689,0.06420887825070189,0.03021218012364109
2707,0.045140962673602535,0.025638475271266073,0.0
2708,0.015713623438003813,0.0497999376172698,0.008269721796040658
2709,0.04936367366950356,0.015960395838761587,0.0332628907156949
2710,0.026365988012046343,0.02998106844155632,0.019139002117963325
2711,0.03452885053463554,0.04204343286820557,0.01819791984044858
2712,0.031745394375423334,0.0,0.020781314715037635
2713,0.05889729495262342,0.036436276206775,0.038037528189150606
2714,0.04653776271775322,0.046574593398262164,0.054542104676840696
2715,0.04121384492547698,0.05859690450209574,0.020718370869104764
2716,0.01691951387808533,0.041212893277036755,0.014872044377853479
2717,0.017744649347230728,0.041872544121319855,0.02307881139572761
2718,0.012780456855801139,0.03612974707844314,0.02345790742460965
2719,0.033325411816477406,0.04444927861533137,0.017115224610230444
2720,0.008779746694002078,0.02934933314575509,0.0483062361178134
2721,0.05473245711857531,0.028941595816730465,0.04796248040326998
2722,0.052688257900299997,0.02865447365811361,0.021175735195299444
2723,0.054601671063747484,0.0495591797808176,0.0
2724,0.02875180455771349,0.014051831301503849,0.021518953359324116
2725,0.04128318027691857,0.03249847346669716,0.03817031391067077
2726,0.06250930506148049,0.032410725768692465,0.02916089407902081
2727,0.04602640598751074,0.023378267541943845,0.029474553326488077
2728,0.025004791273719157,0.024250184354057153,0.05606895385480933
2729,0.030980610135826495,0.03780962325684933,0.025465440133421096
2730,0.010507304149384021,0.06121164099427491,0.0
2731,0.011178364508273234,0.05113745222270718,0.0488896678711028
2732,0.008349670800089201,0.04122198301966534,0.037178594961952624
2733,0.005312884578406392,0.042318134737994555,0.04681545780530865
2734,0.07966460898643145,0.020479864109162093,0.038396589691605074
2735,0.027160950347083046,0.04475519310578433,0.01409100116116443
2736,0.0242536275521322,0.06149648900940175,0.03242622571323286
2737,0.03956865042425957,0.02529557120846333,0.025253149242291537
2738,0.0,0.01800728466686324,0.04131917302947447
2739,0.008597578982039361,0.02785315654442397,0.010999067196396442
2740,0.0891704384250789,0.06094967411989257,0.0
2741,0.06467437684161928,0.01785797749887285,0.09405499096926645
2742,0.012842186065934923,0.005137195559902578,0.006062732510845978
2743,0.004602811820455822,0.03467239252391805,0.038960775208644625
2744,0.025660032258012833,0.02309391495973792,0.018021428051729866
2745,0.04053884455849279,0.025395436861607515,0.02289792902206234
2746,0.03954067038984553,0.0,0.0
2747,0.20835910272782415,0.08098772608169058,0.06072944213511798
2748,0.028030619952345116,0.01342542985094546,0.02417134616490228
2749,0.006733235112688428,0.012567630119178884,0.023841545594624192
2750,0.0762911886121391,0.0,0.031821324710110954
2751,0.025930148225095383,0.03174158364256091,0.03777480440394715
2752,0.06468587552978686,0.05943101985604922,0.0
2753,0.02020497478554929,0.04005287709181194,0.039609129892741735
2754,0.08173465384558937,0.06430273835996832,0.00955171357053526
2755,0.06556698261980977,0.027429251084361003,0.009283475133743543
2756,0.0027717778168731277,0.01821653115883799,0.03444936106810597
2757,0.0,0.019171317610686623,0.03144234161187991
2758,0.04387285933802256,0.014823512492508387,0.0
2759,0.05335251861948694,0.07062078522530145,0.0011143103474614627
2760,0.02747704396519902,0.04593837993466213,0.06937859532643435
2761,0.055149626832780074,0.04146547331146466,0.025823605808197866
2762,0.056818854175130135,0.04767039458825816,0.022826271911799433
2763,0.014566333153132188,0.04536761433698542,0.030283285132355033
2764,0.04128974854420942,0.014754297729327105,0.049223140587634724
2765,0.04723585008673475,0.048722610188187354,0.04229620605706619
2766,0.028572285234834252,0.013246061161177245,0.06595033633438852
2767,0.027356624951976057,0.022988592798758808,0.07389353091720541
2768,0.05366712554167989,0.0455845162949288,0.005697560415861289
2769,0.06740689678506918,0.01544127449093212,0.016893981746602966
2770,0.04321291818433071,0.011107918333979677,0.03648899911088859
2771,0.025263998004267717,0.042314320223315854,0.01873969705323966
2772,0.03732556180255369,0.0691591028336912,0.04172115731947067
2773,0.044016909672878544,0.0492965274151379,0.008061520765797608
2774,0.028477047281498552,0.016525418614003817,0.0
2775,0.0,0.020858631892544808,0.008025634316750171
2776,0.007877191295568861,0.03323097076868112,0.014353602958785855
2777,0.04469490292595831,0.022702104593537192,0.023668905104109145
2778,0.013324254941275772,0.06469603255885463,0.02791241868799275
2779,0.01710417517006599,0.03549430660716795,0.017335480560946984
2780,0.0,0.07147425980499383,0.035393946709671824
2781,0.027849724530608983,0.046645903864452776,0.010094918472338473
2782,0.025045941393514157,0.008484775988573024,0.04201531040179851
2783,0.0493564288868848,0.006889707198880976,0.015375002416970426
2784,0.03947559208595734,0.027674602503299544,0.0182728205931862
2785,0.030829254005268657,0.018828135687771645,0.05174175577751564
2786,0.0059630503499831095,0.017778621521421335,0.0
2787,0.04268556133453993,0.046661695703450266,0.09885725074634362
2788,0.0,0.06816567088394561,0.03963308646340337
2789,0.056296694827032104,0.010651067125910782,0.01980709753765567
2790,0.02847604794786564,0.013774486337641298,0.055590466586467824
2791,0.04147594748856529,0.02644401992571189,0.05796406617048505
2792,0.03609019002257023,0.012219344476119378,0.005639817158316185
2793,0.027462557154707377,0.027037386521814928,0.02760366275352434
2794,0.07163717449863259,0.038873438403842255,0.0
2795,0.1409254321733954,0.0,0.0
2796,0.028909119989263054,0.007076452146476157,0.04031881355583237
2797,0.03094441388673208,0.03692245952452325,0.06983556582916382
2798,0.01605926094057711,0.01443861220426509,0.041635409884258505
2799,0.07723389126894975,0.06561487034894564,0.054315874860369116
2800,0.010149851082166858,0.02089669347612917,0.06184959971318742
2801,0.035770596946762295,0.01797158537198645,0.05748337761119213
2802,0.028861178213321546,0.01556172731869021,0.01601439207951758
2803,0.07286778320089685,0.004593325321118452,0.02927713652468592
2804,0.00691781559538734,0.02131556856169886,0.012238166169116826
2805,0.09341665761454779,0.0,0.010338678602791189
2806,0.02528293644531893,0.060229079868008246,0.012880801089827355
2807,0.017040165310340055,0.06171549061597016,0.06814671044991126
2808,0.06911563120159349,0.03763606766277092,0.02141870448247979
2809,0.05303839142438514,0.024915953096926142,0.020189719619787112
2810,0.02678965034426008,0.015060057009977175,0.017765508774405896
2811,0.02566863959423255,0.03125048262044863,0.01802116093722775
2812,0.06893631454663388,0.00888973513321746,0.008642609971849534
2813,0.04198733817845977,0.01831048934654824,0.0
2814,0.00777943541681464,0.034970068974157754,0.01472545660455487
2815,0.0704076687622717,0.03801831998742754,0.02982940160291882
2816,0.026073170744488092,0.021546226612164182,0.043479760478997785
2817,0.06872667430172456,0.06288112270276948,0.03994600157089596
2818,0.0693260850075051,0.03182179404803215,0.0027603637268825768
2819,0.001819574329543855,0.06670329265300118,0.1362494755716267
2820,0.05561147145205375,0.03789915707938512,0.04214392814894646
2821,0.040296951632488746,0.027768271370310987,0.03658561399329535
2822,0.04746166550868212,0.05324151233583697,0.031867577616353844
2823,0.03634822252782762,0.04069265053419866,0.025337416563524867
2824,0.0005166936737977847,0.029764044251226238,0.06511738236016382
2825,0.026422498155001903,0.029750793905633538,0.06402956160512643
2826,0.07327526945262078,0.07586234953168475,0.0
2827,0.019883976963488013,0.03626882731113339,0.03264443184978094
2828,0.03860080000223253,0.064602789479066,0.0
2829,0.040495346614243664,0.040180637782844884,0.040758911848553736
2830,0.05972541316399072,0.024952440198836218,0.020214500230325113
2831,0.03374119607117871,0.05272551853695659,0.033996423334530214
2832,0.04373453882995327,0.025802662099754597,0.005071221711346417
2833,0.09361865017149275,0.021576734439947256,0.02451051100768056
2834,0.06255474105566021,0.08898668851826078,0.023703641284809063
2835,0.04132350281006978,0.03933773102797867,0.049197208983925524
2836,0.02366280896008474,0.05108358214518202,0.017726659300403413
2837,0.051995510055522005,0.04721951508697772,0.025117189914540854
2838,0.05226192951090417,0.04264446787891216,0.014435239814268641
2839,0.03351875387949128,0.08995396056322583,0.053607726118595725
2840,0.0393717132610381,0.06270891711630219,0.162883496081609
2841,0.06491241147039381,0.0,0.04606444423275234
2842,0.010067177580520592,0.023275294542433378,0.02698426946218915
2843,0.04346689211910031,0.036422591558996874,0.014977436439313341
2844,0.046298302334538806,0.04410016187744176,0.0
2845,0.021939294649938528,0.051419768215698915,0.03333872588266277
2846,0.0363710275217644,0.03958390262287362,0.05254145522138254
2847,0.010724294108291585,0.02708258757042877,0.012140449659212326
2848,0.056061836829209184,0.03364045473050613,0.056326146552690845
2849,0.035556337105223566,0.07629378001781446,0.0
2850,0.08210584812088423,0.015874083611104383,0.07795215523347974
2851,0.06341196409585811,0.018716674453270646,0.08364488592756414
2852,0.06402499803154302,0.04030573421808477,0.0
2853,0.044274125287271045,0.043762020242758104,0.04754804534615669
2854,0.054951849338983505,0.005165158488293978,0.055590425227729036
2855,0.0,0.061401433247531216,0.07956745115888304
2856,0.027177031167060803,0.01973334119489493,0.013867449863459507
2857,0.04447433960289763,0.04967198271968953,0.024259163379704185
2858,0.044887910178841105,0.03446411447984171,0.012533687792152179
2859,0.0374324727733285,0.039747797327149774,0.02006903620016177
2860,0.015062168983293905,0.06225984215611144,0.041581043496176216
2861,0.011782368604278249,0.0070683053041836795,0.02258791399444951
2862,0.034571854272473744,0.05197510982904985,0.011946333262508269
2863,0.0747987428863057,0.06745776018593706,0.0
2864,0.05450868141359384,0.06500402336493848,0.019455135386914926
2865,0.0,0.060642240238588725,0.0
2866,0.037969659537942395,0.04859278505489423,0.04154280238349519
2867,0.03358317182323816,0.046619393403235974,0.042948265893571286
2868,0.046033790477435006,0.0053016932709645526,0.051880593796922496
2869,0.04708864262997288,0.042050990494187854,0.08154221226101077
2870,0.05060426051022329,0.03622832297782852,0.02444281272119228
2871,0.03549008073711981,0.06045544314329713,0.02771312571797159
2872,0.007689082864513562,0.055258134722364925,0.03471869300285425
2873,0.016372461414481468,0.04283436603483438,0.016017222498933552
2874,0.031213076160255666,0.046260744916591746,0.037516564526704065
2875,0.03166297968299086,0.05812893976300524,0.01787252763929062
2876,0.10167520501367076,0.009933629693342733,0.0171470017222978
2877,0.008052865673172746,0.05199389144927013,0.02550135442645961
2878,0.022370148698241978,0.05724983248839079,0.06580300975719691
2879,0.024130456485802688,0.06560190728596023,0.03432482955473681
2880,0.022119762632583948,0.055371762431711456,0.023752235037123638
2881,0.039056235646836454,0.03460831675269268,0.017777835803382668
2882,0.022171834083358415,0.0464162777321385,0.025585701110651924
2883,0.05826098606407525,0.05440938182920762,0.021813627581289487
2884,0.024083280227377046,0.05781059543161926,0.03656613257949858
2885,0.052667655821771076,0.02034353065158559,0.046067501786182186
2886,0.02936886931032252,0.02149115631783789,0.018031953267600563
2887,0.05549459937584349,0.04956078034065586,0.014151429208452304
2888,0.015221270952817993,0.06604489194742666,0.05255630941821224
2889,0.04733261193951449,0.0,0.04554173590051156
2890,0.0,0.0,0.03999687063361049
2891,0.04540483983646554,0.06651164933148972,0.0
2892,0.03239127977972118,0.06001290781265376,0.022115324544684428
2893,0.03743198403679461,0.021004379471675046,0.06204847199299353
2894,0.052555443231680925,0.0,0.06940405904816085
2895,0.04434870075778363,0.04843990792866453,0.039308035363404124
2896,0.06403765914704083,0.03771926517397825,0.03603780679678006
2897,0.03714002223958698,0.05736665748031993,0.03192350575529535
2898,0.10003767571456017,0.0023497920081893,0.0
2899,0.03726727290947931,0.012314880227503947,0.028079930024670022
2900,0.040931804730137016,0.01344863831879046,0.054993793958293735
2901,0.026173000605882776,0.060606858537740935,0.07979134341229045
2902,0.008887025051937577,0.02760471068589949,0.04289322646433926
2903,0.019716897678938104,0.030410278201883054,0.036395053418943404
2904,0.02075594483367039,0.042341215005975645,0.02699460468981565
2905,0.051168583181163706,0.008401660285461418,0.029951532401842906
2906,0.039943816384167254,0.004162490036716579,0.021217363601588473
2907,0.06767333226925261,0.006491207101859615,0.032739796283659466
2908,0.042890993037843175,0.017656944890695643,0.09982405727883964
2909,0.04907269775898467,0.021976583751725013,0.027822787426470142
2910,0.05750542477711943,0.03283781505817025,0.027748142937843254
2911,0.05149242263753193,0.022885619856410227,0.07262056066986947
2912,0.022060325477393807,0.05478721860868896,0.029856701150231996
2913,0.05643514841481801,0.06767443565102976,0.032791473517710806
2914,0.043873723613159075,0.06462882002311522,0.038443495614436635
2915,0.034274281219320406,0.012259341373037094,0.009836341522256833
2916,0.027152910304360154,0.0,0.061273945462394196
2917,0.03018318084643667,0.0,0.011280348782316851
2918,0.0090116581043342,0.04323327697692242,0.0360216787837794
2919,0.06584221173060374,0.0,0.09365807931159663
2920,0.05643847038370061,0.010354817597080726,0.030775674458357005
2921,0.045078527188525695,0.04147005845124451,0.060484366995143375
2922,0.03190522864079287,0.01932475893564773,0.030252960707448113
2923,0.019547661530091225,0.055917404204967346,0.02680603780206804
2924,0.028943736646927832,0.03866722029831246,0.04469072740944099
2925,0.049267478733032354,0.03267930228727765,0.024875417942139103
2926,0.06521238802749056,0.0063314936935796595,0.0
2927,0.029166087846911885,0.044230752876671386,0.03522769263691155
2928,0.036246545805535386,0.038235394132197786,0.002452176284526243
2929,0.0,0.03815024709811387,0.06662974328429311
2930,0.04513338040749063,0.023651595726194036,0.046619548944196974
2931,0.026406008490830638,0.06951028795349688,0.0
2932,0.03130346292195005,0.021808996030947037,0.03836592363669708
2933,0.0763659397693757,0.009037273339725468,0.03355390438580321
2934,0.018278812238172626,0.013754501989343268,0.047518904385015485
2935,0.05250616319130502,0.06216456578663909,0.04848853649349735
2936,0.042110349458008414,0.03260053816482059,0.09387535265358818
2937,0.036875590024412146,0.01360635236042123,0.02875819199398336
2938,0.06545340181806401,0.04864164701646131,0.046729069090386495
2939,0.0,0.20407072780831553,0.0
2940,0.020753796415550328,0.04320415560326254,0.013787957237547019
2941,0.011763684735455216,0.04077732197280796,0.033958330871446334
2942,0.0066580423763477475,0.030862476432473907,0.0141030633762426
2943,0.041426230635649715,0.06405558431983782,0.017176688122454986
2944,0.04197956601400395,0.02082878496756491,0.012886617862296633
2945,0.05306397253620191,0.11523777808789218,0.0
2946,0.00742362745742485,0.06756188492378262,0.04345558110974248
2947,0.025328540066379007,0.05967798431912941,0.017575261389652652
2948,0.019716657534775712,0.06008836511149595,0.03777792970064126
2949,0.03290685874888056,0.03136929140244857,0.021708591969655536
2950,0.0541798817073772,0.042084653254936856,0.034759574252214785
2951,0.04916854711591253,0.0466189343839686,0.0637078072159243
2952,0.030384507172388515,0.023854851431667056,0.050032596501107224
2953,0.024365685960696538,0.02027122394149436,0.03164188608319028
2954,0.0005120826029056183,0.04647776167356878,0.0
2955,0.02211607814296021,0.056459546564813605,0.03783185994896233
2956,0.1697197868084464,0.030242707933783416,0.07826123549714886
2957,0.0367264868443953,0.047335417199999695,0.04626784084032801
2958,0.016453564423641733,0.02167881572423654,0.01712703964366401
2959,0.022631517481639635,0.05278162796513166,0.059540023939696894
2960,0.05375049060474176,0.07933842878888488,0.0036799518560401354
2961,0.0514134160903596,0.05623919889873382,0.05289532808253245
2962,0.04004763405176643,0.08207072169157664,0.0
2963,0.05171744861702687,0.04305274468813868,0.01611112473537053
2964,0.005376294024674225,0.0,0.01286689790627181
2965,0.0,0.02762359054706262,0.005027141619930703
2966,0.07767701287041673,0.09140173685229999,0.022151046021969843
2967,0.038063616809195566,0.056030722433287744,0.049325770727997376
2968,0.01015547672261801,0.012000876577100071,0.016374791625459455
2969,0.01206279852496236,0.04251931749539876,0.028459927422109243
2970,0.049248619076703894,0.04414107733064576,0.005195659085695706
2971,0.05061463610310593,0.02551529699342976,0.05952614194508649
2972,0.0961587936132165,0.05031905478813643,0.05232135029529213
2973,0.08754016975859213,0.028000548425622756,0.0065614405879583365
2974,0.028582942184461547,0.05424803512541304,0.04371393158493111
2975,0.03772934081994839,0.03705463035752723,0.0
2976,0.03402571664407931,0.023021239232479656,0.02589608098403863
2977,0.033937583248176036,0.027531833922259833,0.012895315741140593
2978,0.054056117794327195,0.009322822943632325,0.030426366250303743
2979,0.026899592932854655,0.030466694555220535,0.038413822458472274
2980,0.03547971441350534,0.05702542905568005,0.025728405604362837
2981,0.017988389224061006,0.06491382252846692,0.0
2982,0.052787304335529465,0.03633119208488141,0.01689876965834028
2983,0.04728739960766388,0.018851199244317822,0.018939696091371357
2984,0.08355682176611633,0.056201853723660544,0.03308404104290898
2985,0.0415157970309418,0.036479215712376445,0.022047488335667904
2986,0.020452128811378173,0.039593892708882,0.033341838105135295
2987,0.0025941903018125525,0.03413766159136258,0.0200896426453089
2988,0.07469309449337062,0.04153412785165548,0.0
2989,0.0844698870703901,0.0749316667721026,0.0
2990,0.06481273686540191,0.026167276996652892,0.022148738276986907
2991,0.027203846749864907,0.00638834968171897,0.04258998472730937
2992,0.020831820006537518,0.028744870505134957,0.020469033223512203
2993,0.035734424732248325,0.00946532936463769,0.03572485160478063
2994,0.05820924328392988,0.02253948222317112,0.034958980554093834
2995,0.0,0.07126220418318413,0.06143573049033081
2996,0.04258689097409544,0.05979936656257074,0.0006823832097866828
2997,0.005156982218440733,0.024730101553443167,0.013124120238327893
2998,0.04934352261847184,0.03638122037565565,0.041282076774140454
2999,0.04416970728374183,0.02828854496625319,0.035742600349103835
3000,0.03744408053258303,0.028244668657133692,0.044317605862761504
3001,0.056808852886370956,0.072928126385047,0.07455420702573608
3002,0.046206241281410036,0.007368629373169409,0.049628688604940456
3003,0.05523366940574526,0.006985901252111344,0.00047617387032739916
3004,0.007639458683088372,0.038132452235218245,0.022028095886611077
3005,0.0,0.0505721186084269,0.04847712267255283
3006,0.049621817632858556,0.06101283032142834,0.09724050477443351
3007,0.029758033907234204,0.03413734693852177,0.025826210924825576
3008,0.03271589871467909,0.01794501800338482,0.0
3009,0.02946886494401611,0.025513322678376457,0.0
3010,0.020602938506426183,0.02775736535697526,0.034510324635195266
3011,0.032681323890126054,0.0,0.015555343103796034
3012,0.017738351788067968,0.030521323954234073,0.0
3013,0.007995694745623625,0.06995496181040463,0.033920257530587215
3014,0.0005397416553137394,0.0498081047905233,0.044787775119356416
3015,0.04375543305366867,0.032499517725520975,0.039849705370761254
3016,0.0,0.07083201215986001,0.05568875506410205
3017,0.030260303945122042,0.04028960868367999,0.05204779866357273
3018,0.07829481731934215,0.02797071175212457,0.03640867008287258
3019,0.054121914308457614,0.03520953929826949,0.019624261470963227
3020,0.057398612092524864,0.031193088149282674,0.01927671290799902
3021,0.022913110835738975,0.03230318260184267,0.018362875219711885
3022,0.028357747346527087,0.0,0.008330128163068736
3023,0.0,0.03615443774287946,0.053209240459910434
3024,0.09168002838461362,0.028803229902997267,0.029893038183350602
3025,0.027928880627916947,0.03421137467007381,0.05146604067119962
3026,0.07428921891501657,0.057867550888264244,0.0
3027,0.0,0.03097513586179999,0.040962791482392874
3028,0.05100385417822844,0.06697372942044096,0.09669971929536995
3029,0.0574037748361691,0.04503533109714062,0.036020736060765834
3030,0.03323142487874373,0.02246475551321281,0.02172450291060189
3031,0.0,0.019645216941791322,0.05969659726651306
3032,0.04437617921627881,0.02912211683152507,0.0375337294201878
3033,0.0917494537531319,0.04021635694830322,0.021259201105104056
3034,0.0276201467833322,0.006384555720240469,0.012984209196448023
3035,0.03632286068639455,0.05591520861878748,0.05469245560411377
3036,0.019062874179050098,0.03422323000957928,0.04401773426689804
3037,0.0,0.17265117197550806,0.009908396375424223
3038,0.06114883849011162,0.0027980949093861784,0.03493370713581282
3039,0.004198949139407146,0.0,0.06447023467830847
3040,0.03704641384537327,0.02240300368496237,0.01033984160200252
3041,0.052257099266190335,0.046673825802063716,0.0
3042,0.03439440554916023,0.02583756380274629,0.060727645222130124
3043,0.036780664485161756,0.0408801594943496,0.017257872467133048
3044,0.02293051236494204,0.009823998531499184,0.07435779618342997
3045,0.06254407333034408,0.04191384270041787,0.03516185406529653
3046,0.049441381984399894,0.046564362898041806,0.04911178442543839
3047,0.025088414966483303,0.037715522562908776,0.05781768329534657
3048,0.0324433509691837,0.03037364666508547,0.01941806155610669
3049,0.0,0.0,0.0
3050,0.05105609669877606,0.06298066318437344,0.05243506045328702
3051,0.0,0.04843510842516209,0.0420914613993892
3052,0.01716101189056944,0.03406282138002526,0.03340730186697819
3053,0.056477538642471736,0.0,0.02927007786987705
3054,0.008924124881146198,0.029381142796325144,0.036815706843336155
3055,0.05217512105196367,0.09033414883772657,0.031562461807973355
3056,0.022314587856108115,0.019145980362697757,0.016979965912108857
3057,0.056623948634108745,0.0,0.056035939679570455
3058,0.043914088648430716,0.03717906038452736,0.007618340917513557
3059,0.02911789077427322,0.033087495754442885,0.04855223445461578
3060,0.037345281446054555,0.0357590142170825,0.021651218937418865
3061,0.10209626447736192,0.03321871461704563,0.029006919357512137
3062,0.04052497173407644,0.03282277928012728,0.0033818580849233524
3063,0.03627330362051897,0.02866745753369947,0.056130804607594335
3064,0.040929476294856416,0.04276520058265502,0.057649403395794795
3065,0.033768815579586824,0.023310727389086332,0.06885009932851542
3066,0.03163327907235826,0.0,0.051544077406827774
3067,0.027047593485354765,0.042271614141412985,0.016717379921025934
3068,0.0,0.04307028253133401,0.04256966268163554
3069,0.0013556535606370445,0.055792598165470574,0.04606322858269126
3070,0.012845929431182226,0.0,0.032922824919726014
3071,0.0471782093361052,0.03990546566719925,0.06805168587008698
3072,0.03188241948352994,0.13772980796159917,0.05334341226799607
3073,0.04463321883267103,0.05236860506794943,0.0
3074,0.0722905605069642,0.0026145486101850635,0.02601331337850214
3075,0.08122986624075568,0.05383266925284719,0.03973283489759266
3076,0.007869655611729484,0.017877239285167112,0.05461790141146531
3077,0.03682450836584023,0.0,0.04726757375764623
3078,0.05626835966191559,0.04100671290547444,0.016628374370420217
3079,0.0032344701254760724,0.03513838391528364,0.01661870043345823
3080,0.03261258473930035,0.0,0.037016280636268495
3081,0.052287134007916077,0.018438586764780662,0.03433046747609101
3082,0.046894400877844,0.015565252548281125,0.03065430134844882
3083,0.03001698951670503,0.03925956718250008,0.040435526586644004
3084,0.052408852995047904,0.049222951600884614,0.051199863310958216
3085,0.03983013397887917,0.029904004892842617,0.037258232816282905
3086,0.025333822041549676,0.0481095955838961,0.03938843222910602
3087,0.0755150311205431,0.039737021164957885,0.02030840409143268
3088,0.04501487137453358,0.03814921829407141,0.01632296032175118
3089,0.024581947939940615,0.06288890422834409,0.029764164535193524
3090,0.05267934306316999,0.0,0.0
3091,0.008709161169726748,0.04351580124105997,0.05164338327157739
3092,0.0432162731925999,0.035546755352591615,0.00871798067701389
3093,0.03715688246595675,0.0,0.06113823632897284
3094,0.03171635308071028,0.0,0.022812173555204845
3095,0.014734530280569105,0.03779170714130414,0.046697990830486785
3096,0.12175821183045354,0.03603143214118878,0.0
3097,0.04414197687496805,0.03495002525717195,0.022981219615092387
3098,0.007466448419928111,0.01764702069780739,0.004631806121963691
3099,0.05053394261433872,0.03530164854522219,0.020353944600450185
3100,0.05929556281574714,0.09103854077632192,0.0
3101,0.05006727324292588,0.06109277019576809,0.15079222139443832
3102,0.03989259181730557,0.008115303406720726,0.02075129994832997
3103,0.04016056975581911,0.0,0.0689693807738989
3104,0.025882636946177054,0.08216363206363031,0.07135460671346192
3105,0.03311996760287197,0.027939729242799177,0.028242324590131197
3106,0.08794054867579396,0.02532912092339965,0.015135546478506047
3107,0.02815874220133872,0.03315456214449347,0.028611207965473784
3108,0.041334697169372006,0.03207872232450428,0.04223975782575425
3109,0.06411244755539969,0.01492327048797983,0.02784389332661594
3110,0.06992907304496601,0.04273611436073585,0.06467259601262254
3111,0.03910617081101208,0.03741517716678689,0.051898168393616634
3112,0.03457794656966067,0.03296460620378099,0.005129579172513786
3113,0.043431216733699964,0.012523947667588334,0.04950814892779426
3114,0.05024370090736806,0.010611400875042474,0.039363410678703865
3115,0.035538257918730574,0.026257765623040972,0.03878770778467453
3116,0.08818382339466627,0.04802750617555276,0.014937691187625198
3117,0.027720783162563833,0.035849675433241336,0.0201749424765481
3118,0.044910178153792786,0.019857488736533157,0.0375032846552281
3119,0.03785706511100758,0.04376173329246847,0.01875114402103248
3120,0.03820504780607539,0.032236528443860435,0.06640130858619814
3121,0.012502988627206342,0.0508443320370474,0.016273910930352225
3122,0.04181587936634753,0.0452016959872929,0.04072196512094941
3123,0.02026303270670174,0.015786048257744285,0.00873644294049282
3124,0.03217870467633722,0.02881079793717875,0.029986828389239994
3125,0.05910242379476792,0.0,0.08228716049882653
3126,0.04181890395337038,0.048301731716280105,0.03648419768908337
3127,0.05806555536153877,0.035164242599788,0.023889969137829894
3128,0.0028117487259758864,0.05075263949771,0.022220291974212263
3129,0.03479949377500286,0.013369869476072627,0.029195166949372325
3130,0.05759261503166798,0.0,0.12859456222796387
3131,0.03237303627267485,0.04953130074391157,0.042803381091932935
3132,0.05335901524516535,0.0,0.023835072553443255
3133,0.06465489090081616,0.016760385088291776,0.0403725411829515
3134,0.0062567872932558655,0.06874770811543472,0.0
3135,0.031159709497492177,0.16983627154144243,0.0
3136,0.06121682082855133,0.14445566347415267,0.06047613113011045
3137,0.07331642352312043,0.03241584638694454,0.052513467869733974
3138,0.024662654840460787,0.011077989053736309,0.014629777250869247
3139,0.031134333855082286,0.04531404997980153,0.021186420869520883
3140,0.03944110315441351,0.016812183889672146,0.05111072709802535
3141,0.026749629435217918,0.06150706598039632,0.01866294423944511
3142,0.037967411655645905,0.01980529722423571,0.041508623107432426
3143,0.05703979378830704,0.05647644888487679,0.014362471381540676
3144,0.06310888381028869,0.07155423945856045,0.0
3145,0.06989855045353967,0.12145518448295105,0.0075387088379278225
3146,0.02020018962801284,0.03982305354460327,0.04893663643874816
3147,0.05160284636302104,0.02781612087457729,0.0062622512964189275
3148,0.02939305202723457,0.06910970968755861,0.02211627600668929
3149,0.01793233578821504,0.0215612629687785,0.03580525246490664
3150,0.0,0.16572292473750386,0.014102133943272813
3151,0.06547976747762896,0.03696437527841522,0.051857212319958455
3152,0.04885051013341079,0.03435962475000134,0.03388736279242882
3153,0.015753685685523586,0.003437678040019543,0.057755347946626956
3154,0.03634530197554937,0.04989115443853828,0.019775261259993498
3155,0.02734688289687576,0.04054042091372694,0.03356777895863115
3156,0.045321051296507466,0.009858454990842225,0.014401509185306055
3157,0.05287042435926784,0.05035783951946067,0.0
3158,0.05204527285813712,0.0,0.053277961105722096
3159,0.022937371400966387,0.016319828964007833,0.01608490992139276
3160,0.025843857478249993,0.0175793445273638,0.042018565948510535
3161,0.06960104308382135,0.026394355618264666,0.03807381417191473
3162,0.04177476752438549,0.05354766562533573,0.033011766199631754
3163,0.027085734537812236,0.029108758451913245,0.026083977776873574
3164,0.04596382213802299,0.023682705565502046,0.00999815465201961
3165,0.0379086083449002,0.028691700089897566,0.02181790628472725
3166,0.03190688238355723,0.01838541875201305,0.013580557471174669
3167,0.047004995026368325,0.03513532429936273,0.03287136527573963
3168,0.015901805297666202,0.02534690742260928,0.03492814872264177
3169,0.04414623070858581,0.03674647003256137,0.01671230248859548
3170,0.05252960848144369,0.0,0.05356423767251107
3171,0.04616804600879112,0.02926212160084411,0.06138798571159845
3172,0.0531531905219656,0.05345880854304439,0.06950311708084467
3173,0.020294703457683274,0.053036725806499756,0.05305362928201156
3174,0.06179258209639797,0.12285136824292664,0.018603555268793277
3175,0.019275295661429076,0.039922484163502095,0.0
3176,0.026320569358113107,0.06033885578889886,0.06207749795738621
3177,0.0,0.048245173681674754,0.05261287704602014
3178,0.014295844527712978,0.032161132445453856,0.052494703210111404
3179,0.06929525110015283,0.032099702928493,0.03032581309264308
3180,0.02975274566879967,0.0,0.026928445832270276
3181,0.03337725047329837,0.06298456578903118,0.03312011336984283
3182,0.01880733297250656,0.04259306865864778,0.00853735366866124
3183,0.057661103440266384,0.0,0.014068539440290566
3184,0.0380613424060123,0.056491854107244055,0.024243700750304156
3185,0.028350447747128162,0.026722098730884904,0.02152614981376299
3186,0.014537135480661165,0.022317492191084143,0.048624158764599745
3187,0.0,0.15570064046551274,0.029866301103492032
3188,0.039993287309757826,0.043443532071197576,0.03085036193127641
3189,0.04379004989790057,0.06446672322349718,0.024848842884631975
3190,0.03264668318688595,0.047888754758611415,0.08000788676047145
3191,0.04147249492347671,0.020275498382037984,0.04552838597626065
3192,0.0,0.0274130928997272,0.03029734317832055
3193,0.02217140724185625,0.02662025997285029,0.0
3194,0.016163334284154646,0.1326766450468066,0.08444825820678147
3195,0.04631421403817573,0.04642428184776092,0.05227599938358265
3196,0.027974568008183803,0.02455059792084945,0.03661677936307936
3197,0.012016410590187604,0.0,0.043900443981146064
3198,0.05050717227404747,0.0026210954688259507,0.039879754245369936
3199,0.022687970721244555,0.05390271569124628,0.0
3200,0.03548647737102324,0.02947915982649304,0.03326393001738239
3201,0.005288055675714026,9.565523394133395e-05,0.021956076630322896
3202,0.03984623958067475,0.08554452890618738,0.15548832859323913
3203,0.002185352262321518,0.025111549431014454,0.0060812810064369465
3204,0.07398612471970395,0.019246468881283146,0.0
3205,0.02837257915065064,0.07294691973630393,0.016318522626881396
3206,0.0358439386378374,0.028767081979963412,0.060306424916839206
3207,0.043010494782101664,0.03837571201271244,0.05927322945262078
3208,0.041480859711104254,0.04572815935897524,0.04448758701988437
3209,0.027484178564763918,0.032494573678439415,0.0
3210,0.02508482584954186,0.053374705076221655,0.015039382021278096
3211,0.010536744657809119,0.06635525489443063,0.051089507411920226
3212,0.0282588384900193,0.05835336064463787,0.04315654625835744
3213,0.05570121704359874,0.02639897805673892,0.031727246639563465
3214,0.036256931219966745,0.04891100487278723,0.0
3215,0.05644764571093928,0.005064914830457257,0.033084922688810636
3216,0.04197261502805503,0.02127273133159674,0.01020764603397085
3217,0.044044032188567665,0.06762408490588766,0.0011055109086721925
3218,0.037288329976206507,0.0523777998045625,0.028227397253199674
3219,0.046829800137582124,0.012819957093739662,0.010038631015337127
3220,0.02069006275951081,0.03361095444164358,0.07898781751719645
3221,0.03328304940365543,0.0629652774174166,0.0536273874593288
3222,0.021608805313760426,0.04267836360980689,0.0347295894265296
3223,0.010812158476113826,0.050092716063237064,0.02577383424322936
3224,0.055077409491093264,0.001574677893744635,0.008092299114784892
3225,0.023029216926132915,0.05516636657837664,0.012564485376169379
3226,0.09739483682172653,0.028672160484102108,0.10242814821527949
3227,0.0447811079748387,0.03289203022882436,0.04294714800145008
3228,0.07279715584645106,0.05186266037102443,0.019358954778685097
3229,0.046873882684360275,0.08563219336840386,0.03554212241182205
3230,0.0,0.005264824520959582,0.07930837075635477
3231,0.049243985486803116,0.03311758167888763,0.023760851039809534
3232,0.017887575451266253,0.06771836142793457,0.05065426585937539
3233,0.0622642040584861,0.01240059041126236,0.13663664160577127
3234,0.028580845897163903,0.0634867300345683,0.021869594722108754
3235,0.03415717798362974,0.05682569197722278,0.03193737387876645
3236,0.005898382650128801,0.06340534939281427,0.009698970697728857
3237,0.01661589429335125,0.01129298401233258,0.06653031873587249
3238,0.040171574554963695,0.031914442171797355,0.004936908525877272
3239,0.03823219321741231,0.06521079637179782,0.03137274706258698
3240,0.07347726074109681,0.05448311044318511,0.03685116136279523
3241,0.05997282944196115,0.04045304772928667,0.042164318315120276
3242,0.002035506489419197,0.03050149373786761,0.06844163881421335
3243,0.0038444107560560437,0.14599178622941997,0.0
3244,0.0832687828790103,0.0,0.06634438055642165
3245,0.03243657866242867,0.03134490878761695,0.058951727683844435
3246,0.031081558640555666,0.0389373622034706,0.029392448630259718
3247,0.0,0.11535156836132893,0.0
3248,0.031179617939789336,0.09810735987710281,0.07680760347516327
3249,0.007536183904778569,0.037037891192532126,0.028387090360990255
3250,0.04283984302395994,0.03552724528496446,0.005255283930779416
3251,0.031008788792502198,0.01784430668593252,0.046632060690974066
3252,0.009738555997619582,0.09074246570579206,0.028531563105753357
3253,0.08950704503408949,0.06349832104399025,0.0
3254,0.02573918460770773,0.019804256744056316,0.011969092047387955
3255,0.05530699541112264,0.021303432858193454,0.03938118545845896
3256,0.03922112520153471,0.024138570457122546,0.02463932579443988
3257,0.013236626279903215,0.010482687790860307,0.029413465812667752
3258,0.050589097188275756,0.0527074155437143,0.024145306646524176
3259,0.04387369729556345,0.03865530198538931,0.016403839676425346
3260,0.0554049337392906,0.034763039909441545,0.03135859606016072
3261,0.054187613063571914,0.04625854247030211,0.046645613532687306
3262,0.03215533185272533,0.08792199030883921,0.018581622339894827
3263,0.05329999509751005,0.034231176581915754,0.03617558558937235
3264,0.037532204050986055,0.07401892760140576,0.03712087185094816
3265,0.018238045341018198,0.03410013052752008,0.022898691358599788
3266,0.0415150795279734,0.017161292614130814,0.04213072838221107
3267,0.04365889216068341,0.05516084931056964,0.03978819730828634
3268,0.04240164618500417,0.06295606885011396,0.024323950006487727
3269,0.010170574239757285,0.02605590059550414,0.0
3270,0.05804878470158267,0.05882716486496418,0.06368231091460756
3271,0.04305602693899337,0.01834799174442012,0.015884263098987772
3272,0.04411278026489188,0.0,0.0495159271401555
3273,0.02052035768622153,0.0,0.044318751041022376
3274,0.0421540829441965,0.050275609061003125,0.016204459914848812
3275,0.28095829509621645,0.0786278929771436,0.02798069266643654
3276,0.0404858479189314,0.03926877284757472,0.05058371625768607
3277,0.06808862028564892,0.03917892679505654,0.0
3278,0.0,0.019512147013587833,0.023470051135096467
3279,0.049404479527963154,0.0654490254224524,0.02582199975591754
3280,0.022884344886656596,0.05739134365261317,0.04485391243993263
3281,0.039543392366652406,0.036314715142667056,0.02819915243659643
3282,0.044210993314233116,0.0,0.06917263754931362
3283,0.05456205691104627,0.013962419255980454,0.05408832270466332
3284,0.028004267744554782,0.04142040719467576,0.027168082865174317
3285,0.03748818892548771,0.042279191246857,0.05892142193792769
3286,0.04182451929009503,0.06626209066149319,0.0320943746025779
3287,0.017120250331507714,0.03015933199296913,0.019612473866130728
3288,0.0,0.04216765899996404,0.03786336694792557
3289,0.0035824819313735926,0.046931969769305686,0.026334789308188864
3290,0.00375471612943618,0.024221869821344236,0.02507127448660203
3291,0.0025459369488717576,0.0021329627734499174,0.03776218243440444
3292,0.0048721469355356055,0.04401035776703255,0.02629004718824043
3293,0.04425780306091841,0.05212663812732802,0.0
3294,0.015194729347097249,0.0387735271373309,0.03268884537192677
3295,0.07904346957386582,0.040106013520683666,0.07770570011851287
3296,0.011055204634915813,0.04168756441293309,0.03319598841654634
3297,0.029903455028649596,0.02077144307186088,0.05264749775496757
3298,0.05126343090034935,0.03612787484140309,0.02774011567206929
3299,0.041890440578812325,0.06690917458257291,0.01535340210678742
3300,0.06317033615392607,0.0,0.0982220134682814
3301,0.0,0.0883582632517377,0.0
3302,0.04445807144691055,0.05082477205362238,0.052380642556125484
3303,0.04827375441738845,0.048897310289868046,0.02279699108607741
3304,0.028607772169180354,0.041674977548309185,0.21262995462842454
3305,0.022171172266577468,0.03856404331817608,0.04043077790745292
3306,0.02251828416123362,0.006777214396080709,0.0307867888066866
3307,0.0,0.18497041692479596,0.03476623556279003
3308,0.021600509602085385,0.06330014601859822,0.02856048255834793
3309,0.006379914907986339,0.00788413415472612,0.11380302398180064
3310,0.05337058158503583,0.005088022384134759,0.01761006193220074
3311,0.0,0.0,0.0515965436959789
3312,0.04759889606038155,0.026946114484466255,0.01414830403403649
3313,0.0,0.01923454718324269,0.011525642267013686
3314,0.03721159298539467,0.11051460249228699,0.06675244240632028
3315,0.010360054585520029,0.10957627356521349,0.02297302577629833
3316,0.04082188251009477,0.03046747284573288,0.03769688008037511
3317,0.012484074311008515,0.0,0.05596663614580108
3318,0.03246998185037263,0.038033639249720766,0.05555101324353547
3319,0.018486064022778553,0.0675237795905594,0.03772222458393011
3320,0.02712560078545287,0.04567313068953716,0.0
3321,0.020592098377190095,0.032839163419148484,0.021053331101971707
3322,0.029086980148144318,0.0009305235352677262,0.00031028407771042005
3323,0.04787587528152021,0.036247934219194256,0.04114741228439426
3324,0.0036301277824161795,0.02244364871066437,0.0037884620157915363
3325,0.050990483203378234,0.019631874568842782,0.02337243022771579
3326,0.010498528514880012,0.03895245002372808,0.01670920330100382
3327,0.057695724662595683,0.08105266381522258,0.0
3328,0.05649453494459514,0.0645003467226367,0.0
3329,0.02762563961154731,0.044620315681886714,0.013725877701561426
3330,0.008851924649935798,0.04991591724288559,0.0499927508398064
3331,0.04098620331759444,0.026383017573193616,0.05314290152743518
3332,0.026624619055810084,0.01976129082202553,0.025736288784444034
3333,0.024002064235106438,0.0381102653411263,0.01973222093927713
3334,0.020790486275049175,0.028832825497841573,0.0
3335,0.04418556114559365,0.07714643139603915,0.013880037136835128
3336,0.09165031258350777,0.05421939723421122,0.010250097238035575
3337,0.083258435069672,0.059942432538931244,0.017121865008702566
3338,0.05213179576117647,0.04143558970567565,0.027728711847850324
3339,0.05629962126243221,0.05748279389318758,0.03502220738488728
3340,0.03530778882993182,0.0580827369635874,0.04138537119500026
3341,0.03718564386878484,0.03529321758529924,0.036914616401825084
3342,0.04001750631803387,0.0,0.09440013080591278
3343,0.02301769334356917,0.03450990198459309,0.047984337741290906
3344,0.018269437188250706,0.027996006603451987,0.06122141200724973
3345,0.08670149071623173,0.0695765324264576,0.04221516409563578
3346,0.03734154421031602,0.01700680390370299,0.004772543906435066
3347,0.01765522732769248,0.041320253468026986,0.05530247751744452
3348,0.05867205536311198,0.0,0.042445710811643965
3349,0.0,0.052618173730881575,0.03420658549026943
3350,0.04291189820455477,0.02461546865938752,0.015550153531234309
3351,0.022438978759952485,0.0331350334732741,0.06519320789343405
3352,0.01557437454808303,0.044156196073831894,0.005154815778459891
3353,0.06764535104146391,0.02302623620907292,0.07843592945669066
3354,0.013560465735964205,0.06917227832097149,0.008879913732777222
3355,0.043655046502981604,0.03544111081181586,0.0065124920015132565
3356,0.011262356880499133,0.07565382884820393,0.0
3357,0.017917196239312937,0.0,0.058397182741484775
3358,0.030008006253121406,0.014616910549275693,0.022192604461696585
3359,0.08188737162852797,0.010469711086484215,0.03178030394758009
3360,0.030746764111449845,0.0445385942787686,0.03310397623072878
3361,0.0364957984348506,0.05030023264430863,0.039860705444366075
3362,0.026339896367249788,0.0,0.0340603286871
3363,0.06848079510424392,0.04358547091583979,0.037095577708694864
3364,0.0365570701723005,0.06147146702383247,0.048710885830658544
3365,0.06867518019984821,0.09977506004683696,0.09621776758761523
3366,0.03311720054303008,0.0844115761946326,0.0
3367,0.01316369539078993,0.04803536442389353,0.02096257744170645
3368,0.013874174078676334,0.011995665815367443,0.05370094129328601
3369,0.03221804948636572,0.01781204961472616,0.020528282176505874
3370,0.07101028546345392,0.05811671874983941,0.01798332947550418
3371,0.0407299895476832,0.025173566097798094,0.04017798177472329
3372,0.003655494254744221,0.0511272714320512,0.029471041228183188
3373,0.02279868320618107,0.04112932922675113,0.0
3374,0.052637217493589954,0.03792270774358195,0.0015453573761858783
3375,0.013363070405439577,0.01053565112862801,0.05642695844629625
3376,0.03921730375118947,0.028205135445861947,0.0227319536854476
3377,0.04136440851610968,0.03724355091461835,0.04949144040383311
3378,0.004357877611676215,0.06825429521595905,0.04774440261117774
3379,0.07080802821863455,0.03244715091288139,0.0030676248322294847
3380,0.04372821051137427,0.08687523704813255,0.024372119142564777
3381,0.09578778369932583,0.0,0.05576148197903802
3382,0.021161053532611305,0.045539356435608545,0.03223312720832756
3383,0.07229944499468174,0.10517752092937975,0.030063171059185947
3384,0.03415252628239249,0.05447698682662366,0.04080654390656498
3385,0.014398430542126337,0.05591093329219668,0.039540600283605065
3386,0.03900167846820605,0.01231550404090261,0.012589799826990716
3387,0.06608996006029452,0.036260030852067526,0.0
3388,0.05937696561799713,0.0,0.05357700714877563
3389,0.0,0.0,0.06514994594573087
3390,0.03564517417687042,0.0566956899089516,0.0
3391,0.054352117795575645,0.06508815844164056,0.08618412695711967
3392,0.0499728939445537,0.060336923471283284,0.019855966287754434
3393,0.04812051060485214,0.04724127652484997,0.030882572928427627
3394,0.07137163389766578,0.08703621985594642,0.01789931839725501
3395,0.0,0.07480340467355862,0.06156126035418695
3396,0.05870853877478996,0.05334322310019846,0.05250906540955612
3397,0.03388748941865874,0.014968003910927667,0.016025929209194486
3398,0.02651413083433127,0.021710839836303102,0.05519467732044351
3399,0.07244729234174822,0.08225383505523723,0.07992515026418846
3400,0.02180523422721667,0.04364083925023149,0.01679106242963116
3401,0.0,0.02816055980502473,0.03031968499808584
3402,0.055238320889316926,0.013648797097555697,0.0
3403,0.0,0.04605022950317333,0.030335787683667625
3404,0.03954044146037939,0.029186219286016238,0.07850809705242999
3405,0.02568927067524529,0.03771681939809685,0.0407119747937186
3406,0.03553506276651708,0.02804278230427859,0.0
3407,0.056291417082381695,0.011398767069876295,0.028546310192607425
3408,0.05860563223144306,0.03681821804155197,0.02762218406912788
3409,0.07365057515322063,0.019343869244877538,0.06488621165676556
3410,0.030830792772991725,0.04338557315617165,0.02507619909651269
3411,0.0445739670709189,0.03618714661620714,0.0394329423401647
3412,0.02294736622247544,0.04447773388517632,0.03282832382252864
3413,0.06801020001485666,0.06687000049114981,0.013746077712393057
3414,0.0,0.06291692231989095,0.050759484298300045
3415,0.0,0.05704380177740313,0.012109896722915021
3416,0.03646827840634701,0.039603460551856685,0.034528700389004324
3417,0.06769487456789844,0.018413875245376514,0.0
3418,0.022909324621632293,0.05284396216289474,0.02462916398245721
3419,0.025437212277280796,0.016318733843617685,0.04684462712656599
3420,0.04094012976042452,0.01800248762327771,0.01868678389351683
3421,0.03469580569150162,0.024577922794414092,0.04252523137270234
3422,0.04298930013098509,0.006667545297075084,0.0
3423,0.0061179756096749055,0.06826167818208248,0.01137729948277602
3424,0.040474729261315644,0.0213027954699511,0.04531374090500644
3425,0.026025853027902984,0.058647191985251534,0.03202701308363924
3426,0.014779814796450541,0.011134141973342523,0.037221560253000496
3427,0.04871820183895852,0.08014877082478761,0.0
3428,0.016854284831866344,0.0,0.0
3429,0.008985931453090804,0.08156620082837884,0.0
3430,0.0384530765729798,0.017406953000884257,0.027287966116311475
3431,0.018139658910035206,0.006199536354371825,0.017847342276750954
3432,0.012818424983837534,0.019358419058235026,0.04604063073461295
3433,0.008343510643965898,0.0313618626938518,0.052463000622976076
3434,0.022078418762151053,0.028089523896291536,0.05073269817000409
3435,0.01925985193279603,0.021790674964038113,0.027014446463744873
3436,0.01830095539580664,0.12085566114878091,0.0
3437,0.08422391151041952,0.009671305778069015,0.0
3438,0.05220319187267613,0.0,0.02733002385237292
3439,0.029196659128227494,0.015493602667758719,0.04966597234139778
3440,0.07797880037641222,0.03788210566617216,0.0
3441,0.060864498167816604,0.04259336991489363,0.040765352401690345
3442,0.04525172771537437,0.054178818309236494,0.017946590729863866
3443,0.0,0.05041417643020599,0.04681582222782331
3444,0.005356034524304863,0.03135398791407117,0.04412934756188863
3445,0.040565160975390424,0.060958007694052296,0.0
3446,0.014084282254266297,0.026065418231917103,0.034373876608235834
3447,0.0,0.06489579304605883,0.05475300047366516
3448,0.04559580574645424,0.039490450811465676,0.04014305202503327
3449,0.03385540936316308,0.025452346922164904,0.028067982160058038
3450,0.06482423380746241,0.0,0.030721050623558937
3451,0.02506578189799183,0.021143768326110157,0.056945580940481966
3452,0.025668449107684427,0.03611341609192623,0.06156925988288777
3453,0.025945545086621127,0.0016179855579472602,0.03318955633973075
3454,0.03459403928519566,0.040774723413751934,0.01938857615224418
3455,0.005632183494653932,0.038431912871891946,0.018800104407457996
3456,0.020342499333089636,0.030421642248749128,0.025356341536802954
3457,0.05023196643535518,0.0,0.01386806435978458
3458,0.050168109693563896,0.054445056630725366,0.018446362105940466
3459,0.04546470159513221,0.011206680292811405,0.046282439482321656
3460,0.07464871404029629,0.01745911886122968,0.05793423748073401
3461,0.02896265173866099,0.05453524583903207,0.03817644643146761
3462,0.031671373624495805,0.0025750504788267445,0.04816048667194715
3463,0.0642415717241995,0.055289514573379606,0.02389920188338343
3464,0.05638323811282455,0.049591955828406566,0.034420481715957026
3465,0.07359591489846451,0.04255765010157369,0.04814627399011432
3466,0.04831141581666148,0.05494588820015717,0.03826968764295507
3467,0.08092708727927418,0.012583496003917742,0.08471256102912458
3468,0.0632615918932728,0.051128730434351045,0.031303102763929606
3469,0.032588274840641765,0.024827387426935656,0.01602408085525576
3470,0.028594310530621656,0.04306622478060547,0.010730265545982779
3471,0.0064381211972381796,0.0,0.022591779447019417
3472,0.04047147831811605,0.0,0.05971326849542377
3473,0.07239690769924861,0.06930448622835153,0.0028898217456148415
3474,0.05462274450676859,0.0332050359311017,0.06450022981118356
3475,0.030186036281792922,0.05348560072694477,0.024406288885430075
3476,0.06743824583924322,0.04930820893224782,0.03418685439956878
3477,0.015100962685130347,0.020648991049184058,0.07487707826737564
3478,0.03622455990066855,0.019552525571044893,0.02751829578124769
3479,0.02917872301015494,0.053653973322375946,0.021531717974541176
3480,0.0,0.04283457937573701,0.014534898118165352
3481,0.0,0.064458922745595,0.06168364132178
3482,0.0280697307870544,0.0,0.019091638603455634
3483,0.044982316815611,0.04602093165198507,0.0
3484,0.03860617991428497,0.021225219301677586,0.037672732161647876
3485,0.035538910482621804,0.03865988497197557,0.02031584513843508
3486,0.04384045326797767,0.04572414262184168,0.02762360325317793
3487,0.039681236958389585,0.04403624880958843,0.0
3488,0.012787023179287446,0.041596655417214266,0.04880232161050063
3489,0.03007243477198175,0.013006643758208194,0.029521183116860725
3490,0.040967443724594516,0.0,0.032778678194135005
3491,0.045459184763056916,0.03639001018178079,0.0021961104181352823
3492,0.01578181399243469,0.033361070701850314,0.020428389049041644
3493,0.04780299336644341,0.029324799641851248,0.0420698088856545
3494,0.032012261766332616,0.05769968946826574,0.02773683999174996
3495,0.07536607153491393,0.04804907026403215,0.015507318158301895
3496,0.024263688480751014,0.08740709830388149,0.09855432708959731
3497,0.03868360332590202,0.039429472795203875,0.02694033302969601
3498,0.027952682766179158,0.0,0.06318871455933184
3499,0.0007095416942009917,0.013357056998344405,0.029663282198698956
3500,0.026436292251211635,0.03843930057154093,0.04757454217725816
3501,0.04877921908679452,0.03141756820864531,0.0522455212620328
3502,0.05814252710801903,0.06372514141440505,0.06161099722906815
3503,0.027546103705214056,0.026089150829601043,0.05303247822598641
3504,0.06558020249772374,0.029333687776581047,0.02206402995292398
3505,0.02945414699128977,0.013485616129363711,0.041273352331826045
3506,0.016212919483434757,0.03124519955925503,0.02510127396954932
3507,0.03619655626833511,0.023750491170848445,0.04341970260657069
3508,0.040827908311701695,0.0311785491626331,0.04128348496275066
3509,0.006573299062917953,0.036868497523287885,0.06792182212801666
3510,0.020300456008097434,0.02563191903728108,0.01281242817366606
3511,0.06354562559375819,0.05271709874235164,0.035355405069908925
3512,0.02803584161740878,0.0029733118149924964,0.02189497627688003
3513,0.07438595244350216,0.0,0.08349186226709915
3514,0.047027530370895014,0.014046981606541551,0.0035616400927954103
3515,0.09874323941486064,0.0,0.0
3516,0.14288694768732618,0.03938476807730425,0.0
3517,0.0,0.05627163673846228,0.007983855526361104
3518,0.035030626613695416,0.023338761199801578,0.019493852451078677
3519,0.04228986934581396,0.0044848959388411845,0.06006060457435004
3520,0.016956520403623748,0.03431979195167622,0.04183735401954188
3521,0.04311672672688372,0.05310650530492258,0.018928952376651292
3522,0.051814461528139975,0.05264302041230702,0.0
3523,0.026551172125789318,0.034526874829119335,0.03862145280625173
3524,0.01385414110797169,0.027043515000322257,0.0
3525,0.017943351683081088,0.02995151691958801,0.03007776110832286
3526,0.05054380806720733,0.056943334418260855,0.05877322860324859
3527,0.02483484099544773,0.028604683214126375,0.03938763690513492
3528,0.060439098287776744,0.042071315087994894,0.03780931950731361
3529,0.028438855851921074,0.01578946258975891,0.01988009251718716
3530,0.016287697866135615,0.0,0.047571551698428444
3531,0.046579881309178145,0.052276625692629204,0.051776132230681005
3532,0.049922395276085885,0.038536228926034206,0.03863901581916205
3533,0.03231193151373757,0.04164523569488531,0.03770999797138296
3534,0.024757093693649382,0.05017271870766533,0.029138394503449516
3535,0.01868386165318434,0.03219727891637309,0.029352657163837295
3536,0.05947381564924897,0.03456882160815268,0.040326915588051675
3537,0.02097629060674171,0.03152733844173081,0.04511240906513725
3538,0.045358513923358885,0.03411727708548488,0.04187771237866022
3539,0.040075908289837404,0.04760210766583495,0.019759409100449838
3540,0.031110932812154487,0.050322144470301367,0.0
3541,0.023732319843393815,0.022946115339781276,0.013832554865606651
3542,0.0,0.03327052742590612,0.026684908182461397
3543,0.049473443962224445,0.033609774753714156,0.02496182887703756
3544,0.02932464570104353,0.019947910145645724,0.0019650454485372385
3545,0.0481563206558013,0.037976731285088175,0.04101970822834406
3546,0.07986041769235705,0.0664585827291982,0.1702932747356417
3547,0.0094058107851264,0.05844719186112604,0.025099351621864757
3548,0.009777713192635299,0.03495550796168952,0.03252202726559371
3549,0.03915753347545446,0.017144269416704952,0.05134338754414648
3550,0.06552452086747827,0.04707650609937578,0.04342643348581052
3551,0.07146262867025138,0.041730243974830654,0.009369000595194616
3552,0.011083287895280092,0.02634484143787859,0.018800832835423453
3553,0.0,0.0,0.05971037431036233
3554,0.053563475919561766,0.04295774759807841,0.03619578229163068
3555,0.04170480021713685,0.04053862953966266,0.031164425734173135
3556,0.017292462216360233,0.04002659645273257,0.005365204871732837
3557,0.02491762761447022,0.005860005500130989,0.05000873036096979
3558,0.056871571242338353,0.0,0.0
3559,0.058123267971457816,0.01521941341985675,0.02949750356618816
3560,0.04603175334193013,0.011694135123988892,0.04516364860549981
3561,0.030348968966029923,0.03528739797334051,0.007764639676614828
3562,0.02943496793599079,0.0,0.03275197559036809
3563,0.03625990139295889,0.04301920533337797,0.07488195319170439
3564,0.016238363596385447,0.02643642858709041,0.04137622705721741
3565,0.045465629019880785,0.03270825801591774,0.03629920255552074
3566,0.006187355832246578,0.04013067161946635,0.028675203419840076
3567,0.026011380802303693,0.042726315007298364,0.04979514847830568
3568,0.04258289075292095,0.007543677615038431,0.037682699114924875
3569,0.03222801946306099,0.14140376507600766,0.041019995243539456
3570,0.019717585068281328,0.08137248264714786,0.009973268544533865
3571,0.0,0.07118567729525957,0.039542010514073515
3572,0.047284940948388914,0.0,0.055855938873265155
3573,0.004648752698835486,0.04044174620439935,0.04084429063355968
3574,0.022298937002237368,0.02103773647476163,0.04371193732061002
3575,0.027349457627111412,0.05763461738424358,0.0371654662102548
3576,0.04856415890270255,0.044587647254042406,0.011443883555764594
3577,0.020387972708753054,0.029512004877355603,0.024251628165245148
3578,0.016677377844380895,0.012643243211068014,0.06912440710842467
3579,0.0,0.01968664882573422,0.01810062597867921
3580,0.04493522347521062,0.03315784369843367,0.014770922718538637
3581,0.04165326604972112,0.04525096982765492,0.028527101436708766
3582,0.10333591009327914,0.01722564097220141,0.005321847324313834
3583,0.04605501218938384,0.0279589388183501,0.07007785823072694
3584,0.0,0.0068344423132480694,0.0
3585,0.004108327045907634,0.030224344151720525,0.0036690781612827295
3586,0.041229661034342995,0.02489720507477221,0.03083243619430277
3587,0.016393981737131903,0.04453835096094566,0.0370115977930017
3588,0.01081061237118995,0.059760936942858424,0.06094225982871273
3589,0.10440679479913226,0.0,0.02687731767596574
3590,0.056950726255174125,0.0775210103000844,0.03131942722154124
3591,0.0,0.07279553739012656,0.0711136377178414
3592,0.018367784255423115,0.03894368000471684,0.0343087530513584
3593,0.02491819742057909,0.058167519494069175,0.033538605147099006
3594,0.048143887593096936,0.051615606650660846,0.02924194284087499
3595,0.03065131629635406,0.028380078717995097,0.031978678568556025
3596,0.06284768584629723,0.05023738915705179,0.04337988029178161
3597,0.019845197645071876,0.0266558144258872,0.09240673152472764
3598,0.020247236126396267,0.030283209696750097,0.045820651488935264
3599,0.043704716921924014,0.008211917684670144,0.047354221649454596
3600,0.01165048492621786,0.021588777096299392,0.035109234751050294
3601,0.04279406916907317,0.03260169976335804,0.02591337866368011
3602,0.04268532168053121,0.09294343667509448,0.014031547528130912
3603,0.019845999358736634,0.03277079847714542,0.020404093682290115
3604,0.01363079978526219,0.05781131746221663,0.03072106453139717
3605,0.030280282429561486,0.03271021447480985,0.050851573753157166
3606,0.0,0.044811933808869886,0.05705734353973075
3607,0.01861197307139804,0.011221048933662941,0.04766844819391175
3608,0.0475544377359192,0.027488796745307117,0.04215564502280478
3609,0.0367476653244341,0.027822893357715203,0.05186643378951746
3610,0.06225523112223632,0.06416305972483834,0.03001960767745196
3611,0.038849107788594246,0.026616654590724678,0.03783685746091496
3612,0.004876287703313424,0.005448607128726533,0.029905021313510027
3613,0.059801133728519376,0.0,0.001601156729915655
3614,0.03131307426641161,0.03668542474498196,0.02499849555494607
3615,0.03756187721731999,0.03930625859656748,0.048736923350704155
3616,0.03593953888342997,0.05480108180945004,0.0
3617,0.043593895618577454,0.014984151432374505,0.05081357193820727
3618,0.07443250529821824,0.0,0.04252507854473635
3619,0.033646702993413956,0.03910757615345443,0.031958341954343446
3620,0.017397226371247757,0.043019890720693454,0.026901318321525185
3621,0.08075805755380316,0.05591959091485693,0.06240576357014591
3622,0.036872195776807906,0.013646799256107104,0.045632275853949876
3623,0.029182531633297298,0.0,0.01730212377326638
3624,0.026824763795277984,0.05589291853312315,0.045224237476373184
3625,0.023425582628737108,0.058795055540454784,0.01879024118350589
3626,0.021283705089846477,0.03351878566482391,0.0443442570421822
3627,0.0,0.026506397212384066,0.020406976116009876
3628,0.029509482044566424,0.047826077719665246,0.04638165437644176
3629,0.020482618147131672,0.03251944911799273,0.044566472924536964
3630,0.08018945099972552,0.0,0.049920903027717504
3631,0.04708748240509614,0.027809631722365436,0.05098578430808683
3632,0.03846668640998663,0.028817641797381634,0.026513685851342714
3633,0.05293284830026368,0.04437366743604068,0.03747068864734909
3634,0.0435682778313283,0.018127218357184997,0.05013374743303286
3635,0.026155272641850708,0.02310326277203308,0.035210202523595524
3636,0.05839860085181164,0.042353441534133625,0.046649157252945946
3637,0.04332091054171683,0.021654849730169456,0.04157847330228937
3638,0.04455575928239481,0.027408248618453836,0.0579442028602935
3639,0.05596741863358522,0.11032456904866429,0.04256031688448629
3640,0.06453230426315007,0.0,0.06550619994546321
3641,0.04515332990227848,0.04321559591232969,0.0
3642,0.02043401536900582,0.054594147808281215,0.05947070624390159
3643,0.02478282071701393,0.047130607653008916,0.025976371022436124
3644,0.0051743352373659485,0.04613570655993757,0.008101957764744136
3645,0.030690285442712777,0.02804377098057553,0.04786377001719171
3646,0.041841118682090006,0.03292701422128202,0.028484725625755856
3647,0.06858740184186264,0.03003806492761177,0.0
3648,0.094551615565024,0.025919741239159848,0.027251666116339515
3649,0.09091384339357411,0.01820286236460289,0.007946159254091305
3650,0.033493617118837964,0.0366756409119472,0.0194718193357649
3651,0.01400317341863553,0.030228661521318173,0.05384134719396457
3652,0.025828353625294106,0.03281436547806512,0.04512567370752205
3653,0.09280821330806363,0.015444318336071773,0.026198452880492246
3654,0.0068491785528733235,0.037855048583003655,0.020247610607965462
3655,0.032119765013453726,0.025140509272098086,0.019174797210727807
3656,0.06990922250525011,0.044487505353029026,0.03818158861889596
3657,0.037322616287597574,0.040306627719678405,0.0362234759093333
3658,0.061105425251778894,0.04089447804560808,0.013797023743954138
3659,0.0755945185377926,0.03643183248470555,0.02650400200923353
3660,0.08543993333698162,0.0,0.02852978927961776
3661,0.027517952343870333,0.020529211913731193,0.0
3662,0.023107936693184384,0.05209499468897757,0.03909898469547454
3663,0.03320413849240024,0.0363020858663909,0.039965421928377605
3664,0.04719569189526939,0.06801117253302445,0.10538326659665599
3665,0.04208484704460911,0.03459763637667237,0.01940074699281747
3666,0.03288026855902814,0.0022071255361857806,0.026967315775584744
3667,0.00873840611883219,0.027093103840484783,0.017474828290137485
3668,0.053155281652765396,0.03268245602338604,0.029032469885515513
3669,0.07576610038779613,0.02371283877342638,0.05298506523630841
3670,0.056578291423758496,0.044744960068258045,0.015404702006437334
3671,0.02577885765000268,0.03538234662082502,0.04694766053212437
3672,0.06107882492216108,0.05156331341429236,0.0
3673,0.017736593526634547,0.04754484821918098,0.021877672216288852
3674,0.0882163005778685,0.019594661545143555,0.0411550392231489
3675,0.03351792203447683,0.009685188963276492,0.03152332361205866
3676,0.03812204827765408,0.040858356058222335,0.0564536811361139
3677,0.03451781200514537,0.0,0.09929498050755357
3678,0.03899103216929368,0.02148365639912885,0.013931000107842885
3679,0.06320859249194885,0.05341775146973285,0.02761434636074717
3680,0.061536222419531376,0.011315708127173618,0.03028307566407375
3681,0.04173106061389372,0.029455696343261728,0.0
3682,0.021498133640092815,0.040975209125129544,0.04492600523653018
3683,0.0,0.041950599882356256,0.008724134739226836
3684,0.04322950864427711,0.022287701686566394,0.04358681641821832
3685,0.03611533085723498,0.028425753752975944,0.012547895224899875
3686,0.03180780469021683,0.05128525065179298,0.0
3687,0.022386818940434722,0.04727733432093956,0.02288194592880184
3688,0.016684006517451406,0.013548655704059625,0.03900634709541093
3689,0.04580416123605825,0.05246408427783971,0.0
3690,0.0,0.018972776241916057,0.12352315329117626
3691,0.014948809680354882,0.02880971468472798,0.03875843491605216
3692,0.0491777426179244,0.04970697326057994,0.0504422700202851
3693,0.010053880952808065,0.03060224095834906,0.015613636768913789
3694,0.03436639330386455,0.03024744221296426,0.025345824840714553
3695,0.05108921565725789,0.039417635295249547,0.046180008547700026
3696,0.012471498791804087,0.03568974621459854,0.02320956497988336
3697,0.028882292857023175,0.02103894076666137,0.005519275198642121
3698,0.045282886190793646,0.025510836055901338,0.02443147731781567
3699,0.03932829048966152,0.06098320139002117,0.020295114242458622
3700,0.04562514203094397,0.05948062338010787,0.01272636244931904
3701,0.011080778330271235,0.04192083547573211,0.04651039208512583
3702,0.041423864431720386,0.024439511981958217,0.040563412087361146
3703,0.031090929746540864,0.0515670740280471,0.008262672721524866
3704,0.04950978299308739,0.044767546470602985,0.048674517879789714
3705,0.020660270640965765,0.04066395691295743,0.04320763198479496
3706,0.05100599217919778,0.08218663881557056,0.052768921663537
3707,0.030584295576559038,0.04880895411662317,0.04414080967556952
3708,0.04436718794556203,0.03576064740312109,0.030287922481423604
3709,0.08503178008062084,0.030579501551423686,0.0063889479695930975
3710,0.03880216687674334,0.03432582936452345,0.029972830359842325
3711,0.15613980767540026,0.06283494491742374,0.065119843581653
3712,0.024972792318848667,0.02103908362391917,0.026051892946314607
3713,0.01994838482081149,0.035891567191234985,0.03990141056829518
3714,0.04919963806139471,0.043922113051169324,0.04006641356884753
3715,0.09752059002248895,0.0681321977615495,0.0
3716,0.0507288048467181,0.030125454644004835,0.012870911770669067
3717,0.01733268334465582,0.06833192984270356,0.04421357273191345
3718,0.03397895930327587,0.044843486134738715,0.0561546534179157
3719,0.017547316368061595,0.033259200930780095,0.03705527537155166
3720,0.029356812436625825,0.023832926960315078,0.05296318783488734
3721,0.033725230407367975,0.06162786119362986,0.03696328506227687
3722,0.06727287155178042,0.03147675233538133,0.0
3723,0.031632440399799795,0.04940868086672826,0.03906664083521443
3724,0.1703816960204357,0.0,0.021340202644349285
3725,0.07405229458434692,0.08228956446217561,0.024768760913451503
3726,0.09456159377774948,0.0005270333978097536,0.03339253498684233
3727,0.02909544120472945,0.10171297530580675,0.014900687195375375
3728,0.03185371357621856,0.04235178213026101,0.0017888820477790779
3729,0.12319058566586613,0.003490418707939237,0.0
3730,0.08941680326817682,0.03976346890084054,0.06532982405964105
3731,0.038351250983348274,0.05612569988939584,0.03584057234972642
3732,0.049304513749965445,0.0011746633340524726,0.03063162576680348
3733,0.029689930494335992,0.050412955707320836,0.07700685289102406
3734,0.03744099846264376,0.04339286213272034,0.03825899592959414
3735,0.011777150122147537,0.027475838678053182,0.04859399225218339
3736,0.05406351697582812,4.385218364066912e-05,0.002744951531946309
3737,0.025783710230318748,0.055408958436749776,0.04066716293955159
3738,0.062266472488070386,0.05101176346797355,0.0
3739,0.06270638185097097,0.013299478422789161,0.0
3740,0.056701476422579916,0.03523589188369768,0.02520010676493487
3741,0.028545087458984528,0.025908801955579375,0.01863654854853367
3742,0.026373040758937854,0.012717968067215805,0.03007473954343438
3743,0.03295357216925124,0.04417858643001447,0.04302816939042422
3744,0.017975173223669105,0.05860632791219634,0.027015457836665882
3745,0.02995784102958663,0.04782525966837326,0.0
3746,0.021077712542658777,0.008167839550381556,0.012194290568389388
3747,0.0505779822938472,0.028468826932245117,0.07249614167068442
3748,0.07646455045075763,0.03870821298982967,0.017187620840176325
3749,0.04972982014637656,0.02372212035062154,0.027493225308793112
3750,0.052434495364744683,0.020479736722530527,0.046779543644583414
3751,0.03606597748660857,0.0462541571020171,0.01201885192086595
3752,0.06651027363371408,0.0392419247511703,0.034863965916343505
3753,0.053518266581293404,0.03545732687741921,0.0
3754,0.01512405316480473,0.030722909538428583,0.05398252421830348
3755,0.033899469504946315,0.007304584876199667,0.05848234525019163
3756,0.022198288667758304,0.033585294211371165,0.04017210851346548
3757,0.051706853270440396,0.04093019717238733,0.0012857185462187652
3758,0.02991024561052405,0.026271256395200327,0.021615955099985762
3759,0.08307327667187295,0.00784403279577412,0.030474661189930776
3760,0.033423948253566135,0.07713697026366258,0.0
3761,0.03307118096097737,0.06425895604326423,0.007810575500107765
3762,0.10018635830368894,0.03924677812575545,0.04004618398118802
3763,0.07654705141813711,0.009290696441559587,0.04832598286578329
3764,0.04243340495468839,0.0,0.03501840941328634
3765,0.050392155219125,0.03691562758426119,0.010252686854615918
3766,0.027701771218708492,0.02209875728235421,0.045542031513147375
3767,0.054668306503107444,0.04793131292713767,0.02286382774907214
3768,0.05730212178784855,0.024718009448393696,0.0425830733227966
3769,0.03902253294997119,0.03961003105605297,0.039739510213115344
3770,0.017440100055997373,0.020931331922086915,0.0
3771,0.025627534417397457,0.02997084677159527,0.011755026958448383
3772,0.03474461730517777,0.020451021092241003,0.02764886126667092
3773,0.04447409550123016,0.02545100850089844,0.043443521565071315
3774,0.0430243328384573,0.040441962251517784,0.0
3775,0.011884488480088037,0.014237701212544423,0.014554995704218207
3776,0.034459528235936884,0.0,0.09692265795562911
3777,0.026595147516952092,0.04149676273441385,0.05016282611520967
3778,0.027222925100149478,0.021306076509186016,0.035957390718950814
3779,0.001256765616077557,0.06753089393634397,0.026374360269259798
3780,0.04826791923537962,0.02331750673375604,0.028966057921186866
3781,0.008778307853794085,0.024556831809632,0.025766758673440807
3782,0.05590245029702428,0.051727979808577906,0.05854521624104481
3783,0.06106542311399455,0.01265753272785205,0.029944507136897298
3784,0.053596273810848326,0.05549754215509494,0.02254681414262439
3785,0.02474530114424357,0.03729108301322261,0.005376644396350397
3786,0.024102649593778207,0.04736061484461781,0.044709785694155756
3787,0.03671431037185538,0.0221461796604915,0.020364702899651175
3788,0.08931821752090201,0.02207389927960287,0.18744894273584378
3789,0.020261066170423853,0.0,0.0
3790,0.05002775893379934,0.040178022465374504,0.06679922142785649
3791,0.047329843890720195,0.043661868297908336,0.031050288261435438
3792,0.05013117896789593,0.0,0.03919932251965241
3793,0.026264238045819455,0.03316125918464228,0.03944105957828808
3794,0.012727419850432247,0.031082091226235398,0.020560632771554285
3795,0.03221006730000105,0.08747863891099297,0.02252243258872872
3796,0.036317370355498986,0.05233066995431865,0.042641079366195246
3797,0.03148660804444974,0.027693299650089234,0.02226104513975181
3798,0.05929667713233918,0.008131274565224509,0.048569434037807835
3799,0.04082481754509784,0.05398940360257129,0.017658638141395046
3800,0.04744284214592175,0.049438097247148566,0.02188626230987613
3801,0.033829402921735495,0.03100436419475291,0.03630773945001089
3802,0.044306193345485974,0.0677758177844631,0.026644852595640776
3803,0.012496176705965617,0.04390363946114617,0.038627272852670674
3804,0.009371465456669939,0.03592921035426225,0.0504379646097134
3805,0.03236664183794938,0.03253692801364621,0.027815686397673105
3806,0.030954278838636436,0.019434510745857277,0.018948267730987966
3807,0.0016535849088139959,0.08928680685287664,0.0
3808,0.01574834674932652,0.03860521280750225,0.04505471214205968
3809,0.04451703246549737,0.25071850045436617,0.056528995943065395
3810,0.04482098332600276,0.014601538699605163,0.04238766684391478
3811,0.06263943720448285,0.027643116418994255,0.045871003939127276
3812,0.014748477329633303,0.018051570614401224,0.022368680638240147
3813,0.0033397855098598653,0.04850004449133044,0.034867459390720716
3814,0.026765145188080288,0.01848389807750289,0.038495186449062836
3815,0.02540938714933445,0.0568030607564706,0.0482125549425225
3816,0.06450106104224872,0.012685062762818652,0.0520207492732109
3817,0.02519715851632542,0.04532483162582699,0.04992976825798501
3818,0.0477881960397814,0.06135105959598403,0.01905686161918897
3819,0.04729188052277026,0.05815437827944797,0.034515903937162744
3820,0.036111665296581115,0.02627627642240311,0.013625586543136068
3821,0.019397639482847864,0.026140281871381517,0.10645768529121134
3822,0.02947347735675183,0.03753102193081168,0.03465497559964477
3823,0.10231916020750192,0.033393643612674426,0.14050383737926952
3824,0.012124490691729195,0.05118355486078977,0.048996274968276125
3825,0.030944608958476876,0.05162853635319998,0.02715067849224703
3826,0.03394549508100379,0.017442112220720295,0.04478366735766424
3827,0.13751888431440507,0.013287002593347523,0.017105744469887788
3828,0.010684310153643434,0.06287778147533542,0.06246836937699502
3829,0.04846349860310799,0.0,0.030495909952677955
3830,0.02522041821399313,0.055161815890628685,0.019704648583858377
3831,0.05509143716662967,0.018573652225437852,0.04368430395268535
3832,0.05349569376288632,0.020103883549465126,0.0434036932420252
3833,0.022328818308358662,0.016514709829966553,0.06651646394844529
3834,0.0,0.02688280829818399,0.08870582279574935
3835,0.04524747780428722,0.032787909039489666,0.016024524436303946
3836,0.045945979703187624,0.07140570690017341,0.033060506541789464
3837,0.02191258332331043,0.033998514311180554,0.01572938697099548
3838,0.0,0.016239550073537515,0.1052342374134985
3839,0.018263603739766862,0.04398216008640187,0.0280494726074398
3840,0.07122576391490656,0.03356945690699986,0.017491680367492216
3841,0.0584512887079976,0.005646781388565512,0.06324487881677093
3842,0.026833116957173577,0.05451029085215601,0.006422074041702072
3843,0.008517454189700768,0.02552511905068958,0.05129497565534968
3844,0.0,0.03431804762103824,0.08599815439614841
3845,0.008272831200276155,0.053048328001868886,0.038978778155475596
3846,0.012054411962179554,0.03251461039599027,0.0007793709414070001
3847,0.05580485239764976,0.033896904732244236,0.030729578470288028
3848,0.032957427375653485,0.04807172378827954,0.05465721079074532
3849,0.008909896320691682,0.09393897681776396,0.07474274631820899
3850,0.05205097404927143,0.025525922259052855,0.019831417232784004
3851,0.04614207240589104,0.026044334945998126,0.02677293439103477
3852,0.035834575234332984,0.04441784187548414,0.02934822512434229
3853,0.0006153128338011911,0.008210354358867036,0.13562706845167344
3854,0.036387713148614755,0.04099363265072207,0.024219874385817065
3855,0.0,0.02057402418948781,0.1618076326753939
3856,0.032321146688815604,0.041598997877384754,0.016026646258200463
3857,0.06332723502560676,0.035801632833469,0.025052861591279958
3858,0.005242311054580307,0.0453565395044674,0.0
3859,0.031484723024501886,0.025709990889525223,0.052982499805120174
3860,0.0205181431013309,0.06292443260271027,0.05827715238045585
3861,0.06681162680766797,0.07928658998364906,0.022569368835619184
3862,0.04856291708775356,0.022529524933479095,0.029848392290306808
3863,0.03393631107432252,0.005815180411567367,0.014115354027092242
3864,0.02349676354216188,0.07291832032407948,0.0254142736288931
3865,0.021586623186178853,0.037407530395814605,0.0821678679293267
3866,0.03776673649669028,0.029468662803383252,0.05177306604417876
3867,0.013455484448572213,0.02696233085347535,0.028141579620405612
3868,0.04915405409917406,0.03999717042516158,0.026208652933451825
3869,0.029023942479104003,0.08901269685255997,0.06353614706001615
3870,0.021751311925648515,0.017189589728408443,0.10208576928236106
3871,0.05445776693469018,0.0,0.0627426612893667
3872,0.05329660771119952,0.04388983471353781,0.05079982782864742
3873,0.05974473462124652,0.01576225199785076,0.0
3874,0.09165121554392687,0.007857292250019082,0.01219072984394268
3875,0.10636479992288232,0.03489290959728824,0.08510967955682848
3876,0.0,0.04684934338176308,0.009171242542740515
3877,0.022265852030296695,0.026302829802260303,0.06364752907224051
3878,0.03691287062849899,0.05251166461318752,0.0010300909007828901
3879,0.049451757649673474,0.07476825322117295,0.02319418641632158
3880,0.012530794639766973,0.04357097301833814,0.03116834642879171
3881,0.0,0.03607111446303738,0.06611843372026871
3882,0.07873733293188771,0.0738467589534339,0.01924843445622386
3883,0.01927219765595086,0.03419546347370632,0.03566396244417867
3884,0.017494809816943516,0.05804804469752612,0.042895735755724806
3885,0.01706888225702427,0.033433886214855546,0.02509183282033729
3886,0.062025527205547826,0.040037424799400666,0.06785502725330379
3887,0.06169156352961472,0.06395716666907372,0.0014613370070416035
3888,0.0567083278791943,0.05449441084463741,0.027148043159250627
3889,0.058053110596453246,0.026683324163250893,0.03919355002611762
3890,0.034457497627581504,0.0348657203049246,0.02946443904400418
3891,0.010755720137632591,0.019344301654044063,0.01721273452998213
3892,0.06592964405438473,0.0,0.0414005925213274
3893,0.05837426712060074,0.025217878464272387,0.00032562747906076755
3894,0.048151144098116834,0.024444182351305643,0.01937990213946818
3895,0.023912007597300933,0.004393160432165477,0.052295881846008335
3896,0.04312209481769926,0.021637840599919234,0.0
3897,0.05251351828795903,0.021465101731522634,0.03232781356273589
3898,0.08600123378215299,0.040809131130998134,0.01857290493119954
3899,0.017192150939046257,0.06737852360918163,0.02723229465153515
3900,0.03206528112218782,0.04254467216471306,0.041003736432145
3901,0.046956877521789946,0.008323642674661597,0.03642413334604868
3902,0.033467874546802105,0.02471365234664449,0.07947079805445079
3903,0.028548643593893298,0.04680453857580213,0.04625393633015363
3904,0.023760751012506274,0.033491660656144416,0.024721471171621517
3905,0.03257545834038194,0.017317560635596675,0.021953522633187977
3906,0.0,0.04189200785791438,0.013907906915673294
3907,0.051459393551092684,0.04428506245689151,0.057150306821060516
3908,0.11351119846466119,0.0,0.0
3909,0.06792428107763337,0.07526030882684835,0.013865361721474317
3910,0.042173531494095494,0.0643789086156318,0.04303461146605364
3911,0.06565140032199514,0.03159605643720972,0.043123283453902754
3912,0.03978536032336318,0.0221846585382868,0.02767291305114193
3913,0.04101669635667211,0.021994878508438783,0.040506995550901696
3914,0.030642969771954628,0.03168088946278183,0.034455438743288255
3915,0.025476571890779537,0.030808675364575943,0.01758035975769454
3916,0.04930303531189173,0.028197247170151523,0.04270190285442235
3917,0.045234784823959956,0.04043343647046574,0.023310861893367958
3918,0.016545785711060797,0.04495234579533872,0.05391622947842382
3919,0.01126005880329981,0.03655239061939488,0.03544114506254865
3920,0.027748353525068686,0.006708402008396637,0.03884933949140202
3921,0.06864071907659015,0.008889683642360527,0.0066159740568800295
3922,0.03602487901963003,0.038297201756563655,0.03721021821778209
3923,0.021992931067218963,0.03851565032532373,0.010337455238455959
3924,0.09482990056761183,0.004692842206388275,0.016416744433362017
3925,0.05050409831343154,0.04125578139863765,0.04625220640671779
3926,0.02934357088125293,0.0,0.047412536301819005
3927,0.013351308925339138,0.011952492403774084,0.0
3928,0.028922163676971435,0.048214777152793396,0.04390986046852293
3929,0.025201494924924406,0.05744715945716023,0.043915676499787226
3930,0.04677103898216063,0.05714973198472984,0.0
3931,0.029394594049800323,0.03882320816097609,0.03235384585849474
3932,0.033441310981856175,0.0366843472532868,0.04344517902650624
3933,0.020312697472596838,0.032885599935576236,0.016494331642905074
3934,0.03312737286578649,0.030027877536123543,0.01229894858468004
3935,0.06730552964546488,0.04220543059742361,0.06559890084606503
3936,0.04214004192784624,0.01326847801739455,0.049802526009168596
3937,0.02944085769769596,0.024600129141255856,0.03913323724605831
3938,0.07113850232775143,0.019789610200518764,0.04266168362580276
3939,0.04795132977234338,0.015540281472785767,0.04696721205754308
3940,0.038725931055182856,0.04948958678420353,0.043316492300840594
3941,0.042635956277228854,0.02696503017447645,0.040955923276638
3942,0.030483807058943282,0.01987991894792543,0.03913779457711989
3943,0.06942586635190254,0.08393530825832132,0.0
3944,0.0025292511396647205,0.046467684062136826,0.0
3945,0.0544848607260664,0.05336052440990895,0.04649184738799363
3946,0.13041810738399948,0.0,0.025826850555420673
3947,0.004040832131644009,0.04122232180951097,0.03310633495274054
3948,0.033160886105402486,0.05103865458672743,0.03907725928366688
3949,0.04508419286372666,0.05798569488023499,0.011090263758388633
3950,0.02591095806251635,0.04057157792320076,0.043220522600016326
3951,0.023805243788624232,0.056023899617984985,0.03792892462305876
3952,0.07254601811919012,0.08505205637683336,0.016366090249599664
3953,0.03561964725019646,0.050937687068052136,0.004366252389624015
3954,0.009030502996195448,0.07719590927502892,0.04420097870830554
3955,0.0692882607716609,0.03926984000454016,0.0
3956,0.019476520511729965,0.03304260323371695,0.040973585161672973
3957,0.022082307242174647,0.025628442362121657,0.040981411139517296
3958,0.025395989715175427,0.0,0.03857647615670073
3959,0.06947651324346356,0.04652649386690291,0.031154352584546765
3960,0.03726964204530003,0.031067834913110715,0.02456815397233978
3961,0.0190138059180138,0.01811877589158531,0.030598376903239494
3962,0.06400724118015308,0.016469948437731044,0.0
3963,0.188572745240341,0.0,0.0
3964,0.03865082290126343,0.03539407102110411,0.057043218389749385
3965,0.03777568174450544,0.0,0.03281855992582715
3966,0.013508890960526128,0.04556324275400072,0.02391836334852271
3967,0.09848657825145317,0.04544547633292967,0.0967309845418622
3968,0.013036257034587807,0.0731699208409463,0.0
3969,0.03595296828434444,0.0736048444063928,0.013112958154569834
3970,0.05097550004445555,0.04676848139378485,0.0020365696755695883
3971,0.04172523324174237,0.026344239820505738,0.06452336851095722
3972,0.04406099309914285,0.02722761277918137,0.02324486985823948
3973,0.031182718546648155,0.01701002343679157,0.02803268218299973
3974,0.04351663144441633,0.018472901777985683,0.028972948048667835
3975,0.07006161726539574,0.0460768655988571,0.05743871981988028
3976,0.08327865008527273,0.005077866347036313,0.04762204155906312
3977,0.028965676568561246,0.03701587248507875,0.05110723247013421
3978,0.0,0.048625715717809805,0.03279068836691461
3979,0.03449896348842639,0.07699259092592366,0.08440394934911669
3980,0.05081408823238503,0.013538304375801754,0.0505419519015039
3981,0.07401220781479273,0.02518786733753413,0.05727147283878759
3982,0.06212035017994111,0.0,0.06474299259996491
3983,0.055048750915303174,0.0421654997561666,0.019291710410477902
3984,0.08255486876941268,0.02863903926261897,0.0
3985,0.0013512055096392972,0.013053905811264819,0.045269324059109106
3986,0.03483798220468761,0.03545464842494452,0.024873888408257088
3987,0.09859702440918564,0.040126182717063516,0.0
3988,0.03500393128717975,0.006132106357685564,0.0429501309780203
3989,0.0683869128756548,0.02182101051001532,0.015074958243361922
3990,0.05471866507646247,0.004044425062978173,0.04935776148435642
3991,0.007663197718361737,0.026237449913264512,0.039676518530008933
3992,0.0022603254801589986,0.009051094271204721,0.02052039819373211
3993,0.04806998051249194,0.013521669944162741,0.038368460460962976
3994,0.04317651456956611,0.014038349783525743,0.018120454462120166
3995,0.02069879860106213,0.053820865188014655,0.010420814801087058
3996,0.04535455444259231,0.0,0.04837671056053441
3997,0.04763646124549514,0.0,0.040180467481811206
3998,0.02606836058796665,0.019546436602578602,0.010197524673561812
3999,0.05816926632428896,0.04905878014328594,0.03412626992136227
4000,0.02008776988194597,0.03748778791546247,0.0
4001,0.027462340732357492,0.04672805987038984,0.011145251229995101
4002,0.0565362751787862,0.03469966280063055,0.06259804373817286
4003,0.060063077492289826,0.06204990334016256,0.02975460254704285
4004,0.010599402917505643,0.020567415456587034,0.061986122431750695
4005,0.03958604123844397,0.03758447659854553,0.0056998771647078185
4006,0.04609496617860961,0.07728351655648656,0.013589814165683379
4007,0.04433216783213053,0.014635026406906738,0.02871775506938501
4008,0.0392729891837955,0.022774749339961587,0.03707179049100412
4009,0.011595637853870633,0.017160684426032264,0.015593514451985917
4010,0.0,0.04878387836285073,0.04418075185896114
4011,0.0622932736406568,0.02790547948878228,0.049278075762424545
4012,0.03770138177376101,0.0,0.01086629791050657
4013,0.014909293175133224,0.018431107843229082,0.06574745357623214
4014,0.027335139639244246,0.04875924170839125,0.04349229510910963
4015,0.03840165720169974,0.0638715624499361,0.03882793117355395
4016,0.008569463613795365,0.06763630356683771,0.09492021109980565
4017,0.05658598550385827,0.041053743363584964,0.020205642897528343
4018,0.03630517357180157,0.03376811177695787,0.03602152344187003
4019,0.05569192679945437,0.0316071245295113,0.021793656965565632
4020,0.016906080553542563,0.029421138478082975,0.038976245567663874
4021,0.04314985991952828,0.037481404018082594,0.030284138443203042
4022,0.0,0.005791436687730675,0.007710990361582293
4023,0.013024167296838536,0.07237401839438692,0.026068964584203963
4024,0.002641602735699406,0.04191450977659294,0.0012677644761086525
4025,0.03306123104474111,0.0230608585913139,0.015970382621705838
4026,0.05915237603344229,0.004220297197069275,0.038011226169325264
4027,0.03209864467712521,0.041866130179056854,0.021305540929416528
4028,0.03559010949560778,0.02665329878717283,0.022670779775934385
4029,0.02859756492586527,0.0,0.030351778434600914
4030,0.036539332878316025,0.02828381601751659,0.017125023177447452
4031,0.026126899063341247,0.015191192961107545,0.0
4032,0.022400173807858848,0.02783421542582674,0.045041650054194915
4033,0.002390310565007603,0.0021284102799406165,0.02240634138532565
4034,0.03544933268472284,0.041808610016336255,0.0
4035,0.09436679232867752,0.03650568279714215,0.0
4036,0.03470224597321205,0.02004359134292336,0.04525494043863818
4037,0.019349868107273946,0.061217083142323214,0.0
4038,0.02221397651623496,0.066612137502852,0.014023309830998414
4039,0.03229052119508857,0.024583041209129686,0.04762504571766168
4040,0.06265625141384983,0.04190700965924734,0.0034264251528730353
4041,0.01529175801779832,0.04081840367359966,0.04591753329943609
4042,0.14889049010861918,0.016461890377581292,0.007779279499538234
4043,0.021359549262183735,0.025790466931546793,0.030473736312413274
4044,0.026664326214668795,0.06582849726949272,0.0
4045,0.02583371117123481,0.040221238644403835,0.0030749618287070207
4046,0.040336627916957184,0.03675014879598463,0.05582857132944946
4047,0.04385091874328149,0.04888826843852501,0.043235974486931596
4048,0.02778185165441084,0.01454896488764405,0.008606379663309394
4049,0.02633390813452934,0.03637663426227597,0.02342208290173173
4050,0.029323936846153083,0.11603720200442152,0.013891759239123114
4051,0.04551522511800046,0.04040595197430177,0.037048054240339495
4052,0.056676775515606986,0.07098088359466061,0.007612666983698113
4053,0.02342006115214425,0.01271524198530104,0.07590099749098674
4054,0.028938246939105725,0.018992210378515242,0.0
4055,0.04686736213664075,0.0643331917053293,0.007621347633691756
4056,0.03917106139857248,0.06695371790776956,0.02617396214116715
4057,0.02206771689692749,0.026382072023048094,0.0
4058,0.05449628987000921,0.022547565664135055,0.05197899721254171
4059,0.031269270604045094,0.0,0.06886983005513277
4060,0.09080505489142496,0.0,0.016797707899838227
4061,0.1331100951780351,0.0,0.023818551324045062
4062,0.017575202073792692,0.02607856007945548,0.040152061626190505
4063,0.0720048633041976,0.051202268653080335,0.0256562746823168
4064,0.03735939244082793,0.037052951504594984,0.04579550687915306
4065,0.0004148001224374698,0.06013673446718339,0.01616121312674061
4066,0.036910023557399495,0.022560945699693653,0.019836344212637552
4067,0.004281182553650569,0.0380842605127402,0.025898564232551075
4068,0.05785135739716204,0.023742285390855097,0.05103840524002256
4069,0.022470342151013994,0.04199905364241987,0.002780805218064388
4070,0.0308697349525373,0.056662583460953375,0.0
4071,0.032329738116553514,0.054319517714992216,0.04611396009721975
4072,0.022518518338070836,0.02871114373986086,0.036536230791669
4073,0.16016625496540227,0.01527571894263146,0.0
4074,0.05824643037700811,0.066181730950817,0.025192520417477486
4075,0.12031551939537001,0.0,0.008187485615318605
4076,0.04861176558349386,0.036991743444957086,0.03048080202068461
4077,0.007471849661093405,0.025513941020228012,0.04388779243253152
4078,0.05990557705446894,0.07197635736987341,0.031071311244969556
4079,0.02695626575077737,0.04763259986819626,0.0
4080,0.03790282297125907,0.029604512237119143,0.027639533597730668
4081,0.02118344603372449,0.025999110936268572,0.0360398457559835
4082,0.07549310669124684,0.0,0.05713388130750134
4083,0.050714268713196474,0.021155986913193717,0.02128536519303753
4084,0.028215736396756626,0.030759810917769345,0.0
4085,0.03360237453285453,0.039371282762498766,0.03426781237832032
4086,0.012017129068969104,0.041960078519036124,0.04275117478501156
4087,0.040842195338452784,0.05362407724783853,0.0
4088,0.01881380258933317,0.0,0.04802569224193385
4089,0.0450913633598714,0.03445701810043178,0.020637655845939656
4090,0.0,0.030226026513482745,0.05779111323573779
4091,0.03184140285483935,0.02411072299612213,0.00243125715158532
4092,0.026788077618375063,0.034723867680055816,0.06121802282303798
4093,0.012769079443225714,0.01267971782322666,0.03852841903064738
4094,0.04621967497089633,0.047521156219670437,0.05103339453670486
4095,0.0049795357667927614,0.002928906280215767,0.05007008640309479
4096,0.03377563484700132,0.006374702108546649,0.030078416759590873
4097,0.06404780293390898,0.0012422242672338463,0.0
4098,0.03759609894221859,0.0266600473781758,0.020042705221040485
4099,0.028344046530429216,0.026013074730842627,0.046564672415849676
4100,0.022462895005241987,0.043223180784677837,0.08358956776620166
4101,0.007568682129427383,0.025530749705019104,0.06091518093024755
4102,0.014785442992374095,0.0,0.027158933144242767
4103,0.06842197466054134,0.025328854577826715,0.023213093527751968
4104,0.04875926146788143,0.04923108893709183,0.04216979016825249
4105,0.016094956959419083,0.03694572755634832,0.04415274525963597
4106,0.0,0.036234362797782194,0.07066191481200684
4107,0.08572136879949112,0.0,0.017473878936973795
4108,0.03671546112560075,0.051200623416311736,0.02637021878605102
4109,0.04717664858173622,0.049564406298368335,0.031834412042024876
4110,0.04608533811717824,0.09727297885965823,0.08681961437926138
4111,0.019575393745944816,0.0037797096049151406,0.073812554749644
4112,0.019326376291795146,0.019416949061622085,0.025318070916732365
4113,0.06560589305152581,0.060912587190023425,0.027305892880142617
4114,0.07396279914745252,0.04463759936867978,0.03777242076965206
4115,0.0228783492877068,0.06143043486906842,0.042653542701989317
4116,0.0432637254506209,0.03848978065679204,0.006090017366618951
4117,0.014511556123430074,0.012569498635048228,0.0
4118,0.037654684576398915,0.060728051477651486,0.06430005842242528
4119,0.04832788713748107,0.027151284882225096,0.06597693435635706
4120,0.003687503267202528,0.05583958424089538,0.04230034935888646
4121,0.0,0.025416372836614038,0.022062016334396074
4122,0.02641072107188949,0.028386847513081594,0.04394136240457177
4123,0.0015779540213060328,0.017615548668904284,0.05971361837003728
4124,0.05009994783272196,0.08165368483542612,0.020121933569194336
4125,0.06969289594249439,0.0,0.08390163459995911
4126,0.026468660782598182,0.0737290309831346,0.009008330303071356
4127,0.01414738596099526,0.03520590266574663,0.033090833093482305
4128,0.031644207432883764,0.10537801667837442,0.024221008130789493
4129,0.017857257755608993,0.03612318684507627,0.0
4130,0.03670604179831498,0.029273334019536086,0.04909457082941788
4131,0.05525521361920318,0.006517450981882121,0.0010547565790697266
4132,0.039658126465521,0.06433233832207487,0.03144629011722021
4133,0.0408576318914714,0.049097062778163,0.0442447167492128
4134,0.01898938723585476,0.048218198405771046,0.028412239864717418
4135,0.02573390721021976,0.02773715118750243,0.018089291972052318
4136,0.028469417566003154,0.03354825830668626,0.026668564283334254
4137,0.08142546715629773,0.0020537990059806346,0.03682405529804762
4138,0.012907786009226853,0.024333568164250557,0.0
4139,0.046445564389575165,0.021341890789815392,0.02785251278225385
4140,0.03216993468360747,0.0,0.06877350011318929
4141,0.0380257457112436,0.01691970393565977,0.048249792297313965
4142,0.011388857500890864,0.0585868543400302,0.038100372242372345
4143,0.025964498270180037,0.03769224747447889,0.029485227686452713
4144,0.059459446908471075,0.005094015186965011,0.034707772360518814
4145,0.025539011215444232,0.04005290615001653,0.022195481628058403
4146,0.035138305989007,0.021242559075012296,0.04980417373607374
4147,0.01222785947446201,0.04368072870182524,0.037792439425483555
4148,0.05976549333636976,0.021279191460200342,0.05237260304228646
4149,0.055276340100362066,0.0677449925009204,0.013268724539423219
4150,0.010970858719248008,0.12277821878721318,0.01695490774068866
4151,0.024311297612050656,0.010440981940447167,0.044647314018645023
4152,0.04150064779420157,0.02463776388871912,0.0482392257804632
4153,0.038609973920831146,0.04724751998319143,0.04882038512014241
4154,0.02548514056781735,0.05292168265944056,0.03358283725489988
4155,0.04644791940533526,0.017221941667869615,0.027431698569022753
4156,0.0,0.04755419341678026,0.04279074476973685
4157,0.06892767504953709,0.027310631943586863,0.027931973702019452
4158,0.020100802850833807,0.05160183163203519,0.04294302820465509
4159,0.03927499861854055,0.03712656929229494,0.029108487275463737
4160,0.032563985092016405,0.017308748190585446,0.049597687167339866
4161,0.14391953765911783,0.0,0.029634928326656637
4162,0.0146985629667886,0.05808911637694242,0.023295956124274545
4163,0.008765507225081548,0.04222872864877044,0.018281674766173345
4164,0.0801632904357045,0.029938546430691403,0.0
4165,0.015092794318044993,0.056430086334576926,0.0
4166,0.046691089960218105,0.07577755973070871,0.0
4167,0.03319237965009122,0.034524406746851824,0.037415791211954534
4168,0.03271715091356668,0.02360614453828845,0.07242394693821862
4169,0.04656469618206505,0.050354725284420455,0.02941435864949905
4170,0.038447634432542406,0.010237836936097339,0.02159550738062886
4171,0.05186462691214611,0.028593378479068843,0.049051029801492535
4172,0.050321364151818,0.04879301753408958,0.057005314758951396
4173,0.03880012518608256,0.03808596400554295,0.00951429246384746
4174,0.03121144596873439,0.057570087802473746,0.046769693761597064
4175,0.07960233773710974,0.0,0.031567814798050764
4176,0.03546656280441756,0.02427477803412162,0.02850920558448546
4177,0.03849531663155987,0.038275997122307025,0.042746067253676606
4178,0.007189556673335514,0.18270109455181177,0.008039861449030503
4179,0.0,0.0,0.06966258755467167
4180,0.07516229076426922,0.03923804535222533,0.018653914669843414
4181,0.07274003690911196,0.050096007337215795,0.0
4182,0.040899978962190324,0.01688257994052306,0.028990185409451762
4183,0.061851319893805295,0.0,0.11460032461491795
4184,0.06050809807939206,0.02903329169106863,0.0951798224015389
4185,0.04522438648531213,0.025576120772241088,0.016643383585507536
4186,0.029210397622244977,0.02775728479433461,0.043540363633259214
4187,0.04576700774077247,0.021079244220875117,0.05138150584823812
4188,0.02862875073424037,0.03575815218794916,0.04558837952689621
4189,0.0227076815880894,0.013306090871287589,0.029302661710775484
4190,0.05933711328607488,0.04144373315678781,0.0
4191,0.1202681307618126,0.016816775434183417,0.0148079778011334
4192,0.037325128712734926,0.02977523012936992,0.04266186618831341
4193,0.03844997443868117,0.16761952497006505,0.008162672281642176
4194,0.0678246106045127,0.0,0.013951004851290047
4195,0.03422862665794794,0.027278457159981714,0.03516918456096919
4196,0.035279376291076255,0.057144962174524604,0.04445227631423584
4197,0.0037206035767898262,0.012337727668443719,0.089901473196495
4198,0.01793147012991112,0.0203976491059112,0.04642439420908678
4199,0.045819326400027505,0.04785182301071708,0.03701214188026709
4200,0.01236597629066262,0.08038205287139875,0.0
4201,0.035794791988943135,0.03217871805227186,0.042308654113234444
4202,0.0057593570474547134,0.02808979712014274,0.02499719737192212
4203,0.052398052042111405,0.012181352355581786,0.012465473624306743
4204,0.021655110517192808,0.03857277871441341,0.055640792568938426
4205,0.08165540420316723,0.04373476494630485,0.01839327481826699
4206,0.014098219748931988,0.015570239103591892,0.03125517774167299
4207,0.04756529727708669,0.04817665780752611,0.025811126450861966
4208,0.0,0.07426435030415732,0.024593347930985804
4209,0.028375497902930206,0.031765601051612226,0.03776416903692135
4210,0.03792544730175228,0.022277482760742845,0.03138527623659177
4211,0.03946389038952553,0.04462892126981906,0.0
4212,0.034998225803008653,0.03233057235263068,0.02724718311094092
4213,0.04757738622418269,0.057171285742874056,0.052223815881175306
4214,0.04304216465551199,0.042394514735298615,0.047265915018114814
4215,0.058396147390167547,0.02220825142390191,0.056347256080692014
4216,0.0741487891948009,0.029095822741195067,0.04718819524265156
4217,0.03220961558289694,0.005865341420713853,0.035756450136893485
4218,0.06526486937067955,0.031081558299466818,0.0
4219,0.0682777504440374,0.0,0.04998550421354976
4220,0.016418103467123742,0.043275022095914446,0.017317202945166133
4221,0.03253371483873884,0.024795175408510037,0.0434530345884215
4222,0.09709823741582074,0.02383101917341215,0.0
4223,0.015345754907695911,0.0,0.04028928800583716
4224,0.028857180535178658,0.025362292007351028,0.051276674436157375
4225,0.05836097212189642,0.009118455246604323,0.055815433122513525
4226,0.02753530881896586,0.06118456692567028,0.038929422565604326
4227,0.06995264284269298,0.02607268479130044,0.0
4228,0.031759448258818185,0.019828600748549908,0.03551448340038063
4229,0.038143062712976857,0.019824796103323866,0.052100650530060265
4230,0.020482352338164284,0.04536409110396813,0.01827519801668627
4231,0.0,0.06236326607795318,0.04108482281533726
4232,0.0,0.044087339579320955,0.04706344043118982
4233,0.06219523977223588,0.02402453485196262,0.07246721339387432
4234,0.016234083449435884,0.0471513533428722,0.02235228702092024
4235,0.052806439451737075,0.0,0.06536749818132545
4236,0.02498840084923361,0.04442349834127543,0.04312439011254074
4237,0.015397067694534451,0.01918886209390097,0.0018956970666706198
4238,0.00854471161117449,0.0,0.03088669624930847
4239,0.05878443079852835,0.05694867948150359,0.0
4240,0.00181455412025186,0.03562156410004591,0.01568039147865183
4241,0.08257658723299488,0.03669522144838519,0.06538183257129353
4242,0.05706714895190318,0.008325852312334238,0.0509107513278093
4243,0.08354361034514932,0.03299274387952279,0.06039001251231571
4244,0.03959265947770252,0.06730240208687997,0.031494401889687294
4245,0.18653907690616164,0.0,0.0
4246,0.048746936367152834,0.05132712754452328,0.0482770477251055
4247,0.029986491204357497,0.055823098517808555,0.030861603807920846
4248,0.03332417580247469,0.047107653196691246,0.0390755302532854
4249,0.05964135581640315,0.046602848081453374,0.02769719750831739
4250,0.028167622080807756,0.0295941915423869,0.032309834211774545
4251,0.024729642588181524,0.014038591883671838,0.03699833606453192
4252,0.021666549174192543,0.04218399875009606,0.01595186967025804
4253,0.023398448979428044,0.02193350587488241,0.029983927643501176
4254,0.038172187731583866,0.00821616464281274,0.05517934108013495
4255,0.013492967303612163,0.01582428274485362,0.0647860409236224
4256,0.05509322885222179,0.03111990037276322,0.04401571218176097
4257,0.03404337868916527,0.03889506911341041,0.02646069921834797
4258,0.04281860912190579,0.020035513490743655,0.008797453735776511
4259,0.035066717191186474,0.04862867319651799,0.0
4260,0.08781612386113127,0.015477251695906115,0.03397166340588419
4261,0.08202348080707711,0.027120531177779232,0.06398431124172807
4262,0.039944573528890144,0.04961601791156212,0.018474526462609383
4263,0.05883991920497156,0.027132313355273305,0.04849286550324392
4264,0.03256554259043212,0.04625396351290965,0.02818179634183512
4265,0.05366127416458449,0.0,0.04098247689125965
4266,0.04619602506860163,0.009040287754188766,0.03546480795165218
4267,0.014714460416401521,0.060555554172965965,0.027740980274468766
4268,0.015903153127024047,0.03915066101299011,0.02355801702843764
4269,0.043054562521491146,0.013950843616150834,0.005898198495957167
4270,0.02159113028369335,0.02222747031051588,0.055147776344632665
4271,0.03804348016926778,0.021082468113161557,0.011960537321605883
4272,0.04770868070752101,0.0436876897435097,0.038062216866915806
4273,0.02408428336767825,0.02068742987911771,0.03386193894030123
4274,0.055019861528207224,0.018290753947523455,0.006178121394090727
4275,0.09765335207657677,0.04264685930730953,0.0
4276,0.02099142639641154,0.021481000840043295,0.03236267426146428
4277,0.033572356418607924,0.01686920761116008,0.008124559317773028
4278,0.04670074551378039,0.030333621277318496,0.042318111745518326
4279,0.014040668178920676,0.049384789903475036,0.047047477584063496
4280,0.02665442807544614,0.038351290818386174,0.02857727596229719
4281,0.02132063407674611,0.06220879247163884,0.0
4282,0.028488804697408204,0.0480543787394126,0.042429432719347814
4283,0.01845054111791513,0.017973763886586145,0.033233412487628
4284,0.06223408456655201,0.0,0.06338932199310149
4285,0.03931890900342356,0.0477974916426201,0.050991305893191174
4286,0.04298538972514865,0.018020933517815103,0.012194879562142297
4287,0.045868024011674925,0.03640156071799389,0.012947750111727599
4288,0.02643464896706453,0.024450918568666675,0.022264566658049528
4289,0.023773598967315318,0.03525657626554815,0.026980385346028618
4290,0.041977197514657706,0.028303365385831045,0.03142764293387163
4291,0.04838880566336853,0.009009494707725232,0.04407414418480745
4292,0.005448940581643534,0.027117671586874104,0.030204558527855394
4293,0.049195888181380876,0.03756434726058212,0.0
4294,0.06395972410150808,0.06436209101729352,0.013843754388891587
4295,0.025712203967476893,0.04037913111122291,0.04256136610128256
4296,0.03436443504402705,0.04023813116578716,0.009341540762859668
4297,0.0658740984343788,0.0354088367121324,0.050463085159188244
4298,0.04668812055683024,0.020973137458608255,0.039487923271574674
4299,0.05812811799220509,0.061975504249247845,0.01539873752874313
4300,0.02125992906825566,0.04112115451312204,0.0
4301,0.05329955772582198,0.06559941772586725,0.02209286116089034
4302,0.07195125832611927,0.016554086160026907,0.0939980268799611
4303,0.037518131944291246,0.03809809188769423,0.07636846490134795
4304,0.025593394007854518,0.03618426045659595,0.08327685892641375
4305,0.019691576161740547,0.04075181236088465,0.045863727185967734
4306,0.01975311294150593,0.0342699644437956,0.04665158061167516
4307,0.026188244639917098,0.12249227479184975,0.03430913548336148
4308,0.035749654435991214,0.016985863835802778,0.012867363759877452
4309,0.09434501326895087,0.006816863085041076,0.0
4310,0.09349979064345872,0.030957749651091437,0.017127640177224897
4311,0.054108561397102524,0.05007643191659086,0.03134095581849458
4312,0.09198599474999172,0.060030337193257274,0.0
4313,0.051919067545308104,0.0006580965424657255,0.0812680587754824
4314,0.03515748363880867,0.030951271235728276,0.011842690143218879
4315,0.06928695298476138,0.0569693108576649,0.004488337427107136
4316,0.02347484927453466,0.034407579321622625,0.012879018763098117
4317,0.02020978652298862,0.08339024039223568,0.03538068527431655
4318,0.06810346928601298,0.07117044841165154,0.03183038610234215
4319,0.047946051572174936,0.03118481653807886,0.01740776980687439
4320,0.0938234500930586,0.022261985771138807,0.08660337920303636
4321,0.023700872003874385,0.03590384542896882,0.16969460104384854
4322,0.02066048016076814,0.05363769739338087,0.03481315696603752
4323,0.016806500187860257,0.006314185949748252,0.037601672312115864
4324,0.03243312151964811,0.0,0.06273259932645939
4325,0.03701365117262879,0.006938811685121772,0.04081196869340785
4326,0.008702580049698155,0.007900399212111617,0.04580286959035656
4327,0.05565035249517542,0.007074536681448217,0.027627528676998477
4328,0.06318874057015166,0.051151453682604944,0.09783071274009134
4329,0.02897041365142261,0.03966820562305536,0.04993138508035958
4330,0.028633304856656584,0.0457192389215306,0.058567899862786515
4331,0.020802892450248977,0.060401949748671996,0.03189359464382701
4332,0.051906730409108225,0.032380307155725506,0.005179972742741887
4333,0.05968179284936109,0.03445926999022381,0.046597765606955215
4334,0.0438382714655229,0.0,0.056770641886928215
4335,0.07021544043254849,0.027793303998101346,0.020779701769797158
4336,0.055148132317686886,0.036584489089240446,0.04912233839456936
4337,0.06774492370387443,0.037600061540471096,0.05257285453232339
4338,0.023490599566539785,0.0,0.04264988026554591
4339,0.04522105139121126,0.0,0.04432443872571826
4340,0.04604995391111521,0.0,0.08092287623055788
4341,0.048432521837175155,0.06836716900756226,0.0
4342,0.05575232567940053,0.022076199781207697,0.03550204138558755
4343,0.0,0.04763880180422703,0.03191929466666244
4344,0.03246981441983796,0.08077766553210917,0.04056431166344939
4345,0.05093192215462753,0.05920904097079985,0.04247350330179792
4346,0.01816218301960634,0.05831093911244151,0.029043036652841428
4347,0.028868477803926335,0.03788535755619581,0.020108722671988544
4348,0.029799710840747066,0.02817604928599803,0.03209664103381183
4349,0.043324838321801507,0.019901219855173152,0.029633688456066686
4350,0.023385510115228964,0.04656926637713459,0.01860737776194764
4351,0.023321509940133725,0.10150963293451658,0.011636412084559934
4352,0.03970970515419265,0.004634629975195204,0.043189487618178674
4353,0.0357025420890913,0.02395422391185549,0.016015463917937817
4354,0.04647738706865825,0.060881649444588494,0.03022934804557682
4355,0.07978099286085702,0.040188693277255744,0.03524046376768189
4356,0.056403213453456454,0.02628845090263386,0.0
4357,0.07527006290051423,0.08195440692328923,0.0207742600033312
4358,0.07320809273537703,0.01965449321203755,0.045534955920499005
4359,0.017697006865588512,0.06925695933057785,0.008606312729334521
4360,0.020833543986913238,0.02637794204553696,0.03663693418485178
4361,0.028631398927957383,0.040707340153702344,0.06342326026158697
4362,0.026580866040824783,0.002008598800300951,0.07407133184585601
4363,0.021859269920826346,0.01850529776959975,0.007104231740053951
4364,0.02062505445304359,0.047190895815690144,0.028036059647343566
4365,0.0629016134291965,0.0,0.05635850243134376
4366,0.03751455663877706,0.04003825509178956,0.026215620915010434
4367,0.06294272636042036,0.016031696112043844,0.036604025971975145
4368,0.055296895606701923,0.01701885415280756,0.016798898255656936
4369,0.025260888807693137,0.0,0.0773138321709885
4370,0.03825433856510988,0.0244646495400683,0.030154097617134418
4371,0.025817997119281674,0.044488667875551315,0.07081245328798928
4372,0.0238859687130405,0.03942573513623566,0.03354316751593967
4373,0.005122834568694816,0.0,0.04300592579046902
4374,0.05855497150125141,0.04208816244225544,0.02756601384974317
4375,0.045438238544436384,0.046825754948257504,0.07418939106430988
4376,0.04710285017802176,0.02520784978921672,0.040161564647958635
4377,0.052469295688246854,0.0,0.06115251330816833
4378,0.0,0.012511305725475595,0.05801426124737178
4379,0.0528588054435905,0.022641122146564285,0.02798993486496264
4380,0.02862885912292303,0.04517606547387562,0.0
4381,0.025735566798807865,0.0979329714770082,0.05642496555813101
4382,0.030399601120649808,0.046369813108766776,0.024679770025026578
4383,0.036908795290379375,0.0258245468085349,0.03557110804147164
4384,0.0,0.04827380138815377,0.038971628796479835
4385,0.05837274787938318,0.0565345739521208,0.01899700219116028
4386,0.01852322274199936,0.053894033785012875,0.0
4387,0.04897622233042581,0.00944619042499624,0.03698156912056263
4388,0.04214299696419844,0.03547379618974455,0.04754715901948281
4389,0.01866462535253746,0.06625414769987874,0.0
4390,0.1051942398459188,0.06147677927746512,0.02055728201435164
4391,0.0661965900646166,0.021829813040399253,0.025810430116145394
4392,0.030981283623529015,0.030890993818106484,0.04940125058257186
4393,0.0056093685879857235,0.024271183263973598,0.010802058731059544
4394,0.0733502354860406,0.0,0.05214242520377812
4395,0.030935164153243905,0.012142272720061992,0.02323333185899285
4396,0.04713589993390921,0.03148798168125451,0.027849960791157813
4397,0.019092181562458333,0.08556703317825293,0.0284250615178544
4398,0.0,0.031760363733072366,0.022540232258122694
4399,0.03985949124845838,0.05190915680805388,0.0
4400,0.04795215878803328,0.042602299823181984,0.015626477387949783
4401,0.090368970486911,0.08206792718848852,0.0
4402,0.03498952017129464,0.06278248367706682,0.02991195433585646
4403,0.0653499529117222,0.04197635510619082,0.0486328489156082
4404,0.04209410123229026,0.03659592459293851,0.05929153383218048
4405,0.04480875140562643,0.026068674308802553,0.0244197606241993
4406,0.02070447610609651,0.02242550135480599,0.023301049559003403
4407,0.010418529964788864,0.040671140441562385,0.03705032928480753
4408,0.017588265872058716,0.04153647841765941,0.03922835599329049
4409,0.038181261686429685,0.026309080817457028,0.04290222873029958
4410,0.030170923290535168,0.05655569740681676,0.0203929223232726
4411,0.005757357088853318,0.05998097494516187,0.01096636338132112
4412,0.019263209039386147,0.035139499137728035,0.026575955939583968
4413,0.033595475312325804,0.045281501561000276,0.04109097222470376
4414,0.024297806355451774,0.050073063435397254,0.02317696390226831
4415,0.0687093717620662,0.04472968375833336,0.016305878622891186
4416,0.04519421559304969,0.05411866341629776,0.049372800419026704
4417,0.02256782918597645,0.030713804878978918,0.00726618597636237
4418,0.01641157716377066,0.014403525653297793,0.019184481717046717
4419,0.03670560761368651,0.07689624992598884,0.009296073245080796
4420,0.048515682859821954,0.091172340358016,0.016062945708563748
4421,0.026787493301784763,0.03851305863755703,0.03605628969277828
4422,0.02694786238204104,0.03426117090071823,0.014507291865603253
4423,0.030436231668855045,0.0343699598930017,0.0
4424,0.038876939773652384,0.05444861553602673,0.05239526326313347
4425,0.021852540497231773,0.0288922897818571,0.04394290057735193
4426,0.014789453418969823,0.027921651288745436,0.019710593800815024
4427,0.08566149573510734,0.12948964092609622,0.03984564641843573
4428,0.007502347812724117,0.0,0.06553599394470828
4429,0.14777860071527754,0.09092626538972069,0.024409729160013133
4430,0.010155602826979448,0.0013226473120891054,0.03407552760892634
4431,0.07795460170823307,0.021542226340687476,0.005794604865855188
4432,0.057883678978276905,0.03313009088802901,0.025897655239837548
4433,0.0007382515117539887,0.0324573159877552,0.017569678851992617
4434,0.027970014731157653,0.03746410882424799,0.040862801833822536
4435,0.04442832592854049,0.0036257641346908267,0.02087709981206391
4436,0.037148149024293725,2.8303246823485617e-05,0.056237931920438355
4437,0.05326416017859891,0.030229671659689854,0.05497578505266452
4438,0.025545311748554216,0.03418004132129801,0.04477513019123245
4439,0.03366537003635084,0.019452782856373627,0.0
4440,0.06123286317623045,0.03488148327360342,0.03564704290006519
4441,0.03012235344000902,0.02351030139968748,0.047878880843608806
4442,0.02053482134929014,0.021098178366824483,0.037396898762950756
4443,0.02438384694094811,0.03231186346909559,0.01328436315077204
4444,0.046791530198539634,0.035817273730664505,0.016159960740558244
4445,0.03575034763552645,0.0416088576753796,0.02626741244301105
4446,0.055826296311931534,0.04827457666024923,0.04553381985478954
4447,0.04957471867343918,0.015615282139954853,0.046632630338375204
4448,0.06417269958630414,0.009040615952936976,0.019993523278419214
4449,0.019378911130960057,0.047863275979261356,0.030812852864517404
4450,0.023638266741762465,0.012957728309245839,0.01967847981173258
4451,0.0,0.06487163297830001,0.09230951065837009
4452,0.04108441219960596,0.052469238660769135,0.02369522172262489
4453,0.06617626370834777,0.09153157418820312,0.0
4454,0.05228102446593045,0.027327321646694686,0.035206149590810996
4455,0.08707141930876433,0.012357855282410395,0.04335773695442398
4456,0.01812428323397682,0.005380654832153641,0.04652872171142675
4457,0.04959710887743288,0.027610725205413425,0.010710607893040916
4458,0.03134839177720011,0.03626483080967117,0.0783551227582086
4459,0.04761638340897964,0.03268879382644651,0.03721623704927019
4460,0.045473021237019164,0.036540326350080365,0.048025241467647715
4461,0.05356482980970748,0.030398246878375033,0.026025733047754834
4462,0.059476465134161334,0.03677433896948996,0.024907859236334994
4463,0.021603653807970743,0.01678348558649593,0.08507566892792548
4464,0.00421085343492895,0.04143691396152561,0.03817629757813437
4465,0.008709923148553698,0.08685497124454022,0.0383353799783002
4466,0.06316831510597173,0.0,0.08180509034557887
4467,0.05909352934841308,0.03391848549125363,0.02133576069019691
4468,0.03992530356823662,0.039706584990439255,0.052725539112132604
4469,0.044316483621210045,0.049027038991321104,0.043916990259920206
4470,0.026874655869888953,0.038423140583894184,0.03730384141008007
4471,0.03539327964364277,0.031213449146897637,0.03566742333661468
4472,0.0648845090453993,0.017924821147845243,0.0115970043138887
4473,0.044906412624090626,0.04374910143119287,0.026953033244674195
4474,0.032882021138511144,0.0315037592328592,0.01931410793324125
4475,0.025535247657039215,0.037830596990036616,0.02320126232533218
4476,0.05968568072711103,0.07510406365150162,0.057135207324182334
4477,0.07386035601677533,0.043786816048104464,0.08650708575529403
4478,0.06585354099954324,0.030926101481185037,0.045476181016231576
4479,0.012575384319115868,0.04126038913502283,0.030506793844423966
4480,0.018509888312053184,8.128000060780849e-06,0.05234821632789135
4481,0.05539080947788474,0.006681970071618516,0.04897233698814777
4482,0.027908836139745836,0.03016115334326123,0.07031767567436194
4483,0.030516926197878557,0.031045568661569434,0.029200232389440722
4484,0.0,0.0,0.03782876182893027
4485,0.043858295098114584,0.037819851687217576,0.03112560469919976
4486,0.02221982766587562,0.05408161841350421,0.03408164538873935
4487,0.06158000028979299,0.0,0.027107926583861283
4488,0.012568654139872015,0.012205628705803792,0.03018816161027499
4489,0.050638122042093614,0.06130921542168991,0.049403950507863205
4490,0.016462907713940548,0.03425327954074562,0.034246844958402356
4491,0.04381119986218335,0.0298298110447151,0.017411164583419528
4492,0.051854458570171416,0.006553257345114083,0.02050697123378678
4493,0.030352688754853887,0.012724895349559734,0.05091941249137754
4494,0.06344816309464979,0.04163587892589725,0.04521544634682825
4495,0.03671487106987686,0.025208018557637147,0.08180336295768233
4496,0.06365598653722283,0.03981768108484011,0.033501217715254016
4497,0.027433181001429302,0.04176101986802269,0.04117573585704272
4498,0.09377482429907809,0.10408627502654899,0.0
4499,0.02085285592024994,0.006223926756952015,0.03933219971936148
4500,0.0,0.03571729811519896,0.05800638691450224
4501,0.022652874711847383,0.026097791493130025,0.025829745055406993
4502,0.0036746529449164997,0.01381194425628255,0.028968087611884078
4503,0.053409417837907223,0.03318774540239621,0.02122652578946844
4504,0.04223949081860654,0.040448933196612184,0.04635746452621245
4505,0.0444795619166671,0.0301085400481115,0.037664728897453814
4506,0.03812334011056433,0.04190140205961199,0.02818412813481937
4507,0.08005496851246635,0.05560834293165861,0.016019923141465456
4508,0.08496128704036152,0.011947756833823958,0.10135877006620818
4509,0.019789358870634616,0.022119015353581475,0.0020247784209231853
4510,0.04642371654609694,0.020229729213277415,0.032465324594095166
4511,0.034072814143046866,0.06492233572365498,0.025417244886358673
4512,0.024651981728128543,0.010216235606605192,0.05608633810906425
4513,0.037896560846280916,0.028420866612771583,0.011286444877579455
4514,0.06417298188400843,0.0288677841068203,0.010502886127089614
4515,0.039968827744880274,0.025288426387258166,0.053929864199581345
4516,0.07427282784486545,0.03066658495823919,0.02973133617190736
4517,0.01542645083376204,0.03521187452993909,0.017765137533771465
4518,0.07648032158343951,0.03435302695129272,0.0
4519,0.025968393181771538,0.060105362620693346,0.0320716187386721
4520,0.03173971304334396,0.02547851792710572,0.039994893590508396
4521,0.04785178997803905,0.0,0.036927692374752845
4522,0.08394256724289131,0.09802894027574977,0.035656674929534185
4523,0.031223004630729592,0.0479871421964163,0.027778076167617335
4524,0.04531167262035368,0.0627148577070311,0.03220372398248018
4525,0.002810332637053626,0.04253986556590936,0.03818081148731991
4526,0.02057001976106697,0.0794798686950091,0.027722904644792698
4527,0.011626059863589264,0.03189043230650003,0.012622279382215785
4528,0.031183615155519373,0.033248366622906075,0.03692199475875087
4529,0.03529800474364191,0.05293510891531009,0.03939600296548409
4530,0.07859242300836987,0.03301388315177056,0.027185584913365306
4531,0.046866495470603974,0.06408864650328731,0.03507428172853536
4532,0.0005315109646553406,0.022000497345427705,0.0452626501603427
4533,0.07615834677611763,0.0,0.038689698509821256
4534,0.07434044096205704,0.02015228239452896,0.05718252152804149
4535,0.024706186274655862,0.03174857936641775,0.043818941822066665
4536,0.05528331536477884,0.061989399778625574,0.029877077781024636
4537,0.040548452293201316,0.040102560133170755,0.01770596997170144
4538,0.03753086752453539,0.053699510897263186,0.03712031935255372
4539,0.01512745485565857,0.12307866695993006,0.01590508085440806
4540,0.020466322870511918,0.03282244867915349,0.05496358643842952
4541,0.039612200852332226,0.07435981255916198,0.050119296462454645
4542,0.024995750759541406,0.0,0.056155716863444255
4543,0.0,0.008727437498595593,0.0
4544,0.0614798294532389,0.03259255778192149,0.05068641646533369
4545,0.013622896252409181,0.02533968973896021,0.03329616862261119
4546,0.05574340100004025,0.03811210018336629,0.013843272342919788
4547,0.06097692481450028,0.021904709781744497,0.027750647505610446
4548,0.03776166177046257,0.04580106202576095,0.06135424538128398
4549,0.010233007549572687,0.05550746445696585,0.028727916596327063
4550,0.046468646172705075,0.05032828851112053,0.051982796640002465
4551,0.021457737186082727,0.008697655334208791,0.02411737652386738
4552,0.029819149165384622,0.022728596065523927,0.02911444330507248
4553,0.0,0.012393721272696218,0.08308575314082516
4554,0.024465193733925084,0.042548471896055075,0.02349914700914074
4555,0.03643543577410825,0.038869085451042354,0.05277033067887781
4556,0.0360800607173351,0.03934828535763777,0.018470915900634252
4557,0.08131685487360359,0.03161592739691999,0.02859527538107491
4558,0.054183802474302496,0.05408157997700188,0.0
4559,0.03515188070453925,0.020751547802094206,0.06136635227525119
4560,0.0928309712756839,0.023011909849201605,0.033583755856649106
4561,0.015522318310425609,0.030962159796768526,0.009735738385075188
4562,0.010667059083673857,0.04887777204574745,0.020640150859666053
4563,0.028985276390919024,0.023027361872826852,0.03469943039723306
4564,0.07070533436047682,0.01874844219820348,0.001852023326580625
4565,0.05560673275403871,0.0,0.033448551634098135
4566,0.020673366066207118,0.053658703749028626,0.03813677753720647
4567,0.07785271409628178,0.05963609021209868,0.017558463136772395
4568,0.07034040378047185,0.0,0.014460634788239793
4569,0.034808989512273736,0.026006561159288104,0.03858321840252136
4570,0.07792607422823634,0.05046866442285023,0.041268469541543965
4571,0.06529838344407583,0.03658163754534528,0.031123585696996983
4572,0.0,0.03155409830757078,0.0
4573,0.050732540925638656,0.021434613265931324,0.005497048280669117
4574,0.018206278657441247,0.06465239199526124,0.034651816756606266
4575,0.06179061325170631,0.07626750724718219,0.020399361806350463
4576,0.030494511458726725,0.029489964231294564,0.04026948923112423
4577,0.035740263676251015,0.059994962544510554,0.008222321052276133
4578,0.02335976111384999,0.04401748713114411,0.046828474663990545
4579,0.050036358433422544,0.053312959772648334,0.006014666158349007
4580,0.009019937213567692,0.022202092049603977,0.044608207797471454
4581,0.04531604658754631,0.05960584840588912,0.05259432539535511
4582,0.04401439521657993,0.04385264125473872,0.043036705120152
4583,0.04130318694574549,0.034492670116171825,0.03651894378125701
4584,0.031924483519294326,0.03954818353761815,0.037641554180107215
4585,0.03488646649708445,0.03494913371403068,0.0224028708447211
4586,0.02996044879899781,0.01886369711046834,0.030427272362328294
4587,0.016421382799160406,0.042459630870535565,0.04061903691182332
4588,0.015691349220241037,0.06554243304824701,0.012921099673386144
4589,0.01828899218780462,0.02687941908245799,0.031247318659957644
4590,0.06477137363363994,0.016480131366812024,0.029688233090817712
4591,0.0444226424832355,0.016110054579689746,0.0
4592,0.039614246015398286,0.04887341819910266,0.04601956234737977
4593,0.05982865514261055,0.01934731962348744,0.063344781722793
4594,0.04216225021433714,0.04894080389452841,0.06076352254670556
4595,0.03779206042694584,0.011652969195086613,0.08072933409697035
4596,0.052942166184908684,0.019326989992897812,0.035765184607461475
4597,0.02966454516148793,0.029286266375877876,0.04924112122388208
4598,0.024060642047497055,0.045074143720755175,0.0
4599,0.07884690833658034,0.029614410280602056,0.06758396581653173
4600,0.060698285964806725,0.02101067346016235,0.02960310438022598
4601,0.03209470248018421,0.02313721229491009,0.040671624611334736
4602,0.02083578205462886,0.039365553182936705,0.0010274165190183732
4603,0.031875380892629916,0.00909614023423096,0.06558707035926635
4604,0.038302399798559636,0.05043516381361576,0.021553145837944543
4605,0.03328842171430844,0.03609360561035783,0.015857850686202397
4606,0.05480451604534174,0.034790206545098526,0.00916204307241094
4607,0.05307501978464724,0.06939441962700753,0.017262859537720273
4608,0.027286409112828095,0.05829252782116586,0.014335025397793452
4609,0.031876106684701665,0.014991092595532975,0.030655489938890956
4610,0.03684734869697958,0.05794059342059723,0.06437292535009685
4611,0.029238367813471777,0.04152080354077089,0.0553713751027376
4612,0.12504809813671153,0.015464927140523808,0.012960088812712484
4613,0.016179766288863865,0.044342111449375686,0.07717345002566844
4614,0.0233698401075144,0.05868267220272996,0.03195524598133343
4615,0.021133876374822166,0.02799845046184417,0.019486256608577484
4616,0.012141562400962225,0.02991312395918554,0.02680535768335288
4617,0.020371478871407802,0.047892198939981666,0.04759058328227269
4618,0.018261228728273154,0.11181491102698182,0.0
4619,0.03214293922738901,0.015663378148721475,0.003407319597320463
4620,0.07721756157153344,0.0,0.024467389277336687
4621,0.036792010007647015,0.03832622520626624,0.012229945882283788
4622,0.04757085208249776,0.02471549081564635,0.056932190245012816
4623,0.04642924864671172,0.0060173261542252054,0.0017113567318437078
4624,0.056090831038340366,0.04845219780441287,0.026355157631374432
4625,0.04332731333208866,0.0731738089478887,0.0375287298464152
4626,0.04629402117612944,0.0,0.026616548898405187
4627,0.01350275891487802,0.01467817528384431,0.0511469548433722
4628,0.027155875626207172,0.03267604969714655,0.012814232660554984
4629,0.024876334584732398,0.03647610699734567,0.004584380129536113
4630,0.06519455470952067,0.027377201144969106,0.027304477500995405
4631,0.040509233116728105,0.0573967928159817,0.007130685174497113
4632,0.0,0.036712455820019335,0.0
4633,0.05758765022220102,0.057930531528242235,0.08826050102766726
4634,0.08240973190273342,0.0,0.028541495770267624
4635,0.02245748000854761,0.005536756533173825,0.05657748523646889
4636,0.016680836883406623,0.03800537053727243,0.019675081311159005
4637,0.05779206884345003,0.03727645807970964,0.018020201999459317
4638,0.041278371966716264,0.031088688437852213,0.026493632844321657
4639,0.03335699786927901,0.03498675810045572,0.0
4640,0.05563607787309627,0.018657339547725357,0.01647940676462659
4641,0.05162727462104547,0.020538059394370728,0.06160719060657367
4642,0.05876849109199075,0.042077954859649734,0.052451601100041066
4643,0.018065460851822954,0.01866181787507669,0.043610044275572746
4644,0.0209315543328652,0.019691351332491273,0.06104998194616487
4645,0.02964477161846252,0.0432213943109026,0.0
4646,0.0,0.05455297605475237,0.026011525313010528
4647,0.023588247451597395,0.03176310196834,0.003788598423486824
4648,0.06499124859975702,0.07130291630406846,0.016252266948787758
4649,0.0,0.04603096769455086,0.0
4650,0.04217270464454911,0.0325026742543146,0.04394121991102614
4651,0.043168196569963735,0.025575462793334024,0.07525356348292188
4652,0.046016283138788736,0.01480677928764024,0.06455478772001463
4653,0.09215044109728515,0.05032889726890088,0.024822520066649617
4654,0.056710269629379806,0.06436431537017068,0.01541171137750169
4655,0.049407100545787584,0.02681669080871756,0.05002998936281539
4656,0.044003994770543314,0.009236890502003497,0.04353604355118448
4657,0.040899859383907326,0.030295402728906875,0.042650951618585266
4658,0.034290297419296706,0.02063575393376231,0.027155410169312562
4659,0.030025568681532323,0.03320634060769441,0.05572769440859671
4660,0.04383846129443886,0.022646292874165568,0.03572393392572675
4661,0.048169853906366154,0.0325789889195854,0.03910436890117909
4662,0.030955945422407833,0.02843108610442739,0.01754628911312565
4663,0.07699593321526962,0.022546464264080752,0.025137412527454862
4664,0.03698476495033993,0.05961676697497257,0.04912073829603349
4665,0.03280434473360833,0.0331926608324641,0.04484579193943572
4666,0.05040677684180874,0.03510431943488755,0.0019527599968630581
4667,0.02502462770724949,0.01697377155267152,0.051752786535271454
4668,0.003935608253494764,0.05465548173245074,0.03646686125133516
4669,0.035190438000361604,0.03569406634624731,0.04970885325278305
4670,0.057848990229747335,0.005731121324660809,0.028885478116676674
4671,0.052884446838798595,0.05121489725278836,0.03329088882657991
4672,0.0315017811424479,0.018366938022668425,0.03377003118736551
4673,0.05850301251474635,0.06500255793962328,0.0216611671364006
4674,0.05958600658247434,0.05253249718496831,0.0274796342974802
4675,0.06558163124865028,0.038746215245246685,0.05401613388699531
4676,0.0676802056850424,0.03663988282389491,0.05910769981622558
4677,0.07398122871260134,0.03632817615656933,0.009809315046424233
4678,0.04762120679252907,0.037862573832622856,0.017985032058471608
4679,0.02263090772544911,0.027604577995278046,0.019424162344736172
4680,0.04794634987425709,0.007858412381112961,0.033943159158919656
4681,0.050882893779248754,0.012340750541377529,0.03871916142084543
4682,0.051876768780831306,0.0,0.05613937251921517
4683,0.019308980065211076,0.02549328001329119,0.015495055364083027
4684,0.05932303619866275,0.02087198821899769,0.021783976198830227
4685,0.017137487058402474,0.03189562718479514,0.02652995880627292
4686,0.030328920721869917,0.05632946627284161,0.02883961696888197
4687,0.037096629202703096,0.033430582120232706,0.005944818054285751
4688,0.07455884276210076,0.0,0.05687653606989392
4689,0.06867201974844962,0.08010052721580439,0.0
4690,0.044879350317613365,0.02337171307145841,0.04458696205824811
4691,0.05616169826100603,0.020265963469008153,0.03160151117295101
4692,0.04107448019568567,0.030354625363966284,0.06447367295502382
4693,0.031084853208668217,0.04372387551849833,0.08721444113011931
4694,0.028781901396421103,0.03978868860394068,0.02694429466427628
4695,0.0554992879878746,0.040440546055175976,0.041400782422114736
4696,0.05486278407303164,0.06796274928694797,0.0
4697,0.029778002385242097,0.12808504141651592,0.0032375245800817035
4698,0.003953343862406751,0.008709712048561816,0.030042655036784775
4699,0.01784143124369821,0.006824442028079955,0.03464665966282452
4700,0.05564816478564183,0.049059736486449845,0.039087694121238074
4701,0.040800681862860476,0.04078222178647488,0.040442352167636246
4702,0.03861892194097132,0.0028454262876031755,0.0
4703,0.046655141807629884,0.033873532758762405,0.013595778234011991
4704,0.002392345067229233,0.05724775869926976,0.0
4705,0.062481753627099915,0.0,0.08058962187368016
4706,0.03669915023412372,0.015171590009551414,0.03275115164637043
4707,0.022515520488155666,0.02989231760575529,0.05558660210962881
4708,0.03614680795352469,0.031651686674608326,0.08078580221640208
4709,0.02240951660427869,0.03357441076615909,0.0399366371775835
4710,0.05146744551401181,0.03792797789312815,0.04700036293631877
4711,0.08139100924868149,0.0567275770683764,0.005284137712944628
4712,0.0009852442998142183,0.028295804114667932,0.014944712289154605
4713,0.02870878290361256,0.01905420854883096,0.023655486467741838
4714,0.032481114225795256,0.01715270474415816,0.03965012807327121
4715,0.04682351180436206,0.059530095642732817,0.08901919285695772
4716,0.06466385509144366,0.018867935089316792,0.028081984582736932
4717,0.028114283636277142,0.01982517274927828,0.015538777667964285
4718,0.02343503666753904,0.03153975257743528,0.0388461640457493
4719,0.03460570066050927,0.03071800122780945,0.05308053990034429
4720,0.04946826882259551,0.01796297031651013,0.03449299566610102
4721,0.07669893272151593,0.023392814935479983,0.0
4722,0.008029647590594671,0.035225855237827335,0.013121672457604358
4723,0.038917245677478486,0.012267827776200118,0.042324797440532025
4724,0.03527262136422385,0.019219938628234658,0.05749987079915303
4725,0.015099156196765023,0.04348932288657333,0.006005351801621085
4726,0.026942770429696398,0.02540563241454655,0.043281789504500214
4727,0.045232190841972685,0.0045631200466660915,0.07270986421019358
4728,0.028120745696590385,0.04247213212025814,0.009727018391899577
4729,0.05330378991729807,0.04285063572806582,0.022799536473965192
4730,0.048998377883399974,0.039527472758766426,0.02868812000899373
4731,0.011867862547318619,0.002597907647363687,0.17169379074382146
4732,0.052089921017300894,0.03101397378448263,0.024819477484894218
4733,0.019325262634308626,0.02417261677323994,0.022963477104187464
4734,0.018250368215184234,0.019030460078668262,0.045814953350793816
4735,0.04005557847637963,0.04076888022954808,0.03446941697998647
4736,0.05705066666299242,0.03084930002970031,0.0
4737,0.04094907683737163,0.07902330246786392,0.0
4738,0.050090059943358474,0.05313147450295777,0.016671728820670775
4739,0.015492913084255502,0.010336567203012018,0.06365456671150921
4740,0.015285421732543138,0.034696642720114364,0.05233117509257471
4741,0.03241090399549821,0.03841994773154941,0.0013389740484477802
4742,0.030141139260611877,0.04349568250499646,0.012568266122073202
4743,0.03541388513989068,0.019600891437091584,0.028937867740756105
4744,0.07665533184422958,0.06689017765936178,0.018577779694528326
4745,0.04069217172173825,0.0,0.06216326822065708
4746,0.05870614350651118,0.030344457119688865,0.028420854313641233
4747,0.01333695879054731,0.027118440799414098,0.01485906851099781
4748,0.029511829483787666,0.05727886861514209,0.058125928834895924
4749,0.023277514642946473,0.024742139558414835,0.03774717625342079
4750,0.010381170257961106,0.05264215132670902,0.03873637055301738
4751,0.043795642430255195,0.02251557573783849,0.021299884990674922
4752,0.0038758988876292436,0.04018719722477033,0.15068198951302847
4753,0.023859031404523407,0.020770159402984118,0.008855187412928747
4754,0.05846501052763924,0.008964416414519042,0.004435585977290564
4755,0.026267013298130998,0.022754400047181024,0.01471725431680978
4756,0.0479833101152567,0.039866850866722106,0.037327305969373885
4757,0.0,0.05224829928538896,0.036909110479400445
4758,0.04048219455404752,0.06933505112762194,0.0
4759,0.03166361805566216,0.05296746072831892,0.05101817524082755
4760,0.025943041998624173,0.031539298149315664,0.040230120583446445
4761,0.01547911939712121,0.0033733074191518927,0.0811140187157382
4762,0.015677802644215175,0.00685945140774218,0.019638519026885837
4763,0.01748308735316529,0.012101038992403772,0.02053681907249558
4764,0.04131475711357658,0.05376617732389097,0.00026838078924135606
4765,0.026967787525916914,0.0,0.05773869315485058
4766,0.038541989295643043,0.04342563903770952,0.0400953341360007
4767,0.0036341344920597166,0.0,0.07424361379310265
4768,0.05513009805567548,0.028989152456046774,0.010957699896269052
4769,0.025146268922270527,0.026636623466084253,0.03312807085191578
4770,0.05350904354285421,0.05021707904063321,0.052470239926012026
4771,0.009031423828738361,0.03419881529635189,0.03126825524967093
4772,0.07414329028211447,0.05216432466304354,0.031280014448047164
4773,0.036020702436925824,0.04099042257538182,0.04668688253318584
4774,0.034971083334760796,0.05807651070785938,0.0
4775,0.012951132899448818,0.028208781453959355,0.037486825938912116
4776,0.04376315739911992,0.02803183900839353,0.011884089857262336
4777,0.05111408251996861,0.010479201288643929,0.046636335767665675
4778,0.03790278467772886,0.048145248719274,0.03217570892147187
4779,0.02200623357982898,0.027339140675324402,0.005642233908472761
4780,0.038542948221204514,0.0,0.05052309376865518
4781,0.016234807467209154,0.004251794102223362,0.0003021135025891945
4782,0.06003889828553775,0.0703628967061522,0.0
4783,0.02796205217134087,0.028266642143680604,0.031990547694560216
4784,0.026930219463776505,0.05421587864471409,0.019741516163167484
4785,0.03839247290294551,0.05231962351845091,0.042924618734394536
4786,0.016830468669365994,0.03439935489625295,0.004833144087440021
4787,0.017402634072501096,0.0507955456651816,0.026509159165717264
4788,0.029263896991801756,0.05580795195077161,0.027832637061642254
4789,0.02098393083984096,0.0329935846596147,0.07151739443035691
4790,0.02072369582716467,0.03362444169181552,0.14198352186683988
4791,0.04156332259217354,0.0026094803647177625,0.037722168029989615
4792,0.04271917036286288,0.005375538972876746,0.05086675923565509
4793,0.05652621509407913,0.059555254826247885,0.025801703068936966
4794,0.020756478999320222,0.02229794704853763,0.04013656950474823
4795,0.022759403597915385,0.04903846147857979,0.0346043148005347
4796,0.031984733044124025,0.03511549170426882,0.023880092004160317
4797,0.05106199224340347,0.04568706631088857,0.03271482782107615
4798,0.017690202026079398,0.01272582646442781,0.03925240208112903
4799,0.0172159058020149,0.0446301546981187,0.02485579858049612
4800,0.007548192706297125,0.049531065260658244,0.10240974314700496
4801,0.040828203574005434,0.029473280613501827,0.03961857444784417
4802,0.030508787719447455,0.06513248693252129,0.08105755401508104
4803,0.030377235160727337,0.0,0.09998052007991363
4804,0.035730143364477183,0.0,0.04245425967536498
4805,0.00997106852397537,0.03044011624400805,0.06773325287083277
4806,0.033780653845842036,0.04700559651408428,0.008315673985948707
4807,0.06260780474707839,0.08656413687750994,0.03547726291385748
4808,0.0338266054282831,0.041746925890341915,0.013702887050686913
4809,0.06079915558149172,0.011858841284608164,0.026343912406814312
4810,0.0840855690432564,0.0,0.05709544211669285
4811,0.03144639747667861,0.05982094567471466,0.020002017179826942
4812,0.01503282681245135,0.04740503415222356,0.03637494008840054
4813,0.02634788238277244,0.03639231501693254,0.02895390688916602
4814,0.04555113549667902,0.0038494506906430284,0.01965362908989889
4815,0.022255446955806963,0.055450999911901756,0.021171801269969568
4816,0.02547025626502718,0.04100732241827237,0.0
4817,0.04217275654823102,0.0,0.0
4818,0.04070587110179992,0.009010767671878661,0.0427556890436282
4819,0.02631823766801625,0.03027069214032461,0.02226351222073687
4820,0.051193204386552234,0.034107707961894745,0.011561208641755671
4821,0.03248674418495911,0.01939457847751704,0.019115220097932522
4822,0.04464293239186393,0.05806296426617946,0.027420856157340964
4823,0.024770538807634038,0.004041700971594099,0.08031902940817479
4824,0.0493510361069013,0.022816388308445096,0.028098826426823976
4825,0.028278313541075812,0.020752962000312805,0.061733422052369605
4826,0.017275376149341364,0.033559699000741745,0.05296652825777778
4827,0.01320130597443261,0.05836671553677211,0.030240419553319228
4828,0.0,0.04523976161420972,0.03868638964678593
4829,0.05805350433513051,0.02135446053431909,0.06026467577777764
4830,0.030738482930764557,0.021126453019958986,0.038135392381764055
4831,0.08254315294660647,0.12002068291576447,0.016731430913427978
4832,0.061047149250954974,0.05852203917262166,0.0
4833,0.031958787587806195,0.054774241856352844,0.05454766598611357
4834,0.034790566339016726,0.014518362634995579,0.009570592301276432
4835,0.05743884410639746,0.013266288678420817,0.08806323584339903
4836,0.02538535153033063,0.02733388596081618,0.05802886720842587
4837,0.02654006023397358,0.03137325943475443,0.05070802093661236
4838,0.043301718552488856,0.037865862925823376,0.04349979813032268
4839,0.0911214004575535,0.04401655841394689,0.02853614114802111
4840,0.02946769435059744,0.028152913377098437,0.03139054721088328
4841,0.03481162072784841,0.05805852671726168,0.0
4842,0.09406167027135011,0.019250133510734242,0.0
4843,0.05358203167284565,0.010218044206919519,0.14773922370294112
4844,0.010736151485994777,0.0591435668123013,0.016859744588215562
4845,0.033778084791510156,0.04179263969819169,0.034930693942290474
4846,0.02997861673222575,0.036826386863144274,0.05212360831538137
4847,0.07147880064072915,0.02318036168568206,0.04679121833549127
4848,0.02278526940128875,0.04441636558942343,0.0
4849,0.03258482267925104,0.04299620006465834,0.020336950344714545
4850,0.06213881187533388,0.029013140684487123,0.03381926638774612
4851,0.0,0.030982448373397694,0.06878962569365035
4852,0.13999187620026926,0.0,0.012218878227419527
4853,0.00838288299852065,0.019314898298389116,0.06901140033084607
4854,0.009493068161389978,0.01845415968902059,0.027749865496995197
4855,0.024367496936285156,0.0,0.07281813239949197
4856,0.07608459064030228,0.021816156083751786,0.033237925729826416
4857,0.008565556548820338,0.07462079358100718,0.05563310813722468
4858,0.023334048322067636,0.0259041349168521,0.029097557169128152
4859,0.052134545933735586,0.046436128359871674,0.07241996412557035
4860,0.02875856626848533,0.049226446672708306,0.0491423610547034
4861,0.039587647849342156,0.012983688964977681,0.052180882691604924
4862,0.03927945749043459,0.038630470691058884,0.026963242018932815
4863,0.08011613102982804,0.0,0.027300909416706466
4864,0.04931077268500018,0.025969164409925347,0.022205429628162982
4865,0.0197833136976177,0.02389516983489669,0.006987160434586147
4866,0.04444934201453058,0.015720180518478944,0.030035364091918496
4867,0.029440615094616405,0.046949643763948216,0.03562657356864272
4868,0.031558286121654254,0.01880058559997057,0.020910895477653322
4869,0.04347574229906314,0.03971466510594878,0.0
4870,0.030844659023208806,0.04744337456383174,0.058870633025509496
4871,0.045432138676403354,0.029810679479101876,0.016263529091041163
4872,0.007487820995319319,0.018414085082384228,0.026367018173033357
4873,0.015707970802059747,0.033155669918684294,0.0
4874,0.017526677105020122,0.04453085672972529,0.017943908106492584
4875,0.05447862656660065,0.03680969502350165,0.04574145786816176
4876,0.05329270928549442,0.030143303407869696,0.023383767168714365
4877,0.034875058559777884,0.05298097329252949,0.045187149641666424
4878,0.027856425175199716,0.03507947693071887,0.02295998130639811
4879,0.06483036339068309,0.02069779535918244,0.05342550360246684
4880,0.018026145155706174,0.02600962557522354,0.029778264059060696
4881,0.0,0.07514618907159544,0.04464351042684005
4882,0.052103710898559044,0.02192441520221677,0.06646340408144265
4883,0.04999468096645521,0.01783247686312951,0.016271430219755634
4884,0.030356195650486823,0.06875630965947614,0.0655766349168476
4885,0.034583217734757234,0.04202295064714934,0.038655942374247985
4886,0.034466237961898356,0.025536804971878876,0.02472351194748292
4887,0.18338170368391804,0.02316322910438509,0.017499479210488087
4888,0.0468060161022715,0.03378358627294211,0.038236819257772114
4889,0.014402918422574962,0.03351303756191288,0.04423053447583514
4890,0.030599987415386415,0.06491489082380776,0.03890193379622835
4891,0.035305931174613725,0.03960905105549537,0.05950325167279721
4892,0.030533457732599713,0.019152578110474532,0.02830883250751599
4893,0.04001468913459479,0.0,0.02109615193504279
4894,0.023294593014856393,0.006383331256132637,0.06016005764327491
4895,0.03600094366047197,0.026791462983358553,0.01664479859721259
4896,0.022141737264615362,0.043924884867057506,0.025511170472004612
4897,0.04949398715601784,0.025601339094479626,0.0
4898,0.016618347565595132,0.04062868213915546,0.022060372069177697
4899,0.09937461504052479,0.012149794219755167,0.05858120424854906
4900,0.06162806526783868,0.0333907835529673,0.04588733032168776
4901,0.022410768729745633,0.04715734682450609,0.03777262539922999
4902,0.0615921407563156,0.0,0.0284705095779768
4903,0.04091702917721503,0.03596557748202273,0.007559333436840944
4904,0.028572486448201425,0.03073751119228768,0.05597104566421849
4905,0.04719098413764366,0.012888856225918559,0.03124604743954021
4906,0.015887784352401946,0.029979279741669192,0.06698935075754313
4907,0.0213556162835155,0.02474692858197766,0.015001517089952862
4908,0.0682393931743514,0.054690215633114804,0.018451701536092085
4909,0.05710405651625836,0.0665060415606716,0.004712422471430523
4910,0.08075200863067596,0.010909434629476264,0.044738390232219365
4911,0.03685330552655256,0.065353989144532,0.029266692588023016
4912,0.029474202010808304,0.02185313406897138,0.051819015346320656
4913,0.06836106775532351,0.050522406844266406,0.02618994753596482
4914,0.06701373817652766,0.05733657975593548,0.042143471019900826
4915,0.021212845059919803,0.017510228888466112,0.021928313136659005
4916,0.02920622490532285,0.03749357250876771,0.022161372650918925
4917,0.06246522304460071,0.0,0.07314788984190887
4918,0.028896505340451666,0.06625193514332352,0.0484175556736396
4919,0.0443849600582813,0.04434143913997856,0.03787114814895084
4920,0.02648505681896846,0.018316376217305655,0.04656214547016314
4921,0.06064151006396663,0.07899479144290589,0.017967104662224672
4922,0.023568583658146094,0.013284004331133109,0.04330926948726987
4923,0.00742487762188659,0.03411423679330392,0.042302307303525494
4924,0.02304773598148945,0.0,0.062276019681310954
4925,0.023865883044144887,0.10718956009952126,0.032551638461870286
4926,0.0291392117943563,0.016539964655765526,0.03155513997715018
4927,0.07093844117687834,0.07947453295069269,0.027121793877889915
4928,0.022426598225263564,0.011965083361294683,0.032673813063196264
4929,0.044003693275634886,0.021455890640578523,0.0537215672460633
4930,0.04893292974050776,0.01631529928225516,0.020069789302538218
4931,0.025254509977300204,0.02802989551481676,0.05443090622872306
4932,0.04716176130222615,0.0,0.05813730096461227
4933,0.02242685411293034,0.006933973056363789,0.010358053346226062
4934,0.048140819829138905,0.022926142000135017,0.04354903023693435
4935,0.0416894442317332,0.033406056514941426,0.03714921940491779
4936,0.0,0.0561959294635336,0.08479379537516049
4937,0.014245207679112602,0.010273636235827721,0.0
4938,0.03615227560517158,0.041261486777654365,0.0
4939,0.06715493507389206,0.06714703927863623,0.0
4940,0.009525505193288328,0.04204844247730228,0.0376443642435506
4941,0.0,0.07545507076740908,0.03311089824088166
4942,0.014560417757893318,0.032049596903775145,0.013824811739521324
4943,0.05246010465758492,0.038231286478487864,0.04381642544048315
4944,0.01706059765999196,0.029730261608893735,0.03958378419792443
4945,0.04048219472032525,0.009207925051716456,0.018469453350627076
4946,0.08072458787223007,0.014494986265759154,0.03460470642145339
4947,0.010839270313828095,0.014589364435047263,0.04325439086429663
4948,0.0306736607241456,0.015337305721160497,0.06605509984248324
4949,0.0,0.03374659106513228,0.029720880105891922
4950,0.05637320001042205,0.06601164950558407,0.013791831423697866
4951,0.0959713756618204,0.0,0.0
4952,0.05354107642791859,0.04478904129505848,0.04482796702828836
4953,0.06844688237276692,0.04979091567157374,0.032425991763980866
4954,0.03776992144214586,0.017941351724533896,0.027407289024220294
4955,0.044922433021266084,0.004583662065206796,0.034454243370829175
4956,0.04393480069827437,0.03586283914836041,0.03465543131413779
4957,0.04639835318623873,0.038491555079926056,0.040659175859345885
4958,0.052723573858765006,0.0,0.04878534821617493
4959,0.030628989084173094,0.021962801923596165,0.05321238290512898
4960,0.03956492537590153,0.044205034141939076,0.03148370565860636
4961,0.09756906536078157,0.0,0.01873315164117679
4962,0.035797301252566985,0.020581799447418007,0.04343956471382668
4963,0.0410602002166909,0.04120412320727724,0.014727750637326488
4964,0.0355184309406203,0.042949961812731245,0.00451662606350083
4965,0.04731144631352714,0.049437013666732046,0.0
4966,0.06419723903478464,0.020955255223183193,0.05631837944083215
4967,0.039216991993961385,0.0,0.09161376616011987
4968,0.05907379743390034,0.06792644896141772,0.028534664036568697
4969,0.037299400989437584,0.017426839008581056,0.002131829235072764
4970,0.036785486637448656,0.009691587592631994,0.03959120971183638
4971,0.02244676797513774,0.059136184226303956,0.0
4972,0.0190840883725823,0.05837003053440349,0.04554631902341039
4973,0.03564348606123711,0.02659830935563071,0.0452936088730338
4974,0.009362802462913827,0.02680651021281842,0.015510325534781738
4975,0.02768914412650716,0.0316971093992737,0.034412736699881
4976,0.03591722913260126,0.06208045097186501,0.051307018923530484
4977,0.028260851107600543,0.010152118909195365,0.013325795702923575
4978,0.027905549100377177,0.025657523344967115,0.05399670550668815
4979,0.04080677148590691,0.02274178398698792,0.009680553413194496
4980,0.0,0.0,0.05179064023299156
4981,0.03834084591876597,0.006758641101361554,0.0414969595057594
4982,0.12466682752959853,0.010564742741394777,0.008850689088283552
4983,0.008273797577958875,0.03509189899556286,0.024659342153168434
4984,0.08887584599149365,0.06433894497241346,0.007867207552695168
4985,0.061346510819637996,0.05837989915741063,0.03261748324201644
4986,0.021487080551649922,0.010556201152089306,0.040223458905503405
4987,0.018368727285133925,0.0,0.0565540053658134
4988,0.054869600771037697,0.019158843871004683,0.0
4989,0.01465101944837541,0.056134068384220435,0.06590518550296125
4990,0.09307812455633997,0.07900255303969816,0.009894101437840364
4991,0.06856789710694039,0.0629135846822333,0.030820644691838917
4992,0.02106881508266936,0.0,0.042325290522009396
4993,0.0,0.0,0.029490394114018634
4994,0.013754379143596627,0.004618648400534986,0.08507020727856492
4995,0.04857791508390577,0.03746471160379613,0.03156024372046855
4996,0.03723458311742008,0.02966100882490869,0.04509209479282241
4997,0.015182942427097001,0.016346461255193383,0.05136155828023579
4998,0.05597900514586498,0.0,0.060668844474742384
4999,0.0370888543557585,0.06337285686896671,0.013736638604688906
5000,0.06735004540289394,0.0,0.0809877175299365
5001,0.010940918098184094,0.044442998133988505,0.022012156585087372
5002,0.02013319352662392,0.03738615291621903,0.0013563883633610913
5003,0.06486957978485097,0.0,0.025451310929791453
5004,0.027189133611721962,0.09055151877884526,0.06437673219622018
5005,0.07417947309875962,0.009777634848458967,0.041950886417801196
5006,0.011991270360693132,0.040938576821013574,0.010858496208463714
5007,0.030250919921902843,0.019279354500832804,0.05595657963257522
5008,0.03795954224758867,0.0356119761611316,0.010205473702002657
5009,0.03240078083126813,0.0275515448261421,0.025372358960156497
5010,0.04106453728902243,0.03561401325079757,0.047882283468583704
5011,0.02933082134371734,0.013822975626216087,0.03809691713050167
5012,0.03761762951567916,0.02135268472228899,0.02153315148443578
5013,0.05626482597728587,0.032708967356503874,0.0
5014,0.023748759744483487,0.03271951415153612,0.03516288101506873
5015,0.04689468382618693,0.016141110616642966,0.01752747966751625
5016,0.04774693130078461,0.0,0.01944342302013979
5017,0.005656661481870627,0.02813006022957648,0.031805528150653566
5018,0.018700492246908847,0.025782903682580724,0.06160860126550307
5019,0.010478894284112064,0.03921403265655204,0.03607051428586574
5020,0.045172307073385154,0.04434659263066005,0.013998645159196937
5021,0.11940453769055284,0.005792251617056782,0.0
5022,0.029525404345128913,0.03288066795678327,0.022226057212297992
5023,0.04869882285035818,0.050777035576543485,0.036400887129445454
5024,0.02310317254361054,0.0003869835405826,0.05023761174268697
5025,0.0897143180367761,0.03647082863501839,0.02088675801928454
5026,0.0,0.05100500846115334,0.06307095246665559
5027,0.022144708732026997,0.01471498360436762,0.020515823203691313
5028,0.01836325689704297,0.0628801448241852,0.017405722007020185
5029,0.025129237889667356,0.04334893173363647,0.05679729790617458
5030,0.00959868150244266,0.0,0.034313245928182655
5031,0.03138189822340441,0.07207451803022082,0.020147091670501435
5032,0.033605345643948153,0.03837151849425268,0.05324937675015882
5033,0.06075717820770857,0.0475600048307064,0.027314730567697718
5034,0.10056604456281847,0.0527975891212419,0.021003349178496493
5035,0.007345873937124887,0.028929710465147754,0.06143073106795719
5036,0.04225431899605153,0.044770832336037264,0.033232533616475185
5037,0.07217340581373291,0.03603432071534802,0.0
5038,0.050316377308634086,0.012379161375853659,0.04407334443582847
5039,0.026994571138711742,0.04379578160411252,0.021698066201547586
5040,0.021807171117256097,0.0413663513915068,0.029538223888401435
5041,0.0328895052052742,0.01724557455618613,0.04243695597819275
5042,0.02261643607521718,0.04009360618025726,0.034233618522181396
5043,0.04286653052459901,0.0,0.022395048977086385
5044,0.041402412172911934,0.04893099278260469,0.028804496911147347
5045,0.024890889312405764,0.03935941539390632,0.027981886081145227
5046,0.044657715198288116,0.0058158846448761,0.039827146174383404
5047,0.04711777914185274,0.02967376670284701,0.06793942292012894
5048,0.11517353344269439,0.02347817900101223,0.03779462976662308
5049,0.048409866431465776,0.03885831400640326,0.003813900143784868
5050,0.0442709075620484,0.04187956665718671,0.0
5051,0.10682425817177428,0.18437008744160172,0.01940991910256173
5052,0.03325557773840835,0.02310849539648593,0.004673970242058188
5053,0.03992707927179599,0.0,0.03370296500758018
5054,0.03534213170319324,0.04184408522672528,0.022731574176486247
5055,0.028558918230503206,0.05188419765389915,0.03802092240336444
5056,0.015644961166339084,0.029671557065998864,0.02843221446970552
5057,0.027119950735550073,0.009199814876070444,0.032458405794391014
5058,0.017509859728144027,0.06029874051490465,0.016121441610016964
5059,0.054208778152147495,0.037024028068067795,0.0
5060,0.062322780770176424,0.027043322287343904,0.00496368081920077
5061,0.03721892512539076,0.0,0.025981696720602895
5062,0.01946407985024719,0.04438679646968249,0.04070095406110129
5063,0.022348900256235548,0.041468760314795586,0.05770552774727369
5064,0.01937401929603837,0.0,0.03859777262887464
5065,0.04353592228647718,0.026775754832637944,0.0
5066,0.03795871918259848,0.08808506198441003,0.028471472078244593
5067,0.03062444311016056,0.024866539632723672,0.03745355760673807
5068,0.03643325741119626,0.008691331807569628,0.03408953371522138
5069,0.09590101821453174,0.04812301466628509,0.013967401522172004
5070,0.07197571483999916,0.047210825631516296,0.010100472243540009
5071,0.033834152711843306,0.05217496461312421,0.03598504850761337
5072,0.02603651679913674,0.036066706780420406,0.04435980756405108
5073,0.03152245405545613,0.05018947402484669,0.046429629442487595
5074,0.024982393221313074,0.04594025023389042,0.046692552988855406
5075,0.03178717937146428,0.054534631963707114,0.03734772813317711
5076,0.03769410936599462,0.039157931919300004,0.05928745637813706
5077,0.061001898273816135,0.023690174353618084,0.0
5078,0.00976751801984801,0.019693843799105833,0.021543466588046168
5079,0.02984772128294692,0.0270098953478457,0.009165146988782805
5080,0.013784449304995386,0.042976909697821995,0.013515229341280818
5081,0.033578427407573996,0.05854738012260825,0.0023356041791263576
5082,0.03816973485609601,0.03699884513845592,0.013080130525069025
5083,0.04542737764129066,0.03960374638831773,0.051047438826276346
5084,0.055511340177666714,0.04103147876656319,0.04755196665869754
5085,0.04662082608861807,0.04839297489553953,0.0
5086,0.031169366770974552,0.05571583445262918,0.024620683675404757
5087,0.031334821915395925,0.0,0.04497207387692153
5088,0.05204274231670732,0.04135576726428012,0.025649383194013924
5089,0.02898211871058445,0.019623839786768776,0.061094344758248535
5090,0.03990143956465451,0.02713413016438879,0.04421442934694377
5091,0.04905147327862822,0.04375201102941504,0.011605054139207685
5092,0.029228718787930794,0.057719867548123076,0.03349122522005071
5093,0.030467861770723175,0.03744270191633694,0.02825712247370341
5094,0.09772865345899344,0.007936913275709341,0.0070616157185432096
5095,0.042230797881455895,0.0,0.07130276374611574
5096,0.05579617562727565,0.027998620821243617,0.038632968997798854
5097,0.0574256231324603,0.003249441917817536,0.02236063677921128
5098,0.0,0.05136623882901378,0.040337121691070586
5099,0.043924506448512625,0.012383848910066117,0.010543271294504076
5100,0.025173253024100294,0.04056390973564396,0.04762028308165716
5101,0.054001810467870635,0.03391609246284949,0.03350967240688475
5102,0.03696719737990325,0.04030990644856096,0.039729213933139364
5103,0.04387466967617104,0.020740635910979913,0.05312167636406984
5104,0.05432587590687077,0.025322539849068803,0.04449103008226309
5105,0.011267990512903442,0.01852222395086127,0.03659373224575837
5106,0.06570143431930417,0.013480384871693804,0.03924951223947851
5107,0.02363858334867332,0.03404667783712934,0.023766600091970225
5108,0.042127762773888536,0.04301213491511911,0.022473746043280913
5109,0.05031561919631339,0.0,0.00999548695830272
5110,0.03945262330391052,0.017468618535231704,0.06635052766658948
5111,0.021522872842508502,0.0,0.10919613863165498
5112,0.031245314181223685,0.031438608668873165,0.03805575309901636
5113,0.017997495532067337,0.020671197665654378,0.07505907670903122
5114,0.04688156549833144,0.006690603385991996,0.051257983017683
5115,0.03257310079483698,0.079992455052527,0.08920239518196817
5116,0.01676686865211301,0.04376925643759259,0.05348981470452734
5117,0.028117897972501207,0.07116985379223703,0.04580384845057408
5118,0.03512565643365572,0.04766304315751883,0.0
5119,0.07097383859933,0.03604158329213455,0.0072121288615825995
5120,0.03352145613817667,0.023812026120211754,0.037092726961957305
5121,0.04989589485662851,0.020758360959935947,0.05285939560745336
5122,0.07317766570228135,0.0,0.038238366532375376
5123,0.0,0.054250106669451646,0.03149616182326361
5124,0.04015801529528574,0.01630360872830447,0.03260503117322038
5125,0.03006900491572732,0.04138139168934534,0.05693506868874887
5126,0.053367034132288015,0.0,0.03325428398356581
5127,0.04649279734158456,0.013203137403224152,0.07532494290083674
5128,0.05408353884668954,0.014673582477118845,0.07969277070596378
5129,0.07644841410623024,0.04057727773631274,0.04009711861847491
5130,0.039584998655130356,0.024601047071590863,0.027245632419950743
5131,0.01112612137348562,0.010811545674163148,0.057622467689812495
5132,0.019262224652477428,0.034564999223133545,0.019218010787179055
5133,0.07490242625341204,0.10642573543067693,0.006504774372964636
5134,0.13660028087356157,0.0,0.0
5135,0.04496885147854581,0.022296442476305977,0.03592056057316096
5136,0.04016359688544415,0.020214124265362794,0.001870732446097062
5137,0.002393813531604306,0.04039984523180336,0.043147755434034867
5138,0.07406668755735411,0.028244930625876134,0.025153117976802624
5139,0.06050042134899565,0.0,0.02067053390019774
5140,0.026685546059932074,0.044638794316457786,0.011535246930674809
5141,0.006737229536050451,0.037302939987279966,0.07112090597919178
5142,0.05178532195660888,0.018256731331615123,0.057466584525483054
5143,0.007192991134878225,0.011861230431980696,0.012638540726285964
5144,0.0,0.015658015639019987,0.00295936876581019
5145,0.03771755445855008,0.06578337574455094,0.05762232665361886
5146,0.03205768605315882,0.026380707862180188,0.037022407032344946
5147,0.03138452703195873,0.03909839813359563,0.030845395510702044
5148,0.046587723290992235,0.03815097624419017,0.02745367809058054
5149,0.05737012255391296,0.02284886713000933,0.0062327434544564115
5150,0.03513855011282092,0.01417347442483649,0.0
5151,0.01711368502269728,0.040513198401004834,0.043072830089157126
5152,0.026574498585238606,0.012465402484111793,0.01992535547312314
5153,0.021489167994494657,0.005225142334746556,0.032395645992301374
5154,0.02477900406866276,0.006954005156526365,0.02458959620833841
5155,0.025329760152907582,0.03556772906673485,0.029652487839939245
5156,0.04745900818257997,0.029685946130348542,0.03444814768699806
5157,0.035199718328219935,0.0,0.1131545703183623
5158,0.052754547249072636,0.031162858505424496,0.044939273147577403
5159,0.16082445196378514,0.0,0.03275666466253137
5160,0.019614128479245867,0.1055309805849394,0.031230588954372678
5161,0.0,0.056592721328020144,0.055078551849485756
5162,0.022705541151544644,0.053833544754896025,0.007946465293329685
5163,0.026617952150072295,0.01870966856126434,0.05594056222853029
5164,0.049112611049495714,0.07128098838089733,0.04075204164729009
5165,0.03707334781927127,0.0,0.04578566366625299
5166,0.04689176923093189,0.04097906425541587,0.03537358743174166
5167,0.07378635232297608,0.05591577879576988,0.028493335161585108
5168,0.025120241600578602,0.03788341982763365,0.0
5169,0.030721098570955136,0.007290541165681498,0.04665844290995624
5170,0.028856703546354088,0.0004934707941519715,0.04731322773536595
5171,0.02536520485682163,0.16459096589441796,0.030538929699642343
5172,0.06587568389114422,0.04949985957481875,0.03649131971772811
5173,0.0013400031317352887,0.011469713769653925,0.03490709179327682
5174,0.02627442028640138,0.04127643444156893,0.05063728967246923
5175,0.04598060764435188,0.02758301728694749,0.03856094298071253
5176,0.008281154719836523,0.03590957319854438,0.025510204960680512
5177,0.045761082457353906,0.014203021248577323,0.03235041769924948
5178,0.11490569716793443,0.008942225696671873,0.010962812061506746
5179,0.01213051150698997,0.05673636818207382,0.061762416053122014
5180,0.0778186491531223,0.017430482877448795,0.06307386972550719
5181,0.0,0.0348014993717491,0.014604248282066842
5182,0.031373203092195004,0.044141587370370584,0.009383396694197263
5183,0.04954338427213934,0.03017615627645651,0.096939138596849
5184,0.02512712932972222,0.05101283179768335,0.04442045218940997
5185,0.03071740104064836,0.04074161357684143,0.04338280527204521
5186,0.03479606726539262,0.01530475306941586,0.0030436003864734904
5187,0.014276058363911283,0.029707086130904822,0.03571885109801611
5188,0.011434817530109253,0.03573946512394419,0.05703478015347515
5189,0.027763593639984627,0.021693907242727,0.051629259655026266
5190,0.008905801817678352,0.04810222910315375,0.0348448001489902
5191,0.05886864024498889,0.04311948288149093,0.036163696387221604
5192,0.015083260274761312,0.03266278067427242,0.02493434786718435
5193,0.0003200293510553602,0.0067585995575703646,0.04724500718113681
5194,0.034256681359216196,0.01830802810791334,0.03177296805462878
5195,0.03796726846539812,0.01874204949127228,0.020969365262914166
5196,0.019161364683943024,0.03580755694876962,0.051881568283697395
5197,0.024889208511456568,0.07250915909535267,0.04193250673488845
5198,0.03769904031715887,0.028764955125325106,0.01710799193119793
5199,0.09241572393463054,0.05211767018880262,0.012641233668505628
5200,0.015481611570795648,0.044048076361931,0.03581678672204554
5201,0.049287768984264714,0.029724261136711987,0.033347041843312525
5202,0.06691665503729546,0.03847912278357781,0.010719911501074729
5203,0.017517935509468435,0.039496157770392594,0.07120859145970772
5204,0.029975653177367348,0.04266008727951196,0.024751709531610003
5205,0.04525600435743704,0.023544087590844132,0.04114456656207905
5206,0.02196515731810446,0.028099621825811046,0.06277012615950331
5207,0.06973498480481154,0.050238220103443344,0.004988468012097777
5208,0.04489848304357633,0.06866400968599375,0.01668304995518281
5209,0.16275583752288458,0.018803556273849453,0.0
5210,0.06606481820760739,0.042454194024887246,0.02255046994029102
5211,0.02188667140983043,0.0137915772385288,0.019240608628365574
5212,0.03546845907601561,0.05669293113138008,0.015319798081746177
5213,0.037716404453994205,0.032761156616062485,0.05904472993293922
5214,0.015911030426006743,0.024456673466757617,0.0182482020203011
5215,0.008871508036991776,0.03557512812754835,0.04034800856286087
5216,0.046748422872686164,0.04618045967092318,0.060580290060016785
5217,0.09092317213288832,0.016242116849671476,0.05749178994009818
5218,0.028882374325815578,0.07443047915768511,0.0
5219,0.04576291543878727,0.04533054618907464,0.027895957406221864
5220,0.010078145404218674,0.031471843523889216,0.03170448364096271
5221,0.03811369237783429,0.03359323884351284,0.03787229647706591
5222,0.04489791172926413,0.03905106257700677,0.016326537558041025
5223,0.03790292557081087,0.0457539987588321,0.04130827079754397
5224,0.02198033375685975,0.03344440125084535,0.023558319272104406
5225,0.045642269733888206,0.015604348228215768,0.024175783238196493
5226,0.0263499023215792,0.027697858239350965,0.005331641627631181
5227,0.05269689181897161,0.011309914159139284,0.022846530030690523
5228,0.03440247460227156,0.037352443834437664,0.03670394460614713
5229,0.06150619060061014,0.05570663429446917,0.04336556702015439
5230,0.024914515336394463,0.06981340893823722,0.042593626551949794
5231,0.059907125143475855,0.044847585778917225,0.0
5232,0.015480027850241482,0.026805289041065158,0.023346542516030064
5233,0.00732367703635609,0.05428628982691846,0.022214150438352315
5234,0.025297583944763714,0.038412883788489866,0.029535712042077875
5235,0.03508804287599646,0.04664386193360603,0.034910853586763504
5236,0.020766841848801836,0.02356206063336386,0.05362539302929886
5237,0.014372143701363901,0.0336603795543694,0.0
5238,0.06663728558044053,0.020317376489315017,0.021068808794286124
5239,0.03222563915349407,0.03684461878674822,0.005608868460514176
5240,0.0318085369699474,0.019640358454684658,0.017867786755013697
5241,0.07775144281276823,0.0,0.06570096968118953
5242,0.05177504009247041,0.03161450657712772,0.057682936542880044
5243,0.05685048837109149,0.05092094121646385,0.038949437243784406
5244,0.06653219172410352,0.026845074789566395,0.016077711519587694
5245,0.042314103237184715,0.02554357759826292,0.01931840689484432
5246,0.06766214933873997,0.05000678959542687,0.0
5247,0.0426702320576377,0.010180586600020572,0.03605699806681188
5248,0.04593554732377686,0.023211595371684,0.055246396976534155
5249,0.051530110330327165,0.06742641624723246,0.011106714046098
5250,0.005301630817500919,0.03017299715743313,0.03920309723209301
5251,0.029305583188528227,0.06234508918721799,0.012442098989144737
5252,0.007938396052490762,0.035533588587495175,0.018341020933581368
5253,0.05962374238892985,0.008731251907370877,0.04011520124107417
5254,0.06018295287634167,0.02620303339491188,0.06257114514327691
5255,0.01456687499827751,0.02361813239972377,0.03391869130145587
5256,0.029827296536111172,0.052612373272953726,0.006389176235753025
5257,0.02691004975219118,0.01872047719084098,0.010772852409917114
5258,0.048800136018843754,0.042909093313908,0.03825881823282768
5259,0.015041128264361355,0.01894335488199621,0.019981622909921767
5260,0.049333255475041034,0.035306404015398786,0.04755542609636185
5261,0.04993076750768352,0.05876250547744716,0.011050238944330238
5262,0.015231343950428263,0.05616960684817901,0.05480148104424996
5263,0.03863289616743564,0.005324611040433955,0.06186486792191001
5264,0.057721905208295045,0.015236818572909991,0.05375071543444187
5265,0.03269807534976436,0.02066297150938335,0.028159894811966155
5266,0.005208007169405171,0.022168332205748226,0.07101212289904464
5267,0.058020295823906186,0.035936199598477575,0.032490094831022616
5268,0.015408726280675938,0.013978895126958088,0.040632321240376704
5269,0.07309903868440097,0.048300428406950036,0.0
5270,0.05902203190290042,0.02843959735555181,0.023095535114323096
5271,0.08033421138147682,0.035384829071520865,0.025746658715437732
5272,0.04242271728300181,0.043649995840488155,0.057620386430219404
5273,0.0530298185522932,0.012903446389786612,0.01602609577760519
5274,0.019004749090746214,0.03877497098921772,0.0
5275,0.050994684427285386,0.06667578440660422,0.0
5276,0.03504572970793942,0.04826153850528583,0.058338143174817565
5277,0.018354034383757756,0.0652255828665764,0.012472876444814021
5278,0.01605233906427083,0.0476050841498712,0.04317458765677897
5279,0.04552140448063044,0.008719882371317919,0.02688374249694583
5280,0.03281214787068568,0.015762041433683083,0.018207331882041065
5281,0.03991299939165651,0.017457162924294847,0.012857965735193377
5282,0.1556802569107668,0.0,0.04228565547453516
5283,0.03295168906271778,0.0,0.06441757787467696
5284,0.0,0.06185624089985257,0.054779230870489234
5285,0.024907964667569556,0.048318658355076,0.02867134259857816
5286,0.08435527664184297,0.0450753176784996,0.013650407308318104
5287,0.051043049119166226,0.039952476394414564,0.017444417677241975
5288,0.03867213182491929,0.04014602332446789,0.020500014501906628
5289,0.049776049431328184,0.07317764493513577,0.014073408516264176
5290,0.022860210252683037,0.023283387059944677,0.02288004149209978
5291,0.017130960541542166,0.022695697021771932,0.06939204260731915
5292,0.0687647298589891,0.0,0.10029712034539638
5293,0.13182059746397173,0.07271564732464521,0.07041857874921247
5294,0.008360801321049082,0.007625220251594946,0.01750200294203531
5295,0.02325078873184089,0.038978902517796815,0.018713046286343665
5296,0.051929284980081286,0.029614351868370314,0.029175631487444915
5297,0.035912456084185106,0.04511478318543333,0.020850371527298822
5298,0.0333744046353046,0.0422469843766465,0.02093018830118497
5299,0.04187729614385028,0.042488547049628726,0.04309308246572402
5300,0.02949689143743862,0.025815103674213736,0.06993613966178291
5301,0.09222397457066665,0.04157789581687185,0.07870686809880982
5302,0.037270588892545475,0.0,0.024771770607390598
5303,0.04863690264697538,0.014123549072191334,0.03252837452566351
5304,0.027721346144929312,0.02438005396793181,0.08547802223150244
5305,0.05720257057199629,0.020183191466737256,0.02448157752504242
5306,0.04980479463212604,0.06838775729862533,0.01728411648080595
5307,0.03628065911240858,0.010459996144859573,0.02844551973618289
5308,0.04710822526293278,0.05695209087036789,0.05095547662443961
5309,0.055027062058444896,0.03585077617434777,0.019614839745496722
5310,0.02498443841400656,0.0165426747876385,0.043814252028156926
5311,0.07277002739301568,0.05865483528766253,0.0
5312,0.01627864725789216,0.03230177944641286,0.01924581206897278
5313,0.04627666457613752,0.05790077181237772,0.02784840292914059
5314,0.01795425843048109,0.037074238484365356,0.023028589027298176
5315,0.04965722236530845,0.046865020691484655,0.021375459120663225
5316,0.06792763603757306,0.029342617420345333,0.04024816034424185
5317,0.037028513593457636,0.04635084890324587,0.04648053407455607
5318,0.01084119281025317,0.049347819585967095,0.03813964287173604
5319,0.022395853253303313,0.033865413849673544,0.0467362863535688
5320,0.021081049942058824,0.010129295617626502,0.03039422409889124
5321,0.06802406851595987,0.0,0.06923709674239444
5322,0.0342632827361958,0.02277904428239358,0.013750366676182103
5323,0.06267082984178478,0.04600105531968668,0.0400373169010265
5324,0.03844137922603966,0.1675142250196471,0.0
5325,0.0358423899025315,0.029213715500776154,0.04042090839654199
5326,0.04323234802573659,0.032348461433282134,0.07110820840858316
5327,0.0109423150819915,0.0338663868823361,0.0405513496344039
5328,0.05261241006974906,0.036522629181225084,0.05434171071393984
5329,0.043701522433360784,0.0462280490494906,0.051630721430695574
5330,0.023830922261491822,0.05713635576177179,0.019300021405056312
5331,0.026574638078646528,0.0,0.031645626080410515
5332,0.018509472392440406,0.020933051574180062,0.021761026987197247
5333,0.028683536952958475,0.04103845897491686,0.042665934500572496
5334,0.04983707500838938,0.017532461731865196,0.02847688386696384
5335,0.058318746956001366,0.025390653146414394,0.06082849858260949
5336,0.05025107208882849,0.052998817421448775,0.017144545817398067
5337,0.02448058418475808,0.06737774756772485,0.05964040704223805
5338,0.03903278189532413,0.04076012279536381,0.027093977736468097
5339,0.054279594861810866,0.019342791724273008,0.06573582057652443
5340,0.03616234332699496,0.03470693992646216,0.04128012797564221
5341,0.022641521689331406,0.025219232298732446,0.05191900690442266
5342,0.051521263163046394,0.01438801451907491,0.05958208619078494
5343,0.020340827075936936,0.05291327015945223,0.0
5344,0.045550853389792124,0.0020606352082969772,0.02638475914317001
5345,0.01588236836899348,0.06969384890169565,0.02959094630049995
5346,0.010728374486579442,0.03795605615129443,0.04681039313775451
5347,0.07839235400511836,0.01935100396312692,0.05248729555000178
5348,0.05282368768668392,0.08385938560634983,0.0
5349,0.017916640658539144,0.03026133476016565,0.05649245896715732
5350,0.04695161577021867,0.08776852462493064,0.012392116742605637
5351,0.03936603702310927,0.054483884509494845,0.0
5352,0.05398708521575902,0.05985415960401147,0.04716670906169234
5353,0.04479880310420666,0.02204310547109164,0.0
5354,0.02171825007387866,0.21296717466206622,0.01283387251668703
5355,0.04139813749811912,0.016026856001926743,0.024408453591529364
5356,0.0595322697998435,0.015938319113579767,0.03590691875635254
5357,0.042923007168635896,0.0,0.05398106208744408
5358,0.03210705022881568,0.016953915027483987,0.034282596914961334
5359,0.004298014154535318,0.03372320189273104,0.03356682745141466
5360,0.06732238763914501,0.0,0.03638137269711091
5361,0.012603174850005191,0.031814568591384894,0.028808129678133187
5362,0.08331085743193133,0.04605426773559255,0.03486472687357396
5363,0.029051388430752847,0.0398440543913319,0.05091451043666304
5364,0.02529473784214245,0.019248392774986033,0.00100824214954096
5365,0.030976437169042068,0.04003311924913826,0.023974075633020574
5366,0.0247273180499373,0.05098105880369142,0.060518451437823674
5367,0.10335479901190123,0.052129251694562104,0.06217338855968228
5368,0.04728326881676931,0.04887747024041064,0.0
5369,0.026606459786030476,0.014057962467262257,0.0
5370,0.02035224472395423,0.03523418225073655,0.03279651224993987
5371,0.03147261572770157,0.02380928150815247,0.017390128479922395
5372,0.0636862564031243,0.04728426588825783,0.003787949806829468
5373,0.059196004173338444,0.09524179093352675,0.047709641965297034
5374,0.040255229271324515,0.04054453174057034,0.0628621083678238
5375,0.1225767583174533,0.009070164324336816,0.06025495720800669
5376,0.03053249742431244,0.05056966267237942,0.03894029474192629
5377,0.05690607490870806,0.0387072113079733,0.004704501936253334
5378,0.02783457670762716,0.05613672781216337,0.06324632714558748
5379,0.04100819655748102,0.018569891151380514,0.0466108093588616
5380,0.0,0.06280710357321316,0.023366854264289093
5381,0.02738709615444387,0.03986797633139225,0.07899220015646863
5382,0.03714910238826155,0.004210022882470206,0.015396442638209893
5383,0.003812607508596827,0.062097401947730356,0.071917775448617
5384,0.042547659296377875,0.06187669450216265,0.0
5385,0.0009172832165589608,0.0388777139141589,0.05758003449687305
5386,0.005962807535727542,0.04837851822363387,0.020144388860902633
5387,0.016204322880014405,0.022674185524721172,0.044596453324080326
5388,0.0,0.024268431922793498,0.05379515881701877
5389,0.045604563095136934,0.027478023155323664,0.040040913719349355
5390,0.039574541532081065,0.02903650814900311,0.01574514377667491
5391,0.03923464422316871,0.04440525249955555,0.039501804363546916
5392,0.06237210258967252,0.012362046809986519,0.053322193338410574
5393,0.02607395129379347,0.04207114417439256,0.04775420206710566
5394,0.04135387023485785,0.007773550808411217,0.015276451589080059
5395,0.028107920413654803,0.014262929872796813,0.010397842906779933
5396,0.0543975913695808,0.07699364872716381,0.0
5397,0.05284824077302783,0.04314019781392991,0.026670503390068174
5398,0.009203063973127833,0.030374353598603444,0.0
5399,0.02993613500423066,0.013850992731467483,0.013671362495531024
5400,0.03225284526441088,0.08731481258409124,0.038591156580418895
5401,0.007582897433220072,0.03846116602676704,0.016292890468001347
5402,0.07302092625769646,0.01271360608321315,0.04416245041453337
5403,0.031638533634399675,0.03526164311372416,0.04823319104402566
5404,0.020544563575169896,0.01963713260573341,0.03724965184494686
5405,0.04791246906543123,0.0003175292879783048,0.05951361444467203
5406,0.057020429823169905,0.0,0.032837963968140454
5407,0.022180961068487454,0.07141476460093281,0.04610772114514212
5408,0.08650734326350615,0.09331966931858836,0.0
5409,0.026706029861393282,0.027480761390832466,0.03379010422958236
5410,0.024843808412268423,0.04016233322656816,0.06197533555996961
5411,0.010958357495931959,0.026779988790364872,0.01882962932843926
5412,0.08529588921393534,0.060614387116184026,0.02132819577992628
5413,0.06648142766415817,0.04869069118457122,0.01617096452400556
5414,0.02698385303689096,0.027842863187171402,0.04665741711893757
5415,0.04986288854608218,0.017630094979434473,0.02992117174144125
5416,0.026513548195128533,0.02896360576916822,0.057551262902668716
5417,0.03995998570749049,0.04007640413455089,0.023437043483546183
5418,0.07023233304974945,0.04118934062603186,0.012799979162012573
5419,0.05461578765862126,0.04744885749692188,0.03473466120793514
5420,0.07774396551691153,0.05034429400314883,0.02781076145364563
5421,0.06124744833722384,0.007598250160992341,0.022173589890096868
5422,0.03049601475064993,0.004385093471154765,0.0
5423,0.016048039781525154,0.05644122685308401,0.02652813660512021
5424,0.027745413365039242,0.005711337832693129,0.004227624562424194
5425,0.0648042589208688,0.04074530825138021,0.019097841905541754
5426,0.03821069144596503,0.04130007433220815,0.037770608087783486
5427,0.010309826083810666,0.026293707468123696,0.01655676192806488
5428,0.05037221171272099,0.02001806476638668,0.023838117981233076
5429,0.03093188078556182,0.075893975965629,0.029368719577723704
5430,0.01939948797957191,0.018656744102386855,0.01186626108957175
5431,0.01990915866754692,0.051537355226704246,0.037440380253912664
5432,0.011142178579782351,0.05029600857045848,0.06293319019494908
5433,0.03127730770843634,0.01763818297563097,0.04622641547754538
5434,0.029988034788975746,0.03442459958315552,0.021957868498684446
5435,0.003731867978047689,0.03417198552230583,0.006445394665011521
5436,0.040981548022146215,0.0584575821254644,0.04881710779791201
5437,0.03614459493925539,0.029605744052636784,0.02616464263394795
5438,0.013186824624262275,0.0341973857414526,0.042593458986598616
5439,0.05742939455682168,0.0,0.03158080469488953
5440,0.031240217546097487,0.02960325937456534,0.007657176362917138
5441,0.03653428691440218,0.004158657047001334,0.026961883089825514
5442,0.0,0.013460898265210176,0.0
5443,0.051477295933611826,0.033547857596114804,0.0450665406084651
5444,0.05680555852637251,0.08464490127848046,0.021006228547108798
5445,0.051213936864940766,0.0394362073853265,0.0339378142683581
5446,0.02948735145901789,0.013538990672498844,0.04416730194905022
5447,0.0,0.058321438317912803,0.0
5448,0.03464731294020872,0.0736724940543553,0.010747723403454758
5449,0.05675936439372288,0.04448662247614953,0.024673943832518405
5450,0.0432849993881765,0.04758923244416718,0.029134170409222417
5451,0.05819487676837679,0.025945204924158125,0.017694268538848756
5452,0.0,0.022244664295437585,0.04737969674434978
5453,0.03892426087385566,0.06900738267067258,0.008511030332190828
5454,0.01594894854198019,0.042758568829481036,0.04754969534245824
5455,0.024085383904695723,0.03312528471168356,0.02696699770192837
5456,0.01920981458877516,0.06151124608979724,0.05018995824044454
5457,0.0398447863458862,0.04722163970170057,0.038448207271722
5458,0.0,0.056368148795624,0.12341107753895034
5459,0.07754042272074076,0.0,0.06944492310933552
5460,0.02868735374764701,0.03972134862996942,0.03620479954576683
5461,0.0117523237899069,0.0569419865791402,0.06673327637428773
5462,0.02189772567319717,0.046955807683562965,0.03723977493951038
5463,0.022716639564317697,0.02310528286870275,0.04127485041205284
5464,0.0,0.037635881565695396,0.045671984636805114
5465,0.027854663602437105,0.0637513290134132,0.05464072584317659
5466,0.007810875688360909,0.03244570112489847,0.006988930170742989
5467,0.02046689484418392,0.012834267942084266,0.02217647303112873
5468,0.034653835397170915,0.045255104495584036,0.03638950316491223
5469,0.04456775457742577,0.024877277621845748,0.0003879942467122181
5470,0.056654999804695134,0.0,0.04918749482149967
5471,0.027510165909301085,0.05224485189492125,0.031096838901145608
5472,0.06637928067484067,0.026946434038105663,0.01846819313438224
5473,0.03324221591565811,0.022115481340709713,0.0
5474,0.09319252427598242,0.024215355943975093,0.03284232598244548
5475,0.06173490994294545,0.026546673451757253,0.024980800225609567
5476,0.05296065034645573,0.07191789259333396,0.03157057481702177
5477,0.0349349202281549,0.01730707185063471,0.015369577581293307
5478,0.047302939257053166,0.022239049162693165,0.05447659184294614
5479,0.03583422929879576,0.046956421006871446,0.04403245992904231
5480,0.025131496517790803,0.05862531388965626,0.030049926557900068
5481,0.023464310705767415,0.028429067547972812,0.04142825395384105
5482,0.0,0.025715043685627857,0.020355906083763257
5483,0.004633697613768029,0.049655032245011464,0.033957803549451986
5484,0.04549293729797057,0.030581087232445875,0.024071960337371415
5485,0.043300007602717815,0.028575087099627954,0.010065696084519982
5486,0.040211959076167356,0.04325845177954086,0.03246337392915235
5487,0.05345616439737022,0.03040040912314385,0.09700982889579472
5488,0.03314298770427524,0.05312447005651527,0.0455687643502809
5489,0.0005110267199828419,0.0,0.07967987129447222
5490,0.043524142697505507,0.034529600964995466,0.04872866600264445
5491,0.001404649585355568,0.0552397981585491,0.0325563383738487
5492,0.04129369320520401,0.007012702666198592,0.03373569677469459
5493,0.036005348495255586,0.05647903164382425,0.031749079884239244
5494,0.02733748201209375,0.044091281946530884,0.052466624753874654
5495,0.0,0.058858390929833526,0.054263837041136
5496,0.043512638440866745,0.05660081832992281,0.026322793096782305
5497,0.043241375400465874,0.011394026198914978,0.032179412765174116
5498,0.0,0.07831967612292536,0.009287252950354706
5499,0.012603142534976486,0.004903845862820717,0.044798920392752774
5500,0.04479741975929951,0.03334001222723546,0.06223515045713037
5501,0.02599387916925848,0.04540584487278516,0.019728669752921712
5502,0.0599907035377151,0.009338155515780485,0.059332403176656646
5503,0.05794134371658546,0.0464183181279762,0.012841462217621662
5504,0.0,0.017958201761689316,0.0
5505,0.002355951497640447,0.05768553261831429,0.03473893003368737
5506,0.021155777649154977,0.03403852378544837,0.014284271864275671
5507,0.02338282436843922,0.03883838129979529,0.01705352769523401
5508,0.012945895392730665,0.027016511244541273,0.05220793611374111
5509,0.0034910863453260824,0.03712528263248552,0.015418844670094125
5510,0.07346075595450889,0.05259761311924717,0.0
5511,0.006217375630668968,0.023055157383884226,0.009392164521212101
5512,0.014266795980183957,0.005062606969540376,0.038980671585944184
5513,0.03320208351131367,0.024578792654640424,0.027757780604275636
5514,0.028768130393218683,0.04731710168625594,0.03636304802390653
5515,0.011495021597228308,0.0505047870391187,0.04940135031618504
5516,0.04694273887131426,0.024338825398900598,0.0
5517,0.030189774175341393,0.0037822464075710632,0.03714562239297606
5518,0.11747071773240965,0.0,0.03273552771120783
5519,0.027787097312023074,0.07705830389831482,0.03959476830576448
5520,0.03856290981485517,0.021948633127700356,0.03852922052117082
5521,0.0,0.04904547654102962,0.03136318983284972
5522,0.030230509820113338,0.053046601407518344,0.05190265611023138
5523,0.016642019611621803,0.04124200351376536,0.02067756020168488
5524,0.06478539665850393,0.04991028942561193,0.0065226179622370935
5525,0.03266394121761304,0.020701643973847907,0.04046865448861551
5526,0.06321087979076656,0.047595148943115055,0.03764254738385232
5527,0.027233455785817845,0.018905104392221293,0.049578584225378856
5528,0.02783900381863376,0.05272409078667713,0.028960784803370415
5529,0.04825132479378504,0.030525182740452295,0.048025372286048994
5530,0.03239687234104815,0.0,0.04516053200939242
5531,0.031186688601495528,0.041771575005523386,0.03562702908043708
5532,0.03585352209384105,0.02436029138674338,0.03500684244256524
5533,0.011633367171829273,0.022693915700984252,0.05973361124251523
5534,0.060838409083887886,0.01463544750716919,0.011112296791010445
5535,0.04381930487496873,0.038138573063983744,0.03656609449572161
5536,0.03574794531894341,0.01987524039207657,0.03699200232430392
5537,0.03780594681256239,0.0,0.017157808493127497
5538,0.02407272364784102,0.04333080412007694,0.03992487486122593
5539,0.05581630829337608,0.046351802956460415,0.025785074079110015
5540,0.0316710810417182,0.0,0.0804423425647466
5541,0.06381178136338098,0.025560586078573328,0.030510020237464366
5542,0.023461641882604353,0.08738304857872486,0.053425866078485845
5543,0.02141616831871499,0.08063860821580222,0.07612844287108268
5544,0.05805559352289273,0.0648447675235052,0.02496720909757201
5545,0.01632798956557381,0.03690108444462528,0.008886523748898374
5546,0.03998151740838568,0.0,0.04930962985616494
5547,0.014323216861533037,0.015302103114026367,0.02617205609668101
5548,0.03256298292333192,0.0072321880016695955,0.03860379397396713
5549,0.005584126934635725,0.007740555020197994,0.0026921628284532033
5550,0.05619942660102208,0.025589348789500102,0.0036873633773603733
5551,0.02981347913417622,0.03809475472995871,0.04231684655543435
5552,0.014471298576574655,0.03751364381534527,0.01829085322022948
5553,0.058409180061238,0.04369896545987137,0.03338837994504398
5554,0.0,0.013461722394354197,0.0
5555,0.021297338413253025,0.06620624360149564,0.0284001748589226
5556,0.011674136939235335,0.030817464256657722,0.0037122853359717184
5557,0.038144746790776896,0.029109827736424634,0.045047058603002364
5558,0.04904699254809569,0.04762426025904092,0.029634554085572515
5559,0.039441248163140444,0.0,0.06322991439452562
5560,0.03132099924014979,0.0,0.04355979555014727
5561,0.06960411696521908,0.03766074773155951,0.0
5562,0.05287484684224215,0.03850282020517188,0.03479525581186643
5563,0.059023792356511645,0.03354332484735463,0.01921821239942872
5564,0.008445559471781536,0.015748743102556906,0.066013241428204
5565,0.04998175716809662,0.03590405299622158,0.01500086982172856
5566,0.07297543224653197,0.053401192251382935,0.18879209156436805
5567,0.03261915700094339,0.031350156057991414,0.059321044288990155
5568,0.02522243474354739,0.00668623232532189,0.04084103226962322
5569,0.03154741875273168,0.01049146743896343,0.02173110435645842
5570,0.034657113115941475,0.02338315578198367,0.02454302549340207
5571,0.042322179943569946,0.14042070386148137,0.042713093687341205
5572,0.043944316402153634,0.054605441077840544,0.0504384097109174
5573,0.03030275757496148,0.021737237308211418,0.0
5574,0.05916531185757161,0.0,0.021294124550424856
5575,0.025653924756809787,0.017668898392502467,0.05718533217326571
5576,0.03600728538296787,0.01322906783595474,0.0
5577,0.027206097988000423,0.0,0.01697223751926353
5578,0.03562295867229443,0.023121416633143762,0.0
5579,0.062157908767681735,0.002611203537051618,0.0
5580,0.061013020742046425,0.02606852288509734,0.012312394881276287
5581,0.03885054533452816,0.024959405874139737,0.02292894867120129
5582,0.04428126965931173,0.04336423415734545,0.027439807647374966
5583,0.06178387565478632,0.0,0.07675725732906748
5584,0.008901712913860571,0.031557844269516876,0.02188186590197914
5585,0.06288420911654151,0.029526855139162752,0.0333171524541612
5586,0.013489165044787697,0.03532941609292301,0.028382290762105664
5587,0.12009947001618863,0.03666833001883249,0.048035092328264084
5588,0.018743373193951605,0.02218318188393246,0.020052493370121237
5589,0.04735519178295325,0.0,0.00016240917492266888
5590,0.05897594957458701,0.028377682318642197,0.03974529476462146
5591,0.072891800149232,0.030783440306926816,0.04464754068400239
5592,0.026829252832775183,0.03810359838710317,0.0
5593,0.06861148330146519,0.002752127111861135,0.04039345527108429
5594,0.025290409015966145,0.004443933413429256,0.024970744964790223
5595,0.05752547747862689,0.027210999185655744,0.028587566572468973
5596,0.03352660408559046,0.04096214826171599,0.024179099475998476
5597,0.0,0.044650260545937445,0.0459442039524522
5598,0.05875986860697191,0.07044839532193076,0.026399329320122622
5599,0.02007928923319932,0.021853708564757955,0.044444313020563904
5600,0.0736366018081946,0.06636242226602798,0.02768177791143904
5601,0.020312025946224645,0.08334296816469611,0.09503405099907339
5602,0.03668342364038532,0.05363265641144744,0.014952691232013546
5603,0.04881795980468367,0.03263262164312514,0.05400387265164442
5604,0.029563089744294474,0.022763398242909887,0.04682485060967523
5605,0.08478882042641261,0.03800043724232573,0.015042833714950854
5606,0.020995619479321992,0.06465006669980476,0.012065751974566621
5607,0.008895732234680006,0.040053257522591416,0.04887974632373901
5608,0.0,0.021435624644181417,0.019707127817160892
5609,0.059401948083143134,0.03215153234751405,0.05327677901917777
5610,0.04560537906224346,0.04419874537724214,0.043026249985660424
5611,0.040208737281964384,0.02976246989230989,0.031707572657785454
5612,0.022797147122295497,0.04568460714612682,0.032018678996939665
5613,0.08010657500136929,0.0036873541556082523,0.04967991747057392
5614,0.035387509146931624,0.042104242562867294,0.050610852643486116
5615,0.017664654572394852,0.041393089790462044,0.030901208286771842
5616,0.031023962502656266,0.07653919585295144,0.04355476738018832
5617,0.036846004427628476,0.031249636439757283,0.06618617792416252
5618,0.029279947919211773,0.036479213478414665,0.006598671217976711
5619,0.05103734578057927,0.025151248413777732,0.03480580394577547
5620,0.067091672365211,0.029982870153958105,0.05200970424147113
5621,0.019500323149280265,0.03766707945512404,0.03280994943597346
5622,0.05160928245035451,0.04108018230436814,0.037986520329676005
5623,0.007567598214614141,0.048968528438063895,0.03775752563512077
5624,0.02355802819695929,0.02823494806914828,0.039415766312103785
5625,0.0407396911737488,0.06078972510625128,0.0641329481226142
5626,0.04374400830658549,0.015963783070847403,0.05095130750012846
5627,0.045977112207407626,0.05734631389560161,0.027984814796468235
5628,0.18002384265291782,0.0,0.0
5629,0.06258663399422752,0.041964594510859,0.0
5630,0.07611167250418534,0.0,0.0399729968394065
5631,0.14079366339970883,0.055215360686257486,0.06291288225052069
5632,0.01870178654601173,0.07725204771463973,0.01983637718856387
5633,0.04792579126383802,0.008965050852925247,0.032707111021013376
5634,0.011228755922362206,0.07682229218044416,0.05117061398822097
5635,0.026169898111578462,0.03185003697315162,0.014961796658919077
5636,0.036003921646537845,0.031195620323420808,0.03315133652384348
5637,0.04072346400408542,0.04226557884224201,0.0720364118666248
5638,0.011033751930198309,0.04434129473275614,0.011045355346053895
5639,0.05253623851188662,0.04380010047619708,0.035807721666333746
5640,0.06077534587162348,0.0155571942901859,0.04824999750244314
5641,0.0126213687057584,0.0,0.19584280387054379
5642,0.0,0.0,0.1417306295819451
5643,0.02429576873791126,0.05096730990485987,0.03637459838015826
5644,0.05143211559768449,0.046687349285347866,0.040867202322587996
5645,0.035174257838245813,0.035523949248197725,0.06604851650546047
5646,0.004091082818247614,0.008946631462225652,0.016412290979172454
5647,0.016369957316747404,0.09063549736653816,0.13073450880473964
5648,0.039721532107729204,0.038704398272396696,0.023264224582493855
5649,0.05287922055338099,0.026212431797576485,0.06273034348889918
5650,0.02686336025311348,0.0,0.03602208157551583
5651,0.038879008811933985,0.03333325618437269,0.03129826216128852
5652,0.029114674485355763,0.03163882408392782,0.06178750768774621
5653,0.02261488454879173,0.05354540550092452,0.042608794428833904
5654,0.0012431973515326562,0.04642750387996086,0.030334840035814877
5655,0.058980396989472904,0.05993892787290819,0.014843150161085731
5656,0.03134911951246432,0.04075081690778147,0.03029476185490541
5657,0.09603222390378971,0.0,0.02195484790386068
5658,0.05130368848272563,0.007859958380482368,0.020018913840011185
5659,0.08035214461678848,0.015797613932672618,0.05376859932922419
5660,0.0,0.019377968021103798,0.04584417782135187
5661,0.07664757703604731,0.026900592524896978,0.01480953321034618
5662,0.02432535344882067,0.025368609835887377,0.04382115823831926
5663,0.028281681431704366,0.0472668215842908,0.020031365926095397
5664,0.04639040815095832,0.03493348906740864,0.010928314390790506
5665,0.032520467767922306,0.03577665245214124,0.0464311764668739
5666,0.038587683746633544,0.017611473170544043,0.027106959209785942
5667,0.018719427712016668,0.035311401020292364,0.0021980204500902747
5668,0.019475017687721734,0.016781284258429646,0.046343458719562615
5669,0.01859932843889649,0.03759929530996768,0.023871754383328742
5670,0.051795607032805085,0.047526022200110124,0.023861334202144157
5671,0.022900239006805767,0.05856899197140288,0.04382799642959331
5672,0.04471632770278158,0.000622943712808674,0.0152505465949953
5673,0.008221268582072921,0.04055077845241517,0.030714533756502918
5674,0.06437534114913607,0.006072869422987813,0.07521924186186169
5675,0.006867019301500225,0.015824040536998457,0.04237730993837908
5676,0.05590903081450508,0.04550093754630318,0.010117464521296792
5677,0.03570012713827409,0.03625648019549243,0.023743189202314375
5678,0.033163380050617516,0.033902857993345636,0.027930281448792647
5679,0.036157622710463896,0.004388205944807298,0.013672394771768716
5680,0.026061292209430684,0.041116779368969465,0.01736556555531751
5681,0.07560092981629121,0.050208305128936905,0.03961620336733783
5682,0.043191566392390725,0.042426813173365586,0.038119499430982896
5683,0.05730913115468336,0.0,0.053141435453321374
5684,0.04331585560671547,0.06994218783724752,0.0
5685,0.05728307006999178,0.006739361058186122,0.0
5686,0.0305592539636259,0.01814998914981325,0.04450133621448166
5687,0.12408720043040793,0.04027573021974426,0.07924446867345435
5688,0.019416583977948827,0.0,0.08897634733234455
5689,0.012581689602291293,0.04573636609475443,0.0
5690,0.03391631257413753,0.01829043524344472,0.0005898986233985095
5691,0.03700682501826465,0.04287067738225065,0.02481674863648725
5692,0.06268651872319049,0.05328575473207253,0.04700333896501571
5693,0.15567659813924506,0.0,0.01701829796235685
5694,0.06475839344448227,0.010726815823106866,0.036715073078841344
5695,0.015605295651986496,0.03009497815069553,0.024873492827413607
5696,0.04102038735544683,0.06807228184613384,0.010818556873395503
5697,0.04820979197641443,0.06555817297066349,0.08955211728176056
5698,0.05066948610759833,0.029771420766169704,0.04615663556701835
5699,0.00791670711564412,0.026009836732940734,0.020731391741565682
5700,0.013185723396598424,0.019532250687978932,0.0
5701,0.03568189767072006,0.03245057853709193,0.05372849025841329
5702,0.0,0.02715968264517249,0.04174415138343486
5703,0.05181986089166574,0.047184565157672415,0.009986086036424096
5704,0.020669544899227642,0.024050910142473552,0.0
5705,0.06439704027416189,0.06496526890159052,0.030759990462832114
5706,0.02705896590798613,0.036782141497147786,0.014868532134612792
5707,0.04653118206918092,0.039004611319143616,0.02310506868420195
5708,0.0001208029898895439,0.0633007699218139,0.059901670718266554
5709,0.04950556547045143,0.019802381450699947,0.01012520807494069
5710,0.04086047259615175,0.04760491846167719,0.014443097930840844
5711,0.053437527901425155,0.061229579171582546,0.0038946874370685107
5712,0.006729901432146375,0.028430076200806897,0.03900483751412935
5713,0.06507375502486763,0.03477395011903441,0.033130728335874514
5714,0.06787259692644783,0.04318152455888242,0.008901747628621027
5715,0.041644902078865384,0.008996836632699803,0.023962859682058274
5716,0.04076325038195904,0.015032519604070309,0.009440547337503047
5717,0.023996057235768142,0.0333167035097949,0.026937975986445234
5718,0.04154115865631327,0.03327416276010304,0.03147079033328923
5719,0.03364794114324627,0.03321818877187519,0.03364783888694702
5720,0.022658162194381312,0.07114019006336961,0.0
5721,0.1018624404167623,0.00547298308509068,0.001175514823175577
5722,0.044160526472420525,0.04266666909840755,0.019695456388124234
5723,0.08416967165485387,0.02535202119559707,0.03597594884244597
5724,0.039000680145914346,0.06496452531257493,0.0
5725,0.013564025668043505,0.037099950673990884,0.02571209391618397
5726,0.038505223090425,0.03185829063989379,0.033565831163426825
5727,0.02279916468963398,0.018187214347557774,0.05375456244910364
5728,0.025292043486365896,0.027096536883913835,0.007537746925509801
5729,0.04394035900605074,0.036373111997501775,0.02621996631130985
5730,0.013358570623127888,0.04982593425186807,0.052333193716343984
5731,0.04162759629434729,0.04644744074008131,0.011940158257234079
5732,0.02498026979604911,0.0074651731328416945,0.0188285114491054
5733,0.032523816787443566,0.001405521358145446,0.03296492391149968
5734,0.03107969971485263,0.0,0.07171526361651898
5735,0.06812676658940243,0.019144012663294643,0.04986344098412159
5736,0.015543013167456127,0.04783943231193219,0.052402425906499524
5737,0.08976737594785555,0.026841553495222187,0.03074896275413532
5738,0.08304034861855607,0.06202921533802624,0.0396118837534532
5739,0.06912046080662383,0.004814773299914886,0.1040629049983338
5740,0.04123292362767118,0.045678082669206956,0.021736964970008026
5741,0.0,0.07500320231710127,0.0
5742,0.020890372791399808,0.026960516301346115,0.04617164889714206
5743,0.004232752573039407,0.13054248269699054,0.0
5744,0.025749141458175057,0.04221363482798466,0.03978314314021298
5745,0.0775786815430019,0.04412677571470551,0.0338159313788112
5746,0.037333549264631206,0.021620991958154413,0.03271487409852462
5747,0.04402894356588593,0.029690432529593136,0.002397079424351689
5748,0.052935408935108945,0.03484211452384199,0.038837299405498966
5749,0.02165720258678236,0.029452679470704846,0.05599696704962693
5750,0.030414635515420813,0.06660920573098933,0.029771568120655068
5751,0.03521967350058009,0.030825389725914698,0.05584835177558006
5752,0.016128770728830108,0.15209968477023567,0.0
5753,0.058210837247163326,0.0,0.011384390693864077
5754,0.054453497323250416,0.05982520173593113,0.0
5755,0.09342881250833843,0.0,0.0
5756,0.05624074153362635,0.0484284134787481,0.0386876883254042
5757,0.010274808327678978,0.03690854792787469,0.028959413697793434
5758,0.019713508228308668,0.04510594141424832,0.018009570976728697
5759,0.008592420370877173,0.047538625838767064,0.0
5760,0.027072933256010293,0.03257833912014425,0.023799139552917698
5761,0.03952411950318558,0.049555438504037985,0.047704092588864204
5762,0.02830237429577515,0.04098507009294274,0.016645698619374278
5763,0.0310724328858933,0.0,0.018275454413465692
5764,0.04796059576860207,0.012840389285811181,0.01700060089140386
5765,0.03284732322303837,0.05903676715491427,0.041390051549014956
5766,0.05640611829098172,0.023236903850164487,0.03670959680389303
5767,0.0826649188995234,0.07521304856306193,0.007969345618376216
5768,0.01860728427586988,0.04204578401456361,0.048805998879838865
5769,0.03446666616264139,0.015222065545712322,0.059267939174285994
5770,0.08641411349194751,0.08268219341585431,0.031447874802614774
5771,0.03594471828583415,0.020113691672942118,0.0316599963898876
5772,0.026788273551215196,0.007110013684197068,0.04877339752390613
5773,0.05393924966380845,0.06936303685410959,0.0
5774,0.03450674919986472,0.0017525494663063652,0.054774569434504206
5775,0.06547646731838644,0.0,0.022801505538286207
5776,0.044914891350965526,0.026276981119004537,0.0073065146544357236
5777,0.07119062418000065,0.08932539343313213,0.010676837918650407
5778,0.021639173815223345,0.0,0.0073374108419233626
5779,0.0294458012653509,0.050725235433090675,0.06789073527155935
5780,0.028576207929395886,0.030755387988382524,0.03849457549532393
5781,0.04662167100870179,0.01571477089029263,0.029163996256806133
5782,0.08713995663887662,0.02252194321498957,0.0
5783,0.04245790122494936,0.011712651598318797,0.03599656617582252
5784,0.03721395559822877,0.03391464541144596,0.05480430869838467
5785,0.02591375796764393,0.0271212415417063,0.01027289026999722
5786,0.034006060789330515,0.045860141237115494,0.03837876208513385
5787,0.025141114722704874,0.0,0.05536673291534248
5788,0.021112031223063144,0.021524543905516082,0.034884486648833986
5789,0.049008952938619434,0.046584573824869586,0.04472293700311847
5790,0.04731050742876099,0.04091684983032485,0.08210518589014908
5791,0.0416855745268134,0.03354157370255204,0.0
5792,0.005999181499617479,0.03306927531490008,0.009771573782287893
5793,0.06288161536853584,0.0,0.04236261455375669
5794,0.019818906283510778,0.056830877907514794,0.0
5795,0.024301505689583777,0.02802077070092556,0.09308705241816377
5796,0.027231764619182242,0.05057927472266229,0.08643999258730846
5797,0.0320652397155131,0.01582078911194172,0.06009369572701787
5798,0.059534453273169946,0.046955364193318395,0.0502381845526517
5799,0.03198691092499384,0.047846924752547294,0.013962515006478013
5800,0.032084980889824664,0.025911353807307132,0.03767159774776501
5801,0.03639036754573035,0.03158622419746353,0.03525061185245941
5802,0.02343711346546486,0.022383608790572208,0.022423066044363227
5803,0.015224910222086378,0.010352437623287122,0.02516974269311008
5804,0.04718288146209542,0.0122748557861553,0.0
5805,0.0,0.053507479772236695,0.04271806775342887
5806,0.05799003207666972,0.03225665609000768,0.013418936838555216
5807,0.045096240929063,0.0,0.0
5808,0.08975921194675586,0.048275086668918755,0.0474525674162838
5809,0.035877923675467244,0.00633951008307633,0.0482734142799478
5810,0.03905873660773428,0.011292597259691289,0.03080109355242226
5811,0.09938990231068169,0.010213698410612045,0.006237158031091017
5812,0.011208286007130384,0.019300585440223443,0.05742581930758389
5813,0.006261836361066933,0.1233194284095105,0.0054263535831332015
5814,0.0510690454855362,0.027982237697237605,0.008895892734679237
5815,0.03047256748652913,0.05299333313482593,0.01746174140907915
5816,0.037440978000460784,0.015495051517603711,0.0007851740085948097
5817,0.02376477122108304,0.06407051359938923,0.09202655661377383
5818,0.03090955041815303,0.008075958042966966,0.0477443342993266
5819,0.0644444586847174,0.08809042867799699,0.07738199225100131
5820,0.01576900074808581,0.03893080615578509,0.032010352398364354
5821,0.058577262276775954,0.035264636890509356,0.0392836952709826
5822,0.0,0.044595832965471975,0.01787489240494167
5823,0.04336010671461334,0.01075402659616971,0.023822085907264052
5824,0.006067820454403378,0.02974622333568062,0.06150413769897397
5825,0.04985490169313735,0.039668587829613064,0.048725956271901884
5826,0.05190350358197423,0.04920914729946571,0.033427484306452634
5827,0.13185972591882492,0.0,0.0
5828,0.011762569365736964,0.0,0.0544725042731378
5829,0.0,0.010091905958272201,0.016252288891021028
5830,0.08072145671562116,0.03238312268484166,0.07460519516007223
5831,0.016815673964216585,0.03929794615432828,0.05965252177525556
5832,0.04597076384300528,0.0,0.032986471873037215
5833,0.07711297619225262,0.005560535706829607,0.023906836593386126
5834,0.06384723905284888,0.03018822711195576,0.0
5835,0.03303731237062497,0.0148107927039293,0.032900666561787736
5836,0.05429548448084361,0.03178569678779127,0.07617246281897752
5837,0.02578010047354844,0.0,0.02575972630134184
5838,0.052487749207647205,0.029746526808261814,0.051902578422203076
5839,0.04364898966182341,0.06602533721443926,0.0
5840,0.04162920733720626,0.04120906525097825,0.0
5841,0.13533980554387065,0.0,0.020479708338816523
5842,0.011202978142192602,0.05200949949246611,0.044285841703986584
5843,0.05702583954894693,0.0630450644797116,0.0
5844,0.003876205653840628,0.06635744735143337,0.08901139091995683
5845,0.023893532119508648,0.037084115867964756,0.02588464867883395
5846,0.087959418508808,0.0458796698763334,0.02221104715373354
5847,0.03447332545623493,0.022818452587644728,0.040655059959910436
5848,0.07643063735621064,0.018234043045891234,0.003419739932652953
5849,0.021125553669056316,0.0,0.0
5850,0.03524870905673468,0.05351649639014173,0.05171460038924472
5851,0.005132811152318793,0.039242067929690407,0.01774603729806885
5852,0.02047322688314106,0.0,0.045473251273079066
5853,0.012232255861981242,0.04526267397169148,0.026405187710780872
5854,0.0232903174351583,0.056704668775939306,0.02384059582908826
5855,0.0,0.03321472592794758,0.04171256919678843
5856,0.026349837475911006,0.019528147768871268,0.0
5857,0.06017118547122965,0.05888061947597639,0.023729075000093636
5858,0.04093037356042453,0.05920960242423659,0.08364068626723055
5859,0.03151252371702597,0.0,0.09043859444639696
5860,0.031383674459324024,0.03996954789335299,0.013931028179018276
5861,0.01519455981008904,0.025324118848420105,0.013945404905433986
5862,0.18988059507204175,0.01876453266094047,0.0
5863,0.049970278899762105,0.03391099529708626,0.02668818948296849
5864,0.050024189384210445,0.03847230274597915,0.0467877205971915
5865,0.05153270617845559,0.05569951487852301,0.04040545735744312
5866,0.03704326250715385,0.013199385210355005,0.025010920513094236
5867,0.016520168595466008,0.01606295830406947,0.04059371987570908
5868,0.05765478802449697,0.05615906094246248,0.0603913390939364
5869,0.02817733620050235,0.04194360339752958,0.02645370884379242
5870,0.041572702393083506,0.036220553511443404,0.02070600772071329
5871,0.026465475138314362,0.0,0.08342232423024099
5872,0.017508814281450825,0.0,0.08064427601639178
5873,0.02260201375607873,0.05090510942945765,0.05230832101314773
5874,0.040229839815848906,0.0026890031924428903,0.025626207913410148
5875,0.052605422154474515,0.05068129278128457,0.04531181003914787
5876,0.029076557736750355,0.07858760305041308,0.05670680498727705
5877,0.030820416268302477,0.013176790384776788,0.02944464072837041
5878,0.023123423270011104,0.015827211842645794,0.05062716766873334
5879,0.029736228107625582,0.01603300374239168,0.04838852954318978
5880,0.04504892770883691,8.923091851478077e-05,0.005223994037045057
5881,0.08642674291996005,0.0,0.05919417223940681
5882,0.014886403960861121,0.03839798763713778,0.06702866860922983
5883,0.008126674807483601,0.04812659400281003,0.01917174582259708
5884,0.01620333579554606,0.030073200660270957,0.03936463576224813
5885,0.004504815910529661,0.027536568922297472,0.028496840614056204
5886,0.031177522564759988,0.04054151211457041,0.01779500651574036
5887,0.02103271856755366,0.04693545556160219,0.04454006311647752
5888,0.019837164205928914,0.010932989992533828,0.03583347082725884
5889,0.02624926035823098,0.05209423783156878,0.03590698459100248
5890,0.0038986448862937603,0.052362674452713094,0.0
5891,0.0,0.044563963309203584,0.05302783562149832
5892,0.038317330983803854,0.021003365264400307,0.04702885147428861
5893,0.009039216172044595,0.04221181846366049,0.04637086763954528
5894,0.03584570480718272,0.010614000460626554,0.04916120354668749
5895,0.015249735230948955,0.0,0.02595140185487257
5896,0.026650358048863867,0.0030331872892849407,0.009188105275401925
5897,0.03456603063406984,0.044838344530451935,0.028659173618522535
5898,0.030173561693723126,0.061289894319519006,0.04025944099230631
5899,0.03340707451752926,0.026896104530848747,0.0345943754968672
5900,0.02875498210174221,0.007099278909494179,0.031142244036941654
5901,0.017993536807456082,0.011201673658453348,0.018103519047418856
5902,0.048822010366290476,0.03522445471087657,0.031305766937208296
5903,0.051825025135279555,0.008568122378856804,0.03563074470036854
5904,0.01598840845272951,0.01717378546097657,0.015543987086861713
5905,0.038554700460355855,0.05440123691552037,0.014638247749642964
5906,0.051524855844153374,0.060372027827000824,0.03251229738989678
5907,0.03540839333991654,0.03227566387489386,0.027561885207207315
5908,0.08004466964848067,0.0683145428831024,0.0
5909,0.044570672273123564,0.018835706395886012,0.0013094933607633817
5910,0.02279203409960523,0.035027830087614883,0.0193344772281601
5911,0.05864996587548594,0.032615356058091925,0.04100797344095426
5912,0.04163360745263165,0.03775553654693536,0.06550685591069981
5913,0.03984905016866332,0.053494053009186145,0.05020632819999838
5914,0.034226885047028095,0.0431377198226758,0.031192564176338238
5915,0.0263450350957366,0.025572479718744337,0.031082589034435035
5916,0.009786104816750569,0.02837024123181212,0.02868380688014903
5917,0.02978508735940701,0.022843451029989595,0.02475954379639779
5918,0.04001538808771326,0.058510389003067965,0.04181959449964911
5919,0.11545882876095347,0.02198186665690238,0.04061523799722054
5920,0.01336150228756746,0.05549795087025365,0.03631487020776597
5921,0.02157330255461215,0.005849028367198111,0.030381203263957116
5922,0.04470626887774163,0.028112977339106237,0.058708428198421626
5923,0.0642965383677011,0.04312386071025772,0.03835508444857539
5924,0.0,0.018717774960266796,0.017595448029911476
5925,0.06336519959896443,0.04066489024598968,0.04012474814627903
5926,0.0,0.0,0.0
5927,0.01587100479843054,0.03248413988595434,0.03644210078986323
5928,0.00934863600103703,0.04167469272991342,0.0461796759755618
5929,0.031238822882956912,0.036075071624466326,0.05459083233762424
5930,0.039215518617539455,0.037182032072089456,0.012066084983091821
5931,0.07699717531750512,0.02774273858551833,0.04557121022861351
5932,0.02509299813882883,0.03990619014922834,0.020553218899062514
5933,0.009662259267953319,0.0,0.04488418095738724
5934,0.01180269094665077,0.034225056052103686,0.0
5935,0.03163676200017721,0.045983862478196615,0.003363394574123569
5936,0.04714972656898105,0.03475890002257066,0.009133660444286157
5937,0.029412200343122568,0.05717250754972402,0.03923529715692105
5938,0.023712107927121376,0.03477552389481219,0.061565448255349896
5939,0.06854934358650243,0.02298378299677538,0.031601036451448614
5940,0.08047459171337347,0.0,0.045907732314904186
5941,0.016931735111680744,0.05236420790176718,0.0
5942,0.04138461078995711,0.03645272627604655,0.041870446409529666
5943,0.045998983881711086,0.06810576981148592,0.02399193489857942
5944,0.04623502296344256,0.04082235148814364,0.0335333295283418
5945,0.06018299198402595,0.0367215475009096,0.03335656238615308
5946,0.033813950703171135,0.0443656857957603,0.0630383852343865
5947,0.06465408230088662,0.06185342244158904,0.015751052402999833
5948,0.010962088983589446,0.029603718078306515,0.011792271792361489
5949,0.03992416831715145,0.03946192783173565,0.06752989972060727
5950,0.06590243718528509,0.06956350429441893,0.02776941696168609
5951,0.007398207815699702,0.02372220452836818,0.0223177766933358
5952,0.03836042641858334,0.03845831736655084,0.06363525864371415
5953,0.03731648617262944,0.05022256069531211,0.03399270975807853
5954,0.09106169461402062,0.017665299764095102,0.02195866101600319
5955,0.04906758918873747,0.04762198320827792,0.021442507201811793
5956,0.058422683879315866,0.05276203591410519,0.005747850323336981
5957,0.01558081958550355,0.030640164113988774,0.04835675552326435
5958,0.03303896185274861,0.052221158870186524,0.029788798972909647
5959,0.06801530523424278,0.03111129802003838,0.033633761669535786
5960,0.056006063957918906,0.01598636137287271,0.027878122672811066
5961,0.01941517708241203,0.025156913664047934,0.038017156704973465
5962,0.04927017558764993,0.0,0.02870196192100342
5963,0.04296402120281159,0.05318520231684522,0.04436644172087845
5964,0.05616660008246812,0.03712231210144348,0.054354633478528
5965,0.03675968046452817,0.051051382073242675,0.08002202486846223
5966,0.046420915718756395,0.06406674386826848,0.03533303526194624
5967,0.043313997539197534,0.03904877479733169,0.06881127792813362
5968,0.12350522321339868,0.0,0.003816889271299785
5969,0.010124157550780027,0.012162951666932093,0.0183219021962315
5970,0.031327541538142586,0.04774378804741713,0.041485097662052085
5971,0.08097657153509943,0.032853879579039014,0.0
5972,0.061628635093611835,0.02129398497387228,0.039685272999942366
5973,0.008661176566955276,0.03665432722361065,0.014265746140857205
5974,0.06069013185310503,0.04643910353634018,0.04384213254290009
5975,0.1085641592894143,0.06936917888469465,0.0
5976,0.033103348274861104,0.05385580837704396,0.02396628895913643
5977,0.06184135737451457,0.05673129351732986,0.03786476491189214
5978,0.06908293606892299,0.028694463089764304,0.030301206052486
5979,0.022770013178064145,0.07313848233685678,0.050533037800308274
5980,0.036186518223208855,0.030808751077936822,0.05390455236375822
5981,0.039114052682216405,0.0035212042651078753,0.028378906585444286
5982,0.012432000784389436,0.05627113535198285,0.069132950852117
5983,0.01093562620874638,0.028315729202636336,0.05344691431695702
5984,0.05051319186712527,0.024216682467870607,0.02987893726115456
5985,0.06104231351072495,0.0,0.05198929688619977
5986,0.07195348137188459,0.02429334961935712,0.012780942583127682
5987,0.03885246502275571,0.058286818843196954,0.06188930625294679
5988,0.05051451121410455,0.028601169855160674,0.02357157015128566
5989,0.1094495273650008,0.04704411043440701,0.011734789825690109
5990,0.003762907166070769,0.0403277253485591,0.0412352824045033
5991,0.04471441173623607,0.03542837737423029,0.0
5992,0.020982428326650256,0.12528753905348017,0.0
5993,0.04759423667783547,0.03176387284742279,0.035883866952064164
5994,0.0312648755830224,0.009062347527681827,0.06949939870635313
5995,0.029773238243074877,0.023664510409793286,0.023706392124011242
5996,0.026624857282355304,0.009429291510651605,0.03506069781333163
5997,0.04465966020133577,0.027176560759617354,0.0008422687157043316
5998,0.016365331500064948,0.05513771917859304,0.03556295310555559
5999,0.017945183139303444,0.03578754009841751,0.02752191588745613
6000,0.02145779002445426,0.03151122912098667,0.0060085786883241205
6001,0.03373723691021174,0.020720233127900733,0.041523346729105376
6002,0.053596936811933005,0.021840547640510338,0.03030304798652994
6003,0.017634908349101506,0.06622983668624301,0.026677246026918126
6004,0.05494030738491463,0.01785315514367126,0.03376549334876339
6005,0.040798687316556094,0.04688379655043029,0.029470156027323086
6006,0.02377971354950069,0.0,0.04067322944312435
6007,0.019635140007511216,0.048696677640699564,0.027848290766325935
6008,0.015434740503422827,0.08057574415864058,0.0
6009,0.026460817518173054,0.024487385777466793,0.07772916632865404
6010,0.03380488155074668,0.023031232949587657,0.03366848538336472
6011,0.037608910718881235,0.06305129089318774,0.011737105920169327
6012,0.031010342421869844,0.03985638503834204,0.048665024698935945
6013,0.03281611054183752,0.06363164434076556,0.038107645487791504
6014,0.0795107793620893,0.013863087250636619,0.031971514376692226
6015,0.05671520435011742,0.07641371116326967,0.031107423399058108
6016,0.050012988164668405,0.010089119613104403,0.042257334569550824
6017,0.05455750217128419,0.05573713582512125,0.009905586470202976
6018,0.049484457568713745,0.056643596181973364,0.034077648100673076
6019,0.026722226272511092,0.056802403474670096,0.023490011248865274
6020,0.017833373232941905,0.025994431590823094,0.031596306779710225
6021,0.0,0.01754461861866367,0.0653865888928784
6022,0.04677824689394511,0.016724716518140077,0.020085391922942165
6023,0.03188743365213968,0.04333578283029499,0.04742127197963466
6024,0.022253632233416285,0.010904458065522149,0.015529286517332175
6025,0.05411210558606121,0.02249297542646427,0.01693839439996217
6026,0.044652357292143376,0.02847631808797157,0.058197051610962315
6027,0.0345738245369508,0.06982958279464378,0.049391222180394205
6028,0.005113195062404837,0.013432690313645487,0.028984198955244882
6029,0.05040866438327087,0.0022336835982035216,0.07548574669678725
6030,0.028567387457311258,0.029203716231333415,0.013179781300146501
6031,0.033815844603524346,0.06427005929238,0.055272115731395954
6032,0.03412399527865929,0.041594675829568675,0.0
6033,0.03900504409704125,0.04401715109386712,1.6791264760195046e-05
6034,0.039197892833522124,0.04118510469440319,0.030597019844035376
6035,0.049781764121801186,0.02217017093414127,0.044686797133579925
6036,0.03373071456514987,0.01216950422310506,0.038098251151881646
6037,0.028741181568513748,0.13903383927049703,0.0
6038,0.018876136510308037,0.05198454092231286,0.028753482247309208
6039,0.02256626440442182,0.030707420496195733,0.018897701105209025
6040,0.031546258501252124,0.024351127896489754,0.033541629792062204
6041,0.1006625538040764,0.02485001372687151,0.0
6042,0.07692006746536253,0.03996995741825554,0.0
6043,0.06489106648377921,0.007545386640339167,0.03071064133269504
6044,0.019303409064591947,0.022360369425066886,0.0
6045,0.034179366584033,0.06149173326076384,0.048091718109326186
6046,0.06045268014407588,0.051004998655385124,0.05454680903736369
6047,0.042459440283527494,0.06667229544561534,0.013760869933867062
6048,0.044403880891768506,0.01896370888747241,0.03241886419353603
6049,0.03980522738891886,0.06009365649480171,0.0
6050,0.03281818517292602,0.06134451711882231,0.0850695580750861
6051,0.026507415533605878,0.021914373171836154,0.059022606880991264
6052,0.03163195177645575,0.03569645175766397,0.014929496951945452
6053,0.04156688765075641,0.057796041046849954,0.022310646755104288
6054,0.0159509535935267,0.0449844613346781,0.010411813909146075
6055,0.05001698732683741,0.0,0.05936755444036512
6056,0.06149333523156769,0.02741368407566838,0.06355307064888967
6057,0.0,0.041794001957990816,0.0245448621147466
6058,0.05210698751172124,0.0339684045611142,0.03660336205931035
6059,0.029167259992777878,0.045819118049691764,0.036407213435054014
6060,0.0215483538959264,0.023983875979275433,0.029224172579723113
6061,0.09887484103835326,0.0,0.030593222050364452
6062,0.06810907104265099,0.04746435131870223,0.0
6063,0.037499011131963,0.04257215640969302,0.05441110193732912
6064,0.01823789270395202,0.037673508169577694,0.045866656043654176
6065,0.05139502130969686,0.032116701457809545,0.02557954303823658
6066,0.04098947581293139,0.020384316426336074,0.037678554877045474
6067,0.0,0.1521178755367223,0.0057807837916671045
6068,0.0613028300421559,0.04854591576889177,0.047570409574535566
6069,0.058728728398009994,0.035391631862989284,0.027185621775882806
6070,0.05288773904415704,0.022974176180264462,0.0
6071,0.04433857882698751,0.009009121144593776,0.043697873395754844
6072,0.027867958187115655,0.06045757554692253,0.02684853737793511
6073,0.009294941803029935,0.04609180481574854,0.05018652666362395
6074,0.0,0.04584442878857983,0.0
6075,0.10168964553188353,0.04018167089298828,0.048869944717532574
6076,0.02202597501668375,0.0329782799407553,0.010964129754824664
6077,0.034366558941236976,0.013860442438627127,0.02619304136708568
6078,0.025725833659749408,0.030001284882731516,0.06395350630989845
6079,0.033968240304408794,0.048573559438808665,0.03069570911465221
6080,0.04633455860920701,0.037442010809331704,0.04018931997866867
6081,0.023278943489505193,0.03824275750045301,0.03245149465045592
6082,0.017367767073533723,0.05950347373660861,0.06331718424374638
6083,0.02270230632487716,0.024422812505101255,0.01777997156787871
6084,0.036334463931986916,0.02743977877238311,0.06559266680105212
6085,0.004729645073638124,0.050480894861327986,0.031538963988299556
6086,0.03209377011351241,0.05855752852043139,0.03858055286280702
6087,0.0999592197304185,0.016294679349094333,0.041139719660625074
6088,0.027465609341580405,0.016725668895041373,0.044171394714360775
6089,0.07716049002214549,0.07943100650360217,0.005539536968361654
6090,0.015650024863223325,0.04702843484560369,0.0
6091,0.02475554537582055,0.01286421941129149,0.04047321284716082
6092,0.03670444281415214,0.056162545148449546,0.010668612485265775
6093,0.03486726045779895,0.0,0.027651572569940414
6094,0.0516197165897769,0.037128052865452364,0.05679783207274978
6095,0.019254794964609807,0.0217714727114639,0.024169684430314375
6096,0.0568479408432547,0.02194535737038974,0.0469965121753896
6097,0.00885811335042166,0.009452577370122455,0.036982927832516214
6098,0.03254685397877506,0.004988807201658803,0.020481669482347482
6099,0.036899224411903395,0.06260611806381043,0.015935096094993124
6100,0.024104463725446584,0.01535886506480493,0.04114037064860912
6101,0.021256114149645438,0.03157989011875421,0.024925610985259566
6102,0.08084230008426978,0.03525313431897521,0.07126488127065432
6103,0.015262341524509396,0.05845926858905068,0.0662884328551466
6104,0.021660725015788345,0.0521894310554031,0.024171318073107434
6105,0.06493153252049885,0.04723606511168861,0.015543801445358729
6106,0.02141075483018541,0.04251401305703669,0.028163064170013557
6107,0.022395840113673057,0.03362164536502038,0.02342199201136859
6108,0.05097262889243602,0.08229347171634774,0.14007153286999724
6109,0.03303008693994202,0.03547364002759244,0.017139388384083513
6110,0.03342358914394489,0.038158433277964546,0.0
6111,0.08083748493921783,0.02825257497922882,0.0
6112,0.025673553868908943,0.03518249121324387,0.02037635578697018
6113,0.02544902841663962,0.01613329185613914,0.03174454252199973
6114,0.09871611440376038,0.022536499731204848,0.017257563448945926
6115,0.03013770095753911,0.03649599830185172,0.043521983602756116
6116,0.023866272744462822,0.0394598930458659,0.017100669807717905
6117,0.03044125556794271,0.04310481964094002,0.04326431134561708
6118,0.0021186814204219723,0.046578498550771195,0.023788135800266553
6119,0.046298769188530674,0.038297699870366145,0.025436772791271083
6120,0.05078475400004112,0.0,0.07670814584570558
6121,0.012719646396472696,0.04659112198822247,0.024761449641482098
6122,0.034819336798111666,0.17524305768569726,0.0024995359914654347
6123,0.040403839036837426,0.02428448760361993,0.03817547209141676
6124,0.024206120751686155,0.010860065995226416,0.023108884423656936
6125,0.035721585527026076,0.0373212417404237,0.04281175765181234
6126,0.012798222334265046,0.06150661830376899,0.026455231980127114
6127,0.0012072931813391363,0.039315587821874894,0.05268267591290048
6128,0.027828723295119883,0.04232256121418936,0.041558520782036
6129,0.013347012270969773,0.043298657462298856,0.048290873237865246
6130,0.0298641587860153,0.029416317308735573,0.011620635551249934
6131,0.028875245659694886,0.010043034246920449,0.05602324991480825
6132,0.04007754543089959,0.05643494039068799,0.03325620698540659
6133,0.005721193207460534,0.021524444478088295,0.036597914786343576
6134,0.01898489839827212,0.03692345456088003,0.048034467618919885
6135,0.0,0.024414689754348306,0.05184214923294903
6136,0.0568436347526412,0.0,0.06980478402288878
6137,0.04677481117116136,0.08958338847315742,0.03132433770897631
6138,0.0,0.11857516295973816,0.022791823277012114
6139,0.01914352687184936,0.004982800229392649,0.024469890137554573
6140,0.052794605348457695,0.0,0.03324411979990195
6141,0.03247472971482935,0.04100101869166819,0.04126824201483668
6142,0.09470183551557872,0.05908135098417554,0.018265389041173915
6143,0.06170519675746948,0.02624034625578284,0.006857153918091734
6144,0.04738033553383004,0.05486953685113713,0.02420293224560363
6145,0.036795634876028174,0.022617602112571984,0.01885559452691553
6146,0.031801298879046265,0.03251859945255702,0.03949644259509034
6147,0.0160372797734864,0.07926855819284188,0.05185013367474058
6148,0.04653653021847262,0.07222441057905966,0.03604533834531382
6149,0.0010475660413119398,0.023183074029750728,0.026199496987789072
6150,0.024810971612137384,0.052151030382521536,0.027070397430834905
6151,0.08076970479269951,0.0,0.06212689890407551
6152,0.0005922038876818719,0.023513450491982654,0.0
6153,0.038934577404325356,0.06943121953879412,0.0
6154,0.03499564588512039,0.03808935441775752,0.04037088837252051
6155,0.04422841987307798,0.03980608556040303,0.027759635422098743
6156,0.021361764245007204,0.028119318920940915,0.010302750816951672
6157,0.015647356618381056,0.023511420274483635,0.03564231908894191
6158,0.0234447962929802,0.09596089802401543,0.030677484414963468
6159,0.0482459627312024,0.013970968780564724,0.04552295579355603
6160,0.02011519080754387,0.011734155025652096,0.057789900527600524
6161,0.019296354861601674,0.0,0.05431191475290553
6162,0.04866550748420274,0.0669838249530325,0.01797280707202228
6163,0.02742786523666377,0.03311464890956101,0.04044475287653256
6164,0.10861637145760869,0.0,0.0
6165,0.014199373453369076,0.01322704500161374,0.1544003685067058
6166,0.043834096545741365,0.05614627297534249,0.016613164646686124
6167,0.08613416286497728,0.024692117258696477,0.057491228173482865
6168,0.09028829549147815,0.011032680365568854,0.06157456339929289
6169,0.03613410427628617,0.031529122280437506,0.01644741373704131
6170,0.04666431952399694,0.030562504739144184,0.020361050925777294
6171,0.012221399750356368,0.0873835688723106,0.04081897075185418
6172,0.03224564671248818,0.06309908694890864,0.014741820236776386
6173,0.02527213118645788,0.027797481534509342,0.03549465377706391
6174,0.02454599207396206,0.026226744010406745,0.02649832205305311
6175,0.03861689939422248,0.042220712716338656,0.04291918066202336
6176,0.036102673230296596,0.04406467155777317,0.05041913892386871
6177,0.06017116325535918,0.021853003099437173,0.04246583085167437
6178,0.049949340637182316,0.05576242989262841,0.022424624866252935
6179,0.04012326081636155,0.02989639211939645,0.021805292708141858
6180,0.051798724067724865,0.07017262799272445,0.0
6181,0.04975492703816708,0.04113226622573394,0.029992719753714592
6182,0.04322995963512035,0.021605409068253107,0.036685183318361334
6183,0.0551716869121911,0.027753116825686763,0.04611681965985718
6184,0.011913029946307496,0.041109389672967074,0.0
6185,0.003998545385839658,0.0,0.056211450328872495
6186,0.03541602756885559,0.02660487889697932,0.02501017412291222
6187,0.040086148768087145,0.049178285395893646,0.01067754126971765
6188,0.06371181183324459,0.016853191270400775,0.022048862833081363
6189,0.03889644996376728,0.017006801691515357,0.03908805923283856
6190,0.031516919197676636,0.032982524286589855,0.02164192711033522
6191,0.08312320738382475,0.052999375458166714,0.018329399420876427
6192,0.039324328280702196,0.03638311365174169,0.01894597290034779
6193,0.03790758391652831,0.054182442508868646,0.0383503824793744
6194,0.03414851267985688,0.05842285091597422,0.047821891085345465
6195,0.06674120967191144,0.0,0.081501028858106
6196,0.04387609174738409,0.07904342006968253,0.0
6197,0.07343619743077606,0.09474480622713229,0.05967335334438599
6198,0.03611284200570778,0.045121916729744437,0.03585519908765559
6199,0.044290715692279325,0.07437594114984404,0.051034929349024157
6200,0.029181009796953584,0.022015580111072307,0.014374191644329662
6201,0.06607410723150975,0.03052791758301009,0.040635780859409755
6202,0.03835285425610395,0.014547255959755869,0.03585711118558441
6203,0.027140203868450306,0.0,0.06664537704998813
6204,0.033794911875108344,0.024715682881770132,0.0016042387960136795
6205,0.0944910442504118,0.013338081961597796,0.0024803222366046153
6206,0.001592418169334961,0.03637819213526194,0.04214388813992464
6207,0.02510274504054794,0.05438146411860963,0.04268983290927834
6208,0.055958263883645165,0.045381281382725513,0.04855969544547725
6209,0.05969663091732186,0.06457458177690223,0.02252665187636429
6210,0.031183044784379995,0.0,0.07672642893061911
6211,0.03581243647120436,0.03740632276577271,0.038397586776538255
6212,0.02337164102379803,0.04651020559111487,0.013692411345068684
6213,0.040049405206634026,0.03482133644351005,0.0587229260726905
6214,0.04599089015922838,0.05087530454933235,0.025326259847182602
6215,0.03865331643884703,0.02212543817678132,0.004388121582159725
6216,0.021524538136397504,0.017423462393981026,0.03554043055936051
6217,0.07096744135747557,0.01665859650749552,0.027932564127392853
6218,0.056520194994804665,0.08940357077186924,0.017625564532194833
6219,0.0572755318937911,0.03549113005060356,0.025748873557760742
6220,0.026374999416808778,0.021604621831247766,0.04972847773796585
6221,0.028289622973760236,0.029766142025630493,0.017828570758436375
6222,0.029203010707736773,0.04514172952382162,0.0
6223,0.055864672609646185,0.03966670646883904,0.02822040428081133
6224,0.04938402546782809,0.0,0.034962943215215425
6225,0.044663589816336495,0.027059252581237692,0.03309792567452207
6226,0.028597714628828947,0.05414249755727485,0.04880815414603414
6227,0.07545976801851717,0.041760768405560963,0.057242135799514815
6228,0.012974130920812564,0.031487889209286586,0.03844343179531865
6229,0.06244064051487645,0.05006688943804209,0.07647232553343354
6230,0.02150922658299272,0.033152902634904634,0.026472528421244746
6231,0.02387337007054365,0.06122031300528893,0.03824006017799398
6232,0.06196915421245611,0.019078522034790796,0.019762576326803297
6233,0.02387249803230999,0.06387237724988813,0.04022880583674951
6234,0.0320509702918643,0.02663366915144423,0.02747032698203376
6235,0.008432757950218797,0.023430342013850178,0.03363588145884803
6236,0.04395666555938276,0.0,0.03743177007149552
6237,0.05291667822699642,0.0,0.01969907362379426
6238,0.005944283014565381,0.008591720625520587,0.08959248849614268
6239,0.06552164761848367,0.0,0.0856276150684914
6240,0.045462324301208556,0.06915509368100448,0.0065037157679045665
6241,0.05318616394859275,0.039242525277610026,0.05811825401825256
6242,0.046056470145305395,0.026234981514728434,0.04832840546802305
6243,0.03560342486866549,0.013928739839999961,0.021320077048574224
6244,0.028938600424809127,0.03754204551012703,0.009375564603503894
6245,0.06164653941043475,0.03436288307069924,0.0182858412526989
6246,0.01960986165052341,0.04925159465895531,0.03867645243753844
6247,0.027622167134140858,0.025581197742040384,0.028233844267751277
6248,0.04578495602776413,0.06152837945763027,0.036230906446397496
6249,0.0,0.06629257690600968,0.03802422735688985
6250,0.0,0.0893325338123784,0.008294226326987468
6251,0.03453721536912831,0.0953563499536084,0.017258760044223304
6252,0.03518382975515689,0.05663689868917976,0.0575022878218776
6253,0.027909309775307405,0.03726573293260014,0.019656379054664896
6254,0.07674109232907872,0.0528323119703989,0.02026637257420498
6255,0.045777239027571415,0.01984724088817948,0.05187711972558886
6256,0.008344912155223141,0.040406981349454384,0.012993101043348035
6257,0.02927830257530017,0.09636264227841405,0.032595094616163466
6258,0.016003929614269535,0.038174625965608854,0.014013176921360922
6259,0.011496864369556182,0.028101205832959695,0.06308728948271393
6260,0.05930473592380156,0.0777393552064863,0.035306815553507634
6261,0.02815991305241246,0.03276648473173606,0.013739532085097142
6262,0.07942725577256089,0.030530732398821623,0.054067318680202196
6263,0.04217867870246155,0.06670246663317722,0.03359954948038008
6264,0.038092315101017446,0.021332664746209564,0.06852585228927813
6265,0.045396680354365504,0.040672172523991974,0.02941352494914988
6266,0.03136792548008972,0.01984560327030969,0.042668212307309016
6267,0.018180201051360086,0.12429869114600034,0.0
6268,0.04936672819308305,0.05992199131734977,0.02638242732233309
6269,0.05545394807668815,0.019752166922643335,0.033966774686445364
6270,0.01674328424985461,0.03920417276434671,0.0
6271,0.03431278682505195,0.03431581921962119,0.01426709620039209
6272,0.018664079261381424,0.029635732645226138,0.029673735145757146
6273,0.0782231744583366,0.0,0.07920403797342407
6274,0.01348292068701759,0.26406660585089814,0.011120184801529272
6275,0.01671414112142583,0.030105290887383455,0.015732079498955175
6276,0.03221055482582092,0.0,0.007544962334905564
6277,0.07785040092003373,0.04207514177991649,0.0
6278,0.01982638506404537,0.05205582006690815,0.03683413392471213
6279,0.013351671358048718,0.08484450816808578,0.0
6280,0.014981770890475962,0.01769606452220294,0.04435051843945453
6281,0.07176143873450076,0.03627768676524989,0.040747478146999805
6282,0.04805030257000185,0.03287571772406516,0.03846803130195692
6283,0.007538114888984417,0.05822689348195501,0.031051691917429795
6284,0.05438173310646344,0.0038107165170155324,0.006482382637022726
6285,0.023524849443335587,0.016553604970693043,0.009072895408093149
6286,0.045229985864798976,0.034021003481556185,0.030774043616688295
6287,0.05895322792547892,0.0,0.027556938579686833
6288,0.02453049160320861,0.046790456037521196,0.05895395024034697
6289,0.0169586354226028,0.03385091889836443,0.03500024211589941
6290,0.0073765939725226005,0.05587397938735339,0.013521052239407062
6291,0.01620134266446796,0.024425025952247225,0.033416378655188296
6292,0.03905793039831413,0.037429094295796224,0.03054635707977589
6293,0.031228489133497375,0.061039169830225996,0.008632374125961321
6294,0.05071669559493263,0.015339549546758372,0.06556449961666644
6295,0.03555424231190519,0.017242004337545653,0.022320168879689444
6296,0.05448511385742468,0.02790984855982488,0.022670417080579763
6297,0.051977857399093295,0.03346558186680044,0.0
6298,0.03527210018151256,0.031113905440496494,0.02696802170101052
6299,0.05207575488967133,0.032998472228952434,0.03234596547975007
6300,0.02518316749225184,0.047807393538138364,0.027629181351445212
6301,0.06343246244474844,0.03428908965416248,0.04699510678160178
6302,0.13897790711574934,0.0,0.0
6303,0.0419498566735979,0.04103759686071137,0.031841276562188735
6304,0.024955107234612955,0.04796088956367856,0.03480911216936495
6305,0.08823229344061126,0.09283752523000038,0.0
6306,0.01930517785084684,0.01744456562239489,0.018549470481976735
6307,0.027155815135770825,0.03936203824181449,0.04221548497917044
6308,0.03983636790110328,0.04330340363408253,0.03874999457978553
6309,0.031991007090788004,0.02427939707861847,0.03336695380752578
6310,0.05494856299202053,0.0,0.0
6311,0.020183398007871552,0.028993631312984238,0.028113766745267537
6312,0.03613605161074726,0.0538454075628216,0.038420920112562526
6313,0.044239455028969026,0.045066447719640364,0.05486973596813447
6314,0.04667804569600056,0.03567685974508295,0.05357798421494878
6315,0.03674079130267498,0.031606339612037355,0.02412476159222314
6316,0.026097382787710278,0.0704760026509646,0.03881063371131431
6317,0.07144125935654452,0.03563127292944736,0.04096686348260243
6318,0.04420831459410174,0.010195567158635933,0.01867462251760936
6319,0.07007820219829441,0.021836827397993235,0.04479657425530129
6320,0.06802074246850325,0.1833260486017212,0.07036896526834405
6321,0.12659317903877235,0.05753613681112378,0.023241032352261538
6322,0.0967686781620367,0.009163470386414262,0.012541890115050342
6323,0.07013567133909826,0.0371727896713594,0.04058180017453756
6324,0.059074079963919564,0.020053939512871623,0.03508768405939013
6325,0.02790646688176773,0.0263600120228919,0.033500645817724946
6326,0.040572347359752826,0.019172892346741556,0.022975622653926317
6327,0.051723554242759595,0.056505961299334106,0.03296403631467298
6328,0.026138983367225282,0.03381429500024266,0.058607718255670176
6329,0.01076699883782587,0.03940941451672049,0.039407121833811475
6330,0.01884040765097799,0.012418537556307507,0.02347640331621706
6331,0.037162370985160835,0.03538342819341061,0.03571277278165603
6332,0.022840475584387274,0.041276011538597085,0.06854649262531075
6333,0.030816396926846488,0.021603254979189076,0.04958913415821899
6334,0.06595882168163238,0.03273787079527104,0.0353783507128898
6335,0.009125396691662527,0.048509598612359074,0.03044052485056696
6336,0.09395815150497612,0.03494357476524995,0.024927117947694064
6337,0.0,0.04850960827087995,0.10835484171226484
6338,0.04064213739597335,0.04387710802657849,0.028159442169856497
6339,0.11425581236861451,0.007871902244848667,0.0022490071203691573
6340,0.03454633862617328,0.006093401594761984,0.038761154264247005
6341,0.05745505704982114,0.020075143391257683,0.08693536297217032
6342,0.04215744771211148,0.024251950386919918,0.007538019493020479
6343,0.04297349580471145,0.04586017647487434,0.013790175429603348
6344,0.044122307515076654,0.01850180422012752,0.021877129389624744
6345,0.021350044430875414,0.029546121411037702,0.011800671918667141
6346,0.027979884926282953,0.06879417118663543,0.06047354135476708
6347,0.04432225752210737,0.05131537026376696,0.04135851025764544
6348,0.03820764201707257,0.05314317998018913,0.022728898906684336
6349,0.030766726769024352,0.0338631990236705,0.031027369632441182
6350,0.04163665008340053,0.027463395559007054,0.052643961094927874
6351,0.0005629211108542734,0.016411872981389013,0.030618604587734785
6352,0.024583481300261525,0.01935759194866322,0.050495980268069805
6353,0.029333609474772218,0.04328420217356451,0.015551661398142937
6354,0.05457159042122245,0.051596547628909924,0.030490474701017387
6355,0.06311870510459652,0.02172069543615985,0.031801748494367066
6356,0.06950099783744121,0.06378820936793728,0.015914937923844342
6357,0.03146262359416655,0.048612296017557725,0.02893285431492523
6358,0.02117719084812837,0.050135612799728,0.023712052530573183
6359,0.036340642057560234,0.027723194633499173,0.033296077577235024
6360,0.06837788619481254,0.0349410333208759,0.056854618477124176
6361,0.05517890958581068,0.051547751526368354,0.0
6362,0.02154727723929016,0.05907491855314433,0.00718238651208482
6363,0.05172569995012963,0.05599035952294323,0.022586384268853996
6364,0.03539707196531479,0.04020688738913461,0.025790745567981315
6365,0.008605223526798295,0.05763386234915132,0.03284730241130867
6366,0.03574734763194216,0.04673279299578182,0.04601536627352448
6367,0.046198520811797615,0.048935999984577705,0.026707601408685333
6368,0.06171866505870537,0.018597836343350084,0.03148775941741012
6369,0.04163989695001929,0.051900194318678185,0.040735253771594
6370,0.0660567112109854,0.03408793891371568,0.04836022824028179
6371,0.045029795771714176,0.02510399327313928,0.002879378825439108
6372,0.0497543801866269,0.021229708085966317,0.046322866613244494
6373,0.035438345643919365,0.024240406729491737,0.029357670430129042
6374,0.029629374979512124,0.05876823871528301,0.04677637457914821
6375,0.0,0.026151162253845492,0.029904030031999623
6376,0.02754387901372964,0.02606931173598223,0.05180944305263813
6377,0.041153350961798396,0.040454318715293744,0.04436251152712203
6378,0.05322538581436795,0.037276008400176565,0.07534847646654007
6379,0.013939944156612542,0.10603388610021224,0.08732374329404397
6380,0.009576462320683965,0.029034255786213572,0.031075837611900834
6381,0.0,0.051360217544040083,0.0
6382,0.035655714529928766,0.02584697796165797,0.05432705657345735
6383,0.03591132766396988,0.011440630014221556,0.033419322287258156
6384,0.05935939186328447,0.06249145344602101,0.0
6385,0.038919491185168416,0.017190743219808183,0.0408958666432322
6386,0.011572118029690576,0.03272953794454223,0.0161199078658549
6387,0.03136085044007754,0.05414743638679054,0.021973654501312233
6388,0.04455894846146898,0.026951226517559924,0.037174043990857816
6389,0.03482960259086881,0.0921504317657075,0.05933454450833704
6390,0.03744352294793102,0.010771961259131014,0.03691293833032216
6391,0.09735083224342815,0.019763858204018384,0.07128907432656577
6392,0.024791625967111576,0.06003311088010774,0.0
6393,0.010468973489400133,0.03797537087226884,0.022074182248797102
6394,0.05685915809546486,0.055939902111856045,0.07438863144567971
6395,0.043875513778531994,0.02746545985617382,0.026466267493929267
6396,0.0037024623249255623,0.03734251067893445,0.020650040444416335
6397,0.06400279885184962,0.04866303206721406,0.026939440298243026
6398,0.030247527170273136,0.01923750884001482,0.03940470490118106
6399,0.020481678049647765,0.04251647775717254,0.06443488023505907
6400,0.03795956261581645,0.046628531834621734,0.04422194463629256
6401,0.056599446588928556,0.066620926387794,0.06419656043364455
6402,0.08892126569697346,0.0,0.016650137923815627
6403,0.00834828284850482,0.056756759457916924,0.05155390472297446
6404,0.020452876200277043,0.027299957408261896,0.035774935767210185
6405,0.0,0.021776051316833325,0.02125448386833987
6406,0.08363150839907346,0.04754991786426651,0.0
6407,0.06936798321937127,0.0,0.030585160447069576
6408,0.024098521962454378,0.07113857367425995,0.02387249816274422
6409,0.031201040492327397,0.029247169647978195,0.0
6410,0.06205242378689363,0.05283580125999617,0.0
6411,0.03304346846182473,0.03447886376866036,0.03820183582490248
6412,0.01064451105154092,0.010721877584874836,0.07511292355923443
6413,0.04699536939157304,0.016089644906045853,0.04917712798266225
6414,0.045425127568765794,0.022110091860501956,0.03530986600864498
6415,0.019887550350269383,0.032953530732270676,0.030824072106949305
6416,0.05211466216897518,0.026789775548539257,0.02627614806397038
6417,0.05116646751147526,0.05176716289243496,0.0
6418,0.04867226953651154,0.03377759912266932,0.05536521100799922
6419,0.045045137142205253,0.04850290705850887,0.0391409287220038
6420,0.047009597842245114,0.034879964790767944,0.0029416344000337082
6421,0.03812615034951058,0.015864787945655254,0.035618628230132
6422,0.02897314086225233,0.03396909398759113,0.023113602597434373
6423,0.026100528885931368,0.05691796649891286,0.017791112077220922
6424,0.03494811513564514,0.021649324033317523,0.012230422297617075
6425,0.06750326363071764,0.06017278496652767,0.00926326672493843
6426,0.01975908495849733,0.04981375709539079,0.013940490066774237
6427,0.0234416423400713,0.027316992857251643,0.014647382831102137
6428,0.0,0.04143182338958988,0.08433228696127931
6429,0.006864776608819016,0.03403497300547048,0.013138881064884131
6430,0.033329637942725004,0.0,0.036146709610857426
6431,0.06503329625123093,0.06781556568961601,0.02152030716878241
6432,0.036267436631100596,0.0170739397443039,0.056216492345777726
6433,0.02665717524690887,0.02931968366825595,0.025793839776346847
6434,0.05392442380063961,0.0493318947284845,0.036076013183182876
6435,0.05206197114912001,0.02299712538716696,0.05762083918632086
6436,0.06825366555258551,0.0,0.02104190721563386
6437,0.04698985795642014,0.028771680606855227,0.06392985398551379
6438,0.031369640299261585,0.05969847416035867,0.04294472421264705
6439,0.0319832487622706,0.018421029042384525,0.02762596342917505
6440,0.020521501213380998,0.0,0.037107950173407
6441,0.0,0.013989486519633262,0.0
6442,0.060268998997598265,0.0348070638481303,0.024866087184699643
6443,0.06366037860345508,0.008291354414214172,0.05005844062003106
6444,0.0478917828996969,0.011632562829856133,0.029567270241109073
6445,0.04794312618029168,0.02372812392177655,0.004870587012511969
6446,0.061567489986072255,0.07489304319967283,0.020457286497437582
6447,0.026206144835730028,0.015333144858478689,0.04684128997838823
6448,0.06601284877735723,0.012480438276148781,0.04461676907079387
6449,0.002916705837102254,0.06118610895742828,0.024126710808939
6450,0.0019793141601997986,0.03615679788168611,0.0352621639629264
6451,0.0,0.10677405212000318,0.05275235924119091
6452,0.05198739409437097,0.02170317223839424,0.02540665024035525
6453,0.008284844694852874,0.04447010812483585,0.020627540142361366
6454,0.04822736303118282,0.024144897807286934,0.015782231371395332
6455,0.023735456378625397,0.10051546790163102,0.0
6456,0.022011934295037353,0.046189823190112285,0.022414793072312072
6457,0.03578590593879745,0.06483266134491515,0.029892500645508285
6458,0.005458314880304742,0.055171292594556186,0.030163793675122234
6459,0.0417406928570985,0.061963606806397765,0.07092602290634843
6460,0.039874569775912645,0.005817949491932419,0.020488254618342
6461,0.0406183206125136,0.03588006325689246,0.029381944428841195
6462,0.014070661529767511,0.054318211325945685,0.041471852050358395
6463,0.029876512974812707,0.027317458887621156,0.00811157278250276
6464,0.01774930535669692,0.0010991049421160044,0.028309051674553706
6465,0.027721488450219867,0.018638109271072026,0.03874382340885061
6466,0.021016933668460996,0.037759026878162655,0.0
6467,0.03914222464639835,0.04836091406346391,0.029731821520097765
6468,0.025309862793810374,0.07860155169203098,0.0
6469,0.03840622175130038,0.025293724048726953,0.008677259497726233
6470,0.026428130102934738,0.0,0.13215187898380965
6471,0.024774772135365622,0.017957402509607895,0.039695303975015535
6472,0.038717423462536316,0.06666760103454077,0.07601793161940651
6473,0.01727066673616137,0.02978600584024413,0.05550431494155076
6474,0.042014742833490305,0.019835716264220333,0.046899064334470386
6475,0.014512851530940703,0.05687009844145802,0.0068962648282067385
6476,0.05250887070732224,0.06332131325924187,0.0
6477,0.05052833927806394,0.054406488996189696,0.0
6478,0.04052916868895124,0.07086448047416465,0.03894775798590277
6479,0.05491180445176547,0.03683273087945765,0.03837704024728803
6480,0.0449277746773592,0.043857221253259936,0.056008491242081626
6481,0.03025550769724718,0.025229326033024677,0.032938410061450894
6482,0.01634954247411993,0.040113301689924524,0.00570517138270812
6483,0.053859712063806416,0.01754599368834357,0.04482191603304994
6484,0.14390858006715476,0.03683977929417466,0.08961341392903599
6485,0.04909902815542158,0.03996247534597409,0.03202546986649774
6486,0.030921923702719248,0.07512385243786146,0.017563229718745074
6487,0.05967564683714289,0.032102589824798626,0.03838998547395244
6488,0.05636382244958693,0.040825759391834755,0.031678691816745534
6489,0.02458853936967807,0.010669208840242236,0.021525141785020796
6490,0.03384803534918025,0.049779037791828656,0.027253974003626457
6491,0.003105881370908859,0.0019986592405094503,0.04986503107861528
6492,0.03379888544559422,0.047249553589611026,0.009425889325759282
6493,0.10224986815793911,0.012148816358912852,0.054116497000695984
6494,0.04359692038605753,0.02935841052231898,0.042717369023407024
6495,0.07423743045734571,0.07997148842043278,0.05588433948186958
6496,0.03463438815494871,0.015189029372648833,0.0
6497,0.02593089761322627,0.037966648174174174,0.05503132503369986
6498,0.03937285639037576,0.05217939314067374,0.0
6499,0.06306865814189978,0.019625943883717346,0.021173045475527074
6500,0.039038042673216304,0.03509576681857029,0.02964343030112369
6501,0.0,0.029983061474736922,0.015740529609947304
6502,0.04192616604412993,0.04240414656612295,0.04893084095259606
6503,0.07734328429537647,0.14233153917816943,0.014015343589431836
6504,0.03501456303223455,0.014863162467274586,0.045720148810235194
6505,0.05786440756757244,0.05649315453568288,0.020727405944537314
6506,0.049097556353784357,0.04831929600970656,0.04522343134728007
6507,0.02686137505472376,0.05005849195955641,0.027176219030904773
6508,0.0556826850822888,0.03661418723358865,0.01590611060065453
6509,0.026316691576623457,0.039404942144371666,0.045391969126871844
6510,0.018785113514835822,0.04936140889428797,0.03531557563996643
6511,0.014040857779651007,0.015798486161556248,0.046027092782748046
6512,0.01101410195987193,0.017361680254811364,0.006000984918533386
6513,0.03870390534091539,0.05332050429645757,0.04569831416450129
6514,0.03343190656599505,0.025860321319272638,0.042885028104178054
6515,0.02334668331380511,0.002704381206630066,0.026901493584919094
6516,0.02862141708638354,0.018742723129863536,0.029539214766273705
6517,0.05020090279334411,0.06081957523118169,0.01585957808669691
6518,0.029603675290073572,0.041906150642049306,0.031179309853686648
6519,0.013341373075428146,0.024184509028255044,0.0
6520,0.0787859677818068,0.05395561211206031,0.024520868405297866
6521,0.06482878376504261,0.016450453003023086,0.014889696968052916
6522,0.06463727898497304,0.09571859859260397,0.015634800615171612
6523,0.038920112628238995,0.04741341148403128,0.04772902062175618
6524,0.024270039942257456,0.02575268380000394,0.035545309570798926
6525,0.06287937969329847,0.014012742638671236,0.07882428183193847
6526,0.010269658085822883,0.047839773604921365,0.024791663178166484
6527,0.045101399374470025,0.060512173869910126,0.0
6528,0.02714822099140661,0.01774211238027854,0.08484000500468482
6529,0.019794580503535452,0.05735628962582856,0.013321796781965439
6530,0.0,0.14481718417656195,0.0
6531,0.036760165476899635,0.00743516682085386,0.03998564686672396
6532,0.00977611102212555,0.03212190999299575,0.043480119438536836
6533,0.02190499359396909,0.054919413686087104,0.039055242487300176
6534,0.04116437180271144,0.018766554217225766,0.04811334153414746
6535,0.02141266614005037,0.037223699863499306,0.01912800300462839
6536,0.09557889559897377,0.05974217092191495,0.07048321535867806
6537,0.06314333292658639,0.0,0.0580083095439553
6538,0.022606515751418945,0.03481527502396211,0.08702146217520079
6539,0.04316895758906164,0.026258487537773822,0.023131801503129903
6540,0.009064590736104378,0.03184984886533249,0.026536200259884072
6541,0.01850652136715872,0.03134879883258618,0.01696263232873881
6542,0.0,0.040441163369918764,0.024310719022315772
6543,0.05103969259326275,0.03745175654005848,0.06410760622381388
6544,0.016666254692880234,0.021111674981821548,0.03270642159674747
6545,0.0207400340203605,0.032259197393530156,0.04763822597998005
6546,0.022803176411177555,0.04205674007739026,0.035177885668290464
6547,0.044297339538885344,0.0580584459796567,0.020684812542388763
6548,0.08125259342504229,0.06086653842597029,0.0
6549,0.04568820128060218,0.02509060966809909,0.01716751762284184
6550,0.027398692023333934,0.062483576842490125,0.023186851523293764
6551,0.061497793915998605,0.04785377394973777,0.027417178445015598
6552,0.06759189103582128,0.05573426646749653,0.022094933050654828
6553,0.05555854772872217,0.042735120475716926,0.029447395063111576
6554,0.04059589218558248,0.034840257584039254,0.01567518718696551
6555,0.05326009738069503,0.013356079364067623,0.015834633435088754
6556,0.0399238961228325,0.033862768001027145,0.04144669266385972
6557,0.06468131993336039,0.03289042224874533,0.013249516627187069
6558,0.008053684764828045,0.04659386648289865,0.032700549302428016
6559,0.03320916456031655,0.0,0.04491109759062292
6560,0.031030372350255676,0.038630038084618824,0.022308704902885296
6561,0.040012478111025596,0.07372625195789628,0.02913666497414237
6562,0.0012960397063527574,0.026925906764670226,0.029874347354478015
6563,0.06419736578732776,0.02398322662580595,0.04297998458119964
6564,0.046146942056644276,0.014629266008684564,0.05149384634081742
6565,0.04035902998159306,0.01900940650367483,0.030704829624107675
6566,0.006642395063985095,0.03077262574230247,0.039879334051812244
6567,0.046445042404567816,0.023935709331154645,0.016832915697720354
6568,0.026235483574165303,0.03937819147103821,0.023376280967920788
6569,0.01563734152549088,0.009835978273793969,0.013898840253192686
6570,0.06832324061890435,0.01439047629034785,0.05251858974721672
6571,0.09663337962519239,0.0,0.06342983150134246
6572,0.068862140122806,0.0010988027183847157,0.022360002416993166
6573,0.06662912108252303,0.05032905990261566,0.053410594659832555
6574,0.028827214006184123,0.1825253683720613,0.0
6575,0.05954815555420702,0.012344611446305873,0.025064748756837674
6576,0.029896189928861536,0.0368456152656166,0.027156306602005714
6577,0.049159987401581305,0.027800130598978928,0.028237195540260718
6578,0.10215833544763459,0.08296265468235006,0.0
6579,0.05660362452368092,0.035746347459330564,0.046194729662021074
6580,0.018508628385377583,0.06553610611235178,0.10845085534802472
6581,0.028656301446024598,0.05307663485403319,0.028242387189267342
6582,0.027659771293615742,0.043390025026380334,0.02692646776861046
6583,0.05617360918402505,0.0012274501638490781,0.025603508790876382
6584,0.002671282566417988,0.04921077661689563,0.05460825750895867
6585,0.039855859992208365,0.06607782155966443,0.0
6586,0.05707174404604317,0.03206335075801777,0.0750007866321812
6587,0.0494859640022306,0.009672932744798954,0.042840452165481185
6588,0.06168823319332358,0.02625425202353673,0.05405540680086549
6589,0.02120204449441934,0.01093888522990899,0.024086654243909194
6590,0.029337842326567814,0.03110060211054579,0.044753675792633583
6591,0.061568163689606915,0.0626300249845464,0.0059066632607260566
6592,0.0449484990827273,0.06399249190841849,0.036665720843153386
6593,0.03235993166474634,0.021295823359945686,0.04989446659669853
6594,0.0,0.043583486474440714,0.04239908931507311
6595,0.0501934719426981,0.04977020482786617,0.03853789293755777
6596,0.021599077873052052,0.03715059481333889,0.06575445744521707
6597,0.05760795793121327,0.031130951123431314,0.018439986763601958
6598,0.07464149050517006,0.057505335764501266,0.07575508632004468
6599,0.027902742645976586,0.031120842763456183,0.03491071295289629
6600,0.025627818057956008,0.02357108506298278,0.05879311082075744
6601,0.05232439001490355,0.03642398311851964,0.0
6602,0.051556279398632776,0.03829626053738883,0.04143774786685503
6603,0.026833139257184915,0.03361209719974866,0.0490121099569609
6604,0.04475499964610955,0.013684619510043385,0.05227141591350549
6605,0.04928213677551004,0.05111353653156873,0.019409668955873757
6606,0.04650384057410159,0.01806026485257854,0.09359983408228745
6607,0.05842996589268559,0.01867785861040544,0.0
6608,0.08066310658082283,0.051496041357448105,0.02045220163542584
6609,0.01612864603019269,0.05485795688826375,0.038155489753224255
6610,0.0479481429281007,0.062474712128877334,0.056523094523545626
6611,0.027791655902346227,0.03240428714696258,0.01742716346650165
6612,0.04051924788752378,0.0429597992144518,0.04549121306424786
6613,0.03427484541660502,0.04387282951457858,0.0
6614,0.04068139464442492,0.03347171443112873,0.013869509931445268
6615,0.039486911624884005,0.033123091620988525,0.0037194459685026596
6616,0.008778144530353088,0.04525212109008767,0.020440454856196635
6617,0.049348314152569094,0.03886894817543637,0.04917944627481786
6618,0.06030681985508066,0.05193133671604592,0.08068965655209116
6619,0.004348432678322388,0.020835562277718156,0.0362776377744844
6620,0.06447248506828367,0.05024006030434486,0.02878391711879203
6621,0.05789374332568855,0.0,0.015128969017878436
6622,0.0421298266067422,0.038679978849681516,0.04719055902254277
6623,0.026623681106144142,0.03892525698356537,0.055438223157168065
6624,0.019532779083264458,0.0345445038625792,0.01300354884930037
6625,0.026319525139698305,0.028948872854509564,0.05282872970343213
6626,0.011053312778412261,0.0418282367715437,0.01808196589126652
6627,0.0,0.05881323054690021,0.03057929482274006
6628,0.036873421108959095,0.022498065836340574,0.0528533137571651
6629,0.01525418023393408,0.04648440498059419,0.0355348072700176
6630,0.009135325230263164,0.04801163838478223,0.01220749191336313
6631,0.0429944702900955,0.029731015167221223,0.03357067706451858
6632,0.03516517108536521,0.02683999590477505,0.0
6633,0.015937106705520225,0.0,0.031677504603276445
6634,0.0667059566864064,0.05111790987206008,0.0
6635,0.04839089997178278,0.024920923065010453,0.03349298396100719
6636,0.047146790498220785,0.027222314419798405,0.06544774643414224
6637,0.06009175712944384,0.07784996627234547,0.020503589598313127
6638,0.06908683021973526,0.027172358057903245,0.0483452730028992
6639,0.03820758926347039,0.0029834891817443476,0.0
6640,0.14508074925845327,0.013879951683466963,0.011165306821216435
6641,0.0308455744359561,0.02581357550715575,0.03406286815933937
6642,0.05434942316909954,0.041619881047885145,0.03527872153640482
6643,0.02639193126127148,0.055778262188114415,0.03452171068092625
6644,0.008527522278986802,0.04921079003469671,0.03420423967338364
6645,0.02349550826364044,0.05844101552332931,0.02055296415816682
6646,0.011050635891607643,0.02959640631359443,0.0661235446597171
6647,0.0572018443490784,0.04503815610609472,0.03733364443586915
6648,0.08894640508139884,0.009340064136760216,0.0257787095945881
6649,0.01576178583245937,0.07113715368182491,0.06256326101709905
6650,0.060908024768836784,0.02974202716051856,0.05019230922723838
6651,0.021672408007472072,0.020413378763452172,0.05906880659191919
6652,0.024817454612291387,0.05117901097882822,0.021409668806527726
6653,0.014846524566661004,0.012536796605459852,0.038494767615533575
6654,0.045760254838740515,0.027867220511267086,0.0
6655,0.013028082364990682,0.017552276254095136,0.015441927993006697
6656,0.08636247978177684,0.02554607372749031,0.03995474250794124
6657,0.040149219121039734,0.042558708935089035,0.0
6658,0.004048546575267829,0.005591315383467905,0.0535819324755914
6659,0.04549445731406781,0.050103199092758385,0.15753727187403616
6660,0.01980482571594332,0.03702742612688795,0.04355505485478358
6661,0.007308310057507779,0.05257173221902956,0.02034726050930454
6662,0.03320077847369915,0.025763481466373934,0.04401966060147768
6663,0.018402450862601987,0.06923684124106368,0.05046013714249403
6664,0.04013579306965686,0.04785596260931808,0.0685378576236404
6665,0.00032194007694703874,0.02554133046084604,0.038817079058526036
6666,0.005870762866307398,0.01100787126720929,0.05236638434373817
6667,0.04152922900013077,0.03288133280093249,0.037253277834036
6668,0.0,0.03423934074301278,0.03487916269481611
6669,0.0,0.0802415321049129,0.03358108585072087
6670,0.0299835348752661,0.04759818027206947,0.006617472327075731
6671,0.06976115830186293,0.0,0.05118018752991447
6672,0.06091493153684471,0.036454024497106045,0.035271980178373616
6673,0.007266107201317244,0.00660700774084778,0.0159273236958349
6674,0.006522448694655338,0.03807356293111197,0.02809591391401514
6675,0.042571565170259416,0.04460426461817658,0.04141949679860669
6676,0.2547606840376998,0.0,0.013284706357610542
6677,0.0816265188844465,0.026627892035262536,0.0318755000927797
6678,0.02140296339123839,0.06803324374190535,0.02371327505116312
6679,0.046586194878683866,0.031163985212183398,0.03047449784822728
6680,0.04106069756974466,0.016235027121717482,0.08694527210517497
6681,0.041091516120311394,0.049138510106086324,0.04785299719650598
6682,0.039019190542214435,0.02484311045167512,0.04445974604059164
6683,0.04299265923079575,0.03629500204182246,0.04248297979510568
6684,0.015212836083732214,0.049898910396158576,0.03323638147254744
6685,0.047503425549353336,0.0,0.0589705445473
6686,0.05209427520302048,0.01839453910698176,0.03125076522319701
6687,0.03908095941399024,0.022683849390160615,0.049924968120635384
6688,0.008220181428105927,0.03264496082130598,0.06706702951993561
6689,0.048752019416988986,0.05082916187906582,0.0
6690,0.011451153544378001,0.04538539226324301,0.061937586028438844
6691,0.027103404677252623,0.03076480039658098,0.011898241302114568
6692,0.0007757318234215549,0.03347733715915594,0.06367649123317763
6693,0.02198326556621864,0.05223494267511017,0.06388128801695582
6694,0.016375031677394434,0.06344345395909068,0.06318411560229205
6695,0.04273912522490055,0.044858362785460765,0.006142508544564704
6696,0.06801978462701125,0.03192086595293611,0.011356162075748855
6697,0.04427175736109343,0.023670591966052517,0.023483167405590005
6698,0.06939509794459202,0.03405477866043732,0.056491827211933444
6699,0.010845975819222359,0.06218793274578388,0.026750486666308904
6700,0.036539778412965955,0.05776228077712985,0.052650221790278486
6701,0.07206668440323642,0.0762647889785833,0.0
6702,0.06854552964593104,0.02987265229614383,0.020444517507161714
6703,0.005860104227066958,0.04950686662546911,0.02842655059142297
6704,0.09132318579808099,0.0,0.029481604464180834
6705,0.0525339836368488,0.04727278616461867,0.032262964587034856
6706,0.027542615840707618,0.06819538984951956,0.038365946626636276
6707,0.11743877250600701,0.06674910295921099,0.0
6708,0.030287529521154714,0.03578433332471768,0.022968711955010424
6709,0.0406161772502053,0.03143098251806998,0.06708654344344393
6710,0.12050200506012251,0.08502860491280684,0.0
6711,0.02262297235384354,0.03109351811722307,0.04363736811735596
6712,0.0434854466374916,0.04869375212462517,0.03442637552505365
6713,0.032817223548626914,0.058111422309097244,0.07944643667781855
6714,0.10165253384252994,0.10407279432697425,0.0
6715,0.017298860949932104,0.029164700353205664,0.027616990836552332
6716,0.06191508390367906,0.019727210651328164,0.03837992674051446
6717,0.07665958938891097,0.01674534723752046,0.03986604244069104
6718,0.0493670113081634,0.022398834809361702,0.0
6719,0.07289139955771368,0.015623096861137671,0.0
6720,0.023594423872577264,0.028809750854438862,0.016248653684773698
6721,0.01687620950064008,0.001457319042889288,0.02828891252748117
6722,0.012096780960197742,0.03432287445718926,0.029393572760025036
6723,0.03899220731469837,0.022066796582110356,0.03557331736258229
6724,0.04639354264847829,0.04239802135823235,0.03396832161447266
6725,0.026522999495091806,0.037375141455124467,0.0618779209355182
6726,0.03045871752397281,0.020679440675120064,0.049854693798355755
6727,0.03776611348278803,0.042873176600808215,0.01813133479862995
6728,0.022413823965143062,0.04617332581515462,0.04177359616631445
6729,0.03232664694809347,0.029006311522765404,0.05287150496665292
6730,0.07881351774061746,0.025080435179793924,0.0
6731,0.011691871599755878,0.08029299643577384,0.014331181116470804
6732,0.07133372847757118,0.0,0.1007931150343957
6733,0.060182344456585685,0.06652725822288146,0.032238759092399975
6734,0.03792793090051935,0.033647073852287816,0.05705896512651266
6735,0.0,0.04269141029652688,0.030894614805824405
6736,0.015853792259639937,0.021058131873845035,0.04653341356318003
6737,0.021979904184885685,0.007121063372757715,0.06929791823954891
6738,0.02984414339210693,0.002034773344196781,0.025895443801617735
6739,0.030022966976800115,0.024160675276517312,0.062275995697056226
6740,0.04137553794944963,0.03715492936975424,0.04803921985875196
6741,0.04645227753443989,0.040529016306435746,0.025261914839402894
6742,0.02297126552836466,0.027852593290560414,0.03882069442463815
6743,0.019541837345506716,0.03365662116506101,0.03181025063741367
6744,0.04015692505538463,0.03807117483513687,0.02238096847527893
6745,0.046752376895129545,0.02846943828846631,0.08633269966948502
6746,0.05759877882865563,0.0381208046406098,0.03669080287519803
6747,0.05620949479136955,0.05396688479786113,0.024706611351395086
6748,0.06375932287358164,0.034648382868240554,0.024323932207391902
6749,0.06635326037839463,0.09816750060594266,0.0322141125896884
6750,0.07319551154246468,0.012464729136250281,0.08104548119690944
6751,0.03545668751738677,0.027419767112959022,0.0831726234305781
6752,0.078633756444897,0.06465923355566082,0.03270045191537851
6753,0.018238706549916522,0.0029169014583178277,0.0483791279624781
6754,0.02132238886470521,0.047702204324413515,0.04015951353545274
6755,0.09908912595891776,0.048322723225455395,0.026898981446222783
6756,0.020835404137091895,0.04573171817253814,0.0
6757,0.052016261333680223,0.046642796320008055,0.026947201564782763
6758,0.02603867774007707,0.05033530979112165,0.04181727055120389
6759,0.04829642668949217,0.05251085643033616,0.014658084286369269
6760,0.04333043066345561,0.06040828263267342,0.025423196183861126
6761,0.04003388004316368,0.027760705816855347,0.00377566351416656
6762,0.02999397750345365,0.05128788698971196,0.02664993426226719
6763,0.06411496713164606,0.0625038356974841,0.010248410670005079
6764,0.030349158895116666,0.03441596198216062,0.03346466283181874
6765,0.035809641880638815,0.01550910365258587,0.01734489341513031
6766,0.10358656104097036,0.07057290672661153,0.015557788400011957
6767,0.05138830649327101,0.027527881721124758,0.03572022240489283
6768,0.010066374733159028,0.030075136097949956,0.03860314583533055
6769,0.05349193186412562,0.0,0.01440902321912932
6770,0.03205475211252894,0.041102866936794824,0.04174551653552581
6771,0.06766136838648275,0.026637008523373706,0.03333632543708931
6772,0.03319229224921629,0.017989826922660986,0.037320142190026544
6773,0.05198622364259664,0.04436823042862573,0.0
6774,0.03892612904668944,0.03537805484511522,0.04132398781482246
6775,0.051081420962484275,0.02628032997098211,0.03428919858642916
6776,0.03186391408821491,0.024537693366956166,0.031436000432645536
6777,0.04145526988938405,0.028289266433393186,0.041271206712088886
6778,0.04584084788807181,0.0636071533270966,0.04655661297034896
6779,0.04772607927406298,0.027994655441154436,0.038904534411906985
6780,0.05461999782210376,0.037457565114133166,0.0
6781,0.055405293489344996,0.050112060137151304,0.039468298402553406
6782,0.06559995285512675,0.0057736134298417745,0.030683648299573315
6783,0.039206380255654344,0.05206466727607195,0.058082257422870744
6784,0.03571998367309471,0.018657321592167375,0.016079761821686262
6785,0.009447152556494013,0.029184654606259613,0.04220438108313177
6786,0.012647018849186238,0.08863555096727171,0.10551050940130596
6787,0.009392555128464281,0.10090245338363273,0.003534169029763002
6788,0.00890563318978535,0.0796523314907151,0.0
6789,0.026817146087063797,0.08266967485649625,0.016098098213746408
6790,0.04303787526616854,0.048711628992498146,0.0
6791,0.06120582519327078,0.05967702531589209,0.04326640173859345
6792,0.044344046585430404,0.0309430770444323,0.03598437770834601
6793,0.014210490540814268,0.039806017421420224,0.0
6794,0.0064779947828367546,0.07068024100038216,0.002490996145254193
6795,0.038065891723181235,0.08427587055649995,0.04726614516852745
6796,0.0580489743357776,0.030909641227322916,0.04906680503992713
6797,0.029532483861284126,0.03412926969142547,0.06645208629267646
6798,0.0,0.0,0.05410441863003904
6799,0.034140034069758914,0.026933529565406098,0.022691308925157725
6800,0.05054099927242847,0.055123779692139406,0.02878534012243722
6801,0.023730023048818796,0.0829597927976023,0.0
6802,0.03217556707610696,0.04926431140601508,0.021861109872936924
6803,0.023468322945623638,0.04079175672559316,0.0
6804,0.04426053742219107,0.03704365809829383,0.011777432812596045
6805,0.031482019372117795,0.043028280188646906,0.03225881909043599
6806,0.01818017504376378,0.03931800130344034,0.037715811443153786
6807,0.03045270573856356,0.023350165777408508,0.056889006284694975
6808,0.041572313395184884,0.008869651605051635,0.0460789234009906
6809,0.03143514862007627,0.022999630363663082,0.03632794872752627
6810,0.040364201196463084,0.03161026619564649,0.043484601430416624
6811,0.016658529061594526,0.046718729438322594,0.026989840929959697
6812,0.030409136767897523,0.024202885349355243,0.03095417105800018
6813,0.04426589228702219,0.020767775500003787,0.04173697555692683
6814,0.06573683200554088,0.029276257824385764,0.00999827854530698
6815,0.020690832540670428,0.032046339550231874,0.01952312098567603
6816,0.042970291844475865,0.03061164851049557,0.04135248760490343
6817,0.007079996819400899,0.01790997504590762,0.019349203198555993
6818,0.05698808707229688,0.07238088181629584,0.016041773425696328
6819,0.035060624220304835,0.0,0.01225599217537112
6820,0.03668084017276595,0.0,0.0
6821,0.02398762635201077,0.0394556595261315,0.022636973708197408
6822,0.021703937971523524,0.037672747684132944,0.00267384005434651
6823,0.0469359368532458,0.025973217448013154,0.08693647210147787
6824,0.020157320892951552,0.03766613090806191,0.031403828192062826
6825,0.02524861897881685,0.0,0.05868512949339175
6826,0.0,0.01830873086718242,0.014835043078376062
6827,0.013615997596053912,0.031313995708940716,0.05798170596616433
6828,0.04497217141319163,0.04066496938838203,0.02543580281459434
6829,0.03761258980173889,0.04391220658507831,0.04473047936012214
6830,0.025697409136222468,0.0,0.04653023649104729
6831,0.02165988331686422,0.055435812222321385,0.05310195630804749
6832,0.028133468768669744,0.04537622909228647,0.012394099488099728
6833,0.0017046189934808512,0.054748340940138196,0.0
6834,0.030276826487398826,0.04527484062889112,0.05315890024441946
6835,0.00887834283934276,0.030158152647552602,0.02058882219952745
6836,0.16777426826342118,0.0269050514794147,0.0
6837,0.02873686363924387,0.06069262907941982,0.023726291571325196
6838,0.029915466386745443,0.06236024726109473,0.0
6839,0.029286604929750302,0.032073909587694606,0.03248608749392183
6840,0.048077822140677864,0.06619925646018007,0.0
6841,0.029057626180464795,0.035620525581543376,0.053673970387864534
6842,0.03334307995250632,0.02353206834571993,0.10229331618640346
6843,0.0,0.024937369370522818,0.005740777729373293
6844,0.0453681388681051,0.004905690960104472,0.019119626529449256
6845,0.0,0.039820815864084765,0.06434366202410051
6846,0.055899756397499265,0.025436547938727024,0.041892501292589104
6847,0.05239179939312311,0.005541847527169005,0.036260254950895514
6848,0.03502042698974318,0.023745952972386426,0.011973647808236884
6849,0.034031769210685486,0.034331804233321085,0.06646240772408091
6850,0.022019342126264885,0.04093764526121021,0.027042847780852707
6851,0.06503314328651671,0.037225713341153835,0.0320116037160377
6852,0.047075732793852264,0.03341381349273205,0.018617115418530884
6853,0.0547899768903869,0.06170136387628239,0.060783018700612056
6854,0.03202551483820297,0.04448682778597707,0.031164107578140532
6855,0.007045280746197077,0.04009101134928623,0.04441601354614049
6856,0.05877525609926495,0.02117728849963921,0.04024783555342581
6857,0.05443436439351983,0.02043640844509986,0.021827908165246265
6858,0.04582043655441368,0.04847330437449657,0.054738993620475816
6859,0.04182692095795424,0.033253712880620206,0.0
6860,0.03788996863905521,0.027944785928762986,0.034733011759126964
6861,0.029286049357012497,0.014746770070093942,0.024519511276444136
6862,0.041730119203058684,0.050075902097005104,0.04203666385656393
6863,0.014830855432662902,0.021563865036005492,0.01629934569605912
6864,0.03661583479419639,0.03270454635762352,0.025081569632342513
6865,0.02100264523650794,0.03792734286059427,0.016077965722148115
6866,0.02019423232049385,0.04013062569391791,0.034593276467431704
6867,0.01971642341652139,0.036560385039247884,0.03285909433673173
6868,0.039499576649852014,0.0,0.033711520444285714
6869,0.0400011910082664,0.03327381550835506,0.03165677639662772
6870,0.05419682505971788,0.07367191788189933,0.15672155002894889
6871,0.0,0.05047338895208898,0.06515135010306287
6872,0.04174770465029665,0.04800418541470806,0.045622519426143836
6873,0.03160590398047108,0.034632814682965425,0.02451888365569152
6874,0.043539781488255554,0.00938016851621494,0.008263498922106085
6875,0.056252850896134056,0.0520913001379713,0.0
6876,0.07127372927348377,0.04164980782629461,0.014012272778679304
6877,0.02650756121159807,0.01505932230385299,0.02181537212339461
6878,0.06532080201948715,0.105872402007427,0.07793171556470453
6879,0.024632564316375855,0.04474621599241774,0.03842101370294725
6880,0.08310321166536214,0.02707053234959402,0.12159973055875693
6881,0.015196800260830501,0.027037091973730415,0.03094540839329726
6882,0.0656596500696762,0.0,0.037744144885531204
6883,0.021002498493999752,0.012347850125617794,0.09093168602996968
6884,0.020826311976512493,0.0,0.08290542503987608
6885,0.03583111457479472,0.04172569996936465,0.054252970653421086
6886,0.00532597936294132,0.0115744643438251,0.02373263444250095
6887,0.05186521720602116,0.02526840828983815,0.03544896420588721
6888,0.01975412592317227,0.04348618388502694,0.012441401084005446
6889,0.008276148017432844,0.054647734103413066,0.0
6890,0.03598669811386528,0.009850340998102189,0.03597296272271519
6891,0.007352588450417009,0.017670291451737347,0.0
6892,0.007482440914263422,0.05852831465911306,0.055616646308126336
6893,0.06507633415687211,0.048026624195458494,0.007180597957375513
6894,0.04964614349208942,0.04927708197840865,0.055788366949341674
6895,0.09615539672619113,0.04944236369987877,0.05441320104418982
6896,0.012268116900837255,0.0362962312432337,0.0
6897,0.0328033745308891,0.049420736286488104,0.025759531756283354
6898,0.04746107290494053,0.05426175541728964,0.036751347054555704
6899,0.006842474844940082,0.027261467890028878,0.019894433482399873
6900,0.019585956204795286,0.06419190490060257,0.04201965179265519
6901,0.040976456910397946,0.02241759218036093,0.028559056459022607
6902,0.005860594277550604,0.04743837441328266,0.05042358048067668
6903,0.04678611758238161,0.02197392799913148,0.03337161631260122
6904,0.04221778819750135,0.027422014044748085,0.0547231460558906
6905,0.027486781484749718,0.007325443768248415,0.07267689235712319
6906,0.011834162064227863,0.015000016914012251,0.020234491596920562
6907,0.031170558870516184,0.02800153543608047,0.04059250842092088
6908,0.030200042688746542,0.03899974914496444,0.04203701577138043
6909,0.03727808798015534,0.08102635106584678,0.021674808926576486
6910,0.06973541703720217,0.08781337116586097,0.0
6911,0.0446409843635097,0.04091063298030491,0.02987689714034352
6912,0.03449139835595804,0.042867257963601246,0.05802007017007491
6913,0.0522874080768695,0.054517788320309325,0.02865415936128725
6914,0.028971549620768085,0.027528750284414687,0.0
6915,0.037296796304458764,0.011730513505877624,0.037912247210984816
6916,0.04122175251259745,0.019656062582897055,0.038050404981990284
6917,0.0,0.047261395816277495,0.07286891796981829
6918,0.011061390912816497,0.0,0.03947418906335527
6919,0.04643342728262922,0.032352797275756,0.04261770415793234
6920,0.031519175208295974,0.03475472758740841,0.0
6921,0.02265535473171212,0.03432161287366192,0.057565555216394476
6922,0.06512948316693588,0.07776835688341088,0.0
6923,0.059811886619514844,0.05532760100282981,0.023239661021134693
6924,0.03136675853734198,0.0409506914179342,0.06502368149044459
6925,0.030353935818016185,0.03639933126524683,0.036180668019699075
6926,0.021793671298469364,0.0723717390446607,0.06403015196026735
6927,0.03806024087689127,0.07133795305935102,0.021639257234160564
6928,0.02261923989329519,0.018915066216210908,0.05848950524889455
6929,0.06138995485885511,0.02736792852718417,0.020287100494506202
6930,0.04223060024918425,0.032330771998409155,0.08387205736033762
6931,0.2529484869867191,0.016699446016646764,0.0
6932,0.03603393527867804,0.004093699810916142,0.038269046714345493
6933,0.040407998649082746,0.06657304042300291,0.044837996924674356
6934,0.0325373196314655,0.046981746163110245,0.014221900624893695
6935,0.0011011351710763714,0.01862233238233623,0.03615619746512551
6936,0.027201568107820744,0.012618084820675285,0.0491103754671521
6937,0.027657372007601624,0.01610759910414827,0.028863367780380705
6938,0.0,0.03719855691360945,0.03069927912664765
6939,0.007910512524394217,0.0,0.0
6940,0.04063435533340535,0.049196097494678584,0.0
6941,0.009605469252854734,0.03313031522194702,0.024671150063837233
6942,0.020676189336859163,0.0587252160767106,0.0
6943,0.046971888266220584,0.01091058416405409,0.03235125019152757
6944,0.02440578687487911,0.019925697083995705,0.009767827919650857
6945,0.04051903410408269,0.05936601181962823,0.04256900092954682
6946,0.03932578713060749,0.0,0.04950911558515647
6947,0.011270952520077865,0.013487019268943107,0.037104730890542593
6948,0.006879964698696205,0.016619830630236993,0.05137479447637824
6949,0.0,0.04169084353452247,0.004876530660277651
6950,0.03777456707504879,0.03660067413651305,0.04722903240286217
6951,0.03247043586434282,0.008678373676413498,0.05210682086548072
6952,0.06373331207148149,0.018374778813547137,0.0
6953,0.0407676785713874,0.029824874414468506,0.036243607662999104
6954,0.02378264291653119,0.03595036059409632,0.028487385064011255
6955,0.04920954532484932,0.030533149817144712,0.0
6956,0.09171645423572053,0.06159911171853182,0.028147812636760278
6957,0.045163398794272135,0.06161700861682976,0.004289637698496186
6958,0.029118713592155742,0.016488847024156508,0.03148599419945245
6959,0.0431963595070918,0.014782746429398565,0.06437811129445455
6960,0.04286309649798068,0.0097708496836588,0.02724120207386249
6961,0.017569958429205862,0.04606868245979018,0.0406982115506376
6962,0.03284056359568368,0.033954960392076496,0.03659281283589485
6963,0.03430537047535799,0.014060756714859136,0.010447592145680121
6964,0.0,0.055121903002544034,0.07553149670050062
6965,0.0285232148403666,0.030945015212837376,0.03468848776037428
6966,0.05007917175758409,0.06765230113842378,0.04107384782033845
6967,0.05089036327746186,0.007054346785665952,0.04708204520581783
6968,0.02682744528108563,0.03799623403884612,0.03412590396750917
6969,0.019091759581787004,0.04723785478853385,0.05860569894429751
6970,0.04557887623172003,0.04638447695942305,0.0352837038345225
6971,0.11265458751720767,0.04302113235299226,0.04152957640281588
6972,0.04679811117143198,0.02714482103008844,0.0421089738036177
6973,0.0036157031497022346,0.09275644449425399,0.029651624186764727
6974,0.0596045640394722,0.0852479290038207,0.044897930897217705
6975,0.017255635863247205,0.016856652240760522,0.035316512141362964
6976,0.033811889199603685,0.036824306079589114,0.022869753317556345
6977,0.04836792210914079,0.032716974021026336,0.0
6978,0.034483644387420305,0.03224662976149519,0.038511125518721705
6979,0.08111284632358896,0.0,0.05214734469729923
6980,0.04838426564198651,0.05254843043269954,0.017951144370602738
6981,0.016463142996231406,0.05066470195661335,0.04974516433941437
6982,0.031054615759855898,0.016247228521545226,0.0640035525372857
6983,0.04821580403735178,0.019766322741707667,0.03472082807002038
6984,0.058816667101357696,0.022758039950059008,0.015034214537793128
6985,0.035400645384566116,0.02180283931245582,0.0336684329127413
6986,0.024580466803852966,0.03364076690815512,0.03321323570414731
6987,0.12738122596090806,0.009744617912029931,0.0
6988,0.032277823120644374,0.026040538586104587,0.04386724766019762
6989,0.03490454359653463,0.05398094067498311,0.006140993510897828
6990,0.030840565239526992,0.011797863262383315,0.02599606127066195
6991,0.0635371913547791,0.07064377769656582,0.06704282428121212
6992,0.051102097918960684,0.009111191677833572,0.0006113459716224935
6993,0.04653917833279703,0.0,0.10529818914890975
6994,0.04671014461748888,0.009010363692576193,0.05244862514889699
6995,0.07235929784581256,0.05041170514159812,0.0016213095031610697
6996,0.0834811562822014,0.03587495203476017,0.010800503213637517
6997,0.10975363314191151,0.0,0.03285077800912385
6998,0.036113337222153735,0.06102546757618629,0.0
6999,0.043028681885793306,0.04747854799880028,0.015288995619535098
7000,0.016813992784707087,0.002325821547994327,0.020606344627616804
7001,0.0588538429832333,0.03310013553500109,0.06438594630062344
7002,0.02952341170305915,0.010096996530232447,0.04350530368084716
7003,0.03083034635888049,0.022813346369527098,0.03949136356329082
7004,0.10986023293058546,0.019728794520613754,0.054500669545805694
7005,0.037578659811527346,0.022201206238336497,0.08333647995960379
7006,0.08183977182027218,0.05657394844640136,0.0
7007,0.02773136156863495,0.02568175570315885,0.034912267497120876
7008,0.08210599556635013,0.0,0.0
7009,0.04370780573613362,0.05693209760693182,0.02302063555860176
7010,0.013891050672606658,0.01932211008630973,0.00024943810047662235
7011,0.08344020060131706,0.03543208886460512,0.04237687035591533
7012,0.05145062952822547,0.05119143833914144,0.04958420157424007
7013,0.07217383876070027,0.0,0.045574818575057525
7014,0.007041334552537322,0.030660669455734826,0.0
7015,0.026119217956338422,0.012346239210279419,0.02666804967697137
7016,0.0,0.045300980963874644,0.032109329504981195
7017,0.023457393258729125,0.04971836968405525,0.015550281945111752
7018,0.04719344634530328,0.046823287598087744,0.024843168830587608
7019,0.049121172915904364,0.045853667261213045,0.04439586399762522
7020,0.04376530720313263,0.02551226929374772,0.02824248421972908
7021,0.03720542861703896,0.018816034131556296,0.03373097404388128
7022,0.02049019404602254,0.01705722521321878,0.017690138374440115
7023,0.03614986327838777,0.023081817890591574,0.05961814044797231
7024,0.00881763173455793,0.02592326351463965,0.035574959532778665
7025,0.02349739950207723,0.008183262413733997,0.0
7026,0.00653848579177554,0.0,0.05432849784294853
7027,0.06103818144195631,0.0,0.10260175222504264
7028,0.04320346443399122,0.02869437880163707,0.0677708411496049
7029,0.030584318047228887,0.05670096205285985,0.048657398869798245
7030,0.05242406974140818,0.04389979147085237,0.018364501413034806
7031,0.05558012145746401,0.082530172394509,0.004853039760926971
7032,0.06649794161283484,0.014331804661784716,0.04862803970933815
7033,0.04164302828675721,0.04776027394017999,0.060015276622380764
7034,0.022394983201184535,0.04211158952811929,0.12605845771165886
7035,0.03730346347446046,0.060241666646823996,0.0
7036,0.025264432673446295,0.060846075714191664,0.02338263613497369
7037,0.04643736972335937,0.020521434713546442,0.042067583416711914
7038,0.04250415987004874,0.024969433656207674,0.018200897620701394
7039,0.035327800333712,0.018659817939860063,0.04623651610903329
7040,0.0,0.06427393041470311,0.04430361005395084
7041,0.03204890769309992,0.020914127528540133,0.03224433162469987
7042,0.05548949914710882,0.07585817671855281,0.03823007108112577
7043,0.02661934221387006,0.03423729162359299,0.047180638877811765
7044,0.042945673554977415,0.020189878783255538,0.023650126951190203
7045,0.04021884041426267,0.02479347343521097,0.014779571125293316
7046,0.03265106786519339,0.039282390171847294,0.07942962027495692
7047,0.025489069446066038,0.0,0.03777082469390189
7048,0.03177045581138979,0.0,0.031289470477526934
7049,0.022609543301251755,0.02758923030386055,0.0361238491167948
7050,0.0,0.09385496260316525,0.046603725129608226
7051,0.01583251740202073,0.046422934457608145,0.006437739260352539
7052,0.014187760185643869,0.009245629313543871,0.014849330742115509
7053,0.03971428595384093,0.04627766725913823,0.0
7054,0.018419058600374915,0.023572122803766426,0.022069154577184984
7055,0.0183717246766243,0.03791322583444345,0.013889332248077332
7056,0.0,0.027464561732059856,0.014803383997989451
7057,0.04013680953221433,0.0012332847281969067,0.03764751629977693
7058,0.0456184882483171,0.021409025381590785,0.02091621101346311
7059,0.031008059569482768,0.05259367079523067,0.029621915875981394
7060,0.03134109129088358,0.041177031825839934,0.033849656729694616
7061,0.0,0.018464445512162392,0.19354054966849737
7062,0.0458289497252285,0.03398252162773969,0.0379153585435904
7063,0.032334935682350574,0.02008911411732067,0.0642250572941338
7064,0.0991876824375233,0.0,0.025835144317262415
7065,0.0,0.03564366685044909,0.03226970875985388
7066,0.05606892750851892,0.039545317759269824,0.0432081250944386
7067,0.013724637734628994,0.019486943981793507,0.029186861183939164
7068,0.10187020349757364,0.011308104474105516,0.02365794252641302
7069,0.021925189807008406,0.046940123340987065,0.012762656502474481
7070,0.06750403702161081,0.04213895963075507,0.02143103641744757
7071,0.061363951287132325,0.030601468302112498,0.0
7072,0.04905677490554562,0.02729405886027161,0.09593746566052397
7073,0.062877338434609,0.03207426397611653,0.05310203149719192
7074,0.034556770929017364,0.010571166982927422,0.016635195289676146
7075,0.052591699146137594,0.03386533596210853,0.0
7076,0.06222932496364843,0.07057280076373415,0.018810253965241393
7077,0.04280048390807714,0.08292242376264469,0.01645101167487112
7078,0.05456372282771954,0.0,0.027275544889527704
7079,0.031684763753111425,0.0017765518383636807,0.04808648594859375
7080,0.023341822823785524,0.003938846937876286,0.04767956467866693
7081,0.016759216755236353,0.04066068593091599,0.039481195017465144
7082,0.027455618820177243,0.019973913666274205,0.04992678661261384
7083,0.013976909062832233,0.03183346551872001,0.05696021290505915
7084,0.023966391924037673,0.0354311419510198,0.042099982160589945
7085,0.04688811907098313,0.025828396396926728,0.059625642470727394
7086,0.04181505387015951,0.063497720824426,0.028403274885549754
7087,0.012758333733808497,0.04239856148962568,0.0
7088,0.015934314317803108,0.03397294510554467,0.012964236737274258
7089,0.05852753135157553,0.045479962994410796,0.016225208540964976
7090,0.08085352074257447,0.057047462032416375,0.0
7091,0.016055394604459483,0.15185024645389483,0.0
7092,0.061464478404342,0.029746936776651328,0.0
7093,0.06587948507446055,0.0,0.06966583775081228
7094,0.04090182326947484,0.028001601619704473,0.02306170749409547
7095,0.028204082950527325,0.04895476824694217,0.03690260997033141
7096,0.02099111585427393,0.0,0.031638789379389284
7097,0.05076715869292428,0.029965942163672668,0.033500383816194926
7098,0.061937031671018605,0.04582240911535587,0.020030099607343574
7099,0.020387736272321558,0.06727990330714465,0.0
7100,0.04848364996097008,0.021892750634449943,0.054526201356975834
7101,0.037701876381309556,0.039363869275463634,0.016958609782593927
7102,0.12596902106315577,0.0,0.033305249180839734
7103,0.0,0.041205018812433505,0.0689382910443379
7104,0.04803175751160311,0.01212354764991575,0.041502029035787195
7105,0.03544991345110023,0.05002258284184132,0.03269631486640814
7106,0.04232908997496752,0.04046912873185519,0.008427450970611127
7107,0.02661229897300134,0.01980462213705066,0.0
7108,0.022161120136470855,0.03805921840825539,0.0537088926982067
7109,0.03511741197085445,0.05041129938398425,0.02180072756146531
7110,0.05290595804082813,0.08887858832985786,0.0855743308348503
7111,0.03860233860306065,0.05402441121741888,0.02637002539900186
7112,0.046464090203234915,0.0,0.012563184775712992
7113,0.03703604407969781,0.037980728388724024,0.03721847013143519
7114,0.03951433203887033,0.022032212433919823,0.04000195394510761
7115,0.02742659281075206,0.057487364380403826,0.022393220357127392
7116,0.028246932732237776,0.034170264591087775,0.05023563657487753
7117,0.02552911022793291,0.02417696594250564,0.034807973770305256
7118,0.06798265093262738,0.022168170083890333,0.0
7119,0.06284352639630005,0.04494817527166822,0.05591614343905832
7120,0.039211140871674814,0.043283433478397644,0.043655246760610555
7121,0.05462368229949916,0.07769473043258888,0.0
7122,0.028594012925087682,0.020930404760135926,0.044697668638920995
7123,0.027579988992352644,0.04096047947418802,0.04145389740865703
7124,0.0,0.04239353457982265,0.06073089464406108
7125,0.05436168009729331,0.05804596878824209,0.009038166311865081
7126,0.05219516375044958,0.03456494235040627,0.005377345757078267
7127,0.04090794522293337,0.03745921712071636,0.03419476821168779
7128,0.052133542347036016,0.06236637929305991,0.05202772756045158
7129,0.016533496185516302,0.03219028631271,0.027659270757227076
7130,0.025709733928021672,0.0202573842201582,0.06948663741180003
7131,0.08188142697688472,0.07958993273066883,0.02750829899557426
7132,0.01171232847819699,0.0551915475374637,0.0
7133,0.11761814024959193,0.0,0.05401806482850404
7134,0.037223358714101845,0.06357914748879297,0.03168183359127236
7135,0.033829379618043665,0.014802979107057015,0.013249827847939622
7136,0.0,0.07904362461318787,0.07124149557511164
7137,0.0104740019618937,0.0278307359006679,0.042820273042356145
7138,0.044884058710678215,0.06893848556494199,0.04139615982527874
7139,0.02183396048881167,0.03525457248177117,0.03185235043323823
7140,0.05908381209379049,0.018516662940898525,0.02946433011653385
7141,0.03848366909438398,0.0587797767725291,0.07412598302763006
7142,0.07340494626818792,0.02812865850351759,0.08742563280833902
7143,0.02612090872425732,0.08757530445425357,0.007380134907125389
7144,0.028997795138916715,0.030874650500354744,0.025608153165814256
7145,0.034110761737877,0.0427497510822194,0.038698192247502365
7146,0.07270486487266586,0.010055953393641723,0.009676052246189218
7147,0.01403720668809738,0.03742452356634237,0.046324986831159015
7148,0.00389354962756099,0.012053415824012032,0.0460427203429834
7149,0.05573990294062327,0.10885298747373408,0.02036976461545518
7150,0.01416636065086856,0.09660429701075564,0.009152484850430307
7151,0.061816010428227784,0.0,0.05198799040818112
7152,0.029925126755780886,0.08600997979608578,0.06284217257998058
7153,0.014072466948065784,0.04117310325473481,0.048004636294844694
7154,0.06973957136229757,0.0329960792593127,0.04722913711030798
7155,0.042961849546952764,0.021517297299489875,0.07655569010958087
7156,0.03450663119084129,0.0345215523809417,0.012405432313821385
7157,0.042145457517111275,0.0751250085614442,0.035045253135702274
7158,0.026044651436366403,0.035865679983026526,0.0132974684278381
7159,0.07126893161080272,0.0296122021656773,0.037675651679039086
7160,0.05304248910233808,0.009687013728887825,0.024317904684673392
7161,0.030312468350259227,0.0,0.0
7162,0.0310278436866591,0.034606089692281496,0.055494410015753226
7163,0.04947222566142406,0.02409553564658996,0.01907802674611506
7164,0.013091863506754925,0.028189897762286337,0.01441236541874251
7165,0.07665426281015503,0.0111770156749694,0.03604439117973785
7166,0.019187074126370583,0.02481256939807976,0.04596653859571576
7167,0.0,0.03195523910225511,0.0447788832574899
7168,0.02152080303306894,0.020431467798202412,0.016832553398976626
7169,0.025731581971312742,0.07845274082686697,0.030577914339626353
7170,0.0506357359922335,0.0029199844368447275,0.017748885506593304
7171,0.03772316766099348,0.02877210666533281,0.040330332904177424
7172,0.050529300249711494,0.0,0.09170906437611666
7173,0.046102857897603565,0.0,0.0
7174,0.0195332894841369,0.05054956150388377,0.047872636867741014
7175,0.021447627959778625,0.03944486762477452,0.052993480119042945
7176,0.01767697335623396,0.044543199270887714,0.01675683059526441
7177,0.07319545797150101,0.06650826223733272,0.010453503307849001
7178,0.009665610576855352,0.041060881338599094,0.03913088874296414
7179,0.03935200701092352,0.00962536104307088,0.03814559429864802
7180,0.04305098125756268,0.04539939572280736,0.02859051822651207
7181,0.05007403648423884,0.0,0.04780482034805203
7182,0.054858115308777856,0.027026565864182412,0.013982281609418659
7183,0.059428112172656415,0.08307195848351054,0.0
7184,0.04401461660749846,0.0005113386689277952,0.0
7185,0.05890567473251299,0.020535552119012337,0.0
7186,0.020543425265273398,0.06321504673821608,0.0
7187,0.0332134144639592,0.05163535188753343,0.035685378119366735
7188,0.06420593246506014,0.008566506328125723,0.05083116605200125
7189,0.00994001277852359,0.030918580248366457,0.05188547576576373
7190,0.027390873888351864,0.04041229911367589,0.049195812734569716
7191,0.12474117822734344,0.0,0.00790033604077471
7192,0.07390631781671335,0.03417080168609115,0.0058163219944077265
7193,0.03517155750588141,0.036170344621067274,0.03948412317833014
7194,0.03085563453902632,0.0595934966717229,0.022844229568606877
7195,0.0342178306360048,0.025697109944597014,0.0
7196,0.025295937474364892,0.041719604115382905,0.07239069948739651
7197,0.050004770159411405,0.07841053577010693,0.026411568885485782
7198,0.07224398256130679,0.029179898731822376,0.110831072472609
7199,0.029962288559803603,0.08851865866254992,0.06327395997291299
7200,0.03771991304107445,0.0313553260556239,0.010100835511754227
7201,0.028621402103385072,0.037591477659003836,0.01325768336559202
7202,0.04994795894882722,0.0241196423754176,0.05468926730024878
7203,0.01165638279157547,0.06755754887943165,0.021842012470982174
7204,0.0,0.03199633492841437,0.026982325461351347
7205,0.0,0.013102033786373127,0.025923393712111147
7206,0.017029305941709927,0.06994038611547378,0.0
7207,0.01268111526315726,0.05289388847028981,0.03431896461705897
7208,0.020896587880224905,0.008664314685785957,0.031234776153994896
7209,0.030524836496346117,0.02986507299222484,0.04039056561501311
7210,0.07351336164490582,0.0462470267297232,0.1815285979769637
7211,0.0,0.0263189874430871,0.03798622992172048
7212,0.03329451990459991,0.029948332761261704,0.022404720221171497
7213,0.05038926259620963,0.044516657476176315,0.027016334480945953
7214,0.016808808682421433,0.022801793110086205,0.022168110728793378
7215,0.044486856839080664,0.03250389625776364,0.024566679380425022
7216,0.1338830766515419,0.0,0.0
7217,0.04195447618932144,0.021006317136792577,0.030657368445836827
7218,0.020445849488364753,0.029781853098759966,0.03194556455295585
7219,0.02764892966137572,0.039018767567050965,0.022780685784480986
7220,0.0381129821608323,0.03679115833727045,0.06252662206427706
7221,0.008980056335452397,0.03528766497325936,0.03530085966274828
7222,0.055886871336162096,0.0,0.06953824089304193
7223,0.04779247952285081,0.031261815672174745,0.04399262368649794
7224,0.04782842437064242,0.01309998172187772,0.008809301453493101
7225,0.07213007870083228,0.009425048545112715,0.06507640018265672
7226,0.023186550524870158,0.033927080100140956,0.043511651844356285
7227,0.06520942113274339,0.03970605786760284,0.03956363913153744
7228,0.04735882684277856,0.027277342885134687,0.006503465719205316
7229,0.007011997217255035,0.034242807530256165,0.05997743240443593
7230,0.036394794005608584,0.05056142872278163,0.00943127432988003
7231,0.009580396406961095,0.050264159808516305,0.07118899338217503
7232,0.09230316736832268,0.06637273329091523,0.024815531695510262
7233,0.018932255600028352,0.04568377590619176,0.0440776232252831
7234,0.018113497678288997,0.038715340200139954,0.018581896699727613
7235,0.022184492451975058,0.023377996684340388,0.060380992131392024
7236,0.04901964906671858,0.0,0.012789227153338578
7237,0.05707088892007805,0.032657547688007584,0.012049734391766815
7238,0.0176232368831456,0.056724271020663485,0.04870679475982454
7239,0.05412662365838388,0.03146065441841472,0.009258286141155958
7240,0.0494278602574979,0.01985279023704495,0.030602835456688376
7241,0.0027931247963414313,0.049536039974460766,0.09961584864974617
7242,0.05435351345800442,0.023367450418250918,0.0
7243,0.06156435462774253,0.028366708735340432,0.02118468387069803
7244,0.014293737931959457,0.03274657304445241,0.020011253311831366
7245,0.02672128969000497,0.0797314599051167,0.00927562843297687
7246,0.04184027013794827,0.0459207549506759,0.018326054448140065
7247,0.03639434323461838,0.04069996544027564,0.07173387187369033
7248,0.0872865869753043,0.026634993209401506,0.03478770082474783
7249,0.015643115207674935,0.0347080117045453,0.058188748489645885
7250,0.007400217285523897,0.0,0.027112367077446076
7251,0.03231724474955414,0.007462529005496575,0.0
7252,0.03234554958199014,0.03104142589257213,0.021317774982104166
7253,0.014992644998061163,0.017981303082599685,0.04613658909594742
7254,0.0439780865010752,0.031508553582426616,0.0
7255,0.005745305151414405,0.025267361759002415,0.0354560762411732
7256,0.07596120863940961,0.03262474046066059,0.09147332034921965
7257,0.015646946522672206,0.04357206957343284,0.022065137953441533
7258,0.19802639044148462,0.027346313528650922,0.0
7259,0.0380774146809059,0.030486171138567844,0.04641669052129607
7260,0.04445570490664105,0.0314390528813896,0.0318788915390806
7261,0.028228337381278553,0.03672765151482008,0.04517881561858563
7262,0.0,0.030256752484741082,0.036754013902723516
7263,0.03629125077318541,0.04672696011798822,0.023595083289924473
7264,0.01981613993896657,0.03613269372251877,0.03486820712523298
7265,0.04543708909958403,0.01306874885220554,0.004416302930149302
7266,0.0709549374207722,0.009961990453403395,0.0930228666694651
7267,0.0,0.013231871794136978,0.08042370185200624
7268,0.05252464757323322,0.0929642058317104,0.022171763514022617
7269,0.007561552866993666,0.0025404024852149995,0.03488166634517629
7270,0.05681199468304842,0.07497337854739307,0.030102036766429724
7271,0.02612738888681751,0.041050917067568915,0.03598493021629182
7272,0.007347105975019007,0.020564476768375573,0.040842254911640244
7273,0.0685190059367324,0.009933417863028746,0.05498669110272131
7274,0.05080306151360512,0.006003295726689464,0.045432863850580936
7275,0.09216890728569492,0.04693907459248756,0.09265198845693053
7276,0.038402948721524166,0.004511406219820611,0.008783290404764846
7277,0.046656808252871176,0.007213696780350783,0.06142592380299282
7278,0.015125246269329116,0.054888134907693925,0.0
7279,0.033722319906966926,0.05636835260670523,0.0
7280,0.026053764567104263,0.02997288664969189,0.02306753340162492
7281,0.02923490333808651,0.05158323651240063,0.0
7282,0.0215717821765668,0.0023027377215497588,0.03521858081846626
7283,0.04728350296591,0.010534663902819008,0.004489871590448692
7284,0.0017208891880017702,0.03836159038983425,0.041471280748631746
7285,0.05724058547819941,0.06848789578011467,0.0
7286,0.02910458761687786,0.03037409810006736,0.03699979590321429
7287,0.03397627834467973,0.0,0.022350715773067385
7288,0.03138110887895947,0.04526284312880893,0.049015727479301587
7289,0.045329088962621285,0.06876851957104248,0.0
7290,0.022354576541521714,0.0271858169817067,0.06301541274389705
7291,0.018784872650869606,0.0327806251441236,0.06207552739961125
7292,0.033373106790329746,0.04707020495587064,0.008613870521888103
7293,0.0,0.04727225888698698,0.026876109860316542
7294,0.04271373581820582,0.03158926596252583,0.05681227239610056
7295,0.030461504713319442,0.04758089035492341,0.055717763221082635
7296,0.010194605193362766,0.006607825339361932,0.009891318135305846
7297,0.036943563456520626,0.013125164337352722,0.032503486961220414
7298,0.01958921455027635,0.03428888341926773,0.049879160965276
7299,0.026876939821999134,0.003911397954209764,0.018040172864547056
7300,0.028922622806481196,0.00528118794287429,0.01995311476088457
7301,0.021386846567933656,0.013228260581169979,0.0536949643098388
7302,0.03360400923513345,0.04896553977124157,0.024995064083982763
7303,0.04134098278003271,0.02260037567388236,0.0
7304,0.04372558522854206,0.033265434171850385,0.06007936250960751
7305,0.03440382425456119,0.061228319797452545,0.004990526224002302
7306,0.034789490460800904,0.02415681020731791,0.0363839856728325
7307,0.13035657978955997,0.0,0.0
7308,0.03332027304172407,0.02241478685495703,0.0033771206441766226
7309,0.03806839622162512,0.05708176653363381,0.02298252470223059
7310,0.027773332541979112,0.12086329215416063,0.1062743276350087
7311,0.018050954746361893,0.02754126881607973,0.007797862245592678
7312,0.07157834336778916,0.008383357511225917,0.07123688444561758
7313,0.14515555076922418,0.013323049093383048,0.01801974826199844
7314,0.00017986158708636207,0.016063389689727734,0.05586317998121245
7315,0.0315827082385823,0.025586742156159525,0.029160494809141454
7316,0.037721059168621986,0.052696911219422674,0.0
7317,0.10333369886810173,0.0,0.0
7318,0.03564706315592684,0.06974921130457619,0.03700291525531839
7319,0.15908297634241647,0.007633233751387297,0.011499930038303118
7320,0.020667403878876205,0.023466428271794394,0.04183144030592159
7321,0.00941039274770069,0.04256203948539796,0.0
7322,0.011476823278165266,0.055044302654225684,0.0321393075452459
7323,0.07622351944086184,0.0675592664501359,0.02355550451894937
7324,0.06602765022782847,0.0,0.05397591168277858
7325,0.046279961499103114,0.003875286538927363,0.06083627424211444
7326,0.028757452864775986,0.0,0.03622309706973154
7327,0.0012910460136273162,0.051471376459364414,0.024429167677685226
7328,0.04188933302400696,0.04419155646589685,0.048074618945629255
7329,0.01658640719364608,0.019992477317434806,0.002504919634195473
7330,0.050924194187170285,0.006444380707684563,0.026465548843612335
7331,0.0578639611767247,0.041814766099802676,0.0
7332,0.0,0.05043892568858319,0.0
7333,0.023686360920853328,0.03231649573247483,0.01900266313247093
7334,0.08623028446236719,0.0,0.037370561695436434
7335,0.05182819574231451,0.03246926527666556,0.019138592037829714
7336,0.046531635339319886,0.043145767612564924,0.012413137657306311
7337,0.03255507237519797,0.031002492950055444,0.07470297664620942
7338,0.0,0.04241537280968082,0.016046218503299257
7339,0.035805088399117925,0.0,0.05068577362823135
7340,0.03222311869760788,0.029420349597045734,0.01424510022404475
7341,0.0557489235096448,0.04077366641122409,0.012492098413124755
7342,0.023330115892190455,0.04065455968768959,0.0493816282329251
7343,0.04320276202623896,0.05897699850111791,0.023100516172798232
7344,0.005757681321508487,0.06329431548089975,0.028116774864590705
7345,0.014072949862167415,0.04323795697700752,0.0010466874569283885
7346,0.03118879818758785,0.0003081853002584456,0.0
7347,0.03436202309270243,0.04031551203277599,0.055696500515148295
7348,0.03839616554219868,0.011706733592740248,0.035119153150995265
7349,0.045657639836036885,0.05663395947948282,0.009503816925677677
7350,0.026791631726433014,0.02386472712521795,0.01275057451035997
7351,0.030619717990965706,0.06188473148797507,0.06793238997204169
7352,0.027795975760419842,0.03216776050442082,0.04042024264993412
7353,0.025962576366142336,0.06551511711128301,0.00385664978437995
7354,0.0539508208521555,0.0,0.03839316797917901
7355,0.03996343005807021,0.042584820829088814,0.04784535980456525
7356,0.17037625530963696,0.018502011462045366,0.017960728135996584
7357,0.0,0.05013499632023486,0.04127963265488926
7358,0.07635380589013624,0.019630146322237953,0.0
7359,0.05345516269156298,0.03832450428207445,0.020928274222300036
7360,0.06067555801551658,0.10538276502147348,0.0
7361,0.02868642519740782,0.012241458609623102,0.05540588875178891
7362,0.014281900721452342,0.055247927834792654,0.046067829627880634
7363,0.0073563357181542915,0.024615820488415336,0.032746825095018466
7364,0.0640227347874226,0.06545915665303079,0.023169659265817596
7365,0.031140145572964833,0.03764765690547312,0.01551524308274972
7366,0.042452922041834575,0.035378829299106754,0.01648950675876231
7367,0.05165701812512452,0.02807926739964087,0.039277286913610106
7368,0.04644295966782968,0.03387703385738737,0.14084484137161835
7369,0.04223301732361271,0.01361695470697633,0.033749224435467705
7370,0.009358759948805242,0.038265936563436714,0.0367529165969268
7371,0.04545383278778131,0.014111809310992984,0.021999956168241602
7372,0.01839911991065366,0.011555253378421495,0.06907098007189637
7373,0.02679381566064253,0.03603198046634543,0.05377155642657349
7374,0.043188104870545,0.018539743536755398,0.04664215463225991
7375,0.05443116398579465,0.042257674674372726,0.029793501114068626
7376,0.04957868503890613,0.1037805891752724,0.0
7377,0.11420527620785935,0.05043384273988454,0.05283403288622779
7378,0.018124701681936205,0.03992434416653716,0.03107839006269833
7379,0.053044125558284125,0.0,0.06810471979506852
7380,0.036430208179968324,0.024662097207800025,0.012960173866653336
7381,0.0,0.0,0.0
7382,0.045791066374138926,0.034052999597787674,0.03996512707424207
7383,0.0637438413586539,0.039437241532954546,0.020451770685723552
7384,0.044540386945757036,0.05103638203262312,0.04138363985971429
7385,0.0573317553915939,0.18147042561189303,0.06940928709452472
7386,0.049101684153755695,0.0423081419806965,0.028576003455322775
7387,0.05531784008929393,0.0373630097740754,0.01708630635571495
7388,0.11603992395900121,0.03374663434939594,0.08186779105757208
7389,0.05933079245628458,0.010820427918008973,0.052468476159309364
7390,0.05543085821322626,0.053716142310199944,0.041454541147737514
7391,0.052932304692367455,0.017414966813295754,0.03760368569573386
7392,0.010026039979731957,0.022143870228576373,0.01637239101332169
7393,0.03310213492296377,0.032002226495044354,0.04401645638914089
7394,0.04781747203920572,0.04329911645642498,0.005182298340216186
7395,0.024339044296318335,0.012415373671464877,0.033615520075879195
7396,0.031039252378516513,0.030000549886563265,0.011644695001856118
7397,0.027251616230950782,0.07311490659463035,0.03650794573262281
7398,0.0448531296189383,0.02445963579746233,0.014358558196071914
7399,0.045915802620720196,0.024431257483841774,0.055874100269551065
7400,0.05212875547428666,0.05244030144657944,0.038923668189523565
7401,0.046761327276112284,0.015619610239324297,0.016038410820886886
7402,0.016939213823535883,0.0017803652219351151,0.06301509181096011
7403,0.035999351026789396,0.0317248500402445,0.0
7404,0.057305616800636866,0.042657857878204065,0.01421865103465129
7405,0.012174435983664031,0.01963833420797843,0.03557487302185988
7406,0.04777066169751581,0.019188809465947438,0.02366778153713428
7407,0.053235136351894474,0.027983211805023472,0.051429742590769524
7408,0.0666495478547537,0.03825065027744664,0.058603835003709755
7409,0.03861254778055488,0.13295844856639394,0.07097717782168204
7410,0.023429409858722702,0.07862430309707451,0.029608648815834304
7411,0.0,0.026142691426698932,0.0
7412,0.03987602589117057,0.024132237749745256,0.0339176479876713
7413,0.002894272699543505,0.04995368384997299,0.04908523986379617
7414,0.02669177684160279,0.026554511894046607,0.007287935520296486
7415,0.019245561768687042,0.041200224502055606,0.0021753049370918424
7416,0.024983304257926876,0.027438225803601574,0.02699647085215173
7417,0.0552822827935395,0.012882911117523358,0.04354698249682953
7418,0.024924474443154765,0.0598890883348776,0.02865577031298767
7419,0.027084631128795916,0.0445552727646081,0.05280283235338821
7420,0.0295817025209641,0.03978935098535305,0.012104080173377621
7421,0.024155274822814734,0.009499086953186547,0.057113457880168604
7422,0.030108169897241868,0.035709150269533925,0.027388734961746698
7423,0.0,0.04806869478338036,0.14866378356654542
7424,0.030713887736212187,0.05327555541675427,0.004489265206364848
7425,0.03945390247540396,0.0639459336255145,0.009565424154374424
7426,0.01832871103735383,0.04075064622333545,0.017893492430725536
7427,0.009820754807898971,0.05727560039276964,0.038833582902780356
7428,0.057186103163471114,0.012548454710580192,0.03775919830722834
7429,0.03134153066695949,0.08024074288115579,0.01944208700876055
7430,0.008273365901449897,0.04647429112996615,0.04712683564071262
7431,0.032638845503160346,0.04256958363110438,0.05944310455009724
7432,0.03996250738950871,0.05268441530615714,0.0
7433,0.03431709875135947,0.043698041381222553,0.014919227169308255
7434,0.010881104457124466,0.04125703493392786,0.036920991445585895
7435,0.036373701678261525,0.06569297143494575,0.0
7436,0.051449730002673506,0.08021247281265889,0.026395882529320305
7437,0.008591013373724893,0.012341403723992977,0.040849422012625175
7438,0.030099118564539742,0.040653390406529454,0.037256286728886416
7439,0.034385520799359436,0.026204459848019997,0.038976255577194925
7440,0.05678383758499499,0.14192125256773364,0.037535313455635155
7441,0.027419587423938428,0.02484852388672648,0.0
7442,0.0,0.04291097213280521,0.02885487365114762
7443,0.06004811714348855,0.0,0.0471407142327924
7444,0.037932291841087595,0.007829124161922413,0.024748822251764373
7445,0.045573188380552854,0.033688647070000834,0.027928412724312814
7446,0.04395954108209733,0.03266091165835281,0.04481120251836158
7447,0.040678036303462055,0.048350513817774034,0.018837221345382665
7448,0.02586510477032501,0.01650921524357304,0.055635519808551824
7449,0.043911949721633335,0.04132266758389585,0.017980929087176467
7450,0.09406666429757748,0.023203280110686116,0.03473349794259226
7451,0.06520140162406632,0.033379046877001585,0.04610264546876766
7452,0.043162777382673385,0.030646262108194045,0.01864121726279098
7453,0.027352892403766066,0.060564288498413166,0.0
7454,0.020501364413858403,0.03301558541140772,0.05822585339466224
7455,0.047999276269133084,0.035761846371827666,0.03594626032709725
7456,0.04106181644938179,0.01609133004249615,0.010522506606935355
7457,0.034608035493812334,0.0016506924581572956,0.07597766892426841
7458,0.023553540308297743,0.019360602743307757,0.03791578918627871
7459,0.026188512163826765,0.013865510800515882,0.032668246994876846
7460,0.04460397403521118,0.04859200917974304,0.052956112050632394
7461,0.061739788896998694,0.028000055134191005,0.023883074795118243
7462,0.03895019868635238,0.019989140074345425,0.03678623114882168
7463,0.021570651682812737,0.027193830550530956,0.043136413422618564
7464,0.027867551043779814,0.05496814939937484,0.04515086525440639
7465,0.06184394583173177,0.08187557106170389,0.06596595152608171
7466,0.010390792995078744,0.10775935051762356,0.06897607442667072
7467,0.04816524871255894,0.06313576814742043,0.0
7468,0.010167837037340241,0.03890146387691449,0.05132760249041663
7469,0.04665178597875435,0.007920487033997439,0.012893531164596293
7470,0.03029759098652351,0.03232583504388506,0.010795584181052401
7471,0.05902366988306393,0.033575911921817116,0.03658174137372402
7472,0.04123352713163917,0.05726323276869153,0.030026816563388636
7473,0.051119169732516345,0.07056600042402152,0.0
7474,0.031205719878523167,0.028381680701222878,0.055162494516344585
7475,0.05620672391227312,0.05319161966073586,0.0
7476,0.03921359642741031,0.031918451286982785,0.02624017171893932
7477,0.04245593907763374,0.021263684386538903,0.04334763092511022
7478,0.0317459441790345,0.032128306127628146,0.04922788893899235
7479,0.03715415815710958,0.0,0.09379360981992971
7480,0.0502495735157413,0.020420351001179716,0.0
7481,0.04639109424594173,0.0237801169940369,0.026740885217114565
7482,0.035155882334730895,0.02052532748840467,0.026521308463141557
7483,0.08128793885613207,0.05511426364789715,0.014726223384941065
7484,0.008391925910860208,0.06069846039271848,0.04660647960449724
7485,0.013852699167813674,0.03551339233676615,0.035973058545676166
7486,0.027681067989214946,0.0509022159696886,0.03599520374059218
7487,0.02153250112342932,0.026258502211987906,0.04299674505572169
7488,0.061379800467568545,0.025648470904259008,0.04447832672793278
7489,0.04261765404017285,0.03417776602489161,0.03014931752734945
7490,0.04978037950713588,0.03334076356403594,0.04470228432183294
7491,0.035797228982435515,0.02718631903066153,0.01600805621466564
7492,0.02528927701371207,0.06012772579484906,0.03280708586400268
7493,0.032112361308747804,0.04414912947227526,0.025507071252359553
7494,0.012677173990554458,0.02620812047591874,0.024300653626625007
7495,0.03410339331945927,0.007766131224498281,0.0566189371959362
7496,0.03768483355960328,0.031212036685480764,0.04675245660023353
7497,0.027040572390584522,0.03670458076538679,0.04564324989877433
7498,0.03277227805990941,0.012102984518349189,0.021330076909746958
7499,0.0907439590469126,0.060508381110288424,0.015539952203254666
7500,0.032771355581133345,0.0777361702028796,0.01975816175420725
7501,0.01353918054027089,0.040368379703984034,0.06385631975467862
7502,0.06555107657729019,0.039038986683394165,0.034069792785261524
7503,0.05860901186215074,0.07797020559293796,0.01887053412066478
7504,0.013942006169155328,0.00853452975632158,0.0
7505,0.055614848353112735,0.051449626470680236,0.038160487246097004
7506,0.06546601199995461,0.02297555151206958,0.004006616179670675
7507,0.02778184827047078,0.06746687343437026,0.029289315942713917
7508,0.02521957744745748,0.044448525685484845,0.03222160618744203
7509,0.03660463736365729,0.06189436254423994,0.025374487152323582
7510,0.02042206155538692,0.03854683365288502,0.047694553480032494
7511,0.06542778271833263,0.025979904640707624,0.03042897264103153
7512,0.07230068829788878,0.0,0.03869571418348579
7513,0.03391346915379214,0.06486599634066217,0.036714243327584106
7514,0.01912346932985708,0.01417746809056559,0.015423578194475077
7515,0.05216822983168237,0.04625993265858257,0.018839743557817423
7516,0.03685321790112552,0.05819683080467366,0.048944096814486276
7517,0.022160245230379187,0.028519747979895215,0.050303066921169176
7518,0.04024886760321735,0.03515307914165904,0.04384589287691534
7519,0.04386422493126998,0.03173334530481278,0.03991510281570174
7520,0.0,0.040829545106344886,0.021427214905371434
7521,0.04814728626240281,0.0,0.10889047789129483
7522,0.00700916287291901,0.05908715687654731,0.02456978026942699
7523,0.0,0.03201250586146983,0.07518407687354559
7524,0.032865575357727134,0.03385041647945753,0.028170812060410732
7525,0.03750107478226934,0.005831854294270328,0.02551821370300843
7526,0.02853080796503824,0.01224397698619665,0.026099596791190154
7527,0.04325593725445914,0.0,0.01176494875828963
7528,0.08763422140078635,0.011496379482473519,0.046830707279163976
7529,0.03626537381123222,0.05159196713350231,0.031667208460616415
7530,0.06886865456994284,0.039071414353507763,0.030862936714876596
7531,0.012734786475454085,0.03715036731498046,0.01277279724155908
7532,0.04126713123309592,0.030722520036593832,0.027702095070327604
7533,0.03198270552496929,0.010716365717274889,0.03275149331567156
7534,0.04791390268068999,0.025582896335913197,0.029666434976640465
7535,0.023484143304437363,0.05909458381222388,0.031341596761533606
7536,0.01955785080357639,0.03770519413631084,0.022313510014270163
7537,0.050929189778890556,0.047098452592898014,0.05533746129475342
7538,0.04150740862440659,0.047303488724877586,0.0
7539,0.03210578798538095,0.028277993691408043,0.04857059376425019
7540,0.0,0.010112514204643158,0.0
7541,0.04394495738332074,0.029170722673970834,0.03335106620156719
7542,0.0352052053191893,0.044021875632942,0.018289056675584392
7543,0.011320860100140176,0.04650353481739808,0.03780334263116701
7544,0.0512032544644161,0.0026140621526378957,0.02482720865693025
7545,0.03993177353649772,0.04269133569841597,0.05091132053182692
7546,0.06397233865987852,0.022031247322463393,0.011536707466179727
7547,0.005544227412068087,0.04604118180504905,0.03552690352872893
7548,0.05862072265275782,0.060626126386156776,0.02769018478605112
7549,0.04865777039952159,0.01645616176309907,0.05035248625738065
7550,0.031257523705434935,0.06656315651550745,0.0
7551,0.0345102043804161,0.052020983393538334,0.006302613345717499
7552,0.04497426586956955,0.04197317300535888,0.0
7553,0.05645161126564897,0.09129058971944357,0.010400664839110963
7554,0.07526487475305745,0.0,0.060743286819298484
7555,0.04601854664861065,0.03781589889126539,0.0
7556,0.054606815986664135,0.04034479846563911,0.0
7557,0.030859756641882705,0.033899885855364985,0.04341458586968885
7558,0.058136129571338985,0.0,0.06910672828850313
7559,0.0248262818299935,0.0,0.04928387606072082
7560,0.026279520441690487,0.011865855315150659,0.016628533903604577
7561,0.013603533205702756,0.018946252882538293,0.037666685235125015
7562,0.052831304191018814,0.05074143193861095,0.0358701215595404
7563,0.05310952982970963,0.045577838203750665,0.014025271764863486
7564,0.0,0.04060894560915275,0.03506292057947286
7565,0.022628248698904507,0.006839390147988182,0.03368105552160166
7566,0.0,0.04305461905317672,0.014817865475128221
7567,0.014527370907299574,0.08880009523673202,0.0
7568,0.00936439978677309,0.014390087255410272,0.06256479119469988
7569,0.029610655630579293,0.030814425249707764,0.010798338135490327
7570,0.03647786830529845,0.02048150057877754,0.04518122716881726
7571,0.03932309518781318,0.021945808112522277,0.07601680584118295
7572,0.02832278280139414,0.04344926100156446,0.024557484980747283
7573,0.012082432488793671,0.05244534427938905,0.021728633540993744
7574,0.0,0.036323389246459406,0.06101676052217976
7575,0.0159228864207699,0.0249117998788201,0.05365361673033169
7576,0.03245620789604679,0.06305036244368224,0.03489494594510149
7577,0.005682813705520863,0.05553840950914205,0.05109816077945883
7578,0.05860090468960002,0.0,0.041630417901483835
7579,0.0218335505314248,0.025289416692755733,0.05717366997181252
7580,0.016128805653501232,0.04967606118076195,0.024158392728072808
7581,0.048859291283683944,0.03370891611692923,0.04228428001374454
7582,0.04606586070160285,0.028429258962176313,0.027373270562830714
7583,0.0524834792507711,0.0489167974147458,0.0069475311257991045
7584,0.05546218577945473,0.0,0.07664566499121446
7585,0.0488964077908074,0.033817825119694354,0.0320959115889032
7586,0.0,0.06254943523710141,0.06995959700468023
7587,0.09058374523280541,0.02318339942735338,0.04470416416886045
7588,0.04265808527465828,0.021723380993577807,0.03896997045610214
7589,0.012899500004668982,0.0011028534595355147,0.005920742440857739
7590,0.037907836706184285,0.03660181054519851,0.02075249409748825
7591,0.039473162872001095,0.018222184051927354,0.11500213223130114
7592,0.08753224342288443,0.027749074096899612,0.031163391491351285
7593,0.021710439977874512,0.0004299610887110635,0.04721514132984104
7594,0.021447442088796186,0.024195507613736067,0.04626353771118084
7595,0.032441910761151466,0.047265538898522606,0.05548649453547577
7596,0.03280478893343609,0.026421572044684972,0.06489712699120458
7597,0.02364131893274615,0.027719532187668986,0.04562502517692419
7598,0.01076481740705352,0.047268455295769875,0.056456284658125966
7599,0.06071087013450214,0.021359733960238412,0.0284180206696986
7600,0.010940849492847881,0.004785052537337654,0.02882442269447481
7601,0.15463101895774256,0.025477164043028945,0.0
7602,0.022279765391307178,0.0421022711913502,0.0063478952479163325
7603,0.031218136992056653,0.027448775740411074,0.04835082849606357
7604,0.08184774906778496,0.06853477722126859,0.07725840841213658
7605,0.03582929008685429,0.014559716242268346,0.02481692576769438
7606,0.058778495259030894,0.0232143080040199,0.05255520253432886
7607,0.014512966269349316,0.04896734369991223,0.0388339640062
7608,0.04868485121962681,0.035686472666961476,0.028847687264048235
7609,0.06014768712298297,0.06006017042117098,0.0
7610,0.012933356867170452,0.026371187852815874,0.03405332276209449
7611,0.07427691787705232,0.024164058402594984,0.02947165416160791
7612,0.029557068739730453,0.04343121434452742,0.02930824684355021
7613,0.01304134390921737,0.014987117826956713,0.052667263925065655
7614,0.0336750417170023,0.03535529831407782,0.04761833739325871
7615,0.07490833633769771,0.07140359181896283,0.15244144096255707
7616,0.011560205149040012,0.05502934700497947,0.0379199127192543
7617,0.016919434481113094,0.04647330009177386,0.024070731765896244
7618,0.009852445756950651,0.05484701004741905,0.037644325313256906
7619,0.06190001236331287,0.004424752186358474,0.04775541386406085
7620,0.06349819761064658,0.0063435765593902824,0.07107407885122191
7621,0.09741050633189033,0.07500192579288807,0.021815231880797124
7622,0.04900354482178132,0.040787216362416875,0.03649327184253218
7623,0.04743746614936467,0.024223044580757375,0.05277446171009608
7624,0.025309004235939486,0.06246624650327829,0.01913159150419367
7625,0.042911096735328676,0.0,0.04024262977736182
7626,0.04845671588858441,0.054611477383530234,0.048207319968623506
7627,0.0209415151755173,0.01611222039389366,0.044885999620536104
7628,0.030698458662634084,0.0,0.027095908153417617
7629,0.03519879280167231,0.04779777883343025,0.06850434725777949
7630,0.04867216464058555,0.04951870829223756,0.032423135067741464
7631,0.013096685136469456,0.031518356553857346,0.06044882074192057
7632,0.012456812027687687,0.082999996590195,0.07980766855000214
7633,0.017121923287545894,0.03924550217784641,0.06950974125879539
7634,0.06874053845637786,0.04288245113180332,0.1317060192999589
7635,0.04809591186951387,0.045497250453375306,0.05988235726463923
7636,0.03651505551956737,0.018099742536382895,0.045302499222141086
7637,0.06120494908369809,0.010915475897079125,0.04755445221109996
7638,0.021818537427310214,0.057981810507931164,0.0474971777439438
7639,0.02723245390138356,0.04811248058468326,0.04466232057750912
7640,0.04802862302237247,0.022066125197587428,0.0
7641,0.03457871343729354,0.10369287874136887,0.03696192312257286
7642,0.01193932282910408,0.050302977202245365,0.0
7643,0.046410962004371614,0.055611742867953916,0.04368350337954924
7644,0.09289291237396889,0.02041757784638755,0.05427656762680043
7645,0.0077230320847151285,0.0706744475237247,0.08456028077431602
7646,0.03506358765388118,0.05151107720793041,0.010374550320577616
7647,0.04378039415553638,0.022197104537538082,0.01672180690081203
7648,0.050739305164823424,0.0,0.020169580708466778
7649,0.037783011586493616,0.03961401691877837,0.04873487929092744
7650,0.05767290057809481,0.08466741744893977,0.004407486746860853
7651,0.025255573161526965,0.028616560185161198,0.0
7652,0.019424692737151254,0.03964960654042909,0.043991317551096365
7653,0.0,0.05919361939427894,0.042779616798622605
7654,0.06483559076300568,0.052140417790562776,0.0292648446513852
7655,0.019986577849030115,0.024898308609747385,0.026931072283307822
7656,0.056539591669054014,0.0379970136870147,0.0025278002324412296
7657,0.014216253325651919,0.003554783444526375,0.05572740897726233
7658,0.04255574425964095,0.03122324419231164,0.0
7659,0.030719840125044365,0.01318952981170006,0.03404340171748791
7660,0.025194914058364774,0.023052391814617976,0.02876224294125987
7661,0.014146960798942877,0.04873784478218555,0.05242260572382167
7662,0.0,0.04287323120492572,0.049451050618886765
7663,0.030240092532645983,0.07771199072385211,0.032610103782968344
7664,0.015467529948053524,0.014044470584133382,0.07336257311996773
7665,0.011075635987888424,0.02691596737638107,0.0
7666,0.03367130883282944,0.025102911454332702,0.022537084797521905
7667,0.037125339978019214,0.018519030004255557,0.04947686941785373
7668,0.012113000317546667,0.09364501729573584,0.029669099208823824
7669,0.020930211986873216,0.0,0.0403176152654992
7670,0.024176335615214914,0.07263484679170577,0.047161493538401066
7671,0.0398403862603133,0.04972280775846615,0.021688340525525474
7672,0.011015036353526237,0.03433237621964597,0.022871633161962113
7673,0.04647643464242624,0.04514481497918327,0.01872968411352872
7674,0.041661714016358355,0.045762820747012774,0.03733760386140431
7675,0.03585035887146338,0.029919368555192737,0.033975462939140756
7676,0.013721306711090198,0.02672651497495652,0.019948713520643594
7677,0.014478625624460943,0.006928163630008659,0.009993770418956785
7678,0.024029342499337376,0.02602874396011179,0.020702477517091526
7679,0.050311205189432634,0.0,0.04511490970994878
7680,0.05521580716579444,0.04652634114140846,0.053810609507625916
7681,0.040396194005709554,0.0,0.0
7682,0.07296951512797539,0.0,0.0
7683,0.03511830305047478,0.06250168410288442,0.0
7684,0.02452712205356604,0.04566706118796323,0.02160254792785925
7685,0.0598089330835368,0.020470273864980404,0.0
7686,0.058277769232087384,0.02293923255862751,0.04753272093856562
7687,0.05775248366424759,0.00946912108377438,0.0008449952436887162
7688,0.03055140313803952,0.03126516035699686,0.03938520989958273
7689,0.07888840839583945,0.0885690480495234,0.0011343781823039759
7690,0.0,0.0,0.028958216032717497
7691,0.039279391180224325,0.04303638500399748,0.06581978653912798
7692,0.049833131636202496,0.014039966279488197,0.029247666194291817
7693,0.06317233467909089,0.042371590879177023,0.015132441001223518
7694,0.042092549460810876,0.03025584193126858,0.03440256296432214
7695,0.05373662654042359,0.06174646092040904,0.05053375999850396
7696,0.04629012932380267,0.10184872517328854,0.03938092745089628
7697,0.03002900564943541,0.061302423279275965,0.056399667469164416
7698,0.03585199803732169,0.03458108693232636,0.020521921141047023
7699,0.047456886199480984,0.05380136158579867,0.03724052180248068
7700,0.06098331699469278,0.032407751820851136,0.024388106414805627
7701,0.07036130415744883,0.04478621671200178,0.0
7702,0.044412637986651717,0.0402190636175627,0.023447715763003838
7703,0.01893577626792409,0.04500283207372129,0.014624059737266694
7704,0.0,0.0823574524219027,0.048867057523107924
7705,0.03337330296345527,0.03533923087997576,0.011518027024988848
7706,0.02311970842759404,0.0896225106108194,0.05671875400204663
7707,0.029764043067637937,0.036571114556567676,0.024855456154017602
7708,0.028881310673727845,0.0553122876697018,0.04701402859338849
7709,0.04587431363374069,0.026359247992589485,0.0010450245237941201
7710,0.048614135446595146,0.021428447703052446,0.015503399661211968
7711,0.051981563759067165,0.016995172074360982,0.06240083222273851
7712,0.07514332871450217,0.0,0.03954740342283214
7713,0.011737191619287385,0.03177436824867475,0.002092258857555753
7714,0.04590979266968619,0.04101639028402635,0.015659717762897485
7715,0.05466442666700581,0.0520438339558486,0.068006035392319
7716,0.01345805541645876,0.0,0.011429401071146483
7717,0.040796056327155376,0.012977000793149196,0.009114596263886452
7718,0.04578981860417275,0.07059358143446914,0.02426177945004068
7719,0.03283808890237382,0.04898171792803229,0.01864338841086279
7720,0.042973545273023384,0.013433212203443642,0.0344932935474058
7721,0.0310220093891956,0.0,0.04382091373528465
7722,0.0,0.05824604150620724,0.06945339478385991
7723,0.012013108480051354,0.050793308521191106,0.01963261627197025
7724,0.0,0.0492763048717601,0.023750215846914943
7725,0.05925247901395463,0.025858070654093745,0.06094592121359353
7726,0.02366565474639891,0.06580760676056945,0.020158772797269423
7727,0.0689050288766689,0.030236827057081427,0.03411224218333376
7728,0.06912835561596573,0.019173522802720437,0.08602900334561545
7729,0.03493596088915619,0.026090501303515923,0.04246388379560761
7730,0.051603337149181853,0.0,0.09312053813665755
7731,0.01954664182705293,0.0,0.06965682340220572
7732,0.08208914002019489,0.00611371965180827,0.006825859265855117
7733,0.04431078887391528,0.0,0.0807349254654599
7734,0.03869666406929384,0.05841099463710209,0.05045965880676171
7735,0.047102611521236015,0.040437154650898935,0.04410765466142247
7736,0.034929265796984445,0.05918845030169786,0.04393770524767284
7737,0.03299450064619481,0.014131451339747053,0.04304534794646934
7738,0.06016204708359194,0.10722951229302274,0.0
7739,0.04015429209982666,0.02912627165780213,0.0312752142967644
7740,0.04877616443329332,0.013089217599385384,0.01844282291032286
7741,0.07498776594227526,0.03962173179850503,0.00868243070705227
7742,0.034528410670220916,0.03231536752751265,0.01462516216492477
7743,0.04871222972935222,0.049258731615344074,0.03825405653871048
7744,0.01915089699397551,0.03162856307789575,0.0460809034799159
7745,0.04023273915864783,0.02726384614241698,0.022047761282344865
7746,0.022286027659196628,0.05675333675814458,0.04068116522084934
7747,0.03485854393005553,0.045775758187840805,0.023036097945667976
7748,0.01646380507019623,0.0,0.017332904720878915
7749,0.02599522758625394,0.03366749883951126,0.020362282810004472
7750,0.0598920667471714,0.026988424077005052,0.017717229132344466
7751,0.02499726896237063,0.022178450949235498,0.028663586327549333
7752,0.13750840510541673,0.009672236729510144,0.00972699553788179
7753,0.03453664287673863,0.019122646655166588,0.027902713674651265
7754,0.044837197967563726,0.04469128342852946,0.020694165410704752
7755,0.07607046198244113,0.06021717182726158,0.03274738189440051
7756,0.07902772327591887,0.024649140597992527,0.031037750426474463
7757,0.0,0.10030100900688232,0.06563734155712594
7758,0.03028075960401862,0.03695687975646104,0.037403852664030235
7759,0.049568021334789596,0.042662682688242505,0.03342064593589877
7760,0.04177058271491204,0.014163759832575978,0.05526799451464385
7761,0.020138573120585805,0.04401594352723123,0.05673666287315928
7762,0.07180081672957021,0.04162229694687603,0.053154909193371846
7763,0.01975297136576558,0.04233873024188719,0.004060263786084997
7764,0.04888007192237762,0.02429502131556552,0.04639877387446625
7765,0.02179639930223291,0.05205048198192177,0.048967524760402246
7766,0.07689923674874492,0.06931220732811617,0.009552206115598512
7767,0.017558215217813793,0.02379559697997244,0.011492782531713333
7768,0.06019074541803865,0.0360165506285867,0.011931973814439188
7769,0.054347795562336154,0.06526905022671824,0.06729960017138169
7770,0.08191016221866006,0.07820297901572264,0.018733233350823202
7771,0.03500423658249082,0.0272314484803646,0.04259766139259319
7772,0.05831992633889859,0.0,0.07339469157619849
7773,0.04422322570205516,0.03264336835790409,0.0032610164324853954
7774,0.05727042762768789,0.06694435108889275,0.0444578060552844
7775,0.077459086866845,0.043649145733859585,0.0
7776,0.04735290697824851,0.034326959582910974,0.0312347074210101
7777,0.019750480701890803,0.006512482464019855,0.045589807057968244
7778,0.05924364927983152,0.06702619993124113,0.02292093387499639
7779,0.04232915287976289,0.04482548839847302,0.022971533371902792
7780,0.01916462896232306,0.028466024764356977,0.06190113497841495
7781,0.041970186399079505,0.028258667985142333,0.022344720801615047
7782,0.0,0.07036144868465885,0.034175040950034555
7783,0.05444345904825016,0.03815682490987209,0.020451849404834244
7784,0.032595210952996855,0.030719484879342895,0.03296857052551856
7785,0.058735564888045246,0.006684598404122537,0.03884943827085617
7786,0.05453321168460962,0.045801908339471016,0.049493491383729944
7787,0.04088694887648509,0.007893540510630244,0.027543210675079786
7788,0.05456253591079216,0.015884762483814274,0.033799083756030114
7789,0.02073630001164291,0.036959900142210435,0.037950751357000115
7790,0.05419303803400651,0.04921304390656255,0.06939898273262601
7791,0.050834483247895274,0.03253421655994442,0.051543337955490265
7792,0.105601484423484,0.05084620433654351,0.008405237172035746
7793,0.012134316531124173,0.028704720963581856,0.036193913249894155
7794,0.04841352273404626,0.020275559338469872,0.0516896270215754
7795,0.03483473330945953,0.025116693009804365,0.05105823299586477
7796,0.062265798753742975,0.012535157463982686,0.03680181276456099
7797,0.05259034898336544,0.0305146131251154,0.04299283639092958
7798,0.08507096359985046,0.0,0.03443176629932977
7799,0.09963073597233015,0.0,0.04748518364066697
7800,0.004957877718368618,0.006306613979078474,0.06695167798810646
7801,0.021246676453279146,0.016630289295601272,0.018471494738910552
7802,0.04102219684184819,0.0725190932189012,0.017782123905403274
7803,0.02696346957624352,0.1011502617729952,0.024486814781941323
7804,0.04380796343330018,0.0,0.0
7805,0.05477461678377227,0.03516118134169938,0.05979192006887026
7806,0.019011844563031732,0.06199162509316301,0.051156736347273864
7807,0.02364420690380877,0.013016617415609213,0.06056877435309773
7808,0.04401553828910199,0.018716143669856477,0.028503128603995873
7809,0.03296020879735555,0.09556266939730441,0.07163613168133001
7810,0.04908536225392982,0.013115386864055792,0.06324659360741608
7811,0.01761766103485806,0.039985925509997376,0.027742982622973266
7812,0.05152731212757378,0.0,0.011404693931668352
7813,0.02711446361518799,0.043440969467196694,0.022943402307238264
7814,0.029364477630191854,0.03874667905637824,0.019096148668860058
7815,0.05003436485822229,0.07015026949617569,0.06428277097221463
7816,0.05210551480877846,0.04919629085780217,0.04985002323375968
7817,0.056227573013802934,0.06876527961125889,0.0
7818,0.011683315067684682,0.034144291460684796,0.056455997510827326
7819,0.047929943982052976,0.02691129044679455,0.06205118252243438
7820,0.04502834217160798,0.02630484229765034,0.042977057107701985
7821,0.030384241959240596,0.0629195796179045,0.027661814740146718
7822,0.06328361335946248,0.031028777689744293,0.016405327257084
7823,0.03137507042071661,0.038247753158526444,0.026560701721839622
7824,0.12306143035883581,0.1372119449309674,0.022395108877943697
7825,0.05123070067287592,0.014021672465171562,0.0568975800396836
7826,0.004055208668046992,0.009155978951700082,0.005738219351621989
7827,0.10303821061596542,0.1025433308434141,0.0
7828,0.02672669076935702,0.021267783260869904,0.037156112272657645
7829,0.0,0.05374647810613289,0.009755535295459125
7830,0.02998333886054469,0.024019690191792314,0.0
7831,0.05571827564031368,0.04110079119097833,0.03282868177328545
7832,0.13058401552686721,0.0,0.032370880503901855
7833,0.02669975887829513,0.0601342755392432,0.03501876526065549
7834,0.03293509684697214,0.04901443655860127,0.028853310785514726
7835,0.03925013730634142,0.015225066559137442,0.036199609116897645
7836,0.025333220101586635,0.0063233190980020075,0.029111185997035438
7837,0.018171538701526907,0.015663820610424345,0.046244851748073364
7838,0.04414640724291331,0.02279932238844224,0.024943091985790734
7839,0.0,0.021066487403085418,0.04520781654099257
7840,0.028106800470516596,0.04629486741536159,0.043146201540749995
7841,0.005898775201717346,0.01650598491687216,0.0033681519801590197
7842,0.04341044235393285,0.029563276937315492,0.0
7843,0.011947422476949751,0.0541632685723925,0.021777285605502877
7844,0.018283992505268493,0.05287202176194899,0.02578776255408045
7845,0.023280268550727925,0.03145508008650292,0.01590176878141102
7846,0.0,0.011417827636987878,0.009504604939232206
7847,0.012820442823163867,0.04375625446736056,0.022999504893144673
7848,0.06744485686592012,0.02234664872860469,0.08732516565170072
7849,0.025941833622193457,0.018867634918925916,0.050335975339084016
7850,0.030145285158077295,0.04994805547824416,0.0
7851,0.03795829143666025,0.040006252780995843,0.014404812432142778
7852,0.02342751746039072,0.057332427674228886,0.0008521531977420393
7853,0.04117614149892249,0.02065940563168091,0.059254909344778506
7854,0.050990651303683826,0.025404945755606572,0.05589374973837689
7855,0.04954178765589762,0.008304193637591184,0.030097726927884216
7856,0.05444640987598057,0.0664599905158289,0.025337748963400197
7857,0.028625873938126073,0.016713344633463568,0.02120973510095221
7858,0.03309416614574393,0.034594554303893986,0.04986455965408123
7859,0.0,0.08151327421291278,0.028626276945554793
7860,0.023655934423893053,0.04980392110930598,0.0125218371272204
7861,0.031713802663861645,0.035309625895610756,0.002238425034358532
7862,0.0690040637335766,0.035941910401614284,0.03900244675300265
7863,0.0063438680231894945,0.028011429628411803,0.04367699326756922
7864,0.0,0.10037607864485933,0.05383704659762039
7865,0.040414303837149994,0.04885257541056484,0.020384036845103665
7866,0.0069417964395907346,0.03911057558189968,0.007044794849727466
7867,0.008541190065582838,0.015968895102092012,0.11154775658822866
7868,0.03695777434436288,0.03240598485209382,0.06199788919981286
7869,0.08564372351221342,0.023434710377397625,0.010338252564805691
7870,0.015564046331862105,0.0,0.029650975227160214
7871,0.027109571261181492,0.04800271271219527,0.03865585156453673
7872,0.02615255109951165,0.014681405086678383,0.03058284354793767
7873,0.04502773334182634,0.014348614273817194,0.04583116153794165
7874,0.043639946145748384,0.013198437326696035,0.07402801865495022
7875,0.07189334908354889,0.0038821507252280243,0.03853642553605091
7876,0.026253994815395084,0.028057825321615493,0.03168363772362626
7877,0.023449778889131478,0.0599348212046388,0.02539922900421282
7878,0.07180105200307496,0.02374565247488858,0.056795928547295635
7879,0.044174116670846385,0.03440797459117701,0.03481571414353759
7880,0.01390640383027212,0.01983955851313134,0.011309295431993528
7881,0.041921345439947744,0.1256760643481779,0.047570560718403404
7882,0.012571089293384992,0.025568959650384134,0.015014822412620116
7883,0.09885558235228413,0.0,0.0
7884,0.0,0.017438423512867063,0.04469276606632641
7885,0.02255724417304578,0.035121070636632605,0.020210615223021
7886,0.03599652343726431,0.025919420531524462,0.03359196635110157
7887,0.007695818041584319,0.04559246073440051,0.0
7888,0.009665710735089018,0.0,0.054316892247053966
7889,0.05798207604756494,0.0,0.07462529196111983
7890,0.024879864210600778,0.018503665900613458,0.05820708700082714
7891,0.0151073019201863,0.04693583279236896,0.05112576095597802
7892,0.017005298231476486,0.033369298635265526,0.017705701350321908
7893,0.028662989959212376,0.03298185096419547,0.0
7894,0.02198792118566124,0.014884732226992567,0.0
7895,0.033787305085258346,0.061173404114895094,0.0
7896,0.016723218460857336,0.044247882266339696,0.032008985001843175
7897,0.05050708910128768,0.01682718202400713,0.0
7898,0.05385216339064028,0.0018580427339480222,0.046206126595902376
7899,0.05661160543166382,0.027728634620618534,0.023557520497884028
7900,0.03517989026837617,0.028635437963491495,0.03514310240315046
7901,0.017399546002302913,0.059903063316604006,0.03425183480677562
7902,0.0354124600528772,0.04377846033797352,0.024512387422032104
7903,0.0226380040393053,0.007624947134275837,0.053275621983517145
7904,0.019542876846928087,0.03247292451251036,0.042534438949800385
7905,0.05616581391080716,0.059393282800890845,0.029667788502629567
7906,0.07690400017820558,0.056574540925155424,0.0
7907,0.026313124473206047,0.02940179122756149,0.038680855215084874
7908,0.0,0.0,0.03834616426420084
7909,0.05870218524388041,0.022884057927626295,0.03451790211472466
7910,0.07369126281739782,0.0,0.0
7911,0.04873934256364874,0.07621469430378626,0.04457340203464524
7912,0.05214042177258391,0.03396887662039286,0.029966520364062697
7913,0.007224181452452821,0.0510357761738451,0.06724226179525401
7914,0.03804766047009881,0.050210951509362535,0.01925599130895754
7915,0.03844323971513793,0.009849302924767605,0.05800425497201319
7916,0.054430049082517036,0.08719975015185721,0.007629231946875847
7917,0.041941823611659435,0.010843323648832094,0.0
7918,0.030999896953743698,0.01947418081222065,0.02951903344852966
7919,0.07018592255547877,0.06337477005203672,0.0
7920,0.04528422013427738,0.02069700089167849,0.03243304051931949
7921,0.011512578012420222,0.04898044566797463,0.01103928964607446
7922,0.04350255230937087,0.018593094849517416,0.042235724640564874
7923,0.02685930369514651,0.01591358797823657,0.0185397623579097
7924,0.013866992777991161,0.021941106417721342,0.0072327538187564
7925,0.09059316627862793,0.0,0.051960540142746814
7926,0.0308288582191473,0.03822755258579944,0.008695489740166368
7927,0.029519043057212573,0.020205498315456327,0.034671254832308526
7928,0.0,0.07569712887119388,0.05836942778986639
7929,0.032535003483802644,0.05079591642459396,0.025573544882182594
7930,0.062127749183129,0.04339243705890689,0.028325616303658666
7931,0.01588098408819057,0.03895483988213592,0.0270640486508789
7932,0.011358544993717185,0.05149125954943002,0.05787714995113502
7933,0.06734244420298673,0.0038981039274585175,0.026408306246866704
7934,0.04585236272318696,0.008850666797179432,0.0442478620926068
7935,0.025014418765347695,0.05986402396838581,0.034056427500536036
7936,0.030149696124623555,0.03199366673847819,0.0773795911421652
7937,0.0497628410836676,0.05865935072116407,0.04292995006045164
7938,0.03373943064933113,0.03925257862741585,0.039688266616726434
7939,0.03627596387094622,0.04828273716572708,0.12398047393836802
7940,0.020595300418640442,0.055289924598306395,0.05746760013562463
7941,0.02249826285303248,0.019559617865667022,0.03075858674971342
7942,0.005602401575890273,0.030537224911253394,0.05477595084628267
7943,0.053333869734164985,0.06109605557512298,0.05966192161643256
7944,0.017300565435068038,0.0,0.03913184103517955
7945,0.03694075454700831,0.04838855760488072,0.06578267084898433
7946,0.040833141968275886,0.04348899436721091,0.0330828626060721
7947,0.02062511403290056,0.02984980630148441,0.043293735898580654
7948,0.016052974258403036,0.03910760126109733,0.028947691526679222
7949,0.043341657760081656,0.047581252138854856,0.021738699243541063
7950,0.04050153330526911,0.020440509021117496,0.020655752568893685
7951,0.026844904931015472,0.0508659980180745,0.06215350842795823
7952,0.07447597022511218,0.0,0.04393327470603488
7953,0.04893035207615229,0.025862633601400054,0.025570937627779008
7954,0.03542135959384727,0.043768793201538016,0.030433759329363128
7955,0.021211616707219886,0.041616347827023704,0.035541808279217525
7956,0.01976999511750294,0.024716592933769207,0.01405263322909959
7957,0.023369546857618908,0.021917507250051423,0.04007661657436335
7958,0.0,0.030833262971076983,0.034727849596105524
7959,0.027480231576334103,0.0242261278223769,0.013493415123366555
7960,0.04106041215526277,0.01828913885977098,0.04733621016597053
7961,0.05519946959113161,0.03332012172901778,0.02123819054943671
7962,0.033412498131380315,0.0021284328367085076,0.02600116593368271
7963,0.05530834175642352,0.03967506848186677,0.0320090958468426
7964,0.047965056747212464,0.004164975719592216,0.03525813611641113
7965,0.028464017126332446,0.02974278564837876,0.026009770481333246
7966,0.034903155581680306,0.05421492539851985,0.03817051740145192
7967,0.05333934309669345,0.04583046810743104,0.020296471946954775
7968,0.022452854125141575,0.030974102567954704,0.05858097500711551
7969,0.017565746792193134,0.0,0.04073741905622769
7970,0.03784886821955992,0.024503365455040418,0.048710053024076466
7971,0.04373625406731374,0.017332612871840306,0.0369307240428238
7972,0.0,0.005906786213507671,0.03916218902169132
7973,0.025652996270123313,0.003932764380573925,0.019499462200577137
7974,0.043573630968171996,0.07182878867489267,0.024029305019490677
7975,0.015677233299351577,0.02507073407136648,0.026411282933655352
7976,0.02498117323278933,0.03259697511974346,0.02901943417148885
7977,0.05882062534663156,0.05949952110971699,0.0
7978,0.04825081419424693,0.06899598674398194,0.023156450285490047
7979,0.0566922984116007,0.09215186266952097,0.0
7980,0.04165079170320952,0.053304306090926123,0.051494484544907855
7981,0.029864320378910247,0.026285331457250292,0.041036377993076266
7982,0.05976029211659858,0.04646784106784485,0.0
7983,0.10344659818813479,0.0761319841245244,0.02543062671760901
7984,0.004777741305636754,0.08483391490432626,0.027193312515861344
7985,0.003511678490212782,0.032206437330823956,0.03150553203754159
7986,0.05995504763299846,0.07993686215347862,0.0
7987,0.07955863183536926,0.012033631830663468,0.06442218380279914
7988,0.07622180382039744,0.026254484913977465,0.12077235611101639
7989,0.02485648936269434,0.02528988029712778,0.03607757638765475
7990,0.06487586914596762,0.012517996874644138,0.03590210529186804
7991,0.039623309934070365,0.02362712762571742,0.03269772063257586
7992,0.0,0.06589216455049476,0.017347786553227697
7993,0.03190881389221695,0.04048944541909327,0.02855358237964155
7994,0.0,0.027137079369489187,0.04312295461015665
7995,0.041267508136723315,0.03483964965237882,0.04146914254232604
7996,0.0224588220423895,0.06394532421474436,0.03719304631024676
7997,0.06919923374437056,0.03828204315977922,0.03685968071849227
7998,0.03609072630840766,0.03989421279334681,0.04677615679193431
7999,0.03785865500482386,0.041083826236673476,0.01942015421434767
8000,0.07111973723062073,0.0908964304500043,0.029957885684086312
8001,0.05020121167762515,0.0433497145219438,0.03656416782023791
8002,0.05649365686637372,0.003516842937296965,0.04014508916428061
8003,0.04553862911119261,0.056509651076795835,0.02292645312358227
8004,0.07986132897467947,0.03489559433611909,0.04006569079338603
8005,0.13538018548505606,0.09112398511820859,0.009764538429474815
8006,0.008955618752012414,0.044334223295935726,0.05658467369217371
8007,0.04638086322605567,0.05960411937122379,0.015893685527257364
8008,0.016589173897068907,0.03681188226091467,0.031471265375786595
8009,0.040519555884406366,0.012252434255203259,0.04443341246494279
8010,0.0510818584396566,0.0019006289849448816,0.015444405620058305
8011,0.03478769359000334,0.03077868615979902,0.06908768750868209
8012,0.011049772849223113,0.03502892826591994,0.03103995525337661
8013,0.04247109999114773,0.04325893422648502,0.043455107904507795
8014,0.05037556024586228,0.04340948631274668,0.0337921275714031
8015,0.02451979687300641,0.022061392763307274,0.009571242875072444
8016,0.039771082413890844,0.0007198793476450536,0.07269805236134631
8017,0.03208839782560562,0.015294356897593538,0.05574681492210504
8018,0.04768389634125023,0.03582147703165121,0.007479487047246995
8019,0.007684285591852379,0.005268384516762917,0.16721135303009166
8020,0.0,0.0,0.0655699820163297
8021,0.027923046708308478,0.031676261525592685,0.040967468298059
8022,0.04878646911352457,0.042621238904148845,0.060365535220274325
8023,0.0,0.009389422140513798,0.02898310922244679
8024,0.042023818213873465,0.02812834195294153,0.037817758248033954
8025,0.026747131625302997,0.0,0.02110262771595235
8026,0.031124633623866107,0.04586961100950845,0.007221241582417913
8027,0.0,0.07407497365386186,0.03296504980245368
8028,0.03522183567437184,0.058065819388513344,0.022811193050881824
8029,0.0,0.028589587312267004,0.03176962659438317
8030,0.04636168662073029,0.03802394077758579,0.0
8031,0.06955690872167267,0.0,0.026256074091142206
8032,0.042471784226250524,0.018069027496820923,0.014067255771425693
8033,0.036858206699466024,0.03499123904063087,0.06378272592511425
8034,0.00999855309897002,0.022087976658993817,0.036916600851902244
8035,0.027732427288548137,0.024308486981710852,0.014474665572330625
8036,0.03998654403960982,0.018620455783418477,0.005400973459478588
8037,0.006770130396464857,0.07722172686618768,0.004503694228204
8038,0.0073119653391684886,0.02400616309301141,0.05056918973432445
8039,0.053272429386208915,0.0,0.03403916778928517
8040,0.0305479241587375,0.06258248521625139,0.02308824580416746
8041,0.04819243168688428,0.0,0.011222435063548586
8042,0.04402671653387416,0.053484665930357306,0.03378067234638344
8043,0.01279504679638824,0.012730705733332537,0.012849575905760966
8044,0.021304831410537697,0.04290724263351766,0.027017488197952688
8045,0.03192697858326193,0.01791523582346331,0.04609323133893709
8046,0.014955044371922695,0.0782587188385788,0.0
8047,0.0326114418893663,0.05361243373461518,0.038221049607350864
8048,0.0652368931494272,0.018353611482700566,0.027571679796776397
8049,0.04232146002425246,0.042367089307409726,0.0
8050,0.05069828552585192,0.03880419724891144,0.03193055948869714
8051,0.02818917770097908,0.04157937532632396,0.03135697427712152
8052,0.026059237522809378,0.04338018209168931,0.043757714489679744
8053,0.011911539144536848,0.04269109890175298,0.01798806595872224
8054,0.09255373031587126,0.039736969674383865,0.0
8055,0.025741197103843233,0.06608911503629775,0.029471575246942994
8056,0.05742813079074943,0.04783845716769895,0.08251623640237381
8057,0.072070405698225,0.04675911517861556,0.04221191722428877
8058,0.0518832713378447,0.03435451122915315,0.030649603270978973
8059,0.0533405789599172,0.05117773613533876,0.0
8060,0.02559064882979581,0.09253633157334237,0.0
8061,0.04683524234816486,0.05586758526085894,0.029890909668952494
8062,0.052419452775114894,0.006899043227795911,0.05766156891035109
8063,0.010881200387993001,0.02111635574000728,0.05572653083981438
8064,0.044686850863878406,0.020084238592951848,0.02139507648412316
8065,0.040518196418630324,0.0037431087922547937,0.05195428470071919
8066,0.006832650646421685,0.028605993248614705,0.027271533268189468
8067,0.01608672094733105,0.04614787775416083,0.04540437399844529
8068,0.013593651754098672,0.047926647472233457,0.06119214848304255
8069,0.03178205563540438,0.04097386162690935,0.02816905849616913
8070,0.06914471274491224,0.020743523978858064,0.04059193703300208
8071,0.07392573781528991,0.08726220660901436,0.016412387430614427
8072,0.03564815284364425,0.04645487410487795,0.04421215157275158
8073,0.02371809158985651,0.05901839378132999,0.0
8074,0.024670958961460543,0.04427730121621831,0.03315171947758052
8075,0.049357367447627386,0.06435390020016668,0.048074074743010516
8076,0.06385443278013563,0.0,0.11011546929432961
8077,0.016466782799814474,0.13589712421533706,0.0
8078,0.0011341170532462909,0.030942638515776832,0.01623699794481856
8079,0.0692102051219615,0.01883731168202667,0.0
8080,0.04329541618419654,0.043803564921432614,0.0
8081,0.014005314212467798,0.014509176006340621,0.04260293967819199
8082,0.01697038449595426,0.0028458189004436454,0.03070503565350589
8083,0.0,0.0902335289815174,0.07121873938214417
8084,0.015389288598481952,0.0,0.06746847749036926
8085,0.046030516295416275,0.011347828899920975,0.051864461676703145
8086,0.02683630818546982,0.041387608995891514,0.026899086933363972
8087,0.038312503899827204,0.05385324029904739,0.04513137434045209
8088,0.04848652876151031,0.019695049170758983,0.03747672694535241
8089,0.06364199433567055,0.03534126123189684,0.028926393670165806
8090,0.00798004453173524,0.020603446568235814,0.027500513798545224
8091,0.028612107167578418,0.0,0.02018438267255795
8092,0.026016777806480006,0.02113094444420219,0.06772770094716148
8093,0.05481982839244977,0.02293745490244751,0.0
8094,0.03672708549150266,0.05622263603462685,0.031907897765575836
8095,0.05073939470309757,0.03444700363227054,0.032833313823733556
8096,0.03753369418573795,0.04132413832630686,0.048754330261326355
8097,0.047497207248691754,0.010478807548759106,0.018445484048990258
8098,0.010526193334161495,0.07059181387587485,0.048168788957294574
8099,0.07095708983443988,0.019565583708070707,0.0
8100,0.07541909783092307,0.08080024173897303,0.021051614026094574
8101,0.048481938146946256,0.04831254337713634,0.023882634005014555
8102,0.04738779997474595,0.013465481554317276,0.043558086073936485
8103,0.05712888250141951,0.0,0.03869532562157635
8104,0.02465415727088272,0.023769454692621417,0.03172189404230913
8105,0.0843860356984786,0.0,0.003251954981009001
8106,0.01475437671691134,0.0582055906151365,0.03522758322255465
8107,0.022106821295107538,0.02543861595955044,0.06741708872754672
8108,0.04154389461223354,0.008728041518078959,0.03314484030131684
8109,0.0,0.01851065092885298,0.038100251096744
8110,0.05240436554271849,0.04187939688313072,0.045330918836727296
8111,0.013024104552037117,0.028495021938446663,0.03348788518142445
8112,0.01872644003660157,0.0235947665746241,0.028478164437664447
8113,0.14800293419703586,0.059683667368005254,0.0
8114,0.04894730923552649,0.04206077775786928,0.033164072398318284
8115,0.017687397921460013,0.024313407719343233,0.03279235438484732
8116,0.007194905445831522,0.03773234739668523,0.021670282046184566
8117,0.015023552949216507,0.033753129605916345,0.06965331970362983
8118,0.022360764483187096,0.021748803555851348,0.044820760594108146
8119,0.043320600723163995,0.020549725597529222,0.0407216051247011
8120,0.08833889143647687,0.0,0.0
8121,0.04493354139520708,0.011926385347352887,0.04694308459212217
8122,0.04668489221689958,0.02755776096164843,0.01434137154526853
8123,0.05779889576136875,0.05251921937701672,0.012979401706307172
8124,0.0,0.041865782245051886,0.0
8125,0.06272485900033005,0.048178596223469684,0.016684019748104083
8126,0.01729358060747471,0.0478285943072422,0.027052327214348016
8127,0.05234523534282528,0.03998208756479415,0.019877072819579244
8128,0.0397586658827499,0.007851534146132622,0.06240327809763505
8129,0.015205481960432858,0.03854469174686765,0.03780906104579886
8130,0.038419286394082056,0.03741976416762285,0.03903960243488096
8131,0.035721698259535986,0.04586495766409543,0.03271335324511095
8132,0.030472554755688788,0.035834779285296756,0.005837911585448578
8133,0.05400644096622184,0.007228874464785105,0.044268146209443644
8134,0.00946760302951886,0.0012238539113148493,0.04846505413981935
8135,0.0218943345316655,0.03004454044737811,0.04922786116918228
8136,0.020303695824375804,0.009456831192755472,0.04822490010227629
8137,0.05430872894719721,0.056283316902339064,0.036809827129337
8138,0.022421664695693747,0.08901462158054524,0.0
8139,0.057578228327487505,0.037120074137064134,0.0061142657030606035
8140,0.0006699396602649482,0.0,0.014940271891840322
8141,0.04674857317868811,0.01702351887039073,0.04782086542750504
8142,0.06971942284749522,0.0,0.021368897605051524
8143,0.013084735163849186,0.02786181054030006,0.026804748455337233
8144,0.07176592970546516,0.0,0.04404734914744709
8145,0.04481310933218304,0.01179921530827252,0.030589612858868874
8146,0.04190988438044996,0.024117127134941723,0.04385270309034053
8147,0.0007940419201669426,0.0690853830590414,0.012978683674158458
8148,0.03441888470202154,0.061718601266009504,0.0
8149,0.02595708440590708,0.0052462591383667006,0.03759063823953635
8150,0.07611463585630998,0.03522930828018735,0.056019574267395476
8151,0.04045921390412386,0.04662835490701811,0.036146556817584254
8152,0.0,0.05443215148738237,0.11009097368981033
8153,0.009119440420128147,0.017932821817598556,0.02446557175722662
8154,0.005052375042248355,0.051617412911179085,0.0024591248986200326
8155,0.06842310435046402,0.07901513164568012,0.02062841864790633
8156,0.014293611162921124,0.060216386424721734,0.030613250188664065
8157,0.02020668099473073,0.012951570210409971,0.012041700536736102
8158,0.02739190043468745,0.03921291327057057,0.0
8159,0.018566861386493726,0.050830685900941495,0.053701767725102954
8160,0.01960956509610597,0.056073887376765365,0.04298395504219055
8161,0.04786212063890311,0.03414526101317643,0.034712614344784475
8162,0.03681738917542382,0.029409394710326896,0.02024889359953046
8163,0.03849826975386703,0.027027588744473738,0.011612028992808915
8164,0.15041940893419925,0.0,0.03393301241469247
8165,0.024378627370772635,0.0862269275292955,0.024534611024597388
8166,0.026217344463887442,0.03533341206171608,0.015075220974734299
8167,0.06713723721622107,0.012487669910419214,0.03136667118015326
8168,0.06377611787252438,0.029049523832202995,0.0
8169,0.04194878983834767,0.0,0.020936023207315104
8170,0.048724156025844095,0.0520004636080601,0.01168828046798033
8171,0.026882063687034937,0.10690571859622648,0.037111132474897085
8172,0.038640230080162895,0.022893080185895632,0.05472597251719452
8173,0.049052779516526895,0.01825916341742771,0.04551953979546105
8174,0.04348411874458113,0.06601457439924936,0.09620257532446859
8175,0.004326022457698149,0.0,0.0825029775217063
8176,0.04249265948700424,0.03000111236184592,0.03617045404657584
8177,0.036651549102954956,0.01273698822325562,0.06331117642561858
8178,0.05086771082082943,0.0,0.02036038975918499
8179,0.006710967347869,0.011290615356337935,0.03685270822128402
8180,0.0030762795279054476,0.04771777928142834,0.037084466103953516
8181,0.052705948127000746,0.05282242804383883,0.019148217465841836
8182,0.01500624165998606,0.0,0.01578979447278865
8183,0.03035321795254026,0.04738240359084548,0.021786605627772338
8184,0.05811848676719605,0.03660551151468696,0.016892018706230333
8185,0.032693765331419204,0.06547630082496218,0.016455110604112276
8186,0.03920738527841501,0.006047010340201391,0.05615978155013979
8187,0.036237095518151484,0.01712955083147213,0.033944485512587025
8188,0.049476400654357065,0.03879359602472544,0.045559773789706326
8189,0.03154101389440269,0.05973963543378369,0.02426679553656064
8190,0.0,0.028539837544104246,0.05332630000550959
8191,0.05063899715197998,0.04785230665261448,0.02807941145038184
8192,0.021474212193794515,0.03558421320643412,0.05850305733467001
8193,0.005178803612455975,0.031757850693650475,0.03610435552411413
8194,0.058449872760032995,0.002052240881279657,0.0030899202996751327
8195,0.044792588183692035,0.05776711220827599,0.0
8196,0.03731837904171904,0.03677958359896971,0.018671350094338488
8197,0.04290428070868335,0.04099662214879413,0.019934128947353465
8198,0.05889363457335036,0.11786186277935347,0.007219028538435798
8199,0.1805694449872381,0.0,0.0
8200,0.03840794086481631,0.022474321419559722,0.019991693394779835
8201,0.028571943777549142,0.043438908088805205,0.037814566576891355
8202,0.026491641483936002,0.035148862091348765,0.044948599639726326
8203,0.01897801466214521,0.016981317785038693,0.0052601023048028705
8204,0.04498141055655241,0.003831770871458686,0.056857088209518215
8205,0.02356684228201836,0.017363041139477023,0.025371864307254004
8206,0.03962497725899069,0.00789094976345378,0.0
8207,0.05590739997112646,0.0276355932075845,0.04094872306433368
8208,0.008306870253300768,0.06032816304414359,0.025826371535206148
8209,0.0253712888303464,0.05207325114281668,0.07308059513233449
8210,0.058628733274300016,0.032214489734280635,0.03801376513505204
8211,0.0,0.050162512523459435,0.07501996814103806
8212,0.10328249711310966,0.06313724223391091,0.01341100996679568
8213,0.012960341073524652,0.024699694365999312,0.028558294752919322
8214,0.04891672611666214,0.026154778022190173,0.04346030814863497
8215,0.05829874449574085,0.014248208581074692,0.04228487565291037
8216,0.035465930162689126,0.03754882703777542,0.03868607674809401
8217,0.031910152812724406,0.05320963807986149,0.03055877407600212
8218,0.04754877630940398,0.010095029750879564,0.03137913532546414
8219,0.07343965781159385,0.03309048896594882,0.0
8220,0.04287858249585144,0.02795074245745442,0.03391181722138755
8221,0.04284243201700958,0.027244490502586777,0.003972136680477999
8222,0.05272963326658909,0.050505858242673236,0.0
8223,0.0686020753652161,0.07501614428082798,0.03091877630723245
8224,0.08264501378870208,0.02316184213325438,0.00807633675802868
8225,0.026956944144335113,0.03335158202437614,0.03991105880446769
8226,0.0,0.07408118072499204,0.055232770047069224
8227,0.030397954905849803,0.019039157986019063,0.032798791613965726
8228,0.011931489790750163,0.014891176604677495,0.08022205270228432
8229,0.016614879383282193,0.05980972319439939,0.03290164996623105
8230,0.019427773299366635,0.029535525284749262,0.02276501390819365
8231,0.05869035087674889,0.06964043206185298,0.006749578384643372
8232,0.05662747705625946,0.04648721397307835,0.010313894122504677
8233,0.033353207943637164,0.03290112216264448,0.042041334575657556
8234,0.04305433722444288,0.06267151841724154,0.05781402338851471
8235,0.03264344209118218,0.0022625157116756833,0.03701305107744756
8236,0.057643054291796066,0.04346528084707835,0.04713496477479127
8237,0.04611076590945946,0.030626769218800646,0.021567610484487132
8238,0.020008028799680316,0.017528617474896886,0.03804277518705248
8239,0.054111272425046424,0.0,0.07633425460763887
8240,0.02660520942705644,0.030386948137952906,0.01796536085584867
8241,0.07537589922708483,0.028919891463432785,0.053226642631373784
8242,0.07828478204467902,0.0015619377713287225,0.0
8243,0.07156226415905824,0.03361650520479608,0.03813213629014366
8244,0.050448521809387754,0.047019014029860154,0.027624442251306065
8245,0.005375997209087685,0.02070528994249356,0.06088006689208528
8246,0.0,0.0,0.02060055857492606
8247,0.010002896952928067,0.027936340103738647,0.0
8248,0.028253097149549312,0.013138388465691727,0.044486392909832556
8249,0.17775953862335014,0.0,0.005200356693102291
8250,0.0008478032821227869,0.045678389973905664,0.024893569373730873
8251,0.03192971622849063,0.010054949934025456,0.01011967040561162
8252,0.04706899571255189,0.015470287238476337,0.05161951744056057
8253,0.054102863176238164,0.044619277798221446,0.03768371593187005
8254,0.03307558988849354,0.04409146641677738,0.017657923350152035
8255,0.01811092881835831,0.05470030598673546,0.01663822268194797
8256,0.05053239593723944,0.028519259705159145,0.03193421104923419
8257,0.04063580397460694,0.0,0.04393377683771549
8258,0.06913109602726845,0.07306558444628534,0.060392782342566814
8259,0.055523192170396855,0.037070308671633766,0.0
8260,0.014847457331662282,0.04098093271125908,0.01247670748793879
8261,0.07795823994245937,0.02837796436785707,0.00038162146762175594
8262,0.0038873597021824254,0.0,0.032564376690655365
8263,0.03538534181608756,0.01662741863713672,0.05685604523538523
8264,0.04064233034828343,0.01573958670439991,0.008686866473668911
8265,0.02276562022803988,0.029378746948442558,0.021744297362715465
8266,0.05120279227715066,0.015767598633956034,0.017439284799943
8267,0.04317902423137734,0.05612417908696471,0.03932940444114313
8268,0.040021688317313044,0.025150393752799968,0.04261524113155712
8269,0.03184078776708049,0.022039771168290284,0.04812557010280629
8270,0.07149529954088871,0.041698504570986304,0.04707086122803481
8271,0.10156093990171876,0.16259844790512107,0.03096002821519491
8272,0.027605590055809013,0.03517528772690785,0.017426428137375296
8273,0.04693399446137383,0.0032533188952525945,0.029493654448029715
8274,0.03750186684220682,0.0512613613873979,0.06091617736179647
8275,0.06389489564181934,0.013411997106358283,0.02253192264441899
8276,0.05434317470075652,0.0,0.015940447041253136
8277,0.04624755030060842,0.04939064925102768,0.06656542992378402
8278,0.02544709091783061,0.036654565843583356,0.03282112438385221
8279,0.02715157635519187,0.02291344162392117,0.030275914121105984
8280,0.046746331805619795,0.036472340932853044,0.03504168434063001
8281,0.0802525726572459,0.0,0.031859350887186264
8282,0.0835898458378442,0.030814925992610636,0.05873356120528141
8283,0.03778728821793663,0.009570557432474333,0.03718775501571514
8284,0.04139334033466772,0.01673768896361547,0.04434483998301661
8285,0.04798962191222295,0.02943229183985631,0.04827670335092351
8286,0.012084828681216062,0.023616421080736485,0.06499633626814744
8287,0.030948023486990977,0.008155180451164637,0.03705247938213294
8288,0.03447660964734511,0.07427491108113386,0.028131443489971965
8289,0.019981693997840385,0.0413817493046646,0.021662411852761087
8290,0.046235477907793136,0.04998164401158361,0.017989373385136353
8291,0.0335848208565439,0.059079420006390854,0.0
8292,0.041372171415533274,0.0,0.03035958175730762
8293,0.01194729697073689,0.06807631237234203,0.005559744925634094
8294,0.016967171575591244,0.013779515625562845,0.0922034276025591
8295,0.06838036146549696,0.021396898382349414,0.019307352640042536
8296,0.03076560949256925,0.0,0.07987295851268503
8297,0.021825917334960945,0.0,0.022320586349369422
8298,0.03931706753756389,0.02256613245598968,0.048036339962173574
8299,0.012784428846386073,0.007253291392444072,0.028746554936833157
8300,0.004122713741442803,0.0,0.0014253239470122941
8301,0.12278808651384973,0.01406825906940785,0.028533049784801163
8302,0.012331109755217687,0.05635665411010752,0.04364485958416511
8303,0.05574824606369196,0.036727763343611435,0.03615006351091595
8304,0.021838480267072916,0.026792717337411967,0.07212606703550145
8305,0.03926706366120524,0.013057587101141873,0.024653899134629013
8306,0.11236384900954527,0.0,0.0
8307,0.06976178298491315,0.02439805521797966,0.060601954176888684
8308,0.03217412565783958,0.047013520594552216,0.05865742849893909
8309,0.06714599858492633,0.054949407252143284,0.02737202513716004
8310,0.08107417791337114,0.01883630883114032,0.0
8311,0.04713810895703876,0.010808730288036283,0.03907068362153424
8312,0.04634499540413439,0.03709631349515089,0.05423784865768975
8313,0.03816693671999643,0.03110624682301241,0.026134302831495433
8314,0.022493155620632626,0.04317714783269655,0.042494832273857835
8315,0.06253473921831258,0.043420417628518136,0.05841992000561328
8316,0.06441770091583547,0.05553931397279893,0.0
8317,0.08353489120337654,0.015661698268391096,0.05051835397260959
8318,0.021042836791901214,0.06523120290409284,0.02633558659021212
8319,0.05312037531912777,0.03847786637892435,0.02224040753803654
8320,0.020784924433662078,0.04036449711085883,0.0564295926574275
8321,0.012812077017738677,0.0,0.028808377158823544
8322,0.04372097211590675,0.037995475175890976,0.015324017597638366
8323,0.028622052609364634,0.028508981715285875,0.02234256522783216
8324,0.05058263762082663,0.03743680059293223,0.03538787766527063
8325,0.08688730445860357,0.045943184551588724,0.010186663520226213
8326,0.021247436627357754,0.05782314777328762,0.028462653300892638
8327,0.13978556677343315,0.008576059503508059,0.0
8328,0.015602965443578006,0.020057475447093177,0.031400100832966356
8329,0.06707483969877076,0.06262563048245343,0.0
8330,0.06316653440020509,0.07104507873546025,0.0
8331,0.041864782364620066,0.08633487269579225,0.0
8332,0.22023889336446945,0.0,0.0
8333,0.037037120328481575,0.06134275206516465,0.014636864056700559
8334,0.033983473615703884,0.05214620052098987,0.06954897818785322
8335,0.030644015010410215,0.047972768119269725,0.032499949728015155
8336,0.024872867652711184,0.0047644624261142104,0.026073471796566137
8337,0.026069117342228353,0.06808051923170075,0.0
8338,0.03115265547931916,0.023801884539579415,0.023061851275910483
8339,0.008178558680636027,0.013043718571863233,0.020142914275124293
8340,0.04641470750405008,0.011446571528443755,0.014110673110164444
8341,0.051427491101800615,0.055058328408035886,0.010168098793563205
8342,0.025614683199533732,0.05134731866667357,0.007521518574052019
8343,0.040206100279419954,0.02501760515568659,0.04070461677317248
8344,0.09627235906402122,0.02250024453166582,0.0703282287213641
8345,0.04126021151890104,0.010845491860863555,0.004676501050628838
8346,0.022458462028293116,0.0408430904053594,0.0
8347,0.027872613778312006,0.03200619810644614,0.012045861129497565
8348,0.033485627019135024,0.06312731346950316,0.04878757782007324
8349,0.07464962966659215,0.0,0.0
8350,0.029607910839910313,0.04791055814249511,0.047994119688963
8351,0.027183927314812117,0.03326047774859161,0.0463176089253624
8352,0.0402319593199634,0.06280057253764397,0.026732133079514577
8353,0.09787337661360603,0.02433673783784608,0.06926678765093662
8354,0.04634578254865107,0.03808099873985046,0.036718927451682676
8355,0.012543441226780796,0.03379437381820738,0.0701852667246045
8356,0.044568725607111316,0.04236977349601673,0.043112712805376714
8357,0.06317302661964824,0.12019083180344038,0.02386657809776979
8358,0.03632678134221479,0.011775173297212402,0.04147554587670192
8359,0.03229716097772999,0.005616189369600524,0.039335096674628346
8360,0.05413581847483954,0.041712277029141175,0.031133331136921974
8361,0.04692514302547505,0.03735743607297228,0.02650837538520523
8362,0.08483658548348358,0.00630748915918951,0.1089173609955286
8363,0.053148275099726854,0.04604105241481495,0.025769601800523623
8364,0.007329339764056886,0.005774534212700973,0.03491726650980508
8365,0.012401909099117328,0.028289052073599958,0.04928737679428665
8366,0.06332364835312698,0.08202487100294809,0.03750972281340433
8367,0.015005221542431058,0.0,0.02245243388633256
8368,0.03588254567717598,0.013727314242644055,0.04301610487299425
8369,0.03031187334331759,0.04041342692035186,0.01100507397718091
8370,0.023362802968928505,0.015863261679507572,0.058588167401277515
8371,0.03590634708186311,0.04830104166819646,0.043977587959525395
8372,0.06829031065214733,0.02433492666501823,0.0394280808097236
8373,0.0038695707650350055,0.02194996539379621,0.03817825645771701
8374,0.05004118841540328,0.029906504883836803,0.057525521163533634
8375,0.051408119150538036,0.033005936318536586,0.03383852015069468
8376,0.041134410214862534,0.03028809639127524,0.03110541949544335
8377,0.03802641073264589,0.031208400580034063,0.031200537147072032
8378,0.02297885423118715,0.035869462326581454,0.029368391150837007
8379,0.01276362890366724,0.07900729472859663,0.02577499941524257
8380,0.0137951568081544,0.035922378220486134,0.046764332597794785
8381,0.03183883492454527,0.028531342337662455,0.0746185040896314
8382,0.019830973632390895,0.047389277581057425,0.016367861807754975
8383,0.0,0.050602476693415444,0.07433825788145766
8384,0.04483589348040534,0.0355181958266823,0.007600160930643168
8385,0.05485851027342888,0.0292160070514315,0.03806113821384614
8386,0.03879945461907859,0.042467158876632036,0.04696270569117352
8387,0.0544006714328897,0.026606151507798076,0.02943489402524578
8388,0.09981195766452022,0.01027862092804148,0.004446106580813161
8389,0.04086702974352235,0.027531569275921486,0.016145087469371943
8390,0.0985964095972483,0.0286405258303392,0.04514818555154025
8391,0.046284664957711275,0.01960619411521186,0.06821179375998322
8392,0.05353218425768123,0.04219481766329622,0.0
8393,0.03752164713430725,0.06409720158505902,0.045782178274074214
8394,0.03840951035807691,0.006515785847091925,0.040005438105614605
8395,0.09635939371171383,0.06436440470201828,0.0
8396,0.05725040540208731,0.0,0.06105146114067156
8397,0.03791993631784838,0.03150241816910986,0.0459077012675683
8398,0.009599459927790497,0.0669546447285655,0.003587717217876346
8399,0.012832783889031689,0.02290225854024795,0.06095909494944155
8400,0.02099466879501735,0.030132867991428003,0.01939172041266135
8401,0.06626265202221106,0.04478064130001388,0.009139875553840285
8402,0.05058050087383969,0.0029930119611959183,0.04690856403382451
8403,0.04341905866845484,0.025842298049896458,0.03109639472416813
8404,0.02128030254026302,0.0491910700124927,0.04589595373998156
8405,0.06935409773480539,0.0,0.0
8406,0.02822058210381566,0.0,0.014065649486428446
8407,0.0321903510691249,0.02483837892484149,0.03385290340956231
8408,0.0,0.01854027218427182,0.0009153557417968297
8409,0.12180835855212123,0.0,0.13801728789171736
8410,0.016722540608765064,0.0,0.01726187281829992
8411,0.037664420369147,0.05818468004782754,0.05013065650299331
8412,0.018972303546556275,0.033224017339414415,0.04519902278223042
8413,0.048694105539556644,0.04982393170074998,0.018250969850185785
8414,0.07558345914121675,0.014434025175828086,0.026400954251658396
8415,0.015863648474275436,0.02538441372252852,0.02751185816952315
8416,0.0,0.0863859438964368,0.005102731725939308
8417,0.054076938565320226,0.0467133661345028,0.04836557377853723
8418,0.07140322416829782,0.0055396791058047595,0.010398363864435359
8419,0.026666552477301108,0.03839309452788044,0.025980725761911783
8420,0.10179133604096952,0.05718552488427237,0.042640841231169416
8421,0.07099054057372137,0.07060520151157171,0.028249618377108484
8422,0.03198478914558359,0.023444258355277647,0.06381728367985334
8423,0.053519440958824806,0.06178617957271757,0.06517392080812857
8424,0.040477629774631874,0.04792410429405489,0.045450193588601084
8425,0.0180878763447011,0.06568679066259345,0.05072187613230986
8426,0.05527025296832117,0.031339944128211714,0.06854996440405425
8427,0.06817423880701112,0.09412821886668729,0.0
8428,0.004634043379964328,0.0,0.0
8429,0.03253105292828503,0.05497170806185465,0.025642875731675535
8430,0.0311184130389592,0.04324521572248311,0.07121257821083098
8431,0.015665087594757498,0.050149841609474104,0.014632311255714766
8432,0.048240702421712855,0.041670522219909044,0.05313937993804654
8433,0.06802146969268341,0.025689780947209383,0.04700626511413156
8434,0.03709567125985505,0.033830465855520006,0.06576474855390405
8435,0.0493313553649597,0.029607155584284256,0.04034318874824796
8436,0.019947424955881792,0.03317623619790028,0.04018132176205975
8437,0.04573349360458931,0.013182561151213162,0.01514265761781664
8438,0.04665112783032087,0.0,0.08675962709318552
8439,0.07469164458656471,0.01884837075257599,0.07943278442131918
8440,0.0749073944667029,0.0,0.03542789181209655
8441,0.07343594066717164,0.08459440520632645,0.0
8442,0.025970313489683945,0.018418337996183066,0.04282828446443651
8443,0.0,0.0394049024696614,0.14551108295625312
8444,0.0592789478853285,0.05740669556064857,0.05352287674468054
8445,0.046492778040664005,0.04125230864878299,0.03178868822434629
8446,0.02712180135996739,0.030082242758822486,0.04637430479317922
8447,0.04883571097797848,0.01141940585481778,0.016298762673648867
8448,0.030877559707016267,0.02434625890504987,0.06033536679510486
8449,0.06131398808761232,0.04624082974211032,0.0
8450,0.06489927027876188,0.06367204156340907,0.07304647646144656
8451,0.028033991704007877,0.04011633562724592,0.023936853548384818
8452,0.020485384852482424,0.046671576232476863,0.049520288685392155
8453,0.0324465157433293,0.04156058155078294,0.03327897892605239
8454,0.026522922056267457,0.019891873959079435,0.04015545598571138
8455,0.05785691740345723,0.0014968495370459255,0.031772921641996306
8456,0.024596800158407095,0.026896885168549597,0.034102817592848514
8457,0.06543872810277146,0.0519931488209314,0.0
8458,0.06384457634304049,0.038312352381586326,0.038882542230314024
8459,0.046126497061396855,0.026134324632529498,0.012987295729088152
8460,0.019641004377781036,0.031021073568645113,0.004010549957880222
8461,0.027198144878279405,0.05445734152458029,0.028938199121786436
8462,0.09632273236956587,0.0,0.06012286222891909
8463,0.04427203049343798,0.015063414029673353,0.03363916448151053
8464,0.03734730385937973,0.03255214708559263,0.014840367545221647
8465,0.033870865249668786,0.06542343326544788,0.05821993316626913
8466,0.017059607248177622,0.03577011451706163,0.0235102872359832
8467,0.03261200579126166,0.05357805575685315,0.04244351109982681
8468,0.0479804160398773,0.016918380753163882,0.03391368877383963
8469,0.06214219483097809,0.02886020839686978,0.05672189635799167
8470,0.027354969481309655,0.06767684116822216,0.047652996078344896
8471,0.05951478471350205,0.04649987001514024,0.023632106209206086
8472,0.01801532832071683,0.05734239096787249,0.04452292432423536
8473,0.022881871822046807,0.0,0.04748309252196447
8474,0.034175214118652986,0.04809782451607162,0.04132588611067796
8475,0.030323854659159048,0.03522542677448952,0.012034193416323974
8476,0.041278509264890455,0.035595550317092946,0.026199251661880557
8477,0.05508835276160578,0.019439564566838482,0.008545732876673475
8478,0.05086667738012479,0.029279865790301087,0.022999534872789083
8479,0.00927124161147104,0.023543708070934418,0.03945495393698057
8480,0.05128651946027276,0.05600903131530515,0.023446688188015125
8481,0.02412679617583154,0.010278169738913587,0.0
8482,0.0,0.03583194032732003,0.03202588387693714
8483,0.029523942209108197,0.029228632849591187,0.0
8484,0.0,0.06911791799180572,0.0
8485,0.03230165166647731,0.0,0.038061880943147074
8486,0.04669857527186469,0.04143355965351214,0.0
8487,0.037401843975434994,0.03773500251636003,0.0
8488,0.031176090107639293,0.01583596782545867,0.03238371871823959
8489,0.009831200586499125,0.027637928319487286,0.05137403454787184
8490,0.04662528196841103,0.03993065783636974,0.016952474634826246
8491,0.0,0.043976244569270545,0.038986796010816116
8492,0.054923298390390424,0.03290998816139795,0.007931106879296579
8493,0.041712847561717004,0.04447830653696452,0.040442690648868025
8494,0.023003137173382288,0.007836215591173765,0.08586681569848842
8495,0.011677819392488275,0.01826666307632224,0.021228993721806543
8496,0.19785540343521435,0.02117774241956223,0.0
8497,0.025433986383517827,0.01948613637664088,0.057887547664595106
8498,0.07717839376592654,0.018973000173175145,0.08652876630391584
8499,0.07088001550618339,0.0369681021957759,0.05400228371044088
8500,0.019704694182900263,0.023229421022233687,0.07110995751931266
8501,0.04844061182830609,0.0,0.0
8502,0.032293723742608575,0.019012801383208235,0.03266534271940227
8503,0.0,0.0004577512881871054,0.013022224751487121
8504,0.011921451047270553,0.041729018429253285,0.030087629108624517
8505,0.15386203199473264,0.04294792105670317,0.0534115668330219
8506,0.024409760925779133,0.04688648730958505,0.0085105051821207
8507,0.02995243238694977,0.05256356576564084,0.017529766563800238
8508,0.0,0.02159560490876201,0.017122377329984142
8509,0.053826226618493955,0.01534478725433411,0.007998709911670256
8510,0.023689822613936238,0.020585122068571188,0.0241255821264077
8511,0.08849076486049881,0.061568355649102034,0.014557709297457418
8512,0.017035012553273072,0.02356949563116219,0.030051084553522206
8513,0.03572495682959467,0.0,0.07259377799459378
8514,0.0,0.0,0.18655728539186342
8515,0.028958277761113496,0.013994159944701576,0.010664311150670729
8516,0.03499002584350264,0.007865561861777635,0.003934115263685849
8517,0.045886765515159605,0.0,0.06714917119640856
8518,0.008678703047472489,0.03551686757255108,0.014930657399765937
8519,0.04313507029933792,0.05554878916248995,0.057866042520222316
8520,0.06624835432736863,0.06296997461784433,0.017226577861394473
8521,0.016786649845638518,0.06760799250072252,0.01317664366732597
8522,0.11659020363418172,0.061847454071355064,0.0
8523,0.007957843766751314,0.06831932190510245,0.008218504658344325
8524,0.0,0.04672788256880333,0.0
8525,0.041190994839724326,0.02862908191327443,0.07496053817318421
8526,0.02030527416950936,0.05256002706165248,0.023512205789481207
8527,0.052692686156637226,0.0336734890212725,0.01125092614527406
8528,0.04829786301513559,0.029296904035716675,0.042937614655233464
8529,0.040706363810175596,0.0,0.06817225288811321
8530,0.06026489383546934,0.07754775521699808,0.01139583562250355
8531,0.02591965717705564,0.06989545646978554,0.062331742119766935
8532,0.044100935392614504,0.0,0.03463828429733644
8533,0.021424330093490193,0.005607919096246676,0.03906955640943131
8534,0.04103767747321945,0.0064652288096359685,0.03829858135470953
8535,0.029842802496510504,0.019309772558659784,0.008560338080954083
8536,0.014178446051764838,0.047346883170316566,0.03213512703597098
8537,0.043669934721673666,0.021499215365879676,0.030604498042955734
8538,0.02473653231326062,0.014760177349107966,0.01669222127604678
8539,0.05128987788507006,0.046491831538556135,0.031147199224694527
8540,0.021357096563973072,0.03801832109390147,0.026208251312907493
8541,0.018163076276217462,0.014284176077639215,0.02312235651786583
8542,0.019569433876081278,0.04009163891576402,0.032062687766124844
8543,0.03549381597506488,0.02659996925041691,0.018109541885874884
8544,0.026556378280101194,0.033813731994678235,0.033365339975159544
8545,0.043887815038165745,0.03707641137325967,0.02038988733579729
8546,0.008224547840493007,0.049603082021197904,0.03545467717651483
8547,0.04563187072498901,0.03435445578174421,0.04049622087820774
8548,0.02238865597049251,0.025724882167204085,0.023235455788816486
8549,0.016057927747375224,0.014911811295622274,0.10566107622792975
8550,0.0,0.013238758661103552,0.032635180238999466
8551,0.052916130405744805,0.03429380870859572,0.016863421988813115
8552,0.049838038588176814,0.041479935707540015,0.05408042899100466
8553,0.027408742156638743,0.04134830695738464,0.037964382340800816
8554,0.03335642954931911,0.04177580812093756,0.027303538547353443
8555,0.09258191656371192,0.02769471699007758,0.015851653329642282
8556,0.010233428472152884,0.021649714375105097,0.05440130593727042
8557,0.030598233299047595,0.062168069506188896,0.022295465219247603
8558,0.008915536861099471,0.04445216161905533,0.03827721440452644
8559,0.05069128777133632,0.05084147471731792,0.03421686387549012
8560,0.049537754306970654,0.04434375293335937,0.014677855521614951
8561,0.06184369515353876,0.045275085172891145,0.025082082378718448
8562,0.044246341466014194,0.03593671750422149,0.0426686894358048
8563,0.03774914232924507,0.0034142285767822475,0.021349590891010795
8564,0.01047851730746654,0.029724853541427194,0.04078904630557663
8565,0.010477272173639265,0.06510485366256202,0.02859294747832382
8566,0.03922750414063526,0.015833672050725337,0.03290929461557401
8567,0.0034624623823255006,0.08623338200095357,0.021756529361011537
8568,0.02617151814945907,0.04653588840483843,0.027243132090324283
8569,0.03063974739001662,0.025689362160805744,0.03604303567607324
8570,0.042714646967587755,0.0,0.030449884041852733
8571,0.05605321513789437,0.0546776262593875,0.035456181765103206
8572,0.0,0.025835617771627115,0.02769363455494113
8573,0.03332936353418849,0.040345824895595524,0.01133404301345843
8574,0.026277672883047703,0.059656113007698984,0.04504073979918219
8575,0.10089309301094691,0.06273289928956878,0.06981729896792653
8576,0.053535089136038494,0.03697612740953116,0.05702233234537488
8577,0.08464031057946245,0.06653700431728958,0.0
8578,0.0661080242008591,0.027127294028812223,0.014359256551657646
8579,0.05388151877384032,0.0331568907009496,0.01663407470487969
8580,0.053984531852914706,0.032034390947150916,0.04450368327227593
8581,0.018013006221002426,0.021971207370260964,0.036400763918388285
8582,0.022255070425924128,0.041512794793006486,0.029057418143393896
8583,0.037885958528386436,0.023357064168509023,0.03596241286449481
8584,0.04027540723355599,0.056381647608435136,0.0391609619733322
8585,0.037097206301650844,0.0401587903422727,0.04314873044993206
8586,0.04468789547910044,0.031202917977197916,0.051232386667575104
8587,0.021237307711180528,0.010067636603114648,0.08791315777744024
8588,0.05242271764113481,0.06534893379443993,0.013955821411018187
8589,0.03065327312639125,0.051588525467638556,0.054591102703960386
8590,0.07689796555604633,0.026215300872339115,0.040463001393440355
8591,0.16413266125621429,0.00849610705719589,0.0
8592,0.06551186232522113,0.019753242036283095,0.045345445844639475
8593,0.031099918274908035,0.0125232264519436,0.0010004151377920184
8594,0.06347126158835847,0.07763744938570674,0.0
8595,0.032066098093832075,0.028053647073434485,0.05250779631315033
8596,0.0,0.05616962557193676,0.08029074007637309
8597,0.01004902789038444,0.0473552866854079,0.03297675813892329
8598,0.03806791876853086,0.030761775134401894,0.02101143862143613
8599,0.08423917239411455,0.0689757159479964,0.0
8600,0.018218716257349644,0.0,0.03816605499843609
8601,0.019924206551334842,0.036712065687836755,0.009246126754211612
8602,0.03115485877318772,0.05406231259532207,0.026786740682235414
8603,0.05631251642640137,0.023909715861923354,0.0
8604,0.03381355384648591,0.0279063190187783,0.03186451677385388
8605,0.03150970457029428,0.055491332909870794,0.0
8606,0.041720502704395014,0.05309535703278653,0.01480638741738354
8607,0.0204683319666739,0.04786542477070104,0.04696026574450716
8608,0.04760145186293721,0.052443672613119365,0.030656569274472977
8609,0.10364999186065632,0.039463101566734694,0.0
8610,0.0,0.07969153925861686,0.0
8611,0.0,0.0126140676147869,0.0
8612,0.03388262681594426,0.040488883820833065,0.027538965418152178
8613,0.027263972707278154,0.01878541769532723,0.02562099984490218
8614,0.027450439549588517,0.03488755193418205,0.0
8615,0.03183810173132268,0.016491064121476984,0.046113450546765716
8616,0.04378021110624136,0.0,0.0400863291394802
8617,0.04301041089201582,0.017020981156322786,0.007071084106888763
8618,0.011404429637895787,0.14196060090651044,0.01520701957857398
8619,0.08843099226176815,0.054999342043531664,0.0145445087784624
8620,0.03124120129220771,0.0376053937865029,0.0
8621,0.03298308776774083,0.06501795139440217,0.033410342949339984
8622,0.028498619610317796,0.024875872443466285,0.07074252497691733
8623,0.052385242695983235,0.0,0.049612867538298494
8624,0.039738951978706305,0.0,0.03392390682451753
8625,0.04382540463497742,0.061750074256839926,0.03580463913440482
8626,0.04354704135580736,0.04287614507663284,0.04817439019304685
8627,0.04559476746820397,0.0,0.07609988430464829
8628,0.04324055982736178,0.016388520434924773,0.06508510888746442
8629,0.031584792934616454,0.0017141632924120808,0.0
8630,0.05771530509039774,0.02443668019155366,0.049112582292297334
8631,0.026656284973417935,0.04253286867663821,0.04202374189311639
8632,0.02633513250588619,0.055524309844528115,0.04769693668727828
8633,0.061818757980485285,0.06000083970254043,0.021275323537548924
8634,0.07829107253601408,0.022713580749945325,0.031371461197313294
8635,0.0019444705627200132,0.083296440040827,0.025612531248254855
8636,0.001381573511484463,0.07084141682425413,0.031647059570151674
8637,0.0336562684217665,0.06325142329577337,0.056764309489692966
8638,0.02462885705434586,0.03470459898931693,0.000590170284105962
8639,0.056090931854910604,0.061550233674014326,0.0
8640,0.09542377111875583,0.0,0.027554230750225922
8641,0.019495542864937456,0.04626761146989641,0.03910123071385391
8642,0.04437031487796114,0.06868645069063384,0.02226646534437284
8643,0.045668176143264134,0.06684132628558438,0.049206320590019406
8644,0.045949737261645064,0.019162523708621686,0.036080655785691446
8645,0.057998263660713846,0.019521797598153062,0.058444442761455745
8646,0.03939782185323035,0.019842596074440954,0.01368599025789303
8647,0.015813596348271643,0.03535230541235936,0.058370012178465
8648,0.01306187703725828,0.032101638884360774,0.02506296290320949
8649,0.033265046996096934,0.0,0.05099175460891216
8650,0.002791963532502139,0.013984310233890586,0.0
8651,0.006473731188974062,0.021523057542364624,0.0902965750877676
8652,0.08565108953776392,0.009048122704602096,0.01170292056057067
8653,0.020647051618475083,0.058852015311674194,0.07524826957358052
8654,0.013211621847403474,0.020883694535909537,0.01695470336237433
8655,0.0603295964701618,0.07256848978355915,0.0
8656,0.03716539630502959,0.021624510371842803,0.0637499364698414
8657,0.08708030836470965,0.044441564689321374,0.10009564585184616
8658,0.03642597914544946,0.04287801657667614,0.031219343920784275
8659,0.044625704656930616,0.01698315618598681,0.034758045841030594
8660,0.048673565693043444,0.0556466581904326,0.01212777117300602
8661,0.013061571548911717,0.03638614546861004,0.050171075582039766
8662,0.03900063984493334,0.05086969413460487,0.020956750912257422
8663,0.04402304311654678,0.037656031391068795,0.030741872824992092
8664,0.013600147463091643,0.047244632581053186,0.0010531543847653452
8665,0.04604956916331172,0.08671766509366188,0.01594114697839205
8666,0.008264217896437845,0.018197087492378528,0.03246555050440595
8667,0.027561248516157447,0.029239728375934013,0.03329429937157532
8668,0.018795979148564023,0.05229203759674062,0.029757102650253563
8669,0.022468114931192867,0.021009502280523767,0.021818504976394097
8670,0.08102169540668469,0.049068611180287935,0.022919097860537127
8671,0.049123250546720794,0.03829216181194615,0.03070731541717389
8672,0.027874763138540454,0.023382254170937755,0.017946755972233
8673,0.04858277043059794,0.04692018671158029,0.05623447958803909
8674,0.02624169889204873,0.04127318260330524,0.05608242666477345
8675,0.0645603316897033,0.062368251994321985,0.0
8676,0.020184822512515962,0.047805186101055865,0.03438742653410295
8677,0.019640563033159978,0.038333051527481204,0.058968332768046076
8678,0.012688511903777823,0.045557836630909704,0.02534420883449527
8679,0.015522126766320046,0.0,0.054043769683227244
8680,0.014934880679451009,0.031979244185962256,0.009081653441519622
8681,0.06096889510502668,0.09059659445707519,0.0
8682,0.013841671691689476,0.0597564731647306,0.0480612698233135
8683,0.030338551356215198,0.013439876941688819,0.040884626958206854
8684,0.044365279818206926,0.025051901704100335,0.0409893324747311
8685,0.05490869119453277,0.02073725207199914,0.023783856297817638
8686,0.05772232490165083,0.026917955990624763,0.08927339743447253
8687,0.06820417919776718,0.032940181461515665,0.03612436208070686
8688,0.09184523057187632,0.02748617037476205,0.042213904690341905
8689,0.09424630070945142,0.03558748661710529,0.0
8690,0.03540905525576727,0.018581341553745464,0.026987313334956044
8691,0.0,0.022580387615766955,0.02383183568649827
8692,0.0402353119690966,0.009254479850710614,0.02668235528711103
8693,0.01750751145169781,0.03993818007657651,0.048141957187393725
8694,0.057016193382498324,0.018173536536990692,0.041968235922052066
8695,0.0434170914710105,0.015082802309622242,0.042994963174484035
8696,0.02097292371890888,0.030631847216426828,0.01429488353916323
8697,0.07251312601383526,0.019806100589952736,0.038406536417013096
8698,0.03209918678142747,0.03537234705842968,0.0027995071084127437
8699,0.02835568865287386,0.04694161932553758,0.027461198536529747
8700,0.04394952741467015,0.020068464105227096,0.032236004280144746
8701,0.03030340070018811,0.058782813087840134,0.051545504125965126
8702,0.10499372462267795,0.07360373256646338,0.02693429808390033
8703,0.055749661425967566,0.022103066554649015,0.013647588891834142
8704,0.007657377609906937,0.0603771524978208,0.044830113670008956
8705,0.058304946001438075,0.038052780823464215,0.01482889130180018
8706,0.03550187647958883,0.06106384861410281,0.034281355947317044
8707,0.0017732436231172252,0.0,0.02061283880946333
8708,0.08945602073305207,0.0612851397271032,0.07056474137055711
8709,0.02185590791027589,0.025667903593311548,0.04611077311959811
8710,0.05040027247742947,0.07554249289945678,0.07677013908744244
8711,0.05611948518861905,0.031613252608246094,0.024185047650821447
8712,0.015264515219769995,0.04982745204251085,0.028900910047878575
8713,0.025267051835389614,0.04868670670300388,0.04193323099115585
8714,0.052037136227005315,0.04279932781045839,0.0540701465806744
8715,0.08534082547774315,0.1061489189809502,0.022755871857680434
8716,0.01906383218197702,0.011391952542191094,0.05554085911440096
8717,0.0527925362808617,0.03466684454552122,0.044259274858715864
8718,0.03654611788189082,0.021468682562555075,0.052426445284042195
8719,0.04374443942221571,0.042915464226246834,0.052233393247263504
8720,0.010243197335990656,0.0,0.0677700490032809
8721,0.0,0.023994525802244746,0.027942283029979628
8722,0.05997236975106903,0.02538472089948102,0.06477821721238007
8723,0.03816120720297034,0.05112938125709942,0.02855309013713822
8724,0.01412826837126971,0.005333854036074809,0.04626824707372563
8725,0.05325951758521629,0.050652875821937886,0.023451293969708426
8726,0.005589897277686433,0.025061027714728856,0.006288190863527741
8727,0.03204649502040877,0.040023326908653234,0.07646019473466638
8728,0.0594246988803934,0.0034653537145773114,0.0
8729,0.053775664408669384,0.018933639134825403,0.0319350254225897
8730,0.026552273663626388,0.01124688280010927,0.030781684620524566
8731,0.05240046502809497,0.033411163873095,0.029508366840249146
8732,0.046738301202345116,0.020483243930895127,0.017338334100314857
8733,0.07209109682967148,0.016295553751098146,0.011301845468631007
8734,0.03427641724854283,0.03623899012398509,0.019600557880790702
8735,0.0908926734603783,0.019405010206272735,0.0
8736,0.034452159698290796,0.03899901081383714,0.04172828345638098
8737,0.024822505600304804,0.028256067692942755,0.04249577247459798
8738,0.058979640886034454,0.06338337273348635,0.020251916967745868
8739,0.027820760542601276,0.06628189071356876,0.06325188884259565
8740,0.01928241816835871,0.02928029382717759,0.0022379559429196033
8741,0.03640750088563348,0.059966236804801315,0.0
8742,0.05737298529032986,0.014632607316604929,0.006120014234144853
8743,0.033307770860450496,0.02403437539357986,0.01812656773572935
8744,0.019042466615772264,0.061477983302599355,0.06313550683540141
8745,0.034346897937194004,0.05192217883361313,0.03369438122618464
8746,0.027116009179707034,0.005032163080775499,0.021131046169886647
8747,0.05203481648737249,0.05019124599786338,0.0
8748,0.012238948989715634,0.01357625488671215,0.025783831985354545
8749,0.013592495139919827,0.014937885606480369,0.009358546387214428
8750,0.017807057392384997,0.05831789118136189,0.04962023381756408
8751,0.02843181878667804,0.03848793051548226,0.06966352490460433
8752,0.03758323589065411,0.039849735896439926,0.03174085638286412
8753,0.051833689849957315,0.03886953400775897,0.010163722471428938
8754,0.04039648988397005,0.037965122676324445,0.0035944849854428287
8755,0.03951598554174291,0.05324766793658039,0.0526085934562659
8756,0.03525875745787126,0.04315911172004169,0.009453176699339164
8757,0.04925416774988171,0.027470625884162787,0.05027682847935039
8758,0.09227795931138671,0.09894080690765049,0.0
8759,0.04851223049676995,0.047370995745314275,0.02360456574423742
8760,0.04385484379578303,0.02484481070956765,0.04926977516645931
8761,0.023019613734773948,0.029460014131778216,0.023575096020636347
8762,0.0,0.05077089772507372,0.042710916165816765
8763,0.033227501065166386,0.032612810149317224,0.07548327362473883
8764,0.0280520662392643,0.044676831299579806,0.0
8765,0.05894450198913756,0.0,0.044739525172336314
8766,0.07598412287761465,0.0,0.0
8767,0.10351240762596972,0.0,0.00022709890038260377
8768,0.02403972212891832,0.06179179475889812,0.05434081108383696
8769,0.014871545150951015,0.011590317222150991,0.007577973080910675
8770,0.022855935231146818,0.035615075922851736,0.04271504620537564
8771,0.022989187365405134,0.0,0.033233050308296555
8772,0.0,0.009954069104995324,0.07646465188093923
8773,0.03426483616444675,0.019510115516787562,0.04692551456704372
8774,0.05586780895346819,0.013555159613982142,0.06789837357242695
8775,0.0,0.06345614751376612,0.03865120091814521
8776,0.13801033642102672,0.007883099937306536,0.016081628776749
8777,0.02730182581422429,0.017725690823591225,0.0439278165697822
8778,0.05766588296781436,0.0010676323571114643,0.04768024535439191
8779,0.09163046841506418,0.036021704436183126,0.07478408213510968
8780,0.062179693864478136,0.025510977250076554,0.04881482288953597
8781,0.04077434597756296,0.0043447804547404045,0.041923451621371316
8782,0.0,0.0638347461436553,0.018302315501020145
8783,0.08903206826205798,0.04576363978880659,0.019884299651955206
8784,0.05866774795025067,0.01658113270303992,0.02885878947071396
8785,0.03287729713084924,0.04285015716250484,0.056023043076693146
8786,0.0845380979064839,0.040361927815532404,0.0
8787,0.12068388736312186,0.02071262469720348,0.0
8788,0.09599182454483628,0.01622511625136278,0.05537341857921885
8789,0.03124060216016758,0.017098180338508108,0.09247363105500137
8790,0.016010382073919888,0.03127980319112295,0.033690784728417814
8791,0.0,0.05449943128707049,0.01484445613470814
8792,0.037556933769655874,0.03997044286063786,0.028211170193469096
8793,0.0318904130358015,0.02428534128019112,0.04614286873397163
8794,0.04370016428431665,0.014578695911326787,0.0
8795,0.038724991421898884,0.04206786572671503,0.018756379940252907
8796,0.05262694402672796,0.06423925770433804,0.0
8797,0.026699331105404366,0.038915867710999044,0.0
8798,0.06889692883251611,0.0,0.0
8799,0.032769459000788044,0.031802395539519156,0.04218075769321931
8800,0.02082295676668791,0.06117079440642726,0.023381991716158495
8801,0.041200034840890236,0.02940994111562316,0.03961396633023705
8802,0.03985289506437955,0.03489467801522666,0.0
8803,0.020123107358310716,0.05161954370687192,0.028029092425578578
8804,0.053582930555189534,0.03028360781001557,0.029745682490602703
8805,0.04052806837269928,0.0092636503530142,0.03340217326159391
8806,0.03748380252232345,0.0,0.06001659830595952
8807,0.025403247909491954,0.020617899465091367,0.04687284025796232
8808,0.057103659116041615,0.001553012015954448,0.054090502365143095
8809,0.027995471026310153,0.06050387201043894,0.0
8810,0.011538676995414702,0.03483664831224805,0.026691172509249916
8811,0.03052482521595147,0.024055542787007486,0.01316741419498618
8812,0.03819077642411326,0.04735960585870971,0.03558772723165766
8813,0.0315049674543582,0.03688503003632796,0.03490867782182216
8814,0.03007913542961557,0.034384790457125634,0.033309696708768995
8815,0.033617901793770284,0.029193047134596122,0.06827836873703269
8816,0.08992753582778222,0.0,0.04432964813274795
8817,0.012912788573790246,0.015682897699132087,0.015201063241335605
8818,0.04683812089727301,0.0,0.02586642921769025
8819,0.02513967005576231,0.020636031852507196,0.0
8820,0.11853082002054416,0.0,0.018767743608631583
8821,0.02467150759934332,0.030850102181376796,0.0553342295049595
8822,0.006254550643999976,0.0,0.07101108117044425
8823,0.047430024855055146,0.023722300304314086,0.024838000270125126
8824,0.021621844091294307,0.04125446583665149,0.004597318771550868
8825,0.03511515346525277,0.046402831530177956,0.0325797702558905
8826,0.04164901422008301,0.033040507803481604,0.030222213139646372
8827,0.013268569226762164,0.029653803465160538,0.025476601006699028
8828,0.08246459820881467,0.0,0.04594513185599793
8829,0.05826720880751961,0.04535006095474009,0.012402840374096565
8830,0.07748210817819629,0.0,0.0039038650953998402
8831,0.04046892403834008,0.037313400721543676,0.004643021962527578
8832,0.0032927905842893984,0.0,0.02299909566064404
8833,0.04593783542757338,0.027231784222213076,0.039311636900741416
8834,0.03983001547397236,0.0794644472328943,0.02060169626505753
8835,0.04474276212330446,0.020258389046759997,0.03873111173737854
8836,0.06557579916860973,0.01851248304057763,0.030475305749819437
8837,0.0613022171193471,0.08050054093375145,0.022477197690522456
8838,0.039950919988255625,0.025947504547144288,0.05093132543987238
8839,0.06243327722080121,0.03245649564679419,0.030965160579816894
8840,0.012385963450984715,0.0876260454236283,0.062321403437950666
8841,0.013129540803739641,0.0,0.037712703733246804
8842,0.055697831175593016,0.02941990743462788,0.011405473812638026
8843,0.05007444856686834,0.057458781387351665,0.006550178639702434
8844,0.08688398874034817,0.06008066090220465,0.01700021492275251
8845,0.0,0.03279400872858419,0.04421098495271656
8846,0.009284195745323224,0.06035966270501968,0.039909974618659146
8847,0.0919365685425226,0.030916963252898624,0.01620014316353518
8848,0.028636096316573195,0.0,0.03786108463788486
8849,0.03316069976667629,0.05319218879283886,0.006819635955039732
8850,0.05173287693390229,0.018156203559969337,0.00501867881137955
8851,0.02058069473004803,0.07979049664914906,0.06280800124813797
8852,0.01349321143338604,0.0,0.032606240496621156
8853,0.0,0.04798833508539967,0.02645573352366723
8854,0.051266015309166864,0.023494318655624877,0.04477492316708912
8855,0.0,0.05192695659018631,0.02990519428132049
8856,0.014144874566382302,0.0028067342592349074,0.0152366370297228
8857,0.10442231451675134,0.021047113743879534,0.03719094792955765
8858,0.047590633917815726,0.010887450282723416,0.024638102093837506
8859,0.0,0.16514757423466514,0.04895659951391509
8860,0.0475490164298879,0.034748434614959446,0.059199590259221724
8861,0.03102921815782546,0.021227640553465276,0.007373205193410263
8862,0.03079204134150458,0.044883175849000284,0.03637627084081164
8863,0.0635069018182843,0.05439995858913223,0.010690105070344062
8864,0.02440882796329176,0.04562399875252148,0.06855139703178696
8865,0.12834463467151774,0.029618680823841705,0.0
8866,0.067722742956291,0.015567897853103557,0.1217306225709816
8867,0.044257517349459284,0.04052622525008022,0.03258919942389532
8868,0.019129735964224803,0.03580024942361104,0.00906337453967177
8869,0.0524449186491063,0.04628482492399529,0.04510133315454549
8870,0.08541892928372696,0.01578276474483125,0.053011520234902715
8871,0.04641732765560208,0.020379272629644726,0.009290942760274585
8872,0.04125145061817924,0.05035617828697475,0.035442218810315444
8873,0.06068161861377601,0.04213609993708797,0.0326014470909724
8874,0.04194632126533108,0.03445071192574678,0.037209268923268674
8875,0.054175939398046664,0.070874059055884,0.03207064095209622
8876,0.05001529026716431,0.0460720372641256,0.04201257547208049
8877,0.1208236928952901,0.04742964086400045,0.0780383801039616
8878,0.02082345495434884,0.0,0.04930403620017813
8879,0.06223518427085649,0.0,0.05796387178749135
8880,0.030908378283527,0.03891167908329208,0.04343005595962852
8881,0.0211562575254335,0.0,0.03449557631022426
8882,0.031328643940741065,0.006807555294904242,0.04465203312395961
8883,0.10026756765426541,0.039217728743870396,0.0
8884,0.03622001078451758,0.02100531038090379,0.02478198160051621
8885,0.07936055582823737,0.027569152993566014,0.021842017016188205
8886,0.03451863549865369,0.02450183429226092,0.035145732563896186
8887,0.04063052346453429,0.07807351562886913,0.0227252147366664
8888,0.036218411957431085,0.05492458980000383,0.03390007117535322
8889,0.0033365029462613036,0.08938048047661573,0.0
8890,0.031782783226440195,0.021274582951617754,0.044962284572569795
8891,0.051288644249488514,0.004670942449135337,0.03284428880448138
8892,0.040571849710604874,0.033283954005873695,0.03658491536022671
8893,0.044736325560506794,0.032716779307837805,0.03602726696214501
8894,0.010463984058788766,0.021966746322356474,0.018380610330649305
8895,0.03186512664814107,0.01809358486071488,0.016148216607206167
8896,0.06659618795959908,0.029466930782840225,0.01993974555404106
8897,0.0420423077178732,0.0,0.03623085878010168
8898,0.11366124033973644,0.030931048311082277,0.06848435414861553
8899,0.026085204881005592,0.06777788536444623,0.04133696812729745
8900,0.01480269316160048,0.024455083282010247,0.05825054394188508
8901,0.014839227078823377,0.029939471087213777,0.037980080563969086
8902,0.0434959067866546,0.039647790220196925,0.016755995588695703
8903,0.008739733106091385,0.00967221479563852,0.04582207989200165
8904,0.019922898937487565,0.06664250954671375,0.04823385645382778
8905,0.03937483310001432,0.014593094445506936,0.04814595493001453
8906,0.05828381802749862,0.051564058155975666,0.03388733365186055
8907,0.030875417878372818,0.006254591293505932,0.04875710724421784
8908,0.029133217511298336,0.022512200262448618,0.029835295427755943
8909,0.03381837334359795,0.03295092585062936,0.06837756527495975
8910,0.07136240772571872,0.0,0.0863757209106352
8911,0.019730208756060175,0.018856201426555648,0.02936979941730675
8912,0.01061084446030896,0.03264628714576289,0.03980326500697685
8913,0.03386385500947665,0.03306424190099847,0.03255864408267463
8914,0.056209255988829816,0.005361090694192809,0.026981244238557134
8915,0.0,0.05950680032808234,0.03373771289203171
8916,0.0283822567087912,0.048296959553630524,0.008235759355734867
8917,0.032156436035525704,0.01431366166453997,0.06774936323992936
8918,0.05226875811987221,0.044056181380758806,0.030210448667265834
8919,0.015571108562333227,0.0,0.042592307428154556
8920,0.02454783897526272,0.023350499637785013,0.016173198174632326
8921,0.017579103181317668,0.06535786872963951,0.01040919864539117
8922,0.039453270005886665,0.03053961416101701,0.054951135896851855
8923,0.055113083988652424,0.053212509642466564,0.03916187778259222
8924,0.028683240296568727,0.05052445566554254,0.041420906237093325
8925,0.027367294039866968,0.005927493156893476,0.03950480148718747
8926,0.005146846591831113,0.04482481822429487,0.04576412855473816
8927,0.029232482294227754,0.028086438905712663,1.1748701699186107e-05
8928,0.07038023562479505,0.009434591813308487,0.05016190957154568
8929,0.0,0.045579237750520904,0.06756745314712734
8930,0.08055509347098946,0.05074214093706889,0.008163536786627458
8931,0.0,0.05179735934277705,0.055439046299463696
8932,0.0467048769645522,0.030449480730761636,0.031539793331258316
8933,0.0519077510855972,0.021086173071235326,0.044044631722952775
8934,0.036606097636631835,0.026550613279578392,0.04167460270989481
8935,0.045491917196084884,0.03837549026277214,0.012683041609683124
8936,0.0334054160571554,0.0485141314069451,0.05187834843374101
8937,0.04379352465670019,0.03716839723081692,0.0
8938,0.0,0.08203993910008645,0.06807213795668093
8939,0.0478933686766144,0.01835024955203128,0.03816554812011377
8940,0.06992389939666178,0.04327371559689428,0.04042453952037704
8941,0.02975568238158265,0.02698395918962432,0.05342353925673399
8942,0.0418899057363382,0.04019188719367834,0.013683291334306118
8943,0.0,0.0747147081599577,0.04231339987369186
8944,0.03203381688516552,0.06015742595579315,0.01860631462422743
8945,0.03459423868670629,0.05262505337200993,0.0
8946,0.03803676827906273,0.03178513546384843,0.025843118958892686
8947,0.062175459082359504,0.0404920010072006,0.011224125887973854
8948,0.0021476974315674663,0.0,0.027700228002352906
8949,0.0240417160916598,0.03478755212528494,0.01842896906490889
8950,0.01662578323564145,0.005058350948097187,0.020164452689895987
8951,0.04348938676077593,0.04517702357147351,0.044127565389727286
8952,0.026394660033324507,0.020141548926796253,0.029972896244589334
8953,0.008674810394169804,0.018393220404999782,0.010000323778670425
8954,0.0,0.026555261489786843,0.043316024807939016
8955,0.053471974781357345,0.023397604286238993,0.07618201127135561
8956,0.05690802547180032,0.004041899354959226,0.04369321187437178
8957,0.07624788611691313,0.06836207906493288,0.0
8958,0.037952034508320284,0.032666825246711245,0.012601425549762358
8959,0.04167513194234809,0.0032547552578037118,0.03210201137066593
8960,0.03264429158832783,0.023359254802357635,0.051661274207210305
8961,0.0,0.03762641979006098,0.0398753712490291
8962,0.018970320927257544,0.11520290098150292,0.0
8963,0.022962061794187156,0.05982453185147052,0.059139790286197626
8964,0.013401328102718074,0.02853302790406613,0.03803384087117751
8965,0.030898186093720286,0.007428379784324972,0.007740427026062122
8966,0.026114367293387234,0.001921408467322791,0.0446090114817461
8967,0.013529536753493396,0.03422239314945859,0.004221033285910276
8968,0.021482754695174352,0.051778255986615375,0.026755524939039144
8969,0.015849029537995402,0.05837150685870404,0.03237484656288903
8970,0.02164122915844251,0.03248524412329959,0.06810645776116857
8971,0.06635293536134836,0.028265402424161253,0.018046070428943153
8972,0.03677426660718989,0.029715440632076855,0.04070658683270603
8973,0.0170376607454955,0.025461735992931927,0.04453606237045624
8974,0.02019231908282823,0.002486633993083652,0.02862825018289781
8975,0.07237872912243501,0.08661104397165144,0.0
8976,0.05103766256934018,0.012981796984464826,0.0
8977,0.03363630006029409,0.03169820505042546,0.0
8978,0.046268527580108625,0.048079262418322416,0.04454255816284692
8979,0.014076806461006702,0.03292769092200823,0.0
8980,0.027668592492033864,0.07853446761320612,0.02128706939145133
8981,0.021272434378242056,0.08884927662941916,0.0
8982,0.042007700485795184,0.0402789322447338,0.04532574405178396
8983,0.020282834944305904,0.028904247593960822,0.06785743119732913
8984,0.03205001591150044,0.042319319082355346,0.06511898942251022
8985,0.015827262374647672,0.062019053360288616,0.03652583536960342
8986,0.06347546796723118,0.06972248913204736,0.0
8987,0.027028236800898487,0.027333626964769698,0.027074220707855645
8988,0.04396963812210127,0.0,0.06656334425877246
8989,0.006388492734700504,0.0,0.06104319958121343
8990,0.03407397701803245,0.07393689771699509,0.014211552379538937
8991,0.013865574432279289,0.07163635028378883,0.05699353192027482
8992,0.05040427700237368,0.04961851833384027,0.022481677733015997
8993,0.024884661547880344,0.03828048504286683,0.024367670463698022
8994,0.03538006516667849,0.009766392423984242,0.049888575501139204
8995,0.04562689874950295,0.04959424537579334,0.03991286881386038
8996,0.02657388957017527,0.024314808807110306,0.05307938216910854
8997,0.04568949293912619,0.05465820488604859,0.025810604148841617
8998,0.07026063590935447,0.02200661108232647,0.017567743354208906
8999,0.030392301951025467,0.04622265933672639,0.05191989288593438
9000,0.023044948151730055,0.04720958893752,0.03519074256804076
9001,0.01344511056681652,0.012630589400189516,0.0586485842299216
9002,0.03407877860987789,0.07500415480582735,0.0318570638294243
9003,0.010567622497358674,0.011002441456260378,0.05154161027191622
9004,0.013564380384696761,0.09761502174161292,0.0
9005,0.04289751739369526,0.03578251526003622,0.040585078747511556
9006,0.11443931666044044,0.0,0.0
9007,0.048479252504100186,0.04076064016212673,0.03768478784015721
9008,0.03964719162661818,0.03503792653270995,0.037231734010815754
9009,0.0,0.04951092203793099,0.06130647646614078
9010,0.0,0.03025100728010583,0.0865487963792829
9011,0.04172861635836697,0.016626852787721334,0.021870337803321992
9012,0.05354679370175739,0.0,0.0361742491710728
9013,0.017329146361215495,0.04433766158700055,0.03729830143703624
9014,0.036690578953241876,0.033194260313506176,0.013537466583799215
9015,0.030789628589326143,0.04320255519593804,0.03634953499554376
9016,0.029637541202627293,0.03438714420398422,0.04342044512402265
9017,0.05943116653822831,0.10984781934059017,0.03624974368188053
9018,0.17632380957714544,0.06534525156975025,0.04032792387807626
9019,0.0264963844889342,0.028005857606089524,0.027731013960879427
9020,0.04069016313853783,0.02708229610421573,0.037261093422941004
9021,0.017053348684977494,0.018400670397979164,0.02874487196564429
9022,0.08846152533440739,0.01763419714418636,0.025993706213488482
9023,0.035167475652219525,0.05067781628054718,0.011661189235718997
9024,0.07276208020374322,0.005563970804329597,0.020153358339653878
9025,0.04398935595656934,0.03385337929395295,0.0
9026,0.04053795117874238,0.015440145304784755,0.02077872902482906
9027,0.06520619454620324,0.05172766038701225,0.0
9028,0.03451137143151834,0.018505345973819972,0.06594673314896521
9029,0.06361339274961264,0.020529491173996075,0.028521757224137398
9030,0.07135554031976094,0.05832883150777875,0.0
9031,0.0393048848092597,0.09169756388678639,0.050645671929105913
9032,0.053922551154851284,0.050910520906556476,0.0306265997473459
9033,0.05003976539817045,0.06729833480289517,0.028646377676832226
9034,0.036561202966305176,0.0,0.05501408440753862
9035,0.0268153239372942,0.050317685667239674,0.0001137529306595118
9036,0.0,0.0,0.12743008989857937
9037,0.04013084739619164,0.034048736457029015,0.041604035056118926
9038,0.02016906099629474,0.02638146321633164,0.034678788526811256
9039,0.013650764005477786,0.05734780709513315,0.03589962543414355
9040,0.017158830505947773,0.03725542365979601,0.015897656356014568
9041,0.05435502339655905,0.13622029361736532,0.008326797707160126
9042,0.022449085062009422,0.04288797453880518,0.041481465030079274
9043,0.03218639541800102,0.011992651172294533,0.03757443932723426
9044,0.024322322319285817,0.011830108484036173,0.013317363492138717
9045,0.037111493167093904,0.07817912884178987,0.009841450374285741
9046,0.04296977721318354,0.04576121721787138,0.044568885821328084
9047,0.052304110513871856,0.0,0.034383451397732856
9048,0.034542900031431345,0.03424780174188497,0.022864572317157546
9049,0.012983996518984292,0.05597496186780317,0.06605664622729449
9050,0.04790253216073484,0.014755839023274762,0.0
9051,0.02918066150426994,0.03706550624898716,0.023263162159099533
9052,0.02107153354227838,0.07046183693517168,0.004542248478497364
9053,0.05448552186961334,0.04676309084280128,0.04984190747958062
9054,0.04776152717739666,0.022582592797732722,0.038411213498497805
9055,0.027179284147200267,0.024474672178264916,0.0460797014722411
9056,0.0734958359295593,0.028871651543043934,0.0
9057,0.14709007078607952,0.004791417406130925,0.015150390668067913
9058,0.19682287895095435,0.03967401541286458,0.0
9059,0.08265150029499924,0.0860455261770982,0.03097356765306497
9060,0.026599377748512888,0.0810840023546694,0.05461183235572234
9061,0.041679995134500034,0.06413786208263848,0.011209865130200301
9062,0.07593241823735848,0.017861507141443456,0.04844731157561513
9063,0.05017210611636633,0.07397210654133078,0.020796161894390753
9064,0.0,0.15186454105810535,0.04083659243438786
9065,0.04396399965685068,0.026535967174410615,0.0
9066,0.0680789474167629,0.00041518760754518286,0.03799823609753166
9067,0.03209391718161208,0.04462324073914053,0.03779966977992132
9068,0.05050906613335024,0.04102393035913723,0.024693723747691364
9069,0.007285559354287032,0.0032538291524099503,0.010734894658381117
9070,0.03496819033157926,0.011153621549769926,0.005203227876953469
9071,0.030207145456449997,0.0143072748115906,0.044588748988984024
9072,0.04107206426273275,0.02862210882552674,0.028609458213161586
9073,0.023050514600043818,0.03415916726893889,0.037530736404221006
9074,0.03471967235045082,0.0,0.07570126219770042
9075,0.053477537455987115,0.04983460513142862,0.0
9076,0.004512767399984116,0.10334925932209271,0.009261839472342938
9077,0.07817345614754978,0.07176073704967238,0.038313406997663536
9078,0.007250704157988702,0.04833936719271827,0.017047531652092
9079,0.026998405075166383,0.03465995940373119,0.058561887909214
9080,0.0037203678798962045,0.037756990389151236,0.026683438373539037
9081,0.06957028936941635,0.04556182035137071,0.0122764594074801
9082,0.03571626679997309,0.028616067871063623,0.026966771510732578
9083,0.0317711748386909,0.027743838789250075,0.0505445756033325
9084,0.04673458724505222,0.12103986927635048,0.0
9085,0.03936306293634923,0.042110896689138484,0.04148417903696966
9086,0.024460337715241882,0.051852596536195304,0.05767165448669917
9087,0.042211941314672596,0.01715806935997216,0.03443136164005688
9088,0.0690947793665864,0.07742387099111736,0.0
9089,0.03229287207372806,0.027091837235119497,0.023057929512214397
9090,0.03856505371443317,0.030646162147311664,0.03556704576679079
9091,0.05764052404870538,0.042016959838543234,0.056857295163561826
9092,0.05238554670929876,0.039893498902477106,0.04489978092269564
9093,0.026440898819092572,0.10050313713165533,0.0
9094,0.03948303462134885,0.03563505866427955,0.03540561322610531
9095,0.0073288609930286675,0.006510183809286025,0.2054665360655346
9096,0.04216920117093531,0.0435586438117715,0.020030367371371424
9097,0.043343954082049455,0.0,0.07912014787892398
9098,0.01230652251475794,0.05291808223624972,0.02928700578922166
9099,0.03787686182183601,0.04371805426661176,0.04005380525144271
9100,0.03227340447679347,0.14375912247440814,0.05074914661054078
9101,0.0,0.030250936899983694,0.02071603187346825
9102,0.039771734005987824,0.018961271180601973,0.0729751261245104
9103,0.028764131958602532,0.04660259807048866,0.044048074775088174
9104,0.042883615212079645,0.02645517725936727,0.02206987151224349
9105,0.10850749981316479,0.0,0.0
9106,0.04988775446301078,0.03213846542621094,0.038073420074174726
9107,0.07080574596824138,0.09810843614437596,0.0
9108,0.040598290187810804,0.04491782132062629,0.022327585532334947
9109,0.01638377991435121,0.09727298844089131,0.07859742043313708
9110,0.012048020100871026,0.06083456074600461,0.0222427052947853
9111,0.005375655095814419,0.040350137208256635,0.024751931764965488
9112,0.016098905472720446,0.014393236688555694,0.05090386935427733
9113,0.04752690170367333,0.012052674696596022,0.03357172462948297
9114,0.010172850969461808,0.02874949611331851,0.031884273149378306
9115,0.04652111320859284,0.04176932752246688,0.033940843783599565
9116,0.04234764449605205,0.021875223163283802,0.01925531111461172
9117,0.023704590766584405,0.04171519580013849,0.009890492940772261
9118,0.027214800734372397,0.03263996560335527,0.0035141755439806375
9119,0.0,0.050237281827929206,0.0
9120,0.013597815670420725,0.034698213559501964,0.025407887607602566
9121,0.01537864971883321,0.03944160964448445,0.03370204301080894
9122,0.061839978406415676,0.010656465055455422,0.008420534003230404
9123,0.04815025277476356,0.019186939446479284,0.025255202255851126
9124,0.04791923505403344,0.036636742973358505,0.019703023486922846
9125,0.04674044859835483,0.02989214112849035,0.018327463933771992
9126,0.01798496859422016,0.04094878579712265,0.04781229666684441
9127,0.044341048471103296,0.03772894641952443,0.028960947442232567
9128,0.010823844850856615,0.045678756914225155,0.02402751121570923
9129,0.05604326198988474,0.025575275136401995,0.029169984144357758
9130,0.0479248599176989,0.014355076129540076,0.03608314325092409
9131,0.038311362016752316,0.023989966887827317,0.05053639928745043
9132,0.05768323966107318,0.09439869400818653,0.018896494776418495
9133,0.04634453274968742,0.058405020643996504,0.00545622528838229
9134,0.03138035195876861,0.014816649499346688,0.0349669701968272
9135,0.029672134485125793,0.05311331653044902,0.0005362285096588334
9136,0.045555406612022814,0.04296623456002004,0.033948912043849706
9137,0.07971434605519245,0.041069734815603595,0.03239175705755055
9138,0.0,0.033414121012006984,0.0
9139,0.053520675465414586,0.04518819860476437,0.05069163261641393
9140,0.04641453603330197,0.0,0.027091402765602197
9141,0.10652267067304524,0.021272534543526216,0.027974437466773288
9142,0.03020557005318536,0.02709241479338557,0.046060059542299574
9143,0.016364326791888595,0.03585651419105619,0.02838134047208661
9144,0.05079993594113099,0.03047379572036196,0.011243118314087136
9145,0.07424041105208742,0.02139590783191101,0.0036838073385581475
9146,0.03164926972824734,0.05018843623829703,0.050686226521824786
9147,0.03656626317373781,0.00039330895175937117,0.02617873240733913
9148,0.049641368350806445,0.00809642884851289,0.024115755779472777
9149,0.04041924422403215,0.018350669289809024,0.029723081129058915
9150,0.03808683033725907,0.04798548928967203,0.0
9151,0.0036552967337208455,0.05810477623216287,0.058296139352191106
9152,0.05767526920318049,0.04255629724482897,0.0592083903068535
9153,0.03977306833047839,0.034948898436808436,0.012624106612257774
9154,0.0046191154368587645,0.010872634597226385,0.04708989514192162
9155,0.04609240824136751,0.043918723905896406,0.03961896196188165
9156,0.04085986833878664,0.04940118142512401,0.02591584431843474
9157,0.030143282743309536,0.0480419188104964,0.0418285871558291
9158,0.007942113161346942,0.0590261522220186,0.028800220142528175
9159,0.032061358047694395,0.03474050952046529,0.010936911409512015
9160,0.050253083674424374,0.037083805163836546,0.04105092300080399
9161,0.05299718588039723,0.07357539826279683,0.0
9162,0.0290430470369889,0.032713239009753155,0.024773516589007647
9163,0.0,0.016658958196785152,0.031782231485700405
9164,0.05162842355745516,0.08036926505960584,0.08775946910093134
9165,0.02556138490787453,0.01917271293144036,0.024638640995454913
9166,0.039721359312383735,0.053722718843078075,0.05176125113696548
9167,0.053573266014502484,0.008731424086133019,0.0
9168,0.005716972833657181,0.02775828373425619,0.03378497769661714
9169,0.012978839203597922,0.02010760679758729,0.0248018998752909
9170,0.0894376953990468,0.006045340821705866,0.04877018530944521
9171,0.061005411384282796,0.0,0.03188936434345768
9172,0.04552950131728026,0.044626538504738196,0.02775907761013356
9173,0.02009941091581667,0.0,0.06170675610081237
9174,0.00934920782081674,0.059185499264421154,0.07319233859348763
9175,0.10449769148259573,0.06834804418089677,0.1487109711101679
9176,0.03472546831758018,0.02239750127918468,0.04501953510054865
9177,0.002955662506444273,0.08403506809388243,0.005023195957519072
9178,0.05211548365938329,0.028762306852635557,0.04973955899037319
9179,0.0602136869344524,0.03739965049509364,0.008225490318273571
9180,0.03678374675304031,0.0341584963116205,0.08167420580591751
9181,0.04050297394685115,0.05644206116269325,0.02438915650050299
9182,0.023884026921274167,0.05544857466152168,0.013259100975900726
9183,0.031124645116685758,0.049321109923791503,0.0
9184,0.05835233557037941,0.046635484596489245,0.050851793785729266
9185,0.031282848289542455,0.028111754218685614,0.049439436185922246
9186,0.0395284266361055,0.052314968670659684,0.021698836468743325
9187,0.032096638686587575,0.019471010758322405,0.06627336974297791
9188,0.07454011884239503,0.044115974138288806,0.0
9189,0.04270181489669439,0.01808662339436639,0.00526403056246585
9190,0.0221407566547151,0.059934051362865,0.02732029548246841
9191,0.016426330428420288,0.0969973869739128,0.037026046159943815
9192,0.04658299627073198,0.021747287974226592,0.03388778742791732
9193,0.07273061839679722,0.015302673416667172,0.0904970217377585
9194,0.022595369933836845,0.06804858465172764,0.06159033615290227
9195,0.06439497024299737,0.05034312538593497,0.025166411868121668
9196,0.03403135537008655,0.0433335950596575,0.02675085973263271
9197,0.045949159210641605,0.044218759748462205,0.05363796411084835
9198,0.05323979850379601,0.11213424433796958,0.04749006475939163
9199,0.012911148562501472,0.021199826117817445,0.06341102909252871
9200,0.028617798494953915,0.09731786100626759,0.0
9201,0.0501571141228608,0.0659660567988966,0.055811736544025416
9202,0.009501780286964898,0.04076721089234186,0.0384168108759969
9203,0.018044631412384146,0.03453801082974199,0.0384871230574288
9204,0.09971326307810754,0.015692323001923997,0.054605417210470165
9205,0.03640901515617098,0.05028563512189191,0.04372131596396377
9206,0.11544025000977452,0.0,0.07652128201758725
9207,0.060683348485438965,0.01445819387057013,0.04578966211277125
9208,0.05123030392118741,0.0645802688262203,0.03906143914422454
9209,0.04494283131473281,0.04851735443289218,0.0
9210,0.037220667100858994,0.024967378770413957,0.014099710513469166
9211,0.057108371375713916,0.004223019433533416,0.03049501727910785
9212,0.02362582178679113,0.12125724145404305,0.04842550309162947
9213,0.03335460100821855,0.008930419074680182,0.019389455469282474
9214,0.019996882331223834,0.0,0.042802233912725716
9215,0.021807365229020038,0.06879471357423993,0.032147624175822946
9216,0.040090013853293714,0.04481234628179966,0.04490924292996556
9217,0.021497864696324764,0.02984161266461709,0.03844230299512146
9218,0.039171622228127444,0.07211532792430582,0.023572773496097446
9219,0.018183251918578197,0.04283989590205076,0.021403673920455054
9220,0.0,0.063965102264132,0.01482370597107527
9221,0.06690739679468381,0.04236506971976978,0.08758339124453757
9222,0.02169761249147308,0.04536529447491481,0.03316795757266428
9223,0.01530075851076168,0.0,0.05400374446314473
9224,0.050836891309411686,0.06595703078597971,0.009157002286392097
9225,0.03751357896336654,0.046231051869789985,0.029289691535560894
9226,0.0453696794563464,0.03342815917853539,0.018278176464265217
9227,0.02624942531490199,0.001505458940126168,0.0261575732437357
9228,0.025729458740888417,0.044578745581722055,0.047829596448272255
9229,0.09067038889500889,0.05787256051430852,0.015585087708743338
9230,0.0,0.059488497306619016,0.02606696661674819
9231,0.02216703610549058,0.03891344768227494,0.027836862572450938
9232,0.025898272900727038,0.030522883711441278,0.06318858369642666
9233,0.039845948188805415,0.012108160713456129,0.0264189564233088
9234,0.018825425275506378,0.15164253617149576,0.0
9235,0.048161645697002764,0.03746882624243548,0.029061962119933327
9236,0.05919089469433441,0.04155866074554638,0.02632838259077848
9237,0.015583262859054904,0.028408157510291136,0.05571818363261601
9238,0.019133746613322587,0.026797240062277544,0.02149978889586342
9239,0.06140934364895355,0.0398529134426506,0.03595551437287044
9240,0.018430773244756865,0.03552000621217021,0.017003038112430358
9241,0.046293115956766835,0.037269734816080625,0.011762029161311865
9242,0.035020157815266205,0.023724196826015852,0.031625028467132436
9243,0.03607297052331117,0.08250410988457653,0.02774670714553037
9244,0.009027511449738701,0.04918097496152792,0.03857598710315547
9245,0.031551406793453786,0.02142473035063025,0.038838203323508465
9246,0.03581746730561487,0.031171945760375314,0.00946529713385707
9247,0.05359534894964871,0.0015837352472573493,0.0
9248,0.04100706269642384,0.02333743640223378,0.052815328174403396
9249,0.05110901499951908,0.03879696148469094,0.017781538397238044
9250,0.005913880015131216,0.025995350742250182,0.0521840590886171
9251,0.035077366329997625,0.026587037461595936,0.0426443134732142
9252,0.019104764165195295,0.03632499558955401,0.06797519511813234
9253,0.02034698766145697,0.02918889664903583,0.03923181281429582
9254,0.00047135660717665767,0.04462659082979775,0.029596178515023965
9255,0.02829015593462439,0.022353771030489272,0.033163593288089335
9256,0.03785715813690242,0.03915035859204378,0.03127792907472316
9257,0.025774004139691387,0.01802072455449923,0.025978363359356948
9258,0.016855236101101106,0.009150560964504464,0.036843205334197486
9259,0.09967722167750362,0.07987987793939205,0.0008193506551464891
9260,0.03114613949208454,0.04094278028063512,0.016680477814693683
9261,0.027366767327191815,0.03370907607218198,0.041082978984761244
9262,0.03523654493449756,0.03975222110464274,0.035194035517465354
9263,0.049051391546534824,0.02077989765769983,0.04373884988455246
9264,0.06777547110133098,0.04974575396414952,0.0
9265,0.010332533836930136,0.0,0.04032158358423594
9266,0.006968831902971151,0.03766876431067457,0.029650726889419304
9267,0.023151618070817254,0.06444418478116187,0.014932412376770413
9268,0.03470837158352694,0.03158445980116675,0.06851943379101288
9269,0.032998283943483975,0.015439190956024113,0.03241985323112311
9270,0.0782803548372721,0.08021332462526244,0.01890920668739704
9271,0.06277058336820472,0.04056466817791381,0.029309514920846703
9272,0.040353960392922716,0.049809348937182224,0.03169987248458782
9273,0.013956358918040791,0.08979218942079778,0.0
9274,0.02940273743548104,0.02292365449041547,0.02409252534737391
9275,0.03223052234550987,0.04494243660611056,0.01578896122688759
9276,0.0019308849218045293,0.04596834164871347,0.06302486261519395
9277,0.019264426623389102,0.021162156109279368,0.04671891438421877
9278,0.047824123727824276,0.026565443417431247,0.058234723832016756
9279,0.0014223854333789792,0.021292367979791244,0.03978564399261577
9280,0.024431660662477858,0.019328340134673366,0.021256575961208946
9281,0.049507541060548416,0.038136805664414755,0.027075203534196665
9282,0.01519722450818481,0.0630580451472419,0.041428360106940045
9283,0.13304767273829293,0.023776651828287546,0.0
9284,0.026866662904817828,0.02178333838895326,0.061212118653623505
9285,0.025561023965884805,0.003861211099911032,0.03943614858048163
9286,0.04320761233067955,0.022333788935745735,0.021071487701566204
9287,0.1967956463476757,0.024014895859881365,0.0
9288,0.04232739616189843,0.03420617900782439,0.023060999429745405
9289,0.022434032326393377,0.0,0.034408111777813576
9290,0.014620464249009804,0.054788682704814774,0.021403147315886783
9291,0.0,0.012224528162441406,0.0
9292,0.04937966490687024,0.03814198527521304,0.0
9293,0.11515704661006,0.026057593752822877,0.022417462853596998
9294,0.018228256383198613,0.013614300647157046,0.029084455945870866
9295,0.03870535654232228,0.020106659150819356,0.018762171981625615
9296,0.05458900386385431,0.0015509330662477293,0.03410806634985592
9297,0.02974212019232975,0.01732666070698139,0.010894518507594037
9298,0.024744349280738938,0.02696859883204613,0.0
9299,0.04824083375429281,0.013475458573679454,0.002776968081126617
9300,0.0,0.017886220185055555,0.013763926257465385
9301,0.02732255854498612,0.039365219914431766,0.0
9302,0.05349633653566493,0.041541261889793596,0.006142779212473294
9303,0.034947903389446415,0.0337616512832382,0.05710429839274358
9304,0.0028980307144190662,0.030466049627542652,0.033736986320611353
9305,0.03197211858865955,0.03363887181012029,0.016603651990543086
9306,0.006626180998627176,0.026407246755029656,0.04053712690153906
9307,0.05361150694005546,0.031184188825014506,0.031339719236700814
9308,0.027326436638802725,0.06504850524875969,0.027990218226297308
9309,0.032972106897785826,0.05505173938302366,0.039940270728304854
9310,0.0372815767265001,0.04505506804493206,0.05472527457456396
9311,0.03421865228444338,0.03618102362216984,0.019824504505960693
9312,0.010035399480389826,0.015662319747095088,0.0
9313,0.08506429238136579,0.0,0.0674704836724929
9314,0.059036543113203145,0.01912967577166218,0.0030733559258507015
9315,0.05487086181664983,0.04701777602319229,0.027893981652605534
9316,0.004114823971915746,0.013104636276464543,0.06500162430484906
9317,0.058325641398738005,0.04731127498664941,0.005096908469246435
9318,0.038878849868874917,0.024341465685110985,0.013703275802994843
9319,0.04261905398455033,0.028436945746654774,0.03036798095447425
9320,0.031802976510038924,0.052024640505302026,0.0
9321,0.06252221707339034,0.00857472793924386,0.026340245175164798
9322,0.030156462007041692,0.06164831859762828,0.0021774282986913585
9323,0.013398021085176794,0.024654533624923335,0.17960721008080727
9324,0.007574827341493294,0.004210520158207771,0.017585439975204908
9325,0.05231267968118974,0.006093298572507375,0.0748482662258996
9326,0.033048743617052775,0.017537015950238582,0.05195305042888859
9327,0.022723159738616844,0.04707829597868626,0.03194240433667892
9328,0.051991865304187736,0.039872625120748954,0.05438889529723584
9329,0.10300568304667952,0.09227892146526351,0.010196471737998439
9330,0.027065997508879832,0.027017448624816438,0.022917935514007098
9331,0.0637861122941164,0.09100967212802163,0.0
9332,0.08766530333773635,0.01865567929756521,0.0
9333,0.09761742754632353,0.022310703924266134,0.06520627363007622
9334,0.05645082388180672,0.026057704195134656,0.007813415845041199
9335,0.0472279675789046,0.042169477445088144,0.06372340205886663
9336,0.06891226278824883,0.0005949381777099264,0.040780535356204135
9337,0.029424877246399198,0.049475927015974884,0.044839731679587914
9338,0.0008249591959137714,0.050501822671429886,0.04760753467528405
9339,0.055780119996438594,0.01725416888028739,0.03951497686084247
9340,0.052762691124132864,0.07012163416104251,0.027837716655606613
9341,0.06304255907374585,0.01248868957424805,0.05286680428898321
9342,0.030091571192076377,0.04000617915191007,0.029090687300416068
9343,0.03600940973039379,0.03173901083928856,0.03735899450165901
9344,0.036041963656199626,0.035323152441142654,0.04978602722371848
9345,0.03568756461905662,0.08669932177130477,0.023836685397606278
9346,0.02274947960909815,0.011063920821136197,0.05121574334709803
9347,0.06839154683524658,0.04670557555013641,0.024346524067256545
9348,0.03914552419404842,0.03713037731080058,0.025604603937014917
9349,0.04135178459641372,0.0,0.03975206329864894
9350,0.07716879648523291,0.06677707262370833,0.0
9351,0.03408226587943826,0.021407977769680526,0.019599834090610262
9352,0.05130342276867751,0.02795840635306876,0.031069700501737466
9353,0.022079799314766013,0.0012635275416747564,0.025923578880729884
9354,0.027828041396900798,0.014227890070107605,0.022980911755704214
9355,0.04258805445729976,0.024362934591458718,0.05044331888088763
9356,0.034867952816390664,0.007186371934349785,0.013745431127532626
9357,0.04504983230840986,0.011868317143027224,0.04797852388295892
9358,0.09614747452573556,0.01167468903801238,0.010053296324745076
9359,0.06421503941892266,0.0,0.0924741482079556
9360,0.013389340004793637,0.050401817879862365,0.007568823438679155
9361,0.02842864078032925,0.029292268824585993,0.0305820309101537
9362,0.032951818690050635,0.005847194851015041,0.07810761761064347
9363,0.016914315026526475,0.029358248813562908,0.07548164233864109
9364,0.026887114206757105,0.02629266691982654,0.050166989839334424
9365,0.0,0.04454905894351382,0.05351884744875079
9366,0.022397733155320333,0.10334335894319083,0.0890149337905586
9367,0.03784582257093151,0.034940976673274796,0.0
9368,0.06689668295083606,0.054229612389809355,0.04125265128848029
9369,0.04232236119549476,0.052600035203493566,0.025266993890177888
9370,0.0473375425094153,0.025115858435505303,0.04998844295583118
9371,0.025893077767639334,0.006277959951820209,0.04922847037578419
9372,0.026244091327712913,0.026951719542052353,0.049964101006404325
9373,0.06689706389885712,0.01791179469878976,0.04522164308644636
9374,0.0,0.04088983144532563,0.03366151042209106
9375,0.01482814655855657,0.022840698328554822,0.06792176218738939
9376,0.045754584793417666,0.04446016228649857,0.046423570339675486
9377,0.006960381575373435,0.044594284683615155,0.017453044635500962
9378,0.03191646502398965,0.0518364420488593,0.022717889481144064
9379,0.03801798227681934,0.017332015079261024,0.0438443013407736
9380,0.06032663404101809,0.04982274110112723,0.0141550478750631
9381,0.051416385650075336,0.047594610453989945,0.0
9382,0.06479812391354035,0.035448407316440486,0.02863011302948296
9383,0.011917648756236512,0.027753947376436102,0.054647239081656224
9384,0.017814287350411014,0.040446472611218205,0.0279490744673583
9385,0.0209425517023121,0.01469703194342247,0.04740389911387838
9386,0.016412569370378553,0.05354893776041685,0.04252108454496709
9387,0.06871445693702696,0.08155480301544721,0.03929547239122197
9388,0.042309024315777106,0.05738088866529034,0.013224189942532417
9389,0.03275439472072638,0.04807395265810718,0.026524967313769913
9390,0.028184860897066715,0.05136740348827392,0.0
9391,0.11058896632101935,0.0,0.059865495227656315
9392,0.07168139776440381,0.07876870278376512,0.023637239487839
9393,0.029148279087816902,0.054032565957567946,0.04465009754165558
9394,0.0,0.027393467467002202,0.04074980312836452
9395,0.013490734321452286,0.00045290002501588433,0.05188577946397199
9396,0.0864818683496012,0.02323756714568815,0.03286198463386544
9397,0.08453986991614566,0.030845730324424753,0.056563024005955885
9398,0.018365378908023852,0.025568414068649268,0.043477917514185664
9399,0.02992642526000389,0.0044617218325103125,0.07378696636988022
9400,0.039523457245844544,0.04308898737124622,0.012934514606521057
9401,0.05453738513945829,0.033300180816450746,0.030524350001005916
9402,0.03988282014113742,0.01341333375262598,0.02247000044383547
9403,0.009604514155690993,0.1646264124984813,0.027557807678458862
9404,0.07283692576685505,0.0,0.04909829067435401
9405,0.06687412101200874,0.0,0.04146054329360998
9406,0.037623796172116336,0.02137181535415465,0.03782185937020198
9407,0.03909196800732212,0.006933869200494956,0.050084379216258496
9408,0.028952970322559904,0.04003158624205749,0.017617659449398786
9409,0.009789874857296174,0.04542912473877836,0.0
9410,0.03442329782101921,0.03658559357206924,0.015957972216868576
9411,0.04976281836508278,0.0,0.061011777109007986
9412,0.0,0.0646027245744841,0.023338004308639464
9413,0.05479957847265079,0.01881577983179408,0.02999548398015169
9414,0.06106093966511702,0.015329260482067654,0.0
9415,0.062432471761755155,0.010154110845437214,0.03317372828037787
9416,0.060086728234724156,0.0,0.039045472455803976
9417,0.015605567369132704,0.039109823028638836,0.06265491396776715
9418,0.04696320623843244,0.04707798824931623,0.03596874637087827
9419,0.03407972305961786,0.0020861920676647264,0.046270594428314334
9420,0.015433202277621516,0.026653765595867383,0.06179188299986614
9421,0.036313151615607185,0.016503872118122948,0.0052392815582336565
9422,0.027164289892374956,0.03919599923147553,0.027279180219103184
9423,0.001696942708390832,0.0,0.06179461637797093
9424,0.0047295956074168005,0.01644536837002234,0.035107984253211336
9425,0.05603630129408055,0.05612371890943182,0.04503748549066278
9426,0.038275861390092994,0.010988283432192264,0.023733554034994896
9427,0.03224284692038668,0.038416333115604294,0.0
9428,0.011798897871358585,0.05306434204550792,0.042541077594507516
9429,0.04014356545512204,0.004873310100952148,0.0819714134692726
9430,0.029702239199365908,0.026686505765321798,0.06751778306843212
9431,0.0,0.0,0.12058303108725268
9432,0.027324120759490488,0.03983198951836814,0.03847300981005952
9433,0.0,0.03292541868600121,0.0
9434,0.11193267147926675,0.014294707307170819,0.05223423060910897
9435,0.050027361530868765,0.08445681077806737,0.023983342558082044
9436,0.0217302965005796,0.030509151311457382,0.034025609064734764
9437,0.03075063166585388,0.02212728571455442,0.030974027637566424
9438,0.019866030812677193,0.02843387993452301,0.028876331647101728
9439,0.054912478447512104,0.04729220197864911,0.014235806948613622
9440,0.06045851922048565,0.0,0.024673878690614492
9441,0.017195293218059775,0.03275715127666029,0.023114520944884986
9442,0.03701686574946956,0.02474745697878573,0.03746070809338171
9443,0.05928758279912167,0.04263496293621316,0.041198612235817236
9444,0.05719496865139723,0.013717850960472233,0.01778474154174216
9445,0.03043174919863918,0.010921522396806221,0.03374046896453064
9446,0.036093662631944835,0.04109818194166524,0.03111738805502989
9447,0.05339092603990492,0.04518467849164082,0.05402234659498931
9448,0.023593479079133093,0.03506835560249137,0.03986205487087644
9449,0.04893746609523999,0.02352285806297211,0.031054076007553038
9450,0.046987751941537904,0.06721179058518172,0.04559160577714134
9451,0.0492862353482637,0.01361305092191332,0.05289914941363382
9452,0.026341599361693554,0.030458631171335626,0.03774640317751813
9453,0.05289685998179844,0.01939814277267068,0.0651335652043417
9454,0.06264548722328013,0.054341525207022665,0.03321903142275156
9455,0.02806130620897185,0.029451381822933775,0.03932759350890685
9456,0.04580820520450712,0.025948164353595843,0.06786375634313124
9457,0.024711086504007485,0.009436320256305308,0.038967083408248185
9458,0.004253087083095464,0.05431255949781488,0.029152311571103196
9459,0.07327077223165596,0.02427373021833993,0.0
9460,0.0668844651065548,0.00390382472846338,0.10082364258920666
9461,0.02994908177332374,0.027004265730697113,0.04416208325566197
9462,0.018878385086341945,0.04641276868501254,0.0
9463,0.05196676798760228,0.034035396478677454,0.03756371712942332
9464,0.0,0.06523115486446772,0.0539334983103851
9465,0.028147569618522817,0.02587437949720341,0.01497628281489826
9466,0.01970846553544826,0.05330092244012149,0.0466593644813315
9467,0.014291181291750362,0.05165893166336022,0.037096012116758274
9468,0.03421906070745408,0.06013773852068036,0.03733201043077307
9469,0.006935874414814351,0.04287366938850704,0.0
9470,0.03979919233884407,0.008418165759727494,0.04481704155167026
9471,0.031634255039600837,0.03736239365894735,0.017759329892699856
9472,0.05548673358699968,0.0346820063114337,0.019884732498448278
9473,0.03240129965261016,0.039301188585588495,0.022720808241157284
9474,0.0,0.049264940715507195,0.04532392085080596
9475,0.01949503772270072,0.03864991393519789,0.061645311659921376
9476,0.03721632522207496,0.007579088309563599,0.011682639243913898
9477,0.010016798488277112,0.021128251062916503,0.04585690808160886
9478,0.042701127732274656,0.03610487538972319,0.05161077032356928
9479,0.015232283481809208,0.005873244397839002,0.037475556849408335
9480,0.05290260317636467,0.03415178582593942,0.0479036299777581
9481,0.06156171390754321,0.03751196178679115,0.0
9482,0.017304581293977665,0.023066048193135087,0.0
9483,0.025904678905134353,0.04173669453473316,0.04730893541386655
9484,0.03722537918276429,0.0,0.05865637186335042
9485,0.06234249603844888,0.05180768634300512,0.04303192998189792
9486,0.035171514618553376,0.04342573943940531,0.007985269615163215
9487,0.03929348788679788,0.020970169276095917,0.04128667978369096
9488,0.02718957438917302,0.05928273510294944,0.03870592043309634
9489,0.00272314421704975,0.05701957585212411,0.04877533933009771
9490,0.025989293405243814,0.06357901853177726,0.0
9491,0.013973320018881734,0.021903111526025042,0.04146142680899551
9492,0.07556542584875807,0.056862689275903516,0.006839813725202135
9493,0.04205932848624999,0.0031760792366303968,0.004265174376276901
9494,0.0,0.021510546383102343,0.06058864891418959
9495,0.04988119793376148,0.010127911705019234,0.016785895739923645
9496,0.049163663793146344,0.009907429058921271,0.024734202858277068
9497,0.023560086769303896,0.04782695531634471,0.03737533643885949
9498,0.02504653404973335,0.0,0.06823279899162833
9499,0.007266417270749652,0.03532042106619911,0.03265119105988749
9500,0.026891453473531907,0.054383821926095276,0.045542905009482125
9501,0.046432510596075525,0.01157074680768976,0.045815717938187644
9502,0.06546268620641725,0.010540473307833677,0.012892903751315762
9503,0.07247970979794134,0.1667620491950909,0.06396660236460172
9504,0.07277920496089939,0.07226115302016257,0.03230092230566689
9505,0.029952691932150086,0.055689724155426286,0.022916710160008878
9506,0.026543928791009763,0.03374400894512424,0.035400734942545996
9507,0.13880152973956375,0.04717035867686287,0.029649385609439194
9508,0.04287364886849832,0.060314547254623506,0.032704629104997905
9509,0.05250350836282207,0.10712652779289511,0.03035954384521683
9510,0.0,0.017332154177871473,0.037813539215712795
9511,0.031563070651950555,0.02926186190718909,0.03386386159374683
9512,0.041903825107232166,0.023379466776784204,0.016512627328153714
9513,0.05235262957230464,0.05734015991361225,0.053513048054392144
9514,0.040183044931003074,0.05265940934765831,0.037408604874670175
9515,0.0,0.0,0.061829382087903555
9516,0.024075048615092298,0.01761085902590309,0.027559043932788296
9517,0.03375703702304301,0.043747075128707624,0.0
9518,0.04902101092338119,0.01255472974941678,0.007954568549208655
9519,0.0,0.03326105374052275,0.04230958591715752
9520,0.018349563038789755,0.03233323010554585,0.030714472850075513
9521,0.023168878501707308,0.049750835523904725,0.05331338226475404
9522,0.050479386629314664,0.04924349434661568,0.03400204487099037
9523,0.07164927604700014,0.0170933410918184,0.051094927603195645
9524,0.011402781923967755,0.041421481159929247,0.03116943360542328
9525,0.04042956551573936,0.020135506378915227,0.015491415510808746
9526,0.0017378945452781874,0.0,0.02249216098501376
9527,0.020456084233336957,0.04439981544650714,0.03481233295127022
9528,0.03522627820137789,0.019539187071920556,0.030848487087786692
9529,0.06390601845610647,0.07278881544927399,0.0
9530,0.08126260116385589,0.04244481189666962,0.0
9531,0.0270067071717708,0.06279784914809601,0.05290320215485795
9532,0.058529989653006535,0.09368805284222642,0.0
9533,0.01569782025892949,0.013024368877155336,0.03798285693596699
9534,0.038036116778100204,0.045720759870793076,0.024439028096269726
9535,0.06565159296442086,0.036144395248974115,0.19916527922666866
9536,0.0,0.09516710735104954,0.0
9537,0.0032112966895237174,0.005137663416450845,0.1602680309754245
9538,0.04345291724229325,0.01696878584532794,0.0330033928795594
9539,0.03518196305591808,0.008567638360101834,0.015895686302406526
9540,0.05053351010915901,0.005684361148017269,0.053762709698929885
9541,0.04632833672023626,0.03983483338729787,0.0456432587680799
9542,0.04830367260339312,0.0007862864367884081,0.039143391427332315
9543,0.054834810553070684,0.0,0.021901512376951107
9544,0.03321933354604754,0.005423884384671719,0.0191764726406897
9545,0.03421220062138185,0.029650199069149463,0.026993510685606004
9546,0.036563099308868835,0.06950398009652799,0.006520211155483152
9547,0.049904854241474124,0.02941564693335132,0.02977524463811747
9548,0.0,0.027286442166232026,0.03597100827921716
9549,0.047676280778584205,0.025711086349014884,0.03255309379771961
9550,0.05200143146454926,0.0,0.04041766628799813
9551,0.01310788367181201,0.029268073612362878,0.005587848877577027
9552,0.04921030892622454,0.06482647486162764,0.04597684761333485
9553,0.03931314423741822,0.008804064707213977,0.04214843510185879
9554,0.021050851890193633,0.013824925452476482,0.030528590137397976
9555,0.04711169246152732,0.03339638784223676,0.026319001139039067
9556,0.03807700273387674,0.03980245750797751,0.02321824242058627
9557,0.06905641183544131,0.02614697385316751,0.026114506402480486
9558,0.0234035052766042,0.04133158405629497,0.04201411538703215
9559,0.02698718844416706,0.06532880726477919,0.0
9560,0.046636070664046375,0.02853321020016858,0.03858287723408657
9561,0.006007672656603818,0.0653901425786358,0.0001966339156000991
9562,0.06480377824799538,0.03804251735720886,0.011009636267854415
9563,0.055765072907229964,0.04028869722904444,0.046132811686385555
9564,0.015213001618394999,0.13621962493362094,0.05987366250946832
9565,0.029646215883691346,0.03770905804384992,0.03842831017016723
9566,0.04486500626242663,0.029253225893289162,0.014377897592002899
9567,0.029625849213560835,0.044945204231576434,0.0400089641302385
9568,0.07348147041219913,0.0738029567224922,0.046516067515371164
9569,0.026840180945792755,0.0320832276019932,0.047743547131955305
9570,0.04717626835571939,0.033685631424485024,0.04785868533049885
9571,0.05931894911909961,0.02789119582643812,0.033326450540414755
9572,0.056075801173305004,0.03048001031842686,0.017825225291944347
9573,0.02617109256431278,0.061841626698274345,0.0252871416813821
9574,0.03673018992054199,0.053403784120282884,0.04358779061925053
9575,0.013314863440076985,0.047044323225103095,0.03526128513467873
9576,0.03055650962104052,0.00438563925084678,0.005162477176669335
9577,0.0352138502767799,0.05532040040611938,0.04138002449527171
9578,0.11904587168298714,0.0,0.0
9579,0.0,0.009916701023280811,0.07635937562657116
9580,0.05113811432091921,0.021882940526300413,0.003758477260825177
9581,0.050611982685135955,0.03532393380133756,0.029506582361001787
9582,0.044189225151081805,0.022948883610137586,0.041493916032594315
9583,0.04132606382706478,0.030271421759203613,0.028959642655104076
9584,0.06281204506108039,0.028573752122529796,0.0003579592545929801
9585,0.09870753486967747,0.0,0.076019465358951
9586,0.036335148601141315,0.08063143687550524,0.06981231649615033
9587,0.07112455088657964,0.034499003333495745,0.05043056128467103
9588,0.017851262490081315,0.050914431680532245,0.02605200864013148
9589,0.05446883597283979,0.05927609015064371,0.033448094249837634
9590,0.04731670093686228,0.058707770835412974,0.03838490216433384
9591,0.020778867726184463,0.010817826286758314,0.017870331046316808
9592,0.04070690021507645,0.03538243741042287,0.031587898602598356
9593,0.0,0.026443842688663666,0.04185150079061298
9594,0.014898083763200521,0.009115396610671678,0.04644907820345632
9595,0.016496293335159857,0.007249807736391459,0.029101761187968964
9596,0.046549126924290585,0.04900375264111229,0.03858923992365264
9597,0.025931127384006866,0.009241083550775232,0.08647250772003479
9598,0.07709415160086999,0.054937817714413674,0.02928506361783796
9599,0.03691653894733828,0.011311763850314219,0.01057438799910026
9600,0.00506941234082673,0.05426854921161206,0.0
9601,0.006536399993020636,0.04801460037826638,0.006400206087289223
9602,0.04470752704649497,0.03955148795547297,0.025095989127314644
9603,0.027261902537714943,0.030189078303863012,0.05412681645012583
9604,0.028248812589801647,0.036404304480798295,0.009978017935168032
9605,0.1501962189968493,0.010035080041976832,0.016549556691881913
9606,0.003982396906431938,0.0323213369613223,0.04740837834232081
9607,0.0,0.03211999931616201,0.023836544425730296
9608,0.019720524291225342,0.03050027913060319,0.032309981272559705
9609,0.05967203983651024,0.0352562407624554,0.05793074017606038
9610,0.027720122806933183,0.019460887487449813,0.03549037322690957
9611,0.03094861524915716,0.026897764420340663,0.039858194250484875
9612,0.010472248117119443,0.044210127389216654,0.0540361747086531
9613,0.03132031076066781,0.04437456133086645,0.02094199554923609
9614,0.02125649109036708,0.047506989743308,0.0460333887721863
9615,0.048052785978724116,0.028368412190541717,0.02042996113120434
9616,0.028525179873324938,0.04647216551031938,0.015968156989227628
9617,0.03889500703142643,0.00408880946649591,0.013874341918441058
9618,0.007357557064229414,0.05382105005998755,0.014691265226826964
9619,0.06674148783095764,0.019511779390860327,0.0
9620,0.0780259743726709,0.014366411698825217,0.03743672744472437
9621,0.04375230695744237,0.02369150339278173,0.05280487639548751
9622,0.04711439801529002,0.0373200057926549,0.017340504811649515
9623,0.038172944443125516,0.0538582361816615,0.03761143549202849
9624,0.02376194238659404,0.0,0.04153249074708104
9625,0.029617197651810857,0.0317967063457746,0.01928331123112148
9626,0.029204792166549146,0.04436540734707103,0.0342234898492017
9627,0.03795502260896683,0.025345574397740045,0.0094155169609096
9628,0.016905592650673134,0.0290406068201676,0.015827231100607807
9629,0.0,0.015793943733352415,0.0
9630,0.015962288714057277,0.02792462731043321,0.04803878554996588
9631,0.03125661259070598,0.03130352421246561,0.03603442493834721
9632,0.04722957312743207,0.016720132797450927,0.018027006958774756
9633,0.06814978516320853,0.050187011940920956,0.027091829139836706
9634,0.06577852103940315,0.047081340270059197,0.04342919162046954
9635,0.019008506154541,0.018205863021219418,0.041459592828315274
9636,0.0,0.06598191641680351,0.06382469140033496
9637,0.05161455008876823,0.04346918960480168,0.027976391536342956
9638,0.042812800720555065,0.04886409718808186,0.008757558290388564
9639,0.05113980070388868,0.025486891956816627,0.013591108425780927
9640,0.01576462676820478,0.024562055537427616,0.033511008070680234
9641,0.0,0.05055858201585878,0.03702829049268341
9642,0.05269210049394943,0.0031056390705749004,0.03622021684375973
9643,0.03778820204553445,0.023699825402669083,0.02001694680210024
9644,0.031340492849501175,0.0075541954492254065,0.034370077838386755
9645,0.04744965004762744,0.01193672605245045,0.068559397922729
9646,0.054320820893644046,0.06789326263800671,0.0
9647,0.011954652489643718,0.01573794086556516,0.06030833767951245
9648,0.03787621826529269,0.02174625398198768,0.0
9649,0.02690551031792907,0.06796508872479587,0.019762973555109822
9650,0.020692828815989207,0.035421818085785074,0.03206820044245371
9651,0.004870318073967493,0.021746031375623396,0.06063141708583378
9652,0.024885768233798566,0.027326232246382042,0.03747992596026505
9653,0.014829167431817662,0.042904519514745165,0.05826453583725155
9654,0.06160345732280382,0.034143959235136155,0.03531827305864762
9655,0.04171007047435368,0.028746172240129646,0.01399776805306191
9656,0.0,0.052731486042398856,0.057825410726044024
9657,0.020763680699636657,0.0006833739775112488,0.03638143737405709
9658,0.031417217898510874,0.06077159463402896,0.06493851551686383
9659,0.05772387156389721,0.06833750513886712,0.015497575193849126
9660,0.04587956936198679,0.021272145510320264,0.0
9661,0.051857848088594845,0.041202419465810804,0.009165732385509481
9662,0.06218130840758782,0.002991920668729914,0.02366213894242131
9663,0.027398558047712566,0.05376166522730238,0.08500361558433168
9664,0.0,0.03332847946010285,0.0495355489603736
9665,0.061468145549841896,0.07036362558071325,0.0
9666,0.012442808173136824,0.08615300691128003,0.0
9667,0.049459265805785725,0.011359594164072446,0.00579557419478811
9668,0.009180565185079828,0.07352005662086601,0.02100689818535517
9669,0.06205557447261905,0.06268088576831139,0.032306990826746325
9670,0.015980185937508024,0.03783189051647164,0.08554236855697311
9671,0.04293762791400603,0.021762674603335027,0.03802513560537343
9672,0.014678418267631157,0.01918102004048,0.03147150080466268
9673,0.04899210794342571,0.0,0.03803652817464064
9674,0.040335242943655564,0.007737908544941469,0.03834156254178813
9675,0.00013363240907931598,0.03254346191958341,0.022895869479406878
9676,0.04247120274475278,0.029118293354673603,0.03778132523011826
9677,0.0404444660109453,0.01576683733563492,0.02342529842913547
9678,0.06467911449302895,0.010571138225676518,0.03339200309375657
9679,0.014663350849113771,0.02619056832520575,0.048691383016766177
9680,0.005782173673959959,0.04274573345345028,0.0370178793026286
9681,0.059056893359716166,0.042655112548503134,0.044082337319292446
9682,0.04971307254226307,0.03259648017523473,0.007776008440491898
9683,0.015467033191181994,0.0030730636521787793,0.03818498376568614
9684,0.007323734299350256,0.0487666023040296,0.043765763096585086
9685,0.01780391203936414,0.013036067065613116,0.0715716316361603
9686,0.07855115063416425,0.044426036149382404,0.0
9687,0.03428302868575033,0.0012800303556496316,0.024700386971384426
9688,0.045815734934824465,0.05658864018361439,0.002789184713284399
9689,0.008603133551338626,0.041718764633077034,0.013745828080431502
9690,0.01745368484849568,0.03852246936724784,0.03371038670078368
9691,0.04715507740395147,0.03820193018303831,0.04160026075223395
9692,0.02970884930334998,0.026394099443296747,0.02305128759549736
9693,0.08219942474828215,0.044567438025602334,0.032230727821578896
9694,0.04825692403590245,0.05478931946476452,0.014911013976817489
9695,0.02654977346067448,0.007585209758893735,0.026345051881518266
9696,0.04433606079401031,0.06437249789017582,0.02600416173544745
9697,0.044568086030518136,0.029887865495019247,0.008001917893403227
9698,0.02701115822360915,0.028115210999357317,0.007242586903269339
9699,0.05301051595485478,0.035195543114075016,0.014110463148671605
9700,0.019983573673421583,0.02862298877745192,0.01687039149440292
9701,0.02634003389734851,0.05575489971514574,0.02729250985643407
9702,0.02758608707616916,0.046842054983015004,0.0049481490397749045
9703,0.05724007421904604,0.027152150267637915,0.029918631867742154
9704,0.04258181868257088,0.03824948094041419,0.030782499308329287
9705,0.03138451462740449,0.043900909268127924,0.04032735732148879
9706,0.06934623807979859,0.02758059992973194,0.04749534800399286
9707,0.0,0.02532559821818404,0.04731904431368911
9708,0.03828865701994997,0.015604438518049261,0.021423729618634466
9709,0.07429553387246599,0.06885814487893764,0.008016100355814779
9710,0.02649618815200494,0.0687223578206124,0.0
9711,0.037629893807921096,0.03855311024698409,0.026419500520255875
9712,0.05527815127948001,0.028549702211962392,0.03400335996131238
9713,0.05314416832984656,0.027664463026460733,0.0
9714,0.02992668750961203,0.043672811811373995,0.016104816529257153
9715,0.06026364228796966,0.005220820571678636,0.0
9716,0.01550031638823196,0.031930079837348226,0.022568010535740795
9717,0.021010646163164316,0.030462847562125812,0.09699962558417928
9718,0.052138945814085985,0.0143997263118518,0.017965244537388146
9719,0.057035388288822764,0.05376815929802897,0.01833194589842061
9720,0.06287975822796014,0.03269528483925102,0.008601943539981123
9721,0.0,0.14378348498621085,0.01239480640065016
9722,0.04440897564606759,0.03889102191726405,0.028891595947295692
9723,0.02013594811564029,0.04555341792300543,0.009074029094172778
9724,0.05253109578192501,0.056110571492042516,0.02189912751616692
9725,0.006690969274443052,0.041510916640913297,0.013827334975293667
9726,0.0161616271107358,0.00623416820465902,0.07183893032182402
9727,0.08001895113253192,0.06205554749906817,0.05024190226514964
9728,0.05192652930324586,0.0711061151173658,0.012534348670890549
9729,0.06604728705086639,0.020018877332515044,0.024614761929047047
9730,0.021275025657002556,0.04953864127670999,0.05245649801523753
9731,0.03821083577993652,0.02502230471817161,0.007719282163284764
9732,0.05382495544410694,0.010717200607055109,0.0414744442968694
9733,0.031187221313251894,0.04432496683037703,0.035957645212188125
9734,0.017770200838409352,0.03530167969709149,0.009083955422625531
9735,0.0675823103535074,0.03207624321836311,0.018351880326526203
9736,0.010071148661475751,0.06750678940897857,0.04154827470021831
9737,0.0450037005285153,0.03126122822370233,0.024261430954725622
9738,0.03743366099478986,0.03728775632398645,0.03447895826531674
9739,0.0,0.038613068633167,0.05257232647598903
9740,0.05053720418204646,0.038210229146165176,0.032226219900627774
9741,0.024947251859438954,0.04201014575173214,0.053622928956845166
9742,0.0530136108667846,0.005607912295712262,0.039709858501390194
9743,0.07443526711391463,0.006808277111680715,0.05864929584872766
9744,0.07299610993126263,0.03966092217855663,0.020341583990686567
9745,0.0774144980422839,0.041259594795186996,0.0
9746,0.006276667669739787,0.055014123617697676,0.0525093899401188
9747,0.04145588079081643,0.06876868295985257,0.02897030984675174
9748,0.035537035178217734,0.04362667329998721,0.03196431437160895
9749,0.039815634430016074,0.02320056251953491,0.04416641850874544
9750,0.07235756978207054,0.0,0.05984379355257353
9751,0.030129125238108057,0.03006473251140346,0.030308836156371477
9752,0.035718239433537434,0.05138130773483601,0.03846237570220898
9753,0.03818864141739543,0.03505773980689937,0.008816743417300705
9754,0.044112561387913675,0.04955654135132788,0.051790422518425104
9755,0.01101153611898223,0.013729039881559777,0.01675222670456908
9756,0.07616513294574695,0.016438084314157185,0.05099046537249786
9757,0.0013101673229037152,0.0014805801475048785,0.0
9758,0.04195251042754838,0.01383722281697184,0.04876708376261612
9759,0.028024708031550064,0.033763506765256905,0.022585684701313002
9760,0.04134051318419601,0.02001264536839183,0.02868952994720868
9761,0.0509795981794171,0.057389536022179645,0.005567026629207679
9762,0.020292412521460596,0.0,0.019235822493426428
9763,0.10018320983041107,0.020440506016642466,0.0
9764,0.04785686017534013,0.045356110294668094,0.034481042931688584
9765,0.027973095289509354,0.053055743491691267,0.05668163556803444
9766,0.037946821960131945,0.027466127699489275,0.03738856021531945
9767,0.015515222933090352,0.0,0.03075813409615892
9768,0.07133950834430515,0.03683974571458322,0.0
9769,0.05365662252684067,0.02312549405102968,0.039074872259956754
9770,0.07537253371581121,0.042576010009954555,0.027705189335107835
9771,0.04027363559578072,0.02881155965408233,0.08246821416338183
9772,0.03746374228532375,0.03891274625861137,0.0
9773,0.04736800636757473,0.031148130398692835,0.06326075876036945
9774,0.02806099927304113,0.03247488139946334,0.03827476722267586
9775,0.0469392746871053,0.026275263311331596,0.04433772257872725
9776,0.14090594549068722,0.0,0.0
9777,0.02393514338897552,0.03337821209263552,0.03228713845901484
9778,0.0,0.059119828199620694,0.02538914330995473
9779,0.0759451514968286,0.0,0.03874998252458309
9780,0.05288357496621191,0.010654067140652543,0.02698002685911309
9781,0.02978798174912933,0.008902366774089504,0.013664209234975402
9782,0.039805565579944954,0.030584004160008702,0.026571431541004314
9783,0.03925093784666367,0.06997198070441389,0.11428669470777732
9784,0.03971630079809665,0.05493745500003956,0.02863838316522798
9785,0.03680781649452137,0.02537663297279484,0.0
9786,0.060128951647537406,0.015756977394963803,0.022819133660751917
9787,0.0,0.09173444844169999,0.03176606774153841
9788,0.022143838530500514,0.031190453620519667,0.04104817986522658
9789,0.047409121304687184,0.04352070582299352,0.017815967925144033
9790,0.015246218103715816,0.011070680230386949,0.01099243315027304
9791,0.048628191860353526,0.09550020042278648,0.0
9792,0.022118642925615828,0.02802049910300559,0.033819396860039826
9793,0.0860852519576932,0.020947612157187295,0.0
9794,0.011211290445417016,0.0215846262086468,0.027026952910028466
9795,0.06747138645180495,0.04949008681521042,0.01477959355325333
9796,0.0603125340083464,0.04513934340667023,0.0
9797,0.028324542672499075,0.046901751959548786,0.0
9798,0.04734208234912664,0.0,0.008652500524980164
9799,0.08470870407825662,0.0909079746804336,0.0
9800,0.0060790261871653956,0.020586046237293234,0.05258424630081471
9801,0.06689003925694391,0.09145990706222734,0.026483192455309924
9802,0.03853983407126881,0.07148273221078853,0.0
9803,0.053566696034306006,0.0555184863446217,0.014457445684651949
9804,0.02276122138429894,0.01073192314805515,0.048827656760655765
9805,0.07335735783748566,0.021702049250188097,0.08185643073212628
9806,0.04202834187786877,0.03510184288519227,0.03203174806250752
9807,0.045202744312170764,0.08051240295281255,0.017150761414074418
9808,0.08805345796379734,0.002867930066847111,0.029830886161531626
9809,0.018750846159597035,0.0019599393467052187,0.03125887302102792
9810,0.011169377292652882,0.03166991148688005,0.037054966313670085
9811,0.06319334756004455,0.07761115871982976,0.01553154410171349
9812,0.07071910804052131,0.04524814392272581,0.027241189822681984
9813,0.02723983749454881,0.031028902740824194,0.024138299581956065
9814,0.03433947131183522,0.015351965612166396,0.07524145643205624
9815,0.04967917385040677,0.05985418479454949,0.014210565319299415
9816,0.040035729277953756,0.023667674350800427,0.025602580906568317
9817,0.02092594398981294,0.037668506456989166,0.05351706883683718
9818,0.007607050146314363,0.06196008731660583,0.010975919742512191
9819,0.0018829318938154843,0.02542557849266275,0.045587947569775245
9820,0.030890878355622358,0.015567999055572317,0.023528013034056928
9821,0.03247606967807404,0.03710694375124203,0.03936892342245766
9822,0.05311891148473735,0.04306557918272889,0.06510262884718883
9823,0.05521130084632264,0.017748869876968585,0.0569030017620541
9824,0.030761186459014742,0.052450076029709546,0.06983466380174304
9825,0.0587544477520377,0.09460064638770155,0.0
9826,0.12962785740397179,0.024449206834365928,0.0
9827,0.01288026580162312,0.04540277468554964,0.04822560884643954
9828,0.039826874023291305,0.05513145200068387,0.004621898681526723
9829,0.039482613993912015,0.012281775079501095,0.016392921167398763
9830,0.0031968779814196685,0.03663625271507436,0.008724873791287585
9831,0.1656061005583062,0.0,0.07528503849372967
9832,0.0018743475874611938,0.03523921534547058,0.026510140463549117
9833,0.018944863003581225,0.03141137608627847,0.04777846265360122
9834,0.014602815130983979,0.04838254469369396,0.02983817443308452
9835,0.045317264765013736,0.09985203263759801,0.0148579069097417
9836,0.04293138081657507,0.03390168606485678,0.05937456141099629
9837,0.07549842090286835,0.04551934241929037,0.0
9838,0.012430606147719158,0.03590832636255209,0.03129613978790133
9839,0.07087031672895681,0.07904492318772174,0.0
9840,0.049916227344679515,0.04058513583703771,0.046474239360956626
9841,0.03715855940077235,0.03925251307820229,0.0056913415348296
9842,0.05730892512332024,0.10444541204094286,0.009137705514443779
9843,0.05600154625828385,0.030459063627654877,0.008943823194696684
9844,0.014533132070382924,0.03846691003512153,0.05158571858158948
9845,0.021290355284649714,0.0406430852354877,0.015174425381780746
9846,0.03956069118258974,0.03058750294667569,0.01985614682536056
9847,0.04997226390807006,0.04996628198134189,0.009146761616648657
9848,0.040612886262355506,0.055453589077166056,0.021978952655876977
9849,0.05058106864520562,0.04414831398084024,0.0
9850,0.05267037810992523,0.029025283742557802,0.04030385722733912
9851,0.06467933017550664,0.020461306413177633,0.062208700199476843
9852,0.01706937419490478,0.04348638826563422,0.02961987454179153
9853,0.0,0.06681422723293405,0.031389189727211324
9854,0.022257040233381115,0.0683401842813524,0.013432405542826306
9855,0.06968288618070625,0.009653718211256676,0.029558342375089076
9856,0.033678888853057885,0.024960349502249426,0.05708817751999926
9857,0.06533569922722571,0.02733264947547807,0.030662167021472297
9858,0.08088094020082248,0.021728178196940482,0.08706868898346248
9859,0.02961463542007684,0.07407114456850385,0.08312472200674115
9860,0.06880089237083192,0.047842367709139764,0.016466996851183944
9861,0.00945390038767592,0.033285993879032146,0.01911775819950104
9862,0.043837716570625976,0.048553787163119755,0.0012446971448286971
9863,0.026032944887184783,0.0,0.028277836472802645
9864,0.06533146702532235,0.04486078613667877,0.006927807765879211
9865,0.03542770887978147,0.025881625904297673,0.013880125817177106
9866,0.032945195366601024,0.017228054513666415,0.028114805603164168
9867,0.025984700261790075,0.012277655401937794,0.03449704294891756
9868,0.0,0.04118248396147972,0.03758841858045378
9869,0.04341496913589793,0.04607877672722595,0.0
9870,0.02748248906703246,0.05466881668715615,0.027706981982361614
9871,0.0431077653278095,0.00043910594325551516,0.025951409705006822
9872,0.04499889226374567,0.027460928247267175,0.045515776483450766
9873,0.04359329086128927,0.04065840542324215,0.04863896732902918
9874,0.01781299983248709,0.028627670680720627,0.0
9875,0.024349473667632553,0.04464825340958306,0.01749328082048198
9876,0.055113044682441825,0.04203336861264526,0.05517455280360689
9877,0.019487019755973,0.05212513562251466,0.02530280071228617
9878,0.005136568969484658,0.04997547726750507,0.029539890012557024
9879,0.049680180963118686,0.041714674814095354,0.06529979063885365
9880,0.08090005444915031,0.049575373046563995,0.015908779931694393
9881,0.014725599711670083,0.04140711441227741,0.020860400131028214
9882,0.07671882941315811,0.032210847319398224,0.010681824434013403
9883,0.055707028292797965,0.04554184909445918,0.05826631025359976
9884,0.022904040336205453,0.008375808142690233,0.05396400303786852
9885,0.05904448706910321,0.016156524992201805,0.026655525311795995
9886,0.029247719503869497,0.03251556765319595,0.03880312399860334
9887,0.0206515133484075,0.0022938566666374505,0.02850940304310426
9888,0.027872504568512826,0.030981098946305168,0.05658419074868679
9889,0.09979185043084726,0.0,0.05814019323140253
9890,0.0333133324320639,0.02551914855271818,0.030947040270308448
9891,0.014345958056377641,0.05266094907871793,0.0011562692836410218
9892,0.04098643500936963,0.012771321925111401,0.022970986072776218
9893,0.05159057076701901,0.03544729452587214,0.047440320900986266
9894,0.06216184728936804,0.01792697386379337,0.026426503609586486
9895,0.03093630067642694,0.05681158531864134,0.021961141172759612
9896,0.11224935570111638,0.0,0.058364141819376575
9897,0.051824890025132124,0.03128225520406115,0.01810548663178391
9898,0.04128252454341782,0.0,0.03790019469379599
9899,0.059704136809727575,0.026081801226696524,0.04596839259974369
9900,0.030835808573804694,0.02635608990917913,0.030547333956784443
9901,0.02653132349035747,0.011135271880845071,0.013251245046962264
9902,0.03652078209532001,0.0,0.010582284544170576
9903,0.0335917397992602,0.013938908893024342,0.01615789931709351
9904,0.03725638871494946,0.009905159868126128,0.029265078235765934
9905,0.059141631089148,0.05888972358858785,0.020383899171178627
9906,0.09476127599620456,0.0605490269563159,0.01840544870631199
9907,0.07412284835846793,0.03617140972531206,0.04341606168809368
9908,0.0209948219311383,0.07626643891836024,0.0
9909,0.033294450874298304,0.14881006534543967,0.11932162259156073
9910,0.045577241275601026,0.031017552784061583,0.03731004827932725
9911,0.025791429636637452,0.01103918847309585,0.040816349068301595
9912,0.024476984492118967,0.033591229453037844,0.018755372444328733
9913,0.0,0.011744486307317956,0.037273005749881634
9914,0.047254523221679036,0.0520407189068978,0.02231853483343897
9915,0.014689997768517307,0.03776923399175824,0.049718308205887796
9916,0.05790322927600611,0.03221892225020909,0.051593485580280485
9917,0.0415600042989688,0.05248418852025791,0.04883968162865928
9918,0.03109462997759244,0.04906490977528504,0.03356204787588835
9919,0.029914989441800533,0.07297498012167435,0.0020803175966683275
9920,0.03770361666382104,0.04541974447589688,0.0407041864747956
9921,0.03334734471264092,0.044228435747198515,0.01102627029349687
9922,0.04487708073213077,0.02878382082372071,0.06508959751777912
9923,0.01124543467777273,0.013664608851694465,0.05210037437657198
9924,0.06346706470635725,0.010768020712169937,0.10330294241041442
9925,0.00701871627877423,0.03157700848923375,0.0645106624671294
9926,0.004343826735997439,0.0378855531481959,0.013537242107834507
9927,0.04574414574755962,0.037518800965905465,0.0415748502477922
9928,0.013995473355953492,0.018783118469429785,0.028768209297401804
9929,0.04744660764946109,0.0,0.05130155259928528
9930,0.017975089169383295,0.05002421755716117,0.06045950075148058
9931,0.012341243472793325,0.03551680072531213,0.015597571645415234
9932,0.03287944340684553,0.0072450057855508315,0.027570077819118122
9933,0.028885779625655486,0.03812408389865791,0.053476835367359976
9934,0.028462389686829282,0.0,0.06118303707976889
9935,0.05261521145786124,0.10425059229359242,0.0
9936,0.06094988596932773,0.020310835581641252,0.018934818601535695
9937,0.026246741658511305,0.026583447123751897,0.03493390785800459
9938,0.07514525798013443,0.0544450778142471,0.007731816102634542
9939,0.04369344957985061,0.03813385300620661,0.03420535089625485
9940,0.0744960430960387,0.0,0.024156303670178104
9941,0.017089474125841227,0.0745435622242085,0.052750987888739234
9942,0.007812437347643711,0.034633611924050504,0.03041560939155287
9943,0.012084553616978258,0.05039092186957259,0.0174856325470779
9944,0.046314293091726216,0.06214480322115306,0.01816222637255398
9945,0.0313383143876787,0.044746316389986544,0.0182163382934861
9946,0.029132541106369345,0.04596519782368543,0.03163335820469495
9947,0.0488524785806057,0.03982176899552737,0.02465446891394656
9948,0.06851850795148336,0.07064872431032171,0.2236186300440578
9949,0.047463976627775996,0.025045453596162514,0.03845415041781129
9950,0.037806364601740666,0.011343812155486133,0.03862298153790408
9951,0.01706602421482481,0.044098356946414646,0.030476223503993028
9952,0.038840300120768,0.018408005653607944,0.010716852615912167
9953,0.01412836797594398,0.03576483443814823,0.036148897949606996
9954,0.0549947127055539,0.02001955556510187,0.0
9955,0.0,0.08810813722685923,0.01923995894929923
9956,0.035470238056448,0.03268859491884847,0.007297006203365231
9957,0.04498827932343327,0.03359444033545848,0.03845662086764889
9958,0.046414259955726005,0.006174091348865633,0.0008481875403876932
9959,0.01028019480293721,0.019976106880566672,0.053803025619873886
9960,0.04820050111931415,0.0512739096235675,0.03011265794281695
9961,0.033339569434820124,0.08345371966436167,0.04740538048197595
9962,0.04116732195311925,0.0872886565605366,0.037928248356379396
9963,0.015163528563586152,0.012877203759276142,0.02391569085680713
9964,0.03798684420461889,0.05736938378033122,0.03847323996160192
9965,0.04380369010745858,0.025004901887697648,0.049640159209189016
9966,0.024084773295514592,0.015467438861186058,0.01507275646283958
9967,0.035588796529719434,0.032050643670163505,0.022391485117863357
9968,0.024824740993954472,0.0520955636962634,0.035765813798384095
9969,0.0462650564131424,0.012985270251631995,0.040046983617530306
9970,0.03751650685169546,0.035078249975694635,0.019996953200204736
9971,0.058789916674228,0.06786611635323009,0.0
9972,0.0442149056853075,0.03504968294131537,0.06836191410930022
9973,0.04060269870690212,0.030755500538790132,0.04129130375437006
9974,0.037146888268855684,0.032090600959179025,0.03056453867848437
9975,0.018734262691270723,0.03574418588890952,0.02878116141072244
9976,0.036155091440490665,0.03569324802519732,0.0022336398739951587
9977,0.05932784914229075,0.046461995137633494,0.057747848120418
9978,0.03574392383646215,0.020833644870162035,0.024621956558218857
9979,0.060421318772785615,0.02162343742778573,0.06365578572534682
9980,0.06222484065351549,0.06465007580030886,0.08115588769937644
9981,0.06638046830327445,0.014211104025597507,0.018487864360894068
9982,0.02836496677505788,0.03973635793737234,0.031239745288186332
9983,0.030897305765237373,0.038724018505666154,0.021131834241360347
9984,0.028236287218441996,0.049552561023215334,0.027164593629930456
9985,0.01869533580679538,0.0,0.033671771971961695
9986,0.02802000921875139,0.0564051624821626,0.03429496445612306
9987,0.05844242607896283,0.03212022397771191,0.03870305880772823
9988,0.04078392893019996,0.025657447460872274,0.06434584539166487
9989,0.04975437500152045,0.0067092416462668225,0.03705542222209172
9990,0.08495403983894798,0.0035976748336117755,0.01625017587091599
9991,0.050261793323988446,0.03361453852516937,0.05654536070799099
9992,0.06016548721126917,0.07742070188463364,0.05727804045030061
9993,0.15684250292568833,0.01321028268937139,0.0
9994,0.12336929496141975,0.0,0.009311155013601182
9995,0.04244198566666608,0.05368406090588349,0.004079240993491852
9996,0.013907532232242163,0.0346532297008238,0.02254037172623345
9997,0.08144862584723103,0.030122813951513432,0.014935626420681771
9998,0.0725700803168004,0.028343713811710136,0.013138685335423905
9999,0.03847897752778053,0.040478335593747576,0.030713283634663986
