Step,AI_Eps_0.05_e0.05,AI_Eps_0.1_e0.1,AI_Eps_0.2_e0.2,AI_Eps_0.3_e0.3,AI_Eps_0.5_e0.5
0,0.0795741708083309,1.1978495336517633e-05,0.03962761429384009,2.9816367069569185e-05,0.040027490537796466
1,0.07940194065709182,1.1897716055153866e-05,0.0800060802281412,1.479507094537109e-05,1.4976228074831555e-05
2,0.07839606801319327,1.1996992809808282e-05,0.0406182667021508,3.0344370166035373e-05,0.040263127034917245
3,0.07823038628325202,1.204713459646152e-05,0.08162472115434839,3.0091845173251636e-05,0.43833085209179745
4,0.08009738635423547,1.1959799470397048e-05,0.08012930581100469,0.6168274499352687,0.4280668272546731
5,0.08003555770188124,1.1936812967506877e-05,0.08165632795079729,0.6241714679184642,0.44069713582716463
6,0.0805577165173698,1.2062673350289559e-05,0.08121521910790498,0.6365369304324757,2.9583796473129154e-05
7,0.08131547784524712,5.957281680076311e-06,0.07930409299218692,0.10037362520315232,5.9643252556642005e-06
8,0.07996930510617521,1.1841742024654251e-05,0.683433529908782,0.3105265609863775,0.30728121446438156
9,0.0804163769491768,5.941197379600148e-06,0.4351542649129947,0.7087479900134617,6.172135281141274e-06
10,0.07982875140163274,6.027832648110435e-06,0.420404576188174,6.019416196504213e-06,0.4422527488440797
11,0.0807920806640139,1.214177080685263e-05,0.42213817838400086,0.09056167730365847,0.4320394781011767
12,0.08016502799951349,2.9849061789903067e-05,0.42330700942994337,1.2172607147075264e-05,0.43828679540854376
13,0.0800669185111116,3.0133530532787262e-05,0.24306361678039923,0.2416887046002513,0.4832040257350685
14,0.07994531343601662,2.9883972341713966e-05,0.5817195687378055,1.2040390649263909e-05,0.5891195476642
15,0.0819368070965269,2.985125547873453e-05,0.5469932821589543,0.8978911268536198,1.2011966279115037e-05
16,0.07953727880333955,3.0285242303654916e-05,0.2445327237623495,0.7081040071564698,0.24642159746599337
17,0.07966368439326947,3.0232156644109628e-05,0.08931980895300369,0.6388826921744143,0.4406164783640884
18,0.07947676045090141,3.0138704453050436e-05,0.42335829143743287,0.6259781463294338,0.42937524261244375
19,0.0802748833373094,2.9512874764230285e-05,0.4241373441916169,0.6294234224383862,0.43752804631160297
20,0.07938790269904746,3.001412086064604e-05,0.4847030199544478,0.7154122623164086,0.4812511369428541
21,0.08119795454748517,3.0150594402944167e-05,0.5834159595158247,0.8665813058222863,0.07942960536930488
22,0.07972929868605619,2.9559517015392496e-05,0.5460158361495409,0.8956618973754683,0.6121698346374539
23,0.07978180465445903,2.972952646811531e-05,0.43857884934474206,0.7040742714973989,0.49039772421659145
24,0.07947559631432997,2.967570493583776e-05,0.4209787107995752,0.6386523469671882,0.4404221439748456
25,0.0796768445897244,2.972448458780292e-05,0.417581661027536,0.6266079213890509,0.4322693691743342
26,0.07979767601725557,0.2173177307886185,0.41697315205752084,0.6290983272089797,0.21822146458699163
27,0.07769524769756173,0.23995379489425755,0.48323620273315193,0.7163659641986772,0.23938879069358254
28,0.07985240469512157,0.5950144672055467,0.5774161166038881,0.8759735293525848,0.09081306804719985
29,0.039752444261427475,0.620077946990681,0.03950904496247134,0.8967720203421474,0.09025020369787928
30,0.04018138483374475,0.03924979969187564,0.4395847947375753,0.7043808220010489,0.48490707318008036
31,0.0809010331542297,0.21959052922551048,0.4207195962311976,0.09913143015097632,0.21860638146238795
32,0.0395922567147103,0.21586212020472842,0.4168310583708537,0.04050242655827006,0.21711390311274983
33,0.08017665147374704,0.21716879711933645,0.427431827278088,0.629306083112038,0.21881802330296587
34,0.07948372227336097,0.24227391191209277,0.4855513619271565,0.23955029767851288,3.0007569743966214e-05
35,0.08042290683466025,0.5841986376243382,0.583148819783971,0.867661773229173,0.09965036626493644
36,0.07979251987132571,0.3092935862363751,0.5433317101966444,0.9007548090871537,0.3069802152135177
37,0.08215141169129923,0.4854523897943939,0.09034877642564428,0.7047740705343175,0.43695581423497437
38,0.04005545199193147,0.44078986884821336,0.4164622652352162,0.03985830716253609,2.9773160630142577e-05
39,0.08124827251256081,0.4334184315271657,0.20803807160491494,0.6209241768198984,0.2086544303277597
40,0.08038849825324541,0.21698090718469712,0.42496268515985614,0.6272608942983664,0.2180966956569861
41,0.07937692382858799,0.09933992345230107,0.48107637925677227,0.08893440579111397,0.4811672984079913
42,0.07881367439652545,0.08006740349858439,0.577935180732739,0.8709840532262415,0.5798012994267747
43,0.07938216148921691,0.6191281166978885,0.5455664762440965,0.8954708548664189,0.09972357155274315
44,0.07854415087848833,0.4893108289946424,0.21900390527809668,0.7048041583083703,0.21726303398973393
45,0.08022127567860964,0.44084409757956555,0.4167373757134964,0.6384404932301065,0.10065595579506756
46,0.08155010230902417,0.2183370699408074,0.4139001954439142,0.6225592681733009,0.2163494712525448
47,0.07777424776970249,0.21858616454263474,0.41924041838595044,0.6266505906119152,0.2215091969483311
48,0.07938045513431971,0.23938514694413607,0.24238125487280618,0.23960124357216236,0.24209740224166512
49,0.0777112262211293,0.09948778545549651,0.5838756505348657,0.8701766666195907,0.5912749970595776
50,0.07909531531268293,0.0979864957825767,0.5504818515732185,0.0896716730785583,0.6207986298791027
51,0.07954624252028222,0.24122926283134855,0.4321398620156586,0.7046247373761845,0.24396213592338314
52,0.07924344204346458,0.10129972255745158,0.4173426871936342,0.6378140198435992,0.43739180465330285
53,0.21602847100748374,0.21759528675241924,0.414721352103119,0.6207036252971381,2.947713807704634e-05
54,0.1464023504822824,0.14699426131465512,0.4240187767921344,0.09030067435314947,0.14535906953257757
55,0.1583755552962644,0.15935156113537016,0.10073051638240847,0.7146056673452499,0.16064069062739675
56,0.1936013607083025,0.19584737774544958,0.5751698685735577,0.8702344600723005,0.1951594843011376
57,0.3113208143518343,0.30877204197622277,0.5448242284208822,0.9043292714396781,1.2080184482100433e-05
58,0.12204145757362177,0.12183306490109161,0.43561603944879285,0.12201855711869951,0.1217709377440255
59,0.21891684000904035,1.2298569347721256e-05,0.4187898450903342,0.6406633190960513,0.21897306339413583
60,0.14407055397667368,0.1438092175670301,0.421178445730145,0.626515464433505,0.1449731050563903
61,0.14585077111266845,0.1457140874778563,0.42268013037459407,1.2420811313941408e-05,0.1461275279025817
62,0.16114800212507963,0.159897174485708,0.07727805023526524,0.7157822416032877,0.1576950394691279
63,0.2929699807099037,0.2954371259135502,0.5817214720747117,0.8698617040266124,0.08002246653085827
64,0.20583863976355488,0.20790598914804861,0.5427453672038998,0.9058461779600976,0.20682059654200624
65,0.16264238993335398,0.16215498026436603,0.43507657635790215,0.7046930106484733,0.16218121673193184
66,0.1454178094209524,0.14645219227099796,0.4196613832900829,0.6377492273777545,0.14640195271462933
67,0.1447619320993701,0.14448972297428517,0.4195201270662872,0.6251650046482667,0.14339915836229797
68,0.14747754214226974,0.14536720717147864,0.4256581792761824,0.62721981157038,0.1457262332812595
69,0.15942785052486352,0.16101714479648313,0.4857894693391391,0.7092118207573268,0.16143589462982103
70,0.19274347449332888,0.19600352031758814,0.5802605834024095,0.8713920567325921,0.19582613092761966
71,0.20611041213094983,0.2088129678321766,0.08049878726041605,0.10035296932540666,0.20704045093873394
72,0.16301881774041838,0.16289606694333605,0.43982701778826006,0.7069916252711234,0.16423133253952613
73,0.21767516319951308,0.2208873665353096,0.41837495841111233,0.6448519506129747,0.07933505806808064
74,0.21727264030997903,0.21612275023706168,2.9829258040437686e-05,0.6234060397548934,1.2300761615250051e-05
75,0.1458754680969104,0.14712147753375876,0.4210428623188844,0.6298444957375987,0.14556922276889864
76,0.15833320820909952,0.1602287750939625,2.9701080508121727e-05,0.1607829118094836,0.08185418676314488
77,0.19644892332366515,0.1978707784653226,0.5733112502062597,0.8713679404179641,0.1956687189803208
78,0.308869998938339,0.3118208048598197,0.5470437536685432,0.9016033313970439,0.10080765078388751
79,0.24457123240976641,0.24428735153324316,0.44337681457532147,0.7044724112271992,0.09901757706678954
80,0.21840693918880585,0.21864038088470353,1.2237508906757043e-05,0.6412934663424722,0.07988675993634442
81,0.21696070859097719,0.21593655336638468,0.20832502054005236,2.9804547790747646e-05,0.2081927338014452
82,0.14635058430233475,0.1467863628793947,0.4243752333648159,0.08058558475396461,0.14740274307223125
83,0.10139810935857138,0.480205261841602,0.48038979023204587,0.04541949480439998,0.04517732922330289
84,0.19418162036708977,0.19568887286779194,0.5791048232925952,0.8713832883151953,0.19604184574629616
85,0.2068793151972077,0.20865443751870758,0.5452578541193187,0.9102099054891762,0.20578187163021802
86,0.1619133399052334,0.16207191565789145,0.4377406352409956,2.9672624507831458e-05,0.16236442265038947
87,0.14566215071460245,0.14717282731675135,0.08950094347038731,0.6381348153573265,0.14500913825704734
88,0.14297775117469433,0.14422413215437946,0.4179512170006655,0.6204493036382639,0.14473025837036466
89,0.14571768572533939,0.14532106248026744,0.31186284119016267,0.31413232450216755,0.14572556356568367
90,0.24089742021932825,0.23977822970374443,0.4776140174504112,0.7163664777265341,0.08098249480527027
91,0.19481346994055704,0.19548553808989885,0.574819991107104,0.8750464055846491,0.19598793954124727
92,0.3097198680496501,0.31014741870232787,0.5425515834694207,0.8996872130268821,0.08147207170564814
93,0.2448382450717737,0.24262577928845327,0.4333889858033383,0.7041488386066567,0.08143151556397137
94,0.1471211012526637,0.14484885868626987,0.42107567318110706,0.636068844460913,0.14770797334961866
95,0.14579366678239805,0.1447833124632233,0.4166923048099202,0.6279411728194046,0.14402308589713395
96,0.1459477819656757,0.14794265504345316,0.4234632791443858,0.6299375555221541,0.1463822202975417
97,0.16002372715624189,0.16000234615961664,0.4831150608631998,0.715507661273456,0.1588028629098863
98,0.2942877352710532,0.29206855626645634,0.28545322344079194,0.8662414146467583,0.2928338000334409
99,0.31150491193763047,0.309424190684639,0.5431345220810813,0.9034090290621813,2.9067530681839243e-05
100,0.1624392882455351,0.16255312447238782,0.43786001264366914,0.08021195304455099,0.16373872332843528
101,0.21834089968475676,0.07911253468269389,0.41826358204436415,0.638183308042777,0.21745701808284412
102,0.2164799238754879,0.21516812146350614,0.4211013669970589,0.6247682362691224,2.969388246491432e-05
103,0.2195599407209456,0.10092473171534026,0.42316035359815035,0.6303588469329499,0.21892503406398875
104,0.16062484714861355,0.15883624761595794,0.4889758857628039,0.7153194884523641,0.16064350896151713
105,0.5851416237789365,2.961337819564995e-05,0.5798834472150965,0.875174602072351,1.2629245252788205e-05
106,0.20699267178137581,0.2050375857330674,0.5448554939164391,0.895428733808472,0.20409228314936864
107,0.1632733803452907,0.16347894784289005,0.07962591936029378,0.7124069019261557,0.16249372315139712
108,0.14621325446108882,0.14533714015650054,0.4170781647518108,0.6348687551013139,0.14489140507736803
109,0.2150199637980843,0.21742040384008876,0.4204695135328747,1.2559293511113285e-05,0.0805447068144492
110,0.1444457764157449,0.1453692251155036,0.42069569072294555,0.6211644423687089,0.1457674491228792
111,0.16021432387622464,0.16140447269957495,0.48817871210867136,0.716415563853885,0.15907364864647025
112,0.29153733771696916,2.9980592013332577e-05,0.2876561834157995,0.29410763088994785,0.2920005952860301
113,0.30880451755564253,0.31039359710750136,0.557602580521755,0.44758518340577386,0.4488903064864727
114,0.21738949263944096,0.48953209911367906,0.21830158616336487,0.3516455375212079,0.3520897513166248
115,0.20962382929633033,0.09939361574176887,0.20952575458780798,0.323715250143538,0.31624070388395753
116,0.20969616047280998,0.43087989756607387,0.21017140395658684,0.621104735145915,3.0038861018113235e-05
117,0.4246380081744883,0.44027714451922584,0.3150408620547283,0.3140114220916685,0.10046266785903867
118,0.15887486106082488,0.4830913879618732,0.1616698247601199,0.714820756061299,0.16226458882238057
119,0.584710139640205,0.5887992487741962,0.07950628974172079,0.4387685880129116,0.4382768527341161
120,0.27020033729492116,0.30711490630951555,0.2697936746302214,0.311249590047996,2.9516977134069428e-05
121,0.2179365997646835,0.48629529002025457,0.21932225215552936,0.5827270673398832,1.2628354334190878e-05
122,0.20731225145823196,0.08056877621621232,0.21000768270577583,2.979176012162253e-05,0.10060323144027772
123,0.41842048773880874,0.4366396941072202,0.08823661402838598,0.6320073286586615,0.07970822088959753
124,0.42330937926380224,0.4408176048689856,0.3142203442554723,0.3126109998686984,1.2770368653167156e-05
125,0.16269563378405358,0.48270690567276636,0.1603468915879809,0.16165907525518644,0.7149182253220367
126,0.5791536047676528,0.29548049268353765,2.9794576458878597e-05,0.8724648851729863,0.29276497912100036
127,0.27279843438325185,0.3102950343237049,0.2712094133059777,0.8997600237421033,0.3101733423946169
128,0.14570951052448403,0.4888539911326593,0.14521791640645718,0.7057839323321818,0.14555404339037184
129,0.20927852231609723,0.4381538706230461,0.20864195872880428,0.31914291813676576,0.3200780249903101
130,0.2083849643077882,0.43508461776080787,0.2118475679279896,0.07993853503618727,0.6243320070548052
131,0.21140755784397416,0.4342569813658101,0.21374806086454926,0.6256074777746067,0.1027327311571816
132,0.16131250308883738,0.4790372393820316,0.16173182319618692,0.718757491714353,0.16176381693269484
133,0.5796048005299127,0.2913769590860572,0.29698433720092055,0.4391165868965718,0.4351160314414522
134,0.2735456569591551,0.2058638293056337,0.2729733430676051,0.20639278775213135,0.20642437796837254
135,0.14484031830832936,0.48956932487486804,0.14604075860334123,0.7010476269443138,0.14540092857326348
136,0.20693368025866946,0.43754379514903186,0.21102501055107306,0.3207102280287422,0.3177215684690903
137,0.20847861555034652,0.42957314739700486,0.2098709881195554,0.3103455506573136,0.3139826413581153
138,0.14045344918475172,0.4393442763755259,0.1412057038481085,0.6221073484716992,0.14075556549985868
139,0.24251177958113637,0.4801272713496449,0.2426873177252947,0.7129123805471785,0.07879216313826651
140,0.2902667923632311,0.5906334242536496,0.28960497333010676,0.8686331486087641,2.927420418900831e-05
141,0.2713790989657607,0.6194880715860716,0.273609404732994,0.8985735479173765,0.08839551265561249
142,0.22117394757734438,2.935845874530368e-05,0.21911286022661602,0.2876723126680011,0.2864152782368985
143,0.21070817283872156,0.4406750780623959,0.20974192086865925,0.09859707899250564,0.07987294173361789
144,0.21051166668391966,0.21716019341914244,0.20895883014401603,0.2158256081914536,0.10035680127755676
145,0.21056298329230605,0.44019937858638136,0.21090325563603243,0.6312410943906798,2.9840282009029917e-05
146,0.47999139940144087,0.4803097542139332,0.07962778344662748,0.3565813554409974,0.3569999732477799
147,2.944212523489423e-05,0.5881463379363526,0.579514200728572,0.4362533843144074,0.4357712792935774
148,0.13573190396584617,0.6230469908693467,0.13601827057440918,0.1376848882655223,0.1387001252713405
149,0.14520985284514876,0.4936620961992935,0.14330812046496064,0.14521886717700583,0.08017161393388245
150,0.21223648440789813,0.4384183796117599,0.21125317158880708,0.6365373000917104,1.2811171205129499e-05
151,0.2088225161158546,0.2144292858091618,0.21019875968333313,0.6234996219838894,0.21632102153344138
152,0.2109849771437199,0.21756621057748884,0.2115827067449959,0.21990962499641548,0.09839623151064812
153,0.15977479395034858,0.23974228459702046,0.1608673190619814,0.24090332700154996,0.16059735305752354
154,0.2918516154357484,0.5868365074641868,0.28999288400730006,0.5411048460095428,0.5353317185860037
155,0.27429151456319656,0.6225857671268102,0.27038104229561083,0.9017738725519345,0.0917900653524686
156,0.21871665384414102,0.4861144969252595,0.2176007285441631,0.35294748325193,0.3551248048234013
157,0.21073571459437523,0.43720195479795687,0.2111060788388865,0.32194273794188805,0.32026775805613406
158,0.20961473451242027,0.43676791512807195,0.2073617434916149,0.6184382417939899,0.08944787939407293
159,0.2120692389972812,0.4356763213553055,0.21185195190621248,0.31268953937751087,0.3156737135574726
160,0.48387693194477455,0.478638859044102,0.08943211157400881,1.2680428359439978e-05,0.0808474263366507
161,0.29105581476166137,0.5857720353744973,0.2927009284844162,0.4380659365064885,0.4344614502725204
162,0.2733591439747125,0.6204256246050345,0.27461617496052143,0.07992115398267441,0.8936830542944094
163,0.14470829604436392,0.4880874591958885,0.14593475937449296,0.09891900850209874,0.14362090197352265
164,0.14092327835006518,0.4401197044990882,0.13946334843944955,0.10007793715488132,0.13928451961090488
165,0.4202739581257293,0.4303493927361288,0.20918057418238686,0.20836562133169276,0.2081821434221266
166,0.21235540464659672,0.43745411610697177,0.2108679903205492,0.3145191791816891,0.3147050662468532
167,0.24154444643362483,0.0782996185066184,0.24089722555988616,0.7172665200994447,0.09987449938876167
168,0.57866092633687,0.29446136029389536,0.09966455879458748,0.29449536971647705,0.8739930853287564
169,0.27061848009666145,0.6170412811397048,0.2706326202449713,0.8966907712342318,0.07825259136431618
170,0.21494163747784376,0.49355274054333104,0.2186150994773998,0.7050483419060684,0.07851766508308754
171,0.21143328325407024,0.4366083537629877,0.21098393617635558,0.6358328434182225,1.271758315457761e-05
172,0.2092384817845423,0.4325149246528283,0.20826131879821844,0.09093092549751577,0.6327013247577297
173,0.2135395068841363,0.4344200618918157,0.20947687093558282,1.2840599100870007e-05,0.08108363481304372
174,0.4824670296165909,0.483367300293055,0.08892790992940258,2.9251409777157744e-05,0.10019816161225119
175,0.19449954279045675,0.5848397734147283,0.19294242750788537,0.19356099492129966,0.8781354519498693
176,0.27175392031261214,0.6283412177612322,0.2711902644239466,0.44926210210307355,0.4499599217797108
177,0.2184488972263059,0.48917121591394674,0.21889079873921488,0.3517820449341736,0.3550187282759878
178,0.20927631328457788,0.43737230564574203,0.20996528685028384,0.6371218072816343,0.08878702724862526
179,0.21119506491898565,0.4326315995560821,0.20732146289323355,0.6220508696958666,0.07985041289572131
180,0.21268032586923516,0.43654259186052935,0.21051509646028183,0.3138881848922299,0.3163318352488997
181,0.4878780391701611,0.4782209644884326,0.0904991841328612,0.3571228968342932,0.3573391755589673
182,0.2921960489949274,0.5820534020200695,0.2892183148388941,0.4413447527650488,0.4355171410456618
183,0.27200224312916654,0.619571256738665,0.2748948191284111,0.7343506489151989,0.1013747121031837
184,0.21969619257417441,0.4848698952600322,0.21914924649750347,0.35362426582568063,0.35068722503098215
185,0.2108071641958458,0.4374583997196382,0.2108130152052234,0.3178801932828408,0.3196898732737165
186,0.14087716674865228,0.4267715550845758,0.1390274213558646,0.6220069605470937,0.14084497895935433
187,0.21288958116077683,0.4340292337788249,0.21081264596844917,0.31434578689821835,0.31368525142447384
188,0.16218894340926396,0.48540915032191706,0.15963783469928022,0.7193046881374147,0.1619281305448745
189,0.5788102454739142,0.5923923235085421,0.09993712912660009,0.4348211916870779,0.4355432330273604
190,0.2735124814340509,0.6275776014358901,0.2707851007934236,0.4483754927410816,0.45392245502571305
191,0.14480264323943068,0.48865872262166754,0.14480443435423387,0.7062944760974696,0.14490397342344988
192,0.20863989851563652,0.07982996174643923,0.21024900565948207,0.32210870684106363,0.31850311301080886
193,0.1380102265992775,0.07874954951820452,0.1384040181314487,0.13850413074657922,1.3127534884726e-05
194,0.21046837861024925,0.43743285487759415,0.2084376772404427,0.3113162653914688,0.3134248182002459
195,0.2421330175132013,0.2395820324477374,0.24101695249570046,0.07953252309438409,0.23820613310670471
196,0.28726772494969066,0.5914842886340334,0.28836381614995443,0.4403123396303823,0.43587451234596974
197,0.27334744703503255,0.6236386969942892,0.2719303995713832,0.44998456987708907,0.45329075589552603
198,0.21816338769622132,0.4897733451453866,0.2169924073600162,0.3556101802349866,0.3541184716059549
199,0.41840751524564523,0.4419884999079049,0.09016651809357942,0.10025400129648303,0.07938940280489967
200,0.20875554610975888,1.2862586276091681e-05,0.2109463407951157,0.3131513920129537,0.31086091451045117
201,0.21286699454331856,0.438483864306697,0.21010113131835464,1.2796298083125732e-05,0.09023961406792096
202,0.24096013385868698,0.4805210362946615,0.2435486081683367,0.7191723784973786,0.07897099476411329
203,0.2877777487610012,0.5893116539529897,0.287748030484841,0.43914066052387746,0.43652084265840924
204,0.5465819802785776,0.30712858334444015,0.3122384965000477,0.089512838976777,2.9029286435592018e-05
205,0.4371495586504013,0.577235698564425,0.07964290834096122,0.3529895711672311,0.35316849878831635
206,0.20917385880078837,0.4351563421244534,0.2101346411113344,0.6413659818564418,0.09029669381616105
207,0.2097933312231941,0.4303955449217534,0.2086396267747413,0.31461373138023424,0.3137547165709452
208,0.2131220464173548,0.43906923272718734,0.21130579912268235,0.6259458160754992,2.9062312043291784e-05
209,0.1613046415227002,0.4768861197312051,0.16089075067729325,0.7156547969656456,0.16079093318526794
210,0.28713381892217393,0.5871567168743085,0.28895727699972484,1.3070836984012055e-05,0.8713415219458477
211,0.18124562848508163,0.6231599612688075,0.18215285092489483,0.9062170985295381,0.18211551934189305
212,0.07994753988117034,0.4878008337731668,0.43752591790775014,0.35432833418188303,0.3554673784494001
213,0.21051045266432053,0.21928064939173514,0.21074032427317121,0.22069850201843688,1.3094357292448017e-05
214,0.20992016111348963,0.42921482608880196,0.20836351371590164,0.3102515529955113,0.3145518448801281
215,0.21107935488715454,0.4419435677461039,0.2113865051750885,0.6237335171672848,0.09025389143665903
216,0.23916136777506264,0.6250516462214204,0.2405521079198199,0.3570282114259715,0.35604611127391905
217,0.29101061500956266,0.5883973738538406,0.2912459494156678,0.08953130630642618,0.8686490601859663
218,0.2739087775344918,0.6210105882914456,0.27257672049718856,0.9006399373290007,0.07882323061134332
219,0.22023145614215928,0.3510609621239814,0.2155053094610161,0.5882239843308358,0.08038710362017232
220,0.1410293437132127,0.14012947853935262,0.09000473153184063,0.63768912226592,0.14012516712888862
221,0.20792234341720925,0.4334410619551197,0.20846865343840457,1.3209964834739127e-05,0.6265935252981338
222,0.039362680470480936,0.43496379323066103,0.4237043521342843,0.040412705498136976,0.6286637127773321
223,0.24190888235338384,0.4813215620351085,0.24183974880669454,0.3576081615646201,0.3576447708387295
224,0.28876743860148957,0.5873032885311963,0.28900497658143964,0.43626802074871607,0.44076675409595684
225,0.2740955467764547,0.6218379574463647,0.2718985291847162,0.09920214455734208,0.8985070840793243
226,2.9279841276642e-05,0.4849844999815022,0.43391455083068303,0.3519300984576156,0.35415436874131756
227,0.4170313877702898,0.4345302332282464,0.0897404260726027,0.07984052659403883,0.10049417663409688
228,0.20821035981518748,0.43406447200025416,0.21083715283880824,0.3099405437514278,0.31386958653192465
229,0.2117426416492238,0.4375863664041024,0.2096176290001508,0.6259944819302342,2.9271753826726774e-05
230,0.2423967593577162,0.47700154911043186,0.24225243155849377,0.35680990972014875,0.3549027949198877
231,0.19456065950505239,0.5857727835624329,0.1938592124652472,0.863887062415779,0.19039050051252362
232,0.2704676529134948,0.6215083208068751,0.271644764365496,0.09888626158193738,0.9037897061737655
233,0.21882793219565194,0.49267170020837814,0.2180933082347536,0.09972061950663717,0.7061281496039387
234,0.21045558284572136,0.43924007194685566,0.21063374046488761,0.31935432541434133,0.31854960068743104
235,0.20956395764075983,0.4356134988838613,0.20862274962410343,0.626051577066571,0.08858019044704527
236,0.20847220053737617,0.43827572396142006,0.20920668002193807,0.31317343070835724,0.3129816060277191
237,0.24127541333106575,2.9026412953670028e-05,0.24349656523242075,0.48080681983007084,0.09093028477991077
238,0.2898370305250227,0.5829794891332989,0.29018384252935675,0.43341905630907523,0.43895161651565007
239,0.2721618107119711,0.6245910847209367,0.273242050086044,0.4524572537838702,0.4505431278964285
240,0.0906291968290401,0.48956619313523747,0.10063020658765644,0.7054176446628714,0.081887990105908
241,0.20970171767518642,0.040523727774244116,0.2084219229924977,0.6392567595085239,0.0403500853972118
242,0.20977209451384085,0.4338908311741353,0.20881300253943405,0.3113026139163865,0.3121909846714903
243,0.21083476411440102,0.09998134275020307,0.21082674156325948,0.6273818808958791,0.08856601532028206
244,0.24243928403690312,0.08014469597109901,0.24187270474102604,0.7182394163383434,0.09973479649302984
245,0.19205563399681144,0.5879139281512323,0.19421200905750988,0.8750703668455468,0.1946115717618199
246,0.2747938385648148,0.7239915708619449,0.2711698666349759,0.9007599287882296,0.07929373571576938
247,0.4366858757908604,0.24208521558862223,0.2432826919120606,0.0992077827005808,0.7012626661963861
248,0.21152351587793866,0.43921722234205013,0.21144024243412393,0.079196511410524,0.6417200766714606
249,0.20792058256333518,0.4308021604395909,0.209845627443717,0.31182327311998514,0.31001840103448897
250,0.21051241498642126,0.43493340062222424,0.20941232996201484,0.631895254733546,0.10137313746297427
251,0.2437293605628381,0.4789791900732248,0.2409563293545224,0.3548378190765816,0.3556446248059335
252,0.5802631840625027,0.5826514794687674,6.665560796006906e-06,6.67377617520241e-06,0.867946446167353
253,0.27513237694934695,0.6191475258243972,0.27441473699298,1.3550096073198504e-05,0.903140054498602
254,0.14503093330160402,0.4867722761969636,0.14772512745867164,0.7037018618534435,0.14504595310470358
255,0.21248106763728722,0.44006101764722627,0.21066369030666926,0.3192272998508334,0.32033608348341325
256,0.20837390260986413,0.42997261036446316,0.2105161208889963,0.6209095218571219,2.8820306032622084e-05
257,0.20826638629775968,0.43644753838919187,0.21034289671519182,0.10013930037060255,0.631660050507641
258,0.24393648781158797,0.4842093486426345,0.2417811783893476,0.7159788976149355,0.05280284540952488
259,0.2880278846518446,0.5838409046284926,0.2893305685375967,0.09983416266731783,0.8796366023043067
260,0.2699914877327752,0.29948625492298564,0.2729297007501121,0.29853869651091497,0.2995686828124879
261,0.2187003823162175,0.4924383758455297,0.21796311572042273,0.3542287730509863,0.352095494698791
262,0.208874206206677,0.08027337426577412,0.2088728852139003,0.3186031447875209,0.3182948805237578
263,0.21417590713323473,0.2164431275506734,0.4153888666273745,0.3141988153088784,0.31270284715669544
264,0.1417564612768206,0.43635304010179765,0.1405872880327544,0.6273397458623485,0.14095376729863493
265,0.243364834350643,0.47724654004360567,0.24179774446912122,0.05299260421259468,0.7141947628602651
266,0.2919663615055709,0.5878637911669222,0.2906675034424734,1.3402291709574852e-05,0.875644873269832
267,0.27196701946041935,0.6212659082399004,0.2721492247283801,2.89560137223925e-05,0.9069195172526556
268,0.4363876270937075,0.4903428250175893,0.05310254971716935,0.7085238847732427,0.08082273095834382
269,0.41878419171453646,0.4411961360441251,0.10068789984798088,0.31742736595031995,0.32077469103941114
270,0.20931553321235175,0.4307390663828521,0.20674639789681798,0.3127364698609312,0.314225378054675
271,0.4223414242413096,0.4388065345608503,0.0794259012451618,0.3149888652004181,0.31450125591691663
272,0.24248833359786232,0.47794756562690555,0.24298717483485416,0.359365436142666,0.3570383100707364
273,0.5850400625338442,0.5886890393961861,0.08001744899451046,0.05266862649334032,0.8783477748100573
274,0.2759455925211687,0.6198767863516772,0.27495890563421077,0.9083475531810109,2.9309882676675932e-05
275,0.21658369915069609,0.4926499665527531,0.21922405536791154,0.35373868523869884,0.35728337336778215
276,0.20927713060732506,0.4357803717480065,0.21007945803695585,1.3324815835235876e-05,0.4916023438670561
277,0.4196693733212699,0.43477645923749636,0.20946781783245405,0.20986662212219717,0.20624386471011036
278,0.13983235342075698,0.43779239117533353,0.14167340948705076,0.14113125181431052,0.6224693658995191
279,0.10126389163631032,0.4783371875967425,0.4842471354449834,0.7100959431308379,1.3464196331423573e-05
280,0.19258288378050162,0.5769965356142782,0.1940514670849914,0.8707518305751517,0.19367628394844558
281,0.27455309189413746,0.6197773789006104,0.2722035251118489,0.4493478031890426,0.4499473277994288
282,0.21943229173172363,0.48559493968261835,0.21969960123382057,0.7072470856881518,0.0787510101405285
283,0.41978065522482394,0.43913527128936325,0.07969773536068192,2.9507357223231173e-05,0.6396926015676447
284,0.21035816675497737,0.2155253398525909,0.20999015370571975,0.21603951273444638,0.6224181130501768
285,0.20980984337530764,0.4395735550017806,0.2123997086029061,1.3402615386963441e-05,2.9202288131689097e-05
286,0.16187300643631117,0.15979888929298913,0.16233271828598164,0.3603685239613724,0.3591985154808865
287,0.29236541289017226,0.5844894804452438,0.291265628736263,0.4376162711337007,0.4376398361332832
288,0.2721972702125983,0.621369610186291,0.27426459696752065,0.45187615102984113,0.44738985446517265
289,0.21930612919944478,0.49158240494508004,0.218983446752996,0.7102887961496718,1.3521236115832312e-05
290,0.20822937251059093,0.43916276270949095,0.21080856574927284,2.9354176346632467e-05,0.6385096178052873
291,0.20771576431445685,0.43235170863042316,0.20751150309896335,0.3114139398899602,0.30917731955351013
292,0.20981257551601226,0.43732498531812847,0.21149484262395532,0.6277107648546667,0.0523573853999839
293,0.4855384251715228,0.05337001267389277,0.2383595066291328,0.09912118364458927,0.23914886842129965
294,0.5737481684496851,0.5885902285501348,0.10010132899252722,0.4367389815730151,0.4355131251419305
295,0.27445726472372944,0.05292016448385256,0.27161623717409916,0.912281007649528,1.3581367862210116e-05
296,0.07915420554807955,0.4832157272511617,6.642258978981062e-06,0.7082567718798315,6.752236051032089e-06
297,0.4166585421226292,0.21948188833431428,0.2208536385908818,0.6371946098887744,0.052085994179008166
298,0.20771088326771575,0.4288761049120082,0.20849050406835887,0.6254232864860899,1.3524233363780392e-05
299,0.21186358831143254,0.6763802200724754,0.2110232749049543,0.052049342652923394,0.9345836771355204
300,2.8852334102932245e-05,0.6191947676101812,0.48392760894848974,0.35797717769355103,0.3573207024543407
301,0.19191381871875804,0.1940215220941145,0.19111956628997073,0.867094609327462,0.10064256630865921
302,0.2719189964992918,0.42658907419004566,0.2726525509971341,0.10003553686976764,0.7136186600354693
303,0.1464210304544611,0.2438752100764581,0.14410583137296612,0.14527395567508103,0.24375941603167944
304,0.20885527928055594,0.4389291962473563,0.209734997906419,0.3166472817776002,0.31951277305449083
305,0.2132762860302185,0.4360012520720362,0.2106739549083244,0.6231833528533529,1.3794511591121995e-05
306,0.21229908837067232,0.08097010890273404,0.2136661061440915,0.3113302508448892,0.313297867539652
307,0.48875568784388246,0.4789372419236808,0.02622233029691692,0.026747285802282875,0.08241882868978159
308,0.28883043582336454,0.2925367361178554,0.2903793586451219,0.8693000198981712,0.29249835408775576
309,0.18298362776017918,0.6182939231239512,0.1805212894918403,0.8940154130296366,0.1828194529799582
310,0.21783975429434652,0.4916208549276289,0.21851479632194898,0.7130050675431311,0.0995799249224745
311,0.21036266940689566,0.43782682254101374,0.2085321430515505,0.026303741496271005,0.026244809652912666
312,0.21023343283859244,0.43411996438977196,0.20681764589315735,0.6268767437986648,1.3585586520086416e-05
313,0.21286416360016402,0.43977753440040224,0.21073540445287947,0.625960021976597,1.3520382547529193e-05
314,0.24268316923879013,0.23639500316545128,0.24348367551017663,0.711652479554653,0.23806827963240873
315,0.2898958149159246,0.5834757678096744,0.29089406980247473,0.8669581475726046,0.08195905807046665
316,0.271944328903061,0.6178898408398752,0.2725247033141129,0.8966108370458924,0.07983195112153857
317,0.21907436900888397,0.4882475634650472,0.2176585454114566,0.7116669765120047,1.3493183103895245e-05
318,0.2087599642970243,0.43756783963888357,0.20820281752257125,0.3185267665328526,0.32108955468554995
319,0.20947356940318596,0.43448459878115664,0.20981413836258495,0.6226491722372868,1.3760143923685426e-05
320,0.21046320961636558,0.4414669647500533,0.21189309894232508,0.31313469804648514,0.31488560399436544
321,0.2427116032007622,0.5970972246217808,0.2421496164239503,0.35522545007612544,0.3548360044852418
322,0.5744144661414695,0.5824996494384072,0.2903079662663407,0.28956481026912945,0.28991251143774444
323,0.2720134069583702,0.6246212363511047,0.2736942937281583,0.9032166456611118,2.9034509725228053e-05
324,0.14454074689800292,0.4910476884915071,0.14621161645671285,0.14467162521040328,0.7023670024582009
325,0.21200285137589384,0.44045952770746893,0.08135497879793092,0.21439083865191197,0.21274584211315606
326,0.41451559971994767,0.084562923691389,1.3708207999082737e-05,0.6251180592429156,0.05316312074966617
327,0.2104493169409896,0.4376697183581585,0.20956085636239313,0.3133375272013595,0.31286401145004045
328,0.24332943588254421,0.6286276653392647,0.23899579511799834,0.0809971759988223,0.051288134045813186
329,0.41224592972829033,0.8396580925226892,0.41175254896663754,1.2957497855019309,1.357332422164059e-05
330,0.27480811294245283,0.7452232894298144,0.2718166414241851,0.9041952324577124,0.08058553675102159
331,0.0,0.0,0.0,0.0,0.0
332,0.41800201265154785,0.2213037963841572,0.2176325585483408,0.31874130264519074,0.32112113891219646
333,0.20864917001439182,0.43696686542106766,0.20944384201733765,0.08180958806292221,0.053278596047382484
334,0.14287097005143648,0.21911786830157204,0.14164721640952938,0.14076600741327466,0.21768461332804714
335,0.24228122987202283,0.47791384948245363,0.2418689410786846,0.357189269770402,0.35683086245461443
336,0.1944588674254715,0.5844658833590336,0.19262804533817757,0.19405859292292973,1.383308378841282e-05
337,0.2701721331475954,0.31209265105428163,0.27016150918445003,0.08233664685357635,0.3110650587416783
338,0.11176515973399985,0.34183493814903226,0.11135050132838432,0.4299695657484734,2.89428334356585e-05
339,0.4245205918091282,0.4425056010862698,0.32024029597172293,2.8814879085412455e-05,0.32062208971874534
340,0.08139819136622796,0.4301605332264624,0.4178809293442621,0.3122773728397495,0.3104091318994727
341,0.21003580650579484,0.43750057363148537,0.2118942482445933,0.31286522179396065,0.3152327974649571
342,0.24121915980798814,0.24148631687615327,0.24255983709193762,0.7132154302113243,0.240750639470384
343,0.29289105564782253,0.588086059890015,0.2903219592074871,0.08320552512261263,2.892010301079164e-05
344,0.5413563388007775,0.616367771696992,0.29944621225606277,0.3012572992900175,0.29969505617437864
345,0.2177798972482764,0.48676220244460366,0.21643179703674273,0.3517547873570852,0.3511508655996908
346,0.4176593712330711,0.4375523774583611,0.08336413243572166,0.3191105856620353,0.3195900736138815
347,0.20903695506138176,0.4321636310976068,0.20861361460752811,0.3113699782268635,0.3133252623668603
348,0.2145479064165701,0.44135596704015645,0.2112966574928646,0.04992677214466672,0.05155248662500953
349,0.24108268649627496,0.48219904561586063,0.24203450870676552,0.3578046885892336,0.3567152304597852
350,0.291709982085969,0.5856256768505945,0.29092018702151096,0.879016441906161,0.08015597987006881
351,0.18131899094365433,0.6216965021414317,0.18126535502309826,0.18311762691233766,0.8977602510704777
352,0.21831236679477767,0.490991882991618,0.21902569606313796,0.10009965009188576,0.7113127796420038
353,0.42130390074732005,0.4407688576746887,0.08039831640787926,0.053116457876180294,1.3728636646688345e-05
354,0.20920855953178458,0.43207012131672384,0.2109690971462791,0.31458098835861326,0.30856879520665537
355,0.21268996545013302,0.43672671647121364,0.21183721610688697,0.31329013509052533,0.3132556434415903
356,0.24032625097006108,0.4817253603706122,0.24219368852548362,0.08306628775569977,0.7184597235791647
357,0.2904933280592007,0.5863591003493752,0.28949128721623146,0.05250662712705641,0.8739617308536785
358,0.5461214735709462,0.6242788689343501,0.08092004421644237,2.886297962702459e-05,1.0364184682762905
359,0.2197572109141449,0.4870716558230831,0.2177836572138399,0.052822850195547305,0.705968311788737
360,0.2106909382342205,0.4378682073182059,0.21148997784234508,0.08175639184268801,0.05314721250636933
361,0.20788163682233035,0.4378069083817116,0.20885610772344704,0.6196350646514038,0.10034504430017047
362,0.2142323952807085,0.4394663725496623,0.213031167610991,2.906528254940086e-05,0.6226131004909247
363,0.24358827753058915,0.47844165141278466,0.24196775376199586,0.35734512627331466,0.3584808792006516
364,0.29118013611515664,0.29231708304519005,0.2883526918816912,0.29026692618490774,0.874494712596604
365,0.2713299936747194,0.6113463351640451,0.27255709753284185,0.9009475205380539,0.10157185701868612
366,0.21630644059824905,0.48891223136673617,0.2178130794594851,0.7067251800825296,0.05276134618422729
367,0.21191864399789226,0.43204937445059577,0.21057657429362472,0.3208571408260074,0.3203528094288622
368,0.13954188903960552,0.4279929000992692,0.13846848229469094,2.8639881381536336e-05,0.14014956441113027
369,0.21085585214644248,0.4366561888263118,0.21051815301307916,0.3158727355824702,0.31433930357152534
370,0.2403762610042667,0.4802348958353272,0.2435265679405318,0.3605717706889574,0.3560337316981765
371,0.29102173830102496,0.589174860888283,0.28791862706110977,2.915262206118693e-05,0.8768192432882441
372,0.2712637931375848,0.6217221640340369,0.27362757955951,2.9005375973278743e-05,0.08039927213702762
373,0.21706321422491048,0.489906660202424,0.21800597604124583,2.9074906742188173e-05,0.7009194947946452
374,0.21104139325418186,0.44025255917841244,0.20941782169694118,0.6411037275261052,0.05215532885775887
375,0.20761309403157877,0.4329307013006247,0.2095620463744741,0.6222931586858688,0.051544587706180006
376,0.21117625629151127,0.22043758663934884,0.2116702189327591,0.6318361749372221,0.2198197082735824
377,0.2414582980668465,0.479132027211014,0.24145651358145648,0.7166275770881346,0.05249948671294302
378,0.2929889632351734,0.5878062967038618,0.2935491095709183,0.43830697082441905,0.4385597101991041
379,0.18178053507959435,0.1828944002184202,0.18208631466685796,0.08275736230537314,0.9056266017998978
380,0.21722385370628,0.48545831779745363,0.21742839168393263,0.3524885652328258,0.3518222699983538
381,0.13861026900017648,0.4384141789307081,0.1401805579987818,0.6403319770812251,0.1397424681378799
382,0.20913656114744786,0.436145931057486,0.2084258352886324,0.3146150456412674,0.3122661959814385
383,0.20986472604255482,0.4427856127340636,0.21209730390866072,0.3123615222961072,0.3153910675097526
384,0.24252312873436546,0.47841927928004674,0.24229493728267448,0.7122732276916476,2.899825149960325e-05
385,0.19388339520126516,0.5859720515517604,0.1926754639282077,0.8721542320325888,0.19324423477643757
386,0.3062233006238091,0.30723470219505084,0.07724576649101395,0.5467060378826128,0.9003684777482722
387,0.21776922933243464,0.4912670380135102,0.216943220702433,0.7089946264026128,1.398407699895069e-05
388,0.20983174125071274,0.4371557855851952,0.20810325878359073,0.32135839989209325,0.32131488920684237
389,0.20729640385299813,0.435934065766361,0.21123558323237004,0.08354787164805037,2.879530784131385e-05
390,0.14182882788082166,0.4389769844017214,0.14080080763415423,0.1411020631721526,0.6218993740353629
391,0.48489173231179816,0.4833293520818439,2.9202298662804512e-05,0.7166816492515088,0.07938987964985579
392,0.28660236738737443,0.29531413313728416,0.2874646909740447,0.8815271310182023,0.29259719863431505
393,0.27361519333759293,0.6163585985500696,0.27367260791258435,0.4510928823487992,0.450545879014297
394,0.21854060516245205,0.23591183467832,0.21877338489739778,0.23511908456449335,0.23442963065667066
395,0.21099145235730485,0.43714866030112326,0.20839663671504702,0.6400336436321278,0.05316356654901993
396,0.20675582372947043,0.4317635068817471,0.20990943281382551,0.31209977018645363,0.30975112026828644
397,1.4017515530178137e-05,0.438360885892269,0.0832836173222812,0.6321029545549297,0.09911478987388135
398,0.23942188782106538,0.4829104184764186,0.2410715133580558,0.3575774885970978,0.3553788245366874
399,0.2881327083661395,0.585738605445963,0.29173537564737134,0.43664369468118625,0.43667349442704284
400,0.2699523512886517,0.6161093072486199,0.270306259525489,0.45578552876030076,0.4512299870305521
401,0.14518733828873057,0.49117374406336667,0.14505690350614542,0.702510448986989,0.14629152914796192
402,0.421049386775691,0.4368116728517437,1.4440522690477428e-05,0.6382272465781704,1.4436938519412988e-05
403,0.20938200773336932,0.4319481616110209,0.20905843849488842,0.6285537434454092,0.07848541955317473
404,0.2103185731554681,0.43550655047001374,0.21190678480777284,0.31506175433963457,0.3146545986357276
405,0.23799613306560388,0.48121222355457444,0.24114002976293875,0.3588570547640875,0.35587980406008024
406,0.2899837434633148,0.5866425330508137,0.2889674011077964,0.44087398846807274,0.4368877595861418
407,0.18215355919096823,0.626601605834439,0.1813118895433035,1.4004615616370103e-05,0.18174400774368524
408,0.2170956969111463,0.4896056072116467,0.21757920346034276,0.052822001920917114,0.7090756461996595
409,0.42241757196810553,0.43642708701392735,0.10033946073550357,0.6383287309007412,0.0522393896141881
410,0.20908927797397883,0.21705714813435809,0.2101977862330116,0.21577401151957076,0.05141170873764651
411,0.2134535398604913,0.4412469681207123,0.21572196000354407,0.31443203572515627,0.31439235380665576
412,0.24252899156273722,0.47586487597275456,0.24222894797651548,0.3595262164038841,0.3577848862760371
413,0.19176050920581014,0.08336931794179242,0.1932920646257094,0.8643186103452161,0.1925604532387123
414,0.27274934047217714,0.6227331214934653,0.27367449825439455,0.44947362142490505,0.4508548794232592
415,0.21728960875196388,0.48718668492414313,0.21540278477754193,0.3547421328119337,0.35124349684437406
416,0.2110886321309523,0.4412631522675899,0.21162550600679916,0.3201051826305663,0.3228797896178829
417,0.20806306450827367,0.4314834048840023,0.20852098461553933,2.892983624869848e-05,0.07934031370359367
418,0.2105112093365081,0.4413314317909316,0.21249560094307768,0.31266994801633813,0.3133584174460863
419,0.2410657230150926,0.4796501033224835,0.24053502823624265,0.3568649146939206,0.35991900408884425
420,0.29004190406541774,0.07968581511353025,0.2898779960910628,0.8776130188890384,0.5855179563767314
421,0.2710141094978191,0.30992782682892883,0.27094472703698114,0.3092920905083661,0.0830803936809561
422,0.21680805403742293,0.49112036205710374,0.21977509367477674,0.3531628172119187,0.35542270868801895
423,0.2092895182700012,0.4390082989397459,0.21161475522006068,0.6360484094340185,1.387905814623686e-05
424,0.21070902787115506,0.4335031174673319,0.20637587772595134,0.31270085091679556,0.3108459482108557
425,0.21229390268125245,0.4338278221905655,0.20866086130626205,0.05296281558733847,0.6291522346334811
426,0.2389133812942344,0.2382390722576205,0.23989113558147576,0.23771735039981653,0.23858819279495636
427,0.5780361710734786,0.5826116663603219,2.866940085217717e-05,0.4328619542182468,0.43678828762594357
428,0.18211276330129036,0.3088245129485667,0.3095990511385471,0.18106329986705275,0.17943407387441992
429,0.217234576733079,0.5720454322350138,0.21952020764818117,0.710168638152754,0.0798527583456623
430,0.20812625667432463,0.4376433704527501,0.21010325239386585,0.3200012266377421,0.3199879035015714
431,0.20976830559223494,0.432265769547247,0.20969161048726784,0.040802511913521224,0.04042499739720177
432,0.21040457283142275,0.4333097583894186,0.21142020837253167,0.05366146936595932,1.394220466532773e-05
433,0.2414695496328389,0.47642736537005076,0.2431943175673197,0.717665926351099,0.05290303026369337
434,0.19295677337254669,0.5950663421169964,0.19434909205772652,2.8814140306566013e-05,0.19333816068123014
435,0.5475023331430755,0.7530388127006068,0.05255519883775901,0.5269718915303411,0.5265956809225834
436,0.21743933845914112,0.4872253608391065,0.2200839032884744,0.7057264182284109,0.08450227425176456
437,0.2096408255742961,0.4391500925436117,0.21084369948692702,0.052479427248036774,0.6346742656951502
438,0.21089817806169595,0.43306797464246805,0.20754704726533343,0.3113582950392763,0.31184330538049293
439,0.21039443861440546,0.43618291360545614,0.21096886679675658,0.3112058911620938,0.31602429080419964
440,0.4847717483412852,0.4829516638592684,0.7148945070457693,1.4136258143219303e-05,0.10046250210008587
441,0.5844626230672518,0.29442666235425524,0.876149392029913,2.8865540263099194e-05,0.29520215733476957
442,0.5450128254207353,0.6232068422809676,0.30327229875296097,0.29984106003319333,0.30113545869104585
443,0.43635400000707514,0.48978441873663997,0.236894923640362,0.23691463396525428,0.2374527042088603
444,0.41753048871768234,0.4395170257082313,0.21432238737194856,0.21207442460529205,0.21281706167260062
445,0.4183226426160149,0.4335445560555531,0.6252100428848244,0.026308517267165963,0.026036965848011445
446,0.4243859947272741,0.43786980209839194,0.20978321285291865,0.2095343040453588,0.2093087404729663
447,0.4835257167921257,0.4854488784545728,0.7118758477539364,0.08381891821078537,0.0809909706197661
448,0.05336499532519165,0.5885167220902189,0.435066112044616,0.4316183651513458,1.4126426779893457e-05
449,0.5473882680536053,0.10118607004021138,2.874397752571007e-05,0.44920753262814317,0.44818317308123673
450,0.4331280198731578,0.4888879633743129,0.7098255829040306,2.8848631297163514e-05,1.4396746482710146e-05
451,0.419975532127488,0.4407776184382976,0.32115761465540965,2.8597382147832913e-05,0.3195345666941162
452,0.20878253991300963,0.08055968674283166,1.4081819138691282e-05,0.628764957772429,0.209783235207181
453,0.42261085110180824,1.4331882580576885e-05,0.21010762949907036,0.20830960972895451,0.20950508989663805
454,0.4800194648493527,0.4803132352635549,0.3607888546505396,0.10183628969867978,0.3564448259896818
455,0.2875955897902698,0.5880196270973224,0.43746202243991905,0.288663958713686,0.4355744930422999
456,0.5415404771992066,0.619651786897815,0.4521440653434601,0.4471748981733414,1.4164241451525528e-05
457,0.4397985454376869,0.4898504860151305,0.7066365465237213,0.041526259145462256,0.041320800687844925
458,0.41195936613299267,0.4395594460557698,0.6337357203513292,0.08026361927608741,2.86018955999349e-05
459,0.41276975496965224,0.4276423668455526,0.041106646701131254,0.618449369227,0.04106585429656927
460,0.42621029072250016,0.21834122477017479,0.21742354272511508,0.31427394861860775,0.3158351388747741
461,0.48349252355985683,0.480456175421589,0.08035119522710713,0.7159809973404552,0.10008810240839883
462,0.2907597996261769,0.5833180071159286,0.43581876523708946,0.4389738284184394,0.28881246271964056
463,0.5415110367827461,0.0835033242909033,0.44850329756637886,0.4491953110767825,0.6193935865815497
464,0.4356738024081997,0.10140185175050015,0.23633564176899502,0.23495810268555625,0.23455058171304435
465,0.41901253394296445,0.22107428438017415,0.21997913219570955,2.8455989633899464e-05,0.6364943778001414
466,2.8637505439140273e-05,0.4323625967034229,0.20866686408362076,0.20759463511734585,0.2089069685207294
467,0.4216010401092729,0.43802856827413583,0.20733869599445423,0.21251193038334334,0.20785028209299486
468,0.4794003301727623,0.4763738749837609,0.3597493738550825,1.4158526962862354e-05,0.3592991285496488
469,0.29019842473772944,0.5816572590184533,0.4379375053535292,0.43432038553581626,0.2895047252793494
470,0.5524934396889193,0.6232207087401392,0.45033102833950533,0.10134764493190035,0.45200267695663837
471,0.3434893605107251,0.48920801667719,0.2354488050177298,0.23651121221240531,0.23611481032045936
472,0.41747835929585164,0.4364127973910436,0.3209802631375554,0.07921754028395149,0.31555499028658945
473,0.419433567334164,0.43239938769267167,1.4573624168396321e-05,0.30911414870971715,0.310464301599165
474,0.42497571411574064,0.44029899963662367,0.04094515087250166,0.6325116923268399,0.04141269219859971
475,0.4848130366947692,0.47968849344457914,0.23655763933372267,0.2390376445616551,0.2380096884596158
476,0.5864770487516817,0.5837558066657554,1.4247144794358008e-05,0.051217531139716825,2.8547874553945382e-05
477,0.5456299854486223,0.6215131342061574,0.45491646463577373,0.45065007525003775,0.08487643831456114
478,0.4345958194684994,0.48778060801765033,0.7099445021385619,0.09899091275422164,0.08107083043007603
479,0.42189738417409356,0.2193212358382437,0.21931400386449482,0.3208127263491385,0.32012282589387386
480,0.420055845233162,0.43445759123995314,0.20624154267734307,0.20792611176144052,0.20688956345636753
481,0.42429683021534675,0.21522312190432535,0.3156787940073623,0.3101218178830605,0.22053895903007847
482,0.4843758926075809,0.23901613691992943,0.10083126452277988,0.23839223551409464,0.23833545241698592
483,0.5720306928871218,0.5862888216831966,0.2910236350573721,0.29310328918793005,0.2877600212020066
484,0.5424583498068272,0.6129610023975134,0.4517907072806734,0.45091558388495406,0.052207350744618804
485,0.2161962330961786,0.4912802862338801,0.2957723200810131,0.29530720795254833,0.21704742308497527
486,0.4153214989182918,0.4401782266625583,0.21309661649975417,0.21289184119356988,0.213086807597722
487,0.4194297942900017,0.4349381608479624,0.6209019693058138,1.4344950399055206e-05,2.8520909336603247e-05
488,0.4257164730310461,0.4398322910314929,0.2094542850275951,0.21035621193352505,0.20955401100330384
489,0.48029130526479713,0.388063642937636,1.44335357581481e-05,0.3601077176083634,0.35667642239717456
490,0.5752486324099251,0.5881049504223047,0.4372829234928356,1.4680895803785048e-05,0.44044233842673486
491,0.540901457891509,0.6176977388142204,0.29759203443907156,0.2963529837696093,0.30054532757595803
492,0.431279471260967,0.2450592851310999,0.7038038265850137,0.2424288097101955,1.4474662775550719e-05
493,0.4171601813389106,0.4419364610174309,0.21137638315745977,0.21070509065077714,0.212246534935803
494,0.08197537554009722,0.42159686645523037,0.3108894666875034,0.3113803679959316,0.07976986989686782
495,0.42432694301478135,0.44131594026681015,0.6236802441451936,0.052968002522223424,2.8838830042090603e-05
496,0.48176559972739846,0.4802718387264779,0.3581769106546447,0.3589114389589769,2.8420768742810212e-05
497,0.5827542918089222,0.5867503001188729,0.29073043012435623,0.291579506183897,0.29227215234525394
498,0.550274040447709,0.620871661476966,0.3000733165262794,0.29956000777026043,0.2988287809305398
499,0.4381452360785273,0.4921617735799719,0.3489240811794944,0.35199915795492015,1.4550332109343886e-05
500,0.4221719186125416,0.43581216127995076,0.3206690270451019,2.849693538524994e-05,0.316761261965993
501,0.42002224142905925,0.4305447285942745,0.30844934606659324,0.052255155069749565,0.31566734287094056
502,0.2136710724361006,0.4374666670615505,0.3150474072514071,0.31485397308234786,0.21082166824358264
503,0.4844442084571625,0.47654589347359916,0.2369980138486936,0.2366541759498568,0.23808492708355802
504,0.7259250835870349,0.5936427301018947,0.29217797283454466,0.292649940528576,0.2918958063537715
505,0.5461393504135922,0.6262360885379998,0.08340210417629834,0.07994260010821619,0.9086311772448417
506,0.44124541524663957,0.48629759414906715,0.08104201744654842,0.35119207731789187,0.35287939500717275
507,0.4224838085210542,0.4397678331450735,0.21352800491504456,0.2135071426686709,0.21343408737682368
508,0.42189571124709957,0.43296130001986793,0.3119814614843478,0.0802810841914831,0.3125558411276839
509,0.4238452708643479,0.44273615910379044,0.31352254132433777,0.31575800392971487,0.10053980068276636
510,0.4809012151864476,0.23872014791849394,0.2385356104178222,0.35823689346329524,0.35611024916445155
511,0.29042331456028997,0.5832713180153848,0.43736371929091783,0.2900799450927718,0.43851188635659855
512,0.5479119087037928,0.6183730469730284,2.8300037598677288e-05,0.025943936473745512,0.026827666831132593
513,0.08282335036814259,0.48432383941670015,2.81052495222962e-05,0.4363214746870509,0.10063696679420166
514,0.0996032435292879,0.43325273013121546,0.3166578666752376,0.3189085332605078,0.4203188403852423
515,0.2090926556463362,0.4300074219989168,0.08108017958907275,0.6230754248594613,0.21412150243960595
516,0.13986906220360748,0.08243175682156631,0.1411186944888719,0.14037807666091753,0.6255018209382263
517,0.4834922460067302,0.4771991861505025,0.35585439894839893,0.3572748824291548,1.4385874296243218e-05
518,0.28978674056245685,0.5834702371261179,0.43915150532567854,0.4360771546582353,0.29111639680619406
519,0.5462513746299666,0.3088287657187633,0.31217963357786865,0.8984950442521631,0.08250485815741905
520,0.438004368451183,0.4880904427738254,0.2360412530049649,0.23493575574177053,0.23433568767273052
521,0.2096157602659376,0.43519040779718643,0.3186491409782427,0.3200790802224386,0.21041190330358622
522,0.21811947556499442,0.21492172465784365,0.2392940619747086,0.2389299572647898,0.23966871186689997
523,0.41912323147033476,0.4346984246880131,0.31276835921544827,0.31060831789844356,1.4756469529578368e-05
524,0.48459093627821803,0.4788115118351581,0.24000835286158353,0.23914903083251982,0.23925940182732955
525,0.5809439045986815,0.5892256672462468,0.4374204500319611,0.4323136159008899,2.8300716411784727e-05
526,0.5434510248297313,0.3133692626867127,0.4511262141222154,0.4482686074700832,0.30952826207523687
527,0.4347040290650578,0.490773306552316,0.3535783070226242,0.3548304932736251,1.4500955515910852e-05
528,0.4202088040914568,0.4350157485923044,0.08256781218206093,0.6397965301780374,0.09926614006844642
529,0.41984539648198727,0.052733505275974715,0.20780067852705317,0.20930318797413672,0.20853122850036543
530,0.14625965650911998,0.14553447058021,0.14530558705013016,0.31260210840683905,0.3139419251338574
531,0.48239884491523366,0.4805277968633388,0.3584009892885277,0.3569194075005897,1.4624230717330958e-05
532,0.5822352743320536,0.583856721621656,0.28978387445843884,0.29124780927213617,0.2914167995264869
533,0.5445265644905466,0.6237784208100656,0.3014778705722178,0.29930784951617917,0.2989187576065461
534,0.438381038176692,0.4893676575477535,0.35329647688842164,0.08234730450366487,0.3513669875874487
535,0.42148237008674455,0.4378016231389064,0.3198889068499084,0.31769794796866846,0.08364021196309863
536,0.4139340518964179,0.10063394609954487,0.20929029427668563,0.20765789649186853,0.20721298434130409
537,0.4238669229364675,0.4405408010424203,0.21009496361462968,0.20921754093485298,0.20955556065063238
538,0.05338455097393658,0.4821983688113368,0.2370867324725495,0.23813764186493205,0.23959109863348882
539,0.5729710618343453,0.2927163195078536,0.2910317333570991,0.29127804158719733,0.5832567415778297
540,0.5481544128710103,0.6233507754961846,0.4473368465431394,0.45062250902366663,0.09972862479774756
541,0.4355114637020751,0.48874195058144865,0.23698733833470517,0.23470853749002318,0.2351724871184275
542,0.4192093552653619,0.441124293636365,0.21394537300665808,0.21191339663008646,0.21384504553949613
543,0.4197034778454872,0.4338767359239144,0.31216682932268647,2.8496793055352633e-05,0.3119545520217893
544,0.42482255839615984,0.4390502300407317,0.21040736692314455,0.21011827093214988,0.20912040298113
545,0.4852760774295941,0.4834610692303073,0.35503661168614425,0.3565264741773026,0.08307340829487524
546,0.2863516423996842,0.19593034406415336,0.19521714554638192,0.1954094687770532,0.29192140704747627
547,0.5464887671728756,0.07980872557064056,0.9006061302834768,2.85264761305932e-05,1.4666583159136799e-05
548,0.4344479967395433,0.48534563701161754,0.35386760992182986,0.35299921531396455,0.0793960594790572
549,0.42172646290506,0.4414064318384328,0.2117308838543096,0.21290417551798005,0.2141556221660953
550,0.4151354227431266,0.43323712187967706,0.3112223510587271,0.3132149062413589,2.8366443391943792e-05
551,0.42600790640315667,0.439795871826679,0.20764806372225905,0.2095711835268461,0.2096372127103999
552,0.48379355354882164,0.47887104194709246,0.23836493482288576,0.23637966919784384,0.23728567557300453
553,0.5830033780442804,0.5876485675505528,0.4352576331945879,0.4352745545535541,2.8672567357579967e-05
554,0.5450176586747464,0.6196385858885578,0.29997580511721844,0.29919230149051657,0.3032108965415137
555,0.4387758469003539,0.48742092004284354,0.23584441601453265,0.23872783535015782,0.23444700619264744
556,0.4202193248261341,0.4376989964115791,0.6424306247408993,0.026305910532380336,0.026803018223568956
557,0.2098094079800485,0.4307721794181199,0.3106326480674293,0.31119639391818804,0.2112408260135877
558,0.4223069582399216,0.4388219914504102,0.3133949475096404,0.3116712168454234,0.09785577374846527
559,0.48712389608786,0.47903734805297554,0.23885901831473136,0.2374410083206776,0.23977078637502836
560,0.5792254179760029,0.5857751716172348,0.08275633508860268,0.43636171962998616,0.43911462367862897
561,0.5440763016843656,0.6205884828441433,1.4919263973991079e-05,0.897353265863092,2.8085410800430585e-05
562,2.8232115740049997e-05,0.48761664379989555,0.35154180379009337,0.081144618936481,0.35438451420936845
563,0.42450010603565047,0.442338730174145,0.2127064444626919,0.21207392921787102,0.2124299679895558
564,0.41769905144418157,0.43169442916681167,0.2103822957374849,0.20783025892600263,0.20817378974671605
565,0.4240909118478173,0.4351901452146599,0.20913317547473242,0.2091120752164637,0.20924535208341355
566,0.4806230015144308,0.48289350323481495,0.08241767775928856,0.3597196611757551,0.3590210999018988
567,0.5811637888772249,0.5847606191776605,0.4357180890678823,0.4313008965478844,0.08214788744106638
568,0.5486379200866437,0.6196922014233087,0.29753438152816475,0.2996425365627931,0.3008468958067018
569,0.4339527919580585,0.4868436119199507,0.23433505181529338,0.23458150475517955,0.23350743307275842
570,0.4193501490561593,0.43513695092011223,0.32137125585185455,2.8165932691214388e-05,0.31978493683289677
571,0.4169249146130827,0.43428792181299114,0.3132008163931074,0.31146111683113265,0.05207281426044241
572,0.42248139679866437,0.44245689644481445,0.2101424680652485,0.2084733455448133,0.20826237684559026
573,0.48449123766702074,0.4782651277323033,0.7162403065474248,0.051157073244293264,2.7902733238307017e-05
574,0.575544391854147,0.5820739334714322,0.43950509170773805,0.43779487409163076,0.05257276520216203
575,0.5439027092000704,0.6198588007130021,0.302229424916259,0.30112980543972584,0.30038054135892406
576,0.439248434379745,0.4868512027275166,0.08208850142394786,0.35256169067554016,0.35370621289921245
577,0.4190817801395909,0.4357778958976756,0.21386357615672705,0.21143511046186828,0.21318851492973656
578,0.4187438417598374,0.43352544008056976,0.3099501684592292,0.3101908028317064,1.4719587222583755e-05
579,0.4248824093314105,0.43984355634308286,0.3146901277704974,0.3149690303292762,0.08397519786434281
580,0.4831838073741054,0.47824517356908386,0.23811224350009008,0.23740823176061468,0.2388511078978649
581,0.5836435932795363,0.2936509332489519,0.09945369509665626,0.8651070458124911,0.29233572485947623
582,0.5515375296406031,0.6216638556891734,1.4941001076660057e-05,0.45190064443818867,0.44922208568818656
583,2.8383108897481513e-05,0.4920318623117889,0.70407406015786,0.10121523082444638,0.05196964677047445
584,0.579988466850801,0.5608064965626868,0.3985015807757084,0.09928474027951718,0.39832763389221054
585,0.4172969808312535,0.4307189064371667,0.05228642067881199,0.6194754196483441,0.09813532295733772
586,0.42307943463177816,0.2186008242421207,0.31273448072075444,0.3149276291757061,0.2187959710211178
587,0.4863967513398891,0.47990499802904807,0.053408706339654624,0.7199322925877379,1.5052007183160382e-05
588,0.5751950493528496,0.2874014493739852,0.28992946880629383,0.29129669664903113,0.1016810353056015
589,0.5530229963484184,0.6221508283963381,0.45273845483787795,0.44638373570567286,1.492256746884087e-05
590,0.4442242165101811,0.486815779650685,0.23645850516347336,0.23526647707459744,0.2367709974401636
591,0.20979743662677433,0.43962224156016705,0.3188071500207758,0.3183239626784441,0.21049752624670323
592,0.42169121818621774,0.4358763695628735,0.310788159647002,0.052801461279537776,0.31200009363127273
593,0.059310171235992845,0.4347012492930865,0.3121211363312324,0.09910523610922721,0.3136543822829287
594,0.48536419578163936,0.4819961508201721,0.2383733877838173,0.23779623806405714,0.23882734071966236
595,0.582445000299549,0.588383574968474,0.2925143230272977,0.29244967902487823,0.28811657860551826
596,0.27381255372978314,0.6192143363535083,0.4509669609191543,0.44726292375302057,0.2715618681413348
597,0.052591645794887086,0.48475724824307603,0.3521437399371007,0.10035145400722123,0.3531379629708759
598,0.4173073525384267,0.44017112939270064,0.6410463713520291,0.06073835968982012,2.8357634306452984e-05
599,0.4201416420917752,0.43719239697278744,0.310137621028443,0.314874579390875,0.0532388549097479
600,0.42324072745921826,0.43823215229946777,0.20846715892938972,0.2082619363709546,0.20963395258807624
601,0.24418193413932113,0.4807750045246535,0.35527664831308636,0.3560392036469443,0.24059925012385203
602,0.58391208491961,0.5846560982502637,0.4394986088958059,0.4381333288581102,0.05278068294406053
603,0.5401284754389323,0.3102600408134707,0.45274980224700734,0.450353049434686,0.31256471258765084
604,0.4357474820023692,0.49032803237812245,0.7076724806972445,0.0985623271131788,1.5050222745287066e-05
605,0.41920740897684267,0.4383250930372791,0.21390457867244486,0.21391494066348204,0.21247551431985867
606,0.41982368204404924,0.09991573236678934,0.20828871247474587,0.20646837680031263,0.20746042598055783
607,0.4268009274952071,0.43638769805808747,0.31498063770571233,0.31313218144253924,0.0797418880153141
608,0.4812072079667667,0.48044375483725,0.3586213273940993,0.3570421377646931,0.08004430645981735
609,0.5847339701692201,0.5828198961404326,0.29042396686271105,0.2918099261126201,0.2893859298611159
610,0.5431627030579511,0.617075994626987,0.4492163554805988,1.5052443129478033e-05,0.44826383965776195
611,0.43206159724163473,0.07881938026250905,0.3527451048012052,0.3548768004602227,0.4898911418403742
612,0.4213988264684129,0.4396515429143415,0.3199788352433158,0.32133041074474894,0.10170983802844774
613,0.41851887041994046,0.43466019981196496,2.7825089916165526e-05,0.36218946825306775,0.3668598626446557
614,0.42199494894426554,0.4368371376654198,0.3117395568355341,0.315293449657237,1.4991416888957824e-05
615,0.48159240862614217,0.48078325021689017,0.3585461800487841,0.3560432552361947,0.06066012709546996
616,0.580533350304422,0.5883111773270014,0.2917660060111395,0.2901852008820233,0.28911186194511895
617,0.06055298798614945,0.6211434933287898,0.30027219890579454,0.2998643398798793,0.2995956177523311
618,0.43595678092020773,0.03895362498208122,0.35147664124547395,0.35614568755711845,0.039454682104878104
619,0.41876575240900277,0.4401409776958961,0.21130910600302175,0.21180608422305694,0.21273831181405012
620,0.4165267219248469,0.4320725365964515,0.3102108516536111,0.31134695969301646,0.05270363353384363
621,0.42632271324582893,0.4371928440624719,0.05999870324690781,0.3133413874406553,0.3113548200313581
622,0.48354426505433057,0.48287025744269235,0.23804598888130676,0.23958517429039763,0.23838256582807008
623,0.5819616388306357,0.5858673340110938,0.290100090928559,0.28910692217663236,0.2884545907239172
624,0.53964968971531,0.6213112462660012,0.4498254675658952,0.4487786712992652,0.10120455443734262
625,0.4348428354938776,0.4854370095928739,0.23566199034101545,0.2379846145744259,0.2356512826825837
626,0.42473150535176757,0.4408347967798984,0.32045564752043465,0.3178245758438012,2.8027830103175808e-05
627,0.10163735065213306,0.4299835470864665,0.3111534269763504,0.3094389412299022,0.4162395436144996
628,0.42542838797690175,0.4395428337401819,0.20827316142681662,0.2098384915341759,0.20988048253499703
629,0.48824912266405873,0.4799483351915563,0.23618762662646822,0.23837871954676895,0.235947237058268
630,0.293605392313185,0.29337959360400473,1.5285784317282514e-05,0.8758527932464039,2.823099178106639e-05
631,0.5502821296496964,0.6202400722601702,0.3007507839043478,0.3043946984494978,0.300881130726809
632,0.43666980641180536,0.48866762798756647,0.09982839698724119,0.05983125407317667,0.7091419047042666
633,0.210441751521035,0.4364595343271476,0.3185721118892856,0.20867853158440713,0.3173271264999592
634,0.41793347267349684,0.43201957046452755,0.3112139131920802,0.3142473610846334,1.526680587897631e-05
635,0.42140185081526926,0.21906445239507735,0.629732097393308,0.21804556050430943,1.531607107523877e-05
636,0.48354860278585166,0.47864541259473564,0.35927691713046506,0.3613707589998233,0.07965742168334475
637,0.5841183535816418,0.5893431254008585,0.435065776823234,0.4375761284805486,2.7939097008048788e-05
638,0.5430279086859827,0.6176580983852692,0.3008786318425562,0.30017293078758883,0.3004307250636244
639,0.4375009005764724,0.4875658054911814,0.2343892765235438,0.23527491223939634,0.23302592333771666
640,0.4222744635959597,0.4395638332641932,0.3202893077349133,0.08069032009320849,0.31744763435405027
641,0.4168720736774266,0.43584523283829235,0.31223194414157524,0.31276578105650954,0.05275171208104687
642,0.4227708808259344,0.2190204193166963,0.219904170365659,0.24218356310305153,0.24141007248633814
643,0.2424685921022494,0.4774107369283901,0.35500623761460554,0.23941234531570513,0.3568205935165788
644,0.5784330437643215,0.5907018266496278,0.29054717233731836,0.2921806570745617,0.2910444482542035
645,0.6677513863930288,0.61875572600302,0.10039283612804575,2.8244101744023938e-05,0.908543179589564
646,0.4394375046002378,0.4958843785101892,0.23514643806644683,0.23525062796737306,0.23576516572644554
647,0.42431577960964323,0.43892178096996015,0.2129670365793852,0.21120218430893156,0.21220646275281252
648,0.4145705176445968,0.4365966396487305,0.3117447115040769,1.5025617911227413e-05,0.31273107123879906
649,0.4200209836443227,0.052196900501759756,0.3125112543913711,0.31309080501925857,0.060531577179971714
650,0.48713345087965354,0.23919784917828593,0.7205380349263997,0.23848038902470703,1.4992959386768283e-05
651,0.5853595363718898,2.7591750598913103e-05,0.4337319839734652,0.4384338250236694,1.5317129617933604e-05
652,0.5443156166015402,0.3069656547580274,0.4512439352787893,0.45313295239172013,0.30822311739225794
653,0.4420834170008637,0.24607548572027918,0.35486922764036577,0.35215960481819913,0.2425175213831152
654,0.42107522230003663,0.4401115531911938,0.21102154685129662,0.2120657597832547,0.21309119470793747
655,0.4197844702011205,0.43333521173035444,0.20685059692505092,0.20827133250030358,0.20874608063384245
656,0.42470470349352873,0.44008933582791815,0.31635942059126937,0.31391981286866594,1.5250253596300942e-05
657,0.48093552409171375,0.478720764595895,0.08083185838790519,0.7181979357376737,0.09988649090235807
658,0.5800712557207873,0.5878190551148527,0.43479614681445,0.43792533312696325,0.05259603756727699
659,0.5428852106422742,0.3069702479481151,0.45139073320301043,0.310503239595016,0.45142515511594006
660,0.43651429789026747,0.49590123335990177,0.35407543608476494,0.3534637745822563,0.05247870262064945
661,0.42006401873544713,0.43499735394038747,0.21321294601505072,0.2112323755267962,0.21343251963014523
662,0.20874582030028419,0.43399669377988803,0.37892977023233265,0.373957594051347,0.2084296228890671
663,0.5831021045528204,0.060386634365952,0.3101241417447899,0.3113746603591498,0.31134284768578074
664,0.48440992348287887,0.5931265876988623,0.358906330888635,0.050705190777506,0.35752543014724525
665,0.5823747534458041,0.583639005897784,0.2185672842886959,0.22066295339369704,0.22086789562174644
666,0.5380993848009106,0.49256387183803146,0.24864861560613494,0.24734960806073936,0.24636672816408414
667,0.4370698309029239,0.4879101933575824,1.5095297663782632e-05,0.7125065042602112,2.8206699231202816e-05
668,0.41856665200552046,0.43913300279717515,0.6387229541098581,0.07992365321744749,2.8115779575860352e-05
669,0.4175828085523354,0.4324127921703831,0.2079880704694387,0.2080009137621359,0.20804966573069753
670,0.4234461410666113,0.4386895864009788,0.20913662808462877,0.209325339238852,0.2080192475107889
671,0.4849348812592053,0.477699551346629,0.3555984484289233,2.787719609556636e-05,0.35974860553002685
672,0.289307797765272,0.5864177174660289,0.44239431607154694,0.29408384605716076,0.4379934258416593
673,0.551830991298555,0.625796706322329,0.06036561456147874,0.4569311307534674,0.45449551638344937
674,0.43690569396427564,0.48926529825740667,0.35131476244455523,0.3524049568037122,0.059938322494994443
675,0.05236147752372299,0.44141564615129775,0.21340998448395807,0.21348788430096963,0.21360185352588015
676,0.41554661728057285,0.4330696019598398,0.31183516542869555,0.31092061830027523,1.5476061722531395e-05
677,0.4212510627842548,0.4356218590029702,0.20907296586758198,0.20909981431952204,0.20985570394427402
678,0.48488138097825334,0.48231637003383715,0.35832835323606627,0.3572703630782601,0.059804490170881096
679,0.5844608861493127,0.5879815753029599,0.43500209837643244,0.10080099020240542,0.4389684917909309
680,0.5435800642583634,0.6198858679898389,0.07947001872961793,0.8994910863493779,0.06005816248243945
681,0.43223482984152617,0.48880433802561224,0.3539742417630521,0.3534925676623627,2.7937889967698966e-05
682,0.41585808876521024,0.4382585428148437,0.3210627215172043,0.3195340406458775,0.05316200753770184
683,0.42023654806467314,0.43063412334674794,0.05142475469411772,0.6188648474991291,1.5431856239019498e-05
684,0.423230353134271,0.4371912461169078,0.31436001161509847,0.059986022593400856,0.3135830012229467
685,0.48691395496968626,0.23949850454246208,0.35671732797673406,0.35794471350293366,0.2390347860484631
686,0.5783947702583015,0.5862780694688392,0.4351506063791908,0.4368275428872433,1.531754891670023e-05
687,0.5441815472309334,0.6199051885117887,0.44978280957511346,0.4501561563640667,0.09914953924612037
688,0.43874054632983434,0.4821555038656976,0.35444649099392467,0.09916193099538152,0.35751967364222803
689,0.4208053338157729,0.43971391742991467,0.21199338604811427,0.2153216439046165,0.212514988666853
690,0.4164527494064251,0.21751811725622383,0.31103678276629965,0.2163965262640642,0.31136043973848093
691,0.42187491877242683,0.4377230093691645,0.05338725716441681,0.6292966341685003,1.5319853468467923e-05
692,0.4844440078906476,0.477403128703075,0.3591364410268858,0.3569111548664917,0.08078694192302804
693,0.5794984173609986,0.5845438468236518,2.8080695864526963e-05,0.0507737120026341,0.04956638721500028
694,0.27085490038705123,0.6200413680323416,0.4559133602369526,0.44992765369544535,0.27466281644596713
695,0.5505853036374747,0.48784194742081094,0.23536182285924667,0.2363871826681285,0.23501761455271597
696,0.5532618796000561,0.6099982335903322,0.2673180441019569,0.2668387715883935,0.2701338279868624
697,0.0,0.0,0.0,1.573527628766034e-05,0.0
698,0.42822165343769447,0.14668891109550974,0.6297659610682125,0.14512785919136115,0.1460490454235382
699,0.4835319672653337,0.23926348332388522,0.2419501886112622,0.35621781836484157,0.3578764717889757
700,0.5786948213723848,0.08081788663584048,0.4390893920918112,0.05191433602752648,0.4373406941608596
701,0.5467605178738961,0.621303236963,0.30140598687105974,0.2992937716715028,0.29831426568456654
702,0.43614558407166615,0.4907670865762065,0.3533321056905105,0.3503301662579695,0.05349721540016115
703,0.5264418493366962,0.5654927490294712,0.26278658508680114,0.26201462861741687,0.2613499297123046
704,0.2651496374620637,0.4367476433752998,0.1626331752840997,0.16510007627429354,0.16486588280003578
705,0.15725454637470818,0.43724906733408664,0.15603265357040852,0.1584662161541196,0.15705723075508213
706,0.4858909689180816,0.47857852454329397,0.7123883155333318,0.05151226543158367,0.08053984077553775
707,0.5821843731390343,0.2921162202038361,0.43818150283888985,0.29281241191352225,0.43606463408050117
708,0.27372390156058113,0.6174317774470356,0.269120671808927,0.4477098249708705,0.45000103912652695
709,0.4320061860848031,0.4890858921856584,0.3552071082013816,0.35321470191225246,0.05226267616835603
710,0.08122342528346352,0.43938977181300726,0.3178429349350611,0.06048735887584626,0.3181468885824873
711,0.41905935647191295,0.43106070355156867,0.6203037669156644,0.060093781746819085,2.768781416182179e-05
712,0.42437102763257817,0.44081549483721866,0.2068023391336451,0.21103151150604071,0.2107198947064772
713,0.4887452059268311,0.4780959712748523,0.35723259104594857,0.35527694515441005,1.55772292349171e-05
714,0.5810385854278787,0.5900589590939711,0.8748795788100983,0.04002946286270287,0.040951720762592216
715,0.6487785685860092,0.6202351044630118,0.05952523030794302,0.45044871071616926,0.45167203821427415
716,0.4333740149043297,0.489751852517457,0.23486975162754153,0.236411175050552,0.23533219963310312
717,0.41980930296626434,0.43785436168250835,0.3179141006485343,0.317724401633835,0.09889459771079995
718,0.41695105785624903,0.21623696244048954,0.6201535212624047,0.21451747343959465,2.7778741431789557e-05
719,0.4206689697959104,0.44096147805269703,0.3130909750769572,0.3147004562760014,0.0994096874332033
720,0.48056813446269875,0.4744368980443814,0.3586373369737959,0.3597468159108166,2.7661714331884187e-05
721,0.5737985262830665,0.5888492820412027,0.290829867946563,0.2899344808749384,0.29021514278030386
722,0.5495022511818131,0.6131487028377216,0.4509921348639364,0.05314990418548793,0.45127202510867065
723,0.4372215515083586,0.48528160696388134,0.23609075153399964,0.23283339416420248,0.23516208977027467
724,0.41677476488587345,0.44115334456411404,0.2128644425834123,0.21205411992912548,0.21235789386165613
725,0.41605540272003494,0.4383339027011444,0.20946094429342874,0.20754066054551434,0.20866126444844124
726,0.4256183556005607,0.22033006575827696,0.05333624705874418,0.061112654791227294,0.21887922356137238
727,0.052484265905543205,0.48033688643621303,0.23803833145639686,0.23781644371940439,0.23741542745845437
728,0.584013350308102,0.5859029948438809,0.29310332588976645,0.29082895109030166,0.29142024498444835
729,0.5458414163997368,0.6177172470544847,0.30035308829119584,0.3011287017420939,0.3018695319304539
730,0.4365613446369708,0.486987569051622,0.35182816095336183,0.35413577939269425,0.08007904028637958
731,0.4164348199285805,0.43966343777763717,0.2107695222144985,0.21237352185575495,0.21422289212654902
732,0.4185853572467421,0.4324869338329431,0.3083293005798174,0.31346266698572367,2.8032525820279593e-05
733,0.4268977580302237,0.4336541849392278,0.31259998614047046,1.5621682349399387e-05,0.3112098653560269
734,0.48317819095152276,0.47797693668933794,1.5788550655633537e-05,0.7101214384735882,0.06021825990607393
735,0.5797820993010812,0.5893287352167179,0.29235193614651617,0.2917912550433727,0.2875925740510984
736,0.6938708431927361,0.6190973356644891,0.37237516235974955,0.3694119242045917,0.36911101191084
737,0.5197208278905562,0.4899479769791164,0.3530987516901945,0.35190113554719865,0.09964061067330499
738,0.3171879616595305,0.43939233189405935,0.31811234366157826,0.31867630415016807,1.5695751871054994e-05
739,0.4158988983633567,0.43492435909322996,0.6204953420908674,2.7705582597778336e-05,0.0810740982631119
740,0.42372825086465093,0.4387389494429168,0.20995718243880016,0.21033846091546146,0.20936400654917264
741,0.35379929688858797,0.4776527057847947,0.07656995653786904,0.05289695071928129,0.7214567354212329
742,0.5739801954067625,0.5880109778588545,0.29185710376573065,0.2909064690270385,0.29168995794043123
743,0.5426679643232764,0.620196344085712,0.45382055940943933,0.4500947684399008,1.571901192216624e-05
744,0.439491004066786,0.09935494855395158,0.05259054106548342,0.48664678930382016,0.7036973435002957
745,0.4186147233184812,0.43974532817615236,0.3182647101253173,0.31808660554850565,1.5710470136103818e-05
746,0.4188967048371865,0.4354409830729333,0.08169136026322973,0.621516663657514,0.06123730512377588
747,0.4255219884433015,0.5495328386003576,0.059216342118675214,0.31306626089556566,0.31453150200923385
748,0.4837658856247522,0.48010418440884006,0.3587214533685703,0.06047847880844544,0.3591732177912784
749,0.5809290287274635,0.5808203504062915,0.2898263385935488,0.29006825016078536,0.28872148315454593
750,0.5470196931479858,0.623392703079346,0.3039386035039691,0.3028788944115743,0.3013740058967913
751,0.43735841831763095,0.4830996308282116,0.3511472107489218,0.3523962681362249,2.8019949367712618e-05
752,0.42110988148010364,0.4394969917464366,0.08103722721814416,0.3195249245714052,0.3193289940035378
753,0.4152981214782733,0.4330924078906194,0.20782045796482204,0.20699264452172397,0.20858809719633664
754,0.42376215506145254,0.43722641662778244,0.314091855344821,0.31547594352861436,2.786720124866848e-05
755,0.4835384600192378,0.47764111794213954,0.3554484298519181,0.3591314237443066,0.10238977899242423
756,0.5807113951741866,0.5824618130915592,0.43816754480470155,0.4371792879237571,0.05302185151111801
757,0.5481258212105107,0.6130090929725459,0.05370996403820633,2.7551497335206554e-05,0.8990913069391236
758,0.4392562655080715,0.4902560862408404,0.35526278532302497,0.3539804033549986,0.08118605188092301
759,0.417312736880224,0.439103538453145,0.2145927002755698,0.21286489025288247,0.2124070945120391
760,0.4191300282482167,0.4351757145123883,0.20912733344645074,0.20772616839631333,0.20568775459241231
761,0.21415289731343687,0.4381401963705009,0.31501789786675743,0.21142471702924195,0.31352638514605147
762,0.4867061842962454,0.4807286459387278,0.7199624349464564,0.07936273016482076,0.09998391770490238
763,0.5828653469496082,0.5870323151405239,0.43782741501629574,0.43577184461768403,0.0525514543664647
764,0.5443496833481517,0.6100858876367793,0.45117829216642014,0.4513230444245709,2.78394889067304e-05
765,0.5276243441409613,0.4927896033566677,0.3549289360236853,2.7836058453228954e-05,0.3510373410723552
766,0.42044721500374244,0.4355755623463188,0.31745308937665995,0.05899964957350661,0.3173854088543972
767,0.4158795926408838,0.20957361151854406,0.20814804803548337,0.2082222853508815,1.5840674281465705e-05
768,0.4252815800175471,0.4335200086205229,0.209312248280386,0.20994954020883425,0.20892713645379
769,0.47711940626725263,0.24136997035414492,0.3588882303501276,0.23922052161565194,0.35693294311938906
770,0.5817401767666769,0.5868734692815083,0.8718014849374187,0.06038119930244625,2.7702416688549554e-05
771,0.10004813103396866,0.6188755372886283,0.29961525504873954,0.3006436150528946,0.2995274464391721
772,0.43359941932947615,0.4864765415277024,0.09947016419692377,0.35394496381557294,0.3527252006939022
773,0.21138254566417583,0.44032356036389614,0.3177518255484659,0.31927896265025146,0.20824233106221895
774,0.42134606248440426,0.2161465618652827,0.31017624986619824,0.3077936305280939,0.21580500666523367
775,0.2122496991556935,0.43993261081457297,0.3120927384831227,0.21344420732047562,0.3130652547633233
776,0.4847394542260802,0.47752978349045966,0.356094634875738,0.3561135810153969,0.08182772311786413
777,0.29155510112184,0.5900055542754462,0.43415525204826994,0.4334675330493747,0.2880026325798436
778,0.2973635358824614,0.6222129355220868,0.302141041481683,0.29912487645730224,0.07902959231170177
779,0.4406958800883938,0.4916043664594871,0.07957925520664669,0.09908553910710625,0.7034731642330521
780,0.4201666452297688,0.4372119353517804,0.2143505154863363,0.2139222322645843,0.2144891168756117
781,0.10230473792398846,0.4313510125707412,0.6162299128211792,0.07982552546124394,0.421589027673938
782,0.4226704858406237,0.2166555929059949,0.3145065789612793,0.3117475980898523,0.21845961314021534
783,0.2440223386501415,0.48289378949440864,0.720570440121507,0.05933530691614519,0.24357031883007974
784,0.5771424757497844,0.5898689440625884,0.43505788616063895,0.4368236724418397,0.05209401639048762
785,0.5490279618260803,0.6166341525319011,0.30248124493130263,0.29824586379486,0.30246416605088783
786,0.4341682686598372,0.2445623540382535,0.354718563723825,0.35061878614313385,0.24319522971678373
787,0.42063617859989494,0.44147477937167606,0.0523081217811799,0.3189798278594273,0.3174309890989905
788,0.4176808800917129,0.4329356609034442,0.20792047406658187,0.2089316371541444,0.20837702364807534
789,0.4229154962389761,0.4380008344293591,2.7818140046891066e-05,0.630233689424963,0.05223706968884605
790,0.4807302700292473,0.47821397416845207,0.08009578740298211,1.5841959256126496e-05,0.7168328793928748
791,0.5804387791515765,0.5843269973513654,0.29310790191699976,0.2918837303636061,0.2876887708303288
792,0.2745983046703575,0.6168932061876151,0.45103169009484184,0.27188687133059714,0.4535059335176182
793,0.17227224271788225,0.17094277926150606,0.26877814140599965,0.07998929581440167,0.26656393031747067
794,0.4203504964523485,0.437946488093188,0.31861220998620565,0.3198882965951661,0.07817259204718144
795,0.4164198979158524,0.43252079406164506,0.31350160938631894,1.6061862474066125e-05,0.31180523007538613
796,0.4254063432185156,0.44013376348104216,0.20812712325287366,0.21053314452664482,0.2103933699179684
797,0.4819234183474526,0.1014768297091134,0.7188736470010215,1.5582456741381178e-05,0.4786509110516615
798,0.5786574096162939,0.5854686487289077,0.8686707093420184,0.0993285507280295,0.05211112367055703
799,0.5417678976368713,0.6261917851004252,0.05199777112524454,0.9133133566793964,2.7517655264620444e-05
800,0.4411045742955641,0.4881964347756626,0.23621782842039332,0.23651022158878757,0.23646411414711357
801,0.4173657541031197,0.44047099373630294,0.060769921699605156,0.3202248644740003,0.31725421856585573
802,0.20994571333610948,0.4330849411237944,0.31071680529379825,0.3106718779959766,0.20947818238434365
803,0.4237455330821516,0.4377818763483679,0.20799819950742673,0.20826000579943202,0.20812457225737993
804,0.24300394056189317,0.24051958880463345,0.23883872022333305,0.2383456148368515,0.23959494506491605
805,0.5776071976189601,0.21703326015834032,0.21803357388503133,0.21670882801464736,0.2169932086514516
806,0.5432508796917155,0.6244169257139047,1.6029419126850446e-05,0.05265927718905177,0.8991680539844201
807,0.43563772923743166,0.48927254636203354,0.35385625222333955,0.3526682141433559,0.05137335401654412
808,0.4216365536655649,0.44168242301766913,0.21200842235092096,0.21382338744485596,0.21149182396790214
809,0.41558173435478857,0.43769230939813597,0.3087628256253937,0.07900947479385372,0.3125138642644119
810,0.421367887822998,0.21979310133734753,0.21932702032281987,0.05295835659289257,1.6020464856748535e-05
811,0.48452089424886563,0.4796051829954363,0.2387913135583848,0.23908923342717878,0.2370718845948636
812,0.582081526052985,0.5893830429859697,0.8691216025040053,1.5876359572580134e-05,0.09962807746903529
813,0.5497274808004864,0.6212676423524514,0.2985299011900893,0.300204633266193,0.29892765034390884
814,0.43512481605909253,0.05260503823691919,0.23496987439331285,0.23698914762621467,0.236571719970007
815,0.42248157943284786,0.4363691223906479,0.0533095515863644,0.6384667025040874,2.7981730469795784e-05
816,0.42501580316164456,0.4352273877278861,0.3125815389045495,1.6023766372790582e-05,0.30961552586684815
817,0.42473826938433923,0.44044793573029756,0.06010455143477201,0.10057488738087066,0.6190493733623827
818,0.10086166867318104,0.47808516371824444,0.3553268687981371,0.05280299486641066,0.35873459883456016
819,0.582166353774839,0.5813661974273496,0.43924337830302806,0.43322710985929763,0.061513410365022655
820,0.272308793391487,0.48785879767457885,0.8978155510494773,0.2744738803855053,1.6052706164921146e-05
821,0.42985552787200815,0.48355706097446777,0.23572032141776864,0.2354820896817108,0.2354184506262564
822,0.4225332316673912,0.4363754826469997,0.059827813398709094,1.630309656082505e-05,0.6394069850281898
823,0.42304809191998205,0.0526936975930981,0.31098881514957194,0.311519583269623,0.4312583220560215
824,0.42068020351261287,0.43748439334079686,0.20919270480289842,0.20781575212456424,0.21006981505945135
825,0.24294065364190834,0.48207084378786313,0.3561959895341045,0.3574570067533475,0.2414558961366365
826,0.5803744985653756,0.5802214124436545,0.29109918092511555,0.2889150103097643,0.2917156276183087
827,0.548089588152439,0.6114327562992039,0.453487090318562,0.4512066674485119,0.0809492272108029
828,0.43057645118498433,0.48817096886385475,0.079146248403018,0.10105276378704027,0.7114761113307837
829,0.4181893035676016,0.4462625876651765,0.3185775699348237,0.1005329080639123,0.3203340264527703
830,0.41995703109673005,0.43624827078731004,0.20891625009332015,0.20690705870757684,0.20817835530899528
831,0.4217079443033552,0.43478404781135327,0.20869729459863226,0.2094497664090573,0.20785020168659396
832,0.4826336548711946,0.48347004519869025,0.23693981710925902,0.23835572662708723,0.23836013314569116
833,0.5822227158156705,0.585862132831962,0.4361016339442339,0.09965195567234726,0.43668914677344356
834,0.5445379790089659,0.6182836713621033,0.45257311126989447,0.4480455531883364,0.09800073787302216
835,0.4372724124892251,0.48960776215549107,0.3530067417889402,0.3530594123105231,0.07988321108545166
836,0.20862939772413772,0.4363997904498602,0.2112645673574869,0.3194144402726583,0.31737705584115816
837,0.10036576474592228,0.4343598262430646,0.6209596055629064,0.06153564561286736,0.052474201614590175
838,0.4237934997425171,0.4346245422213442,1.6277053267433118e-05,0.31188041475605904,0.313439434921621
839,1.3653049105910845e-05,0.47558578383718797,0.7178722223417366,1.370248737345402e-05,1.626054577663341e-05
840,0.5787027204555043,0.5834337981330439,0.039268514570183356,0.8713591190455174,0.0401738921225775
841,0.5422808633080487,0.6202307777850085,0.3011292941821688,0.30227807637895615,0.30178912069228686
842,0.43850556858707507,0.48956804055389597,0.23489660044953883,0.23458684256439546,0.23503005426412224
843,0.1003164964084685,0.4377312529074271,0.31734685305632226,0.3196324091268418,0.4181896455893001
844,0.4210983329984947,0.4345506987219366,0.31078830624112636,0.3131934181997982,0.08018140805985696
845,2.7548581974338815e-05,0.43839471147097586,0.629462487997892,0.05930161472334815,0.08091701670788094
846,0.4833027008376664,0.4787651057284393,0.23837832484644927,0.23588072001059482,0.23908706656414833
847,0.5767027431519914,0.592354450198548,0.05947414335462188,0.0798517179238945,0.8700666351808297
848,0.5394922634087359,0.6171945154571099,0.3000677429988951,0.3018021283991183,0.3014780599794914
849,0.4387448108890014,0.48953534379844754,0.23662614622542555,0.2355906725221759,0.23490020621337127
850,0.42072560611487425,0.5306174201789452,1.5980432445011962e-05,0.3175289278597014,0.3191660640849768
851,0.41974143349893267,0.4307372924593381,0.2048277556167908,0.20937813911792624,0.207155444405833
852,0.42398590690358834,0.43847426582982346,0.314007402632342,1.6257621493455936e-05,0.3134700137599348
853,0.48633424541917697,0.474425493970123,0.3602584053805977,0.08122416029370413,0.35772398827232704
854,0.28961538704953027,0.2926968696205536,0.8758303903527096,2.745988377525185e-05,0.10074683432927321
855,1.644962741290758e-05,0.6207150289085483,0.3004682153740102,0.30167287121155023,0.3003040580618753
856,0.43644659363291377,0.09928734344200489,0.34869125056868383,0.05292533374131898,0.35446726587364924
857,0.42104448516656584,0.4386889909301339,2.747558598224913e-05,1.6397313677052488e-05,0.1010568748325881
858,1.639411930293735e-05,0.43308633073240016,0.20778015878999345,0.2074927161788361,0.20896990968642645
859,0.4248662364985835,0.4380600489700706,0.20892315651364624,0.21021026336610849,0.20728827390542878
860,0.47813729201708915,0.4800637927292871,0.23690939618144902,0.2399744510083219,0.23829985395073672
861,0.5789946965131402,0.29137324131604575,0.4382147850392575,0.2918073946866596,0.4369409429870275
862,0.5434151258020309,0.6216944830603028,0.4520851787072885,0.4501594149306584,0.08019938027347982
863,0.21891808387659822,0.489259657717498,0.7114654073747312,0.2161980162453481,0.0796911634063107
864,0.4243168243125367,0.4409119458508974,0.3182545084739246,0.31992107908338474,2.7570571599055935e-05
865,0.20752044206650494,2.7881383608140095e-05,0.2110274855183107,0.3099840906646887,0.31051486407806267
866,0.4236119307423995,0.4440470586552971,0.3156285976108525,0.3148572615145402,0.10193053818447846
867,0.4876347917773421,0.48112468326440366,0.23806601066270014,0.23854844942913375,0.2384050914673648
868,0.28838656604344726,0.5862729186406604,0.05997474644900981,0.8784243814423554,0.29219121188735886
869,0.5431799451450086,0.6222186062626638,0.29942317755031533,0.29991249162233635,0.30060862151495404
870,0.4386107674194967,0.4870932694776768,0.23491639985988064,0.23620970793492013,0.23469168338210888
871,0.41971097516423256,0.44117029245094963,0.31844248291083405,1.6494555787772676e-05,0.31992862158415364
872,0.4200093721572492,0.43123244872353617,0.31249144225393855,2.7600156284823502e-05,0.3112024804137742
873,0.42029817785258333,0.2186718065204189,0.3158168768633707,0.2178303886376735,0.3149238020758066
874,0.48307468597473363,0.47329502837057574,0.3558130920054176,2.74384077185051e-05,0.35595892585881006
875,0.5835485476593253,0.5818252223650079,0.4357350071080789,0.4364418934541723,0.05319117679630242
876,0.5435427713556252,0.6186655376620602,0.4509823902843031,0.45113691631851854,1.636933385820115e-05
877,0.44275041983043595,0.49053144326506365,0.23518391017108964,0.23497632383792025,0.23553751732697423
878,0.4189083235258135,0.44141858185490446,0.08130549197140878,2.7493202593397773e-05,0.6406587133901184
879,0.4157421219217942,0.4316168148023312,0.31169365790836445,0.31077843391286136,2.74260409892817e-05
880,0.4185629687667766,0.20931109931072212,1.6402481207803344e-05,0.20877460307426596,0.2103622974158492
881,0.4837438367454066,0.4822249958196796,0.35825457556408496,0.36002528183105786,0.06110060425492057
882,0.5812403004291434,0.587575016186056,0.437623529911287,2.7397210744985115e-05,0.43337318156272914
883,0.5505880111215111,0.6213172210104806,0.3000192857758767,0.3012438199687039,0.301927621553562
884,0.4330709231148326,0.48727035637391114,0.7096565657552563,1.6337742579709904e-05,2.6938095785429622e-05
885,0.41628378865438603,0.4366778544889621,0.31845173842236046,0.3200141450977302,0.10142312430224332
886,0.42030375745823634,0.4307917002522466,0.07793033254578766,0.30930295682645276,0.31122479183800017
887,0.566382145839473,0.4376291884978315,0.2605415353724591,0.26020581444317564,0.2591706164895532
888,0.483035652740294,0.4771196996329779,0.27783647328622935,0.27401486010130155,0.27484754387430343
889,0.5797332941223109,0.5868494040408486,0.29013575801795527,0.29068668180079615,0.2911587645556449
890,0.5420292352014273,0.6136039737566026,0.34960289992480065,0.10084439872544965,0.35392665017583885
891,0.061366849509614546,0.49250564161392507,0.23739204187653262,0.23611561702937212,0.23326131893107063
892,0.4198652534230829,0.43653688973644467,0.21155872651419738,0.21128171568424817,0.21317903888071
893,0.4164853802998713,0.43707656343114887,0.3118016658876486,0.08016916418707527,0.3121812393060696
894,0.42067293925094484,0.44102096984996464,0.3142578665919962,0.3124101506024712,0.052384731258816146
895,0.4806283699263975,0.48075496865342277,0.35628055182298335,0.3597992654657517,0.08037501030211124
896,0.5887361465635907,0.587351793655805,0.43383401695218676,0.43693936252201576,0.08218458049698067
897,0.5467184286568779,0.3084581625104314,0.45109694916738957,0.3100616968584463,0.45066398358709797
898,0.43417610465949297,0.48559679163993924,0.05279393580505257,0.35634800019568974,0.35451271821896774
899,0.20837517714377488,2.7054152514488545e-05,0.6410583998024894,0.06139445106146385,0.21069502019545286
900,0.4191239074626301,0.4320642509888855,0.31048008881593797,0.05226687572454364,0.3119440576341931
901,0.42535081020177495,0.4411849007516326,0.21073833331304126,0.20938737755105866,0.20998993242066125
902,0.48242633528729084,0.05388287086059236,0.23792103962953082,0.23937564732969632,0.2374710721460169
903,0.5799012597276185,0.5835164099427805,0.0984635729942868,0.4403671732537913,0.4350128091749912
904,0.2724632801916589,0.6216545897840816,0.4528349226505564,0.2730921613446983,0.4477157743962588
905,0.433307289877273,0.48679947640708526,0.23658579777776687,0.23460856535183858,0.23395663562922497
906,0.41958227209004917,0.4360678604833088,0.059798589736359126,0.31641965338425976,0.3186059268737166
907,2.7231905910116312e-05,0.43315166976037967,0.31074438917258157,0.4201941012579382,0.3116742050027702
908,0.42377567867809685,0.4400521062397991,0.3146980927723767,1.6510012221172167e-05,0.31249023409094084
909,0.4828629289486533,0.4818205042182651,0.23798958416762017,0.23829338048964863,0.23662672530084686
910,0.5765351712862842,0.5871982495928753,0.28894017993362137,0.29356703927281874,0.2917004544100703
911,0.5425913144881938,0.6240761856844372,0.44978406228097795,0.44689313935916836,0.09925513545665905
912,0.4358400555356436,0.4890528030279313,8.31432397832835e-06,0.07880187893560293,8.296501965646007e-06
913,0.42363835471682537,0.22051189707060062,0.6358122858173465,0.2212573060620054,0.05342551126205752
914,0.20673418043115085,1.6514742007540905e-05,0.20983393150355945,0.43363822369402133,0.20875091833906623
915,0.4230651111925097,0.4384426228215759,0.20906365580700467,0.20868660137911965,0.20841548457654055
916,0.4833036607358963,0.47705210891943656,0.08087780418450885,0.3608060162122305,0.35826434600360335
917,0.29118970437714436,0.5915554350496801,0.2913150086686984,0.8735741716475864,0.07959126438072642
918,0.5479083268611281,0.6231917420517256,0.4530273423109066,2.7340695145530266e-05,0.4492638744972878
919,0.432703652450105,0.4854650573319672,1.6555948980471533e-05,0.3522727790162014,0.355193499227511
920,0.15897138614138537,0.4337401748898152,0.15903698225746715,0.15934950087818545,0.15868828765599233
921,0.418673748951303,0.4314983595022757,1.3633515593694329e-05,0.6274363145768467,1.3688790054804993e-05
922,0.41960347880382354,0.4409803831434919,0.2097479869286757,0.20819774274581257,0.20859284513725287
923,0.48423444701975316,0.48240643097850316,0.35827163639366394,0.35880850154214433,0.07991659052499146
924,0.574384833697068,0.5833993042887181,0.4331103936096668,1.6432689948018153e-05,0.4359928397640135
925,0.5467408584621948,0.6169404526717839,0.29921119205447827,0.30001986488304677,0.29766507273349924
926,0.43657699393947896,0.49014353143387274,0.2334200707651031,0.2346393006314427,0.2354580727991692
927,0.41861195202231904,0.4366866880591093,0.21372450901803894,0.2119542431020441,0.21364656010444735
928,0.41767584628151744,0.4381039561145679,0.2075826978467492,0.20856778543337803,0.20774962997815968
929,0.4154572907845542,0.4387838890489553,0.31643271253720034,0.3155165959368177,1.67168127717856e-05
930,0.48474635385241777,0.47933479744275537,0.3589506704524783,0.3599194874129366,0.09751896843682292
931,0.5852185545418327,0.29109341093684377,0.4349453333107622,0.4384772764375727,0.2939988580763512
932,0.44792654759053,0.6196125314183688,0.09902476155905807,0.4528882053560062,0.5526686269894806
933,0.4392996801714774,0.48847815947573836,0.35268694848857784,0.0996636226071618,0.35210231611657855
934,0.42104269541478057,0.4413906291572301,0.051965243341008306,0.6345717896349241,0.08046283628666705
935,0.21102289134694466,0.4287772332671787,0.6249896530171901,0.07983572713169085,0.2091585056355417
936,0.42346037159741556,0.4345933113696557,0.632786026848096,0.08032135345668874,0.0992817895844762
937,0.48847261035484835,0.24053638596868596,0.35784408490668124,0.3565752463154916,0.23879830590069714
938,0.5811147791213547,0.5887953239603432,0.2902067013826585,0.2901865122618528,0.2922111714464587
939,0.5459131945745452,0.6214385294957204,2.7236793202641876e-05,0.9032740285976572,0.07985010299810245
940,0.4409958235876995,0.24455082898219105,0.24488131530485585,2.678580303364805e-05,0.8361126949284384
941,0.21174926820296383,0.43963464713095063,0.31845822726042894,0.3191399718732704,0.2097911540474253
942,2.7306960069475264e-05,0.43298032061132163,0.31012644368003306,0.10071917733706298,0.31323527359467807
943,0.42573223231899365,0.43749078374418005,0.314482975567138,0.31320390342577703,0.10056522696525678
944,0.4812187936900088,0.4776440793045471,0.360212638883179,0.35901406308590467,0.052424502986299686
945,0.29151254454185904,0.5880336218484227,0.8665498214341373,0.0970174324576108,0.29080504819370157
946,0.5431175030010895,0.6137934190634435,0.2983445998062917,0.29948315077999993,0.3032935806661518
947,0.4398828569942649,0.2420788420828011,0.7090601319365436,1.6770867005840013e-05,0.24371397744252404
948,0.5306592646979117,0.25927624748732564,0.3869069884170286,0.38719273697495604,0.2558652501123501
949,0.4177804542996888,0.43246016455063746,0.31415047055039924,0.3103203312158407,0.05951836332818926
950,0.42254540865339335,0.4379867697708588,0.20994570371938925,0.20852465007924595,0.20874729538836312
951,0.4821812079628651,0.47842651766216754,0.2363841170273643,0.23787461311553584,0.23626316062980038
952,0.5777414904240422,0.5837268764807265,0.867374293686153,0.06023626061108894,0.05273084628606796
953,0.54729891071354,0.6173558764591316,0.45050190682777175,0.45507571439443767,1.697256318953805e-05
954,0.43361588147574015,0.48578834975481333,0.35371286431461935,0.3523593332778176,0.07892440032666433
955,0.42241782761210445,0.4365200729243519,1.6617453863073925e-05,0.08054866745593238,0.6383387823460839
956,0.2093109480614538,0.3462401249287374,0.31240777881519477,0.3111897550069129,0.20789180086974854
957,0.22081152753275046,0.21968549338466803,0.2093765838154482,0.21104016235346298,0.21042838697729757
958,0.483692059588794,0.4785490900411223,0.23809163370047845,0.23983997284354344,0.23849861155678267
959,0.5803407166945115,0.582272859437475,0.2911718796868431,0.2916717009212864,0.29193150802886814
960,0.2728110836300255,0.6212306035927142,0.4553772319203746,0.4485760049863645,0.2739147017986854
961,0.4372330328662599,0.24415962890151718,0.7002069788880103,0.24224515710346828,2.716639764670441e-05
962,0.414054385725867,0.43966113535031104,0.053011609648891754,0.640165337012265,2.6968814676623223e-05
963,0.41822210861800363,0.432364734825573,0.20706516266909858,0.2063865793120967,0.20799238836743664
964,0.42135658435578766,0.4364809709710647,0.3131506949185314,0.3131184832281778,2.7263077728945967e-05
965,0.4816132821026415,0.4778745990510714,0.23990405970635506,0.23759162746039095,0.2401714818162367
966,0.5821416109908512,0.5862909535512327,2.7318714423447035e-05,0.43762814536486133,0.43695687743647005
967,0.5418415663750775,0.6187430414711154,0.30028947145598767,0.30022765860213857,0.3014715433790677
968,0.22037248430015452,0.07882108727874747,0.3521064216337802,0.35724033134462135,0.21817110273642204
969,0.4186294106931416,0.43472452659962846,0.21205974401940397,0.21344865640307872,0.21316469078712552
970,0.4197661585445021,0.434983571905167,0.20489444829740178,0.20845378813644022,0.2076128985144777
971,0.42039782090677463,0.08031271649964754,1.6753787431493467e-05,0.06012032339683626,0.6272076329854143
972,0.48524841104723804,0.4828996986503974,0.3595368458011072,0.35554060282749755,0.08060913011676459
973,0.5778241426270079,0.5887080426816204,1.700739872687249e-05,0.4384860120649507,0.4358560900830212
974,0.5444889679832455,0.621760581048812,0.45120122311012023,0.45466402418326046,0.052724529308847516
975,0.43793494367142116,2.7084373807407652e-05,0.23660350772764574,0.2351606701812978,0.23549653893441058
976,0.421047984267383,0.43253096048544015,0.21304543715910038,0.21558385145495038,0.2134798174187834
977,0.4205291190675843,0.43602891615720657,0.3132631070173818,0.31420344775505593,1.7023279918763742e-05
978,0.4219256075774451,0.4395410756896743,0.20989476617845257,0.20888701328615603,0.21005834348094085
979,0.4814915987233049,0.4765812383520828,0.23994816488194362,0.23916318313322735,0.2380716690394674
980,0.5882060309595247,0.19382751936241427,0.8707130929084526,0.19599538427028043,0.19406590709148494
981,0.5447586860486798,0.6199537398700752,0.4529671274379961,0.4504106150121252,0.0795351781291397
982,0.4348385151496067,0.040826023042637494,0.05965888119720016,0.7098752764313655,0.04013576330884395
983,0.42056065149873056,0.15871639356533543,0.15970839277793153,0.15960650552825395,0.15865201013315222
984,0.42025386301130324,0.4335718840089281,0.20957357769946153,0.209227609643196,0.20792672185966032
985,0.41966421520224406,0.43712434289758734,0.20963698153145974,0.20904604947519398,0.21079118579327674
986,0.48228780815513383,0.47950569442573554,0.3582746590020133,0.05958522632724912,0.36128769593788246
987,0.5841785469426712,0.5776870168048394,1.6953031501638556e-05,0.8710687170540743,0.10103254429842413
988,0.5453335435235922,0.6179546803854945,0.3035561840632039,0.30198754125750865,0.3004023853831057
989,0.43666477286089633,0.48880394265386823,0.23564708622218525,0.23465383319667432,0.23372012629542002
990,0.41751180596827947,0.4413464331493403,2.697640263648359e-05,0.32130463500134204,0.3198623735412788
991,0.417678702658564,0.4379803272282106,0.31154879143785347,0.3110128888862895,0.1003005275528846
992,0.42346128900824237,0.43747324004711874,0.20794793115385243,0.21030869713435765,0.2106812278093225
993,0.4841672716459466,0.4821242003804408,0.23796299686658204,0.2377516020111926,0.23833301564961948
994,0.5835092613737367,0.09967190026512758,0.43916130717894003,0.05250908707354969,0.43722298551934413
995,0.05394573663043223,0.6186439585593194,2.7103298069753048e-05,0.4513691734599126,0.4530911346178944
996,0.4350853405747572,0.02614642927995189,0.7129463775944034,0.026642587243834743,1.6995191105883403e-05
997,0.4230742344793816,0.4406832692634531,0.21444564226354723,0.21305438250944966,0.21194677964017375
998,0.2093333951685197,0.43387571621160653,0.31191309386358684,0.2102241195869905,0.31193812096734774
999,0.2130818344704227,0.2113502370020583,0.10139632601508614,0.3112757491659551,0.3162650521984872
1000,0.060020573549334044,0.24095896601097444,0.08032271392244254,0.23861295167872254,0.716601651162195
1001,0.19359445615596602,0.06092453388758855,0.8782417037732257,0.19272477133443203,0.19363843141880746
1002,0.2738366389321441,0.27414995963557026,0.45200833202816304,0.05364859584931152,0.45129498092647385
1003,0.43555164909706573,0.48736723520393427,0.23664283963219512,0.23639593835164896,0.23430886223171443
1004,0.4188351136644354,0.2191435765602882,0.6415807790258058,0.07931706246364573,0.2209032178445036
1005,0.41374968506112036,0.21736144750272535,0.6186053429704917,2.7172550876718062e-05,0.2185957111377544
1006,0.4239207485766598,0.43673059913210777,0.05967241502264584,0.626947752894438,1.6924511744079088e-05
1007,0.48382083400930226,0.4841836906186334,0.28666477566819976,0.2875411452214699,0.060312657011263086
1008,0.5812364755279935,0.5880537876269654,0.4391900326400586,0.43315589760830464,0.09803557754943679
1009,0.546567953930509,0.6149332678479117,0.4552893987794424,0.45162873414440013,2.7300683242053147e-05
1010,0.4347971588231414,0.49085970173274746,0.35365727207579517,0.35489745186914806,0.08105435355921174
1011,0.4181964726662001,0.4402262101494046,0.21316426324145946,0.21227935307870205,0.2143289157851637
1012,0.20898146972982792,0.43261652774803305,0.20818075280170528,0.6247434350018419,1.7111305665556342e-05
1013,0.4262881588332755,0.4381935474303261,0.31255482243825616,0.3147699822754903,0.07892750433499023
1014,0.4831714920707331,0.4761014113176677,0.35691744284939225,0.35862598694955816,0.07972605598382712
1015,0.5792545862611604,0.582294426672002,0.4387795879465041,2.7411225723347093e-05,0.4374831568435271
1016,0.2730438165996837,0.6198775806879577,0.4525611891307853,0.4502495848911686,0.2729281177865295
1017,0.4378293929428463,0.05984587883570525,0.3542701354076889,0.3528801818289486,0.10006135669992731
1018,0.42097041210647096,0.4373235099399891,0.31876694841474923,1.7035369089122145e-05,0.31784474092904713
1019,0.42251189602456063,0.43424410758955967,0.31031109879638574,0.31221679544016173,0.059924327158606946
1020,0.42215118642250504,0.2182813702733582,0.21832175189672767,0.6313184007386887,2.696043446705294e-05
1021,0.4845013987191333,0.23963541333812566,0.10257300169392775,0.23950652853862942,0.23741387485284038
1022,0.5790984198367898,0.583572753281346,0.2907652087358919,0.2900967344689786,0.2926273133964509
1023,0.5445329827147463,0.6210649252215386,0.3009414177642362,0.30102928772510124,0.29840194796363445
1024,0.4350165513814287,0.487616123722839,0.23668971490641408,0.23409374756600523,0.23586865667918985
1025,0.2091084253530322,0.05249367986920587,0.3208370505663486,0.3179814659007283,0.210739326462968
1026,0.4198647019543477,0.4291461658377895,0.20811334112807223,0.20803826396285388,0.20582544248187648
1027,0.42163785545114046,0.43702452368035594,0.6241196037873851,0.09932541700590976,0.07927795962802665
1028,0.4817032070577217,0.4776307508043933,0.24005290857007602,0.24062705660456904,0.23857572468414714
1029,0.5760210949812016,0.5892584603513502,2.667677487127613e-05,0.4378955738369855,0.43457708977361437
1030,0.5465124951989134,0.6121188305903942,0.45041051214040073,0.07812388099942319,0.4493473595103384
1031,0.2174466743873642,0.48189123302851494,0.35140513693926245,0.3522078518841371,0.21939276028466734
1032,0.20853472939655385,0.05923101839720825,1.7216003276315314e-05,0.20977872126634545,0.6374025149971029
1033,0.41871353649970916,0.4360185467159039,0.03944878803720215,0.04001994121479641,0.6242464366550172
1034,0.6413533990691148,0.7014550282685221,0.2985327884736147,0.302966014372466,0.30147988896280237
1035,0.4831927127629056,0.4829002738528207,0.23995401154699547,0.2387763778245733,0.2395784126651155
1036,0.5787559806391979,0.079617333601655,0.21499069823678688,0.21956182546709924,0.2158477417850544
1037,0.20291790424331455,0.4106030498207458,0.10201506922457693,0.05211637238270661,0.20223735294991915
1038,0.43935336466936825,0.486659821022256,2.7004728941198514e-05,0.3535576338107089,0.35367448679347185
1039,0.4226629827147573,0.39250549895307596,0.3942812351467473,0.05338254078991852,0.43912581335509476
1040,0.41483680907585213,0.5726621656573749,0.2466482997175011,0.24826231537386848,0.24747788507903604
1041,0.4231090370487684,0.43502292520216146,0.2093336729616623,0.20881004035732156,0.20874040148848924
1042,0.4863719382181308,0.4788374032864808,0.2387709175711138,0.23786774910627176,0.23898228697477472
1043,0.5801711005259321,0.29050717923232394,0.4368301898792089,0.4334131787992731,0.29295234221392724
1044,0.5410399848509935,0.6169292565969842,0.4512175224751981,0.44936787426241803,0.08059731608287052
1045,0.4364138205536842,0.4878860079207811,0.23585699657045486,0.23565817101087147,0.23639714327589034
1046,0.42431398288945504,0.4391278345880688,0.2137132439764471,0.21393625513984615,0.21409856474343505
1047,0.4169664804083179,0.42947667096790915,0.31003050596577353,0.31384395536291476,0.08047173496874756
1048,0.42226878950322944,0.06089631212147306,0.20911895416767845,0.207791499525853,0.21051395096476586
1049,0.4820925084143377,0.47793531295712577,0.23905811635638552,0.23959675726515775,0.2380917916923471
1050,2.6356863083053966e-05,0.5880202588506485,0.436017840960305,0.060599294777222285,0.43641491043111186
1051,0.5436514111676144,0.617978166039298,0.2972292108155955,0.3000047384240391,0.2982129118620456
1052,0.23499018740300684,0.48524775269776604,0.2372780405397934,0.2354215238304598,2.681373110264603e-05
1053,0.41914063001496243,0.43483280351885173,0.21133781567975263,0.21418052177325964,0.21361886513229475
1054,0.2095068869078318,0.43492601175388357,0.3124333083180266,0.31252029058366443,0.2061259747033459
1055,0.42486307196482304,0.22038649281314762,0.3125381457064819,0.21983998986439698,0.31259156981116487
1056,0.485036153093508,0.6208900399641055,0.35791295196093603,0.3568691504079877,2.675559320465607e-05
1057,0.5777360697581856,0.5867439657650535,0.07992717780675206,0.8718226864640861,2.680388718921542e-05
1058,0.5440142227105293,0.5016919099188514,0.3007408590770026,0.2998481808781798,0.3025724736148753
1059,0.308882785929895,0.4844460346618847,0.23508945155358615,0.23677556283030532,0.23500454673161028
1060,0.5667355935229857,0.43925282243179153,0.41310221978696793,0.41200692499248903,2.6851032930362448e-05
1061,0.611823141987406,0.3000430960523319,0.3100823301632432,0.31115344894554586,0.30047611417339515
1062,0.0,0.0,0.0,0.0,0.0
1063,0.48377314243794145,0.6274789974211453,0.4731768804832969,0.4733383379017354,1.732239108072009e-05
1064,0.29001192862298364,0.5882622166090421,0.44072821642704796,0.43811693531969614,0.2898025670137001
1065,0.539370646590221,0.6216972392556571,0.4494875975213324,0.45222361951049533,1.7296257525643515e-05
1066,0.433517266315109,0.48403129177309423,0.23518351030968773,0.23427304947613384,0.2367736694651379
1067,0.4204408333042419,0.4382514445859637,0.6377689908826921,2.693236706591672e-05,1.7313137383182882e-05
1068,0.5573284164488583,0.5859827199519684,0.798273310342821,0.05865295778041839,0.05296093733933432
1069,0.2508114399313338,0.43875827985907717,0.31411855688804213,0.31589220018328096,0.09992476725558234
1070,0.08042991669843338,0.4791819553093853,0.3585936513173796,0.35705675713340806,0.48211223019129756
1071,0.5797298579445842,0.873537649372233,0.04017477028130325,2.688272869964079e-05,0.03945788668447856
1072,0.6584108504767672,0.6247230618566025,0.45298785065671276,0.4499423767081081,0.10125442108393094
1073,0.532583008204123,0.4841966954628056,0.23544909664334734,0.23601513148626874,0.2337643398741145
1074,0.3247780132498355,0.4372034313198973,0.21283422169746238,0.21335759011631913,0.212847043602561
1075,0.41537392803911943,0.42889331559632765,0.2077731673469838,0.20639331739419667,0.20782719792619817
1076,0.0499331604648869,0.4367074473650242,0.3134119471449724,0.3138575941419074,0.04944823391227123
1077,0.4838116035776163,0.4773333706138065,0.23724644979503393,0.2375826868471946,0.23800918352461262
1078,0.45849538430122094,0.4327528778876182,0.43530152843005354,0.43709500449099425,0.05966802552759836
1079,0.6457589340963293,0.6183458211063917,0.05210353887087995,1.7260636378732077e-05,0.9058685357055153
1080,0.5331092863297173,0.24632110938097254,0.35135762521317665,0.24544935867710843,0.35647945125173863
1081,0.42104773294899417,0.4410769188255008,0.3197154929527716,0.3229483425942343,2.6729754811529806e-05
1082,0.4223740922363567,0.43773988997293967,0.05954341266754857,0.3112431793714797,0.31104319270341807
1083,0.4221547904491455,0.4366712347307085,0.3133329839270181,0.31317453098136033,0.10081564386564369
1084,0.47906299041601835,0.481907051237548,0.238704655087043,0.23822337107927963,0.23804764269881637
1085,0.5795919297195301,0.5881845367788221,0.4390576295911402,1.728189669372183e-05,0.43427706012964795
1086,0.5474625861773323,0.29874717296019204,0.3021525582484337,0.3017211018504209,2.6602778387669885e-05
1087,0.21770789089702378,0.4880209098006792,0.35257581069636634,0.35716266566259103,0.21876391235974926
1088,0.4135552542636705,0.4385170341913174,0.21356509748941796,0.21419999093825862,0.2141445667273563
1089,0.4189972214100413,0.4334287402453032,0.20899143318339508,0.2071815968620487,0.2087906958372885
1090,0.41741604097222745,0.4376308687181711,0.05888950828555861,0.0799628824805084,0.6307564174738461
1091,0.4806883039567576,0.4808604830135147,0.7170850980499183,0.05270155885142995,0.06030344439989929
1092,0.28875255315878257,0.5895730297407599,0.8758848332429437,0.2917167710961086,0.08102137111939658
1093,0.5470657941123993,0.6121711006559786,0.4518684435437067,0.4493820987692204,1.7573194981349964e-05
1094,0.4368792452560171,0.4903183583723086,0.23475571336569248,0.23324012562744437,0.23480896605119936
1095,0.4196725262710574,0.0264675104307383,0.026084866951322033,0.3188143473487693,0.3184142616693988
1096,0.4202217810165088,0.43725691842377523,0.310316345836082,0.31035283620020665,0.08117281086981562
1097,0.4272097846538719,0.4343834393438785,0.2094135321903308,0.20893552705756227,0.21011525656767097
1098,0.48299034722155515,0.23984846037661955,0.3574233693057892,0.3553576518606949,0.23879001489933568
1099,0.57893525568381,0.5831445404510922,0.2922539584491283,0.289561167771221,0.2895819820466142
1100,0.5449262223672582,0.7339581336914918,0.4542315825421479,0.44982892482177644,0.052966330314639105
1101,0.4364408257399633,0.24258078497277452,0.35277042746845,0.35620242111220063,0.24506536127087325
1102,0.4176526967478819,0.43903198725058173,0.2125648498835041,0.21191427655793504,0.21343843997116504
1103,0.41955891459656713,0.43639142534877223,0.31296437222171947,0.31254313291224206,0.05996549091502843
1104,0.4203031825357579,0.4369387251215215,0.20924265165413028,0.21041121724277836,0.21035560186318106
1105,0.4816554456681581,0.4842887552369968,0.02584852681585809,0.026779278704631534,0.09855905569597241
1106,0.5750808093951363,0.5883918795797317,0.29075676866913336,0.2918967957459184,0.2909211377675098
1107,0.553010473974547,0.6218114881989618,0.453141178227528,0.4513475436814229,0.09913399077540329
1108,0.07898821340266253,0.4853960519582347,0.4371815718444738,0.7091689309873742,1.7613587988099727e-05
1109,0.17013093938305066,0.16966027403565517,2.6804386238058192e-05,0.31898930124136954,0.3197803890018559
1110,0.42005318345345377,0.43482395253393724,0.20804801791777214,0.20823153290538032,0.20788300165289222
1111,0.42207681701491423,0.437003443755206,1.7776750298898058e-05,0.3162568280972211,0.31274916043897943
1112,0.48322625559691945,0.6068065433410985,0.23834704053044822,0.23673496560613502,0.23696669957999675
1113,0.5782429484207053,0.08009705746639584,0.29206742967806776,0.2904971317149912,0.2931667306217723
1114,0.5497913433738425,0.6215622585067494,0.45010731886159383,2.6424538460328103e-05,0.44863333896885943
1115,0.43503429139252514,0.4878541401641998,0.7074706187065954,0.05989587106380019,0.10123916529458024
1116,0.4235421101296625,0.43760749131034865,0.6333005240431798,0.1012582199795175,2.653109259446187e-05
1117,0.4205696225055422,0.43375111767923646,0.20888243620719904,0.2092757055177118,0.20822915136328154
1118,0.42264213904055925,0.43482910873923275,0.20928098069581744,0.20906574063261973,0.20999428315602164
1119,0.4871119935336555,0.4801320799562951,0.3552659998072897,0.10024670768811146,0.3566152408184793
1120,0.2905128313058067,1.745608274170702e-05,0.10079134600111153,0.2878066050884215,0.8745810204728831
1121,0.4510112740690209,0.3079574955308655,0.45231615929754737,0.31323964512984775,2.6397265496528196e-05
1122,0.4344037867406314,0.24326343753650323,0.24454923319525015,0.7036599282039071,1.7938408010433507e-05
1123,0.2090240840074038,0.4385134252063308,0.32006747441841904,0.2123003413106055,0.31863826082184465
1124,0.207781757769156,0.4345945029459036,0.6242343468265963,0.060171918999955554,0.21010848002159452
1125,0.4227731796484046,0.4354634736672923,0.31379578697710286,0.31309341822169084,0.060963545148277995
1126,0.1588852394365882,0.16049778761380293,0.35771195012855994,0.35720034289387453,0.15893243252216568
1127,0.5786970229879066,0.5962177662956099,0.436547603787148,2.666375942142319e-05,0.4375448607902301
1128,0.5409119119794417,0.31235144407600546,0.3089270687837198,0.45487191175168584,0.4505651700743649
1129,0.437893915830967,0.4865688495038944,0.7029387678577259,0.06113711061281696,0.05227740646919505
1130,0.4201284108640509,0.4406528944550356,0.3213536689940332,0.05992022647010157,0.32024569716651474
1131,0.41944696204250176,0.43438289304158484,0.31023408193820773,0.310673847570591,0.060150240685518525
1132,0.4200668999286537,0.4379185782445361,0.06034352624610111,0.3167564558682153,0.3141203215578636
1133,0.4862967281311404,0.4829097224753805,0.3582585516994047,0.052523247715545895,0.356166294418719
1134,0.5830981938319779,0.5880207523007391,0.2920837663185008,0.29215087398846346,0.2900373201523677
1135,0.5439009096007851,0.6232886111374054,0.9037057643453791,2.6503372092706853e-05,0.05889350031416199
1136,0.4371177746876599,0.48901749956142215,0.4197686479331302,0.05249908996164356,0.419927972599563
1137,0.4207901343520409,0.43915787125175787,0.31730652331568937,1.7546900237427506e-05,0.3183426617401736
1138,0.4186784026005608,0.4327247687713407,0.059657279536647345,0.3108418664297538,0.3105467271658871
1139,0.4247372159663497,0.4384144794025092,0.623655430754884,1.3340840017974577e-05,1.3288185819278434e-05
1140,0.48418736285682357,0.4789133631022149,0.23948644993449486,0.23864872731190068,0.23846989817555675
1141,0.5790700732289618,0.5888747250813343,0.2896152822903956,0.2908479476464296,0.2922892505314689
1142,0.5461774815890158,0.6179125720069648,0.2995373153136763,0.30060717866374265,0.3005752536221084
1143,0.4358022626092603,0.49056804137019594,0.35605432480498295,0.3541662188620055,0.07974063220958928
1144,0.41893907922915125,0.21894503975425142,0.051321316925684084,0.6371578628012339,0.21943018770631953
1145,0.4175768190282701,0.1003060099466893,0.20693379030490808,0.2078988950558286,0.20795560265638047
1146,0.213107878326779,0.43771265091414746,0.3122775746100984,0.21170171416439354,0.31234483076478936
1147,0.23999948824219816,0.24153379248816606,0.3578899790246554,0.051994410001723716,0.35669666022010904
1148,0.5776103339597278,0.582527692308345,0.2907588711146184,0.29198042624313064,0.28967528738007403
1149,0.5420987706902366,0.6209814951797201,0.2998227489573548,0.2994470336458013,0.3003864483886908
1150,0.43622123233480015,0.49267110740033654,0.23439887717720753,0.23605070542522202,0.2368210488507934
1151,0.4224592390411308,0.4381034608347731,0.060406377506310276,0.32056923332900594,0.3199773453369177
1152,0.4158232439918019,0.43842338749000037,0.20742986045006476,0.20710840354941543,0.20884925500392404
1153,0.4226021406463525,0.4341503171820938,0.20976177061706291,0.2090343987822794,0.209257027199839
1154,0.48534837265818914,0.17798912753404605,0.17849689972742702,0.17856019377164037,0.17877311145957703
1155,0.5795559439900669,0.5897184723032629,0.4351209928717568,0.4382397151301563,0.09842634543319839
1156,0.5503224976966329,0.6213687347205733,0.30028840486340086,0.2990023669036006,0.3006515647067733
1157,0.4383022727381935,0.48602862343026104,0.7046527532404196,0.09880956088414401,1.7852052758418915e-05
1158,0.4182935631650884,0.44222971777799314,0.21241816661412563,0.21341617120215595,0.2128564518104372
1159,0.41780790224363085,0.4306543478541322,0.20600686531358062,0.20890466693570864,0.20784171591352574
1160,0.42280860979751417,0.43087083154793865,0.20775298978693735,0.21037620293609882,0.21038402803741577
1161,0.47811779967588275,0.48181868480173107,0.23798085131323396,0.23724320399068036,0.23784747034876144
1162,0.5831584056852638,0.2927817619826975,0.43445512081019183,0.2891957927318093,0.4352872978375974
1163,0.5485853812630869,0.6110468793186125,0.30004704827375767,0.29857255183960196,0.303466993794471
1164,2.616578153136453e-05,0.4927191344151381,0.10097448984006013,0.3544392111090847,0.3544252529822968
1165,0.42091383098566076,0.44125800562649614,0.31872695118209343,0.3174898142791884,1.7876324088406617e-05
1166,0.41992831570806866,0.435626135056525,0.3123703818322141,0.07845775330435742,0.31396289659759297
1167,0.4265486299444123,0.4366995776835772,0.3113050749920275,0.31591977648679265,0.09912484126634752
1168,0.48775723385914316,0.47649248933554955,0.23809369979006423,0.23781538462671292,0.2390558460368473
1169,0.5807237587588097,0.29095659476089053,0.43514070884583617,0.4363141890030851,0.29273115015695084
1170,0.030220403010167013,0.6188486789252495,0.8990478748111193,0.03034501935899534,0.08200109513480046
1171,0.43714668121793615,0.48756130685209503,0.7093776772706418,2.6241609264320342e-05,0.09897787351944774
1172,0.416132193034963,0.43898209934737864,0.31966320554281574,0.053096879762201184,0.3183974352437939
1173,0.20995115747365772,0.21114198852725863,0.6208951527548611,0.051090223192218176,0.09899433775916149
1174,0.21084877040358047,0.43874149654383904,0.31358880835444786,0.3128558876162074,0.21219560700988618
1175,0.2415236027963924,0.4827093087332236,0.24221503235563102,0.3567369222990207,0.3554388533603291
1176,0.580864602327505,0.5887670916067799,0.8723862584178629,0.07899722074235628,0.10197881802093645
1177,0.5422840825110801,0.6246787444767878,0.5200810160622171,0.518121175530474,2.640177840353226e-05
1178,0.4346703298715493,0.4863624211993871,0.3508916107991987,0.3529850980444914,0.08004523576274891
1179,0.42418882110690365,0.43760110720275863,0.6403564024032137,1.7892192468967885e-05,0.0586033706159049
1180,0.4259314030843414,0.4302755686132623,0.20764639832521004,0.2075215673473585,0.2078223499951337
1181,0.4236189913607742,0.21993569182422898,0.31567025176273916,0.31637354215294594,0.21803956112302214
1182,0.4858880179442359,0.48237551576533383,0.3579458073111008,0.35849252535886483,2.649781246982105e-05
1183,0.19324688457745143,0.5841038627191151,0.8726433950318059,0.19316760587797846,0.19279901690865897
1184,0.5486825155148526,0.6213009113470455,0.3007370915011092,0.3008379797486879,0.3011887064321427
1185,0.43454287193798646,0.24467214100721318,0.24599135104908235,0.3530319320828413,0.3520174851535417
1186,0.21026747894088987,0.4380304016984458,0.3192335770994154,0.31957189509923223,0.21081692685929934
1187,0.21022720537817555,0.430240319159683,0.31143407841498194,0.31132327040779245,0.20945270853396306
1188,0.20947517605542604,0.43956835382344855,0.31183971843894065,0.31436225930831146,0.2100864589266104
1189,0.4873006108440095,0.4804186282251196,0.04878277235935714,0.0499416445457174,0.7156034925523698
1190,0.2899901542941034,0.5831618321095302,0.4379253872162075,0.43700179240535075,0.2915678339974554
1191,0.27229927648721824,0.30050160091984224,0.29868602941342787,0.3022785491123758,0.2735425551085393
1192,0.433925378324665,0.48532857460356327,0.35420839067470755,0.06065299778534161,0.34885036261468977
1193,0.42187916438456197,0.44005601044423187,0.21215360728303526,0.21355153198068297,0.2140216226414524
1194,0.4207660010016603,0.43323743500952505,0.20613512684943044,0.2080318444677601,0.20719282844949036
1195,0.4226066265441169,0.43361470761660775,0.20964167139150203,0.2103496053232077,0.20993324642529668
1196,0.48195684061947314,0.484291065165228,0.7129006882193695,0.05975251855768239,0.08004621368817592
1197,0.5802047930227916,0.5818231054996743,0.06099331542010083,0.4366555014865386,0.4370726641461154
1198,0.5374070916702365,0.6243623729643961,0.4507305317306332,2.6037279983981866e-05,0.4482418377945925
1199,0.21887718488942529,0.48452318044090775,0.7040846464352097,0.216207165214714,0.08075687247968732
1200,0.42203274261918905,1.78893328323036e-05,0.318623416237936,2.656233272951079e-05,0.31736296319236
1201,0.20967693572907303,0.21402098756220872,0.21627895808397896,0.6211420551736256,0.2076911758170306
1202,0.4221247006272946,0.4404612952674236,0.20921962835974253,0.21110490775804283,0.2089424376167519
1203,0.4810882212269775,0.24104576548069204,0.3579267326109661,0.3577463962507906,0.23846419116707382
1204,0.5880289137847368,0.5874905998760451,0.43600334043622374,0.06012423725009328,0.43242447823340957
1205,1.787551913599923e-05,0.6224214984484295,0.4499807577710447,0.5458460932380875,0.45091431965580053
1206,0.4398982470662679,0.4876638689547282,0.35437656835743897,0.3509422441528818,0.06079433736291825
1207,0.4190791259078225,0.4404917662414574,0.2117274855740872,0.2128600325619724,0.2128012259844443
1208,0.4193393250087972,0.43020685349857324,0.20694588512773146,0.20625567588239258,0.2070092620709607
1209,0.42225709911539616,0.4360420644678083,0.20941374843661997,0.20884013500458984,0.2092405750680838
1210,0.48780946051535795,0.4825721105242697,0.3585835970324011,0.053003919658284125,0.35771836142329305
1211,0.5861655805454878,0.5871920226181008,0.2918357371427126,0.29143334599036486,0.28947502427038246
1212,0.5500382012544546,0.2083872607746671,1.8190214301421742e-05,0.20497848751210465,0.20629614548751615
1213,0.4348511334818992,0.4822353514664934,0.23663581107330325,0.23667624696230685,0.23597148394103606
1214,0.42085605031338547,0.4359633300622991,0.3699431678697663,0.37185919617671703,2.5812528240579926e-05
1215,0.41788433911318107,0.4314250599414434,0.6222920140856207,0.10125974060318055,2.598388691959909e-05
1216,0.4191871108821227,0.43580387643168156,0.21010257541890312,0.2086950904057826,0.2094282851704177
1217,0.2399015790104963,0.4765436504348209,0.7155990155645141,0.2414837201351889,1.78969525556946e-05
1218,0.5828961278555997,0.29273792497296763,0.44063894251241237,0.4345051699410411,0.2921664394515675
1219,0.5502442556523157,0.6223245342592358,0.45100960256631917,0.4523676910885163,0.079595266257325
1220,0.4372082659446455,0.48534262772852155,0.3524570160235688,0.35209702315399327,0.10000029819863207
1221,0.4156629958209272,0.44078057153883576,0.3207447845289749,0.3195465692547396,0.05986840548856523
1222,0.5295286271297039,0.4302718163209664,0.31043960789080743,0.31027642053139953,0.10043479832711344
1223,0.4202130439330954,0.07974489145989024,0.3141633168041563,0.311684394177146,0.05956894133406626
1224,0.48378226916971745,0.48406384702996313,0.3606647650002759,0.3563444102717262,0.07952517807346601
1225,0.29206130658392565,0.5817107628782787,0.2871119410193532,0.4345150453944658,0.4340017206624044
1226,0.27170342780009404,0.6163735064367205,0.45132010619070445,0.2706740157019017,0.4480229997821443
1227,0.43261261982221827,0.10050997407636456,0.23517031575897043,0.2343051479213569,0.23557378298530685
1228,0.4233262062416658,0.43718058094366063,0.3213192046934191,0.32124914683455047,1.8104262713805993e-05
1229,0.4166641150016247,0.4314341324960571,0.208126994607469,0.2079986510698427,0.20739695282140172
1230,0.42232508101288335,0.43709232710882545,0.3142439564081998,0.31485439500790957,0.08020843940399698
1231,0.2414737861900735,0.24072730131464193,0.2410368374911465,0.23984977933250975,0.7140253652020427
1232,0.5781111260203277,0.5888812823526782,0.4380907700783266,0.08067288675204448,0.4324743519728951
1233,0.5430287971932057,0.6197570348019412,0.09801765580603336,0.44825277810490854,0.4503006678654316
1234,0.438638789546459,0.485659363593234,0.23324781411907222,0.23526194960532834,0.23726303375573324
1235,0.4168675298388973,0.43465253900619494,0.31740499261155347,0.3200983675965309,2.59497805373971e-05
1236,0.42039917582383823,0.42878600666888556,0.31042674686339133,0.3125227376950246,0.08286072954261567
1237,0.4236891085690632,0.4403776903785596,0.2088020607560119,0.20839066693687025,0.21056763588624786
1238,0.4870479076760219,0.4799779480651648,0.23737948002436712,0.23965878026310694,0.2403657112319961
1239,0.5792697680995357,0.5840714412269529,0.4372668212510572,0.432584146854423,1.815482040595678e-05
1240,0.5429198953747891,0.6171830670306896,0.3018402861569875,0.3012409759847061,0.30001298269755045
1241,0.4350065266533838,0.49124568371077987,0.2336715397774385,0.23500231615252798,0.23410955004036318
1242,0.0795194854409802,0.4378415196218459,0.32000220117339473,0.31912718538568585,0.0525796376093476
1243,0.42376043122939927,0.05944615863944728,0.20803251228262964,0.20601832658010114,0.20942422351554776
1244,0.4217905374717785,0.4337804021257346,0.20895378352329744,0.2103683605905987,0.2101077708884551
1245,0.24228699725626454,0.47421165682748234,0.35874830808638924,0.3561248502483252,0.23966869059842422
1246,0.5777282802853806,0.5832393391026957,0.29190700227842814,0.2879767150078711,0.2896254749049862
1247,0.5430318337243998,0.6163711428101091,0.4475523438756972,0.4509666108093772,0.05314211336686151
1248,0.43467842368117277,0.48650812896136514,0.23693752198014187,0.23485333488485735,0.23693331733825232
1249,0.4205565996542231,0.4363723474343985,0.32029564169916036,0.32176487383712216,1.8253658664307476e-05
1250,0.41782073278986304,9.1205420726039e-06,0.30950767288646497,9.083438084276572e-06,0.3113979026947025
1251,0.41828834955690264,1.838059267575166e-05,0.31402890739651507,0.3151170935628245,0.09914288121747623
1252,0.6791207854932395,0.6172727391000198,0.30833766577004135,0.3102900794243504,0.311956474720221
1253,0.5791076149876005,0.5845004399741365,0.4377481851947256,0.08177924348642678,0.4358768481351568
1254,0.22106152366385265,0.21928517115625243,0.38300546273099206,0.06019167796144631,0.3831649312845856
1255,0.4372412696825447,0.4844964753064637,2.6531209545636492e-05,0.3535601379876822,0.3540718911095011
1256,0.4190528383491471,0.4365527173446838,0.09872838951516687,0.3153278851416292,0.3193364245993579
1257,0.4145020726397079,0.21611458796181157,0.3115662042755329,0.310639985322886,0.2157511130888276
1258,0.423864539850598,0.4369377727376323,0.31536479940002415,0.3145828895247331,0.09904478401980463
1259,0.4801840326374718,0.4797885604351641,0.35825750195444545,0.052358111630685225,0.35503832443938194
1260,0.5821173182902574,0.586566397903054,0.8760554582613513,2.616761363715225e-05,0.0980021941373617
1261,0.5477611377133026,0.6185332605721361,0.9095963990787111,1.8172147183063644e-05,0.10162071153882056
1262,0.434764719183988,0.48452293681720887,0.2341974813801199,0.23539041313291495,0.23519801763852533
1263,0.41737709188135425,0.4403016701615687,0.215678330400608,0.2138944245014511,0.21208316007822384
1264,0.4189842203132551,0.21604278802889623,0.21619567370085288,0.3109986534639733,0.3115587680814154
1265,0.060719306354480106,0.4371959265163503,0.3118677506546094,0.31279097616081136,0.05302484087201424
1266,0.4872414474023112,0.4798286847162146,0.23878630337619955,0.2409188297324495,0.2385022583908886
1267,0.5824937734479322,0.5861480530310607,0.4376247855801736,0.4378892683203213,0.05110636619290886
1268,0.5494737965523494,0.6131966444517837,0.45028261949298226,1.858009915377929e-05,0.4501422710181383
1269,0.439646960087068,0.48984413243376806,0.702709310271049,0.04920873174646124,0.05092637647442636
1270,0.20985951097752067,0.2116169528959359,0.2132939444651609,0.21360887801987596,0.21403580471039677
1271,0.41509153191302006,0.4325023218072473,0.20613634120937252,0.20946534372795814,0.20512939325378043
1272,0.4258902882968751,0.4402168912694123,0.2092495441043942,0.20906637765774472,0.20972966259276227
1273,0.4813626953081838,0.4810935736096523,0.3593284208392699,0.3568864039410225,0.05897679929838223
1274,0.5739969856195865,0.5869382255907043,0.433266630087114,0.053093476834147384,0.43644698413311145
1275,0.5507067607089677,0.6193841444888721,0.30301224125992926,0.3012889565375468,0.30270413330115237
1276,0.4358378119703176,0.24323228191698695,0.3542133513848635,0.35446761946965694,0.24365000012565716
1277,0.4210143099986528,0.43595792531617067,0.6404095722674743,9.233764437786285e-06,9.217108130028575e-06
1278,0.4182003346023952,0.43337576350995427,0.07944558914507059,0.09940230056173287,0.6261084843223037
1279,0.42346284200106993,0.4391217711769676,0.31341282963079165,0.0802096766721525,0.314172310406089
1280,0.486432392214192,0.48257145153323194,0.23877023078532725,0.2393968134648825,0.23705008818744014
1281,0.5821661581426613,0.7245857851274061,0.2909179367988587,0.2926382373235088,0.28824990123362754
1282,0.5396594660073347,0.6211605121036979,0.30003113431968875,0.2974221613050227,0.3039694511605499
1283,0.4411771939356191,0.49536493205338095,0.23395111458565265,0.2372080859269221,0.234200944104209
1284,0.4198531494257086,0.43864165291439067,0.3212754956403211,0.31929348474137703,0.09806531985098838
1285,0.41841894635767624,0.4344520354831819,0.31389769547612445,0.3133933796526234,0.08113402721012011
1286,0.41775616851833647,0.4382369073100474,0.20954596198602662,0.2095757053975843,0.20987666956680726
1287,0.2403054438499076,0.23906045850309285,0.7151688700874845,0.24338103313678514,0.2406107142064206
1288,0.580972344490258,0.5901915815285552,0.2918812913279893,0.2913138650922848,0.28972065030859423
1289,0.544050366785605,0.6137662184206263,0.060265126413691035,1.854524192203742e-05,0.9024132717540075
1290,0.43844926118761446,0.4188627796863837,0.23629983059936344,0.23416836681606967,0.23422981667312134
1291,0.4189302903148518,0.4416559809410986,0.21453892196421454,0.2119101913305085,0.21339118049031844
1292,0.41796434819680783,0.21710511649942751,0.31021425706632466,0.215482916697881,0.31268485585059097
1293,0.42418420497310116,0.43430303209302523,0.20847871247826755,0.21045689081265706,0.20826769187969765
1294,0.48137910781281584,0.48453887122768347,0.23762880981443146,0.23715127297074948,0.23924933492675035
1295,0.5766867846991868,0.5847627325791231,0.09985373085330819,0.879898601721364,0.07944124891770799
1296,0.5406670016447105,0.6174822364568491,0.3029764263828885,0.29841485397014555,0.3006048086388024
1297,0.4383926412517487,0.48722479910781963,0.707190738768375,0.05178027061420106,1.840172885043973e-05
1298,0.42309773289465613,0.44104569049368675,0.32131758106997155,0.09900343269742758,0.31789948853733985
1299,0.4218549473142256,0.43311460552948067,0.20682994286557158,0.20762401865152758,0.20676920780849475
1300,0.4209960583421609,0.43500271753970965,0.31578217492335736,2.6349862317421202e-05,0.3148078239590452
1301,0.4855447098972462,0.4788456790188921,0.05403252843177056,0.3554714420408347,0.3591201782892838
1302,0.5811128366492732,0.591099805238825,0.28987758747521536,0.2938873558151491,0.28953762846014025
1303,0.5464400422898839,0.618780104402359,0.44915142432449484,0.079864074076008,0.45321017707475303
1304,0.43518454860283085,0.0816078362614867,0.23606997616576678,0.23565463918179394,0.23572770559392475
1305,0.20657628039315898,1.8535500938122927e-05,0.318589805546309,0.31805607778764783,0.208595071989939
1306,0.4183821976669823,0.4298510523103235,0.6282098059879817,0.05357611186137814,0.06089759979119112
1307,0.42819146535113206,0.4378077572101539,0.2100114995569906,0.20997210378404288,0.20882931808927194
1308,0.4818949125605963,0.2385644957912764,0.23776107103636546,0.35865312664108123,0.3573940415550999
1309,0.5767985686800098,0.5853565466066104,0.4319563201992402,0.4346708992042124,0.09966001527649318
1310,0.5489418716740895,0.6184687087881795,0.45586586220408537,0.45093849197217345,0.07988618752408312
1311,0.4335036148781772,0.3951969905398259,0.23611363432569307,0.23558004069759997,0.2336679417850375
1312,0.053109095336613954,0.580567345875338,0.2533513159275057,0.2536472419031216,0.25374931359747144
1313,0.41757018614915226,0.43665545664457733,1.8701027374255412e-05,0.3107595300030884,0.3108055582859473
1314,0.4229719139409013,0.4370368660878768,0.2081695695826494,0.20852935416834184,0.20805425037479933
1315,0.4871234785375451,0.48138251268822446,0.23561544248155228,0.23628762804823136,0.2381791448965426
1316,0.5812583599821018,0.583666403741835,0.8715736917996718,2.5735829643386773e-05,1.877982346368908e-05
1317,0.5368286990960229,0.6205893828457485,0.30105271625988544,0.3000081058787822,0.30079437843380236
1318,0.43364621432018213,2.5813251145871964e-05,0.3542908121705222,0.3530339326649405,0.10031016329273781
1319,0.42177384307837523,0.4390079636627855,0.3185061496463179,0.05165114584243488,0.32055766868466534
1320,0.41570431991102635,0.43574201828738296,0.2061408916094689,0.20874186743482956,0.2059497987895631
1321,0.4192907187462851,0.4378704822735234,0.3150651856535074,0.05231234861418381,0.315602198197766
1322,0.24151322537129274,0.47897884787201633,0.356886136908825,0.2438740431017678,0.3589824234228422
1323,0.5862674117425233,0.5885628973564542,0.2878942247785658,0.29225696890738756,0.29091552207565197
1324,0.5462333978946732,0.6124974724829533,0.4498354853689226,0.05239432099803991,0.4512562111679427
1325,0.43124661820775445,0.4875814145829695,0.35598066380554605,0.3536906094027653,1.8540905583085847e-05
1326,0.41997879289530105,0.4385268002383696,0.21377044694920025,0.212405332909432,0.2126680648496062
1327,0.41311418963732477,0.4316414783459167,1.8336183322344974e-05,0.3100820827539005,0.3129461896007651
1328,0.42443581587424745,0.4360741346265389,0.2095630379907328,0.21016172284884269,0.20947057588259563
1329,0.4832383267135143,0.3532462534784062,0.3597768795434523,9.390687943401015e-06,9.22241338890089e-06
1330,0.5811835911164722,0.5852522508542825,0.28893167487586646,0.29226476511140864,0.2907144674062761
1331,1.9033642877978644e-05,0.6240268273066553,0.3003431527255058,0.30175350166171716,0.3005096622090227
1332,0.4329015209723246,0.4844109608865556,0.7110416011409413,1.8700831922266058e-05,0.05905792298578357
1333,0.4141051162905342,0.4346499322657568,0.3192514725146486,0.3177734918834795,2.6010274339607316e-05
1334,0.41906248412041297,0.4319840106912457,0.20901428776270914,0.20630552566139215,0.20628890513103967
1335,0.41622554050899907,0.43693200249912617,0.20934751650965175,0.2092092591236918,0.20924744947090515
1336,0.477938218202706,0.47837449989206554,0.3562203536689234,0.3557852033252719,0.08861026231568231
1337,0.2908921143762484,0.2905054798863202,1.8768714181924127e-05,0.5827356440265431,0.08894197386453183
1338,0.07917452742468428,0.6179444950201117,0.4509235914132207,0.10069078066260967,0.4524040275833752
1339,0.43646776374453106,0.4859323361900488,0.3538696703662836,0.3523983867302186,0.1015556982085545
1340,0.4160040182174391,0.4398008476973804,0.21327114242440193,0.21339098951432534,0.21246759812890434
1341,0.41792642175297917,0.21749846311775448,0.3114851783659744,0.31113757992694524,0.2152744840110261
1342,0.4205225853951703,0.43950566840157335,0.31340493646797235,0.08170453599025344,0.3147894465485896
1343,0.2403014767725777,0.4806975445846692,0.7174981839969962,1.8758966641193677e-05,0.24485703209638204
1344,0.28493577656833374,0.5881138527615917,0.8752216127458192,0.07879621910867654,0.2875701363987112
1345,0.2733901930942036,0.627398423568774,0.45075592325170505,0.4514670925532547,0.2711993678480175
1346,0.4383805476613828,0.4907206704220981,0.3506216452175385,0.3564096613115948,1.8754175693370483e-05
1347,0.2109376697555312,0.4416257965606211,0.3196742879100976,0.32064050142713374,0.20737862096004026
1348,0.414107024092769,0.4290653748624128,0.31045277647876074,0.3145090189861369,0.08935925333577899
1349,0.4213896725583256,0.2192889280836636,0.09950860035222887,0.21881919700241334,1.8641060059232723e-05
1350,0.4869408928526362,0.4824649112347742,0.08856065184877586,0.35758901670314314,0.3587445631489745
1351,0.5853962753911528,0.2950410447680228,0.43853045273824864,0.43678604690293615,0.2944540618178847
1352,0.5444391687276089,0.6247010176800781,0.451850070152887,0.44809038288825837,0.08818301509180343
1353,0.43422789908438264,0.4907439457385493,0.709503141521927,0.05044648798931338,0.0495186959689323
1354,0.42367031653665527,0.21950846762167758,0.6374659535024264,0.07790416153881138,0.22005698767005516
1355,0.4201184746384427,0.43694304003578854,0.1012339708648393,0.6199967848914951,0.07758494509301359
1356,0.4177092701504836,0.43893964770086613,0.2097675377452406,0.21029319139561345,0.20939935331001755
1357,0.48156817113669287,0.4798592731181475,0.23793299508843135,0.2375892220280027,0.23853680656957088
1358,0.5808310988106163,0.5878274953038632,0.08068536039621937,0.045340228614675196,0.04452327348645508
1359,0.5413959551223558,0.6161817944139591,0.30086162602157984,0.30258394882389755,0.3031186619587613
1360,0.44032004667540786,0.24546121255561712,0.3509840394469898,0.24295964506417336,0.3528894797647503
1361,0.42021788710870833,0.43442516799624403,0.3194028686462604,1.8779064195971592e-05,0.32041660110426307
1362,0.42070940359519693,0.4346210180447975,0.31126605167058313,0.07994955120557974,0.3086155100316309
1363,0.42300974582169176,0.4374708620213459,0.20898838383036145,0.20971071359458782,0.20971083249351827
1364,0.4872329053217943,0.4819288061731986,0.2389160444363664,0.23964116605726796,0.2406014351846819
1365,0.28919482901817467,0.5910054931418885,0.4298904658103432,0.2895138640895639,0.43943459818007397
1366,0.5439597944781195,0.613051000866451,0.896727421536404,0.09895889383354696,1.8823575889331057e-05
1367,0.2163262069895421,0.4875550864975925,0.35402349131115873,0.3535877927188734,0.21732753026005117
1368,0.4214505554075965,0.21729586761335365,0.08005390549152014,0.6392511230718815,0.21877542599924452
1369,0.4170210084424873,0.43420232182049706,0.20891404147679282,0.20770108612136942,0.20727280746460489
1370,0.21187335255540227,0.43767703502986754,0.6256717803235182,0.08928342155344725,0.2097678185081313
1371,0.48234734603586416,0.4831083350915642,0.3578107770827154,0.07947938205151206,0.35385645772557145
1372,0.5753271969593929,0.2892554423014409,0.4349537219407501,0.292313802107871,0.4391576148491578
1373,0.5441616618499633,0.6150599396893212,0.45359076507884094,0.4515547702942171,0.08956125266149667
1374,0.4389462556038818,0.24639874179886243,0.35172617520427907,0.35520251866382485,0.24328411599467237
1375,0.4226590149104325,0.4453977187598237,1.8954897629012286e-05,0.31811885683738067,0.31650074017341273
1376,0.4176739138702639,0.4301872980015786,0.20720921652090563,0.20653676338400973,0.20852983374124243
1377,0.42400160212371807,0.21815353000189264,0.2191222748200292,0.3158957678838317,0.31251390312594485
1378,0.4813877952564812,0.4782329337986253,0.3531487278211021,0.35679235826817546,0.0888074338169526
1379,0.5763143750408591,1.8788266247356048e-05,0.2894997314214927,0.2913455355481378,0.2912503225054808
1380,0.5411574932640951,0.6201703751093997,0.44828629542676174,0.4512901662414479,0.08870380596652162
1381,0.21639981665802166,0.08863544536422327,0.2169736387371369,0.3537636063956001,0.35563583367557705
1382,0.4190541009342501,0.43950729441315056,0.31826011088969897,0.3200988260132264,0.07690779105562531
1383,0.4175673438218321,0.43382753185633605,0.31045933141709575,0.3121671012040506,0.09978367383744553
1384,0.42239479963800686,0.43924541029248926,0.20965480291275615,0.2105847713538391,0.21090896650187685
1385,0.24233978779971874,0.23843946125399398,0.24107835801568606,1.897783145164414e-05,0.24349526897569332
1386,0.580905289312822,0.5931722454463949,0.4351843454476349,0.0780609802419494,0.4379564900181635
1387,0.27713573226993027,0.27429053516954627,0.4501176360311421,0.44797078689390946,0.07911510108294076
1388,0.4375916343371766,0.48805106954702837,0.23634133805812793,0.2365673317315433,0.23595454602531352
1389,0.4217208199820051,0.2184764373150622,0.6363235127989584,0.0897119284859866,0.21758905399765305
1390,0.4193529114938907,0.21549860716595667,1.9068819741223914e-05,0.07867451167782774,0.21724448353459294
1391,0.4255849195765893,0.4398798260083427,0.20836048274204613,0.20939479717305023,0.20916868479466613
1392,0.48033882286178664,0.47842499765464663,0.24000690462443275,0.23821111314181542,0.23910710482144648
1393,0.5831375886163055,0.590874877254675,0.4383266442376369,0.4366499079499608,0.10010537427994824
1394,0.5452381844052011,0.6193400045643154,0.9013905220112051,0.07891935243245948,0.08918830060638823
1395,0.43333283666149164,0.484475361433897,0.23494479655532371,0.23341255890811896,0.23357217603274147
1396,0.4158503750002793,0.4391797410278694,0.6372681896389515,1.8935432013454514e-05,0.09958145888879442
1397,0.4188746758530248,0.43608484027257505,0.31035708945126544,0.10031465795991791,0.3126428115024118
1398,0.6199412616940936,0.604697735116019,0.10099894058568953,0.8697648725155807,0.07853752952144585
1399,0.4893573831277133,0.23782620722776865,0.35568069184782725,0.3596103221134685,0.24096701187249192
1400,0.5819358639632476,0.5813408708161344,0.3508757836326745,0.35195946557460095,0.08141119658796729
1401,0.5448435656639125,0.6150678724687781,0.38048159797578873,0.38027997407242414,1.9133110893807667e-05
1402,0.43644966478210445,0.4892182069944452,0.3520942581830244,0.35610022932599117,0.07906709032169708
1403,0.4247083825096218,0.43582496420066974,0.07855492442262962,0.6418939409972574,2.6073692160939755e-05
1404,0.20855006110781973,0.43475980771318384,0.3106316735577496,0.2073598393292502,0.3113838216151722
1405,0.4187889257382906,0.4395033855215632,0.3147646134156438,0.10017960646600733,0.31326446827306276
1406,0.4816131873715191,0.4777834405690492,0.23703082694161262,0.23898841636512588,0.23877812784680782
1407,0.5840136450198088,0.5793621804737126,0.29201003852354596,0.2924876141283727,0.29015935572866375
1408,0.5443798640433394,0.6172412641306835,0.4523162955590719,0.45271497625646284,0.08842473359302512
1409,0.03844868430330679,0.487084443022255,0.3517974307203122,0.35389986510141985,0.03986088699679767
1410,0.42059877588552885,0.4402484504767359,0.3208141333933661,0.31899135125282757,2.574973896059792e-05
1411,0.4172769008939808,0.4312837740604684,0.20889861384274408,0.2090149297632503,0.20773087372015264
1412,0.21114939808652186,0.44072296764200375,0.41995901598527274,0.2111382020057769,0.42040863942032447
1413,0.47981925905303097,0.47780247550390886,0.1742174912080331,0.17443290484998217,0.1749004990995389
1414,0.5786681337937225,0.592325372800447,0.43462003184727666,0.0990666902827281,0.4370425352887177
1415,0.5491222674760219,0.6148517016850606,0.2989408332262253,0.30026210538138437,0.2987002544330407
1416,0.43612274817922836,0.4867243208104428,0.2337186568160414,0.23524342018022618,0.23401814528107678
1417,0.41899991484515614,0.4409625726616212,0.319124570428806,0.3202987646032717,0.07923148567334373
1418,0.41529080907727906,0.4321004564247341,0.31020770476946535,0.31134096155641955,0.07983078339220404
1419,0.4216734185769773,0.21794359685808154,0.2164521690166511,0.3128004336083472,0.3147070128280028
1420,0.24301530816739517,0.5947601213166313,0.7179335111798211,0.24167960972870528,0.07788025258098188
1421,0.5721349786527837,0.583417356814857,0.2937962658377045,0.29042314752214843,0.2897336235543922
1422,0.548121386074112,0.6233158219746078,0.30271080630160024,0.30189084343857375,0.2996092123697083
1423,0.21901592175211218,0.4887496670880266,0.3545571457541998,0.35238290159320973,0.21807667669691747
1424,0.41736802785264293,0.22050420833143933,0.4018279497407604,0.21986257447896523,0.40556236724966593
1425,0.6055423506272404,0.10084575731991612,0.29482394767744596,0.29615315363138417,0.29826576060334414
1426,0.3097769938473596,0.6283123947536199,0.311247695174935,0.3108621857193744,0.3161525625711397
1427,0.0,0.0,0.0,0.0,0.0
1428,0.5780677519043077,0.7610681569398082,0.29175438221406047,0.2927710838683219,0.2912567910622878
1429,0.5451855451270804,0.622783398266648,0.45318640808827326,0.44909083786476195,1.9355321519508002e-05
1430,0.43327897966463347,0.48991356286987586,0.08947636980550047,2.5805672223163907e-05,0.6993576525364532
1431,0.4201955567224046,0.43776522362583237,0.32060403972518575,0.31843292740623685,0.09984960425536536
1432,0.4173044680001407,0.4274371533013724,0.2068370092865349,0.2077635751802072,0.20711650224889597
1433,0.2860648310078167,0.5689398789294129,0.2848656967825893,0.7674996463837573,2.5389556071750346e-05
1434,0.48757704118694295,0.479198873517829,0.23802340767352828,0.23886316082029665,0.23844025298845736
1435,0.29133006053865607,0.5831703783335459,0.07874912773442101,0.8745370680028186,0.29204631944292525
1436,0.5442439015535036,0.6243497049448881,0.2978211635689168,0.30161014947728076,0.30045389378570825
1437,0.43478468760467504,0.4901547732208206,0.3511148139585052,0.3526121569949546,2.5935189482649895e-05
1438,0.4227538402463689,0.444779074771827,0.3200847761851563,1.9065053341388623e-05,0.31953124959303114
1439,0.07992279888596558,0.43218841089557636,1.933847484172071e-05,2.5729163750002805e-05,0.6241801103043957
1440,0.42209608430072826,0.15579184429735513,0.3119745986460523,0.3143352607498774,0.43507368519616557
1441,0.4830917440324568,0.47638175176566777,0.35825251427633414,0.07938447735448262,0.354811431690037
1442,0.5750061576013031,0.5860652017978644,0.29155987737007033,0.2893384242332365,0.2914178009994916
1443,0.549869495383519,0.6190091332217951,0.3016744261068854,0.2992534494564956,0.30083268433573584
1444,0.4370384121287047,0.48544415360861687,0.2362273006333915,0.2351202961609501,0.23267760468929133
1445,0.4191974116526429,0.43984645626931373,0.21274549149233848,0.2127162587013943,0.2108743958053716
1446,2.5517484154868242e-05,0.4322095342046828,0.20796887994755578,0.20714679085183718,0.2085590780183156
1447,0.42417012250188346,0.44092255492657445,0.20927392697742672,0.21114982730116447,0.20992170849122607
1448,0.4847722601707895,0.09923440932408523,0.3563751789658237,0.35898454035424526,2.5657244186323697e-05
1449,0.5771420160356212,2.588201754225823e-05,0.289790524111589,0.2918398881987529,0.2909657122109511
1450,0.5473451186297983,0.3078524541603255,0.45014355186787175,0.31150068347970167,0.44841473199359716
1451,0.43952134115757735,0.49182155950947537,0.23639876402496027,0.23760569432359432,0.2369769224738066
1452,0.42093330281365643,0.21830408783236382,0.3219205933311254,0.21906576237025943,0.3190207717707149
1453,0.41604818570617647,0.10022339911985055,0.3097434252158918,0.3111133658392915,0.08067874062326807
1454,0.4302621883306633,0.21506340625644627,0.31529661400959275,0.3128706689718031,0.21855376862776243
1455,0.48332607727315174,0.14970145357647402,0.23801803399195978,0.2376093985125239,0.23869496385637465
1456,0.5751493564163973,0.5896443289297483,0.43628371869816895,0.1552208024310946,0.43642107092396965
1457,0.2722618555907559,0.30777428327199347,0.9060035674949297,0.30698036067910983,0.27267816777331
1458,0.4356244640172647,0.48840460119013246,0.3526069483678528,1.9360259788838554e-05,0.3532533829075394
1459,0.418755629592644,0.4359876466768053,0.21391420551764984,0.21242647963830907,0.21407302585185403
1460,0.21506281937329796,0.21748562590122103,0.20913133283394336,0.2063924605810258,0.20574676930222738
1461,0.42586962443395127,0.4338451250755521,0.20868722537310314,0.21006966879144348,0.20849667505011535
1462,0.2415980379841091,0.47736009144553937,0.7158224476345216,0.07985200872595172,0.24135708124098298
1463,0.5809780417781941,0.5869274549956852,0.2907519197023669,0.291094376543747,0.2898788820227299
1464,0.7221131966299621,0.6225454367681118,0.45175093588009635,0.44821590942853246,1.9099693004823e-05
1465,0.26905345969921574,9.66695424059519e-06,9.717744860068414e-06,0.3482718145270372,0.35496108587639225
1466,0.20801128335901622,0.43946991962287185,0.6356191393416529,1.9185296284058662e-05,0.2092396696075615
1467,0.4182936557524727,0.2184464552950184,0.3108240076926735,0.31204253716680397,0.21557652181777368
1468,0.42768205777338253,0.4353522281226789,0.20925231253938767,0.21055532952371128,0.20820720050190158
1469,0.479003209781944,0.480007992140319,0.0998465487118961,0.7170741721768845,0.07721124110592195
1470,0.58073952924829,0.5878195865878652,0.2290869880700067,0.23064583750822912,0.22913268370870568
1471,0.5461433311653737,0.6229227961004644,0.29834864667860855,0.30093209978571234,0.2991858809106738
1472,0.21855184786286797,0.48868798515680456,0.7082482468114486,0.07806203873655819,0.21719425028842362
1473,0.4184990969375819,0.4345665524074126,1.927116358723193e-05,0.09988702586382653,0.6411698205532397
1474,0.41532222888460446,0.42970114583503866,0.20727877727766453,0.20855138100190965,0.2062490109667501
1475,0.4207716250466172,0.4380879461658491,0.20783459499060722,0.20962750260162802,0.2101091348074533
1476,0.4803506210140514,0.4775946170617333,0.23908344813192675,0.23845989540952048,0.23729196873306002
1477,0.5776450403283088,0.5836578817196354,0.050171247398217614,0.8754775031140326,0.05005453680230777
1478,0.5491209474297082,0.6178875188375502,0.30095877277296224,0.30095664730280935,0.30063692493623256
1479,0.4378885510525781,0.49137192115010797,0.7055628590572542,0.09834343591044023,1.965239905825336e-05
1480,0.4184012405659243,0.4363990663039364,2.586326678696923e-05,0.3191106276044223,0.3183587552503647
1481,0.2080900054217279,0.432304476711125,0.3109487290951992,0.3117766375494153,0.2120654047103473
1482,0.42272369780908314,0.4348275452979851,0.6243714759705834,2.525675056700399e-05,1.9527923881623594e-05
1483,0.4834383058346756,0.477545346340925,0.3566492104170362,0.3581027443305331,0.1542108914843716
1484,0.29042833255808154,0.07807278942160645,0.4365146478436037,0.4347604314677774,0.28977081297785384
1485,0.5420180985415168,0.6141711046038492,0.09979947504674674,2.5431892999682095e-05,0.9096908106213459
1486,0.43773533509588797,0.4869830476886777,0.34996036177243056,0.3504563009805538,0.15497299163113593
1487,0.4239185536644058,0.43465235202983377,0.21314063281830445,0.2120366046682962,0.21366549305466856
1488,0.42057194808155696,0.4345217267783104,0.3088165669632477,2.559546769011609e-05,0.3139834329066175
1489,0.21323221697016947,0.2101473420906475,0.31575255169776845,0.07774234325225281,0.31538588528097056
1490,0.09953983531192309,0.2389135180034133,0.23821553598617684,0.23925486935952633,0.4783275262487284
1491,0.5824896707169922,0.5872235567468552,0.1562791681519874,0.43638868033789485,0.43746848149373346
1492,0.5413498957191057,0.6226726514924089,0.4521808762191768,0.1543289433213961,0.4490548923719499
1493,0.4339915105944012,0.48846945922218676,0.3504620246560577,0.35392457384273357,0.15384427025234204
1494,0.4212343444519461,0.43593088603310254,0.21286547610829612,0.21287627692063382,0.2140993427578474
1495,0.4221508842003492,0.43376352744249375,0.3107448627684241,0.31255157257354144,2.5466826861362118e-05
1496,0.42390869261791025,0.43416366756500996,0.2106408074843175,0.21194626822065935,0.20913199348985997
1497,0.47947951527049276,0.4878519398395859,0.7070154484167943,0.07597513173977102,0.07635637261530903
1498,0.5797237490241405,0.29140709846248425,0.8750935703070842,0.15392708204773087,0.2928939406963292
1499,0.5442969619516357,0.6199427553876649,0.30183526196458327,0.299234776165263,0.301420040336642
1500,0.4415733378929503,0.48965380224360333,0.3526173276122865,2.5401126700547233e-05,0.3511463416884706
1501,0.20851243844499173,0.43738395492818366,0.31855228874556624,0.20937185654293805,0.3198156740362628
1502,0.4241069954821404,0.4312181351013645,0.20786523604382834,0.20867346921624366,0.2077212354352135
1503,0.4260266570856158,0.43885597467509774,0.2080393409223863,0.2085882548810775,0.21081318541433403
1504,0.4826182692042261,0.4787022597881885,0.3586045872410521,2.522375074040942e-05,0.3549982242389523
1505,0.583776219399284,0.5844366509087146,0.2896775617101072,0.29228179821945277,0.28980709495001417
1506,0.5444922489472416,0.3087489398442341,0.31027619796305095,0.09910585459310757,1.939917946243751e-05
1507,0.4363653646834333,0.4869106704401382,0.23431453640557146,0.2367196335591204,0.23527471330462812
1508,0.4227444588779787,0.43804482397111527,0.21351352943865307,0.2116176944628091,0.21146661471641617
1509,0.4187431819032894,0.21564560153615758,0.6241435711028865,0.0991626926389273,0.21763321749990616
1510,0.4277448280332001,0.4383770500366177,0.3152140906342308,0.3142828027991221,0.07954134091538809
1511,0.4875392661612891,0.4823062980751372,0.23722515371386613,0.2392081103421276,0.2387773150745751
1512,0.29264020593067164,0.5797770370853338,0.29170587559173605,0.09812886077619279,0.29060189359619376
1513,0.5444187774935315,0.6155702664135987,0.4524134220306785,0.44810158820127227,1.953994983549142e-05
1514,0.43212961637731945,0.4809805881484375,0.3556236698087884,0.34938064059331614,0.07868428622462666
1515,0.4110701423077466,0.4338939303220243,0.21115337603521575,0.21197063528326124,0.21403400507994874
1516,0.41978459633817533,0.3133546508467937,0.0790333124441452,0.30876700552442987,0.31254784404537195
1517,0.4189627135367994,0.6104998483442811,0.20882330188426987,0.2101263779567167,0.20686845020372624
1518,0.24110234484306217,0.4783093925587465,0.3577026944586655,0.35606951779030976,0.24105585100383697
1519,0.587107105027234,1.967973896662744e-05,0.2905932640821814,0.2925948831353375,0.2910196002012879
1520,0.5505424177040206,0.6133042575159483,0.30020720061621725,0.29973565509078376,0.30051359106205794
1521,0.43848824000623426,0.4851121935910996,0.23606684435612244,0.2358952427681299,0.2357597332563357
1522,0.20919281651250662,0.43565216792251504,0.3196330146220708,0.3202159148698306,0.20879312965307886
1523,0.4172394526288216,0.43066096092524553,0.20638509311576944,0.20845769460833916,0.20719424121465654
1524,0.42647738262648155,0.4361878521149778,0.20881556801127452,0.211370636959703,0.20940836207835758
1525,0.4833336931853327,0.4834101468698258,0.03884488315913887,0.03929327057653138,0.7192910416469493
1526,0.5823585841336824,0.2972875573483483,0.2925915941804887,0.4374846677419432,0.435218518941544
1527,0.5474385898757782,0.6147330444931064,0.4517916921242471,0.44969728619954735,2.537920540089529e-05
1528,0.2187500492156356,0.49032682082240636,0.3532414462976182,0.35241388629607845,0.2200960364180806
1529,0.4173683863781276,0.4351655144751257,0.31863929454415374,0.32062017824512756,0.07767718227330028
1530,0.15511494912061227,0.4288167706753195,0.15596834581321078,0.15626992244666224,0.15637715752093145
1531,0.21358682814006744,0.4380329732899882,0.2129222392241221,0.3126824250480255,0.3155865915189628
1532,0.48068200648996456,0.4757064136297161,0.23838475567990206,0.23636282047139343,0.240013543066711
1533,0.5778187442499104,0.586622985772109,0.2926137432730031,0.2899332619829145,0.29028049726700406
1534,0.5425864500190238,0.6194885143300837,0.3007555508962215,0.30076144978030056,0.2968312279425837
1535,0.43970617685577984,0.48405962552915727,0.23578540704201256,0.23486932835950178,0.23492341446074053
1536,0.4233118055793005,0.4347805503020151,0.3228691837859954,0.09939739830253785,0.319322342665361
1537,0.41438900021230557,0.4348024684433173,0.31353089809482265,0.31258505111021107,2.5547059642778815e-05
1538,0.4214636191880867,0.21873248254764335,0.0769501548235705,0.08151334318386183,0.21912189146446945
1539,0.4903246002338441,0.4771727839496616,0.23745997895892537,0.23754481744894126,0.23842986017275505
1540,0.5819425650009757,0.21783173271668116,0.21781622728760686,0.21820865475561815,0.21911232030513994
1541,0.5442141417064341,0.6192440977502975,0.29979703786751793,0.30112727920718924,0.3003064049706763
1542,0.43415301454028116,0.4923954161494033,0.23417003370353662,0.2345073771650558,0.2357898614207353
1543,0.41727981038999035,0.22067317172522186,0.21745463873406218,0.6325984185485507,2.514549558317573e-05
1544,0.41638560136969066,0.43415258618068203,0.07776125019216758,0.3091300259503218,0.31299066938989234
1545,0.4253445031773483,0.4377211817535865,0.20984482435413387,0.2086038731522232,0.209098487201019
1546,0.48310866153492255,0.47927133273451594,0.35648019951497795,0.3575428742081356,2.5695700065390054e-05
1547,0.5813353708629079,0.5834998947406946,0.8758048273233768,1.2775572419404502e-05,1.275331583501666e-05
1548,0.2727781574906801,0.2723760473393461,0.4557744334202924,1.9791881997446372e-05,0.45181605525579865
1549,0.43701588654873014,0.48908068417598916,0.07985168110253428,0.079040514130957,0.702727690113437
1550,0.4168178698894979,0.44318310440288655,0.6373990729668173,0.0786351700016462,0.07878320770333411
1551,0.41285825949015875,0.43281344848409425,0.31065121571177423,1.9662618278806512e-05,0.310399290508549
1552,0.42230548093731224,0.4401931101474087,0.3155418106577758,0.3142464712374793,0.07810169442401524
1553,0.4800606145013893,0.48378901966198273,0.23759915519958633,0.23548686840602276,0.23855962081477075
1554,0.5788343761991122,0.5875824341592049,0.29306108616338056,0.2922440169361414,0.28992616427827733
1555,0.546512387909321,0.6231627428475057,0.07689754568999906,0.45039716002506075,0.45107601765878735
1556,0.5308408122957422,0.48684936500459175,0.3525312752640371,0.3550399019187538,2.0054082919272778e-05
1557,0.42158071470374675,0.43909223846171347,0.3203448410367203,0.31940613215950137,0.1005016093477863
1558,0.41791441888345626,0.4285429509320215,0.0768907517037926,0.6275998862013594,0.10055679724471334
1559,0.4221612329366833,0.43723644791445443,0.20999475550201832,0.20990167550079833,0.21108924980163687
1560,0.48052651564643567,0.481309308037544,0.3575461637605344,0.3547480283504271,2.5373072315111408e-05
1561,0.577692083178594,0.5899855228913372,0.4380647401366717,1.983754149533634e-05,0.43871449811740115
1562,0.5383943748024813,0.614505747864173,0.30337971895248383,0.297809510948776,0.30229288674000626
1563,0.43752432050444995,0.4876070292548407,0.0998298845461841,0.353515267534106,0.35433440800380966
1564,0.41750827970788223,0.43901158711987137,0.31768435688088614,0.3181536159548275,0.15576947052060422
1565,0.41766802519050616,0.4305443878265197,1.9843851621926553e-05,0.15133878022624464,0.6196581809811028
1566,0.4202858439834153,0.4351835490069452,0.31331143282046536,0.15311137219373014,0.3152983273749969
1567,0.4823469693480329,0.4757265689017964,0.358605459332757,0.07975593084403815,0.3554663414764104
1568,0.5812106950237179,0.5853791659112209,0.29170684226870813,0.2902889785415618,0.29134496018235945
1569,0.5501908979530432,0.6206217400893005,0.9001498102307789,0.15259836208544375,0.10096865282448046
1570,0.43610759664578047,0.4900696967327035,0.23690343264285532,0.23501652283179875,0.23620350553781985
1571,0.2097274063442751,0.20796568000229265,0.21272896102332703,0.2143290345838921,0.2131716808842851
1572,0.4213393265976902,0.08140783058368138,0.3112548065060184,0.31166169883595324,2.5237407722814145e-05
1573,0.4239865585916587,0.21877384270811695,0.21729579366746785,0.31421358110021624,0.3134137788796616
1574,0.48524063211781715,0.48067075018652905,0.3590760138369215,0.07944212129814515,0.3560178559234213
1575,0.5781880260131642,0.0807272921423493,0.2917279091632505,0.291577033745325,0.29077920282953734
1576,0.5451195276141922,0.6219533839385966,0.44898321729866086,0.4495917279935772,0.15199448702173626
1577,0.4388248090459157,0.48731677030842596,0.35321188637615963,0.3527402726877454,0.10971442337800273
1578,0.21020555083751052,0.4365316365607776,0.38006324119944,0.3801623504349173,0.21043329823555107
1579,0.20937083832242376,0.15215983488735244,0.3102843086042312,0.3126336150709044,0.2095651803721489
1580,0.14480392273739603,0.14732280241898063,0.14629887207633374,1.968095430332072e-05,0.6285390588786316
1581,0.48555013399587044,0.23973259544166578,0.3546396558416767,0.35651202273856686,0.23752289619311234
1582,0.581810286097186,0.589278776769468,0.43422069695472787,0.43570956555163093,0.08072024257791482
1583,0.5452984724232822,0.6190977111600711,0.30168998365688077,0.3008997760780529,0.2990485222215202
1584,0.43618864478278985,0.4844703571236546,0.2333306949373181,0.2350006902350609,0.23524864911046073
1585,0.41521513543043487,0.4387955478100928,0.21132079878369533,0.21217449911516273,0.21182510693671242
1586,0.4184216995236029,0.4349889483878181,0.7857496647045266,2.5298148095502777e-05,0.11275012021977994
1587,0.42286207505472506,0.43440221809716245,0.21035088292380907,0.208781119529613,0.20901055029380852
1588,0.23842400891250998,0.4801917241384662,0.3585288302187128,0.35632566299301033,0.24105279052678008
1589,0.10830325494634815,0.58718804088435,0.43679570281947344,0.43426366434503755,0.5773414045809495
1590,0.5412255987758547,0.6205195026256379,0.1551102695538428,0.9058893999105325,2.533006994355689e-05
1591,0.4376257510103352,0.4882259845876732,0.23576949572010975,0.2363541000359288,0.23722306573225324
1592,0.4182870460325419,0.43904016667100426,0.3197652776157751,0.3164813364363165,0.08072204114478315
1593,0.4177717190981672,0.43463490376425334,0.20748332412301596,0.20814814223431657,0.20842225255431393
1594,0.4193411156207185,0.4368905996943538,0.21057157289818276,0.2098612065129685,0.2087419932431842
1595,0.4839859066337073,0.4752076594241271,0.36097701979960184,0.0781725912074941,0.3601499612603301
1596,0.5822760364588175,0.5834822632877396,0.4375761123122474,0.1515115241559771,0.436400143767384
1597,0.5456136567386273,0.5240957173929123,0.15521436659304902,0.4500988572102434,0.45341768961209455
1598,0.4289521828158904,0.49023716366874315,0.7099063873327686,2.0107262116028673e-05,0.08077049555732128
1599,0.1093489809687427,0.8907101564102475,0.3185069587533569,0.3168850776249637,0.15191697264257348
1600,0.42226706156061666,0.3118613480224584,0.15561675088790627,0.6229679619250453,1.9873301790185843e-05
1601,0.42436879895240837,0.14079747141686177,0.3159160971257748,0.3124018432562378,0.13980628334244172
1602,0.48417161527490016,0.15592208499717028,0.3565500897215164,0.3556464082238476,0.48346766140537684
1603,0.5778705485727296,0.5918713442138533,0.11011137400423082,0.4364908975706119,0.43678732144586857
1604,0.5433240828015176,0.621419070397525,0.298095727057599,0.2978505865109519,0.30028324371327564
1605,0.4384568092138925,0.488724407778364,0.35358194990399966,0.35461451847703507,0.10888443722072057
1606,0.42013895060324324,0.43331014448058797,0.32033769379079635,0.3229626761190681,2.005342823450999e-05
1607,0.4194056806397047,0.21672798315030914,0.31064095629732796,0.3114391131051807,0.21636281568324112
1608,0.42557653252984784,0.4285759212607419,0.31511826176867125,0.3124372028514953,0.10592549343874758
1609,0.4824527140247414,0.48061104120785153,0.7127268449066895,0.08079996154303312,1.9996087392185885e-05
1610,0.5766462029034253,0.5842293508512411,0.4412494781628294,0.43447359273793873,2.006472666157427e-05
1611,0.5493371932519948,0.3081026292200317,0.4498908012479662,0.45330365070067796,0.3092323410905487
1612,0.43212714536978614,0.48857169097203446,0.23544824403640355,0.23354618537153052,0.23471604110941047
1613,0.2104122113464172,0.43952685999432545,0.31848106277466953,0.3199017066269672,0.21082664666077358
1614,0.4181958205849138,0.43103668358564223,0.2088591305988471,0.20632490401695866,0.20711889093368815
1615,0.4180354074006895,0.43878616400652437,0.08023916484926642,0.3128999531292159,0.3118772503144676
1616,0.48551192208899824,0.23929508942321856,0.357759713179272,0.35826810807154474,0.23877754647505273
1617,0.8418583612262859,0.764155822558173,0.588801271110662,0.08007834483885723,0.5909762345211788
1618,0.43712674018662784,0.6243805929851588,0.3739444214721001,0.37424104034355227,0.10025004076235304
1619,0.43871378929507504,0.4845542648119843,0.28928289164356674,0.2875414531746423,0.07910795668050771
1620,0.4201733690968311,0.43995751624083423,0.3185972492947458,0.3151963969776861,2.500451611770317e-05
1621,0.41624524604197943,0.43166887967651885,0.20662166268199222,0.20795675360614305,0.2077636334800733
1622,0.42844558040001823,0.436144501312955,0.2096635817127638,0.21082346007377373,0.20823966698999255
1623,0.4843561087803595,0.07986770339712876,0.15570203988539347,0.3585417213256677,0.35565332025366925
1624,0.5770449477251629,0.5870637176629087,0.1547613014843707,0.877651807045853,0.10008053990963663
1625,0.5448688875705926,0.6109507755973603,1.9974039952762373e-05,0.45096306877650244,0.45163873441166097
1626,0.21931508551653076,0.4904237546840109,0.3502990279514423,0.3536999314951907,0.22077258878296457
1627,0.4184401295568725,0.4386250923289022,0.07989674072903842,0.6369876557115574,0.09884964613055193
1628,0.42092985571310965,0.21466671690979608,0.31099407520382305,0.21627815279966062,0.3103150893883122
1629,0.4231757501234551,0.4398152754177234,0.2085750791863098,0.20790295480568657,0.2093913661911977
1630,0.48702084839133225,0.48202791058925926,0.7153870431185543,0.10809516586714868,0.15354498941660863
1631,0.5778255150650159,0.5838587536688874,0.10885545194254187,2.5465325356060897e-05,0.8759661944177529
1632,0.5490979636629412,0.6147049104739898,0.30158232738091056,0.3005354415739954,0.30146468957536926
1633,0.4391255400133947,0.4901688137372463,0.1535330435780273,0.35213808386119033,0.3543956781461281
1634,0.4175545005868102,0.4353609398038452,0.21272144816579328,0.2112143869247198,0.21224517319749683
1635,0.42402133063689035,0.42870648353731006,0.10889281611330646,0.04952520500194561,0.04957191168928291
1636,0.42442087321201755,0.4373891690443102,0.21033292343186383,0.20908114018451573,0.20948279610650647
1637,0.4803904016701501,0.47590113088149333,0.3578649599893761,0.35820162438794606,0.09778896796143903
1638,0.5797343904146538,0.5817952454395543,0.43570011221347726,0.44036278225385017,0.0803051024735634
1639,0.5484036203309497,0.6164583684268531,0.4482659492885131,0.0798411348656877,0.4522916944717467
1640,0.43356107082426226,0.4880642630425064,0.7028767861267828,1.9947080361188682e-05,0.08171158819363528
1641,0.20948853047404264,0.10968899416401914,0.6403428909836659,2.0227234248093e-05,0.20953439400989607
1642,0.4200123938678874,0.4328674587596256,0.311531555508697,0.31062759466781964,0.10818135356927376
1643,0.4238726859894931,0.439244638910869,0.3142281624896904,0.08121098173720367,0.3165999253082995
1644,0.48429544612408,0.48381126575044786,0.3537887261473113,0.3553886050387849,2.4960725439625273e-05
1645,0.2908659819386743,0.5902719165021579,0.8722430265012149,0.28887413016404234,2.530658681774501e-05
1646,0.5443794221391294,0.6218441365052155,0.30068639314038176,0.3022144984272869,0.3007353284243708
1647,0.21871657973087122,0.49068830301692323,0.7043599275335706,2.035894413976296e-05,0.2180668367814908
1648,0.4202020375706897,0.4385106359110446,0.32035457384781135,0.10973293995119107,0.3193665386895423
1649,0.41662496045792935,0.43067380643042574,0.20717099620634505,0.2082536790398376,0.20746905022185305
1650,0.4228900367688637,2.536619536015526e-05,0.3138313515043724,2.0337538891443593e-05,0.3167916881163288
1651,0.48167533301936805,0.47977928378813445,2.5264608916488748e-05,0.1521794668105128,0.7183862817864576
1652,0.5801780422231447,0.5784644062995418,0.29148515015255444,0.291876881206931,0.29306942171841627
1653,0.5453648960132975,0.6147963613736833,0.448755477016565,0.44741226343024937,0.15252828555429376
1654,0.43591688104783893,0.10919782276738865,2.0575666800703315e-05,0.3548477325940388,0.354102040313511
1655,0.42340461652730893,0.4399764794088955,0.21433354752140957,0.2116377814039073,0.21348725813089361
1656,0.4168386508947023,0.4357518359118918,0.31088926040064896,0.3105361820568697,0.0800440029753554
1657,0.21148401069533934,0.43440677857786736,0.6273810584350826,0.21189923514910572,2.0067138597387215e-05
1658,0.48855298014147897,0.47702143868711067,0.3605116040112839,0.3546276171233087,0.07906614192439575
1659,0.581373868841142,0.2949169367964664,0.29529773147389005,0.8722380067921522,0.10173596690774868
1660,0.543935844915677,2.0145049968537898e-05,0.4523324121608529,0.45337498550888916,0.10822978237752437
1661,0.43350336173512005,0.48783647755223897,2.4743016228296213e-05,0.15759619505898956,0.7099407855704939
1662,0.2093566837512765,0.4383213642962077,0.32104355886361335,0.31770985402303026,0.21059079095189756
1663,0.4174328817151457,0.21581978273864588,0.2149811691455775,0.624256083092727,0.1525899684878686
1664,0.2117398934069673,0.4374522981608194,0.31277553657350926,0.31437303503394437,0.21048047099182246
1665,0.48175221556255077,0.47616159730515384,0.35768795336012876,2.0359574444866033e-05,0.35994444988128
1666,0.58628118636896,0.586398393498051,0.43887780855172487,2.030087348130687e-05,0.43924576040710656
1667,0.5494109294552895,0.6251846568034376,0.453366381641544,2.5240129033918203e-05,0.4516632899100014
1668,0.43425546175093505,0.15169339222804043,0.35392523133754056,2.052375799628718e-05,0.3500971854763736
1669,0.4217271218170939,0.4370614650847377,0.21398772046615147,0.21194743216211076,0.21421963268736532
1670,0.21591539688851483,0.21676074237386872,0.2054364454832506,0.20672712906697546,0.20833319754694243
1671,0.4190120794014445,0.43293282765051555,0.2090138074122633,0.21050135794217154,0.2092379103684562
1672,0.4861859130504451,0.47731430366633576,0.3587143984180409,0.15554934969487105,0.3575602240483872
1673,0.2913161241736716,0.15552685693573057,0.8695757141866741,0.10838754055693747,0.2889763012642699
1674,0.5442171577944519,2.541031215402522e-05,0.3013470023203152,0.2994185373506291,0.30161238671500235
1675,0.4306848066078802,0.4862257736278844,0.23670229402718332,0.23416843762369874,0.23448138113352793
1676,0.21056485714923212,0.43555840023824316,0.31679913277643984,0.31881291107831183,0.209552689064871
1677,0.4193531778737218,0.4345278517479128,0.20715839390598045,0.20850677041916146,0.2081792473656547
1678,0.4201364637990928,0.44175299522550504,0.31273014563797064,0.31282982379963636,2.0630754810189935e-05
1679,0.4797712561789245,0.4754246753103082,0.1523100906214027,0.3582089640774941,0.35852692579172524
1680,0.5748555974399937,0.5882559500194069,0.07872719607623098,0.87611686323098,0.10784154047403656
1681,0.5444990198958898,0.6201817288191208,0.44951396963464896,0.45384333082871664,0.0797603513832681
1682,0.4391314444462197,0.4894394991847589,2.498822746628919e-05,0.3531757297260479,0.35254764772437547
1683,0.41697196940152564,0.5924646596536574,0.37875630493744056,0.111241148168571,0.3802076269487334
1684,0.20772496597380774,0.20998847460984585,0.21534237906086248,0.6275777186944608,0.21606514349904998
1685,0.4215676136645988,0.4344001762289066,0.31320015261619477,0.3149349036575254,0.15198537212470048
1686,0.24053164260942808,0.4787657058757461,0.7148006820495968,0.24215717577556484,2.061275222139369e-05
1687,0.5805971947786266,0.5856347638219593,0.8693273347159897,0.09983563032104717,0.1039575818972123
1688,0.5434763303979713,0.6107623082714734,0.4509041474470795,0.10112259252943644,0.45503627899061266
1689,0.4381395536768687,0.4888182174906541,0.09975675791500896,0.7102565064874142,0.10555762146985168
1690,0.42148228975952784,0.43988983247015867,0.2152699867789486,0.2125123166549859,0.21425282749246977
1691,0.41767408469875983,0.4314209509143175,0.20816939094997922,0.2082651724078839,0.2084221724013217
1692,0.4198564972559178,0.4367927856455904,0.21076952460670537,0.21035613658663466,0.20859077860173622
1693,0.24454001215383397,0.4802342955116904,2.5134069260230963e-05,0.7094430244598423,0.24108950127973783
1694,0.5789667727312623,0.5795572280285904,0.289932294505521,0.29307288249717206,0.2905186945843084
1695,0.54708775121766,0.6251858876106765,2.053484475754929e-05,0.4529661371553901,0.45230524305357994
1696,0.21666227537657193,0.4886670077446101,0.3545586888658688,0.3537358721681328,0.21877378369327458
1697,0.41672610064995536,0.4419673281470071,0.6397446063629785,0.07883545576271873,0.08977500803317372
1698,0.4166688081919305,0.07962361353812807,0.20739908320354394,0.20857026800725112,0.2097375938779121
1699,0.21176925069974875,0.4384820597257802,0.3141604102942225,0.31278642168009996,0.21260396488431657
1700,0.4824636313041322,0.4806220649685743,0.09112164805176289,0.35923690309562717,0.35843363740802187
1701,0.5777668656487979,0.5851402247340162,0.4368941926154995,0.4377999581552008,2.5067252745002484e-05
1702,0.5435927807585581,0.6133605064786737,0.44903338251865094,0.44933986631051187,2.0403508984212793e-05
1703,0.43600477129148596,0.4884660678158432,0.23526602636222324,0.23564593387726926,0.2376945056429701
1704,0.42249353785318483,0.43712070666755737,0.31821661230747855,0.31806418197313563,0.08273744053554517
1705,0.10013053552811069,2.0588086077781587e-05,0.2516911948116821,0.25251482060394187,0.10396871248859216
1706,2.054656989201541e-05,0.43644839209091224,0.3162947157019427,0.31168773796047505,0.10759640538156584
1707,0.48990072787601985,0.4782374618508342,0.23817132426321466,0.23752846797102603,0.23983330645503445
1708,0.579508670552841,0.2897704145780597,0.29272413618715143,0.10349033707122063,0.8700649641166689
1709,0.5461662727301336,0.30759006379609194,0.10007793370910122,0.30935247187529696,0.07895645511556683
1710,0.21873104314412764,0.48958004170618336,0.7073142060609883,2.484166131552737e-05,0.2183451139546205
1711,0.4176049666555927,0.44071641391655353,0.21199653521461267,0.21121564041317767,0.2139955076247074
1712,0.05014619842127993,0.43385913114272234,0.31136286156828186,0.3140233662092021,0.05020980466030553
1713,0.42506519970044604,0.15687803985757168,0.15784332060889147,0.15501763837758742,0.15860748917249645
1714,0.48680915524666374,0.4762327396564953,0.7171537039689146,0.09109426974010597,2.0430303019994892e-05
1715,0.2923689455565506,0.584042131854152,0.4350861134064362,0.4312338449070598,0.2891110622602313
1716,0.5438872710686942,0.6189719391294628,0.299239229856227,0.2998605541975457,0.30089007948494206
1717,0.43298845678741893,0.48743181586002393,2.4459175587884877e-05,0.7108015055500821,0.08157896881575157
1718,0.42305105949128174,0.44029999539488185,0.6401280992350875,0.09914352784751035,2.510349975927675e-05
1719,0.20823744635918476,0.4364768793900146,0.10421516200312822,0.0804745881363373,0.21019971851880806
1720,0.42459355078704397,0.43858128707807914,0.3118265732328833,0.31497078627176445,0.09970841625174365
1721,0.4822600522177058,0.4811561708271994,0.2404381044680618,0.24026227812849366,0.23675261357391233
1722,0.5811611449384663,0.5854207660119547,0.8682799131656457,0.05062433292236476,0.04972147708427339
1723,0.538770926968843,0.6245016913396051,1.2413728685837315e-05,0.9046310270133647,1.2470999729796632e-05
1724,0.4345160874848704,0.48498182195726,0.08982396706500013,0.7039593564360257,0.10054565569571088
1725,0.05174477544058104,0.4391194490664729,0.6363719372001948,0.05197560857932863,2.4930646040014467e-05
1726,0.1386469580212017,0.13904373989113142,0.6253767791317062,2.0792004068338565e-05,0.13960658826825148
1727,0.4216698372847972,0.4397237782951244,0.20813872728357954,0.21021207291796784,0.21031646631633183
1728,0.4846362791716642,0.4821634350271401,0.7164330460686934,0.09951698419103287,0.10412764601380389
1729,0.5794301867118933,0.5862012952953475,0.8662361327496608,2.4884233001087734e-05,0.10404682469599669
1730,0.5454147053872186,0.6174295111897996,0.44745928398244045,0.08049894477654687,0.45164027139920493
1731,0.4330942463026477,0.49182996469777346,0.2355193354390168,0.23560528604169018,0.2358784581734282
1732,0.422583326898997,0.44177995776832035,0.32059701732198354,0.3184059111005007,2.483992857618733e-05
1733,0.42131444066152246,0.4310788397473995,0.3108385357078968,0.3086749258064767,0.08014924777774025
1734,0.4259725161634112,0.43964000661708935,0.31259769071279275,0.1040893631193685,0.31613791603651276
1735,0.48567336900391156,0.24093607012451126,0.3595536466090951,0.35382697802475627,0.23652191350501417
1736,0.5787339876097676,0.5850179445022113,0.4341622022853316,0.4371767838486134,0.10097670474525469
1737,0.5499305905704946,0.6167704919289005,0.4500427280484119,0.449914053367373,0.09815416697362804
1738,0.436938235627584,0.48871110862479383,0.351494470678785,0.09939046961838348,0.35286590319857114
1739,0.416992136452375,2.4934683907308107e-05,0.2128964461452487,0.21393567960048587,0.21248108832118093
1740,0.418455248433275,0.4330687801831162,0.20762504619930444,0.2078298293491779,0.20695513562927312
1741,0.42279783888607003,0.4430832881897206,0.6312191935364929,2.4704514342188163e-05,2.0897023585536973e-05
1742,0.48473752538030535,0.47875168507142535,0.23797519026632927,0.2353626392412854,0.23829586347059925
1743,0.5765790742025221,0.5852320636515665,0.43889257690713535,0.10009777937544814,0.43453691564445507
1744,0.5437399826133626,0.6260135077911944,0.4526811889494647,0.4473480205844172,0.0923988324169017
1745,0.21622357294368513,0.4866246045689568,0.35198366691788324,0.21885716403963631,0.35253254121309646
1746,0.4179994889940216,0.21912129804112399,0.319485628526809,0.3177076436555321,0.21784086578743447
1747,0.41676127992389705,0.4305804556787491,0.31178222307637415,0.3094692708238131,2.4744284870163207e-05
1748,0.14036006672252202,0.4422118175451898,0.14021271048736492,0.14053637753074236,0.6230665179879851
1749,0.4836706275280194,0.4800564029938271,0.3565449385589907,0.3602216349993887,2.0582254328629473e-05
1750,0.583969999209258,0.5862007547020892,0.43858450120552844,0.07889762082329788,0.43398117249855617
1751,0.5471258523500447,0.6202513907639872,0.3006225336682706,0.3009862380502105,0.2996966349943166
1752,0.43430530234524994,0.4862161289380962,0.35372125722995607,0.0922726691783469,0.35169671884708154
1753,0.41970363493784246,0.43476096952048204,0.044692920889074984,0.04614351891459438,0.6438317393221272
1754,0.10474322532282823,0.4349799462595983,0.20710927764120457,0.20575053983353142,0.2092482293432125
1755,0.42577941538967246,0.44015569698976026,0.2094762387069966,0.20701509648299019,0.20659465522640877
1756,0.4871280517424256,0.47579928501567004,0.236854977001409,0.24069679048208759,0.2380336741506306
1757,0.5874004999230267,0.29551302833847165,0.07951995825891177,0.2938317442962442,0.8686961524595067
1758,0.5428847185008538,0.623105475331078,0.4535064575963993,0.4498861794682154,2.46619445618441e-05
1759,0.42880030020494864,0.4882423897444423,2.464643505077537e-05,0.10204734774451178,0.7100291515168807
1760,0.159653361297065,0.4369953410631941,0.15889121515089244,0.15905967661486078,0.1595622806062933
1761,0.4229678541559073,0.43422026232192884,0.31166007088742204,0.3121139263664961,0.080579941591654
1762,0.6138677810964297,0.6542955514071029,0.4664184424274447,0.46640346622638174,2.0690878190329206e-05
1763,0.48536336849823397,0.48422447887203246,0.23671576531924024,0.23758095441530405,0.23887288762739375
1764,0.1736883235781089,0.07928355155210283,0.17213105881074442,0.17343870265357705,0.1734247215732711
1765,0.5490811712751452,0.4710314373726741,0.09156693743737838,0.3490240389654224,0.34721637496172875
1766,0.4378285023605423,0.484235806822532,2.0830833509353147e-05,0.35089730401300434,0.3543781828265475
1767,0.41822114873248756,0.4419077484939854,0.21043723688903337,0.21180352949189254,0.21392701186489102
1768,0.41626218275737215,0.4336125742075121,0.20863201689576283,0.2078782032956132,0.2071409011264852
1769,0.4242170750928069,0.435550183676273,0.21120648777630094,0.2087358417791475,0.20777463696498996
1770,0.4824127846430708,0.47933972579240264,0.3565137077954296,2.0721138548437758e-05,0.3594156490049374
1771,0.5841970695657095,0.5842964695645482,0.4338992908514205,0.43708882491615997,0.09035230003408562
1772,0.5490839717824011,0.6176252793319081,0.45383498942393236,0.4531421693338789,2.0992537501325947e-05
1773,0.4339724270105875,0.48925835780521404,0.23460329637391683,0.23514364603780236,0.23711398484124746
1774,0.2077842460791717,0.43700210745139884,0.3197972340097463,0.32164782778273787,0.210127253256843
1775,0.42018803929947585,0.4318486972257365,0.08129917743424951,0.3105711102451903,0.314151507666101
1776,0.42433612887139727,0.0910458343156123,0.20787418547103997,0.20861061498826206,0.20964714475916532
1777,0.48345917622181855,0.4808011226256675,0.2382536020425657,0.23674911778515292,0.2377991875558335
1778,0.5806161947500476,0.5859476430293981,0.43933209216313157,0.4374476811951897,0.10342313828832427
1779,0.5467825414062066,0.6184152847847352,0.3033217288500492,0.2997721632733829,0.30065699697183124
1780,0.43529563889032774,0.09102182323397018,0.35260303294854123,0.08077332490811315,0.35229722234163047
1781,0.42282253169548495,0.4392337442637988,0.21247180514380315,0.21291252726410156,0.21341234961463318
1782,0.10107072169893652,0.4285914570322973,0.20738912914067253,0.2051840784777813,0.20779485028222258
1783,0.4278055844627872,0.43403897917066536,0.31559881060240225,0.3137243146802041,2.470495430162315e-05
1784,0.48601421477034656,0.48065922472053385,0.23893041762726516,0.2389556239482912,0.2379278371617423
1785,0.5775934320374145,0.28851005114215844,0.434949922295965,0.4399776052756064,0.29255390133540804
1786,0.5450188150083233,0.6195338427247378,0.30128755493743203,0.2997088961094077,0.301131012052765
1787,0.44016811188140437,0.10079915855900805,0.23485352007542415,0.23479383877676877,0.2355952346807911
1788,0.20826804642678295,0.43542874641095625,0.3234774335784262,0.318432834114416,0.2091886487327551
1789,0.41916401729155195,0.43604988856364474,0.2753149188185469,0.2761507401353118,0.2747599358945196
1790,0.5889856655429474,0.6310407559917011,0.46577754355880074,0.47207673729077043,2.0927103783100987e-05
1791,0.7604257438430501,0.7968608233434008,0.48130998271866166,0.10096083653500329,0.4809995324654224
1792,0.0,0.0,0.0,0.0,0.0
1793,0.5444114830188431,0.6168437123713618,0.3016315873400583,0.30056623812386013,0.3001577632012206
1794,0.4352113680380031,0.48788258092427744,0.35520407263276044,0.16568424521943195,0.35432723539437994
1795,0.4215892097240195,0.08034863069238075,0.2127809280341133,0.21284023757480175,0.2112760803741112
1796,0.42280591007688345,0.43217900171827905,0.20689071560601036,0.20860388347521866,0.2091594620979661
1797,0.4211835487236735,0.4373469606540473,0.31301220635925636,0.31584219293966176,2.4698062153724018e-05
1798,0.7333257233077095,0.3520671193281687,0.48429289355934474,0.35004085678559604,0.48411332859193545
1799,0.5795079439582934,0.5847250513165037,0.8704623451171307,0.08055033039208091,0.08987454283692876
1800,0.5433767410475077,0.48055126821382593,0.45017593902759345,0.45305292390860796,2.0937083740221557e-05
1801,0.43717372657612263,0.4869578094441013,0.35071539071668223,0.3522195785026302,0.1004840965121977
1802,0.41688720650797917,0.4366084042197693,0.21280761644352297,0.2135167953947068,0.21387642761525796
1803,0.418330500648971,0.43249918944754456,0.20846996664519923,0.20791980094121387,0.20818779885272357
1804,0.4274052631077486,0.4394515356982368,0.31174152431101443,0.31262787886771787,2.4786917885179935e-05
1805,0.48318588481410646,0.4828314254502872,0.08131247488081626,0.3560065770794915,0.3593831964340965
1806,0.5751310663830568,0.591839833384696,0.4408016704479487,2.4582711656842684e-05,0.4394449607962148
1807,0.5437511090549956,0.6162861937722005,0.44836827322237943,0.09857268226738114,0.452293305674023
1808,0.4349527835596853,0.4863495696442433,0.708177845357613,2.1034733171377683e-05,0.07954290929830857
1809,0.41771163499189856,0.43406390826221836,0.21309830849343436,0.21309102459857707,0.21372960256406034
1810,0.20733640413847643,0.4350013984463246,0.31179109001938,0.31162069722765545,0.21095024554841493
1811,0.42261261836440794,0.21704643346851354,0.3120585207307299,0.3136815907820721,0.21870556762907242
1812,0.09048091454086496,0.47664447099798984,0.35839165910184706,0.35976741288048375,0.07966962898964454
1813,0.0920751003491076,0.5914419119285969,0.43606307148380896,0.4343796163359774,0.10001442344211327
1814,0.5461733519537606,0.6139010315777329,0.3028394922368642,0.30172577964092967,0.3033329737103662
1815,0.43778370032235736,0.4868915319482689,0.3527537242552266,0.10064920031423728,0.35377750330880614
1816,0.4210824631163516,0.43458803239746596,0.09823098225800708,0.31801483915227086,0.31615212094965467
1817,0.4224758869760953,0.4342880040723383,0.20785160395929736,0.2077740100425289,0.20574989313496148
1818,0.4272115855113091,0.43611952179612384,0.20971039799603994,0.20919155026343775,0.20905780191270684
1819,0.4858767630911578,0.48976119507610383,0.35619643186075295,0.3588053938909152,2.4441864598417477e-05
1820,0.5833951695513631,0.5868714730142062,0.43664948218306465,0.09948510048743094,0.43455314453167093
1821,0.5419123251170228,0.6135364019881654,0.3017642074644239,0.3003437552833727,0.29903101364162427
1822,0.16857668622754268,0.4888369589567789,0.3541285775396821,0.35225640807112135,0.4344449810192394
1823,0.42340849587949936,0.43522064365881297,1.2313614099664365e-05,0.6381246788204746,1.2247456295069266e-05
1824,0.4261721256320091,0.43485233720046584,0.20800339262782944,0.20656924016255676,0.208966260940168
1825,0.21153360423918371,0.21039360018820655,0.20974170692386582,0.20821979683993172,0.20972758145496495
1826,0.48232682104954056,0.48048034453779787,0.23641443087825895,0.23769199367760938,0.23817962275136392
1827,0.5782484242972287,0.5861479320858709,0.43540503184809115,0.4352743126376948,2.435497714922484e-05
1828,0.5484916331189097,0.6238093721121892,0.4522343174416776,0.450020191757702,0.09024897660253049
1829,0.43322369572001584,0.08869663151490902,0.17160861815638256,0.7071472703237085,0.10070901514671057
1830,0.2132982658924288,0.43467323009404474,0.09100181283694551,2.453275407360319e-05,0.21018343691271832
1831,0.42098535945881094,0.43450770545737305,0.2065470679462558,0.2073895431393478,0.20833470061745382
1832,0.4230140915318287,0.21907291956341302,0.31534678327128224,0.3159222224869236,0.2190104003652614
1833,0.4813734300869577,0.24196455773050443,0.2394551487366548,0.07844382769325448,0.7192992319227498
1834,0.5756080241184599,0.581166402589515,0.4377181014263674,0.4397102683863218,0.09908418510564376
1835,0.6456857742978713,0.6241027843359347,0.3482935546662227,0.3424152097516471,0.34374065173712537
1836,0.21778594028314785,0.4897608424197115,0.3495893736848606,0.35547543972465295,0.21695316154671948
1837,0.41969650852537116,0.4415609436072548,0.21407192265167393,0.21440169563367342,0.21415790645107602
1838,0.41798636148278756,0.43264454882468356,0.20697423308361018,0.20884417088964136,0.207590764173101
1839,0.41787705094430205,0.43429047167667745,0.2086158009647315,0.2094759813393956,0.20856590810131737
1840,0.23944338224862804,0.4761839534271923,0.24009813198762514,0.7157714241125646,2.4349853727910445e-05
1841,0.5801070673028389,0.5936217160096368,0.4355867180280193,0.08119270726581955,0.4380514929062245
1842,0.5472400668010788,0.6203760524240468,0.4495395551937097,0.4515015193515223,2.4591043948060467e-05
1843,0.21728395440802425,0.4855608872364764,0.7096316749813383,0.21807670300891138,0.08081822067765951
1844,0.4217907524133648,0.4383165621179157,0.09011688694358493,0.3731914223173444,0.3756794438389227
1845,0.4208737580595099,0.43537324748593803,0.6179871434364304,0.07921212411856085,0.10010965710299233
1846,0.423177853163167,0.43638967841926574,0.16729237573487946,0.10025319616180117,2.4479695416585235e-05
1847,0.4864208714671715,0.24124770380779398,0.35957176786434025,0.35917820883914453,0.2417353130241361
1848,0.5795017224914659,0.5884714159537227,0.0897323792727237,2.419790142705048e-05,0.8693426017988303
1849,0.5493693142272886,0.30828715511077154,0.08031934882998337,0.9001813545986938,0.31008667784219646
1850,0.43177260591915223,0.4870361989359052,0.35147615392442205,0.35413035669523046,0.08057083878937356
1851,0.42273324187483796,0.4361744288939195,0.2134862761678572,0.2104958926666972,0.21311197167657506
1852,0.4200200836848126,0.43429852271145913,0.20659199522680027,0.20831990946799847,0.20665224716293798
1853,0.42219331336967636,0.43316076373074114,0.31538594129421194,0.312864057554815,2.1287393912778404e-05
1854,0.4830128845991527,0.48213361979593866,0.08106550241994508,0.09151303880059163,2.142794047588939e-05
1855,0.5820937567289052,0.587868530108218,0.867656425538959,0.16771795175610543,2.4278737670629418e-05
1856,0.27134767983728836,0.6226582139927849,0.27218183210088953,0.898262217765221,0.0996945903268644
1857,0.43429903303255396,0.4885767901778811,0.35448598614941246,0.3527496391458125,0.16419734107632705
1858,0.42367688416379445,0.4382870359608629,0.2118710053726651,0.2111433106267189,0.2150210896629826
1859,0.41832101378573155,0.42923916037231,0.3096466047344738,0.3108431799370946,0.1693461399643747
1860,0.4227822079548748,0.4388759562160148,0.20846147981498128,0.20933415869745234,0.209710022878983
1861,0.48163037533156605,0.48240531864023073,0.3577021966014172,0.35649101374631503,0.09173196236810559
1862,0.5815962920428148,0.5856774168592297,0.883168549301674,0.08072190038022153,0.09031725640911245
1863,0.27386288725095487,0.625349331574896,0.447422996529063,0.45040897165716914,0.2728943557655497
1864,0.4327053710301055,0.48939248702718546,0.3523496722690319,0.35434705504181785,0.08140101100692257
1865,0.2097099114537576,0.43400364866187374,0.21178275251923775,0.09921581570911313,0.6431042397549821
1866,0.42012149770588214,0.4319051793295462,0.2089181598582636,0.21006119098059287,0.2085043393172014
1867,0.42013655251063287,0.21959688648916706,0.3153952214826985,0.21896495399936416,0.3162300213357248
1868,0.4813582968126226,0.48033641994653664,0.3585930863044911,0.08050534405621632,0.35705014688792935
1869,0.578844937581706,0.09150092940011277,0.4297075875884894,0.43365107319418134,2.4382337156588487e-05
1870,0.5452513005856512,0.6207966266613925,0.30196379559027947,0.3022339489709383,0.29925230073577264
1871,0.4366032259057703,0.48625855799395207,0.09865608165891397,0.35025158005498536,0.35555912609955875
1872,0.41647436229691703,0.4405025334707698,0.09053768346525845,0.3196095550691302,0.31825005109329124
1873,0.42091915129692836,0.4374423426499353,0.20702444287100763,0.20811692063989093,0.2083939709386328
1874,0.21006651540770319,0.4394349774639832,0.3132569501182924,0.31228441326402806,0.21124078088105114
1875,0.48420239125309145,0.47710393809436774,0.36095064245537467,0.08006361248273165,0.35711346718708015
1876,0.5786953862678602,0.582957015791216,0.8727573825459944,0.09018207842007475,2.147815102058545e-05
1877,0.5485711918993224,0.6175971171625042,0.4511709022832024,2.1145787619656024e-05,0.4491835980461512
1878,0.09928269449028679,0.16322579646703864,0.2369229948358599,0.2343586667609059,0.23648775986406237
1879,0.41765454395524443,0.43891392313585287,0.21336447908299708,0.2138872895219209,0.21257208781035575
1880,0.41911468760901743,0.43349168150724376,0.20931588965184048,0.20781927660275043,0.20868820162146975
1881,0.4266304350645888,0.4346772113180101,0.31430336112635504,0.31604507853890307,0.09871045464480811
1882,0.48733499828246496,0.47702879943168386,0.23921703544806552,0.23888034698463415,0.23875908461383422
1883,0.29016159557146004,0.2895923735529524,0.29155543019159963,0.290961946828207,0.28979442888103407
1884,0.6511632556552455,0.35542721317036147,0.35526516185455165,0.6189766107419239,0.35517666823905353
1885,0.4356881082243461,0.4887780585676668,0.353578231132693,0.3541723482385974,0.07924882830113446
1886,0.20881918992269516,0.20884906437524878,0.2704968188681092,0.07904301911341281,0.2711657516569209
1887,0.4197980173476125,0.42944313197155254,0.07895599695581627,0.6203201619630061,0.16694283292890066
1888,0.42196561812218053,0.44324161774987525,0.6343355656130849,0.04987098200612995,0.050123128491813725
1889,0.2416127878323054,0.4786490328120096,2.179053509107056e-05,0.16610185457493692,0.24077573616765421
1890,0.5873717966421922,0.590497584242226,0.4361292063337492,0.43261447355934163,0.09164476523388378
1891,0.5437177048227279,0.615598397144024,0.07922118063882606,2.1445643967311837e-05,0.08958338646452566
1892,0.5252794864385487,0.48908383158149393,0.7070779608966642,0.08040906611673532,0.1643806208154697
1893,0.20959809469142993,0.4368519614048216,0.3196279765008284,0.2089722356566183,0.3175919199082205
1894,0.4154390735485683,0.2156434074818194,0.21584292143029463,0.31057562425693747,0.30913364201065213
1895,0.4233717219911839,0.4443253965960835,0.31303370933528263,2.1162404224204078e-05,0.31293583898875577
1896,0.4784413120791596,0.08039000010304463,0.08984231769798995,0.7204280254685698,0.09792867384965374
1897,0.5803846124387604,0.5812282596203489,0.43708297779455035,2.4519692860657997e-05,0.4363600384117153
1898,0.5425414970933796,0.6171280411618979,0.30115806224275604,0.297310776461365,0.30143192282780834
1899,0.43721575247406536,0.48814193940089795,0.23669731518720882,0.23475999627131847,0.23619960929051106
1900,0.41997246287644807,0.43583690158606386,0.32314317335251264,0.3229140297460747,0.09033242689969607
1901,0.41886318521094984,0.43304513496369074,0.2075455348138627,0.20795601889264034,0.20748448553782875
1902,0.42381185845448466,0.43387480192357647,0.31566361888963046,0.31337553784012756,2.4271036816771496e-05
1903,0.4827997739812806,0.48331742684467693,0.36305637112725747,0.3558918228194775,0.09034994814716693
1904,0.5821463076271447,0.5849517769136997,0.4393863981588731,2.4102378337218505e-05,0.4373680235859851
1905,0.547131221651563,0.616503478624891,0.45074187057210213,2.4147403315694346e-05,0.44790716121129265
1906,0.43752017888681793,0.48769159428839076,0.08945249129943048,2.4274703796252822e-05,0.7101422257962335
1907,0.41786750737311035,0.437169985228824,0.32049927217723645,0.3174945628682949,0.09843551912565833
1908,0.41805241328496917,0.4333579822496659,0.31209155107007475,0.3101553853284416,2.150990375381836e-05
1909,0.21241840588470573,0.43740936670873354,0.3163362855353895,0.3165290043820378,0.21042570630349533
1910,0.4836962734436772,0.48049906899758954,0.2382014221044908,0.23694945947303414,0.23668478957786665
1911,0.5748221301292961,0.5856716169051285,0.0997110376967569,0.8691781210026434,0.16972215091536036
1912,0.5443521368386349,0.6176661243761471,0.0798886617442684,0.4516376143812206,0.4499835200549591
1913,0.4333371899759382,0.48778321110408324,0.23546238183096405,0.23559974464912947,0.23769987303848208
1914,0.4227004749189742,0.43984032703656817,0.2121159299620592,0.21104522111167903,0.21355680025562915
1915,0.4166369350726622,0.4336043532948207,0.31193709184007,2.4122925135149224e-05,0.31308328202122837
1916,0.4257201584054012,0.4354267819614961,0.3124107586417719,0.3117049073049894,0.09975577502744852
1917,0.48013657219176614,0.24007607649449983,0.7157105437685057,0.16667585401638602,0.23765248004043657
1918,0.5766470861582687,0.5858264621603789,0.440916806994327,0.43244373388226,0.17137830914462374
1919,0.5497499645391289,0.6211453836683104,0.30351788802453955,0.3018023552493371,0.3003071659060263
1920,0.4384885819909476,0.4863061777595507,0.3506190755205334,0.09335036048044469,0.3508061594875645
1921,0.4209482944826233,0.4430500451533304,0.21109073848918922,0.2133609144929555,0.2128831537273068
1922,0.41735566921694667,0.4283321159858017,0.20735989698383187,0.20531113272240156,0.20885440540984493
1923,0.4236355505150627,0.43439610140209334,0.20728352257719881,0.21013398820619458,0.2080019787963376
1924,0.4880789876520252,2.174367973501381e-05,0.3584749429849696,0.09177429341075642,0.35537838634290336
1925,0.29302749421182483,0.29209821228832655,0.4362899577990151,0.4353226967930893,2.4225425573537103e-05
1926,0.5499566512483114,0.6190212252021307,0.2991019411911286,0.2995932410487683,0.3006271136890016
1927,0.43273426689565186,0.38724491881363504,0.3518528077887321,0.3523644116335677,2.41120814219456e-05
1928,0.4199205338894734,0.4363172580150235,0.31940766464952924,0.31850190441105725,0.09148362531365056
1929,0.41507572274328997,0.43150514909834187,0.20756574576299666,0.20865760146939158,0.20683630249355156
1930,0.42295567713133625,0.4381684241624902,0.09118495107384843,0.3140152735316653,0.31489357642923504
1931,0.4849148213489097,0.4737402889391936,0.23864016874034044,0.2381874634876794,0.2362402332545482
1932,0.5806175800803521,0.5904747819622193,0.8845534666796175,2.1624305649351835e-05,0.0984730746425916
1933,0.5458103634854942,0.6262876030539392,0.4536343519029373,0.4524150492649251,0.08990987163091964
1934,0.5399158123610589,0.08166514995358368,0.10010684611296809,0.3529240596477935,0.34990022996980286
1935,0.41885166632195214,0.09174190446499696,0.21334058787023366,0.2127210996733687,0.21359048507399003
1936,0.4230156930822214,0.42897505085615306,0.3126907202021025,2.4080547646483148e-05,0.3115950929164942
1937,0.4240522952653983,0.09913933582751766,0.3124367726512014,0.16976364096378985,0.3141589376503404
1938,0.4797070498125181,0.48004799038917867,0.23772941411902618,0.23966448606089444,0.23864370800523751
1939,0.5839892355463046,0.5886596116227544,0.2928309335074534,0.2902220997146968,0.28931082901256305
1940,0.5452829051917486,0.6149466544614514,0.29921461122637644,0.3025756578892994,0.30090575470703035
