Step,AI_Eps_0.05_e0.05,AI_Eps_0.1_e0.1,AI_Eps_0.2_e0.2,AI_Eps_0.3_e0.3,AI_Eps_0.5_e0.5
0,0.2906180916286992,0.34647639251493884,0.2833270722665603,0.288880841639611,0.5872037700193039
1,0.2745551364546726,0.354993355947136,0.13902294262561943,0.27350485258218804,0.13979042814388087
2,0.21789217300784267,0.3468736520511574,0.13997216870935078,0.21581844709047437,0.1404705748381708
3,0.2100278894225979,0.3495152864476273,0.4358226663317389,0.20959630087105274,0.6405178884864592
4,0.20931871160618767,0.35208479675347937,0.21461493037634957,0.21672804919688238,0.2089157766383772
5,0.07617027439886566,0.3469087884848308,0.4394577045537821,0.07561958712732213,0.07584430829060433
6,0.48133449423528574,0.3490079534254043,0.31731478764854715,0.32094479267634246,0.7150693964954264
7,0.5876762270376749,0.34845124620677026,0.29153121413818456,0.2915461211561231,0.8693604252285141
8,0.1160780802983996,0.1163342306105295,0.30913279766549034,0.3109139858423734,0.11613053045398071
9,0.4349336822098908,0.3497066997291744,0.24396300782509445,0.24165315779115565,0.28118908253237984
10,0.41850933212536834,0.3189003306009992,0.22156791146038188,0.22004621789614753,0.31904835264824954
11,0.41760169501031236,0.35398787531880604,0.2176730955694466,0.2180080982107662,0.6178411761055396
12,0.4218736690231064,0.35196539289950524,0.4367645336365531,0.27904777538097064,0.6284065770228561
13,0.48037547169183353,0.3515244945369322,0.4839234766719989,0.14010477455681683,0.13971005064433023
14,0.5749521300503726,0.17470438927379764,0.580977734463587,0.17542368207896783,0.8679303406193902
15,0.5430713955333758,0.3492094026038717,0.310106424988113,0.3102035154990832,0.9075298269899964
16,0.44131473646528024,0.1756499034742017,0.23973309541439836,0.24517935725036538,0.17547388706746225
17,0.4209715861153411,0.32067063344398794,0.21928678717989297,0.2191832823878868,0.3187923149854725
18,0.4172459648900139,0.3123920651532936,0.43472738038983283,0.2772802753753578,0.31211365755350634
19,0.4241974397100603,0.2085361885492312,0.20851652543752283,0.21117658193137367,0.4334131117852392
20,0.48304314269736154,0.3493045943162696,0.48166952611529495,0.3576229691945224,0.35675861540025483
21,0.5872546134028303,0.3478343414342511,0.5911480322768731,0.43525763472536605,0.4370354311057325
22,0.5443230380878522,0.3515799818316212,0.29766006254598115,0.2999332712793507,0.30129252432274856
23,0.4372333203383319,0.35348030416412746,0.4879096948317628,0.351579341534813,0.3550468407767966
24,0.41769485201995105,0.3476688611587446,0.43868947789917206,0.6374889919906196,0.278342331523312
25,0.4182399831510482,0.35185091539938457,0.43231919402462254,0.27960358467585783,0.6176485957682466
26,0.4186883443642436,0.3517146707543454,0.4346391775461205,0.3121263967072066,0.3130994939195277
27,0.48429798237144817,0.34808298092485773,0.4793933069159137,0.3544108415697747,0.3597611433121252
28,0.5749653265076939,0.347723786020816,0.5876653311818733,0.4346572640680467,0.43558107344919317
29,0.54759533056058,0.17434893690508527,0.6173817313007879,0.17523628348299922,0.9029011529891289
30,0.43661639831996457,0.17397910455274707,0.4887633226044431,0.17646568943117757,0.7072117731248883
31,0.4214341102755076,0.35001914669222817,0.43528804741922406,0.28159239598948627,0.6441083665032147
32,0.2115772462827024,0.3503505238101235,0.43057666935432737,0.2071354907957707,0.627884963721366
33,0.20981822171722544,0.17582618877486172,0.21183784355920476,0.17470517604758024,0.6258566935075651
34,0.24070251522508512,0.17405814431672711,0.48429842945434187,0.24253180385822043,0.1754284592742799
35,0.5853712608308411,0.11656763259531365,0.11860020993107852,0.8702336008206625,0.11533826841580329
36,0.5406833566139866,0.3546260546533665,0.30837059113020426,0.31089916657245886,0.8972191483823566
37,0.4378857938748377,0.350365012018213,0.49236746859626157,0.3524983802669286,0.3529670868023931
38,0.4231151915013178,0.17374833673351112,0.43757936473145065,0.638714724482746,0.17493558981057736
39,0.41888160350431763,0.3461841634737687,0.43278227181304085,0.31199376824001135,0.31065850047674615
40,0.41975079471067606,0.3488036532025654,0.4427934034400901,0.625549280471484,0.2796721675547247
41,0.2418570458694483,0.3530475049059329,0.7190500669270415,0.24313802412503446,0.47718084784759607
42,0.5760512362777828,0.3499445497954476,0.5857920822092578,0.8734674389133777,0.2806435892348536
43,0.2741633961797585,0.27032961780786613,0.6211650060893735,0.4506572403831422,0.44996646409663527
44,0.43578114053800177,0.34970167365985244,0.24437582887992687,0.7000704593828633,0.2464616663392556
45,0.4262162926788767,0.3512681304681233,0.4353247266951122,0.31710088936002384,0.31567370551830315
46,0.4169718257648918,0.3491622128059028,0.4314898709728684,0.6204164326670384,0.27794483808954396
47,0.4224845547636316,0.3510710936461582,0.43756469103769535,0.6288464599555983,0.27863120654368284
48,0.48406719618145216,0.3526867613374332,0.23951929711187,0.7190733905192515,0.23817927016476692
49,0.291201537210986,0.34729779559774293,0.2908023050779617,0.2793350300601135,0.8662790054049126
50,0.5446028284719148,0.3503763792700307,0.620181522426613,0.27692505030532255,0.8996708892898065
51,0.1438579046752295,0.14756642963743097,0.7019241260598,0.28282193921301113,0.14448114250286279
52,0.4223593079950107,0.21275015319241677,0.21273413247913067,0.43532419416781243,0.21213764826773474
53,0.20795111382481518,0.20794027213889388,0.20893042008759932,0.20751286624390997,0.21115657120626624
54,0.42144415542536073,0.3504314813470124,0.43632727878503497,0.31215827719520034,0.3143032312355578
55,0.48614274019992426,0.34943204775126446,0.23742932171250747,0.24009323491363163,0.7064948630917556
56,0.2918528657069723,0.2937336023490595,0.2944732794067347,0.8702295200117593,0.28999314237280005
57,0.27339095715573347,0.34737728668558815,0.6206793285602222,0.898459340189499,0.27460314266445374
58,0.2771088621031878,0.3459630933538205,0.49160976875009704,0.3518135816222475,0.35445857508575485
59,0.20915891774832207,0.21100378131491562,0.43999879409616105,0.31738506387208487,0.3215773669398428
60,0.4203945797931443,0.353612285615534,0.21632038765670863,0.6194296499652233,0.21736190361041582
61,0.42428700590578095,0.3489735184750531,0.43927786827636556,0.31609204824411485,0.3162519017847842
62,0.4851302671087191,0.34776979743230574,0.47932861385651104,0.3579638988432904,0.35753912631428975
63,0.5818057781980153,0.351802927572851,0.28096737922960985,0.4369023113614849,0.4331971590892041
64,0.27260086215315354,0.1746444601873294,0.17447554542054167,0.27397118982961455,0.8957358402030472
65,0.44262858642563135,0.3473627844481964,0.48826189136160986,0.7017349687316992,0.28132101316032715
66,0.20868584042884727,0.20993382479660475,0.44215413443564505,0.31843452092031105,0.32069279798936684
67,0.20887537742446993,0.349883942090315,0.4310634311618421,0.20649152803743717,0.2071149174202751
68,0.425033569249815,0.35001501470241203,0.43620077716547495,0.31442503257465937,0.3150796376695497
69,0.4834040875821277,0.17697331608958294,0.28073079728885986,0.7170641937522012,0.1765206486625941
70,0.5881120195262122,0.34850099507115384,0.4390369032109248,0.579690340221484,0.43574144109697777
71,0.3099720759832974,0.35368979692979374,0.3115216011186767,0.5515669229392183,0.9080830499938913
72,0.487390466288588,0.17456825008542431,0.34884788354133583,0.35111540069293706,0.17603061028136985
73,0.21952293097523554,0.35071248302924357,0.21733340974182316,0.31929709570017145,0.31956009262198903
74,0.42243629025586615,0.17686950314815933,0.4312323174013621,0.62015258018252,0.17629014697855286
75,0.4222500009456316,0.3529313605742677,0.43504582167835015,0.30975318297679655,0.3148037542415835
76,0.24138604076637513,0.2420542089589286,0.4780763586389859,0.3499444062609432,0.7187874102991728
77,0.29404944957921575,0.3484648554907119,0.29161428926759986,0.5807398931079067,0.8733093987519776
78,0.11805479846811939,0.11605777117159512,0.6144254762609938,0.9102955757630223,0.11586290240743675
79,0.4328119081218717,0.3495403143053896,0.4890291377023654,0.27946708518903063,0.7080932370599056
80,0.21053124987846636,0.35015627144023165,0.4348179441471366,0.6341410150821346,0.2101201301426946
81,0.4169086456688539,0.3478895490626802,0.21632892844406237,0.6297776039079511,0.21570671508282155
82,0.4208726705798904,0.34556723691426655,0.4366427127506845,0.31550983596958804,0.3136959422875067
83,0.16073042722944214,0.3491860809567836,0.16015746223064944,0.7172043640207925,0.1607429689834368
84,0.5783176343477734,0.3508536915012312,0.5824389818930855,0.437092392625312,0.43273725926225665
85,0.27063359555334,0.3463395063316058,0.6180755036209685,0.9031060696311257,0.27234472074528293
86,0.2764916993124605,0.3509937021348467,0.24419691483559325,0.7059639688545013,0.24533476321344824
87,0.42074571243320324,0.11626426399007823,0.43650602645054415,0.11478849889324223,0.11483550497247941
88,0.42376663065744724,0.34736740596031584,0.43482235150422577,0.310771767138361,0.3120139009169195
89,0.42514753581236375,0.3519646641139731,0.21958687881206743,0.21913518247524977,0.6305488471696172
90,0.24100098200161124,0.1751632253185591,0.17536501638286459,0.2397841834527283,0.7121982744790301
91,0.28779517865186516,0.34872576518336684,0.5856480027915719,0.871851543501278,0.29087965264910876
92,0.5465364033358471,0.34690204288140836,0.31077901226993615,0.30596975488478007,0.9006717688356191
93,0.14785096363422492,0.3481990441715045,0.14544231329709853,0.14442607463034632,0.7086589500002138
94,0.2091979280467691,0.3522310766925475,0.32016704599418555,0.20960431520288908,0.3197643421239949
95,0.4169634381855208,0.3524779945470179,0.2166257420294157,0.2788852274139016,0.21467672471894544
96,0.4259421779132356,0.3466616795523021,0.438955509292984,0.6244260807409825,0.27831540146908185
97,0.4859596166455729,0.35131623854694133,0.48201422834904245,0.35943403777903055,0.35887507404268304
98,0.3445817750397768,0.27656513499503343,0.5838825992798387,0.4360663656430812,0.43538557064152805
99,0.5451463646868336,0.17493770888004148,0.6207336974840723,0.9064168842632977,0.1737801835931329
100,0.43729246757972845,0.34963553429224176,0.4885610086497239,0.2758387028911015,0.2751437699730349
101,0.2114657157056492,0.35322681291322267,0.442161626367159,0.20959378072999413,0.6399341623828355
102,0.13957876912077907,0.3501775435501238,0.4328547729657,0.13941266909739566,0.14027211104853596
103,0.4171388644607831,0.34984892177240223,0.2184947512943829,0.6230277848059885,0.21799428297132956
104,0.4856740421516159,0.17634035731768946,0.2390060340358587,0.17439919674524954,0.23927071697308475
105,0.5837290382508745,0.352108777550909,0.2926343527907973,0.8827788465411417,0.29426264211630343
106,0.2694434144043442,0.3500048515696726,0.2740572679272032,0.4486249602464661,0.45364895112696196
107,0.4358149968034823,0.3519050236160296,0.24399839116453223,0.7107776282058176,0.24501572078108136
108,0.419417525174767,0.34942043527183086,0.43977410840874004,0.31581662562909046,0.3203884397834405
109,0.28139118633103877,0.20754651168098406,0.43838733977527194,0.20595908007578578,0.20804613817522635
110,0.42226576423978596,0.3511145830747998,0.43592309114854044,0.31589347588036515,0.3168843865782191
111,0.48258343658871766,0.17466905617046324,0.48327251541666977,0.7195998079389029,0.17537473083525773
112,0.8715456648048898,0.17598091985369496,0.29210760598280844,0.17452916226157567,0.2941577990537553
113,0.45170389863086,0.3507209947352745,0.6136527607270744,0.45255428854656904,0.550560376796063
114,0.2374643174543768,0.3457186642222333,0.4320456971179605,0.2374011007476037,0.2351265531428883
115,0.21347282893293165,0.3514306484285038,0.4383006377061388,0.21396331079820138,0.21433298644025597
116,0.31285878871428546,0.17313277439835842,0.1755470813636116,0.43320541659565837,0.3137167532853878
117,0.4231993826244485,0.3435022822526726,0.21700481570374683,0.6247773108912698,0.21805590670964695
118,0.4838366945489856,0.3519800192223999,0.48274212259124616,0.3597825081425595,0.3570373057696397
119,0.5761560524896623,0.3515817397249857,0.5930565158172705,0.8743442106308267,0.28398285536741086
120,0.549196780193272,0.2841351177254708,0.6227443295748183,0.3564893651591441,0.35783308693694293
121,0.4345805578502875,0.34742874173960714,0.487335976808507,0.5821432979143528,0.28123467086678716
122,0.1406362651837442,0.34373068650309,0.14098175464366816,0.28161239692104667,0.13914721159448892
123,0.4201009923775089,0.31311457894321615,0.27890134008494505,0.31066775652654766,0.34942657768507546
124,0.21159122799285948,0.34936916627833736,0.43695624936678473,0.2112427476286198,0.6266551700779123
125,0.4866712936767232,0.3448858477728617,0.23859197378259933,0.23645592320215175,0.2793025221044304
126,0.2890960772682967,0.29043417003175526,0.5826743836935953,0.4356921583739416,0.43320227822281127
127,0.5448166354289115,0.3484128751195373,0.6177977501998431,0.4520055595464598,0.4435782604084063
128,0.438048225070519,0.3482259127920672,0.49078555378069555,0.35018672213002755,0.3534419355515937
129,0.41748793596309397,0.3475758663173451,0.4347266058536785,0.6337100653126226,0.2812875015687411
130,0.41764436133083993,0.3502819133590086,0.4325741624920273,0.313674260285896,0.31097328404323504
131,0.42192690636181146,0.3471589255055735,0.27822218281079375,0.2171875564991794,0.22025167920128874
132,0.48614842505211037,0.34542284663705175,0.4750954908170598,0.35697086867476857,0.35527108876046987
133,0.5834966372883532,0.17695980386120888,0.5863910017207835,0.17536743216278494,0.8700225239109032
134,0.2718323818064255,0.353719542215513,0.27386290337114416,0.3566452884185094,0.3518917079388311
135,0.14635297427420904,0.27969963117861985,0.4856296704908335,0.14548743748152163,0.1447542074690705
136,0.41940327124995314,0.34776926488003823,0.43057150418709245,0.31882745511561256,0.3204660998170501
137,0.20882112499289088,0.3465684681193569,0.4282132586671809,0.21068781225328753,0.6214491331981368
138,0.4182524400659636,0.17380445445137374,0.43861827749115456,0.17589263317324452,0.6266001879864442
139,0.4845928675481152,0.3512397942833581,0.48249281383014014,0.3562067471619999,0.3585523924613759
140,0.2889466613179866,0.3510584097762319,0.5878990699732989,0.8804331656438488,0.29072105046412194
141,0.54319054259494,0.34940391126038356,0.6243785803430464,0.2805545423209009,0.9010319284703828
142,0.43661994381215335,0.3486142244011189,0.4863234592102011,0.28584120501697796,0.2843144654616328
143,0.41798591696757487,0.3473411894733673,0.4371472582924904,0.31652362639718246,0.3210758961961706
144,0.42242689694488345,0.351534298102801,0.1445437841989973,0.14398002560021642,0.14475677033205703
145,0.4223983997932969,0.3520435516890582,0.14653399274910958,0.1457580249286243,0.14755240916953907
146,0.4857425910052066,0.351358045866028,0.4772057376368831,0.35676378742699527,0.358670703967629
147,0.2888253206423788,0.2788348883619221,0.5832005168585038,0.28853475290175357,0.8629219901475408
148,0.5405096416998252,0.34910079901673075,0.6144382519381638,0.44982121609156134,0.4556744838228163
149,0.4427027845897559,0.3526016594912084,0.4883503768320551,0.3523647906650364,0.35550997910565585
150,0.4216889582149913,0.1755134121994172,0.4324967776798909,0.6367612880648327,0.1733806838491201
151,0.41863822453223076,0.34782891244740644,0.4305645193543331,0.6196092804296784,0.2784075363956704
152,0.14091040594965312,0.35365836530464556,0.14012237504003466,0.4384270774678418,0.14214005744183664
153,0.23977775848475913,0.35468792257864423,0.4762788328270085,0.7119709563331311,0.2419894036049032
154,0.5837292347030111,0.35045366386521926,0.27914430607568624,0.5823636928630331,1.0757877889610326
155,0.5474289215123433,0.3492891385867565,0.4524798091362477,0.4494841976434219,0.6154062229027232
156,0.4356041954240218,0.34949792035369687,0.4901273610131285,0.35278356376821596,0.3545975112703826
157,0.4191784368343366,0.3475331009296571,0.4406569682619333,0.3202408913693443,0.32118144192781
158,0.4192442795957372,0.17408497376525534,0.2155088909983199,0.21552751011194046,0.17497747515533887
159,0.4229329793642096,0.347485690027013,0.436061883242468,0.2792698422167925,0.6252623658448156
160,0.48558724323024627,0.35005291367164837,0.4808990403102141,0.7171736368275865,0.2795922641050673
161,0.5793050687482932,0.34916739690672527,0.5889512236655604,0.43790264960099007,0.4364998443382454
162,0.27192593457761444,0.3527058064299896,0.2714622435101128,0.8956211973139498,0.6148053862768027
163,0.43282680289297243,0.35235295286656687,0.4829353842369412,0.3551930254508407,0.35581037367929913
164,0.4183446362907026,0.34637689051205545,0.44102373203331874,0.31970454868137105,0.322440742073031
165,0.4180556683687585,0.3518617016022212,0.4335879265131069,0.3124460618152027,0.3123563285700671
166,0.422362980585222,0.3512916687415837,0.4399460685160595,0.3131988798094769,0.31102929080759056
167,0.24252458263871565,0.35326747880548104,0.480792725408112,0.24311649925074316,0.7174963595581526
168,0.1956253532145832,0.34835017035738725,0.1931327916856387,0.8743272284459681,0.19347272764967383
169,0.5451266625888916,0.17500359060897,0.2778436878853338,0.9058900648776668,0.17448029641987015
170,0.43787892805588474,0.3541699281295834,0.24367840033909613,0.24224541837326657,0.7069334312522362
171,0.2100672057331092,0.35050948147835465,0.4439106590386013,0.636943444829174,0.21071110170645968
172,0.20792445762497738,0.3474977293210202,0.43610250257928285,0.6217516089490283,0.2095912925840557
173,0.422720567525311,0.34932165215948374,0.4423585115044034,0.312641997601445,0.31457024160017377
174,0.24270443772876338,0.34852280898695875,0.47829815865366565,0.7192064511624853,0.2404244962242446
175,0.5842085660520902,0.3501212574223181,0.5858303315982446,0.44051717431769877,0.43453802072487546
176,0.5454576664842609,0.17291798803774203,0.6209836013001879,0.8991668608071222,0.1740921912406065
177,0.4335320843669323,0.35105387570968466,0.24499175925750374,0.7044136223977056,0.24361927916986947
178,0.4194981240889528,0.21923099655742037,0.21937914749922088,0.32130673605480414,0.3168971626140711
179,0.21011244762317366,0.3503702963568889,0.4365383199290088,0.6236976138609326,0.20953779710297865
180,0.21252784781213546,0.3456887221553096,0.4375500837652434,0.21109945260427077,0.27877949730758705
181,0.4813829577615978,0.35672138934718345,0.4805833524648645,0.356119413819355,0.35649634025600024
182,0.5815510948792388,0.34798799829451865,0.583006897008903,0.43782000239780466,0.43614809270773314
183,0.2749340883621831,0.351979576934243,0.6208552890131047,0.7359891601373026,0.27415864665262496
184,0.43745285473280177,0.3533935848712861,0.487736868280584,0.3531618715478487,0.34930026257515784
185,0.20913482012040263,0.1745760668640576,0.6382617067696108,0.17431324077483984,0.20993732976579454
186,0.4169578930939104,0.17429556413840935,0.4316069357050347,0.6233023460367132,0.1757912406395997
187,0.20970473172792506,0.2099768840687561,0.35053927390195744,0.31212010355225533,0.31427737007685763
188,0.4846445774675989,0.3532697271887951,0.47607882411301355,0.7154565809583392,0.2805307563963186
189,0.5791500441305618,0.35238986634398817,0.29434966857673084,0.8708213256787094,0.29363170959711365
190,0.2701896046205992,0.34801649334985085,0.6216481962933291,0.2740981340112773,0.2785883896985988
191,0.4351425495194252,0.3497131916231042,0.47990220897836383,0.27987252162058474,0.7064898719452899
192,0.21124825991367016,0.17443641125957138,0.21151398119331408,0.28021367858408536,0.17540933054367108
193,0.41591137619999746,0.35105391395582436,0.42974801739705776,0.31170205078767693,0.30972063513063713
194,0.42796881927108865,0.20887298477347963,0.44268434105296495,0.20794203331563157,0.20978471054027026
195,0.4834374975172995,0.3503054260891764,0.4786268512188244,0.2811698349427619,0.7163733614250544
196,0.5805169043536651,0.17529369915917373,0.5875803656343295,0.8684053494433728,0.17551576694712284
197,0.5440487389812352,0.34851205046516,0.31240916935908847,0.30817984192889925,0.8986541735062978
198,0.22116876915027575,0.3506898006730162,0.4905641957003148,0.21792843982823826,0.7071016647795044
199,0.13991765421913502,0.3531960067493024,0.44205017140438563,0.13933082177784864,0.1390584986188257
200,0.4195102439131778,0.3533428198923508,0.43029029757448733,0.2786734631212667,0.6275112197280117
201,0.42240698985286745,0.1768940006124868,0.2181250033446143,0.17347882614136825,0.22037012890323296
202,0.48439526724112725,0.3479014901709424,0.4787075125611668,0.3588815330180529,0.3578718184756615
203,0.578339050756273,0.34914319578858477,0.29448324935603354,0.8727649811096124,0.2958316286245506
204,0.27254442977024856,0.28345591197003084,0.34900467315640815,0.8969089285577589,0.2731708137464973
205,0.2164367924725682,0.3526653743224064,0.21842391356997812,0.35329207240079646,0.35241343922474405
206,0.41736388983884826,0.3513816689804156,0.4386152988997532,0.3221854022734869,0.32165738000985883
207,0.41615411905514416,0.3477267042127922,0.21572150169719645,0.6158380231861648,0.2165789261478005
208,0.4212669174094008,0.35396099649772034,0.44000769823279046,0.6278359515323072,0.2791716463024406
209,0.240788112156793,0.34894700713683224,0.3576814137621837,0.24187415836356704,0.35648538881807507
210,0.5792040364731554,0.34732597856264985,0.5849091031112751,0.27890889164780586,0.8811546995122294
211,0.5442837198523292,0.3552960915383173,0.6152187362136614,0.28505605698135605,0.8944738422448296
212,0.43397414387334404,0.3476972828124367,0.49191291459123887,0.35382346624114586,0.35421584968087233
213,0.41664091912261375,0.34786012967125224,0.43985392344404456,0.3202838920962645,0.3174280566570032
214,0.208488921819991,0.3508413438033467,0.429508551003332,0.20811899124433758,0.6234552745305986
215,0.4236434810583622,0.17398189705449418,0.43906760336506434,0.6255815937792548,0.17448535282603356
216,0.4879920398733207,0.11760686927647847,0.11732018646041398,0.7095030170352226,0.11599658857290364
217,0.5790053924144671,0.35096992055811577,0.5873955954444956,0.4371547450331842,0.43624600487139725
218,0.5505564930583814,0.3532291562168258,0.6200273863757515,0.4534419331401806,0.4504840624847543
219,0.4357916280461925,0.27800783196186085,0.35289619325839966,0.294073441436275,0.2940736102332006
220,0.42069237038098045,0.35277034013686437,0.44075498241866584,0.320235731086905,0.32137224356568866
221,0.20922696891764608,0.17465024734690113,0.20755993044602553,0.6249174588066498,0.17339096499991904
222,0.21343747159391252,0.3511234667866813,0.44056983338069905,0.6325199751938213,0.21319367548004736
223,0.48241376294376864,0.3499567123334197,0.48168015911796846,0.2797474731391217,0.7144034318565813
224,0.5765465187511973,0.35154099128408917,0.5851018345590503,0.4333259017532376,0.44038104160011865
225,0.544890502659324,0.3519495951106382,0.625418406042208,0.4503670472560654,0.4485217492426102
226,0.21937871957195998,0.2790017171211277,0.4881078779027363,0.7069647928165056,0.21739376919626263
227,0.4237511321184631,0.34697960807298495,0.43499860783089656,0.3197862017006585,0.3202442410149064
228,0.41953246343416023,0.34913367612285856,0.21739090041833278,0.6197036010440198,0.21455424277787138
229,0.4243202020273992,0.3492541962099087,0.4389497265460767,0.31457589697716143,0.3133123689381619
230,0.4822430249469459,0.34815869034321195,0.2390512003914446,0.7177489095476577,0.2407816762224126
231,0.5804332393554927,0.34942634112838555,0.5879401510990323,0.43655563177185924,0.4334184540891841
232,0.5439086957190938,0.3478657849023664,0.6206793210358338,0.4523061984964172,0.45379599789468095
233,0.4366363844574238,0.3480471900606353,0.2778816630026389,0.3534808291796996,0.3534232321225467
234,0.4188411716134155,0.35044571250430323,0.4364013911164294,0.3207407744292098,0.3192494933036613
235,0.4134298444881117,0.35141850922149886,0.4345713902918021,0.31081124503141866,0.31021575450354916
236,0.42214310476500144,0.3519948829602668,0.21999258843798972,0.6255197704945906,0.22070821244134886
237,0.48727026768025,0.3531827740706696,0.48148309392875055,0.3573950779550463,0.35477640279546885
238,0.17721609180103556,0.17584202201401627,0.59028083513204,0.43963036963601154,0.4368370653713385
239,0.545917326111268,0.35204592112382227,0.6223921831368938,0.4520104400368606,0.450321319420266
240,0.43581525942474275,0.3500280019507077,0.49155207947151125,0.7059026285595915,0.2812310335763544
241,0.21300722783008666,0.34799036058028243,0.43763165773401447,0.27785719914703105,0.20528276899273362
242,0.2102968145234422,0.3528523704188134,0.43106852047118505,0.6203193817939225,0.2090235966597854
243,0.17498644178593092,0.17317589118909005,0.4367943047037866,0.31436814004364017,0.31322684882742535
244,0.48105581740443615,0.17447306609803293,0.27795249220735646,0.17499573417749406,0.7139599209217831
245,0.5800768351581903,0.34738299354908453,0.5827152257644643,0.4338575337186868,0.4396351650188811
246,0.5512574207801025,0.17349378445260324,0.7220959132465192,0.9030900876689877,0.17487682176676847
247,0.4382815480862033,0.35005280164210634,0.48978651137975504,0.3517388868894219,0.351489042368005
248,0.418896729437624,0.3543040752680625,0.4385542401690099,0.64024495795559,0.2802099499668249
249,0.4187830089563264,0.3470015051011361,0.43638002908140017,0.31038763302839123,0.3114368785090557
250,0.4210740122552686,0.3512708893814976,0.4386178793747767,0.3136455767929798,0.3132480316914003
251,0.24189716655257626,0.3511658148068672,0.48303478542702216,0.2404275981051004,0.7229738180918495
252,0.2902956379019257,0.3544217115262316,0.4344466919781351,0.4373123596190494,0.2908153284365113
253,0.27062565897206,0.3512233334703691,0.272620929983381,0.44879792883205155,0.4512371424581769
254,0.4375375468843905,0.3498134228682821,0.4883577856532209,0.35133144984492565,0.35103947046097295
255,0.21090012230170646,0.34640301777872534,0.4373983844211447,0.638197878144892,0.2077080579804939
256,0.13988990655768213,0.34955356508053625,0.1396010588668005,0.6247001991074723,0.13907158154218402
257,0.4196373044485644,0.3489886360373175,0.4356355534403445,0.3142265342313896,0.31389466636861074
258,0.48086403627921365,0.3489268489044558,0.48437490202346756,0.35808715531428675,0.35882953130124373
259,0.2906870745258667,0.3505374863618845,0.29229763956775673,0.8791077132613432,0.587662282226129
260,0.2679493622717413,0.35293965635182273,0.617652273926752,0.9060554209057793,0.27000287493133424
261,0.43715005023038866,0.17702070007174392,0.48760586811882495,0.7101799713520771,0.1729955815305739
262,0.20984566368784519,0.34718824551077104,0.4378612743857612,0.6422976201884334,0.20921709097932803
263,0.41899193548159086,0.3509543774887416,0.43533329139387944,0.3118748128038133,0.3113417451032498
264,0.2118703251956348,0.34931293736272845,0.21113193520511855,0.6231537330001934,0.4413649162844121
265,0.24030969901989058,0.3524337749580918,0.4789209734349548,0.7117084565353977,0.24386871396746299
266,0.5839115893829144,0.35187111342864136,0.5840645400326767,0.8761667514446134,0.278856462256479
267,0.549093290644835,0.3545602468650695,0.6221458775884215,0.4505896949915994,0.45057236918410526
268,0.2188069228787092,0.3531283674795111,0.4897401422606644,0.2820237154951233,0.21766508569753007
269,0.42169222540540324,0.34711231419651484,0.44076064471659476,0.2799119898039099,0.6359921526422584
270,0.41673478193028024,0.3510037637981767,0.21625591296094254,0.21365531295736337,0.6243329186425061
271,0.1416121681828488,0.1422148735311102,0.14263113648923245,0.31271394601167957,0.3141654903798069
272,0.4846685025362458,0.3454096678765223,0.48010396470422834,0.3604587118183915,0.35486823714524607
273,0.5709974879186093,0.3508026563978766,0.2797408458765331,0.4340579848758488,0.4360112998113915
274,0.27095244318031386,0.3446195554877697,0.6193384758828941,0.2725562151646682,0.908664856564316
275,0.21454122842113793,0.34866747291604727,0.2171375722957793,0.7055425525674989,0.48735466648002534
276,0.41831566446082147,0.3447806485794794,0.4383730145893596,0.24619899836757073,0.24544721312354492
277,0.2079098827077799,0.34563709433985224,0.43429295046025473,0.6270513741247117,0.2099607324874925
278,0.4251822695020682,0.17522496922186143,0.44184926405956076,0.17380618888428673,0.624694312296994
279,0.4796950277171249,0.17331371990962113,0.47935221358428537,0.7222838348607072,0.1741464506004381
280,0.5818810213602342,0.3514439133748764,0.5893188015597938,0.862876573953532,0.2743805546847735
281,0.5444356708428644,0.11711062318923282,0.8944384528205322,0.11746629209010379,0.1167437534342949
282,0.4376566921528598,0.17415933503961956,0.3502507942952602,0.3511660500859538,0.1762279844924107
283,0.41621207707786545,0.17606247695443508,0.4380922036644613,0.6441769609303729,0.1775032407598503
284,0.31435838066878063,0.34508983486590156,0.4329993575103477,0.31103061521105707,0.2800672867120157
285,0.4217369213492649,0.35382762220277136,0.4400601048886285,0.3152499498032898,0.3134611087044574
286,0.4799645454057083,0.34992075288786023,0.4790723868613708,0.35527450466936084,0.35905667536239294
287,0.576951561723567,0.3496723830142506,0.5859413918495582,0.43717722075559934,0.4357569400228072
288,0.11685147291556226,0.1157996251798241,0.11563547727855163,0.9036856584020531,0.6114089181156681
289,0.4371389566714481,0.35237285352570963,0.24373013069408495,0.708290096386709,0.24351628586654925
290,0.2111248934338434,0.3526735980742924,0.44214838797092365,0.28268998015654234,0.21025506573387806
291,0.20924715042983832,0.17494470143516128,0.6276402590861815,0.17567327980835412,0.20976783278533853
292,0.42634935946144215,0.3495670676489525,0.4434183515033522,0.3140351960856723,0.31262475356359254
293,0.4785794205015399,0.34290071173921677,0.2852346691765191,0.7165000145447026,0.4776721662013918
294,0.5833433118581347,0.17539673519239668,0.43748477073128716,0.43972411222660723,0.1755538709136768
295,0.5421643033388474,0.3507715927799826,0.44576670203165314,0.4525729075615741,0.2772584791766979
296,0.43615627833680065,0.28227284704703914,0.7008871000995398,0.48507475558739266,0.3481282488018671
297,0.4172945999755075,0.3492717802361701,0.2130002262412208,0.21197653209331133,0.2119310763320508
298,0.41862417128170293,0.35128479107518634,0.2066577713588201,0.20720038818739384,0.20782331494137973
299,0.42821317828749883,0.35356687546122173,0.6757566147501674,0.46623416366755654,0.4668092922331037
300,0.4779220615318679,0.3511648870049091,0.6139975296593623,0.3585725483965547,0.359193148446008
301,0.5795500825168005,0.3475938333153702,0.5902070140718239,0.43211406150658505,0.43573061487666764
302,0.5488576277103305,0.3507810364884135,0.35553351219098944,0.35651365757832426,0.28433231045192986
303,0.43410336450103715,0.35172687208037956,0.4954522464958959,0.3547286287455441,0.3507001742929098
304,0.42498840327686316,0.17705129705716402,0.43853281811242506,0.2808907814322788,0.1736382060819666
305,0.41795014271292014,0.34915468976979475,0.4327276178452846,0.31069277210546914,0.3099949044373902
306,0.1758482147116934,0.17320381088123568,0.43856618495994776,0.31278585993846436,0.31401660160542083
307,0.48504026399974437,0.35046212266924015,0.4787708636373939,0.27785585383427747,0.7188212695348001
308,0.28609651755493987,0.35218011493690654,0.2870762640850308,0.428522666469639,0.4382071443486861
309,0.5451455619120299,0.17584968691925595,0.6216350825065854,0.8947573014434489,0.17604815822882253
310,0.4396207765217493,0.35157791413633166,0.4844750906005779,0.7094713323435433,0.2840115735367796
311,0.20909205100558553,0.34956502540102663,0.22070797183710952,0.21949502219169173,0.2091684370648593
312,0.21035512051411917,0.2112503604119781,0.43731947284146855,0.3114614048576295,0.3084721951196273
313,0.4215061449475058,0.21898757249194223,0.21869227177760178,0.3120579268575562,0.31397455920631956
314,0.4839171270141118,0.352563760201095,0.48101803185603226,0.7192583598941625,0.2800968171119623
315,0.5870818007828195,0.34792261343969927,0.29298263066044417,0.8742374174384473,0.2936310423342175
316,0.5466545671138063,0.17518395346856042,0.6224608640136795,0.8986961141168036,0.17451823066190275
317,0.22008917781915854,0.3538166445956928,0.21921892609549024,0.35375414541815603,0.35420075766590525
318,0.21084220288853409,0.3532844516947424,0.4373667906518864,0.21005448632354748,0.6373948430967209
319,0.41710615869818934,0.20618640825602239,0.42930141494684315,0.20708208113408108,0.20779032660459873
320,0.42341723887352883,0.17641137767524284,0.4367873103906295,0.6304521770266919,0.1737499611615924
321,0.4811995442505599,0.1730652123010271,0.5914688212190092,0.17378209190413008,0.7066420313738018
322,0.5771731019560897,0.34466173287684343,0.581362567120553,0.43511073620545443,0.43641448792516685
323,0.5426340277280213,0.17387101464034413,0.6211889881941246,0.1755328865339429,0.9007144464472505
324,0.43449251465148886,0.34916600289958516,0.49116732925959616,0.3525492239630886,0.3578684384695655
325,0.4182421193397506,0.35248136005641206,0.43747936882005134,0.3210906189213694,0.3167155742919091
326,0.4167812756007228,0.3467770859421598,0.21789841798329132,0.6224821748652418,0.21490678744938266
327,0.21024674978369837,0.21280302468196266,0.43473823803456707,0.31328490491545036,0.3125239714806228
328,0.4828389484529078,0.3113368009056644,0.3145199248086356,0.47324893216406266,0.47459959839599736
329,0.810836486315923,0.3478577973616704,0.8505818209577394,0.6534311321839392,0.652073832317717
330,0.5474592105056114,0.17597137225485948,0.755936259057505,0.9068239122787709,0.1761697401220817
331,0.0,0.3530265020440348,0.0,0.0,0.27676528365952335
332,0.4230677030956155,0.35050835700581034,0.4377059531712078,0.3163372627414411,0.31815450960187863
333,0.2072571863710888,0.34799409098188916,0.2086974112962502,0.3112862062518742,0.31040931591420584
334,0.2092809152070046,0.35079414773047657,0.4375335762052474,0.8036183484745004,0.21278667320320474
335,0.4845513892312313,0.3539364274475772,0.4826679389628689,0.7154429623434634,0.27898001372878034
336,0.5882546233856745,0.35132844769306903,0.588541328103001,0.5366440013928737,0.5376393082981161
337,0.5430020513267083,0.35118316738444133,0.6187271573286813,0.45418344884447825,0.45234127341958086
338,0.2201554212853932,0.35055133843299474,0.3411069896886113,0.21666798000704982,0.21492273444457682
339,0.20852381617312582,0.3502912039329454,0.20839800342270365,0.31762902295299444,0.3221050714075845
340,0.20941529523306682,0.3560237215682412,0.4333871336953656,0.21211895424968757,0.6222258010252858
341,0.4213683377784689,0.1755414035797875,0.4386260002381739,0.17463109004596641,0.6275902303431579
342,0.2423069135940381,0.351464043621509,0.47433374888722324,0.7133221725256174,0.24091761893291055
343,0.577104894965719,0.3493391930757012,0.5860897953390816,0.4349727549387685,0.4351409258250281
344,0.5443044540464612,0.35341620668777196,0.6112841040610304,0.4492144746901309,0.4527483870920899
345,0.21807425359098898,0.2164494482443268,0.24348212199247446,0.7104312919360061,0.24564270744448932
346,0.20921390278658264,0.34924223324784315,0.21101814528050925,0.31778935426504035,0.31872807562246586
347,0.210165727691604,0.3487428175275078,0.28306558713703717,0.6209728245013449,0.20729372629695922
348,0.421815081159626,0.1742308718203881,0.17437330514121982,0.31504715154934937,0.3147556694388416
349,0.4852629537870271,0.17569347958069198,0.35628642891007106,0.17374789823718204,0.355843965398056
350,0.5772922074960903,0.34867190055445246,0.5892215973008494,0.27837245721726717,0.8721568150258237
351,0.5503944501558877,0.3497186073498221,0.6146287980897457,0.2823345205344964,0.9001641293728931
352,0.43753183322060085,0.35213543469679137,0.24068991448882782,0.7059855763919848,0.24441521872322317
353,0.41820591001606955,0.3478988285023578,0.4409429359085004,0.32109947287456314,0.32068060322847775
354,0.08700763449519819,0.08696563898116139,0.43087268514227955,0.0875261564438276,0.08846742521871348
355,0.42500945325175044,0.20850817881288952,0.43310784125117335,0.2088475393499348,0.21158655772756785
356,0.48593274342999276,0.3483566884050499,0.4802093932153305,0.35747788157583793,0.35905060612872713
357,0.5782120194969234,0.35112849026083326,0.5813397030364522,0.8675824607245924,0.27919283678076734
358,0.5254853315238235,0.3471125071272014,0.27093733870747905,0.27416000893891695,0.523888554815761
359,0.21994499214173754,0.3496044994442018,0.48315942954890656,0.21729222196329975,0.7023365179717835
360,0.41860474261201147,0.34926450494132577,0.44121538337366556,0.3182372520748515,0.3172783718116227
361,0.42402186187018237,0.3503144843386375,0.4349781918088766,0.6205917562652261,0.27451553755834185
362,0.42167318249241054,0.3477935884502362,0.4413480275043091,0.6271676421532199,0.2792470077360121
363,0.4791080957949461,0.3508404000697728,0.48334474536298905,0.35831513120982966,0.3560735821039783
364,0.5767820179670909,0.17418114529223838,0.5849678281906755,0.8700873689210697,0.17319432915646324
365,0.5473659148604108,0.3514644429601254,0.618476981043697,0.44958709530868174,0.4481606791601483
366,0.43508678853214355,0.34929079546851827,0.2442311633877914,0.24542659010678664,0.7092455965131141
367,0.42381633248858575,0.21146660919084218,0.43793369589086645,0.21207831181883544,0.2154694517412972
368,0.4185941797779677,0.349504246139649,0.2167954685605998,0.2185153291768469,0.6238104192777686
369,0.4176960179847066,0.1767206897308646,0.4382445974343547,0.17529290917306425,0.6280665838064583
370,0.24142558288069782,0.34995005785843186,0.48203626264883215,0.7127256588690298,0.24304390003986234
371,0.5752538079873892,0.17483659842725296,0.594137701952686,0.17545943266675432,0.2852596989738553
372,0.5416522392660389,0.3488920832283293,0.6202857604337219,0.8992511101811023,0.28063152363623634
373,0.17397563536542024,0.1746520447804464,0.4899322276326842,0.3531610849893194,0.3531942788322277
374,0.4216601863994082,0.17340201581910314,0.44123633423806735,0.17565929953929407,0.6439948461611861
375,0.41611624236549827,0.35258411574028264,0.43710270396864537,0.3114686116377467,0.3115924947180362
376,0.4236786221974618,0.11684685789445169,0.43817153301508555,0.11636505738287821,0.11623365260835662
377,0.48531775636498714,0.3509092771868397,0.4788272284916133,0.35654040304785733,0.3556096712793308
378,0.17618439141344297,0.17317742275475495,0.2780295510565245,0.43249654884148003,0.43712468526511816
379,0.5410668689380237,0.3468331654743296,0.6180072372767734,0.44493054187045694,0.452340554295668
380,0.4365789290762084,0.351980965108215,0.4892895887056394,0.3537304888577917,0.35183807505837683
381,0.41920229559918254,0.3505124030681641,0.440671690815378,0.3200448086724428,0.31900065507385394
382,0.41962558635251046,0.3498564750079079,0.43599912104308625,0.3082473685785037,0.3141757536699467
383,0.42572017250497024,0.1725311540428892,0.17505996603775467,0.6305892147126811,0.4374282388641266
384,0.24282163229923837,0.3497309492699088,0.47628077744132097,0.717199331807444,0.24249535281203505
385,0.5767587917349776,0.174649349131045,0.1773222753384346,0.8698728344694076,0.590111722992222
386,0.5378910747543905,0.17656675586906578,0.6208536445216585,0.9000886576171572,0.17510436757858047
387,0.4311587611863501,0.34602462529079575,0.24324049247302607,0.7073335771118456,0.24469374777878508
388,0.42149175808555583,0.3489023137797717,0.44183670091640254,0.3204716507689007,0.3179586097675999
389,0.41545208994738336,0.17446553186098612,0.21726389920233205,0.17611381240365648,0.2166297384451426
390,0.4250504466769414,0.35004124944053727,0.4396280365039088,0.626818980579771,0.28346684087900303
391,0.06975905601524844,0.07097086689688147,0.4789269729932069,0.06961228674375426,0.0692393094058722
392,0.5843989157315639,0.1764046868423581,0.1395093017169317,0.13763680610348525,0.17281697407623328
393,0.5438631115139845,0.35326711077410206,0.6232351441196118,0.4481672223946139,0.45067717356054776
394,0.43491980961218807,0.17618038842552897,0.4877910045646706,0.7120384398080436,0.1763809055023321
395,0.4200726686928835,0.3499752922543528,0.4447605117864701,0.3239684567418415,0.3188407355608602
396,0.4191371448850421,0.348351752615361,0.4313001430490969,0.3099935658308899,0.31268689765778335
397,0.11689675201425519,0.11709744873603246,0.4379110781651424,0.11718244371324209,0.42540109129798975
398,0.24251607289891583,0.34719661706912375,0.2396164963518409,0.7110768980346877,0.4791552805729226
399,0.5882394233733441,0.34831326128250234,0.28935508384753705,0.2907564720313523,0.29246982046798214
400,0.5486843914173317,0.35250988861375054,0.6148408409086337,0.2804264141061256,0.9005754014631344
401,0.43838552012239373,0.17612436742086426,0.48992226045109066,0.17708095113073297,0.700686989797767
402,0.419310938233387,0.21277680756259457,0.43796640441186285,0.21310274540746152,0.21449014120665433
403,0.21205232316244915,0.348762212582912,0.43128288321826097,0.6208360076971723,0.20777092825204943
404,0.4239344983934054,0.3492692873527753,0.2190693647851563,0.2823573719737207,0.21827635013847912
405,0.48065636529328487,0.15859859261350914,0.15977351723531422,0.7170629830380133,0.1586181644899392
406,0.2916528626239213,0.3488802725189387,0.5864928484184905,0.8670553133268694,0.29045147547006483
407,0.5442905926991807,0.3513991095408332,0.619248474985731,0.4482791809443142,0.4487056497848491
408,0.43856188088600634,0.17404217432693248,0.48694683904168407,0.7073335210171534,0.17606067479897833
409,0.4205895621438586,0.3533166127847919,0.4360752933337945,0.31727692672574825,0.3179646260015597
410,0.35199178335455844,0.2810066643204253,0.20653333511704317,0.2070089688909457,0.2079700858133898
411,0.2100102440715893,0.3495473036498089,0.4365692179288427,0.21170638735662442,0.6278155218794144
412,0.4794680323664647,0.3508789893946115,0.4767684285954074,0.7100915371833421,0.2771324453586825
413,0.5774970014756429,0.3547625590688379,0.586001235083865,0.43768343245330626,0.4362650410786263
414,0.5505450554712035,0.34747804428461365,0.6223833486585593,0.4549796469158155,0.4477204656423086
415,0.4328549133287601,0.3528586765018191,0.4898100562649604,0.3524622243159109,0.3581134146669598
416,0.42095297338441706,0.34919822225573205,0.43781226551896263,0.3193184954405115,0.31881101729832323
417,0.41855500798326734,0.17474532343316618,0.4302974300345538,0.17632728174197115,0.6228433629815913
418,0.41861129207957287,0.17533869758736462,0.43096849338827536,0.6277179027255111,0.1759395470927159
419,0.24382473513243932,0.34970509630331886,0.28368441530661204,0.2406366158786637,0.7071201760263824
420,0.5798187033262939,0.3497157137553642,0.5915602816392576,0.43391379635624383,0.4402647612165659
421,0.5420092809214627,0.3530389538424317,0.30951092197366553,0.3109811732947337,0.9004021896753052
422,0.43253134742173344,0.35258880081025246,0.49099015628834863,0.3508434639902249,0.35251711608459313
423,0.21067662088532008,0.34889068123732897,0.43564612645285944,0.6422302796656937,0.20778779612885123
424,0.42125558278265657,0.3510341542610042,0.4361820530358404,0.6207647788785001,0.2774212294673697
425,0.4250964022611611,0.21110679681176045,0.43792993822537074,0.21051382435118252,0.20777205216809772
426,0.48558454268816825,0.24116469997134518,0.3559062481472125,0.24134530777387364,0.35736992703299486
427,0.5817700802374177,0.3543593719131812,0.14066626447327907,0.139142506422041,0.8768970164749085
428,0.17623696848851778,0.17382635614549982,0.27998727612887125,0.45067704141644294,0.4535722309604987
429,0.43251708690759255,0.3482383656318528,0.5715392637344193,0.3544609426001655,0.35301784536846276
430,0.4164339018224755,0.3514374651801779,0.43821488207104414,0.317935907376616,0.32236641251475123
431,0.13932620679761923,0.1746609853000551,0.1407435503651896,0.1739684924381127,0.6218591006012868
432,0.4250562202310642,0.1764310297686665,0.4360896562765018,0.6264546110244852,0.17478394809115808
433,0.484585250174523,0.35019665856208876,0.4785897514291478,0.3568506520642238,0.35908723849135393
434,0.5804289323172979,0.3541956527948251,0.5912682626776816,0.4341782821099716,0.43526835730849756
435,0.5395849429870803,0.3518814517434715,0.3785050666065001,1.0538926596044025,0.3791747186105447
436,0.4382417026472267,0.35298261429413746,0.488712797210151,0.7114447324572138,0.2812536625751757
437,0.4197455668043206,0.17643687834819677,0.17428103624821398,0.31574259551386186,0.3177617995074578
438,0.4168668949776081,0.349644034213168,0.4352366388836383,0.3101450634436414,0.31226795402016067
439,0.4187702877403367,0.1748381363755091,0.17580019016754792,0.31550535346710207,0.3148861900365187
440,0.4831308267914876,0.11631374682411437,0.47897163141474985,0.11673142894011292,0.11645653294766578
441,0.2888953300679168,0.3505633193500764,0.5877541186279633,0.8757687881233748,0.2902914135233033
442,0.541622656664724,0.3110147445692258,0.17361889567144773,0.17601470532120253,0.30994136804755773
443,0.432058940365532,0.3491287982209687,0.4850824133155534,0.7084478785755148,0.27973413465173197
444,0.2109680393811495,0.35272731405053714,0.4391446699188995,0.2100565828606751,0.6376838213612519
445,0.2107463121552353,0.34960584112761106,0.43332530877849834,0.20952720612526396,0.6266573294540084
446,0.42087381103007465,0.3510761019678751,0.13943867880681968,0.6241867717904549,0.14048696702295427
447,0.48262893579179666,0.3491447301132129,0.47966978367651303,0.7118511213613539,0.27945372548360137
448,0.5733993324191006,0.3541415397249719,0.5875704113927861,0.4379247641397764,0.4376187785329313
449,0.27306798332891913,0.3526295404268786,0.6198893443226393,0.896831925337899,0.2722034265319543
450,0.43666355052850714,0.48465365952371625,0.35058169209890505,0.28093413573115017,0.3559185564434276
451,0.42113748898066156,0.17389041831388538,0.17694131519120565,0.6441183195501569,0.4381319935917869
452,0.4177607963407689,0.34914701343886395,0.430655675305275,0.3094402720007795,0.31013368157045773
453,0.4236073131886962,0.34636717372038156,0.4394447758612118,0.3139098620600843,0.3138673260287175
454,0.2403080609176186,0.2387962473465721,0.23828767272051132,0.24106282331279597,0.23879025222155537
455,0.28882798337937726,0.34922285265837283,0.5905668192305648,0.2915079031523473,0.872982449047016
456,0.5474701526778017,0.1745394470068432,0.6185903509525534,0.17534834141591277,0.9017476410761099
457,0.21738869381035117,0.34712928228900114,0.4881645276023352,0.7088916753257368,0.21940731441664152
458,0.4170856240677695,0.17514661781153337,0.4398368711460094,0.17392629739697762,0.6372039836445611
459,0.4181122467768254,0.6224348904969181,0.13976035852442822,0.14000018997931094,0.35142196496124906
460,0.4203275900194387,0.3537531244427258,0.2205413461956585,0.6248429236531604,0.22010383374371456
461,0.48472295477445615,0.34820669994528847,0.4796030118466784,0.3628996235105609,0.3565773859133544
462,0.5768778229087715,0.347671524685729,0.5821250267595636,0.8791885287576053,0.2798249395683714
463,0.5459620942379485,0.3492977042314363,0.6167593633555395,0.4512866720601942,0.4491621659064775
464,0.2159873752254335,0.349990098413208,0.48893829282799645,0.7052373774234858,0.2167150202907169
465,0.42185568335024837,0.35204944702956187,0.4418245956539363,0.32156713252209473,0.31973659406337146
466,0.4197352970875107,0.35414947883308295,0.4333464604618842,0.6186443841317787,0.2814909509104171
467,0.42194536677469013,0.3471140827130383,0.44179748362280535,0.31501234756551255,0.3127603070631869
468,0.48039646284262427,0.3519650278302825,0.4773230913365881,0.3584362899070505,0.35731135347814474
469,0.5829798919692235,0.34950020486215444,0.5863085660412986,0.4376964589333,0.431567271693869
470,0.31018667290574486,0.17431085797431564,0.3086596233981125,0.17425267929897584,0.27942223418201817
471,0.34419847644692597,0.16198597171916465,0.1631341356103653,0.28170370578584236,0.16244281770229105
472,0.41653522681606436,0.1754313729360929,0.17420011855465675,0.32069307799474056,0.3210115461892408
473,0.420183967782708,0.34730542121367536,0.21712033511788406,0.6218657659036311,0.21749435385110896
474,0.42030361404032385,0.3495401227226286,0.4368006612206404,0.6273968086137476,0.2780959277594539
475,0.4834818367182309,0.3563737319594409,0.24152066360981772,0.7150503055735611,0.23938466397608618
476,0.5811574320067789,0.3444877038964099,0.5863874227589209,0.4342001793985528,0.4355884863876677
477,0.5458826200920761,0.3490283297137993,0.6199749957068111,0.4530690916731626,0.4498295702151839
478,0.145148286382939,0.3539443816301122,0.4858120838171834,0.14563166240112171,0.14556525661629996
479,0.4205539588630752,0.3507021103274194,0.4379868265235546,0.31778215732887605,0.31763146608114223
480,0.41960870457015076,0.3489979668120168,0.27545905980944224,0.30793579493161244,0.31162139318437565
481,0.21173926671710958,0.31306746139355013,0.4384934943723237,0.3146586150303434,0.2121092911760495
482,0.24194435253095758,0.3443594486791271,0.24111723033624333,0.35549367999251064,0.35783757437359975
483,0.5767746399826851,0.17671797571430414,0.4363360106075411,0.438579523710271,0.17626056210918542
484,0.5462636063653419,0.3120867040638171,0.3069274634436688,0.8963018277228174,0.2787492475575701
485,0.43345505833257725,0.3527123736496398,0.4889226307339021,0.2970025694909327,0.29716310429763576
486,0.1744933686260897,0.17665450118947987,0.43871084023313456,0.6357188749971776,0.2805938613122818
487,0.27881872102207683,0.351754224482179,0.4301182994579768,0.31082241706020475,0.31138002884109256
488,0.14135118362930632,0.14014150721138713,0.4397024026333367,0.1414290002476638,0.6283092021641046
489,0.4830246024017426,0.17600731296656633,0.1764278272243313,0.35885862226917115,0.3584888104826758
490,0.5851129705309819,0.1745578023956323,0.58617601286427,0.17377376373873774,0.8676724912013483
491,0.5457656559543199,0.17505261041878623,0.6197729344091562,0.8902483613102,0.17419237702083853
492,0.43661853475482343,0.35044690209460716,0.2429019736696611,0.7065031483278171,0.24638102370717352
493,0.21079897429325284,0.3493824039470077,0.44206762130922816,0.6384848915724227,0.20972423833278517
494,0.4237172807484201,0.17577967917557868,0.43046056596609933,0.6262004482018266,0.17315475177166875
495,0.2113930758604551,0.3518722802380117,0.21246362436151867,0.3126820320066661,0.31649003596602887
496,0.24088135029629285,0.35581558153978815,0.48250674887981115,0.24183203807206502,0.2802288405390407
497,0.5793950429595988,0.11675848180632059,0.28138435720600113,0.11716827330165741,0.11731431972229261
498,0.541144405818707,0.3507048579986011,0.2791997638117914,0.44715068291078497,0.45064722741698454
499,0.4374286623385526,0.3519290055056202,0.49022655477920785,0.35633484645579805,0.3516562259712855
500,0.4156607768618079,0.350865761892997,0.44255970929443367,0.63782464818638,0.28052490420620807
501,0.20964893612315988,0.348609142015629,0.4342008639305916,0.6225425488254117,0.20862457862257985
502,0.41889515301262936,0.3491873402909032,0.4419354433552675,0.3120307247842605,0.3148930952424997
503,0.48871862575189845,0.3477841123971249,0.4822194566316843,0.2800169408169305,0.709284358827628
504,0.720234387407856,0.17604400157133385,0.5882348522781183,0.8780912364498118,0.1754584615647527
505,0.546049306561491,0.1745685490064549,0.30888881743683333,0.3119449660441763,0.17536125339288713
506,0.43535116354409065,0.24350859986160756,0.2456434816305838,0.35277769537510645,0.35636920485810725
507,0.42196992458570526,0.3482793348015173,0.2190092645416975,0.6409240398797529,0.21715335062024282
508,0.42280291474174775,0.3474466902260393,0.21769140014284613,0.2170582723338042,0.6231899215636255
509,0.21124846840798392,0.35341872966679805,0.31300345906524907,0.31208618774402086,0.20969695645612507
510,0.2389930908750395,0.17474632486329478,0.4837329249660811,0.17455556721562474,0.24343629378617263
511,0.289164655073843,0.3502398684115036,0.5870816936907297,0.28861320990440553,0.8778953044548305
512,0.5479147267901047,0.17655774867304397,0.6170561324703879,0.27925648733294456,0.1747496344527085
513,0.438159708176271,0.3513980796256806,0.4909127211072279,0.35478749680457994,0.3528013081870253
514,0.20850714421110647,0.3536154657249112,0.4335741565793161,0.2088356713919315,0.6379733206170486
515,0.4188227876063696,0.3548282163383044,0.43312016830767547,0.31087007834258606,0.3120154901991966
516,0.21202276408018925,0.3465204505229778,0.43995757809653363,0.20965897465474914,0.6266457771156609
517,0.4823877117488104,0.35394347492114037,0.48272107709849965,0.35952889785125686,0.3569601738270253
518,0.5813498586851502,0.3463986239987403,0.2895031608108876,0.290124804280555,0.2924252312198837
519,0.5460880729129677,0.17822965253195314,0.4507882439198262,0.17374851744615116,0.4510205401630858
520,0.23428957882263737,0.3500769290941012,0.4906421040096565,0.2350763543155536,0.2366548690693202
521,0.17485677110583214,0.17376225945792226,0.4353056352594602,0.31822352351246286,0.32134378825200954
522,0.5420842483926797,0.34799541232812015,0.43598604103166455,0.3578919979182056,0.3584457922276581
523,0.4213890788085936,0.17506334759664902,0.4383200547891269,0.17356129227286776,0.2802000337044015
524,0.48261552022454357,0.34589209898318307,0.4755285487602084,0.35653780368578314,0.3578354009048309
525,0.2922153677613652,0.3494633551201526,0.5872918103985054,0.8748612487101249,0.2887334842320541
526,0.5443846513165904,0.3518313684011508,0.6205126685985979,0.9023610205111041,0.27934397293408847
527,0.21880374135629224,0.34804991570782284,0.21990565174444515,0.35161048852878507,0.35492856053725585
528,0.41636070940788833,0.34958581250268855,0.4381564890684483,0.636895974477006,0.27642057393274716
529,0.4215840104751301,0.347616647691516,0.4319481647705059,0.2860439573477056,0.621946821184743
530,0.2123809111413008,0.3518154010582251,0.4388062351417827,0.2838726726373116,0.21226841708858452
531,0.4858929259701136,0.3504765375798983,0.48277522459616407,0.3585926984779346,0.35727343808982887
532,0.5893433141900327,0.17611511096889182,0.5837483069651374,0.27853740910861924,0.17402221421117536
533,0.539516071368427,0.3498861406069509,0.6182612140765816,0.45229505726149394,0.4492640155588137
534,0.4361557808558335,0.3493132967104821,0.4871397208272983,0.7091023637113212,0.281137532511255
535,0.4153325217383293,0.17521479102961862,0.44271094104567765,0.6418866840024094,0.1754914070552021
536,0.4201279745436101,0.35497583800707044,0.20838235518812198,0.2078415052773256,0.20927003177477102
537,0.42134064639173396,0.3507230517168741,0.43605757975198767,0.3148737116885053,0.31353560944144426
538,0.49013495431124887,0.17514597905844112,0.4798357244102171,0.1738827887513639,0.7160677673558851
539,0.29134051761151547,0.3514629994423005,0.5864593209676199,0.28216729165455645,0.288768412624685
540,0.27251886825427746,0.35003227430333667,0.9001617037119366,0.27187844468577477,0.28143609102089423
541,0.43760224939405434,0.34876759461634665,0.4888436998641116,0.3560625179460341,0.3478423077347421
542,0.20822400485032183,0.34838600716347506,0.440406661799143,0.20980383875662462,0.6390215894200659
543,0.4180519969883224,0.34979716568892183,0.4355922686757516,0.31391131697364166,0.3120953326691504
544,0.4274424525232109,0.17345216461492866,0.17409032418831702,0.31643800454980064,0.31499614051576613
545,0.4829509112272616,0.3557315792678006,0.4803932570281549,0.3585268366910871,0.3577589838748483
546,0.2916840517616032,0.11576502853755645,0.11702935911876239,0.2887293547054663,0.11613520169376684
547,0.5482168019513438,0.35071876454949874,0.6157646223076031,0.4515915159961554,0.45027566069368413
548,0.2193531593191278,0.3520767933443199,0.4851039398082524,0.21668245182897206,0.7037597084793473
549,0.4195405764978555,0.34841054328254595,0.4386725565116106,0.32163529390477635,0.3203570558483089
550,0.4156093027155209,0.3478773529775593,0.2174499148057425,0.6207755018547116,0.21531353315953852
551,0.42526160504513355,0.35222263151781413,0.43944697430964647,0.6335802568939627,0.2801439693637527
552,0.16091901869311648,0.3510531688594927,0.1619596673231248,0.16186203228301665,0.2804479639286099
553,0.5801109737306847,0.35161244712031137,0.2938764769165866,0.8714842926556691,0.29284756370221854
554,0.5492423504143693,0.35278828267183837,0.6199211367926589,0.44894256367228486,0.4516367824919337
555,0.4351105537013712,0.35358972484268203,0.23414734497645306,0.23707899001033808,0.23703887700336856
556,0.4166295154043616,0.17680688791318308,0.44044319428869616,0.17589395258338875,0.6342958061299228
557,0.21063154585590857,0.3516336653810774,0.42968084663097844,0.6290128806813009,0.21122662945465154
558,0.4273656538229481,0.34996854813054445,0.4393178936416628,0.31566175475342656,0.31391396118040876
559,0.48034309600333147,0.34971935347704153,0.24095580707994946,0.7070232231899322,0.23951783481170252
560,0.5803110149054942,0.34940980302555547,0.2936732546045508,0.2900807855302374,0.8783994997231177
561,0.30982269350413694,0.17713123966622565,0.3110763896247658,0.1769220533563053,0.8989845336538469
562,0.43681810312007674,0.35319929185614485,0.48843290563524383,0.35266011900847594,0.35466575634251396
563,0.4189503144254908,0.3530340145914053,0.4418980868977715,0.32128623495874353,0.3174449581203799
564,0.20743230134918295,0.21038820216528695,0.4331740201504858,0.312888240301041,0.31106377576179356
565,0.42229554910469624,0.34850420542282146,0.4378653729809792,0.3141296433390409,0.31472895091811626
566,0.48038272503695945,0.351400280516968,0.47708291470133646,0.3581851803843837,0.3594484634653914
567,0.2902296325514114,0.3498286356659165,0.5855696501807999,0.8793558340221033,0.29121008281158045
568,0.5457573473977112,0.3485644470368087,0.6173168574638849,0.4532052835266294,0.4479589511464179
569,0.21751000444503563,0.34923635403486647,0.2189540473542012,0.35267465858750696,0.3547465063170531
570,0.416396763989233,0.3490258183087267,0.4380770979094616,0.32005165500367255,0.31703199415125877
571,0.4199538917476297,0.3506478394221129,0.21464630973978516,0.6226872009553609,0.2145366381676722
572,0.21321216457729988,0.27543248315750557,0.43937324124314914,0.6257667185036251,0.21205230086871465
573,0.48630658788448167,0.349645761387716,0.478335639704039,0.7135019170832061,0.2818694598450959
574,0.28802833040608866,0.3472224215950565,0.5853028956182762,0.2916885811395611,0.8782393846082978
575,0.5416011394417914,0.352910647890686,0.3070080464295118,0.3106520186049832,0.8982083022283245
576,0.43376799480460304,0.35056453145134153,0.2415480702128144,0.7044923426779528,0.24479914007937706
577,0.4234599431851227,0.3479844717882845,0.44273595001503174,0.32245291809934934,0.3199504501771612
578,0.41826497205097785,0.3480418830565573,0.28112081058300525,0.3096662123268418,0.313046471994332
579,0.21909677793707608,0.34867768666908333,0.21692925061440407,0.3140771217845502,0.31385741635104636
580,0.48857985340537574,0.3512238786529025,0.47889660230170067,0.35845036111056006,0.3602079319824974
581,0.577118522078299,0.3518177863886284,0.4360865942273257,0.4344589440223894,0.27788182951190366
582,0.5402193069277395,0.35038547860251384,0.6234483082378508,0.45031617317067824,0.44982465299600827
583,0.4370915708382677,0.3541570887622002,0.23624960649536297,0.23582544337067146,0.23681612151049594
584,0.5837158296449916,0.35029611153780565,0.5563583861685758,0.4001589144241858,0.3980988939674571
585,0.2085594436893965,0.349031850252053,0.4306353697986138,0.6266707882963694,0.20923268562325825
586,0.4209788716344568,0.3495144083297489,0.4371419091449496,0.3145788975137368,0.3160379761357636
587,0.4839107561993144,0.17647731992462165,0.4784361281778109,0.715598844879535,0.17550719771824808
588,0.581338897541496,0.3511703425396992,0.27738495316855294,0.4353691827568589,0.4376701675520579
589,0.18217508992762813,0.3489173060565058,0.6238555607979587,0.1821930564482673,0.1823268994411675
590,0.4312777611010383,0.1731404799421275,0.48786066869534345,0.17392008177712387,0.7127236088598786
591,0.4227721943911097,0.3474776992183995,0.4377516068339568,0.32138882408441394,0.3180914881473703
592,0.4178496825901329,0.35008663217432046,0.4307611086434724,0.6179264401802664,0.2811784500269723
593,0.4201911794345362,0.3523317275997378,0.4367373293474614,0.31429226628856044,0.3121485579974696
594,0.24278476872528842,0.2412893570744164,0.48026049310690727,0.712489350273206,0.27963034154820193
595,0.5779852650604781,0.34987140602974837,0.2904348317663483,0.28806968137224775,0.8715293024745012
596,0.5436747993692636,0.28359798548829956,0.20527910014153852,0.2057263627806629,0.2064445308230721
597,0.24432076620981677,0.3485495354696382,0.24334471846711658,0.3546595575414049,0.3530174317464607
598,0.2076509559347781,0.34873688709086603,0.21044961169587523,0.316428869600094,0.3192347026013397
599,0.21291732293217844,0.1168493261917161,0.21015180554793128,0.11634311478831834,0.1161693220558649
600,0.42241786941202775,0.2769952128456413,0.442056493888305,0.31549626259960345,0.3122324561976687
601,0.4804566750945356,0.3513524202320683,0.4816426432362887,0.3562381013545541,0.3593814448667969
602,0.2910136817448435,0.34964036720725294,0.5807383336571741,0.8653956367285415,0.2915584970245676
603,0.5457328135232066,0.17592150710587368,0.6207560249557101,0.9013963251245581,0.17423823900011084
604,0.4376055746218099,0.34887980203986896,0.49909751506954037,0.353619230786806,0.3520669805179375
605,0.42187029401226583,0.34738777819979105,0.28352169695913676,0.32131206307207416,0.31858502038754877
606,0.4174117043885659,0.3509307906741949,0.4332910381554814,0.31242104680468546,0.31075588387779546
607,0.43171710238178124,0.350208843755451,0.22068673249067558,0.6296710827405462,0.21895975717060243
608,0.11552490098777211,0.11714747987475567,0.4783617394496455,0.718676091478666,0.11598565584935028
609,0.5763293013742324,0.3487586658391245,0.29246890563961336,0.2940098688491223,0.28035335049185733
610,0.5456701239304296,0.35103183703123103,0.6198357111261151,0.2807779080645761,0.9019417043810963
611,0.21824963234242778,0.35319261914888483,0.4917487752139378,0.2183037988823465,0.7154968603770931
612,0.41978965759491743,0.34633492776016445,0.43423717810143164,0.31977981782953013,0.3217113343394028
613,0.416861023167273,0.348208177493984,0.24244457532035626,0.24198693365226379,0.24237513005273217
614,0.42264583472055084,0.3464074607906642,0.43613612384848577,0.311043351202775,0.3143078140537861
615,0.24379667492783688,0.349557361068774,0.48164293053160556,0.7165602763067271,0.24244889737838746
616,0.17267929093464576,0.17425288239979964,0.5893890602368819,0.43296232655471517,0.4379121811675608
617,0.5415249880698086,0.3543679306681351,0.30691170568132864,0.9007757962225248,0.30965796163329556
618,0.436663788083011,0.17440237393437685,0.17377464121272068,0.351796162729767,0.35274652213003416
619,0.2094894937969619,0.34886001566697156,0.20894069227900264,0.3200590733760089,0.32147651180177933
620,0.41763588060331985,0.3497495179264734,0.21647458820284074,0.6203688767103249,0.2145684985732381
621,0.42135587618186804,0.27862652991853265,0.438565000957069,0.3156809680608283,0.31437646501025446
622,0.24382851741259656,0.34746580424696744,0.479714390643475,0.24089477541133625,0.7104624219459669
623,0.5735027586176669,0.35078402382887547,0.2944721142152413,0.8755756270684355,0.28889594600801716
624,0.5482982774187116,0.34870414592966437,0.6148867298278797,0.27711145991685865,0.8988918543079701
625,0.43502773871417744,0.34994722433073705,0.4902694453239092,0.3532501452995544,0.3539166336641771
626,0.41877475233778644,0.34618083465647054,0.4363156150476439,0.6436545622111497,0.2797828217845509
627,0.4199467547559203,0.34934254896949646,0.4352781351160804,0.31172887857262216,0.31310472905559733
628,0.21285015855324574,0.3506649000752397,0.4416309255747835,0.20906980247553653,0.6274017531481645
629,0.48135944724645763,0.3473101331676212,0.24271578630894028,0.2383722346153961,0.7137978081281342
630,0.575353617043923,0.3464770428792442,0.2828959313010221,0.43579685536395985,0.44057547113716394
631,0.2723632535199454,0.3490645434098135,0.6225073269951732,0.2736213494075329,0.9088212370126371
632,0.4380371456487345,0.17522800767916094,0.17356071372282972,0.356701016656258,0.3556884736119822
633,0.416988474306932,0.3516498988632727,0.4445563377487893,0.3201911031162016,0.32061125692327797
634,0.41877601075163395,0.3483985205885088,0.43032401838743145,0.30886279362821434,0.3078917834071069
635,0.4222795149736495,0.3508995346081494,0.14515328453782791,0.1457056215102028,0.14486873562649052
636,0.48874760780629906,0.35042506150866937,0.35658491986463364,0.4778890962078254,0.35600305371549634
637,0.5870365701498472,0.3534523983712099,0.5845256519494774,0.43769004757939967,0.43891736551564203
638,0.5470841192402508,0.35120291349624955,0.6193062601979089,0.447370779691104,0.4516828589685788
639,0.43328985860505664,0.35128363851035344,0.24473435106404315,0.24191703110886262,0.7110279550964551
640,0.42063117941575784,0.35068606034437,0.44047237233517955,0.6414855314084926,0.28096697351730693
641,0.4134686806869795,0.3528770399124027,0.43335936880160875,0.31058344038523855,0.31014234684115155
642,0.42274810660412077,0.17469079893666958,0.43948569458203884,0.17746815404855046,0.4889212021991535
643,0.48586980199825586,0.23721547163427878,0.23791076374147507,0.3582601623869027,0.35961645446840995
644,0.2912287430941314,0.3487267267181317,0.5843806850182716,0.8750052469031923,0.28718288093009764
645,0.6698487407222119,0.3498195071436147,0.6166932441535683,0.44647405814597646,0.45068730299730836
646,0.4355687887032554,0.3459244975671595,0.4922953170289399,0.35537084631281635,0.35224151339595117
647,0.21259894506718002,0.35038452815078813,0.43754976121989214,0.2118107224782834,0.21338448987231762
648,0.41858024169518043,0.17634133644325764,0.43393981987688585,0.6169043680978891,0.17431554092456705
649,0.42297866512948296,0.3523238725387451,0.4337511032416842,0.31339145716295785,0.31210298155214866
650,0.2814044095955678,0.17359098150071967,0.1747364630992269,0.3569647249886346,0.3621367167126779
651,0.5773034932038486,0.1760816100789928,0.5860951121224773,0.8706861965430117,0.1766668370403918
652,0.5454131673880414,0.3458443352782122,0.31152725676171383,0.31386079970555475,0.9021212336579211
653,0.43401274642100884,0.34833629892816753,0.4912760376197374,0.35111209007305305,0.35780398036053906
654,0.17411260038020718,0.17437443083306778,0.4390271833727405,0.3181704287301875,0.31966104606708007
655,0.42134757065779305,0.17598017865337096,0.43517380926940935,0.1765748775958082,0.6220050319999766
656,0.4207752188210133,0.3448937819384252,0.43229446971301216,0.2782807959483002,0.625053431354658
657,0.490386245066699,0.35173439516256,0.4788490076194784,0.35706693787760374,0.35771771435641503
658,0.5766190787814153,0.35045863013690554,0.583950620025075,0.43978518797089494,0.43665331885861236
659,0.5501662968422227,0.35018741964874295,0.6205881122489194,0.27698232424344243,0.8944767264399148
660,0.43628075359034413,0.3537290881921674,0.48767037228891263,0.7063304104826796,0.277806451798131
661,0.20946442079919167,0.3474136548387257,0.20860312226367878,0.320016669073633,0.3225203246698037
662,0.21714660699864355,0.3513601517638829,0.2184857787004048,0.3730531793781421,0.37368139021261704
663,0.2898435742017993,0.3512908139925912,0.6987332029336243,0.29309630128907366,0.927938275679152
664,0.4814450582897537,0.34837977973538975,0.2971016509255946,0.7191492418490384,0.29667818929968925
665,0.5756091060570024,0.35245706882447275,0.2907619082928011,0.6696704706538493,0.2916629535465738
666,0.552099056397051,0.3524100108836403,0.4995531786897489,0.37028948307965587,0.3708851926645349
667,0.4366137243570952,0.35176850180512326,0.48814415799712446,0.3542759215434244,0.3531883352131768
668,0.13944970542617383,0.13992365551268962,0.43416232768731944,0.13976113895469516,0.6407540450298522
669,0.42089484567518415,0.3501743428801588,0.4340837127540491,0.3107222800317293,0.3116372104998244
670,0.4204125683148729,0.21836931709332266,0.21824263858265655,0.6297619819136835,0.34679093637629
671,0.48558129370701375,0.17524320727641599,0.48194406619988595,0.17131432847681638,0.7079675672105977
672,0.5796026620718694,0.3463513453058152,0.5902391094077748,0.43715846852153045,0.4368949636556846
673,0.5457757717131666,0.20630861390203045,0.20367236160809307,0.8984760835280733,0.2032365728415955
674,0.43584281358087956,0.17388660521764687,0.1713725281357005,0.7055617286150583,0.2815816597316414
675,0.41545070939596457,0.3542945778481739,0.43818452311262684,0.31962192295792813,0.3215071202625745
676,0.4230101004746179,0.3445727720152505,0.21778629243525222,0.6226737146015802,0.2172992269722971
677,0.42394598662933314,0.3499417425431539,0.2762430605222983,0.3143182069627812,0.3126749899864559
678,0.4838851090763469,0.17454964053228814,0.4809262473256948,0.7201466198239842,0.17480327933074546
679,0.28911847178529043,0.34512004148435044,0.28030773515809776,0.873071884355032,0.29360753030612174
680,0.547011077207938,0.3487268584803592,0.6183301366056154,0.4490760738107611,0.4519711124335432
681,0.4373746521135938,0.35223158260452475,0.48826280473583267,0.282214893915052,0.7039902311906266
682,0.21140109124774287,0.35341129293087,0.43661268418007715,0.6408243671868665,0.21259183983015129
683,0.4227126469514993,0.3514000424642113,0.43432879526943763,0.3108031877753662,0.31173595538146487
684,0.4274038019461965,0.3539940286009098,0.4365277673627876,0.31158245852017025,0.31409113879174405
685,0.4823773857434377,0.17659819917805103,0.4824626404042122,0.7137519195537005,0.17513255431111707
686,0.29062711416154025,0.35193679783284504,0.5851242286273546,0.2893983645025207,0.2918303165272398
687,0.5466061530718528,0.35212426514330325,0.13997969870103044,0.1401362150683684,0.9031505179496985
688,0.43729532272470173,0.3486706806910034,0.23377474918751576,0.23523303824422118,0.23617096701200413
689,0.4223729168219642,0.34908057116743374,0.43986755161750785,0.3194971244527513,0.3194722449308597
690,0.2084976165191209,0.35047601702379166,0.3129360831885329,0.31118829100089457,0.2104560314922807
691,0.4195153250476086,0.3513114926325069,0.4416751162415875,0.31439031918697635,0.3126295819263734
692,0.480997056284164,0.1161057654496111,0.4814024319305174,0.11629251546492779,0.11685209777231259
693,0.5748068307477092,0.2814995528814829,0.5955804765947321,0.874816184274591,0.3463658333107338
694,0.5432694125993758,0.1757834648805915,0.6232146068032924,0.17565565894338614,0.9063526497262734
695,0.13889793581317902,0.348759828177122,0.4890001029957469,0.7064760553896304,0.1405467456534678
696,0.5482059840828685,0.34589874967279705,0.6135376056254312,0.40344307204514895,0.4025687317564768
697,0.0,0.3498655466894709,0.0,0.0,0.0
698,0.4242202701887288,0.17522356277569837,0.44261294043795235,0.6303505783653672,0.17532102066525365
699,0.48439210086888534,0.17457591824428595,0.4739211768779323,0.7146985534350618,0.17312638624481386
700,0.27643209732364504,0.3535917683655993,0.5824630640695733,0.4350785457288639,0.4361039859831075
701,0.5440296881101255,0.35090397602992274,0.6180862598887592,0.447851183577079,0.45412016925400595
702,0.4387780031102011,0.3514453178394431,0.48335105058309163,0.28098799013135844,0.7089222986737375
703,0.5291384485060637,0.17371914804403565,0.5625426636412157,0.17609425037343135,0.27900446857365835
704,0.26617415639887093,0.345488354886454,0.4352632127981692,0.4959634219849785,0.2768106009049592
705,0.21195527151439433,0.3535344047050662,0.4405152392500784,0.6263017843011952,0.21125701367952557
706,0.4865916865660687,0.3480534521050562,0.47766753574225634,0.3568166842180097,0.3566279728052014
707,0.5781122727688368,0.3544521076165056,0.5859925987211642,0.4346582310093725,0.4368158616687667
708,0.5401909517243545,0.352947134876147,0.617392053422331,0.44755685839561277,0.4522471290551711
709,0.4381729763645016,0.35278316317701897,0.49272123593846473,0.3538876010584817,0.35412082959959107
710,0.4219902999233325,0.3466020859608617,0.4415528699134448,0.6383472623232317,0.2832852629412915
711,0.4169958998142375,0.3477840643993424,0.4302883868597822,0.6224690294936376,0.274149978188647
712,0.42484024487973177,0.17437556573353713,0.43588284835724017,0.17612064864496188,0.6271126912328506
713,0.2430638659573539,0.3541421570747087,0.4765041326655407,0.7117882552535973,0.2416898712929038
714,0.5759394803292042,0.3491220878930046,0.5902711619539774,0.8652099898532372,0.27897402949132405
715,0.2168607327070099,0.34866594732693645,0.21918965763719286,0.9093505340779287,0.2172760932575971
716,0.4391553287286651,0.34674154195319395,0.49541817677945077,0.35591807423386185,0.3542269923384469
717,0.42042938632753024,0.3511687430586975,0.21856399429447654,0.643433766638618,0.2190167835254542
718,0.4217207868852829,0.3494831489903876,0.4339630076723049,0.3081637695867678,0.3120759081470205
719,0.42337082077105614,0.3442556917417741,0.4385405236112227,0.6321279446808067,0.2768273146161124
720,0.4823725314104421,0.35006866282209825,0.48002274112484367,0.3532513457964461,0.36019772602526057
721,0.5812895667399051,0.34621565425464773,0.589366047930862,0.43583739242040587,0.43824463116222745
722,0.5408483121902973,0.1747923618762149,0.6134628609478338,0.8995047348526356,0.17246604382366285
723,0.4355229004606638,0.2844963690682127,0.489331653910846,0.35047932063593146,0.7049516009514222
724,0.4199731043460046,0.3476657421422803,0.43634388004822067,0.3169705031975223,0.31945573655442905
725,0.4163811485646704,0.3493683654401379,0.431172191295316,0.6189683088935601,0.27870158115152804
726,0.4272498245388059,0.20899396608645202,0.21013476856851088,0.20959640087531806,0.352402001370316
727,0.48336448806788496,0.34856853892924683,0.23770581979451955,0.721017325990095,0.23755909973442987
728,0.5770317056069308,0.35095355922472393,0.5813700991559897,0.4360277653460282,0.4371512190019884
729,0.5451441833582533,0.17488595588545455,0.6205457582302976,0.17478386141300195,0.9023651454901349
730,0.43754777381576426,0.35093844745935543,0.48895312233644783,0.3540900534386003,0.3524903444687252
731,0.41989091167752907,0.1745859481098358,0.43614824545658515,0.6426551171702266,0.1752874251375915
732,0.21056104889146618,0.34937661520398167,0.4334159006450264,0.6195879804434093,0.20919491783795185
733,0.2109271894855932,0.17597144476072432,0.4398186517572618,0.21150568453666993,0.17478538045443134
734,0.4826915393246145,0.35315940166493426,0.4763542877913735,0.3570809685657029,0.3556499049428066
735,0.5809235994272782,0.34890091822904346,0.5852852315755568,0.43445833457192495,0.435433517055801
736,0.6869378442046404,0.35298629578961394,0.3101309999928461,0.30934191328381205,0.2779219734197882
737,0.25830630981014663,0.3492395929152208,0.4892284954319197,0.7068040415259506,0.2594991779975908
738,0.31271358872637456,0.17510508835640462,0.2202720740247127,0.17727117821306487,0.21993984794098578
739,0.2100779189983057,0.35047007822125686,0.21620124427571588,0.21504540583358017,0.20882275786522592
740,0.2103384535028867,0.1761462419426427,0.4357602591880288,0.17720714768517426,0.21234607912111
741,0.1785450699828056,0.17469897379735586,0.17647215165702643,0.714622557350314,0.1794206130033239
742,0.5785375238437364,0.3502381568191081,0.5924659894073044,0.43597829539926736,0.43598485531614006
743,0.5471766814298819,0.1754357616437229,0.17468057766781067,0.8998597848694705,0.6220032265842798
744,0.43688515214022655,0.175199902265757,0.17591353422033537,0.35319930806154015,0.35237203428007846
745,0.4177550952713564,0.3501540729018743,0.21985611772789723,0.2189559445393517,0.6398446706546024
746,0.42111415349121345,0.34895843211300165,0.21726130089791532,0.21561266384989555,0.6179701070852955
747,0.423931728740363,0.3503936783394519,0.27288532251316155,0.6321714744209546,0.2745029812072114
748,0.48496404685526945,0.3480305831640169,0.28351202673572884,0.3581039925185908,0.35759415074343137
749,0.5796404366338119,0.34851537039373925,0.5843924417705163,0.43758039371023305,0.4345745721986433
750,0.5399281067767145,0.34971389181092816,0.6228534035728683,0.45375728770268026,0.4512633109077732
751,0.4378295190246,0.3487176633958482,0.4867634016039516,0.35444583691259385,0.35470735063384246
752,0.42016527340219983,0.3508936523536306,0.43927538192887844,0.31899019988884075,0.32127872842087385
753,0.2201582052112703,0.35430861626610405,0.21744803136065427,0.31101487956508556,0.31175380630435695
754,0.42109707159694154,0.17344999559345572,0.17739584681985854,0.4332072117266947,0.6262395315261698
755,0.4843894461941257,0.35247873851544964,0.47828649857525135,0.35755381344181925,0.3589631779002565
756,0.5781566126575384,0.34436378069576257,0.5842424981516565,0.43652550859314654,0.43776202766471156
757,0.5495067025781173,0.3473841032830408,0.6208195639147036,0.4497393983733029,0.4518304074072467
758,0.4322568753519094,0.35157074574974806,0.4877659449917294,0.35467059106979104,0.3550380779414634
759,0.20819687483590502,0.35241102843494376,0.21201658719460717,0.31982035663811353,0.3183126235546664
760,0.41857488982473534,0.3550981254323291,0.2154726372801599,0.2761177942719657,0.2143630568224582
761,0.42118201900196345,0.35012109963263494,0.439471968825849,0.6292509448270315,0.28032886610811303
762,0.2411538728958326,0.35266922211387985,0.4806367596804242,0.24272736358986327,0.7155993346920105
763,0.5885129862491074,0.3498302695396474,0.5891427473800808,0.43427987235493576,0.43588265460253545
764,0.5405491582721618,0.35472238320010413,0.622766451010256,0.45139573781815556,0.45197682733204847
765,0.5269954650679646,0.3532087873428029,0.48747751095476965,0.35532814297740967,0.35256296893213696
766,0.4180112965445933,0.1732707823005564,0.43697919775441973,0.6375425572730649,0.17437049277533798
767,0.41920192429775527,0.2813100064079923,0.2161939088796296,0.622049610954231,0.21739170789763107
768,0.21173108049872863,0.3526674232134166,0.4398261020739977,0.6276099838790921,0.2112940747135926
769,0.4850101509989949,0.3512138429376806,0.281838554664994,0.35995723673949415,0.35652577581148087
770,0.5824458704700122,0.34780270991036455,0.5866830062969872,0.43445321414606797,0.4388505753046174
771,0.5434932952834144,0.34914530846190833,0.6218329741113527,0.13964112551588223,0.13949605160371736
772,0.43609363982039206,0.34618787082191793,0.4865512426675196,0.35372114345635614,0.3541267122679226
773,0.42067867985701973,0.3466196132585972,0.4377623452295066,0.31801170806969503,0.3191022733121503
774,0.4190983215649246,0.3496289542737841,0.43285997804335197,0.2785313644616934,0.6341967600010805
775,0.43626055164904676,0.3509117521608929,0.28218008053273635,0.4219757694737717,0.6304490402723659
776,0.24181948207386506,0.35188160623331793,0.47992310955870454,0.24307339745739429,0.28355594819380786
777,0.5818490413677098,0.3488059830050334,0.5898410978859859,0.4343696183328318,0.43537695581341235
778,0.5469020367159727,0.17370253156387488,0.310335895739556,0.17329517353890275,0.3095766527157962
779,0.4365625287710168,0.11718569485756107,0.4930989277183126,0.11629432031757249,0.11735019039765802
780,0.42085444345970874,0.17471340417468967,0.4330984795282968,0.6341165302303358,0.1778856701030964
781,0.41704961947070535,0.3507987828846802,0.4383680682536905,0.31104465729878006,0.31390790980826794
782,0.4257117193517208,0.3472701057853578,0.4411759786691482,0.3144589537993907,0.313577445757794
783,0.48293922861508476,0.34875624297109054,0.4812227946194581,0.35880601765480297,0.35899197612964096
784,0.5830093415354097,0.3499132294703328,0.5862160699361305,0.43460774458789386,0.43823720674292554
785,0.5502759451097041,0.350081008339016,0.6214349765535193,0.4485169558571099,0.45051341928315825
786,0.4365244370497526,0.17629868714792424,0.4902653073032636,0.17618068978293452,0.704707860455357
787,0.21259978431712048,0.34741064494004525,0.21955891288343246,0.21066894490874022,0.21973075289119967
788,0.21778672709200264,0.349336444594359,0.21811214717987887,0.30999577923794913,0.3123971547457536
789,0.4270891178754363,0.17352501260303013,0.28197992464952415,0.43713299268043565,0.17500449807874313
790,0.24264299172068274,0.3513854437161494,0.48045140220560334,0.7163055338956381,0.24087107927784773
791,0.5784142674022823,0.35340533298616067,0.579768820878329,0.4404713985089775,0.43937287590579527
792,0.5457356853580033,0.3549114524747654,0.6220074451668651,0.2787369462911405,0.9028231421890592
793,0.347341776343001,0.17407409237913277,0.17612282577531085,0.5367277256466098,0.489277240138377
794,0.4198651927784489,0.17726764854880164,0.4427127136205868,0.6424454538108288,0.17649428541241588
795,0.41678325746341766,0.3494688561466649,0.43177275303625284,0.3124439940757796,0.3112168295911382
796,0.42023117413136873,0.17664226209546852,0.4377705383908974,0.17350953735774355,0.6292283579708842
797,0.4889837953204714,0.17551043914091405,0.17408962704874373,0.3592010495569761,0.3576778714910392
798,0.5797137575881424,0.3512425924388549,0.5839105438598944,0.874513472451772,0.2779674632340832
799,0.5493916689567829,0.3515387702553616,0.6180436092540812,0.4538817660554983,0.4522198961422686
800,0.43586115950211046,0.3521597705916898,0.3516237833298729,0.35367598761556934,0.4887651776230053
801,0.4182249315425694,0.351921766493595,0.44280590403456754,0.3199655479918882,0.32209498657783825
802,0.4205701694725013,0.35173182988752844,0.4305058373526339,0.3114817501903706,0.31203111496098135
803,0.42303635898483066,0.35114068735934445,0.4388891565376149,0.3145749344846973,0.3134103482994674
804,0.4756493237547864,0.3493117555011425,0.4804992319102255,0.35574548830320846,0.36044027161004333
805,0.5862753934115559,0.4370350239300504,0.5935677947747697,0.43579103870484753,0.3498057836183134
806,0.5421985016243414,0.35108961655207244,0.6167421467271553,0.4500041648313237,0.4529142912470919
807,0.21589220631894615,0.3508931906131925,0.3516003099652358,0.35148648734277327,0.2174675937588069
808,0.21015793568017527,0.34989621228999057,0.43966656656869374,0.20807331160310127,0.633502545304995
809,0.4192411080635598,0.17479055064402435,0.3110271295075244,0.3102727113456273,0.17456735233917386
810,0.21146132695872263,0.34926796373367025,0.21790114878166433,0.2182604729426652,0.21152831101304043
811,0.4815711197724799,0.3474861111281474,0.4851103385052999,0.35848465877342195,0.35718715847359944
812,0.5795644238443113,0.3510897477565142,0.5882416771417478,0.43966988817485275,0.4379262408116477
813,0.5456275418777627,0.28356613201971753,0.35151121266386703,0.45503877108176366,0.4522736474227216
814,0.43564268462603234,0.3483598344351862,0.2816677195923926,0.3517066829721746,0.35411093162364427
815,0.21074938867636203,0.35247787311868284,0.21097622860459647,0.6395855387682073,0.2789972788772986
816,0.42195253596358845,0.3528374263023651,0.4307030700960638,0.3106189769712949,0.31311512325886137
817,0.42400338297294377,0.3447156988265328,0.44255436539026427,0.3108464679821305,0.3147600198162891
818,0.48347329281239293,0.34651013506792133,0.478258817308343,0.35848852801650566,0.3549290636203991
819,0.5744390401432242,0.3503024210122732,0.5911589931546686,0.4375858449377045,0.4367959665771043
820,0.2719739995840811,0.3495870982640675,0.24534550293093313,0.2445613371302433,0.2705065480466342
821,0.43516556468022954,0.34843224560448877,0.4900263678458571,0.3533405188765869,0.35385904123357087
822,0.41763720742726745,0.35097582108543696,0.21733095423072205,0.6406461027041255,0.21933031852634155
823,0.4239436625091854,0.35063134072138086,0.43019232087264603,0.31177761362809814,0.30923150638230384
824,0.42178818981102306,0.3543213252481667,0.43840836134912897,0.31944909377881353,0.3121055212555816
825,0.24084861560597767,0.3556849000037106,0.47561170429128335,0.7171944448700412,0.24297378035852868
826,0.29126858061166344,0.2795105484153615,0.5783087141221793,0.8672034346386998,0.29023963089052457
827,0.5459675790293733,0.3489908665800784,0.6147701369415194,0.45200214057823673,0.4494629903315296
828,0.43421351804118025,0.1747645519511292,0.48744951308938417,0.7081288616867277,0.17618963286138706
829,0.42357029389708273,0.1733233804780871,0.43432764154082265,0.6385849619491143,0.17530602145041316
830,0.41951821078027307,0.35134927444880665,0.13875839442315313,0.6231644922733007,0.1389708122769763
831,0.42286034617037804,0.1755744848260914,0.2788960358746881,0.17559496023977297,0.6269306246320284
832,0.24093751033140198,0.3511067969127382,0.47680991211857493,0.7118586697425897,0.2404241889074096
833,0.5772993223902444,0.17426512214704407,0.591007347136165,0.871196815881058,0.17697213719014102
834,0.5379288257455805,0.3491806188303675,0.6142116409186947,0.4542810026093801,0.4515919404235295
835,0.44270258369148546,0.17423415979069373,0.4896938399865447,0.7035257156614955,0.17462606598591482
836,0.4159486169920205,0.1745873390233155,0.4422622947777135,0.63595098155188,0.17503070228881407
837,0.20938852280659082,0.3514421656543454,0.4310987054305586,0.6243605458835595,0.2121989887541774
838,0.4246071058714932,0.34826010745219976,0.43445866766536384,0.3134484724986999,0.3175377858567386
839,0.486592819515403,0.3490779191912673,0.24052756333256198,0.7093525513300957,0.2406702208823663
840,0.5848195711825583,0.35015368545963266,0.5923606620048142,0.43499201940340704,0.43750423419146284
841,0.5419645941430276,0.3519800906088975,0.6196615510015178,0.9063513287848642,0.28126779162849896
842,0.43580168250488244,0.3499182098219067,0.24584567649252656,0.2438064371430635,0.7108596495934594
843,0.4167580409403557,0.35192514835719296,0.43831173969535103,0.31629011316231687,0.3197163975921004
844,0.41620439920191205,0.35242366365219807,0.43220272447792735,0.30959303240302694,0.31177799669894735
845,0.4237127658634876,0.34778234056434365,0.43397891880705297,0.31386890083866054,0.31402719679228597
846,0.4855194242557771,0.3485948404177497,0.24049781031727455,0.24083081729948028,0.7116937274087999
847,0.5753067756950776,0.17334377076904245,0.589229368327708,0.8722646114430094,0.17451845191773951
848,0.27152611348883365,0.34757654891504586,0.6251216425946776,0.9005372750764334,0.2715875714515994
849,0.43768936805493325,0.3477729186824878,0.4900641533938079,0.2812170248269067,0.7123867198832127
850,0.41904454615223313,0.3507192614967318,0.5351524514697984,0.2772633423401495,0.6364682565137347
851,0.13931575435467392,0.13988064809825881,0.43350351291733397,0.13866021954353422,0.6230741770654147
852,0.14085042452196464,0.3507355964360965,0.43906531521511083,0.6212254818816454,0.13955321679611093
853,0.4823590968494475,0.3506817231313871,0.4850808841228832,0.3583492600200697,0.35771339106263017
854,0.2894629682240907,0.3511337931676825,0.5872351309196174,0.8807384151698389,0.2899231257529301
855,0.545693606275515,0.35161454226379146,0.6171925792488641,0.450641905925608,0.45442592426807016
856,0.4376871815832864,0.3523442322842183,0.23440702546941392,0.23695129144522034,0.23548362305907353
857,0.4204678722042837,0.3453066844159521,0.44091477584171634,0.3193129358460029,0.31834917638446764
858,0.21079611788884683,0.34900741707994265,0.21468270772198267,0.2097803039891776,0.21423699013305642
859,0.42478331181365275,0.34947536004817803,0.4367437443764157,0.31271593394292585,0.3137280566403886
860,0.48193157097980743,0.17552079573574597,0.23901183995728106,0.2392791994436807,0.17646395966084538
861,0.2895832771674317,0.2897328399386447,0.29039616218453684,0.29174707180952036,0.2934518996185429
862,0.27168839313748167,0.34757821300784686,0.6193720902306294,0.2803062604173658,0.2737324256982613
863,0.4389853832143122,0.34688656105039906,0.2453132171419231,0.2459376689377745,0.7035788385892993
864,0.2104058686447403,0.35286645850690657,0.4386155300256391,0.6385943573482354,0.21059269395895583
865,0.41404317323916406,0.3497204676297738,0.42623421943849327,0.6208709814908077,0.2771592824680301
866,0.2116222394457692,0.3520026914125346,0.21947124013320113,0.21921914764524195,0.2111664699188455
867,0.48448495131322455,0.3513394735309372,0.4780750771959214,0.3565717412558675,0.3561945156932416
868,0.5828854866095287,0.35161947357957507,0.5882775225039157,0.4372920790795142,0.43774716924555696
869,0.5442263351888738,0.3532156476497253,0.6216476734268395,0.4523613731004499,0.45260380492269114
870,0.35330937955565533,0.34722237417376284,0.48795175734592816,0.3533464530522519,0.28283650648693465
871,0.4203170754884139,0.3494899837203093,0.4371011475690777,0.2787938458519327,0.6366577783560786
872,0.4191134781622871,0.3522151776731842,0.21444772891315275,0.6218557616063671,0.2185387442104196
873,0.421955130616936,0.3501362603831852,0.4329977612325428,0.3145251705353142,0.317430730890228
874,0.4906469333879089,0.34950993462319613,0.480400934423887,0.2767740035751068,0.7115422936305369
875,0.2928108404824069,0.3504934470073067,0.5830547692977688,0.8772429096857627,0.28827457010752094
876,0.2747047083326082,0.34714465288363827,0.616362954241326,0.8976276690963647,0.27436229651788724
877,0.43712161961853874,0.347432465782905,0.4858997761282811,0.3546821321532573,0.35558500974865015
878,0.41874561263716253,0.17414794690077834,0.43666404834297745,0.17522098596974856,0.6362329789414896
879,0.4165907418449203,0.34783390464090425,0.43307700041007274,0.3120078244873473,0.3120406497958691
880,0.429692294682758,0.34777513391695974,0.22149098656830174,0.6252559656664906,0.2189803053413783
881,0.48559107104678134,0.3527720652023824,0.4769128074663095,0.3550021793510191,0.35807708398169097
882,0.5890912292368621,0.29063570395093297,0.3464464006827179,0.2892350392979397,0.29167170696489114
883,0.5405019494013302,0.3491418960525822,0.6137509908276229,0.4524473594787084,0.4489530295816287
884,0.4401248621394255,0.34668443615420313,0.48862371949696165,0.3508394536138711,0.3537524435168941
885,0.2099458473132715,0.35018263051032966,0.4359272837374848,0.20871466969680766,0.6363606933353649
886,0.20812959974053594,0.2088348687660237,0.43437735291566487,0.3094354581151997,0.3116556930557261
887,0.5661851729347276,0.34909543313656527,0.4392290446067229,0.39104571015664424,0.390934168400009
888,0.48215564769767993,0.3467065532537118,0.23886312532742432,0.8227669360090629,0.2398402844426853
889,0.5832138339203776,0.17715541273066307,0.5897932584212296,0.8650626510972256,0.17409796704088104
890,0.5455616404767664,0.3483934193772545,0.6153943119224908,0.35066063919044294,0.3529187325306614
891,0.43771509833506744,0.347539005124406,0.4882853160321611,0.3540294055160547,0.35265149775539434
892,0.417735138267938,0.34733909341877195,0.4440455016065953,0.3220202411915116,0.3192618160921552
893,0.4181611371298678,0.35083062033525514,0.43682310657650564,0.31150831867713236,0.3118881318266492
894,0.4243312319009052,0.35269982236222985,0.4355074815504878,0.31541276206520896,0.31474177135047077
895,0.47717611683422523,0.3465738518792371,0.4775079364170504,0.35877766607888256,0.3603071345317086
896,0.28787866917016364,0.35392413176570947,0.5862589371924247,0.28727250882488703,0.8714163416307873
897,0.5504875300962785,0.1761959877135112,0.6229813763989056,0.17294176005290007,0.8989177344755498
898,0.4354583421228319,0.3482468419369904,0.4827346196486592,0.3537999491195543,0.35507570171248326
899,0.41379191504623825,0.1757101467512572,0.43753322544187745,0.6361743206758391,0.1758378377560584
900,0.42164455744211976,0.3463165189905605,0.43059109022745984,0.6198931547205634,0.2778416968000789
901,0.42236154608132676,0.3507794661840312,0.43935869717704973,0.3156414690567143,0.31542626894811476
902,0.48610479233566933,0.34988042484426746,0.4759965429433861,0.35729340374138335,0.35689866141810805
903,0.5798319781949663,0.34707129844192347,0.583221598144913,0.8700851292878499,0.28280371940884635
904,0.2749769445616265,0.35175650867531894,0.6170096411806288,0.9042282276616663,0.27078497078901786
905,0.4376017654958484,0.3506402888212881,0.24129929727146837,0.7100320766420444,0.24384269218162277
906,0.4205792814267271,0.34905977850360387,0.4356046649367895,0.28091898693626766,0.6350244629686794
907,0.4196702844615784,0.17605346356245116,0.4378375993322172,0.6225746181139382,0.17475297084189126
908,0.4240594803841752,0.34961832560813644,0.43996635216029173,0.3167167769910488,0.31260840847423726
909,0.479832976332107,0.35044531300800424,0.47873226960642423,0.3584813480652833,0.35609054929821093
910,0.5797151513722117,0.348537231771106,0.2917707493921832,0.8730864777432108,0.28994949339586323
911,0.5494218735669248,0.3494614933357131,0.30824979368398703,0.9030203163454923,0.30715879307179633
912,0.43516906416468637,0.3503061202016414,0.6979079231732487,0.13984551533714182,0.13990537248856233
913,0.4200749172530951,0.17460580024958225,0.17658330316429277,0.31862947841474737,0.3185387835939416
914,0.2109267146194879,0.3546702627331676,0.3116624540127987,0.3116136125176192,0.2101881777838206
915,0.4229137673542306,0.3462386623639753,0.43369563767607633,0.3141229621367476,0.3156884621917588
916,0.4893893141168353,0.11658375278751676,0.4795917963116517,0.11569496364681804,0.11738502128591048
917,0.5804870109571765,0.35004417054990267,0.5884935021773156,0.43473527003186085,0.4351777073886101
918,0.5489560578936872,0.35055004824620395,0.6126497554804786,0.45268680099669245,0.4470771480882925
919,0.43238949586229447,0.3475937351511626,0.2418795688265842,0.7034287364741731,0.2430628224068411
920,0.4245522121976038,0.35186435830492374,0.43774614247260135,0.32021800580111964,0.32007122083742495
921,0.41725384249922126,0.34970927230565424,0.4375778214476567,0.621118465937281,0.279111668761086
922,0.42280006436858925,0.3479631383118589,0.43856876006195994,0.31250847336950177,0.31408555180483266
923,0.24130908546516017,0.24061421259199944,0.17454514665440607,0.17587988289278858,0.2806782367725352
924,0.5798278637031288,0.3459387010193672,0.28127717312379114,0.872823837428828,0.584863525853976
925,0.5410956277498565,0.3489667512653922,0.6174474109213935,0.454648967032988,0.4512983476538425
926,0.21787195302747378,0.21955554693003337,0.13915344571659616,0.13950242979810376,0.7090977709438855
927,0.4202902424426173,0.1745590659386253,0.4367896713047205,0.6409855456312947,0.17526505306361342
928,0.4234445594444199,0.17594112527709999,0.1753908487483675,0.3138794481285626,0.3095004248681852
929,0.20955690148614303,0.35128053790779823,0.4347490377979849,0.6288337468263181,0.21160581458419356
930,0.48740782152556433,0.3494529292421675,0.48412673481423313,0.3592646115847847,0.3573930763938325
931,0.2896423114813084,0.2890762653653643,0.5829265533673111,0.43358230582622775,0.4360535990330546
932,0.5529491513376182,0.34974835112839897,0.6175715969731833,0.45292297338678683,0.44869451794911086
933,0.4351676683558279,0.349908890376848,0.279565836631839,0.7059497462369277,0.48670984435893133
934,0.4201407359827163,0.17472327529176043,0.4373356756830313,0.17326444386200768,0.6346786460781193
935,0.416847281349241,0.3483138892388306,0.435292663206893,0.31352583924100147,0.30888729947119475
936,0.2097882949862438,0.34886494725931344,0.43913485505766603,0.2124186237573729,0.6276775741406679
937,0.47946704125207434,0.3496674245059796,0.4817754341558969,0.7180959334848132,0.2797595503958043
938,0.5922702350225353,0.3520605035290383,0.5821896747722939,0.8705228213762063,0.28153791191395366
939,0.5480977307610044,0.17416378281876244,0.6290457990479433,0.9125935145397411,0.1743110812940685
940,0.43449726962537116,0.35126202716242294,0.49129345638127775,0.8310434696327488,0.2771661007711564
941,0.4215568852794338,0.34719148682546086,0.4376577512432171,0.3184667411423671,0.3182372219200658
942,0.4158523254200317,0.17551394908523854,0.1753461609915427,0.31183958443832693,0.31338048944345825
943,0.21050809606100457,0.3498602727757658,0.3134771506917629,0.31490973039859593,0.21306407793459525
944,0.4849365224621241,0.34713725506204696,0.4877058598649284,0.35960897080044096,0.35511242331257525
945,0.2918415745694904,0.17474470709968729,0.8643161250932477,0.2901337754720088,0.17489762415589863
946,0.5428233001846111,0.3481452317924002,0.2802265970944814,0.45044674521913486,0.451822121863456
947,0.433232113776141,0.34904698316937405,0.4810336270595239,0.35365698485597735,0.35261159767762845
948,0.5325506866250715,0.1751753409944695,0.5168293409284956,0.7690393916202808,0.17589268357491927
949,0.41678320750932446,0.34712410483708167,0.21750008806496604,0.6173878847055776,0.21603340140038427
950,0.4208368306813682,0.3512506735319719,0.440564569077779,0.31339482517775885,0.31719395612356815
951,0.48312829254404854,0.3475960834664669,0.24072631107624268,0.7140004739391057,0.24220994747242708
952,0.28783030904612983,0.34975897669272776,0.5797968611315432,0.2884451915881949,0.8697010115376798
953,0.29842709740432954,0.3519490881406751,0.6218560522317055,0.3002209845328241,0.3019848733739304
954,0.4329069225480117,0.35071959192707475,0.4832152339354325,0.35378027527902794,0.3514542171578105
955,0.41898520314353455,0.3509306311718601,0.43600583890979483,0.6396971595666044,0.2782964938881205
956,0.42052819635234856,0.17578757840548817,0.17402555145554832,0.3075600257671436,0.31347258413546225
957,0.4245905545746383,0.345037470294131,0.43741655415318187,0.313872817773713,0.31246848220129186
958,0.47923291406281443,0.23761492256681502,0.48062470656397777,0.2380723766363069,0.23768270196053823
959,0.5806167611239583,0.35498619333675735,0.5886021354400642,0.43745699305742886,0.4374922194330614
960,0.5420388886415167,0.1740650889181703,0.6147014270516802,0.17426865922613644,0.8978942805776667
961,0.2829456216789502,0.17332903022837626,0.17451446146664643,0.3564633426811267,0.34829747070872097
962,0.20986204802816733,0.34746207017924885,0.4373732274795667,0.2128769728483599,0.6391280027572911
963,0.17520204299137046,0.17360293331119425,0.4342226889650088,0.6241262166858814,0.2825271764902243
964,0.4255087741793459,0.17358150982210294,0.31567225831350115,0.17634288232115733,0.31296409758679017
965,0.4845477019774723,0.35179106425063034,0.4823933746292688,0.7075872110733317,0.280445215668291
966,0.5745664823294827,0.34956270102408393,0.5876654324431605,0.43761806814967497,0.4369661427657476
967,0.2712132766271058,0.3419913577887776,0.2736502831027328,0.4529590377680438,0.4517242638298308
968,0.2189260768251902,0.3489927868001449,0.21944923170394115,0.7079738096834478,0.28066537578806694
969,0.4205245343467176,0.34586305621773883,0.4415398954853139,0.3193679975219694,0.31799992922798664
970,0.41900572750834353,0.17656074159933435,0.28129331925158574,0.1738135757841852,0.6265713153240132
971,0.4244671889959222,0.3422768234691289,0.4387250252338511,0.31439348805485,0.31265746273990686
972,0.24248916608160495,0.35137056650128456,0.35944977005844725,0.35664314544082504,0.2422233017218564
973,0.5744465748219183,0.1732076807061241,0.5887737694004188,0.17655833086471442,0.8750365313527612
974,0.5420566796584091,0.3491546946311499,0.6164396166636477,0.4516793304950148,0.4492708668202946
975,0.2155318793462016,0.35321716800170505,0.49010544108636744,0.21647751317546274,0.28255650684814815
976,0.4183311125364968,0.3511785583291264,0.43988400349151535,0.3170685988750031,0.3174265647966353
977,0.4170808921560702,0.3508775161372413,0.43132640303831754,0.3126864153570458,0.3144777737201468
978,0.4225535091778494,0.17536767197070094,0.4345229340286749,0.6304602202668147,0.17612343727082758
979,0.4792207614619025,0.3529692126699969,0.47921826114360583,0.3554994903778306,0.35664955132541654
980,0.8734376952772904,0.17515816011840604,0.29362341356551047,0.1734674404576694,0.29301094134007777
981,0.5474146976693516,0.17500363116772122,0.6187444610683385,0.9080201682966333,0.17486956193554923
982,0.43539161857200065,0.35242556475965836,0.4892465051312049,0.35652072493955705,0.35186007665175045
983,0.4214219750054552,0.3503089363687022,0.2807439300351392,0.32014497188390156,0.3180077468298601
984,0.4205728222983318,0.3499217576889585,0.4339182384111783,0.31124445092990094,0.3119714757073465
985,0.4214279981965704,0.17609754373445025,0.43868889711802467,0.6311285959647225,0.17596147802987713
986,0.48977221541125465,0.3525980354423976,0.48392066883941237,0.3572146838597175,0.35722972093956123
987,0.5816700228658298,0.3502539593658213,0.5843828972285761,0.4356184033530566,0.4364784127234113
988,0.5415969437555747,0.1758894492435511,0.17527390416223337,0.45006002756972613,0.449936022121156
989,0.4362118354466444,0.34998954121792997,0.49007650177926093,0.3523765102547743,0.3514128066062841
990,0.2079805443874464,0.34791533068916286,0.21810602458815298,0.2177524007295016,0.21019972199216425
991,0.41965255742707197,0.35167858496969173,0.4298703996232123,0.3110812337543128,0.3101250399941753
992,0.41963977145189796,0.3507416923450139,0.21910328635832485,0.21838107854555516,0.6285952608037977
993,0.48231076578748117,0.3506529026738761,0.4798024652046538,0.7157518749206233,0.2818181138362323
994,0.5756208083169878,0.35241980389844896,0.5852039290344786,0.4350581404658198,0.4364677234431118
995,0.5458117283028043,0.34736495117613114,0.6194271993076027,0.9004450227066982,0.28051007200317724
996,0.43784861032376776,0.35066710007915713,0.48466260521359883,0.35353930472856304,0.3548670498887849
997,0.4186795391887042,0.17462485221241783,0.43718676548472635,0.17702383564986252,0.641137965851359
998,0.42074138976054404,0.349013902001186,0.31035887112953403,0.27765916602381796,0.30895385047055685
999,0.21028448518980733,0.3478392582146297,0.2103571810692845,0.31404275075003035,0.3135111023298401
1000,0.4792765642126021,0.1735871359931881,0.4823633501085137,0.7111602846558098,0.17535887087927224
1001,0.5776356235083773,0.34748194254357045,0.2935957844267606,0.8807696974088971,0.2941185132567944
1002,0.30203683933048625,0.346530468474372,0.613165126917511,0.2982247684186006,0.29838279121046174
1003,0.435626893890914,0.34972687099726485,0.48666525933593524,0.3525569617074418,0.3531900436137319
1004,0.42019006830584843,0.17544819955259539,0.44317865544097534,0.6422515324760961,0.17466992960547276
1005,0.20971890803681642,0.3522043619403645,0.43112601364432435,0.2086693152006417,0.2836692354029896
1006,0.20927797727425074,0.3501826377093286,0.4361661723269022,0.6218215951061679,0.21264808146611341
1007,0.4831878320301539,0.3507039413483917,0.24044690306491745,0.5704116198019742,0.2389960788858071
1008,0.5796930122230401,0.1747971494602274,0.5877023808087878,0.872914109344767,0.17445375820552528
1009,0.548049891629472,0.3469553732989781,0.6203602065666916,0.4560898947936183,0.4494730817675884
1010,0.21799946887432775,0.3455537581577544,0.48719269264303106,0.7001100104141545,0.21982988515405183
1011,0.21008207280397273,0.3523090391419562,0.21083728115349123,0.3194174263974151,0.3192124759283606
1012,0.21016014943191708,0.17523354530360616,0.43474201681066327,0.2070704923702339,0.17544438210300148
1013,0.42129377943488655,0.3492585743875978,0.43767150833235013,0.315449788395761,0.31258815200519613
1014,0.2421423412504349,0.3502353938643957,0.4775498020180205,0.7079056604384868,0.23959659677761672
1015,0.5747938418140756,0.3513880496634411,0.5863225173691875,0.4385316663908186,0.43863270528450093
1016,0.27232444811081225,0.35141497793288506,0.6173733045700412,0.27252826724741613,0.9040772815088242
1017,0.4376332422160853,0.34822546091751655,0.24484093235463403,0.7086265159994402,0.24408524313012878
1018,0.42112497486723455,0.34567594353702286,0.43886284717359697,0.31814641556260187,0.3197917044607451
1019,0.4180171612044915,0.3119246070521956,0.43707165075313353,0.2797573253903089,0.31211537807105405
1020,0.2105772123978095,0.34466087544200535,0.4399200451204298,0.625497479682528,0.21146235317023818
1021,0.4864141529002349,0.1769691068670497,0.4779231397580259,0.17612398997796766,0.7144395253058592
1022,0.5803485048761283,0.17261674228793358,0.2940255196792641,0.17650317336054056,0.29280646588779385
1023,0.5443798635052195,0.3499335741096298,0.614702408011754,0.45181100687221215,0.4466336087880299
1024,0.22011598182059772,0.35216115134273823,0.3530135805217712,0.3556696242467651,0.21766336885400014
1025,0.418819261276128,0.17560613268336647,0.2203216421875926,0.2197539713549968,0.17654301432170175
1026,0.41942041179221123,0.34951308687905785,0.4346210289132482,0.3104868575371509,0.3109234525613676
1027,0.4205742216383926,0.2782513445553718,0.43719835815239466,0.6280075384488559,0.34959508776055087
1028,0.4842595898270136,0.35110022719955547,0.47402502582938016,0.3598433191565288,0.3590467413867307
1029,0.21857924732457282,0.21773329873608369,0.5862626355414777,0.21940084851691097,0.217665888929229
1030,0.5506755485213819,0.3497381979434693,0.30962780245340527,0.30980545036727264,0.9020484258584318
1031,0.4352288198035528,0.35034935705225995,0.27940878060470115,0.35435372963679845,0.35435820383988753
1032,0.4185561396659705,0.1753718014158612,0.4369690335076353,0.6404602047358227,0.1724797596807778
1033,0.42043267006701857,0.35213947903430154,0.2171194382446238,0.6260908151767247,0.21517865334850303
1034,0.6470489672091054,0.3496291784858624,0.6976678218620024,0.9024873391203337,0.2818789848062248
1035,0.4810262527751002,0.34928650167497666,0.48060662125074527,0.355791347502207,0.3595793534228732
1036,0.5752424695392705,0.34863651221140907,0.2072549978305638,0.20753593415100446,0.6535336632871228
1037,0.2001371060748824,0.34899724209901256,0.20428001014502853,0.20321281965059076,0.20108907169467777
1038,0.4390230303215966,0.1756602572457541,0.48938578108730557,0.7040807358956489,0.17511778354337232
1039,0.4208030935172707,0.3488335383464889,0.4379291549670103,0.27942354486959853,0.7903486712051853
1040,0.28573781335463044,0.28627208539905025,0.1388699986333671,0.742872619848915,0.13990826335565582
1041,0.17287009605679635,0.17374210072384577,0.4407631199760129,0.3134198608806123,0.31148853516237834
1042,0.49064485421087156,0.1740192403022543,0.48143059972418645,0.7213348612078748,0.17491346650642156
1043,0.5796019369736038,0.3516705056305557,0.5916886403448639,0.4392923163512185,0.4382594047128357
1044,0.5441617899022976,0.3494873946091737,0.6219607607591731,0.4481701700790223,0.4514393749232973
1045,0.43846163680989075,0.3563293293033283,0.27775878686657685,0.35352523551174364,0.4898033045835573
1046,0.4208480019436349,0.3509888871433752,0.43749019464185296,0.3150358201879183,0.32092349333509457
1047,0.4170494382808567,0.3475973009043599,0.4362322122555783,0.3110091615082917,0.31082073219694634
1048,0.42061767606583084,0.3507885400724667,0.43623445845962827,0.3140101914988326,0.3113713561975123
1049,0.48173582672146403,0.28105659615430517,0.4805002162477717,0.35807296769901686,0.3557628481647149
1050,0.2891554443926486,0.35231051552950454,0.5926703688499201,0.28876835186952543,0.8746507905430388
1051,0.5462409346673434,0.34994338535734554,0.6195585044954224,0.28076369075088137,0.8970147600758792
1052,0.43287034508073585,0.34776932468373695,0.4872604685344863,0.3550028089929851,0.3528758337624311
1053,0.4205237587266713,0.35235017549079023,0.22238368924546437,0.27866989351981974,0.21885041322187349
1054,0.42082333843309283,0.34454530582438286,0.2162016209655777,0.21595636775422863,0.6231637761204643
1055,0.42244458720051,0.1754249037417824,0.4382155155576354,0.626851871241891,0.17376959263234837
1056,0.3581884832054489,0.3498892662698729,0.3093471394638507,0.35733990408635297,0.31321509203919734
1057,0.5804741294241312,0.34943554879616423,0.5874557641391048,0.436915389562111,0.4315105275149843
1058,0.5477587401547388,0.3490834639019174,0.138542144781575,0.13958814276488052,0.9011437580160051
1059,0.3082779595720299,0.3494154632030741,0.48358495394762463,0.35634457370096595,0.35439015302500965
1060,0.563399816829848,0.3479042468085317,0.4405557342358576,0.8208568211406826,0.28081864558867564
1061,0.6183237147362071,0.2996401510404209,0.30206376785024885,0.6241132470610258,0.35231542502110064
1062,0.0,0.35247738212497165,0.0,0.0,0.0
1063,0.2418501318267495,0.24101645509950428,0.6226435037278059,0.47373675268969256,0.47217287469092645
1064,0.2913292981922217,0.2943846079336863,0.2921452931906386,0.8695754618822852,0.2908478557902576
1065,0.5485648490003824,0.35370083286906334,0.20870065268723195,0.20701889358039838,0.20748459288264667
1066,0.43168534900156946,0.11791323071295995,0.11656051223273113,0.1154374417364767,0.7130788944029595
1067,0.20934284231105532,0.34872829006533285,0.43673199027029136,0.2087765646281656,0.6313595845409917
1068,0.5549157076423817,0.3489379106053898,0.5833856640074754,0.39435795616153013,0.40155054583782035
1069,0.25086002857267603,0.34923097037425277,0.43671514108587883,0.27908362517621593,0.6254932024255327
1070,0.4885816137507192,0.34937524856732455,0.47590403342704796,0.35733207659467614,0.35797750512023496
1071,0.5818941138273319,0.34881448273369986,0.5881944148473316,0.4345570201265658,0.43251340169743746
1072,0.6585074326587471,0.30164251971194966,0.6140649954054858,0.3020138079878803,0.2996237311269065
1073,0.26707935604298355,0.17491991127519246,0.4860331786982899,0.26904483431383414,0.17218495221511906
1074,0.32279771065115626,0.34784009298321283,0.43522083507412085,0.6402220125707926,0.279481024266725
1075,0.4209547731083268,0.34986469988519847,0.4334256483219682,0.6251147783983189,0.28403525021963133
1076,0.4220980001493635,0.34984257561024334,0.22000210353185787,0.21961049464538143,0.6258292354558287
1077,0.48177047656472105,0.34948722909821756,0.4777798431215126,0.28303669870710113,0.7082412865028052
1078,0.456849262179553,0.3488759318147453,0.4336235279253608,0.43535197914941376,0.44004826847251527
1079,0.635742530587149,0.3496110139677705,0.6137536341527862,0.4536822377914815,0.452281865680517
1080,0.5385922772793919,0.3487589155740547,0.4933119031726001,0.3566935731699216,0.3535885063786568
1081,0.4166898156539196,0.1737501034748652,0.17378940754882885,0.6366946392580795,0.279657713081601
1082,0.21080558129559196,0.31361199042831184,0.4352577423698591,0.31173613356250857,0.21026693403201685
1083,0.425026715918825,0.3478932497521505,0.44388602872302446,0.31019700561909885,0.3136547971162048
1084,0.24156843398538178,0.35405700310512256,0.4771404234912849,0.7140144743445476,0.24387056431979845
1085,0.19210295984681713,0.35540071868887074,0.8719850007215695,0.19635950111124797,0.1925023805359255
1086,0.5419416614078514,0.45669176698400255,0.6160496722206276,0.45339910285184665,0.28041736730451755
1087,0.43774344058119236,0.3516007184099724,0.4861488558977983,0.35673943143882325,0.3538652252926512
1088,0.4197764076325433,0.3520775587359302,0.4351861220422715,0.3173821767919125,0.31984861584600555
1089,0.21168901128484788,0.20943544090925226,0.43264386715081904,0.6285970419515239,0.280021725255339
1090,0.42195653210538286,0.35182492611915517,0.4364951413025571,0.6311120735234496,0.28077626063674205
1091,0.4847400056304695,0.34681103174390326,0.23924807189967198,0.7161558331055443,0.2427874520270526
1092,0.2904194289693251,0.34941809259931567,0.5852042889793843,0.28911479521404143,0.8794350416391513
1093,0.2717906692491403,0.3496308704522104,0.3103375696221335,0.30833653592851795,0.27383031322821355
1094,0.21918878715968226,0.7039724026065483,0.4885711715464968,0.28005676451743283,0.2168359101079438
1095,0.41935161665880744,0.3522328537534703,0.44055586022110893,0.31886997939099065,0.3182063825301853
1096,0.4163770545971341,0.17427464740803475,0.4319005635937669,0.17561889449317128,0.6260664781289298
1097,0.42371880394838574,0.17469677864091349,0.4383838365353322,0.6325798303799719,0.17317928342663058
1098,0.24252270322729438,0.2790597045127301,0.4874390876958013,0.2413805870559175,0.3503169111803884
1099,0.5804755740998302,0.34875844113986104,0.5873368797718942,0.4402845670855116,0.4334278199746258
1100,0.5434501912821166,0.35059059398018205,0.7321379107334214,0.45035682192080523,0.45077798410789305
1101,0.43531888397372925,0.3489436851398368,0.48905525568913927,0.35166649034935843,0.3519801287225314
1102,0.4172389582996119,0.34604811503878163,0.43494266629888984,0.63863857599786,0.27597327946093425
1103,0.20893432966097403,0.34967667824452053,0.3129028492760936,0.3116754140614448,0.2086578959515835
1104,0.42274531237888824,0.43855657227816985,0.31209617110536086,0.2783257792617836,0.3148175008538661
1105,0.24200519834791637,0.3516936850470504,0.4857757226955128,0.24141574685787578,0.7198682956952324
1106,0.2895228102073049,0.17474975949680105,0.5847120899357974,0.17483444082692665,0.28911815647884254
1107,0.5445233111240511,0.35363922387395463,0.6197612151458038,0.2800166007557888,0.8938819199305896
1108,0.21878697799646116,0.22003477550580944,0.4895614419475173,0.3546587632276627,0.3534121241644542
1109,0.21194456527860836,0.3509997394145044,0.34427536695557076,0.6350376782401403,0.20972096538101914
1110,0.41622771011299103,0.3484746791326746,0.43539264714640513,0.6223644549957457,0.2822834714848091
1111,0.42238279960415404,0.17503301720744277,0.43392159351035164,0.6309755586066371,0.17300201458655834
1112,0.4828867230576189,0.35112289403028574,0.6040489252253012,0.3570930274807854,0.35418108921730873
1113,0.5789331109824633,0.3527128166971059,0.584223262273657,0.4337201763997504,0.4370163722766736
1114,0.5411583553790076,0.35258229497467436,0.620451142390106,0.452369537348363,0.44919818784541343
1115,0.43942119889653214,0.17379592083619508,0.48750111067544877,0.705621315837906,0.17596762604117056
1116,0.41919438909575085,0.3486479514991666,0.4365967406893706,0.28016398321906666,0.6414664545507052
1117,0.41949668145583785,0.34999053595402213,0.21487013216522596,0.6242873662753082,0.21652306865578455
1118,0.21220779675233967,0.17409113242027668,0.21186684379270068,0.6287622791573136,0.1740818305917447
1119,0.2416609393740047,0.3480490056666278,0.24392371506454189,0.3556820905130819,0.3580146011740448
1120,0.5762883997627357,0.3498973768291729,0.5892458746485623,0.4370290142504421,0.43673261880230596
1121,0.27178090188418413,0.2830056195207984,0.6196374448179768,0.9020058953568032,0.2748322744197859
1122,0.21958701850113554,0.17500460718038702,0.4928846608839751,0.17548465132461846,0.21940407477765048
1123,0.41769813608604645,0.3463400666492578,0.438775803946172,0.3198059208033904,0.32064432649276653
1124,0.4212298292557508,0.353078985759589,0.43097045959680064,0.31050215014953175,0.3104069832824381
1125,0.42090594253895536,0.351781863102565,0.2154927489939892,0.6285799911889689,0.22035552613016549
1126,0.48199214412589103,0.3494460761314397,0.4794723944521578,0.3567470322815715,0.35785520156377615
1127,0.5797006634607229,0.34641902884373016,0.5830692809197541,0.43277377879800044,0.4377098362936648
1128,0.5492343848056814,0.35150100548236524,0.6212472522922085,0.9069870414393824,0.28051331039994454
1129,0.4301158290638006,0.35279534146958524,0.4897373081619411,0.35500708045417706,0.3507973032032101
1130,0.4215850052421901,0.3534368800360564,0.4378972129337279,0.31700202167917063,0.3209818281432843
1131,0.42006048810437846,0.17523214982879698,0.4359090386020032,0.6227947671561228,0.17421708290557555
1132,0.42347275898118597,0.3479634070914667,0.21783170810435215,0.21989933100422623,0.2778249540471255
1133,0.48422153861682904,0.3502715280465097,0.47715731787974247,0.35798069439488445,0.3592322437466254
1134,0.5705663872498824,0.34756134544017436,0.5866531312249993,0.43586613848803,0.4351266274978048
1135,0.5439140530534492,0.2778919710852656,0.6241148895438724,0.45294402354382984,0.4524454366209466
1136,0.21750311097509473,0.3484602909278392,0.4870919284680844,0.21800599281339625,0.837594508203624
1137,0.21316675802130086,0.349290668285891,0.4387974136913044,0.2096973770431619,0.634567431083922
1138,0.4202248370342089,0.3493196182080302,0.4335828882541516,0.3116013134815744,0.309325342413726
1139,0.4250715671520832,0.3510313440025929,0.44111106088156943,0.31363336398302094,0.31483366622282416
1140,0.24273257094370526,0.3456800039539086,0.479399988882324,0.713423398130898,0.2415113056846145
1141,0.2924982349516461,0.3495205751810191,0.5862154302222946,0.8727770416728947,0.2897117527595795
1142,0.5459876906459133,0.3507989284533984,0.308785160260849,0.9053114067278201,0.30728009771514064
1143,0.43883668146677357,0.351977780226223,0.2791377449279573,0.49146893148955445,0.7043048132656247
1144,0.42045596288319487,0.345644352991288,0.436626969500383,0.32021149707453184,0.32231616738594215
1145,0.42058580133823226,0.3515280765470713,0.21456356296765344,0.6240715566304507,0.21627987385664596
1146,0.4201727711886905,0.34999555219002476,0.4401803783644115,0.31171169777261165,0.31481897219122024
1147,0.4864040687893253,0.35090686996390547,0.47932762047777516,0.35583933510576754,0.36009830480322513
1148,0.5814450175658715,0.35242093783192463,0.5874860049476558,0.4373334521355078,0.4357694652912186
1149,0.27355577909211587,0.350202970885073,0.6244992275074649,0.9003690237020571,0.27308795894128574
1150,0.22029070941468615,0.34919372181421865,0.21974697761397016,0.4878360732117899,0.7081660343628147
1151,0.42367313096161024,0.3460803391009602,0.4351122802545572,0.31600511219188454,0.3203639456122665
1152,0.4192026745316631,0.35176683262635516,0.43280253687893766,0.3105231434243247,0.30945567942116303
1153,0.42398218800617915,0.35016817222262586,0.4369383298089845,0.3148701746136913,0.31238485044792436
1154,0.4891810560754188,0.27895547463065373,0.4754160830805619,0.35531193458155763,0.3558558792605465
1155,0.575855287167147,0.3515224188646321,0.5850500628069168,0.4368924757646982,0.43873447393881515
1156,0.5524928540228627,0.3523281441471459,0.6140388827492855,0.8989699799790648,0.2784717508581935
1157,0.21689783319360445,0.1753152819340227,0.22043062735471086,0.7092592936353125,0.17519459344752647
1158,0.41997518911713544,0.35234828985940775,0.28017965073017087,0.3186909963919627,0.32040932444866477
1159,0.41653701833331774,0.35144837951789587,0.43278468881160054,0.30891746606877707,0.31232083474603173
1160,0.4234727543932926,0.3494595805465051,0.43857161733583483,0.3126107279585087,0.31574433921127415
1161,0.4816112980495313,0.3505766526374589,0.48276890444505144,0.35622773132183105,0.3590553207770637
1162,0.5776181600016412,0.34886707204758793,0.5825241593495827,0.43262096804881395,0.4373348264658842
1163,0.5393178657358386,0.3439588046903363,0.6184320020193723,0.4498493032267767,0.4516595408712938
1164,0.2182305782227143,0.34744899810889834,0.2181361170773981,0.7137792174653992,0.27783070638318397
1165,0.4181552953869772,0.350107977609686,0.4370087652476915,0.3188082333451488,0.3193375912812804
1166,0.41698315764669397,0.347151110304013,0.433373257690986,0.31063180961613013,0.3076941989312325
1167,0.4219276178792694,0.3542822687430261,0.44233671684902187,0.31296394780907427,0.314508431754709
1168,0.4855878819278911,0.17662122800624816,0.4831379458832042,0.7154335467572203,0.17480638075883562
1169,0.5791388570575108,0.17472923883818137,0.17533722590268205,0.4367960491888238,0.43474449917300184
1170,0.27133955464986315,0.1754393222249514,0.1778101521737925,0.2735875671222319,0.8940897759437627
1171,0.43202234659617034,0.3496357180760478,0.16303145546366327,0.16229830076738427,0.16399276871280224
1172,0.4182114884503837,0.35033194577171334,0.22172343069849973,0.6365987604507642,0.22028961627676613
1173,0.4147723564086362,0.34725579691903635,0.4372904393583782,0.6249546461419476,0.2783177341207303
1174,0.21033375280168803,0.11726849882335368,0.21024191777672163,0.11650176837792886,0.11693687147824082
1175,0.48605355532042754,0.3491225303910971,0.47319771089531026,0.3552481246153315,0.35639349342041843
1176,0.5822987277404496,0.34892747902673893,0.5856754311248389,0.4370143940798538,0.4366345369338493
1177,0.5485982489396333,0.1762329131031151,0.6157431392423819,1.0317643552602132,0.17464625468947853
1178,0.4388268011016574,0.34928293297048957,0.13890201866294166,0.14043986260110228,0.713697698925859
1179,0.4192587473654908,0.3483491858852724,0.4390779618769647,0.6335832645980555,0.2809496573477566
1180,0.4207001729654181,0.34904943248637177,0.4345009299137439,0.31124644286028125,0.31241176158664435
1181,0.4203213783646182,0.3483365238638423,0.22121309231828196,0.21894998942828345,0.6294013293046198
1182,0.4865419331485446,0.34619459422405396,0.2375892272322776,0.2386409848004196,0.2379469980503813
1183,0.5851354271107186,0.3489330177582695,0.29160901519464644,0.8710020655112883,0.2964363144723003
1184,0.2746271404551202,0.3462244670758237,0.6201157651111868,0.27239910114959737,0.8987517700646306
1185,0.4383035790077176,0.3521019425087392,0.4859520737619751,0.27900635879623314,0.70138383831451
1186,0.140272413427328,0.17565245187716638,0.4415345285862599,0.1777949327388575,0.1404236116732995
1187,0.20963958056254292,0.17468497024580687,0.4305861019330091,0.17656719943048335,0.20916818341804996
1188,0.4212332175133519,0.3520059365116366,0.4361545239640462,0.31330610834443745,0.3118253480995757
1189,0.48653213251163646,0.3512210904750626,0.4756711613756489,0.36115280611911843,0.3577910491102694
1190,0.579805368364204,0.3505798618918147,0.19504117605771956,0.19536735898334104,0.19653454592431588
1191,0.18242593478779165,0.3502605054624685,0.6234156058720545,0.1823888337211216,0.1817485530634516
1192,0.4327742554595565,0.3469909253935695,0.49434654910336534,0.3565852223915602,0.35382441683436977
1193,0.41903308479304974,0.3467083889492658,0.43525963748278784,0.3203172965392456,0.3190115415640191
1194,0.14041594769263324,0.34972251864725734,0.43209253007265025,0.13983872615545953,0.14004347403687664
1195,0.4266284845008545,0.3480990343374235,0.4356387651660078,0.31377074046161396,0.31349508910162527
1196,0.4822998152278808,0.35792123111858587,0.4786877570235929,0.3517573694017276,0.3605842961771493
1197,0.2900722249258612,0.3519354088596916,0.5872398628154741,0.2893358917260971,0.29195443296371354
1198,0.2707082966177999,0.3505012147716429,0.4500140450930972,0.45195116210360897,0.273920047865132
1199,0.4370729116432088,0.3491948799384263,0.4870963877609736,0.35317530668970143,0.3540226327701757
1200,0.42332778237070856,0.17432672738035726,0.2176275897877325,0.17480438138597001,0.21789733582154192
1201,0.41865172907113984,0.34924119509431684,0.42913697205841317,0.3127721025708573,0.3102532333851859
1202,0.41606004265096347,0.34992589126711615,0.4393509169072953,0.3124391177635027,0.3132710278797881
1203,0.48385872584557105,0.11780005587659471,0.11663335350149157,0.11617491880730131,0.7162882506611563
1204,0.58759091523119,0.3511480056325903,0.5843268231921337,0.43626201870607456,0.4325604657032721
1205,0.5535373126172742,0.34798655707964665,0.29936187667423514,0.3025275663743923,0.3002992411808465
1206,0.4366600189086141,0.17622252220055168,0.17650700186917753,0.3533797616775906,0.35313882477802244
1207,0.42149921009318486,0.3539665944413438,0.21339357663685996,0.21391484956122161,0.21197823459740184
1208,0.41586398480099734,0.353022004044291,0.21822672561472606,0.6222623143237115,0.21635887273650228
1209,0.42222205352017145,0.34853021388993793,0.43394797109852334,0.1402998965948883,0.14096818402252823
1210,0.4826710384909257,0.3501287160196788,0.24198679478302085,0.7087546513145171,0.23969297874832132
1211,0.5766957338378127,0.1761446700688036,0.588375835864885,0.17383906365399843,0.2811858273015177
1212,0.27390656277454567,0.35090461394265554,0.27478245824827957,0.4504961220030212,0.44523719897895464
1213,0.4404735971008499,0.1768061694849634,0.48883524812441603,0.711939624275502,0.17524302216276744
1214,0.42518817770688133,0.3520784743857704,0.4415866776601766,0.367136978337216,0.3722127205600565
1215,0.4187422823733966,0.3508081879736933,0.43325737978142537,0.31220394100683446,0.311359588186373
1216,0.42448039217725914,0.17559288939727716,0.43698146360309065,0.6262966022549801,0.17549345055036428
1217,0.48145436358915006,0.35010796583371245,0.24136376364507703,0.7135344789580823,0.2380545725306889
1218,0.28814933462595743,0.17595977610834684,0.1760534835442256,0.2898583336150331,0.8721004045053365
1219,0.5433016446367712,0.17460449547795118,0.17495614940248844,0.45389862790216734,0.45432794753213507
1220,0.43442499112766175,0.3520615483491662,0.48600501269288493,0.3547279276650703,0.352357629244203
1221,0.41958739896253255,0.17373382993401,0.4368481134067409,0.6387527593556269,0.17408587006758586
1222,0.5312299460325921,0.35447085992078,0.21698535455115936,0.2150244998315619,0.620332712863407
1223,0.4236983697497379,0.34998640778412243,0.4345115697681503,0.3131844335691456,0.3118527958826522
1224,0.4836252246671804,0.35255400193456543,0.47498930002801454,0.35785274571326503,0.3580682883853168
1225,0.5814054103064017,0.4373857100763352,0.14181438121742304,0.13799743244253615,0.43583214926522246
1226,0.5422779163689696,0.3552632987291531,0.6267661669855975,0.45527100280453225,0.4533061031207027
1227,0.4347923561757718,0.17660277983073555,0.48876594358057474,0.17346840798465213,0.7082177130719478
1228,0.4223557997909834,0.3532087290550413,0.44135059550658357,0.31870220985748754,0.31799893479911046
1229,0.4171972132744595,0.34824880584428347,0.43249818650404726,0.6263452850096952,0.28094504133831644
1230,0.4226329411214884,0.1768121719488465,0.21837867240447373,0.21899558258758398,0.17427046571277816
1231,0.48124034270014604,0.35064140140688954,0.4797123495615786,0.35943881109823783,0.35741876037148407
1232,0.5813645195946816,0.29140734247544336,0.2923986540125619,0.4383794623235763,0.4369198808893853
1233,0.543282257333949,0.3521219189715079,0.613622671854136,0.4558933921817583,0.4500712607154692
1234,0.2174167333435025,0.34994612610039083,0.4874854472201017,0.2154528081677368,0.2755054729981803
1235,0.4205039058135387,0.34711973942354235,0.43811967353225245,0.32062442119664486,0.3202436082652272
1236,0.1751527379587056,0.17579181364707197,0.43102842775661987,0.31113416903157715,0.3103338811214393
1237,0.21245943564154315,0.1762449066123774,0.21151207486867998,0.6280705458853186,0.17389888690959515
1238,0.4836199968866101,0.346968647946638,0.1419991468001253,0.716807617229013,0.13792642288253673
1239,0.5725473746159334,0.3500607362947402,0.5858058588343699,0.43428329771106566,0.43294672993034666
1240,0.5441304507622688,0.20687449870984245,0.20736498980068974,0.2078981436523971,0.35132272217575483
1241,0.4368880231994995,0.24297352108431033,0.24431213851868572,0.3509863536350838,0.3538091005327402
1242,0.423757039495707,0.3542536880823995,0.43935337171476196,0.32205049656811846,0.3201980272425164
1243,0.2062856378861311,0.3448415735431965,0.4313324341909274,0.6275036076111445,0.20942914062553877
1244,0.14034593468286474,0.346935677194626,0.13935082755134579,0.14102127604966994,0.6323159580694777
1245,0.24040688139822014,0.35029334406796364,0.48185499713280816,0.2442133060724742,0.7138641316642174
1246,0.5784034363291548,0.347767492368364,0.5873464979535584,0.43415459956003616,0.43661120665053815
1247,0.5430886098580543,0.3475129861151352,0.6210902715743192,0.4524281526441325,0.4539345390043451
1248,0.4332440697718454,0.35168970011560374,0.4895836775658058,0.3574107673798996,0.35202427540157705
1249,0.41805711220785047,0.27696281785135407,0.44264693444217085,0.3181197926852151,0.31983686601273736
1250,0.20833791535438814,0.21193996087710104,0.4330494033045398,0.27701062529025605,0.62400488767891
1251,0.21030815578744894,0.2120709718093808,0.2194388239862823,0.6227600458316612,0.2199494877057734
1252,0.679490949476174,0.3504113415730431,0.612560629247441,0.2855765871448218,0.928071338160301
1253,0.5737085751884374,0.34942372930924426,0.5822383435046767,0.43470127566286465,0.4338112154710879
1254,0.22244743812086368,0.350870688462961,0.6138022212339466,0.7669609240145048,0.22186238566480912
1255,0.1444829587635297,0.14492030816037638,0.1455333242478503,0.3506563952466329,0.353077245797107
1256,0.41889631377177866,0.3492867550136033,0.21993501802074653,0.6392888227494828,0.2189808818336815
1257,0.4140877854426529,0.351990583186319,0.20764175091758366,0.20563098044050332,0.20706855225917128
1258,0.42186214428320357,0.3508257853477516,0.28184298039619377,0.31322713331765367,0.31406012423819996
1259,0.4845463736977825,0.17449619400491442,0.48049939265726493,0.715073387051666,0.17592657556151398
1260,0.5815430345567222,0.351561277866867,0.5832752631552414,0.8753202704731743,0.27800050400792914
1261,0.5444930511971863,0.2808473986435823,0.6216757653406862,0.452227974258704,0.44905860505984724
1262,0.2179425582323092,0.3498516423128568,0.4857384637921996,0.21763850066039045,0.28043500950296363
1263,0.4205253675867145,0.3490277866822014,0.43409035890731784,0.3199072225715843,0.3201434510409674
1264,0.4242179531308546,0.35066929617105025,0.430310269389136,0.31012315572341553,0.310530094618125
1265,0.4281151310514054,0.35281860960250755,0.2804189462074929,0.6274261263177178,0.4389550340785101
1266,0.4876656435645125,0.3509820630371863,0.3589640915864048,0.35625519664589395,0.47945230852858595
1267,0.5801612945085808,0.351498868850549,0.5851834670631505,0.43581643639891504,0.4428731620633561
1268,0.5460662626753778,0.3469642277476674,0.3009832772623556,0.30013984583571995,0.30152075421273045
1269,0.21700061521105615,0.3557981317899242,0.49063189550973113,0.21922736024717165,0.7040391486044516
1270,0.4229681425074734,0.3507114141945181,0.4318051266093495,0.3191846262046544,0.3190909489495778
1271,0.42084910194402747,0.1742782487915536,0.1755519683796284,0.30853260419853573,0.31089044449752906
1272,0.2774569985441943,0.17579523524810622,0.43879550756390073,0.17238990372334675,0.42289111033172533
1273,0.48222199057525933,0.3478062816129864,0.47556848379607475,0.35690687293939094,0.35783684184903014
1274,0.5828087054369645,0.3510520298372006,0.5824435713027578,0.4349491292302387,0.43387753218042774
1275,0.26972472720405666,0.35120247283487377,0.6196422105214272,0.894369514311626,0.27295719732042
1276,0.43910492334626444,0.1749622673676711,0.4897928078412757,0.7122964361048915,0.17568838691939698
1277,0.42125660554260913,0.3504419955371187,0.27731562478857213,0.6390254977940726,0.4406190584325826
1278,0.4149001479762523,0.35220193066407746,0.4277692238985837,0.30668612988792265,0.31021162737636054
1279,0.21178549390575563,0.21138389525484036,0.4384090545211251,0.3516522605460916,0.28239560738068353
1280,0.48984575361674326,0.35335104234057035,0.4781159680479287,0.3580071793951603,0.3559107179294492
1281,0.27866998529467213,0.35437326006816916,0.7177545003175033,0.4374400728417427,0.43370665965135624
1282,0.5445634912048963,0.30145106219275775,0.6168420122208452,0.30119605372211716,0.3012092794897922
1283,0.436239828329151,0.1762515036580052,0.48888229647528497,0.7070443433877897,0.17586369763463156
1284,0.21150464103874694,0.3492061472261748,0.2786790363686831,0.6402938798869439,0.21020363211963675
1285,0.4189598152796426,0.34867126655476743,0.4295251849604911,0.3116597497219437,0.31345349228796826
1286,0.4226983018745143,0.3497384076567036,0.43753884664425213,0.31478668991841285,0.3136404890774519
1287,0.4838477812090817,0.35022997248010973,0.47643183950023654,0.35462499187466645,0.357645170370979
1288,0.586131998082686,0.3521351757767483,0.5863887766316974,0.43668046854834247,0.4411184301685248
1289,0.5427582663333093,0.34867703449112036,0.6176891296666377,0.45266234218320034,0.44992351410071035
1290,0.4338209295918251,0.1757505015684634,0.4117720597510824,0.706011440000066,0.17444005491820486
1291,0.41759181273053236,0.34932386464991805,0.43721406572343735,0.32034566059629,0.3221273192424448
1292,0.4142523417275192,0.34724978335230405,0.43349837099338656,0.31102254067998514,0.3098159674818824
1293,0.42248678698911374,0.3478769436323954,0.43879717900408605,0.31237750062101194,0.31392524011733436
1294,0.48452471705489597,0.3533929665091107,0.48658481761115174,0.35716427435321746,0.3562213664344584
1295,0.5824831359357904,0.351038197163761,0.5864849408323567,0.4389750878202028,0.4364456512423625
1296,0.546407504324525,0.34845572348410436,0.6211191194927603,0.9089316336998066,0.28083071085872446
1297,0.4377758593866041,0.34606295260388076,0.4945452847933766,0.3534509417403931,0.35184901181644895
1298,0.41901095558614654,0.3491055836390636,0.2809755659753067,0.3198458304257162,0.31862185180715086
1299,0.4182855085307155,0.34490495623938355,0.43462497689090923,0.3116999670523351,0.3111256366069253
1300,0.4249897262769037,0.35023769033756874,0.43473129793676546,0.31553480838876263,0.3144682467707903
1301,0.4848697073713243,0.3490563940482999,0.24046264816150065,0.7203192955712634,0.24058636262923366
1302,0.5816551321703998,0.3463601247283427,0.5827663001902608,0.43820085294062594,0.438587243524721
1303,0.5520085990506596,0.35260634725389234,0.6203632283496365,0.4501412825279049,0.44634019112169737
1304,0.438025212090154,0.3466171435870855,0.4881149825813195,0.35474183362821177,0.354865245086577
1305,0.4233413078000143,0.35330002439707253,0.43944709057897036,0.31833347986617144,0.3181708427269389
1306,0.4253884724753751,0.34689190818539256,0.4323498494620451,0.31166397394291295,0.30924748216666187
1307,0.42226888342253643,0.3436847979584326,0.43807041675699415,0.31342820904513596,0.3115267620155261
1308,0.47758609680490455,0.345084797564623,0.4785427952889291,0.3591880981437156,0.3577467730753712
1309,0.5711599024101403,0.17402381125433602,0.5838189957081228,0.17693845652987644,0.8776317046472932
1310,0.5396439194076194,0.17401333893963047,0.6214875485445354,0.9090994845531885,0.17574237585553096
1311,0.43674357280822645,0.17623716997659344,0.39788434468201256,0.7056150179232645,0.17761867632060002
1312,0.42421956462400195,0.3488933174456593,0.2888070476396918,0.2921790354776789,0.7595199271130745
1313,0.42033233639169515,0.34934385275908353,0.43767096987776305,0.3115223208879708,0.3104183528176181
1314,0.41892094648080713,0.17299784812720143,0.17507989019375741,0.3139963538027317,0.31352400218986604
1315,0.4843282917561057,0.34888235661598427,0.4756917278914028,0.2850803328953807,0.7157148061761953
1316,0.5752652521100411,0.3532615527485429,0.2968117291997226,0.8713175872103844,0.2896646403278888
1317,0.2720205805911052,0.3532027716874449,0.27287668525549724,0.45179902108319886,0.45025475623853417
1318,0.44016970582195974,0.35050117814584997,0.48769506326317463,0.3560041137060185,0.35098110049296893
1319,0.4183125363172406,0.17330425780474354,0.17709513288211653,0.31893419296940184,0.32146318820071046
1320,0.4244817096783024,0.17325758580329756,0.17458325383142131,0.618580881618652,0.43777458719767104
1321,0.20995031954054522,0.2124698523255512,0.4346628727402849,0.31254925281646095,0.31374513775536716
1322,0.486323337039699,0.35189999424474705,0.24013092599458966,0.7219938600603353,0.23872973202779604
1323,0.5802325451031558,0.34971518391939826,0.5857762266195737,0.4374167878421633,0.4303536169895982
1324,0.18283796181387169,0.18245777280729444,0.18157834561600805,0.9035173553887106,0.2800916036872687
1325,0.21741738073717368,0.21841929752177125,0.487335208472064,0.708828437141686,0.34697555581078904
1326,0.4191256952718849,0.35277392368552674,0.4381533322653818,0.3175482896532134,0.3194817215546564
1327,0.21583010581686854,0.3484366493526587,0.21591551399800415,0.3115128545807307,0.3085521792451589
1328,0.42067745206234497,0.35506686772361373,0.43960541662193486,0.3155304333620259,0.31364912402420564
1329,0.48336637834957774,0.34784711905671917,0.4810869971655949,0.35657642338663,0.35753080132533577
1330,0.5765771845206048,0.34718245405301895,0.5896078742579186,0.8701223383580607,0.28206559884522575
1331,0.5472433183851083,0.34977031625793276,0.6210538152580349,0.9076415782780407,0.27776222578849413
1332,0.4383968837255774,0.34899862834862705,0.23555589539243615,0.23424825210164157,0.23572924489547645
1333,0.4202642519552853,0.35111595205411944,0.4455752021751327,0.31833494852977057,0.31816383175799356
1334,0.41458929676536194,0.3504023113812272,0.43457800601031416,0.6266006442924552,0.28046838304164534
1335,0.4259299610805571,0.1465526329108822,0.14587271518463027,0.14700893019634112,0.6302077262521273
1336,0.48565006301533853,0.35358141248538366,0.4798511807925883,0.35931080002765886,0.3577421957586212
1337,0.5794537637422893,0.34794360237720573,0.5841340610196704,0.43735172531667754,0.4338270176259638
1338,0.272849408198292,0.6152397135177222,0.27425300101893424,0.4495323890147633,0.4500912307667117
1339,0.21721503936734995,0.3465354771008748,0.21733782508733343,0.35585244158482177,0.3549114613253007
1340,0.4170451885293481,0.3520605210052117,0.4388943954305907,0.31791545437382485,0.31821104478903034
1341,0.2096243383728268,0.3484952196994963,0.43320305074948695,0.2081490577024853,0.6235602196946171
1342,0.4188049693617962,0.3142199393326405,0.43471005948264996,0.3150328387604911,0.3498615489165883
1343,0.4844855667918582,0.347616735997663,0.47894349842962713,0.3551318188884788,0.3581308416838089
1344,0.28841251341547447,0.1768159997469589,0.589125630850576,0.17662751084718814,0.2903303106553964
1345,0.547504892610868,0.3522178914635092,0.616522414119603,0.13902470589365518,0.14060115774509638
1346,0.4320389071977993,0.3509723790233215,0.23462136779612452,0.2343678623925599,0.23562628027576193
1347,0.4247354153914871,0.35328844443859303,0.4385449676308462,0.32135064428062277,0.3208793429230851
1348,0.41224632624973273,0.3475168638660784,0.4309474671987483,0.27811478176703847,0.6197958150213233
1349,0.4205338194529255,0.3475674368494897,0.4368588173846005,0.31342108759360615,0.3150554980541932
1350,0.48460472084104045,0.3470658570806487,0.4807035269456175,0.3591116622720875,0.3581489755693495
1351,0.5804054043619906,0.35083032833966593,0.5832325397272694,0.4353778691733042,0.43887972581066953
1352,0.5404880590029936,0.35183039118354,0.31186562927463873,0.9026293522363271,0.30792267643099885
1353,0.4364716739600691,0.17447430736987496,0.17364279881244682,0.3537346002529721,0.3563815524532504
1354,0.41630637738031673,0.34953511407263327,0.43785230607239467,0.6385497277141016,0.2770996237037719
1355,0.2099525720879407,0.6262046047194119,0.17532523932284788,0.1753762724551693,0.20943965516480795
1356,0.4211362964990748,0.6253693134982518,0.2197807228219595,0.21804069285679467,0.2784101186875582
1357,0.48055743345860213,0.35757882659612805,0.2425369466551157,0.2393696842955083,0.35757116418703855
1358,0.5821448216280338,0.28895496816919725,0.5854933040971759,0.29019109575126184,0.2940336458229588
1359,0.27453541425525635,0.44953969890552126,0.613897793711364,0.2719699758522586,0.44965377217787694
1360,0.1739368871874593,0.7091946649517853,0.48957371593700505,0.1744699865595163,0.43364573876727813
1361,0.41887352747770895,0.21297133395596166,0.4351228341901699,0.21459077725797612,0.21429487473890163
1362,0.41954434346555985,0.20622140490896357,0.43058906708275635,0.20863497156541802,0.2081367114172763
1363,0.42293758927816444,0.3130093124225117,0.4437818626851234,0.31256308611032513,0.3500429213165441
1364,0.4807985816198326,0.2773219965941609,0.4793434133763259,0.3575568985877594,0.35700775759317643
1365,0.5787833227091297,0.43893734269197177,0.585822751195467,0.4375370239591802,0.27768170235342593
1366,0.5428460788709262,0.3007193191763223,0.6201199162879062,0.3010061078022545,0.3025718685243542
1367,0.4392210953648365,0.35357637901189226,0.48983109042312784,0.27845300845173776,0.3523799067978236
1368,0.20972780443328756,0.21197081095771,0.440162560807075,0.3203193543947119,0.3219384541397934
1369,0.41848744095554297,0.35131058169882196,0.20665180162304078,0.20641669461405035,0.20718188660737638
1370,0.42021568664377074,0.21066684890196494,0.43845359904276676,0.21097833106057537,0.20964710442055046
1371,0.4819415210613261,0.2389863102405372,0.47699970044310935,0.2417252911656348,0.23873478785381833
1372,0.19264368612134253,0.43290137682558916,0.1911643256093595,0.1930185216018819,0.4342535712382383
1373,0.5449745542920037,0.30170675982768125,0.2784907352209368,0.2990593978642422,0.3007604380079349
1374,0.4383662340485392,0.353266257315391,0.49154203895418036,0.3496877048523196,0.35272914047882736
1375,0.21138906261602938,0.3207222357402513,0.4341618341974967,0.3189786296352754,0.20929023715151607
1376,0.2108449934074479,0.21030871658914002,0.43237042636785866,0.2802864317603742,0.6241222401488387
1377,0.4214224465172813,0.2096920690026466,0.4395154419265068,0.2099354311263267,0.2090651033939173
1378,0.24366163970738913,0.3547462924301065,0.4819196832655208,0.3577776879581459,0.24226388033811497
1379,0.5782041537988366,0.4357241392895428,0.5948506608060228,0.4393028604318757,0.28148284812066365
1380,0.5438697468214025,0.4535143516648879,0.3078915970124194,0.3109678061497889,0.450970108256743
1381,0.43459926017178313,0.3531364149867861,0.4905253509291218,0.3548890234653913,0.34817160556644666
1382,0.4197169839237213,0.3199884113103281,0.21698883565531132,0.3192759857609427,0.2189694330347574
1383,0.4216428158876616,0.6256162343390118,0.2184622198411094,0.28257627834116394,0.21810276876052373
1384,0.42347170173309306,0.2095910112486895,0.2078450398233327,0.20904324895035606,0.2839773380378004
1385,0.4844404301981513,0.23887108110661995,0.4807070383452779,0.24126721226952955,0.23895701255349347
1386,0.5823349262886887,0.4390300344644703,0.5852437807206045,0.2786748412509999,0.43808799450473807
1387,0.5433661608739745,0.44905081531111746,0.6145360377490781,0.27874091785938215,0.4521043465624169
1388,0.4376611402924261,0.24375359710421524,0.24469648676530242,0.35273138190401965,0.3531975156753066
1389,0.21029352782916977,0.20872641162965974,0.21853216879349044,0.63809828452395,0.22063570894784282
1390,0.1388755830681602,0.3096700142401909,0.1393669384409445,0.13957996849864712,0.31094185687101294
1391,0.42110949205938153,0.31419744779094355,0.21868325585681792,0.21752887795372342,0.3153344726048002
1392,0.2763278622466818,0.23686333703846105,0.4833339373334708,0.23668678536409224,0.23933558286612558
1393,0.29178503428091057,0.29293058548454964,0.28821577904214724,0.8710585152424165,0.2918555138488622
1394,0.5490585887601744,0.301596092142805,0.6203646569800091,0.30155280654050404,0.3006425774381088
1395,0.4345889414770495,0.2365917512011417,0.4872120439357412,0.23684062299722228,0.23617736072629192
1396,0.4230691247471647,0.31708793603858226,0.21961278751542104,0.21867494027994044,0.3194087117948344
1397,0.4184693068149288,0.20653915440305684,0.4292080304054317,0.20734960659602356,0.20653727472670083
1398,0.6197596241339769,0.2885659663223993,0.6109178568293623,0.2878616112189818,0.2901243157997152
1399,0.48007503523062933,0.35742869766289603,0.48113501430243016,0.35946061423452247,0.3482068685519943
1400,0.5801172482557165,0.17356003731130895,0.17559111360353682,0.17356107812227328,0.17470115912008297
1401,0.270736371716071,0.3826848439631219,0.27468700549066655,0.2801377348190682,0.3849444758382915
1402,0.4372186838234127,0.35023139906584483,0.4858663041656425,0.35211238444008286,0.3511476398863996
1403,0.4228504933176428,0.3189244365814406,0.43788043017448564,0.3182245993010995,0.35433863362427853
1404,0.41882721578091786,0.3111344561078853,0.43554414851851575,0.3493828336563783,0.3112868275427164
1405,0.4262588447760447,0.31158266450568717,0.4383475534726121,0.31513274302620675,0.2780870742040232
1406,0.49197447160521124,0.35453571944944656,0.4860129938575868,0.35730406294309464,0.348990658106764
1407,0.5814250251251729,0.3486019156994545,0.5879134634611793,0.4376368819429717,0.4334776502808985
1408,0.2732515083766291,0.45002390901149947,0.6163619814038601,0.44932761955188655,0.27023702649189346
1409,0.43631231237127505,0.13969822421826808,0.4896033416423413,0.7046737331566497,0.14063789897276813
1410,0.41432478819530233,0.322521281869268,0.44103596731978034,0.31902539764561705,0.35359403054070476
1411,0.417538641034044,0.30872016065105323,0.2141354028161759,0.3114734856016633,0.21849260097980788
1412,0.42581415354246094,0.2791301936145932,0.4400144843474128,0.2809152012128681,0.27687443600301015
1413,0.48350495421181816,0.26378939317732886,0.47928126171401514,0.34992114756279613,0.2617743776258828
1414,0.5859467794042312,0.2924201267831258,0.579132225577697,0.29061799358771545,0.29212782600830833
1415,0.27240925567147145,0.8962014701700777,0.3113543457705501,0.2713507005218785,0.31124423572858123
1416,0.4362433032240319,0.23469315535308186,0.49045767126696665,0.23387872641135374,0.23617697703994242
1417,0.2827290386677769,0.6446477767596462,0.22063963776814036,0.2209340312599715,0.3484510693740805
1418,0.4200449795139416,0.20775272198372488,0.4353017827225145,0.2067003747879157,0.20693359056882188
1419,0.4188834713615496,0.2086421463214544,0.4345849611943614,0.21002267216046824,0.20964338813749092
1420,0.4783000890613876,0.23964879906330996,0.6020993408163332,0.23780794384033702,0.23537580634587252
1421,0.5789081548015406,0.2920474671661914,0.5891906006868213,0.29249104366280115,0.29020776149129823
1422,0.5470255300003923,0.4523609810336696,0.61300434164877,0.44919188299402835,0.34864565709354994
1423,0.4325045755349364,0.2344329028647083,0.4848853382023722,0.2341229836295201,0.23469246382018982
1424,0.4229722511129307,0.2676905320555503,0.4369108397190092,0.2696505202619789,0.26869519377461837
1425,0.6018927303218959,0.4430372172793994,0.2852537003658685,0.4445415666037221,0.2821538953926955
1426,0.6302084148398294,0.20990546147260836,0.631755186785949,0.21149981760650052,0.21001198000728846
1427,0.0,0.0,0.0,0.0,0.0
1428,0.5841776753667206,0.34743099612618056,0.7662628098415849,0.4376826931791446,0.43942328181009893
1429,0.54546652103134,0.4540690066442562,0.618223598857519,0.45255945299580635,0.34576584210284195
1430,0.44006363922410546,0.23575428795919062,0.48837349823489506,0.2360950526905634,0.23568769210451226
1431,0.42344912568153925,0.2132519008682954,0.2772759935325504,0.2112630304528577,0.21327655768768713
1432,0.41681031769998045,0.20624796782985036,0.35123124108364023,0.20714846048963295,0.20592206918126985
1433,0.5743331693294285,0.25544904040903393,0.5652610420689073,0.2538394087797613,0.2566909612538976
1434,0.4815763330306006,0.23788618483856994,0.4768779581396556,0.23919804467940473,0.2381755498475433
1435,0.575730017701862,0.43622509463360887,0.5874579223540312,0.43918046223138285,0.35270220871597047
1436,0.5478750142207459,0.4526621384399866,0.6167395480322265,0.4509286479059475,0.3493408251536203
1437,0.43340930304667913,0.3529297545383871,0.34724844928710086,0.4834653236964575,0.35522092533197114
1438,0.41707856373961677,0.2121882403211914,0.4424069893217023,0.21210807155890976,0.2118481155851583
1439,0.2074946590739885,0.31234552614655736,0.43484176505500877,0.2104858230547994,0.31330370271403263
1440,0.14437029293250095,0.31282245957693333,0.14580822099866372,0.3138907466226542,0.14545533332975738
1441,0.48912732848351964,0.1620169128173764,0.16118730406665552,0.7162074625418617,0.15827535401842652
1442,0.5761166939384199,0.21839673459623304,0.2190125979457833,0.21932615302187497,0.21936630125421194
1443,0.5450283915635753,0.4526732980711937,0.3116240190010429,0.45039286043827853,0.30901537565041876
1444,0.4310661480164894,0.3502255666934552,0.24155022947547775,0.35351233684679295,0.24351003542518448
1445,0.42180159747282325,0.31995578865914925,0.4389239496575287,0.3202964140838683,0.2786036538668891
1446,0.41613783536523935,0.31038576564949616,0.2783260515760051,0.31235816637805813,0.3505132297553552
1447,0.4246866123495556,0.2102405018891218,0.4353096541219435,0.2084879335822344,0.2095443834451476
1448,0.4861555514083246,0.3561109434480804,0.4793485983615492,0.3585551308038838,0.27798738288717256
1449,0.578197868255625,0.2918115900474993,0.5851334466397831,0.2920866429213726,0.2918783703205701
1450,0.5433312358802327,0.300522111327699,0.6179445848286916,0.30035391986817545,0.30043820379268843
1451,0.43859455116042545,0.7056150627141234,0.4857957594853787,0.2825254814995399,0.35228094071659843
1452,0.4185253471856586,0.2119135647582555,0.43784597237906864,0.21253902284818948,0.21244632737253785
1453,0.4130796742304703,0.3082004071139704,0.43529854640121896,0.3106601778693272,0.28086306800779215
1454,0.4179582173779384,0.31353652040101004,0.21894720333052942,0.21644867327732822,0.31439131880051474
1455,0.24162470649357035,0.3581918162754268,0.4786845879181744,0.35579421472129846,0.24172181418662203
1456,0.5749920477642826,0.43436339732265233,0.5866264402203919,0.3490934024953829,0.4325236946150307
1457,0.27021641635702554,0.4489318174409189,0.6139817054136818,0.2733978841215489,0.4486183737328151
1458,0.21848521086891234,0.35522379110484625,0.4818493109899489,0.35105094597390557,0.2174778405266298
1459,0.41714238165135475,0.6330686362001426,0.43936558235766826,0.17425520034120334,0.17511336681847056
1460,0.41899945436743347,0.309885845211807,0.27771935983809215,0.31023466731033567,0.3517672665328081
1461,0.42144197763555596,0.20752338135657564,0.4371278849758007,0.20971161605342584,0.20997317754505998
1462,0.4847988657468335,0.7142131073697241,0.241256025120784,0.349416221530077,0.24015126234170703
1463,0.5850512425374472,0.5793130857468372,0.43303995218498553,0.43609820041960684,0.3515795837514067
1464,0.7243037866265655,0.4505648661373358,0.6265093180125412,0.4513446412331888,0.35282892328248033
1465,0.27140538808425246,0.35209085141345725,0.2815867178593356,0.35692936490428984,0.34820929183653987
1466,0.4195576163784451,0.21469050507078735,0.4410628393946312,0.21068986546310645,0.21168717508489976
1467,0.42680953487102946,0.3113111131574946,0.4367826177688755,0.34963946398415136,0.30975828561308866
1468,0.21372627097499136,0.21184399545270405,0.439730441660791,0.2821516758450298,0.62796376876139
1469,0.4881103890681125,0.23816423212717389,0.47834962654602287,0.23986901045710762,0.23932123718029677
1470,0.5807338708028182,0.3454739323168865,0.5873758298387382,0.3449417615180831,0.2852107069034262
1471,0.5470315537846081,0.44966761608456174,0.34617773011365305,0.45369136031315616,0.6191540626725293
1472,0.21849715069363693,0.35191136771076453,0.2197868417247492,0.27759451906884874,0.3534252995298565
1473,0.4196569145874388,0.21408227100301166,0.44366145601556756,0.2136140187386786,0.21263038518432506
1474,0.20914663357082136,0.31238263746499323,0.4290195529376025,0.2090132376502787,0.30937938064266224
1475,0.4238759793732017,0.20679816042940202,0.4385181770791427,0.2091473415631704,0.20976510837081416
1476,0.4875948903398956,0.35693881569376135,0.48020737647189654,0.35806782747375504,0.35044947603254134
1477,0.5813604931778354,0.2897966401316712,0.5923275995250153,0.2896333541572716,0.2909766122774669
1478,0.1817806200445771,0.45013599852356767,0.1820588269443899,0.45023942852469856,0.18250318384746697
1479,0.43345689915113145,0.3502223710797878,0.24438059725951827,0.3546955879170591,0.2428483453445878
1480,0.42189056915900475,0.31913921760567276,0.4341542174525784,0.3180138342058266,0.34721183611280093
1481,0.4171329737907167,0.20679612562310246,0.4303566999944378,0.20595914233368492,0.20668591379772958
1482,0.4220972889360965,0.3142394033600181,0.21512819069303074,0.31310328317837993,0.21752598647193755
1483,0.48750476866410364,0.23749753547355845,0.47907733388092233,0.23726545955772893,0.23921666613951853
1484,0.57670978580251,0.2911854657461191,0.5840229770956304,0.2901886684635013,0.29057697128937976
1485,0.547066515664469,0.44940389959789645,0.3097891112657259,0.3127209943513634,0.4486233181230894
1486,0.4350092053703572,0.23588691128090103,0.4902504065123437,0.23687619335610874,0.23516328506707154
1487,0.41819227021558564,0.2123109079309813,0.43331046894382264,0.21442683818851702,0.212690300280627
1488,0.4153756884593346,0.17583509251015986,0.4346651481860394,0.174800267565897,0.6277407773931587
1489,0.4253789005161645,0.3122476392635252,0.43694268906708633,0.31409195782287913,0.2784631684693751
1490,0.24282075708967266,0.35701058579821754,0.47970970536329127,0.3564511014754004,0.24122381468858048
1491,0.28966508635355853,0.43557390367118937,0.5890251124411122,0.2884874300723686,0.4387085519598164
1492,0.547661877036771,0.45299960355285407,0.617875640924902,0.4531804326410171,0.3499587307325986
1493,0.21722341521235727,0.2833913560459748,0.4888098078308349,0.7025719311544866,0.215011505310418
1494,0.4229964568835158,0.31829658748387496,0.4381765395310523,0.3197986799758098,0.3509693525230176
1495,0.3110566937241929,0.309372161249576,0.17271626704432438,0.41318965898575255,0.17582330424672074
1496,0.2100208231326752,0.21059990715095403,0.4404631422336503,0.21029759581521668,0.35218583072940884
1497,0.48107287863330617,0.35856434786191094,0.47662882001322016,0.2859776643125736,0.35746195879314324
1498,0.5826255627564078,0.4381672395048379,0.5860508275294328,0.4382877390261006,0.34842968192539575
1499,0.5453816067243166,0.4520083366076284,0.31100905779341487,0.4508818598486862,0.3084290844097029
1500,0.43694103930174816,0.3521444059325965,0.48591069285638017,0.3509504259518232,0.34942701197167514
1501,0.41976089557731805,0.21490010514541388,0.43655411795476384,0.21406053623461394,0.2147749172782276
1502,0.41758861972173184,0.2087717976590385,0.4347607645200765,0.20987164639495007,0.20623160009119293
1503,0.42298667069523094,0.2099581569133858,0.4422544838505923,0.2097170088001158,0.2090237693149041
1504,0.4860717709672351,0.1789549305681177,0.17935256976146813,0.17875128621561626,0.17904645366618818
1505,0.5831704897608541,0.29174414503139307,0.29201000918293024,0.5840302417150006,0.29148060209326426
1506,0.541039208237794,0.4487282332036096,0.30914297912697103,0.31139463472273377,0.4502438648810153
1507,0.4387061678503611,0.23648840672959137,0.48302857238457386,0.23529778729972886,0.2345544095895631
1508,0.4219386246543074,0.21082373226720208,0.43877224641421675,0.21141300108813174,0.21353279129349612
1509,0.4190915842733532,0.20849474469970974,0.20807594976837565,0.20824673717994965,0.27883286479646646
1510,0.4261629395101769,0.2805334235223855,0.4344497200926999,0.314081497150996,0.3158215218672466
1511,0.48024888959489437,0.23756254884469932,0.482013175610018,0.2402860799287513,0.2379611624045833
1512,0.577853659979751,0.43748279703053705,0.5851462118239321,0.43399603625029015,0.2811598568281509
1513,0.5484551690218735,0.4524075341679514,0.6190691413027013,0.45176135158746683,0.350585861923833
1514,0.4350090675625069,0.3563204400855896,0.34780745801355223,0.3518606617035902,0.4885446121157195
1515,0.4175971160104638,0.14615252109286356,0.14770377207417937,0.6469698255551938,0.1468822905872356
1516,0.4190019980771518,0.20682765864322236,0.3108009346520218,0.2068926344301486,0.2082307689355234
1517,0.4216254991927229,0.20940190139345183,0.35217915729705274,0.2107026714613093,0.20953329087689346
1518,0.4794051799784447,0.3527605601584706,0.47997795547874406,0.35607932648910257,0.2785438151859368
1519,0.5808328326020433,0.29242938092293774,0.5851036877731914,0.2910511287695819,0.2937369952548438
1520,0.54719601947999,0.45413233169522305,0.6230052386033599,0.2801943977374814,0.45303709086233207
1521,0.43752356127166686,0.35134367443930586,0.4908002971560247,0.34984647034941624,0.28173810376390707
1522,0.418750642115769,0.31798229473336587,0.21953277558938114,0.3181568546743703,0.22024260608727814
1523,0.42229483830054637,0.20904370364018557,0.43035136156127995,0.2080651891749726,0.2074058330556465
1524,0.4210322301895326,0.31274760326926926,0.22023057698667295,0.3146122374555666,0.2201452247038485
1525,0.47850632108939717,0.2390028650363267,0.3509825307183594,0.24029117383034612,0.23718142737482742
1526,0.2916716825683304,0.8738921944555806,0.2930641010180164,0.29365835344527236,0.28748875357854253
1527,0.5427311538259303,0.29649082395876963,0.6160449077315221,0.30028743642621986,0.30063706560934994
1528,0.21819452036710893,0.35110102826647016,0.49011097262275494,0.35313493718623823,0.2188862919991384
1529,0.21930715800161188,0.3202857904078522,0.22046533177020347,0.3169682918267277,0.4157650389992212
1530,0.42291228258354335,0.3499282544129976,0.43561908233823815,0.3113566852711464,0.30966816089070687
1531,0.2101062991920555,0.21083282213745214,0.2127068048659463,0.20917799976127474,0.20931246533866196
1532,0.24141875099772825,0.3584021685942055,0.24187226024450917,0.3564528750681833,0.4818576427725753
1533,0.29102610930324885,0.8716602607459037,0.5835073665147233,0.28705910765771087,0.2765665177863821
1534,0.27076629199680413,0.30338231131045956,0.2728280892858677,0.29824647720753733,0.30349355545163836
1535,0.44070446695910287,0.2366946148550668,0.48629675159796437,0.2359408151986395,0.2344576530597505
1536,0.4168720480773975,0.3219258380536698,0.44069648209169193,0.3194334718107733,0.34537581497022146
1537,0.4192245705786785,0.20710459038746187,0.4288222245522212,0.20703559295827598,0.20730853841340044
1538,0.4198440166345359,0.31504219047085363,0.4370497179527634,0.3484405536445949,0.31423738117037275
1539,0.48239425277419334,0.3586482030035729,0.47656679518054074,0.27835113224041047,0.35777647348325425
1540,0.5823112629146254,0.29330852308553873,0.5937065238555421,0.28994799181158876,0.2908493391989793
1541,0.5495651584273832,0.4545995628204275,0.6219399680094991,0.45160426022680245,0.2759559019803538
1542,0.43782831121944604,0.3523376621426859,0.49407952736228655,0.2799169617371077,0.35432405300697134
1543,0.21065224353704404,0.6396174540894352,0.43905775448107426,0.2071309411248129,0.28189181420013154
1544,0.4221878441033489,0.31139670199024627,0.2132056893089836,0.30774726278793885,0.2191806966211743
1545,0.4214156110874466,0.6292890409751843,0.13865188470532744,0.4373103183526633,0.14009820248365934
1546,0.48807967626153886,0.35709199751734316,0.2810251460225615,0.3480781876530396,0.35900542257974966
1547,0.5794026805728053,0.43800054270513705,0.293593048103545,0.43778301712469087,0.2949626705310676
1548,0.5436936301261475,0.22641629771175664,0.22544935668802496,0.22452645554583084,0.22663073348079452
1549,0.43895453744584423,0.23679682516759515,0.23517660277100008,0.23575217001625395,0.35007745183242395
1550,0.21019510208671424,0.21274582105003814,0.20986075787445135,0.21296820897528956,0.211857543424367
1551,0.4179669375727222,0.20701976920145723,0.43341915784765317,0.20760852349957445,0.20719511165065843
1552,0.4233909769768373,0.2088677061731081,0.4357694308498569,0.20958611973329655,0.2076381086755551
1553,0.4833628672368079,0.23841945763080585,0.4776770535395407,0.2383583036352559,0.23868645189273238
1554,0.5766735670079015,0.2934044226648118,0.5807729494883974,0.29016103967496365,0.2898345160262046
1555,0.5514297900089882,0.4516844350539543,0.30890942468907745,0.45549217635081063,0.3105399810922712
1556,0.5238362681944877,0.35519578745924973,0.24332998579751008,0.2429394082447972,0.35210713349810185
1557,0.418237584545283,0.21386885653984813,0.4386424417259964,0.21216935416916397,0.2132083134752337
1558,0.13867000594558052,0.6254291853561279,0.43639390836728364,0.139705432946277,0.35011800648654373
1559,0.2116019407259389,0.631586811842982,0.22014333220572727,0.21189111353116988,0.21690091688955382
1560,0.4854051292591976,0.23937644321287124,0.3487752478137509,0.23969236441745867,0.23852851583379853
1561,0.2909592693443353,0.438104526434466,0.2773139946047327,0.43530830706890433,0.2907928537349673
1562,0.5429435884479955,0.45001843927053253,0.3118046421901493,0.4513104169809648,0.30907007784584317
1563,0.21731172233783186,0.3548633917709907,0.4868858070599251,0.3533178169497616,0.21729576569130551
1564,0.41948300079657774,0.320109570298422,0.4402469950346391,0.3206912723365762,0.28280715285276675
1565,0.423132581908477,0.6231410813954653,0.21581746998944595,0.3528395675472851,0.2159679203550098
1566,0.4215612806254562,0.3140817919637879,0.2187848391460363,0.3128055054952677,0.2162663119109469
1567,0.482776352681587,0.7158341698344118,0.23946231856824726,0.23860960632493677,0.2787524554994323
1568,0.5819990322987872,0.4361778058470065,0.2926823573255421,0.43545996639611906,0.2880700539450169
1569,0.5418913436793943,0.44926542613125225,0.6209000963480115,0.27762111853685306,0.4457941364145105
1570,0.435293115010504,0.35224192020167805,0.48509570187177736,0.3495658991064789,0.3524949056789583
1571,0.41781539199510326,0.3200670462158292,0.21752116540738559,0.21685508979409543,0.31558410435922124
1572,0.4183652047268657,0.21009169692500215,0.4334673850448136,0.2088020511667794,0.2070933633096498
1573,0.42197961696488373,0.20964640323209316,0.435265173367301,0.21067899026659717,0.2093537538575834
1574,0.48111412437088114,0.23816881953133842,0.48134546638197384,0.23863559145221525,0.23807694110941194
1575,0.5782721293776387,0.2929752647754659,0.29477796711257354,0.2744484778403441,0.8654170086796343
1576,0.5426943602739225,0.4519847852275264,0.6233408873750776,0.35362747865280947,0.4497634948018704
1577,0.43512267815590017,0.2357363329794887,0.48854655646175915,0.23543577272284108,0.23600688642921422
1578,0.4210818742471903,0.3777575952469745,0.4374900428945207,0.38014796656196065,0.2785631011051547
1579,0.20844373830660468,0.20872421428155094,0.43368386838073497,0.2072037022049189,0.3471895107677772
1580,0.20949995521099715,0.2065570862109046,0.21054488728440102,0.20972139946506185,0.2079427944900206
1581,0.4864122146203327,0.23660959995392464,0.3530520999032943,0.23763157205006072,0.23848117734290422
1582,0.584095839204832,0.43703528121000285,0.5901947357001619,0.2823552224415147,0.434871814904734
1583,0.2708897840302209,0.4519701525405157,0.6148828615135362,0.454085522525691,0.2703149924365259
1584,0.43939756445658706,0.2800277456936759,0.4890695583133318,0.3527066963445981,0.35450451616070305
1585,0.41389078166320353,0.31722607484281873,0.4385899751419928,0.319957666816559,0.2798672910709107
1586,0.2808331047592341,0.2601421375723487,0.4354629432386186,0.2590975896443723,0.2609687224176198
1587,0.4184195089357166,0.31321198489445756,0.4407607864737413,0.31557298890876634,0.2847892491372603
1588,0.23954599510269792,0.35750218264080735,0.482877187025097,0.35525451814049447,0.2421916698973715
1589,0.5801547049120339,0.29262555554295644,0.5798500779864708,0.2915518908714099,0.29238736751727995
1590,0.5444962059202347,0.299427399269586,0.6191016919373584,0.3012292580462226,0.30098697812962666
1591,0.437552531378034,0.3514904542182926,0.4935442928807962,0.3530633324784112,0.35023574820810344
1592,0.4176477825304055,0.21382365300157272,0.43926745320287375,0.21354607664356098,0.21419087187741367
1593,0.4197730015332158,0.20856426330954647,0.43240125804121454,0.20630067368864988,0.2087238657866556
1594,0.42217881642796157,0.3131890535596104,0.4353054786404837,0.31367332148093163,0.3492332658679643
1595,0.4837205244513963,0.3589996813796134,0.48131865809048613,0.3579469735321684,0.2759596992550398
1596,0.5818590893229902,0.43767373292561174,0.5881866850101225,0.4359620071148934,0.2798437746376336
1597,0.5434002920478773,0.3513268183777732,0.5313842313418834,0.44860527527043514,0.45440782598675317
1598,0.21930921566639042,0.7072766903687843,0.24366938188649725,0.21895471158336124,0.24494068397636784
1599,0.4204553590371402,0.2148631106955052,0.8917613788406163,0.21513287190301264,0.21470580029626427
1600,0.4152414920894736,0.2060876346164252,0.3093543186457371,0.2062969877115498,0.2074971630970576
1601,0.2111881310532594,0.3171251860422896,0.21380084389481496,0.3179500141513117,0.2829639344256733
1602,0.48460430998592396,0.23804545929413626,0.4798387308806763,0.23811204475659298,0.23860362607393718
1603,0.5775072427060871,0.2913165666995932,0.5929328845420813,0.29131618330416953,0.2902983147271508
1604,0.5483419255301958,0.4538814191332478,0.6228749711012711,0.4505692736422232,0.3503180130380248
1605,0.2186350391521729,0.35668766473176533,0.4918533282393378,0.2179466517244113,0.35238376441685104
1606,0.4198720346762145,0.3161739167580348,0.43753063258256,0.319173484204006,0.2812452142569069
1607,0.42372659782492456,0.20650950878762261,0.2050969928547277,0.20761121509006963,0.28032888662242256
1608,0.4251309044128043,0.2079943072437389,0.4387509581828263,0.21142691301610136,0.20995231745258638
1609,0.47915818214354444,0.3541932116396446,0.4803663157532683,0.35719881966324873,0.280985848288077
1610,0.2204205521202698,0.2184191742194788,0.5900646371457757,0.21734691782525142,0.2191740180922596
1611,0.5384438963393975,0.44959118666166226,0.2778194198459698,0.4487940716230241,0.34952997047001555
1612,0.23469254451199903,0.23509940586497682,0.24238612748928295,0.23889480658445286,0.24493404888881096
1613,0.42106704842470166,0.6379296681488948,0.21867285363402475,0.2764517719896512,0.22000250357480647
1614,0.4194712342459966,0.3126292558958886,0.42908277389177324,0.31020166299572766,0.34902004677035126
1615,0.21216762683803322,0.31365826199219127,0.43819987311010866,0.31120362943280094,0.21244225904924544
1616,0.48561847420446175,0.35810512791511395,0.48414356457601326,0.3601644665689627,0.3498009639185064
1617,0.8323352294309964,0.5812845055018091,0.7714758690424811,0.34671051458141144,0.5873816912866311
1618,0.21837007337888423,0.3739185327590781,0.6218415216213315,0.22076882688274746,0.37533146843945353
1619,0.4376339221455039,0.1926305503399982,0.48565584190029554,0.19295504180575376,0.1926365631296588
1620,0.4205835494324433,0.21401740712075704,0.4418000081742088,0.21311737358734714,0.21336486963925339
1621,0.41479988043462557,0.20583138015508318,0.43018624647798,0.20886343618313408,0.20747486211332658
1622,0.425585019952635,0.20962162199761636,0.4349929223720692,0.2080677243295728,0.2088597131809793
1623,0.24050990813255185,0.23876232706894226,0.24098120837256365,0.23715510738596993,0.23764444085322678
1624,0.5750734186306571,0.2915554040381284,0.5867113930724953,0.29234465591953623,0.2931058024031222
1625,0.2736852522067286,0.4470231539953683,0.6194750386132025,0.27373535407136995,0.449018276224393
1626,0.21698718536718753,0.23497038482582458,0.21769987349989317,0.23719116836612206,0.23370415174521197
1627,0.42197316589541917,0.21358037340969602,0.442931047975372,0.21267403002246274,0.21167065226968376
1628,0.41461190685214483,0.27884171684835285,0.43220626933634776,0.3120941024264548,0.3112275268712372
1629,0.21506607777218428,0.44057207274612575,0.2114477648448994,0.3153282807564511,0.31320393268655516
1630,0.24143716340465404,0.7204753847037809,0.34697707748668144,0.24348662956842895,0.27999833191450474
1631,0.5794230753927495,0.4376137516856875,0.2927466333399328,0.43578552978685814,0.29095364116915245
1632,0.5382276401771793,0.4517812275619149,0.3093084898417703,0.44796996809350226,0.30934304303612997
1633,0.21872683036354743,0.357824755476967,0.21872548758993318,0.278837794070398,0.3535190269560865
1634,0.4200870188608512,0.21185726409610114,0.43529598256958124,0.21285777013216614,0.21533784786820975
1635,0.41630938324526273,0.20637611298554281,0.34872479662808376,0.20646205763621814,0.20856499050011487
1636,0.42553563057265087,0.21100583328684872,0.4347916184438001,0.21037821920770317,0.2103949624832688
1637,0.48690093548762947,0.23912421100748626,0.4857815108876753,0.23832740486599216,0.2390035019162227
1638,0.5807850353089244,0.2914481321824998,0.5894159725825048,0.29156283296913593,0.2911234961783216
1639,0.547514598375434,0.4486560266333736,0.6226986491318989,0.4509664914755443,0.2761837257687447
1640,0.4337246307020158,0.3538522987502656,0.49006792937622534,0.3550343460209503,0.3511407755209487
1641,0.4207575575238848,0.3205722216443011,0.4340340554659172,0.3242909977644768,0.3503265702234854
1642,0.4189737980247615,0.20741887291394637,0.4319983705512188,0.20568760636253725,0.2068197951227274
1643,0.3140987795636529,0.21048892987121817,0.31599144910529725,0.2110190328564695,0.35024570113651127
1644,0.4846408711148359,0.24105914173220633,0.24167947482712449,0.3566313817456268,0.3554296671691634
1645,0.5817870082575449,0.4379215829317077,0.2939050147566176,0.4387368756977666,0.2921809088980623
1646,0.542282181850067,0.30068087903293145,0.6197993377924452,0.3001635627692367,0.30372217695627096
1647,0.4333410102677683,0.3555623910997244,0.4885720011176937,0.27911597241501657,0.35189762175469447
1648,0.4212950263319705,0.21232175974604403,0.4375873430261046,0.2126070399838875,0.21304675858375566
1649,0.41740025402290004,0.3134811153285862,0.280357243698919,0.31344830596748446,0.43172229645744215
1650,0.41879879713458296,0.20997372521263735,0.4397498412407316,0.20778459529132598,0.20877966579328247
1651,0.4830238605780407,0.7185283532605062,0.15953524014587842,0.16121230753101765,0.15964882664442281
1652,0.575725019082417,0.43454546018233814,0.5920694606680657,0.43725235809203855,0.3522515472521792
1653,0.5421795367012626,0.2994832347637684,0.6262839096389172,0.30111686767740126,0.3004363013962317
1654,0.43487293268506594,0.3543708744865622,0.4882296352261384,0.3494788651974354,0.3539280345922204
1655,0.4192450686497996,0.3188718720476639,0.43745949462245665,0.31729103010511017,0.35007125720607885
1656,0.4172589928447941,0.2063838985715801,0.43070569624769234,0.20778593367857176,0.20825121716791586
1657,0.4223651923048403,0.20882055238608266,0.4364464663161145,0.21054048224097285,0.21028119275758037
1658,0.4824442044429877,0.24053591832401428,0.24056780210644235,0.3589732557298296,0.3571848330807948
1659,0.29174332436242006,0.8797888919306145,0.2904917218589513,0.2910311129602385,0.293727806197488
1660,0.5458461658246446,0.45142654489650885,0.6201428577768126,0.35041179087351426,0.4500562695172069
1661,0.43293085417980265,0.23546409163937276,0.48606017703689114,0.23553870057727785,0.23594247930094478
1662,0.4160228432506316,0.21329015033396337,0.4339132973672825,0.21349638030064053,0.21194533754495126
1663,0.20900902430796592,0.20784141835103018,0.20854984107181132,0.2076385475334759,0.20767578690171573
1664,0.422086491996452,0.2106598152241653,0.43909242825961975,0.20857346681904898,0.20894022908412305
1665,0.48294751640242967,0.35832422703394096,0.48141995041972946,0.34876572291030383,0.3543090500897684
1666,0.582675130360287,0.2891532804678127,0.5848171801652224,0.28897041803168794,0.2913502556498015
1667,0.5495190222281345,0.3020542452035167,0.6152072044058413,0.298640833748357,0.3039430227257243
1668,0.43724975249757264,0.3522976661237295,0.48693453584148466,0.351689872150069,0.3520359683584906
1669,0.4203060302583863,0.3507449917731498,0.4380320380613508,0.2778159077261707,0.637969537334389
1670,0.4200964867198557,0.6176490512526805,0.42936680661024323,0.2795528196073976,0.34921680601206123
1671,0.42539343862269136,0.3148193942564755,0.43858376770935215,0.3141862001844364,0.35233143407057815
1672,0.48056470678243496,0.2396583144361882,0.4735423339469126,0.24078523812894434,0.2393026324168298
1673,0.579436647267676,0.28704899209077966,0.5862672827002523,0.28997998092685434,0.2905567161349723
1674,0.5480686508521337,0.4520017194352258,0.616724451065233,0.4465798516250423,0.2822137241521478
1675,0.44142349883690124,0.35362872238678617,0.48482726762136874,0.27779214780143435,0.3527014688619271
1676,0.4214784660046022,0.21279706707931498,0.21384155525098814,0.21279678867110396,0.3502862627319894
1677,0.41874125081354924,0.20684535340901175,0.43263894913368206,0.2082601879420313,0.20629431170705648
1678,0.42104211141123,0.313127462808998,0.44057455221689334,0.313686121394482,0.27915457048853
1679,0.48850678019076776,0.3574282934802189,0.47583827042555177,0.3582478440328546,0.2789522752859547
1680,0.5776441776956316,0.4339181691007737,0.292450685197448,0.4377884279153493,0.2931913721965011
1681,0.5399214786517766,0.30067895329265115,0.6218709165829868,0.303664865594782,0.29974517984030313
1682,0.14480471414050677,0.3515249424167685,0.1463930543549255,0.3532646758534033,0.145778490127613
1683,0.4175083450913304,0.25222245259020676,0.583496923288704,0.2536752161299869,0.25212655992603367
1684,0.41855011437754797,0.20846581786685373,0.2789593745995676,0.20706383803703785,0.2070411304186224
1685,0.4245348413300308,0.6246920897014842,0.2181734416802569,0.21845908785039128,0.3510825260045166
1686,0.48028055184407314,0.7154518812915399,0.17352030144393582,0.17473697409227712,0.4805183649803661
1687,0.5865571412708661,0.2917677501536381,0.5827528846863368,0.2902411469407648,0.28959870903394286
1688,0.5448348277221817,0.4495635469075007,0.6113192607634159,0.44918504088964056,0.28317034139817626
1689,0.43544089504022115,0.7038279098204463,0.24353609954657487,0.2843365777605154,0.24422153383373293
1690,0.4201263296377862,0.21235911775452462,0.4374755280324589,0.21111227068638652,0.21264416924064222
1691,0.42012031353112655,0.6234474229236974,0.4317689708071806,0.17484417690942033,0.17483051826941598
1692,0.21212308404513447,0.31185996450208553,0.44080877416371944,0.2111111523370245,0.3118921507395606
1693,0.4840109001690302,0.3586185295038513,0.48209244947629054,0.2772658201154004,0.3557798149656802
1694,0.5794225117196264,0.2934021067788483,0.5887111206838568,0.292781418908005,0.29296609985412764
1695,0.5477366481216253,0.44802171149209646,0.2795787028957656,0.4519450070447908,0.3464811527930216
1696,0.4410577227571071,0.23481969096715605,0.4866356706433556,0.2341207558045355,0.23635980246402696
1697,0.4207834116299506,0.32176874623238877,0.4389206411186771,0.3179185728071823,0.35009737898002924
1698,0.4235774302010148,0.20872113651675883,0.4338645213463123,0.2076054677199102,0.20850695303833344
1699,0.20845429115033445,0.313245364221863,0.43774749075291597,0.3147652389958096,0.21390664635924656
1700,0.48453008968178285,0.2396844100890593,0.23980323204420895,0.7118780480419356,0.3448767824400901
1701,0.5811061289580965,0.290721274821394,0.5842154782349827,0.2916432471645596,0.29319490603375936
1702,0.5463695986317163,0.3004996688211576,0.6205474691350087,0.30116978056250016,0.30040218083091946
1703,0.43666351015162713,0.35596440827939435,0.24204351724051817,0.24310956808228718,0.35490468116124224
1704,0.4164489462258641,0.1602092713874314,0.1608995963075042,0.16091034742859814,0.16034293861635648
1705,0.4206482659194794,0.2514259093317488,0.21521415829075974,0.25248642724672044,0.21561247752577312
1706,0.42524017220312255,0.3136351267499255,0.2816423686781296,0.31231905097669643,0.43772920543229915
1707,0.48643643821134014,0.3552997952835451,0.47640212756339434,0.35467931752553444,0.3533368193383609
1708,0.5802568872346601,0.8746943376809266,0.5893630854917594,0.349573814304492,0.2796286314329207
1709,0.5425155926413688,0.9060701312473012,0.3135130656341004,0.310732060121637,0.3494431490935467
1710,0.43700706029933767,0.23527956719613244,0.48950863341082324,0.23591104617072334,0.23331019665639519
1711,0.15993841980920967,0.15975774818280056,0.43960053800509435,0.15913378878504678,0.1606756809492241
1712,0.41898411414348913,0.20797870027106813,0.4311889964569087,0.2081182411735298,0.20813585966528003
1713,0.42499867636715455,0.31182093015962986,0.21884200044544605,0.3110776424090102,0.21734118158564006
1714,0.4869990308590238,0.23775093363437141,0.23779804721250616,0.2385710679000688,0.4805024350414794
1715,0.5815927661869452,0.28979330985021995,0.5881985167484699,0.29283843369705076,0.29019527124462957
1716,0.5498553788089998,0.44948819224044495,0.6189213815690683,0.2766129179663826,0.4513887039731371
1717,0.4344687342486237,0.353317929912972,0.2437458715272138,0.35446530127498577,0.2485238903100386
1718,0.20858921846675912,0.32069803018675547,0.440675528077422,0.31985419210141963,0.2090797279297376
1719,0.41660823845141726,0.20916515729825527,0.4307700838807806,0.20689883869221604,0.2072902985825175
1720,0.42485688019517176,0.3122025093276967,0.44091196430430923,0.2809305993837334,0.31269921351797425
1721,0.47714687244967535,0.23789827812350695,0.4769200154233347,0.23812619518000933,0.23777867346559708
1722,0.5859237161142774,0.289901809898297,0.5879879895406083,0.2923678698064575,0.2892971860573658
1723,0.54579788851751,0.2999734853586115,0.29982760290941907,0.30275742204797557,0.3508378943006312
1724,0.43450150543344035,0.35268226438622946,0.24354708429150537,0.24260334012158793,0.353894496796917
1725,0.42416866439052375,0.21317723630161325,0.4391657133823605,0.21435360155349112,0.21298871444058853
1726,0.21223733914278584,0.3095985924062782,0.4350668676762018,0.2108264072934699,0.3096956855575746
1727,0.42258686498162024,0.20965204894878076,0.438242097573053,0.20840649954184265,0.20877500895403053
1728,0.4897613948193456,0.23928233860210368,0.47942898972516723,0.2382022178433907,0.2389933908259739
1729,0.5818621803939034,0.4378945423423448,0.5848810900029555,0.3508892431370381,0.4395416315490483
1730,0.5505483766981959,0.3004307877413754,0.6299496113239089,0.2978438616177859,0.29973162637361744
1731,0.43558509709477167,0.3515620207975652,0.4886712985586191,0.35494770730393893,0.2812104080270377
1732,0.42108673068774927,0.21731268400984788,0.21724775841441787,0.3182131011094704,0.3195123971509078
1733,0.41692599292555144,0.20652186434948916,0.43362017888055265,0.20731639832145632,0.2062865669382218
1734,0.4200544932283027,0.20879705603450074,0.43531456263477697,0.21020138345902872,0.2080054556823112
1735,0.4860325503043811,0.23837772957122813,0.47721392366146215,0.23998605203991052,0.24028628913757777
1736,0.5828845755259946,0.19363010996519556,0.19539448289651395,0.8709438912986868,0.1946174245859865
1737,0.27443499762634094,0.4509919405566187,0.6203068667884974,0.45480786022840103,0.27241515239853764
1738,0.21964099827486636,0.21775669340424147,0.48985055067733,0.3565377350135257,0.3538705520207964
1739,0.42094229387093496,0.31929212464360457,0.4378821334557867,0.3181009870277499,0.3530041364142506
1740,0.4184808948443818,0.30945913794264174,0.21628314731234077,0.2159602786276195,0.3114479014832999
1741,0.42256176216188035,0.20946249218246915,0.4394867886134994,0.20919082790492302,0.20826536077953062
1742,0.48177510366427373,0.23969596939906687,0.4768181937667612,0.23792487102480728,0.2382427495393283
1743,0.29004073788904444,0.29253871146772464,0.292304216610642,0.29085970346892825,0.29163225142590404
1744,0.3017835738983462,0.30015568944421733,0.3081924911846681,0.30954329635175293,0.30231613010639485
1745,0.4379494790276843,0.3522912410993104,0.49059544473086053,0.3529961291433889,0.27934893991077303
1746,0.20760819542766676,0.27765290788413355,0.4329353797387175,0.6376498106298748,0.20982218436179756
1747,0.4137726850108362,0.13821825579937216,0.43218281025475275,0.6253176831852318,0.14131428342941452
1748,0.42653199888239374,0.2115550305832011,0.2839680528785306,0.20925732201130595,0.20801779055314137
1749,0.4832676632610873,0.23904449392002514,0.48393909407087,0.238095305876905,0.23862596759507013
1750,0.5799157498752106,0.29032118518129835,0.5870292094216745,0.29176059542321897,0.2899336188549797
1751,0.5448503145426039,0.29971126306955315,0.6172459733665326,0.30218327038407483,0.3002386071595043
1752,0.4358072410135681,0.23722700356653656,0.4858085874615011,0.23397194027129853,0.2340208911256171
1753,0.41324123620160363,0.2790878252883199,0.21940363798245455,0.6353681306674835,0.21811115537088854
1754,0.42039695026971113,0.31292479642344334,0.4322731034597441,0.31151251720843787,0.27935643307893776
1755,0.42354653845804197,0.20979434889348403,0.4393668137888988,0.20981686940014144,0.209519976062599
1756,0.48211617852441824,0.23943013908748498,0.48427453861919767,0.2403923668498803,0.239158729568246
1757,0.5803640088000183,0.29185110867016195,0.5848253238248982,0.2917212746359104,0.2891799944065782
1758,0.5456027444701359,0.30210127872007986,0.6186984498963801,0.2987912659638923,0.2964547576952165
1759,0.43259684280321375,0.3550468770076643,0.2439188677252084,0.3524905444523212,0.24261962382568536
1760,0.41492306953771335,0.21340644925835806,0.43601639047261653,0.21262141791422706,0.21183464941619787
1761,0.21127997453993244,0.3110639575231403,0.43258924541102417,0.31234887267310746,0.20961491531874524
1762,0.6208079764667017,0.3090151787585112,0.27899153891728246,0.3114600706831951,0.31152492724928194
1763,0.48150470641884385,0.2375620110559118,0.4784338280017258,0.23908097174354925,0.2378690725917294
1764,0.2884357298129387,0.34808422418286455,0.5848120461400876,0.6906674583253898,0.2890106420091091
1765,0.5494238382450622,0.34800039618689,0.4673303394849717,0.34706190543983306,0.2775784768379957
1766,0.4340282610131789,0.2363219781043305,0.4891835737286478,0.23758130155459353,0.23490126402805642
1767,0.4177649981321086,0.2133300507088227,0.43699842151361046,0.2120622677056878,0.21421641337684857
1768,0.4160938322350462,0.3100257827267706,0.21394723107172892,0.3103757437072075,0.2153756732096526
1769,0.2129118131705864,0.2814929314613278,0.4346531622775185,0.6322374909374261,0.21107050317561976
1770,0.4844356640242798,0.23796562339617366,0.47751780315642794,0.2376052069194645,0.23813652834721974
1771,0.5782776025817901,0.2185568602559075,0.21769493713658186,0.21901905445868722,0.2173005773847387
1772,0.5455042449364087,0.30235602547173246,0.6186750325285217,0.3017092669311806,0.3012080509090204
1773,0.43642622742213955,0.23648554258332047,0.49254063347872346,0.23361524979444911,0.23586050355395452
1774,0.41843813866144997,0.3194060026014778,0.44056136559649606,0.34695490718503125,0.31881878875172376
1775,0.41826683874684933,0.1537915275204396,0.15605757252003577,0.15534929150940066,0.15478697687436963
1776,0.42255214314675926,0.21090208370735705,0.43987072054345755,0.20870860078779574,0.21028489728991798
1777,0.48116707264887987,0.7253334746772003,0.15819731321935016,0.15888932561211191,0.16005732642916964
1778,0.5831324379324044,0.4328473831805679,0.5872836452374111,0.4360064441053382,0.3512717068719653
1779,0.5471152056664842,0.44901807676693484,0.6128763699251774,0.34917982791734453,0.4514872095521144
1780,0.437726608110883,0.3529106921725119,0.48659383637237436,0.3508520398182372,0.34862574473813923
1781,0.42023165575901944,0.28384163319979255,0.44016355314367156,0.31715560932905323,0.32106109698819846
1782,0.41703563467009164,0.2057036238991891,0.4330293503538277,0.2081533462278321,0.20779302739231478
1783,0.41717424842289785,0.35153842123750445,0.4364361415216923,0.3134622261282576,0.31504639949035307
1784,0.48253008740102626,0.3565998403583531,0.47796622679135975,0.35009217313556146,0.3540261138457703
1785,0.5761198504124193,0.2907281445907701,0.3470447943737791,0.28986058393746944,0.2908705562810407
1786,0.27162048183232756,0.4496805712823345,0.6161803816254016,0.2744940369476629,0.45023927030447614
1787,0.21729007990543628,0.23411678452014792,0.21761794277735422,0.23701931827032707,0.2359333311496181
1788,0.21193128000975475,0.31877565716732637,0.44014116749257565,0.31732170712144997,0.20826260311828812
1789,0.4197076995728121,0.28245510230778004,0.42854703150808177,0.41489071588161325,0.41617263471019955
1790,0.5916768092904179,0.31259970740287635,0.6204352652668721,0.31184994735995125,0.3129118550129136
1791,0.7639504457506527,0.9628593008880362,0.39753125761319,0.2826334411552346,0.3987700964252
1792,0.0,0.0,0.0,0.0,0.0
1793,0.5408904147699287,0.45299858115670405,0.3088809768162776,0.3092407545298891,0.4518632593557832
1794,0.4393321276331447,0.23491947155980852,0.4874511577034609,0.23301904591789455,0.23672850096478737
1795,0.4228362498980114,0.212548815135882,0.43760503715699317,0.2138155105724052,0.2110463893083857
1796,0.41858235640134767,0.20583624923930835,0.4342097341195373,0.2090835591642488,0.2067582093084344
1797,0.4270476118789745,0.6305082847633612,0.2172597976808194,0.21832287085374638,0.2838628741672789
1798,0.7337094595976592,0.4769081985756513,0.7023608064543662,0.48275639575271007,0.34818712428331783
1799,0.5847916230731077,0.8748134456006327,0.19287918030168497,0.1947685336750118,0.19642805715404285
1800,0.5485222951223695,0.27913105596632,0.4872707133299781,0.4526365134877017,0.448376364450896
1801,0.43249272719453485,0.23553542454236878,0.4877914350008844,0.23447114937575034,0.23532306128510494
1802,0.14090558936834094,0.1402655706609687,0.441880711124314,0.2819453831341408,0.1384768609343762
1803,0.4193991407653851,0.15368452749084058,0.15606205354646488,0.15671718837744905,0.15662421854063643
1804,0.2139454858420879,0.213690916333281,0.4356757633327134,0.6310489693297356,0.3522759659930842
1805,0.47814593069064404,0.24028320510041398,0.28066931275425444,0.23852358211492894,0.23770253461770777
1806,0.5770445683078038,0.29242056232146646,0.5864143290653839,0.28829934791828987,0.29292036707950386
1807,0.5457181368099552,0.302855283701178,0.624184659195327,0.29967280467044544,0.3005247055965601
1808,0.4364191202498354,0.23585826087764908,0.3499921869091317,0.2350569671932604,0.2345695304448264
1809,0.20888775961695857,0.3194826020032567,0.3469321276869228,0.3193084574954782,0.20949806985568203
1810,0.41632309131465994,0.3108518224984795,0.43149136011944705,0.3152892771036349,0.3469536136519191
1811,0.4264419201038596,0.6247312909755145,0.21982467979513629,0.21911830252315415,0.2791117286172338
1812,0.48257639812905656,0.3562352517043612,0.23773209654634922,0.3575480542726798,0.23837853841730317
1813,0.5801693538076286,0.8764058968092409,0.29596044511588976,0.2788807997776052,0.2957178003813145
1814,0.5469579961462288,0.30175170709345805,0.6218890643278876,0.30262726046729044,0.2998913622628817
1815,0.43490970353072483,0.23559163885706158,0.48960836164411253,0.23462669651295312,0.23483157682562458
1816,0.4229011757021364,0.21354552322667023,0.4419325883298297,0.21345375145686227,0.21243465547072435
1817,0.21093441581035186,0.2084273908422636,0.4251092065445074,0.3098588253961939,0.3110242198521116
1818,0.42016193475744407,0.6233786692060354,0.21970287054145984,0.2782011177370689,0.21911700388324576
1819,0.24000596006905636,0.7188058180716759,0.3501573621829021,0.24041983852553406,0.48452522242616564
1820,0.5728329527026419,0.435549916650862,0.5857435391029175,0.43794452254649696,0.27871982667583367
1821,0.3506973712930707,0.30022358278364986,0.6146592953506216,0.3025374931305989,0.2989396502263377
1822,0.4360973388257782,0.23598469516843565,0.4864362804974357,0.2364882813244662,0.23608808997029193
1823,0.41788230091107553,0.6398200317997677,0.2212890322778159,0.21841164751313433,0.35172266010537806
1824,0.4200071544351886,0.20825672959973182,0.4342482832631419,0.20714260703105378,0.20681386759521284
1825,0.4251318963537866,0.3161125731429613,0.44180659976697717,0.2820463761344749,0.3139713128869778
1826,0.47913918724895077,0.355191180417208,0.4783943809343695,0.35704095704667005,0.27979280810489887
1827,0.5845000493353689,0.43859662511672354,0.5882532918024568,0.43667863286341274,0.34843343093370244
1828,0.3012937321185894,0.5427423995160675,0.6242608840114641,0.3033598424537402,0.30029446130742093
1829,0.11618211675235968,0.3519100903257325,0.11732274262341578,0.3519341769242864,0.11715492314915794
1830,0.417121564164721,0.3203738087974091,0.44166224189907927,0.2764637726217642,0.3226453522700339
1831,0.20979351066764546,0.31240442247127925,0.43072958424018826,0.21194216937053761,0.3099615723099062
1832,0.42375588600246794,0.30998699439926836,0.21769386920940184,0.21745442617622782,0.3142755157689354
1833,0.4906466362509642,0.23692434593551656,0.4822921140130063,0.23873528482454986,0.23746322386809338
1834,0.5761198391642698,0.2904735591870186,0.5878270259566922,0.29139155431840796,0.28883191258513846
1835,0.6452461015386347,0.5169544991310169,0.2817961031978849,0.3521719310392641,0.5195296215767243
1836,0.44064009859581604,0.3496445086191497,0.4902315478086853,0.3534108786266269,0.3472309756118859
1837,0.4197694025503688,0.21332539715940668,0.4392552517459208,0.2119913759942874,0.21301457963481354
1838,0.4191215597112718,0.30988445469775555,0.4333205807186047,0.31295008458234136,0.3515781725765581
1839,0.42459616985612975,0.6261623989645417,0.4362712876873496,0.1763287069265425,0.174746453205893
1840,0.48740435277793104,0.23947652342656275,0.47811497992916274,0.23927769889726147,0.23904931287446018
1841,0.5797838535348394,0.43729704973481376,0.5812572186467844,0.4376710430262376,0.35014132512192037
1842,0.5506049147065862,0.908343227155473,0.6149122514388977,0.3498015836002046,0.2810704466243741
1843,0.43827787110665634,0.23601528265406754,0.4869556790650085,0.23649740605120517,0.23566711451073297
1844,0.21018603287861234,0.24942895824814781,0.2077780724123788,0.24886638007238157,0.24953517946642945
1845,0.417772960971628,0.20730047841687618,0.4298752689012183,0.20872782142084678,0.2074444098609497
1846,0.4238234432367457,0.31511124322046785,0.43632562973565686,0.34759617844287716,0.31431756700293406
1847,0.4895668185635743,0.23750189176348194,0.4833999970962052,0.2376086208679963,0.2394495550239785
1848,0.28984688696135175,0.8729581050693853,0.17413627146669028,0.17512739105104805,0.2890129651966967
1849,0.5475032064897856,0.4483429448775912,0.6170415694437094,0.45436192457506897,0.2800911646546955
1850,0.21648873161658158,0.23570660067397942,0.2163308218828123,0.23619359233572987,0.2354272074443312
1851,0.2083288824672187,0.6378588625012312,0.219880115288423,0.21016134879843018,0.21964971662010394
1852,0.4179792445162215,0.20906940071975466,0.4338796301929408,0.20714259952938485,0.20596685714320093
1853,0.42248329603446494,0.20777726200991598,0.4393161324041821,0.2110817833435573,0.20994156333628525
1854,0.4805961016938631,0.35693625072190516,0.48237880228265895,0.3581537821893697,0.27905819309151
1855,0.5770666270710646,0.43887176542379086,0.5806193278933863,0.43343662146398093,0.34986430909324323
1856,0.2722744242506769,0.44971298687562744,0.622004086659034,0.4515327235988278,0.2759327943247378
1857,0.43733491344973763,0.2360430015411383,0.4897358853088119,0.23510992368374228,0.2351021285383207
1858,0.1458735796417014,0.3216515595770152,0.14589108645063337,0.32136467346096054,0.1465543394555984
1859,0.20687700635945705,0.31258184762680014,0.4358681644760736,0.20830707462548134,0.31238613382457014
1860,0.2122433677640508,0.3161628569738436,0.3540445619601011,0.2090169172495163,0.31081669575424115
1861,0.48190173112833645,0.3575678412111147,0.4783859771549923,0.35972869596701407,0.2801454232509306
1862,0.5813995856771653,0.2895798836214401,0.583702188653654,0.2895897636860021,0.28938469238081693
1863,0.27217448112546344,0.44844158800828754,0.6209921594043698,0.44753351715894607,0.2714098395196377
1864,0.4386208874542497,0.7045576178463673,0.4889808219112981,0.34997788740961894,0.27855294515716805
1865,0.422912134807476,0.2126086018879327,0.43496347532208296,0.21558100413514544,0.21357293910796338
1866,0.20839649812355954,0.3133156770850917,0.4309810066753624,0.20870584665528122,0.3110058277191046
1867,0.42539766549652785,0.2103239997209723,0.27311639966352863,0.20820938926002266,0.2094128760253743
1868,0.24179107488096338,0.23742514926991679,0.2374610821258553,0.2384746399823057,0.24127490627387016
1869,0.5778015437464409,0.2919732841337636,0.5846004574628836,0.2908852442538348,0.29067142463807655
1870,0.5491557153074035,0.2814350708892343,0.6224702223574469,0.45107044572575256,0.45285484446063456
1871,0.4345070380005026,0.35419532579116425,0.49066398222334906,0.35289066527013346,0.3498133600723266
1872,0.4194642735444155,0.3216685981636481,0.3519616755678154,0.31934882168782136,0.2798558730871668
1873,0.4193660409764447,0.3124853346383297,0.4334862924267359,0.31188427954370535,0.28051335709950603
1874,0.42321697140255493,0.2077149584893251,0.4367241743429463,0.20926402805223895,0.20824465909611223
1875,0.48256148714627384,0.35504721493386254,0.3500803733718427,0.35798973693971503,0.48207004781152213
1876,0.5777899807194168,0.28969910342549093,0.589876454980655,0.2901854659608805,0.29070110223334183
1877,0.5451423731486169,0.4534992341578849,0.620303066435676,0.44964668463435437,0.35082798860380315
1878,0.22025717232358138,0.2363846165143001,0.21722157483882976,0.2352976668967904,0.23491556526313553
1879,0.4173467407084941,0.21378924642464894,0.4392093362649151,0.21358016257294735,0.21354353222996325
1880,0.4193184391538288,0.20627213061300653,0.43190556480483605,0.20869108340669482,0.20657432011869678
1881,0.4260499748533698,0.31251001834082903,0.22032145852796914,0.21838308730953682,0.31778331617440436
1882,0.48447562406503986,0.23707892610942086,0.47852864148773727,0.24058604181102494,0.23855652686038617
1883,0.29127097527608825,0.43447443399484387,0.5936583140892823,0.2887227923511775,0.4345190215248706
1884,0.6492839576438006,0.3114096491893068,0.3121948109121061,0.5343703167313559,0.5338700579703713
1885,0.43377426656968904,0.24432896363091242,0.24521748668498672,0.28229988227610275,0.7077067840435882
1886,0.4206055944036158,0.2723341422066795,0.4418366983675641,0.27012582451107603,0.2768363452126463
1887,0.41772228589557964,0.31167232693035984,0.21746955656163713,0.218451098955979,0.3123071605414901
1888,0.42200145974836906,0.20969241736345615,0.43900760456622384,0.20721878040994446,0.20887977427554147
1889,0.4868262719225286,0.23785615546052344,0.475512092376894,0.23880462688651868,0.23793720145952668
1890,0.5874442715674982,0.2917338411626992,0.5863905793869891,0.29044029725722337,0.28968736582355603
1891,0.5443018785957503,0.45340913704258684,0.31028424395053733,0.45084912968899155,0.3114408689684288
1892,0.5255686879495726,0.23577211231470174,0.48316313482065326,0.23463543561117603,0.23488067765209772
1893,0.2091085356865926,0.3191288713918729,0.4408353245909479,0.32196870616019646,0.21067175076705572
1894,0.4224176379585786,0.20784377701593684,0.4356611352799706,0.20883971295665918,0.20784951409346472
1895,0.42493018853388953,0.17180742180839936,0.2166862875075849,0.2194946185936798,0.17236440692841434
1896,0.48635283736025425,0.23781137532337152,0.4816312173102227,0.23712200067576517,0.23970543287298832
1897,0.5822890079760487,0.43768444550089525,0.5814741079610106,0.4329687798138345,0.3513607480006147
1898,0.27363664183097475,0.45152404880288627,0.6251507073870772,0.27242831207860435,0.4507025567193854
1899,0.4339722678861868,0.3548598593185392,0.4868864336982041,0.3532122049513533,0.3512242148055938
1900,0.415145074273636,0.21368486680427315,0.4372617666981077,0.2130859493358811,0.21340758791152367
1901,0.4169381928249097,0.2175732008568,0.21592111657652335,0.3122826642449592,0.31242714905780344
1902,0.4284124851454472,0.3169068575289901,0.2203065971611035,0.21896980517784245,0.3118727444597333
1903,0.4847172592506994,0.2384521117923666,0.47823738952797534,0.23724749546082344,0.23895529889791844
1904,0.5791153849660272,0.2926330292827063,0.5843976743712594,0.29073991589230713,0.28984809282820906
1905,0.348541968219574,0.29900121775423855,0.6164700294476453,0.3027732134649371,0.2987069293034709
1906,0.43793175307939813,0.236265128326588,0.49272957587082683,0.23384531469086556,0.23568186407591582
1907,0.41662878756838345,0.6370041537427599,0.1461195454704112,0.1459827917717639,0.14535279586321745
1908,0.2075464078232144,0.2088983466665857,0.4297073171434259,0.3089228816981803,0.31004338649500013
1909,0.42540450757133286,0.2087518205347573,0.43285323114676577,0.2104124740258865,0.21009346001371842
1910,0.4796972143639395,0.23782262296497225,0.4779742220977322,0.2388899135163308,0.23832877821852036
1911,0.5786217707639205,0.2908837485430956,0.5903964692015239,0.29106367005988915,0.29225390813892427
1912,0.5477650339964241,0.4478155450876271,0.6175238503047086,0.3514348298388125,0.4493569514514242
1913,0.4351037951785254,0.23645927688389942,0.4947193591437612,0.2340027432363324,0.2349716688256994
1914,0.4213487347198611,0.2117716272750382,0.435088613669119,0.21323504315620664,0.2126833380242679
1915,0.4187796347076412,0.20784485755614726,0.28297421673607054,0.20722187483048524,0.2088876037085722
1916,0.41874852459202566,0.2173450203427271,0.21883576738878885,0.31089539611037836,0.314075179395901
1917,0.4836615399793038,0.2400337953377085,0.48053565967477263,0.23886767995228733,0.24064519186750066
1918,0.5880577003942209,0.43532007144864804,0.2938486598611664,0.4371224155768763,0.29240827138785924
1919,0.2715025971391109,0.30048136947739246,0.270089593127832,0.29765620364284967,0.2994555445826013
1920,0.21619671959858447,0.35578752463694097,0.48792613441664434,0.35246658728918545,0.218861047812088
1921,0.4190914856397515,0.2137499419018285,0.44056353333427833,0.21376410868357212,0.21250270818494363
1922,0.4234696593851134,0.207033831744858,0.43482450187600546,0.20763997997286898,0.20814080047244574
1923,0.2123692663143497,0.3163985246767437,0.4390798654537872,0.31239093643870797,0.20978743479616294
1924,0.48229911523985575,0.23849034937071364,0.48178533766308895,0.23923624769286791,0.23734247110928197
1925,0.5815610840432617,0.290987353990807,0.5870335656721349,0.2893277933302792,0.289057396979715
1926,0.26975389503526087,0.893825970562482,0.3091777010196008,0.27335915469937605,0.3089918948905792
1927,0.43483779519181426,0.23717965265819338,0.39106612912706545,0.23567345570807943,0.23663062162499926
1928,0.4193731090662068,0.3160685585434165,0.17316053535626977,0.32068661615840904,0.17597581032301596
1929,0.4166054685394649,0.31037761415552856,0.4293427280750305,0.31315564569216503,0.3466619180088299
1930,0.4238274826845079,0.20874999602871291,0.2813263995724529,0.21072878924428703,0.20808965818338598
1931,0.48328692027824266,0.23908448459306,0.4801595831939072,0.2377163675282926,0.2378867769311329
1932,0.5816393732783682,0.29292391534334283,0.5848495596151378,0.2889796717062169,0.2891418244421513
1933,0.544633514895322,0.30312318615041395,0.6159803894762061,0.30400885151343315,0.2986024023519482
1934,0.5416389412984134,0.3518820220566473,0.24400336046096036,0.24368657992130152,0.3520458400450089
1935,0.41973597006807933,0.31878425794898,0.22017365102942285,0.31934035488124807,0.21882095253345937
1936,0.4222473287489761,0.2177831903885886,0.215574621484052,0.3103656532475436,0.3109205848585981
1937,0.4227832445353156,0.1577916959408868,0.1572735639012215,0.15765191502505702,0.15691227229913632
1938,0.4876894780936578,0.3559958112422524,0.23889419980191492,0.3607205246217024,0.24133180936090431
1939,0.2912446222816082,0.2919175066011395,0.5868963265775214,0.8672141104943236,0.27637676188139687
1940,0.5513520916359045,0.44807386817814643,0.6161676490086044,0.28187933237493407,0.44706549040097926
