Step,AI_Eps_0.05_e0.05,AI_Eps_0.1_e0.1,AI_Eps_0.2_e0.2,AI_Eps_0.3_e0.3,AI_Eps_0.5_e0.5,AI_UCB_c1.0_c1.0,AI_UCB_c2.0_c2.0,AI_Softmax_T0.5_t0.5,AI_Softmax_T1.0_t1.0
0,0.07998294041268302,1.2212602649728018e-05,0.015222801092537359,3.0064386613438433e-05,0.015222801092537359,0.16741543270296833,0.16741543270296833,0.015222801092537359,0.16741543270296833
1,0.015514922616844399,1.1979299697323653e-05,0.6152329598387763,0.015514922616844399,0.07851962515989698,0.015514922616844399,0.09934691633088989,0.544489773111603,0.08986942082785437
2,1.0658305861490664e-05,1.1852755305407305e-05,0.7102421263758679,0.07905416535208472,0.15549030633100605,0.028507294989635303,0.15549030633100605,1.0658305861490664e-05,0.028507294989635303
3,0.08072849230487367,4.3358498314146185e-06,0.12341653660752605,0.12341653660752605,0.12341653660752605,0.15448953957522346,4.3358498314146185e-06,0.15448953957522346,0.08921123120244558
4,0.080928665628551,0.10181441636255598,0.42860507247866864,0.22017254670419212,0.08969762448603356,1.0562948813577104e-05,1.0562948813577104e-05,0.4174271928638109,0.22017254670419212
5,0.08106578162987978,0.0988857098752226,0.43935665320224115,0.6303349554711233,0.0810752317051409,0.03191740920528475,0.03191740920528475,0.0810752317051409,0.08049979700357804
6,0.07775805719910854,0.08968724564985163,0.08968724564985163,0.08968724564985163,0.08968724564985163,1.1970026852377959e-05,0.22869845835200125,0.22869845835200125,0.09957943916688602
7,0.028418688363630967,0.0986552423101735,0.5870439760181535,4.276337457664248e-06,0.8660199595807925,0.5797315420757048,0.08055700682872079,4.276337457664248e-06,0.028418688363630967
8,0.029019748811371156,0.03543347060323958,0.6221265950711936,0.08052947427981742,1.2035134190155001e-05,0.03543347060323958,0.029019748811371156,0.679702178760497,2.9912848185765713e-05
9,0.07800893159069179,0.24946610231828092,0.028430896729730377,1.1983629218782213e-05,0.24946610231828092,0.44121072266222183,0.17345313623443637,0.028430896729730377,0.17345313623443637
10,0.0796672561241698,0.07939603878644556,0.15612425195029647,0.07939603878644556,0.03508916621379552,0.07939603878644556,0.07939603878644556,0.15612425195029647,0.03508916621379552
11,0.08001991896998009,0.12089841077582732,0.15340609814161973,0.12089841077582732,0.12089841077582732,0.15340609814161973,0.14927673753658344,2.9842814673382353e-05,0.14927673753658344
12,0.07855918565451205,0.12139837233602593,0.4425529052651704,0.12139837233602593,0.12139837233602593,0.42560489539242335,0.09942681979195975,0.08089173644069636,0.0903011196090533
13,0.08058716528120395,0.13793227636356487,0.16893395927626706,0.13793227636356487,0.13793227636356487,0.09983770717113472,0.08050210176234704,0.4823725423056994,0.16893395927626706
14,0.07995666825812583,0.3088249452072341,0.580846630133206,0.3088249452072341,0.07979852401755937,0.0318947023110879,0.0318947023110879,3.0340263623768578e-05,1.204641332534669e-05
15,0.028636347372472275,0.3190374817192792,0.21899983417622268,0.547655536820552,0.21899983417622268,0.07977211362982928,0.028636347372472275,0.3190374817192792,0.10107684708526088
16,0.015071383065860092,0.2477474060991353,0.49073293398951867,0.4335401686700084,0.2477474060991353,0.015071383065860092,1.0586419939260044e-05,0.015071383065860092,1.0586419939260044e-05
17,0.0794349919394969,0.22673373952684855,0.154711130156185,0.22673373952684855,2.3700723518809923e-06,2.3700723518809923e-06,2.3700723518809923e-06,0.154711130156185,0.08950648307066417
18,0.07979767601725557,0.12052421824909093,1.0584906011852951e-05,0.12052421824909093,0.031312331113108945,1.0584906011852951e-05,0.4342627739628649,0.12052421824909093,0.031312331113108945
19,0.0803259736990657,0.22071881302422472,0.15558032444867506,0.08169453168775499,0.22071881302422472,0.08169453168775499,0.08169453168775499,1.1940143834642445e-05,0.15558032444867506
20,0.028479011037322362,0.13737239273992266,0.17066642059311982,0.4870316383573444,0.13737239273992266,0.17066642059311982,0.13737239273992266,0.028479011037322362,0.09929835723432336
21,0.028614596373236812,0.1100663065648842,0.5938056199546295,0.028614596373236812,0.1100663065648842,0.1100663065648842,0.09955213942338763,0.1100663065648842,1.200946840424673e-05
22,0.0805879526411913,0.10500762415091057,0.6163628032408436,0.027889818274330704,0.10500762415091057,0.03561143172892437,0.027889818274330704,0.10500762415091057,0.03561143172892437
23,0.07920710783486813,0.24937850798575692,0.489031348854088,0.15460960932078482,0.03163614602793769,0.07883644327403935,0.03163614602793769,0.15460960932078482,0.24937850798575692
24,0.015430003770363554,0.12353020284571448,0.439718042855937,0.015430003770363554,0.12353020284571448,0.09191510146090592,0.015430003770363554,0.12353020284571448,0.09919594871139917
25,0.028913392593958986,0.6252977705106355,0.15242023542416094,0.42036990893920406,1.2328837972147715e-05,0.028913392593958986,2.9821744454672195e-05,0.15242023542416094,0.07926368363328062
26,0.0795375711511516,0.6256617001145864,0.1562392704705778,0.08187933286436877,0.1562392704705778,0.08187933286436877,1.2148578420021015e-05,0.08187933286436877,2.9625868943299112e-05
27,0.0785761951931165,0.252101519477392,1.0470636734508511e-05,0.48088098581261696,0.252101519477392,1.0470636734508511e-05,0.1690372627276227,0.07980036243844965,0.1690372627276227
28,0.08062060127166197,0.1683844717883561,0.20727420836803268,0.20780991403646795,0.1683844717883561,1.2022723875742731e-05,0.20780991403646795,0.1683844717883561,0.20727420836803268
29,0.02863530122193456,0.11247242795618732,0.21883389507685136,0.5481963470333554,0.11247242795618732,0.21883389507685136,0.11247242795618732,0.02863530122193456,0.11247242795618732
30,0.08187482886785254,0.250422757166004,0.17325138908221532,0.15265859107077412,0.08753300539614062,0.250422757166004,0.1002534306850515,0.15265859107077412,0.17325138908221532
31,0.07882361636710618,0.122311975957793,0.02839804549483635,0.08119602423886332,0.122311975957793,0.08119602423886332,0.02839804549483635,0.122311975957793,0.08119602423886332
32,0.07989972374154694,0.21924088430843258,0.4333168707296522,4.301386188501991e-06,0.21924088430843258,0.08061549401648715,0.0890381440390293,2.9889473389748918e-05,4.301386188501991e-06
33,0.027980565863600128,0.22149857766592249,0.15427100968891982,0.15427100968891982,0.1497240084082519,0.10077769780695073,0.027980565863600128,0.1497240084082519,0.22149857766592249
34,0.0806193646799271,0.709031303283409,0.09256614589028499,1.0605100768649892e-05,0.09256614589028499,0.09169805200218677,1.0605100768649892e-05,0.09256614589028499,0.4788568224773368
35,0.028764323549391617,0.0815253349385436,0.11312631987255733,0.581118849216636,2.997862905475509e-05,0.11312631987255733,1.2192555596053534e-05,0.028764323549391617,0.11312631987255733
36,0.015402708477915843,0.015402708477915843,0.21864881528775562,0.19224260566806278,0.19224260566806278,0.015402708477915843,0.21864881528775562,2.9820765673228283e-05,0.8955463770494473
37,0.0798937437075669,0.25035464448981004,0.4917562262321694,0.1534353921834898,0.10067405704896454,0.25035464448981004,0.1534353921834898,2.998907889847936e-05,0.08826954027450035
38,0.028039324537326188,0.22612941048652413,0.05472411654348149,0.028039324537326188,0.05472411654348149,2.9915655345592088e-05,0.22612941048652413,0.05472411654348149,0.05472411654348149
39,0.08092052966282903,0.6229865760134481,0.08285069743063327,0.4245366822361168,0.08285069743063327,1.2004732546272491e-05,0.09961168335615293,0.08285069743063327,0.08082898415992053
40,0.08093805080471266,0.2206749527586939,0.4365874175659847,0.14862457623069586,0.2206749527586939,0.14862457623069586,0.028215588099106056,0.028215588099106056,2.9770671000561163e-05
41,0.028222463424527035,0.028222463424527035,4.3445578985784255e-06,0.4870482273784732,4.3445578985784255e-06,0.7111023915948962,0.09058307288195741,0.08102428432820104,3.0139374531747576e-05
42,0.079179886053585,0.10902456891281061,0.09824108609361279,0.5792899442547329,0.10902456891281061,0.10902456891281061,0.5889047724867428,3.0344514619645332e-05,0.10902456891281061
43,0.02784275708305748,0.903269153529062,0.6197234635668498,0.1914674586333935,1.2205540902391285e-05,0.10224495929189104,0.02784275708305748,0.1914674586333935,2.9727868822848543e-05
44,0.13642773091233715,0.13642773091233715,0.49083034694709704,1.0492130254305004e-05,0.13642773091233715,0.0791556988296303,1.0492130254305004e-05,0.0905297437047105,0.43925626893811515
45,0.2258890727941818,0.2258890727941818,0.4375752437889465,0.1488934636343933,2.970211223231354e-05,0.09150752035743284,1.2202966818987124e-05,0.1488934636343933,0.08072978003592511
46,0.11970785584179625,0.11970785584179625,0.054332070317559863,0.4146026820716544,0.11970785584179625,0.054332070317559863,0.054332070317559863,0.08977516989616084,0.054332070317559863
47,0.1220625363583671,0.1220625363583671,3.004109617340717e-05,0.08102183915211457,0.1220625363583671,0.08102183915211457,0.08102183915211457,0.08095150697773502,0.09869390319347464
48,0.08956841903637464,0.08956841903637464,0.08806847255249567,0.48180844195831346,0.08956841903637464,0.0812018797587709,0.08956841903637464,0.10154185236719336,1.2242751576844665e-05
49,0.3089536891575519,0.3089536891575519,0.20690004789675087,0.5765528615473261,0.0909298588036025,2.973512341097819e-05,0.035284400324968976,0.20690004789675087,0.035284400324968976
50,0.11228393526060887,0.11228393526060887,0.21810039867940567,0.08053026031430176,0.11228393526060887,1.1864271109440667e-05,0.08967371364478005,0.11228393526060887,0.21810039867940567
51,0.0885306699152737,0.0885306699152737,0.4889624812495158,0.1534910399880217,1.2351894704460493e-05,0.0885306699152737,0.08075548931905835,0.0885306699152737,0.1534910399880217
52,0.12306607653075742,0.12306607653075742,0.1548764916650354,0.41775456428130286,0.12306607653075742,0.10056009539771943,0.027959541064387763,0.027959541064387763,0.1548764916650354
53,0.22142637416226943,0.07931918119386439,0.4271973718350239,0.07931918119386439,0.22142637416226943,0.0792468902077724,1.0516554881095042e-05,1.0516554881095042e-05,0.07931918119386439
54,0.22164491015184914,0.22164491015184914,0.43998266465344826,0.4260930358215117,0.028421560379768663,0.08993749990428536,1.2324062740978776e-05,0.028421560379768663,0.07919803954777943
55,0.09988280336828721,0.2527048183924461,0.06053267360166585,0.4876085292277363,0.2527048183924461,0.06053267360166585,0.06053267360166585,3.0250989158792015e-05,0.06053267360166585
56,0.16687172412275383,0.16687172412275383,0.5886460162332932,0.11184702863792576,0.16687172412275383,0.11184702863792576,0.11184702863792576,0.0280920047824857,0.0280920047824857
57,0.11210717435911034,0.11210717435911034,0.21912464164544168,0.07983201215885007,2.9589952953732324e-05,0.11210717435911034,0.11210717435911034,0.21912464164544168,0.07936937363481886
58,0.13621222290544402,0.13621222290544402,0.1721090622086883,0.4368829425440664,0.13621222290544402,0.028621840689978407,0.09951495598815442,0.028621840689978407,0.1721090622086883
59,0.08028660150502916,0.08028660150502916,0.4416726312890961,0.4148421846666639,0.08028660150502916,0.09995071016232035,0.08926381689956439,0.07960105883158869,0.08028660150502916
60,0.07767217134173138,0.07767217134173138,0.4332370046696144,0.09955970483323805,0.07767217134173138,2.964245628957402e-05,0.07905351190732196,0.4206624070014803,0.07767217134173138
61,0.22306708451039006,0.22306708451039006,0.15437396165771525,0.15437396165771525,0.0899220697051596,4.4011016826089515e-06,0.08053081834145052,4.4011016826089515e-06,0.07997701993486521
62,0.13724665657754972,0.13724665657754972,0.16910745561368506,0.17060846811745145,0.13724665657754972,0.17060846811745145,0.16910745561368506,0.09083156345589372,0.1004436551242273
63,0.30766212606743304,0.30766212606743304,1.2152508906757043e-05,0.20461083596870003,0.028375463720663508,0.08987595172544503,0.20461083596870003,0.028375463720663508,0.08081164884192754
64,0.11224866916665246,0.11224866916665246,0.6149835195617489,2.9713588658064623e-05,0.5481841738755294,0.08040667465828148,0.11224866916665246,0.10026042997552019,0.11224866916665246
65,0.2501036512148585,0.2501036512148585,0.02818015036559339,0.02818015036559339,0.15398028510813397,0.1715637347186898,2.9704265915195224e-05,0.1715637347186898,0.15398028510813397
66,0.12179912970179925,0.12179912970179925,0.03751382618064017,0.03751382618064017,0.03751382618064017,0.12179912970179925,1.2474425748188036e-05,0.03751382618064017,0.03751382618064017
67,0.11970898985648813,0.11970898985648813,0.09043969520298108,0.052149664381568345,0.052149664381568345,0.052149664381568345,0.09984264359230087,0.11970898985648813,0.052149664381568345
68,0.07821535703510615,0.07821535703510615,0.43466687667552645,1.2221035858981114e-05,0.07821535703510615,0.07871275264098966,0.09167074012830799,0.09822962778421478,0.07821535703510615
69,0.2527936340131533,0.2527936340131533,0.16871765324356794,0.1706510682787887,0.07865588588131935,0.16871765324356794,0.07889725688917243,0.1706510682787887,1.231143568027657e-05
70,0.07789440096474742,0.07789440096474742,0.20709203418564295,0.07789440096474742,0.07789440096474742,0.09909870444443226,0.20709203418564295,0.581731285006578,0.07789440096474742
71,0.17326890479547605,0.07804968652016818,0.21957233083754393,0.1933008476602923,0.17326890479547605,0.09034987104666704,0.1933008476602923,0.21957233083754393,0.17326890479547605
72,0.13474550266446095,0.13474550266446095,0.4879768346944839,0.43646700059316285,0.13474550266446095,0.028014850946175385,0.0279239968401732,0.0279239968401732,0.028014850946175385
73,0.05694685829377512,0.05694685829377512,0.4402321118411455,0.09938536288586183,0.05694685829377512,0.05694685829377512,0.05694685829377512,0.4159654288223232,0.08090275101468011
74,0.11972594858227194,0.11972594858227194,0.4345379140161389,0.08000458306211149,0.08000458306211149,1.0559338430253512e-05,1.0559338430253512e-05,0.11972594858227194,0.08000458306211149
75,0.2218768557165437,0.028703521254610682,0.43798946089690527,0.41973634777693763,0.2218768557165437,4.384703663725089e-06,4.384703663725089e-06,0.028703521254610682,0.09969516221824061
76,0.1379920714023439,0.1379920714023439,0.17037435343946103,0.4864391535983857,0.1379920714023439,0.17037435343946103,0.10058260941639978,4.381929951063167e-06,4.381929951063167e-06
77,0.3051128399547397,0.3051128399547397,0.0904493512200346,0.20632475213962995,0.07973556031575373,0.5788946249324646,0.20632475213962995,2.9339976434135307e-05,1.2537618865766737e-05
78,0.17461378458530397,0.17461378458530397,0.17461378458530397,0.1053548780018173,0.03175056702246513,0.1053548780018173,0.03175056702246513,0.1053548780018173,1.2353030811675887e-05
79,0.2494521126912732,0.2494521126912732,0.4871283784335792,0.15227502688114933,1.2352281540590508e-05,0.07922909667959774,0.15227502688114933,1.0524736874660558e-05,1.0524736874660558e-05
80,0.2258570655652935,0.2258570655652935,0.028627234988581947,0.1487928455649552,2.9653007056800086e-05,0.03560776638187859,0.028627234988581947,0.03560776638187859,0.1487928455649552
81,0.0556374011545594,0.0556374011545594,0.4323020865697955,0.4183972671211739,0.0556374011545594,0.0556374011545594,0.0556374011545594,4.344596256318837e-06,4.344596256318837e-06
82,0.12047294673772137,0.12047294673772137,0.43527673087400626,0.4224275135805565,0.12047294673772137,0.08987520894898385,0.07964189097824974,0.09891443353996054,1.2362552677137314e-05
83,0.2523799729547777,0.2523799729547777,0.0925963320477249,0.48450810479653583,0.015253938536904805,0.015253938536904805,0.0925963320477249,0.015253938536904805,0.0925963320477249
84,0.1096498686457871,0.1096498686457871,0.11146482958447303,0.11146482958447303,0.1096498686457871,0.11146482958447303,0.10046997987022377,0.08090706494180074,0.1096498686457871
85,0.17203987873281587,0.17203987873281587,0.11948189102944608,0.11948189102944608,0.17203987873281587,0.11948189102944608,2.9446767660763108e-05,0.08122184335427898,0.5413993545183102
86,0.25082847176413947,0.25082847176413947,4.424009951273093e-06,0.43673869396668735,0.0991335359423716,1.046410986095274e-05,4.424009951273093e-06,1.046410986095274e-05,0.08984942222713274
87,0.12289276287067073,0.12289276287067073,0.43596714757094945,0.14867647286895128,0.12289276287067073,1.2577172650726996e-05,0.14867647286895128,0.03552724425966288,0.03552724425966288
88,0.22010910259787178,0.22010910259787178,0.4324922867718012,0.4189097231090318,0.03205405176452962,0.028936550408212986,0.03205405176452962,1.2355411518808477e-05,0.028936550408212986
89,0.07761290566475161,0.07761290566475161,0.43703934653992205,0.4265657117913265,0.07761290566475161,0.07761290566475161,0.08175597665548703,0.035712148589522756,0.035712148589522756
90,0.08942829957160912,0.08942829957160912,0.4831834564857741,0.48490562130288667,0.08942829957160912,0.09938369849375754,0.08942829957160912,0.027961844212985025,0.027961844212985025
91,0.17024148749351659,0.17024148749351659,0.07944644943875129,0.09975400849888288,0.17024148749351659,0.0936230933359228,0.027616913910935147,0.5792464353512449,0.027616913910935147
92,0.11310263932023934,0.11310263932023934,0.2180694707430879,0.10211892506240032,0.11310263932023934,0.547155051709939,0.2180694707430879,0.11310263932023934,0.08010021344454721
93,0.7122555343855084,0.035119571184789186,0.4889724281727553,0.08369183713573196,0.08369183713573196,0.08369183713573196,0.035119571184789186,2.9973632251238742e-05,0.08698509698130517
94,0.2258861096221973,0.2258861096221973,0.15392556885943567,0.1490448347004186,0.07975080249691824,0.15392556885943567,0.1490448347004186,0.09041798127065799,2.9521852989921857e-05
95,0.11931034380537678,0.11931034380537678,0.028276829114699406,0.42523737594457,0.11931034380537678,0.028276829114699406,1.0445752944672684e-05,1.0445752944672684e-05,0.42784900924985786
96,0.22327949730553975,2.9800353736975393e-05,0.05449405019248964,0.05449405019248964,0.22327949730553975,0.4264826092141503,1.2517371483923123e-05,0.05449405019248964,0.05449405019248964
97,0.0895501319839924,0.0895501319839924,0.08064711673878108,0.4849246090081687,2.97111632614067e-05,0.0895501319839924,0.09058082120204758,0.07819412795069972,0.0895501319839924
98,0.1674199974356211,0.1674199974356211,0.5923996669603738,0.028110550747375892,0.1674199974356211,0.20645858426292352,0.028110550747375892,0.20645858426292352,2.9861044338420675e-05
99,0.17285219913488856,0.17285219913488856,0.17285219913488856,0.19231626150350567,0.10100623620198684,0.11957262987810241,0.11957262987810241,0.11957262987810241,0.19231626150350567
100,0.04924007409928003,0.04924007409928003,0.4849117652888384,0.4367786087708549,0.04924007409928003,0.09753872355916808,0.04924007409928003,0.04924007409928003,2.9977049793915933e-05
101,0.12268084261339533,0.12268084261339533,0.15487636027574928,0.4213375346131674,0.15487636027574928,2.9869560382113198e-05,0.0797999722063598,0.08837331773061594,0.12268084261339533
102,0.12005962826300542,0.12005962826300542,2.9710024793775016e-05,0.15024896513445377,0.12005962826300542,2.4001677409415536e-06,0.15024896513445377,2.4001677409415536e-06,2.4001677409415536e-06
103,0.12065067659530569,0.12065067659530569,0.1539606106453993,0.08034895649517151,0.12065067659530569,0.0897790766998662,0.10037490279293197,0.42249000713105045,0.1539606106453993
104,0.13795883410071194,0.13795883410071194,0.4837684012528364,0.4823347477874781,0.02824477950305067,0.02824477950305067,0.09090100760884214,0.13795883410071194,0.08135424064596224
105,0.3116017979018341,0.3116017979018341,0.20701596154495713,0.20512875192141097,1.0585218116518578e-05,0.20512875192141097,1.0585218116518578e-05,0.09016805752735206,0.20701596154495713
106,0.3175585876919381,0.3175585876919381,0.6189158117333524,0.5464029873985106,5.665533649914837e-06,0.08063680519392928,1.2589070302266823e-05,5.665533649914837e-06,5.665533649914837e-06
107,0.13466434004959815,0.13466434004959815,0.17197162637844227,0.43821584381762035,0.0806973601540224,0.13466434004959815,0.17197162637844227,0.09038501266927526,0.10035905956897187
108,0.07975179512628872,0.07975179512628872,0.1551033532602191,0.4199088157066953,0.07975179512628872,0.1551033532602191,0.07734362316785061,0.07975179512628872,0.07771139496084946
109,0.12043442881444823,0.12043442881444823,0.4307533458446894,1.2527364654366463e-05,1.0387379068063233e-05,0.09962605934712414,0.12043442881444823,1.0387379068063233e-05,0.4186081164650945
110,0.12006617358061764,0.12006617358061764,0.4348270987725167,2.9713493799355685e-05,0.036032599380647005,0.14922700275133602,0.14922700275133602,0.12006617358061764,0.036032599380647005
111,0.08909543717678292,0.08909543717678292,2.9709731476939695e-05,0.4805150688070474,0.08909543717678292,0.0900601548394503,0.07886585954199288,0.48237239804636867,0.08909543717678292
112,0.3080628122798011,4.449370354110844e-06,0.20721546067438532,0.20721546067438532,0.3080628122798011,0.07899124953918868,0.10074424115566172,2.9844691483729414e-05,4.449370354110844e-06
113,0.3202870787611432,0.3202870787611432,0.08860811944572627,0.19250844707654213,0.028431876447727357,2.9607714134051112e-05,0.618160957481024,0.028431876447727357,0.19250844707654213
114,0.17216772284871282,0.7059829012510913,0.17216772284871282,0.09859707899250564,0.08056880922694756,1.2684992405696655e-05,0.031703463610201335,0.43327918440751456,0.031703463610201335
115,0.08473511975268364,0.6429908474924317,2.953979062987326e-05,4.441707530291543e-06,0.035155533078446634,0.08473511975268364,0.08473511975268364,4.441707530291543e-06,0.035155533078446634
116,0.05580923002141812,0.05580923002141812,0.4347021784744305,0.415305058466481,0.05580923002141812,0.05580923002141812,0.05580923002141812,2.9577556689325498e-05,1.2607567017631214e-05
117,0.12118252241945321,0.12118252241945321,2.9586688406775172e-05,0.149328862748584,0.12118252241945321,0.149328862748584,0.079422318482546,0.09087193454393741,1.2575226754793488e-05
118,0.08910186741872655,0.08910186741872655,0.47943056511359267,0.08962343097891051,0.08910186741872655,0.0808223660116157,2.992530304123746e-05,0.09896948712325475,0.08910186741872655
119,0.1686222158607941,0.1686222158607941,0.20859132940500813,0.5800642904603371,0.1686222158607941,0.10128410346633958,1.2365801193628366e-05,0.0923341827459638,0.20859132940500813
120,0.08892486229281865,0.08892486229281865,0.6160606485871067,0.19203783668575541,0.08892486229281865,0.08946193405196136,0.19203783668575541,0.08892486229281865,0.08055600396431715
121,0.11165292516622251,0.11165292516622251,0.4890118448246167,0.15418387979879442,0.11165292516622251,0.15418387979879442,0.07999297177657064,1.2801459126200227e-05,0.07898978294803058
122,0.12326600555609032,0.12326600555609032,0.43820114674268673,0.4185063847471861,0.028557950449108672,0.028557950449108672,0.03545486390002264,0.03545486390002264,0.12326600555609032
123,0.2194478260578107,0.2194478260578107,0.08327563050404421,0.08056284578003799,0.08056284578003799,0.08327563050404421,0.08327563050404421,0.08056284578003799,0.07774047308921858
124,0.07886510437842356,0.07886510437842356,0.43781847096685456,0.15098848494222156,0.08923591951963106,0.07886510437842356,0.15098848494222156,0.07886510437842356,1.2542525667353047e-05
125,0.13811191979360887,0.13811191979360887,0.16946018242339456,0.16946018242339456,0.01561542245312725,0.01561542245312725,0.08880912978370703,0.13811191979360887,0.01561542245312725
126,0.10996963261325585,0.10996963261325585,0.20791043940384735,0.5796536430889603,0.10996963261325585,2.9792607231328312e-05,0.10996963261325585,0.08022307743473185,0.20791043940384735
127,0.3208742388137455,0.3208742388137455,0.6207706299861542,0.10072738471068206,0.031740234956544676,1.2567162850828924e-05,0.08156344362399029,0.031740234956544676,0.07950735263692932
128,0.13550218482303747,0.13550218482303747,1.257402722552255e-05,0.028522286959345538,0.13550218482303747,0.09999714668296196,2.9857409469599207e-05,0.028522286959345538,0.08889100915564112
129,0.1220067706803878,0.1220067706803878,0.43802775836398605,0.14842462375682847,0.1220067706803878,0.14842462375682847,4.548931007333171e-06,4.548931007333171e-06,0.08123553719781285
130,0.027980324941025442,0.21997793403858057,0.43577227568704074,0.14912946732752172,0.21997793403858057,0.0880811913728658,0.027980324941025442,0.09949910237582288,0.14912946732752172
131,0.22228664566507444,0.22228664566507444,0.08124386533396208,0.08124386533396208,0.08026500398114449,0.4348899099169818,0.10043331461196021,0.08124386533396208,0.07946780855111779
132,0.13687628819422248,0.13687628819422248,0.1700420595682082,0.1700420595682082,0.13687628819422248,0.17208946784414192,0.17208946784414192,4.501056649418134e-06,4.501056649418134e-06
133,0.10945290435187324,0.10945290435187324,0.08042892059688805,0.20693533005191994,0.10945290435187324,0.10945290435187324,0.20693533005191994,4.44863827161965e-06,4.44863827161965e-06
134,0.13711972329006283,0.13711972329006283,0.620270776376901,0.0276401861951558,0.13711972329006283,0.5398084494790129,0.08999113832519669,0.0276401861951558,0.08086661585835968
135,0.018900276432718358,0.2500329118539248,0.4909733390284807,0.15411239038927368,0.018900276432718358,0.15411239038927368,0.2500329118539248,0.0774230933694657,0.018900276432718358
136,0.12191737745891126,0.12191737745891126,0.0911323230696645,0.41844181353855103,0.02785510156724418,0.07990619166265638,0.02785510156724418,0.12191737745891126,0.44061522019033794
137,0.11963495703762986,0.11963495703762986,0.43355499915999357,0.41788282112214614,0.11963495703762986,0.03575183920592898,0.03575183920592898,0.03197873246266511,0.03197873246266511
138,0.22109002211664178,0.22109002211664178,0.15486261736177342,0.08057321530462475,0.07948715150701936,0.08057321530462475,0.15486261736177342,0.10110000017797677,0.08057321530462475
139,0.2497050758046676,0.2497050758046676,0.0922958719911687,0.4865825674452741,1.2635716532050224e-05,0.0922958719911687,0.08157291622973187,0.0922958719911687,0.08883872266508144
140,0.20492878163958567,0.011491179293633445,0.20492878163958567,0.2066839569237964,0.011491179293633445,0.011491179293633445,0.2066839569237964,0.08225635936753506,0.011491179293633445
141,0.31541131625237206,0.31541131625237206,0.6215002809487445,0.0908211308925473,0.545995578122505,0.08041687591474636,2.9609183746822446e-05,0.08116079678136988,0.09955950374741743
142,0.111162920535904,0.111162920535904,0.172539357030479,0.43900064197830435,0.08013832787390879,0.111162920535904,4.560456771632853e-06,4.560456771632853e-06,0.172539357030479
143,0.08003009283976188,0.08003009283976188,0.43823023507160164,0.42103085482588753,0.08980695987134334,1.0518073362065649e-05,0.08003009283976188,1.0518073362065649e-05,0.08003009283976188
144,0.21904261599817648,0.21904261599817648,0.09938832674148172,0.43657321710952046,0.02832862002287964,1.2571177983249585e-05,0.031260008478659784,0.02832862002287964,0.031260008478659784
145,0.12039473170576238,0.12039473170576238,0.4400517116164649,0.08217866474614519,0.08217866474614519,0.08217866474614519,0.028248535153175474,0.028248535153175474,0.12039473170576238
146,0.13748132350052433,0.13748132350052433,0.4812756559795825,0.08012270731508105,0.17253786244968966,0.0800296520391527,0.17253786244968966,0.13748132350052433,1.2691887739938993e-05
147,0.30660353616114683,0.30660353616114683,0.073751368384303,1.2929292321925163e-05,0.20647676378317098,0.073751368384303,0.073751368384303,0.073751368384303,0.20647676378317098
148,0.3224379450211138,0.3224379450211138,0.1049804861792056,0.1049804861792056,0.1049804861792056,0.0998921871868961,0.02856121445828213,0.08136488512039192,0.02856121445828213
149,0.1363720538668896,0.1363720538668896,0.17197209564280233,0.43703791195770436,0.07894680468156542,0.1363720538668896,0.0978242814585932,0.09228226942727265,0.17197209564280233
150,0.12287949904980987,0.12287949904980987,0.43617320968072754,0.08151907165774885,0.08151907165774885,0.0796204979793941,0.12287949904980987,0.08151907165774885,0.08726258208610876
151,0.6167405468531718,0.03159067968180788,0.15299586464341527,0.14850546593403405,0.14850546593403405,0.03159067968180788,2.9382356659251338e-05,0.15299586464341527,0.07944821585682617
152,0.12064338941390865,0.12064338941390865,0.4388731684658436,0.14869552108112827,0.12064338941390865,0.14869552108112827,1.2969636360759546e-05,0.10024598374195241,0.08013693845782832
153,0.25413500404966577,0.25413500404966577,0.1707473007569905,0.09888385596405053,0.060618518690942716,0.1707473007569905,0.060618518690942716,0.060618518690942716,0.060618518690942716
154,0.2088717318433285,0.2088717318433285,0.5824018863935342,0.5787281098974297,0.03220943923731983,2.945652849248067e-05,0.03220943923731983,0.2088717318433285,0.09907767388265859
155,0.31803322105338755,0.31803322105338755,0.11882758397938423,0.08060202274643846,0.11882758397938423,4.508919454817606e-06,0.11882758397938423,0.07996547662118439,4.508919454817606e-06
156,0.2486337060677823,0.2486337060677823,0.49006067736400993,1.2664267615996572e-05,0.028389040073832066,0.028389040073832066,0.027436803736839127,0.4387844964264252,0.027436803736839127
157,0.1237915054512779,0.1237915054512779,0.4376919503963744,0.4196616510520886,4.539364161355979e-06,0.1237915054512779,0.10141385380561904,4.539364161355979e-06,0.07954665428983301
158,0.12068278013862374,0.12068278013862374,0.0896539742708827,0.15315949745755708,0.41757066044327407,0.09904772316309089,0.12068278013862374,0.07957981096278152,0.15315949745755708
159,0.22265421902970742,0.22265421902970742,0.4406831508768077,0.015168889974562673,0.08900850484177349,0.41917649152518316,0.015168889974562673,0.0999031146003089,0.015168889974562673
160,0.25264787066957034,0.25264787066957034,0.16975494982996292,0.16975494982996292,0.17002577794405258,0.17002577794405258,2.936202069124323e-05,0.07938535658027612,1.2643429909803348e-05
161,0.16701164407270824,0.16701164407270824,0.5893075677503641,0.5819638115676267,0.16701164407270824,0.08055684154515647,1.2934994279763521e-05,0.08962151042874657,0.10158469588860697
162,0.0802960101806401,0.0802960101806401,0.11830927535660622,0.0802960101806401,0.0802960101806401,0.11830927535660622,0.11830927535660622,0.0802960101806401,2.9275457637773905e-05
163,0.24942289223042297,0.24942289223042297,0.48788795813476804,0.05418388503276988,0.05418388503276988,0.0913948992661633,0.05418388503276988,0.05418388503276988,0.09912002828180512
164,0.12248178488515352,0.12248178488515352,0.15484961620489907,0.4217602982902516,2.9389798982052302e-05,0.12248178488515352,0.09009129377653602,0.07841645092671959,0.15484961620489907
165,0.2203073617672741,0.2203073617672741,0.4322027385109568,0.052701043706352806,0.052701043706352806,0.052701043706352806,0.07991589997489419,0.052701043706352806,0.07954347889536818
166,0.222744101674646,0.222744101674646,0.4359771132285311,0.028780538315638232,0.41871234303003513,0.03569797222009266,0.03569797222009266,0.028780538315638232,0.08963681733165735
167,0.13848773971904516,0.13848773971904516,0.08105012218916746,0.031564258825919116,1.0462779217042437e-05,0.07987686791932383,0.13848773971904516,1.0462779217042437e-05,0.031564258825919116
168,0.30651716821394653,0.30651716821394653,0.11272540291205704,0.20651160372706368,0.20651160372706368,0.11272540291205704,0.08015352090610962,0.09162244480382192,0.11272540291205704
169,0.17455509072424355,0.17455509072424355,0.2190447327594475,2.9518311682047062e-05,0.543847729360072,0.07925256449509474,0.2190447327594475,0.09823894277386289,0.17455509072424355
170,0.13502492214257844,0.13502492214257844,0.13502492214257844,0.08421932456635702,0.08421932456635702,2.938561796071204e-05,0.08421932456635702,0.48266833629080724,0.0812329107253361
171,0.22592055527511062,0.22592055527511062,0.08766267277885699,0.05249184697523583,0.05249184697523583,1.2804778817805548e-05,2.920341482325051e-05,0.05249184697523583,0.05249184697523583
172,0.12082339769395248,0.12082339769395248,0.4358858042134849,0.1482347289453124,4.597281580592127e-06,0.12082339769395248,4.597281580592127e-06,0.09015915478149518,0.1482347289453124
173,0.12035534178815277,0.12035534178815277,0.44255462382307925,0.09823603979615944,0.4203581169365991,0.031537130363457545,0.031537130363457545,0.07985909822686507,0.12035534178815277
174,0.13731854351485623,0.13731854351485623,0.4768665078889847,0.17280061432247035,0.08071527166975312,0.17280061432247035,0.13731854351485623,0.10138272252164475,0.0804250197907211
175,0.10977047381422499,0.10977047381422499,0.2074586691760564,0.2032893444442953,0.10977047381422499,0.2032893444442953,0.08007557873511471,0.2074586691760564,0.10977047381422499
176,0.3180954833420089,0.3180954833420089,0.07793283559878465,0.5484737064682862,0.08976485682173936,0.07793283559878465,0.07793283559878465,0.10334756604750243,0.07793283559878465
177,0.25025631347070426,0.25025631347070426,0.17254159773406047,0.1539313673553643,0.1539313673553643,0.03565274138109991,0.03565274138109991,0.17254159773406047,0.07914791413740023
178,0.22517199052026868,0.22517199052026868,0.43773112413945514,0.1486224013491816,0.1486224013491816,0.027535229158111477,0.027535229158111477,2.902290154296485e-05,0.07974388811451458
179,0.11954563859689775,0.11954563859689775,0.42984130819622834,0.07982320351720652,0.07982320351720652,0.11954563859689775,0.07982320351720652,1.2814664649654409e-05,2.935121502729205e-05
180,0.1205633687363753,0.1205633687363753,0.4416459876225119,0.07978436895052722,0.15018114803848195,0.08023782682018747,0.1205633687363753,0.15018114803848195,0.1009221667296167
181,0.13696076781291475,0.13696076781291475,0.47968318760941503,0.1735528870670771,0.035822865057509895,0.1735528870670771,0.09002650921511021,0.13696076781291475,0.035822865057509895
182,0.3077489440782258,0.3077489440782258,0.20772260827257083,0.20772260827257083,0.5801883234239339,0.08974911800248782,2.950115279157329e-05,1.277509594641898e-05,0.10094545589730751
183,0.26056814698776426,0.26056814698776426,0.6167377132716972,0.02811207613191579,0.5455312183985174,1.0498172827773474e-05,1.2891228462497046e-05,0.02811207613191579,1.0498172827773474e-05
184,0.25095368297177095,0.25095368297177095,0.17194752766413268,0.018987844478772276,0.07985158615736718,1.2937922959161489e-05,0.17194752766413268,0.018987844478772276,0.018987844478772276
185,0.2263970337070324,0.2263970337070324,0.0849506035525778,0.4214816011246482,2.9817274037176634e-05,0.0849506035525778,0.07879109318719414,0.0907190480871049,0.0849506035525778
186,0.07807382713756345,0.07807382713756345,0.07807382713756345,1.295394327012831e-05,0.41860116840791034,0.07807382713756345,0.035544664272589725,0.035544664272589725,0.08986337452874835
187,0.6306416503746041,0.027769181582699552,0.1536714360981755,0.05315491772307075,0.05315491772307075,0.05315491772307075,0.05315491772307075,0.027769181582699552,0.1536714360981755
188,0.2523598343144614,0.2523598343144614,0.09290440258510906,0.4852831431390795,0.09290440258510906,0.03569556866286643,0.08017855864846304,0.09290440258510906,0.03569556866286643
189,0.10846296311082332,0.10846296311082332,0.5958260698290772,0.5816430938707242,1.3024426335292425e-05,0.0783902715877611,0.10846296311082332,0.10846296311082332,0.08934306293202986
190,0.1745045488163322,0.1745045488163322,0.07779933183737418,0.07779933183737418,0.5441222674492943,0.08069118746753291,0.07779933183737418,0.1745045488163322,0.07779933183737418
191,2.9358777801672417e-05,0.7084666612925468,0.10204140258682043,0.15425649283521622,0.15425649283521622,0.017362929134776488,0.017362929134776488,0.017362929134776488,1.2753732099447386e-05
192,0.22675838258516098,0.22675838258516098,0.436704690674025,0.05201295803803473,0.05201295803803473,0.05201295803803473,0.08150589961573322,0.05201295803803473,0.10039644239243171
193,0.11970617165931305,0.11970617165931305,0.15381516897438902,0.1477976422353145,0.1477976422353145,0.15381516897438902,2.9027979127886362e-05,0.11970617165931305,0.09928003946459213
194,0.07831883217839522,0.07831883217839522,0.07831883217839522,0.14948747894596373,0.1537681755454289,0.07831883217839522,1.2919586812128362e-05,0.14948747894596373,0.1537681755454289
195,0.2527461234558932,0.2527461234558932,0.48126213437473736,0.17159840446204358,0.17159840446204358,2.9530059454649263e-05,0.10191664667154135,0.031705577583405024,0.031705577583405024
196,0.1679648578302842,0.1679648578302842,0.5840619267700362,0.08185338264329013,0.11226181186190637,1.3108286581102164e-05,0.11226181186190637,0.1679648578302842,0.11226181186190637
197,0.3194029799384723,0.3194029799384723,0.6209127411629869,0.10468338049910264,0.10468338049910264,0.07889646988105391,0.02825710723423592,0.10468338049910264,0.02825710723423592
198,0.13626011847803343,0.13626011847803343,1.3044237708923438e-05,0.4393380673096125,0.035603360483363614,0.035603360483363614,0.13626011847803343,0.482833002879744,0.09050658695653671
199,0.22589231082932826,0.22589231082932826,0.08380397814912414,0.148662353564876,0.148662353564876,0.07995319888162385,0.08380397814912414,0.08380397814912414,1.3012721564851455e-05
200,0.119958264712366,0.119958264712366,0.15380443081802656,0.02860659409492497,2.9213861183334635e-05,0.15380443081802656,0.091562065748939,0.119958264712366,0.02860659409492497
201,0.6277228932310243,0.08989523513575433,0.0802359996304665,0.027840181009506526,0.03544856981598938,0.4253042828109201,0.027840181009506526,0.03544856981598938,1.294356584923754e-05
202,0.13777763871504956,0.13777763871504956,0.48103556790063123,0.17247678553681964,0.09142400389196802,0.17247678553681964,0.0995223797874201,0.13777763871504956,2.9460040429819248e-05
203,0.16733457115107264,0.16733457115107264,0.5833160287331471,0.07271174675532856,0.07271174675532856,0.16733457115107264,0.07271174675532856,0.07271174675532856,0.09030007551590674
204,0.31773317729029593,0.31773317729029593,0.6153319133803059,0.5400264330193634,0.03499050800949875,0.03230528255917984,2.9653595472955764e-05,0.03499050800949875,0.03230528255917984
205,0.24784837165036808,0.24784837165036808,0.20235008388402395,0.08410146814361863,0.08410146814361863,0.08410146814361863,1.3073485532396748e-05,0.08123528278976136,0.20235008388402395
206,0.1233602680207022,0.1233602680207022,1.3216692918407489e-05,0.14970415674592083,0.09010379188824812,0.4354641808804021,0.1233602680207022,0.10063613085764357,0.14970415674592083
207,0.22031522917844842,0.22031522917844842,0.05483747539299561,0.08064301853198765,0.08064301853198765,0.05483747539299561,0.05483747539299561,0.05483747539299561,0.08064301853198765
208,0.12096616866294095,0.12096616866294095,0.4383924230389977,0.4228869257250497,0.03256379498821832,0.12096616866294095,0.07965155388380538,0.07984820730275917,0.03256379498821832
209,0.2528478430444503,0.2528478430444503,0.47942274465262047,0.48609761526334144,1.3019709368826172e-05,0.028581728564472733,0.0899876956988201,0.1001836083505982,0.028581728564472733
210,0.16819501983374446,0.16819501983374446,0.20695896694105415,0.16819501983374446,0.20695896694105415,0.028726851803327486,0.08162076143000817,0.09987907844530095,0.028726851803327486
211,0.32013050805752,0.32013050805752,0.012343049391174955,0.19220480088601335,0.19220480088601335,0.012343049391174955,0.012343049391174955,0.08867823112464669,0.012343049391174955
212,0.2498962064180917,0.2498962064180917,0.4897210214458674,0.1543202595098564,1.0341574822930465e-05,1.0341574822930465e-05,0.1543202595098564,0.09183620701701571,1.2948606587694195e-05
213,0.0799879965318898,0.0799879965318898,0.43739030634249987,0.14771806961764303,0.14771806961764303,1.3060276253626105e-05,0.0799879965318898,0.10143495132947371,0.0799879965318898
214,0.11977204841086506,0.11977204841086506,0.15371842363447508,0.1482964756225129,0.11977204841086506,0.1482964756225129,0.15371842363447508,0.10062053379280668,1.3071002533926252e-05
215,0.22277704321207328,0.22277704321207328,0.15558851013373207,0.14938233665948258,0.14938233665948258,0.15558851013373207,1.0334063430556529e-05,1.0334063430556529e-05,0.09922631570897576
216,0.25065000618765,0.25065000618765,0.22177853371362968,0.48829434224700136,2.9090101265830178e-05,0.09205319663486232,1.3078285623145719e-05,0.08041333211057188,0.22177853371362968
217,0.10955546074538837,0.10955546074538837,0.5846558967684402,0.20492131362636462,0.20492131362636462,0.10955546074538837,0.028275612294375987,0.10955546074538837,0.028275612294375987
218,0.3199008322285156,0.3199008322285156,0.21869270762483228,0.03165488822395158,0.19220101229402276,0.19220101229402276,0.03165488822395158,0.21869270762483228,0.08098356505874242
219,0.20772738955249986,0.20772738955249986,2.9229805850995374e-05,0.08385521445895132,0.08385521445895132,0.35074642987084725,0.08385521445895132,0.08085709916520258,1.3138947794728062e-05
220,0.12355639143832436,0.12355639143832436,0.15520374052318606,0.1484781057485017,0.1484781057485017,0.15520374052318606,0.07996149143886658,0.12355639143832436,1.3310937570333348e-05
221,0.22077277080034227,0.22077277080034227,0.15403877314312708,0.14857872950641532,0.14857872950641532,0.02841434003511948,0.15403877314312708,0.02841434003511948,0.10031159828590192
222,0.12083433351038018,0.12083433351038018,0.4356900901343792,0.1476767980193739,0.1476767980193739,0.0818921985121871,0.12083433351038018,1.3218896908114508e-05,0.08974820166223806
223,0.2536655907177863,0.2536655907177863,0.08036549970287331,0.09332441536500206,0.09332441536500206,0.09332441536500206,0.09937110632347898,0.09033206274175316,2.9685834037259535e-05
224,0.16829140479874766,0.16829140479874766,0.5871352546569094,0.16829140479874766,0.5815103734766682,0.03505639544871421,0.07985472812194244,0.03505639544871421,2.915292642648701e-05
225,0.31695918016235053,0.08043471084766389,0.21917488334374818,0.19132404124913496,0.19132404124913496,0.31695918016235053,2.9371026942580254e-05,0.07964188419073288,0.21917488334374818
226,0.08827027183068491,0.08827027183068491,0.17101187967629555,0.15346740946909304,0.15346740946909304,0.08827027183068491,1.3232725215131416e-05,0.08827027183068491,0.17101187967629555
227,0.22388934098837565,0.22388934098837565,0.43870282361029295,0.1465910416468863,0.07887031306649613,0.08988547465197964,0.1465910416468863,4.62970087319446e-06,4.62970087319446e-06
228,0.6265414901806285,1.2958582792875659e-05,0.05434994077858376,0.14906270192438975,0.14906270192438975,0.05434994077858376,0.05434994077858376,0.05434994077858376,0.09941990013846086
229,0.1221477266442616,0.1221477266442616,0.15666130056358213,1.2934578533232502e-05,0.42264614005412027,2.942062410481978e-05,0.08898664463332003,0.15666130056358213,0.1221477266442616
230,0.1392643680946664,0.1392643680946664,0.4783371875967425,0.09319340466782211,0.09319340466782211,1.2969059104393264e-05,0.1392643680946664,0.09319340466782211,2.9422997136040177e-05
231,0.16757626792664107,0.16757626792664107,0.20750182324639843,0.16757626792664107,0.11245195508760433,0.11245195508760433,0.08053991208958644,0.20750182324639843,0.11245195508760433
232,0.3186178323499536,0.3186178323499536,0.6123696678206038,0.19403976433709602,0.19403976433709602,0.0799847014239047,0.09948667024463788,0.07925247943244648,1.3164574938379023e-05
233,0.0880951394927499,0.0880951394927499,0.09393665885677553,0.09393665885677553,0.09393665885677553,0.07997021379698904,0.4368729548088616,0.0880951394927499,0.0880951394927499
234,0.07947756917738351,0.07947756917738351,0.43733263513221393,0.0810257697545579,0.0810257697545579,0.07947756917738351,0.07923925731808928,0.07947756917738351,0.0810257697545579
235,0.22094442021009342,0.22094442021009342,0.15275554413816203,0.03189286705544909,1.3235139456209197e-05,0.03189286705544909,0.15275554413816203,0.4232144885773273,0.08082146573139015
236,0.12027418109167598,0.12027418109167598,0.15534798152455265,0.14814025785558127,0.14814025785558127,0.15534798152455265,0.12027418109167598,2.9620878892587456e-05,1.3311814938258133e-05
237,0.25450965578446566,0.25450965578446566,0.4786604032520697,0.1704630676789996,0.1704630676789996,0.10073100493500314,0.03186419808949591,1.3248939638843385e-05,0.03186419808949591
238,0.3061557069392342,0.3061557069392342,4.683679253648467e-06,0.09038560543514651,0.11230408374884197,0.11230408374884197,0.11230408374884197,4.683679253648467e-06,0.0801653109207739
239,0.3212569831299581,0.3212569831299581,0.21777178890431417,0.09034693718205652,0.5471536345030867,0.21777178890431417,1.0321311888545613e-05,1.0321311888545613e-05,0.07860549932827646
240,0.2468755539228725,0.15378115579497964,0.4859262994816146,0.15378115579497964,0.07887475395091208,0.2468755539228725,4.564302920232876e-06,4.564302920232876e-06,0.08893776659592192
241,0.22578220792810946,0.22578220792810946,0.15471680503534738,0.14886466382485045,0.08876377767000627,0.14886466382485045,0.07842729755456736,0.15471680503534738,0.10002872725805496
242,0.6204516644418132,0.03538542508339325,0.08307276438223073,0.4196038262905703,0.08307276438223073,1.0276681860227566e-05,0.03538542508339325,0.08307276438223073,1.0276681860227566e-05
243,0.2224718128277397,0.2224718128277397,0.08364254179809391,0.4187730479011361,0.1006648990289422,1.3260343582813908e-05,0.08364254179809391,0.08364254179809391,0.08815989167980279
244,0.25261683026422843,0.25261683026422843,0.16844487332538324,0.17152739317701218,0.17152739317701218,0.027985237751240448,0.027985237751240448,0.07808883072826972,0.16844487332538324
245,0.16718675993068938,0.16718675993068938,0.03233471210159852,0.02765485193695753,0.581072743460926,0.02765485193695753,0.16718675993068938,0.10122103037380382,0.03233471210159852
246,0.31690678651043225,0.31690678651043225,0.7254348670694334,0.10498692988081684,0.10498692988081684,0.03538407457459507,0.10498692988081684,2.9280202644057087e-05,0.03538407457459507
247,0.13555244217295026,0.13555244217295026,0.4871944134229278,0.017272379999206614,0.43407053950801255,0.13555244217295026,0.017272379999206614,0.017272379999206614,0.10193621686558536
248,2.8736268931518606e-05,0.6383839379214745,0.15384485778332144,0.08014210772475262,0.08014210772475262,0.15384485778332144,0.08001610634170521,0.08014210772475262,0.10026433150749774
249,0.2216312835690253,0.03467746886363283,0.4314924677034963,0.14856382598371656,0.14856382598371656,0.08987826867608212,0.03467746886363283,0.2216312835690253,2.9509350560090683e-05
250,0.1205167700074414,0.1205167700074414,0.4343200672824249,0.08100979801782085,0.08100979801782085,0.08100979801782085,2.8799788213800266e-05,0.1205167700074414,0.0797839846335091
251,0.2537486995331368,0.2537486995331368,0.17219836475991457,0.1704632493035276,0.1704632493035276,0.17219836475991457,1.331162675145604e-05,0.08872805973113776,0.09841803622393795
252,0.16663173382494603,0.16663173382494603,0.20731142558788263,0.0798084861811355,0.5859527248909302,0.16663173382494603,0.20731142558788263,4.745717082705372e-06,4.745717082705372e-06
253,0.17518191547544232,0.17518191547544232,0.09858380306146006,0.02902708144671731,0.19173869078678352,0.19173869078678352,0.17518191547544232,0.02902708144671731,0.6171630072568202
254,0.24900999496711565,0.24900999496711565,0.1739486239969971,0.07995252320736498,0.08379589098996164,0.07967853067753615,0.08379589098996164,0.1739486239969971,0.08379589098996164
255,0.2241805072279033,0.2241805072279033,0.15493126154457018,0.1492888740367405,0.1492888740367405,0.07910699193248544,0.028451901842552658,0.028451901842552658,0.15493126154457018
256,0.11927087329307584,0.11927087329307584,0.4346880159035868,0.14740086072721317,0.14740086072721317,0.10165301851712001,0.07980241650921076,0.07981808608916685,0.11927087329307584
257,0.22124257790079122,0.22124257790079122,0.15380913663340035,0.08147741126608572,0.08147741126608572,0.0517012049071647,0.15380913663340035,0.10136815601344605,0.08147741126608572
258,0.7150418465813131,1.3377796290770475e-05,0.09210036650998928,0.48453473860856333,2.9323472181890034e-05,0.09210036650998928,0.05127460379418319,0.08241339014874012,0.09210036650998928
259,0.3066876905589337,0.3066876905589337,0.20816811675516872,0.20445363177518963,0.20445363177518963,1.0393104395500877e-05,0.10149199868717744,0.20816811675516872,1.0393104395500877e-05
260,0.1734615345753166,0.1734615345753166,0.21983078024481506,0.5391154108230836,0.02817724508435777,1.3321649288840902e-05,0.1734615345753166,0.21983078024481506,0.02817724508435777
261,0.08906981134499624,0.08906981134499624,0.17115137659647664,0.15620705458279716,0.15620705458279716,0.08906981134499624,2.9198911728322502e-05,0.17115137659647664,0.08906981134499624
262,0.08107139563048388,0.6386997420092955,0.4394191599020179,4.611238100291727e-06,0.14876509764050358,0.14876509764050358,4.611238100291727e-06,0.07883972460421662,0.10087325319827331
263,0.2198140725898054,0.2198140725898054,0.08282913841419005,0.08081749059296141,0.08081749059296141,0.08282913841419005,0.08081749059296141,1.3266357146694371e-05,0.08282913841419005
264,0.22126871224736824,0.22126871224736824,0.05470177701808079,0.05470177701808079,0.1505675694981723,0.1505675694981723,0.05470177701808079,0.05470177701808079,2.9342514587772646e-05
265,0.25187957538211597,0.25187957538211597,0.17039903275672083,0.17081727515177358,0.17081727515177358,0.10128937787675214,0.08035322333468113,1.3143345443978169e-05,0.17039903275672083
266,0.1703689528049262,0.1703689528049262,0.5883548301661126,0.20590266061803308,0.20590266061803308,0.028278856579831035,0.1703689528049262,0.028278856579831035,2.9571259777380405e-05
267,0.17397691349272665,0.17397691349272665,0.219567535352696,0.5452692778218292,0.219567535352696,0.027649192030281086,0.027649192030281086,0.17397691349272665,0.10083161047358877
268,0.13610112745740943,0.13610112745740943,0.48701073595039657,0.15492560003879902,0.15492560003879902,0.13610112745740943,0.03494870329081868,0.03494870329081868,0.08031297702197959
269,0.22466803622904424,2.9127189541386663e-05,0.43597654146207343,0.22466803622904424,0.4179232695028356,0.018354888681364645,0.018354888681364645,0.028486583074788185,0.028486583074788185
270,0.617455151602951,1.3338567746354788e-05,0.15392107169133784,0.05226779622889957,0.05226779622889957,0.05226779622889957,0.05226779622889957,0.08065885198642042,0.15392107169133784
271,0.05645830580693221,0.05645830580693221,0.1540524976636536,1.3520018370926096e-05,0.05645830580693221,0.05645830580693221,0.05645830580693221,0.1540524976636536,0.10008500657008766
272,0.2521856615954471,0.2521856615954471,0.0931185075714896,0.17168664843545536,0.05251695733714413,0.0931185075714896,2.9280563989721676e-05,0.17168664843545536,0.0931185075714896
273,0.3083260593859251,0.3083260593859251,0.20851307242961106,0.206817938116017,0.09964825152446026,2.9058100741667323e-05,1.338259072986136e-05,0.20851307242961106,0.206817938116017
274,0.8976904550351956,0.11886588747736077,0.11886588747736077,0.5454194919525707,2.9238378856241023e-05,4.7326770340403475e-06,0.11886588747736077,4.7326770340403475e-06,0.05148222220077844
275,0.7045550668563656,1.3544003121652196e-05,0.1714838093731686,0.43562549768468545,0.05274966927507977,0.100183202139795,0.07933118630014935,2.895752284128987e-05,0.1714838093731686
276,0.1740975753855779,0.1740975753855779,0.1562241564466246,0.14841740931206573,0.1562241564466246,0.14841740931206573,0.028065951066643023,1.3475800304741803e-05,0.028065951066643023
277,0.2210155197585875,0.2210155197585875,0.4312949919119264,0.052094027595840184,0.052094027595840184,0.0809050568606704,0.09916978112757543,0.052094027595840184,0.052094027595840184
278,0.22190071189803037,0.22190071189803037,0.15441887729241527,0.14961653278862802,0.14961653278862802,0.08027619584000187,0.018676275414188988,0.15441887729241527,0.018676275414188988
279,0.2530147825237097,0.2530147825237097,0.16843294777326137,0.17187809382988117,0.07977831164214201,0.16843294777326137,0.17187809382988117,2.9134157611127257e-05,1.3338019596550963e-05
280,0.07846182423365822,0.07846182423365822,0.20717881892751636,0.07846182423365822,0.07846182423365822,0.05311650462504096,0.20717881892751636,0.5775952125037539,0.07846182423365822
281,0.11210656691399284,0.11210656691399284,0.21979543151103265,0.10439107805656057,0.10439107805656057,0.11210656691399284,0.11210656691399284,0.21979543151103265,0.10439107805656057
282,0.25149333347354275,0.25149333347354275,0.49078362704250794,0.15499762323630806,0.15499762323630806,0.10043344686526837,0.07958660179655906,0.05182472376855857,0.08053751297694114
283,0.22646806859885027,0.22646806859885027,0.15354181724022872,0.07982626087319913,0.07982626087319913,0.07982626087319913,2.9255814657475146e-05,0.08049704555273016,0.15354181724022872
284,0.12022857230477098,0.12022857230477098,0.15248718505186523,0.14898637367808074,0.12022857230477098,0.15248718505186523,1.3410666481761941e-05,0.14898637367808074,0.07902580425711613
285,0.22199111993115123,0.22199111993115123,0.08411789071735298,0.08411789071735298,0.42392494611692183,0.02778598390378261,0.10083071388608532,0.02778598390378261,0.08411789071735298
286,0.25606648977321433,0.25606648977321433,0.4847717943462895,0.17162411061169558,2.899509009887305e-05,0.08006694403727464,0.17162411061169558,4.732831906089287e-06,4.732831906089287e-06
287,0.30868446191588295,0.30868446191588295,0.11248930886367395,1.3329474305307743e-05,0.2036117015998478,2.8894933560685772e-05,0.11248930886367395,0.11248930886367395,0.2036117015998478
288,0.3183594410877344,0.3183594410877344,0.08011760711282577,0.19306776337774945,0.19306776337774945,1.3415831722676214e-05,0.01524612084393212,0.01524612084393212,0.01524612084393212
289,0.08389403179381566,0.13592842754254053,0.4917231073817061,0.08389403179381566,0.08389403179381566,0.13592842754254053,0.05293925857304498,0.09973923811737563,0.13592842754254053
290,0.22581030936483118,0.03540210263911999,0.03540210263911999,0.05207156987873715,0.05207156987873715,0.05207156987873715,0.22581030936483118,0.08082736435736472,0.05207156987873715
291,0.2211683642943461,0.2211683642943461,0.0065812030158587135,0.08060447801885187,0.08060447801885187,0.0065812030158587135,0.08060447801885187,0.0065812030158587135,0.0065812030158587135
292,0.22247912358085992,0.22247912358085992,0.14966556865960787,0.14966556865960787,0.07950086805382131,0.15612659443743473,0.07958511484825743,0.15612659443743473,0.05208690752223985
293,0.251784088820086,0.251784088820086,0.019615825883789097,0.169525642519413,0.169525642519413,0.019615825883789097,0.48107316675416945,0.05228080090879812,0.019615825883789097
294,0.16763857024081819,0.16763857024081819,0.20730796587160003,0.5797302392830255,0.20730796587160003,0.16763857024081819,0.035701379826043544,0.07947163861679961,0.035701379826043544
295,0.3163496133101965,0.3163496133101965,0.07742236952222838,0.54198298489569,0.09870451120861326,0.07742236952222838,0.07742236952222838,2.9273841193211644e-05,0.07742236952222838
296,0.1351975384773813,0.1351975384773813,0.4877785445501143,0.08422592481582708,0.08422592481582708,0.08422592481582708,0.1351975384773813,0.03516581725028436,0.03516581725028436
297,0.028152293889202835,0.22671334309058555,0.43970026637157944,0.22671334309058555,1.0295289389338502e-05,0.028152293889202835,1.0295289389338502e-05,1.3525190095218607e-05,0.42094880657729555
298,0.6194295196338246,0.05117199053768999,0.15252988720843755,0.15252988720843755,0.41480238332004266,0.015192023118700514,1.3661889909243237e-05,0.015192023118700514,0.015192023118700514
299,0.11656360812938545,0.11656360812938545,0.6723038252647825,0.42148632141473547,0.05252457054088635,0.11656360812938545,0.07975519668930882,1.3207251497900472e-05,0.11656360812938545
300,0.2537514426172453,0.2537514426172453,0.2189772017521933,0.07857923396284182,0.2189772017521933,2.897288379270658e-05,0.053313473161667894,0.483662743283044,0.10022383217299652
301,0.3102630166987885,0.3102630166987885,0.5908626168902228,2.6203466880524407e-06,0.20370628018710543,2.6203466880524407e-06,0.20370628018710543,2.9138737316939567e-05,2.6203466880524407e-06
302,0.2523575833692906,0.2523575833692906,0.4289277449490641,0.1922596232771383,0.1922596232771383,0.03580493738640513,0.0789710858603077,0.05147503042280945,0.03580493738640513
303,0.13580747061647294,0.13580747061647294,0.48507173129282605,0.08356416391640285,0.08356416391640285,0.05257486273799412,0.13580747061647294,0.08126629366577082,0.08356416391640285
304,0.12373670495737592,0.12373670495737592,0.08338688842993913,0.14891131928716803,0.14891131928716803,0.08338688842993913,0.08338688842993913,0.07927342757236376,0.12373670495737592
305,0.11987915738169558,0.11987915738169558,0.43431895104944573,0.08138047050341207,0.08138047050341207,0.08138047050341207,0.09899546732730372,0.11987915738169558,1.3434331416034448e-05
306,0.07762188499116818,0.07762188499116818,0.4375889498371227,0.1480139300118748,2.8811764624551147e-05,0.07762188499116818,0.08101371825437453,0.07762188499116818,0.1480139300118748
307,0.2533998413525256,0.2533998413525256,0.47514615272489014,0.09343857185695008,0.09343857185695008,0.028578653665810735,0.09343857185695008,0.028578653665810735,0.09949055381530161
308,0.1686218450127437,0.1686218450127437,0.5890167187860249,0.1686218450127437,0.20549620362903395,0.20549620362903395,2.9051828231269988e-05,0.1018485211304081,1.350389809335987e-05
309,0.319106523271257,0.319106523271257,0.10470958261062784,0.10470958261062784,0.10470958261062784,0.6142291757822346,1.3724670609166413e-05,0.0781882961930512,2.8919618304708962e-05
310,0.2493191557294816,0.2493191557294816,0.17281271717520347,2.9152084720584977e-05,0.4360858270598743,0.17281271717520347,0.018822763124242914,1.3507237026728092e-05,0.018822763124242914
311,4.732902525865579e-06,0.22552342435077702,0.15565599519858916,0.41802676575342856,4.732902525865579e-06,0.15565599519858916,0.22552342435077702,0.0285227535192775,0.0285227535192775
312,0.21933748674415407,0.21933748674415407,0.15300823589442666,0.147644866810265,0.028430050704828395,0.08104484443303933,0.15300823589442666,0.028430050704828395,0.147644866810265
313,2.9096627584414372e-05,0.6221555804084776,0.084475297618016,0.149650910669544,0.149650910669544,0.084475297618016,0.028726019279897545,0.084475297618016,0.028726019279897545
314,0.13716634290116636,0.13716634290116636,0.48108480003678206,0.48560067653667466,0.019492076719146698,0.052854970145394864,0.019492076719146698,0.019492076719146698,0.13716634290116636
315,0.8706015408358794,0.1108791854630017,0.20590659371906064,0.1108791854630017,0.20590659371906064,0.09947658886966722,0.1108791854630017,1.378182350058245e-05,2.930951750961253e-05
316,0.3213654117175609,0.3213654117175609,4.81055083088878e-06,0.1931696555799617,2.9522983798323462e-05,0.1931696555799617,0.08077388031432871,4.81055083088878e-06,0.6236836570784242
317,0.08922224739628688,0.08922224739628688,0.4863435027509315,0.15283709882672794,0.15283709882672794,0.08922224739628688,0.08922224739628688,2.9002937265813814e-05,0.08090126033255794
318,0.22618609528257563,0.22618609528257563,0.1557546188417644,0.14779246611844118,0.14779246611844118,1.0274846663757453e-05,0.1557546188417644,1.3777071763698313e-05,1.0274846663757453e-05
319,0.2198441776381121,0.2198441776381121,0.15244842489754284,0.15244842489754284,0.4205556771999811,4.800229329287841e-06,0.052312885873906964,4.800229329287841e-06,0.07990121527363167
320,0.22372461831321921,0.22372461831321921,0.1552672313528004,0.1552672313528004,0.14970868264874695,0.14970868264874695,2.900703591511214e-05,0.10052025026675794,1.3723685137201695e-05
321,0.13801784703217423,0.13801784703217423,0.20632756982974307,0.13801784703217423,0.4851253879826277,0.20632756982974307,1.3712278044169221e-05,0.053257947855997294,0.07974014115008747
322,0.30870003799604556,0.30870003799604556,0.5835438801894206,0.2054619183498256,0.2054619183498256,0.02782617169531858,0.08389334413493446,2.9087110577896914e-05,0.02782617169531858
323,0.3167475069662774,0.3167475069662774,0.6268861860612528,0.10460094269467181,0.10460094269467181,0.08407339605688825,0.10460094269467181,1.3432136912378281e-05,0.09992106651859417
324,0.13623078448113524,0.13623078448113524,0.48956153251439166,0.15427091258905692,0.15427091258905692,0.13623078448113524,0.10141879575250194,0.08212753347182887,0.08077706824883278
325,0.12365279634288483,0.12365279634288483,0.08437268352337388,2.9083250580245097e-05,0.08437268352337388,0.09826695166515194,0.12365279634288483,0.08437268352337388,0.41851993556524925
326,0.21892668400836934,0.10013079529256697,0.05170496266343092,0.05170496266343092,0.05170496266343092,0.05170496266343092,0.15344857903925735,0.21892668400836934,0.15344857903925735
327,0.052636826604215904,0.6232294132179669,0.15511821541855228,0.14716951442638923,0.14716951442638923,0.15511821541855228,0.07937378305098741,0.09945802335601567,2.8747429293603755e-05
328,0.3355831972847188,0.3355831972847188,0.22252988469895574,0.16969437038536406,0.16969437038536406,0.018681334677656647,0.018681334677656647,2.9207349474937162e-05,0.22252988469895574
329,0.2493611566843809,0.2493611566843809,0.01946530688648187,0.15786921367765827,0.01946530688648187,0.2493611566843809,0.15786921367765827,0.15786921367765827,0.01946530688648187
330,0.31763674446043333,0.31763674446043333,0.1466067994438106,0.1933655910185804,0.1933655910185804,0.1466067994438106,0.02929887497790949,0.02929887497790949,0.1466067994438106
331,0.0,0.0,0.0,0.0,0.0,0.0,2.9149615492828313e-05,0.07923068317958883,0.0
332,0.22643074565296495,0.22643074565296495,0.4404954965580251,0.14688561760467178,0.034877241440401816,0.14688561760467178,1.3541220868263233e-05,0.08162432579218655,0.034877241440401816
333,0.22256382409122547,0.22256382409122547,0.08276707245549382,2.8841327615743867e-05,0.42128156497863795,0.029550125456221446,0.08276707245549382,0.08276707245549382,0.029550125456221446
334,0.2865121509047365,0.2865121509047365,0.43727617127747,0.14872173270789318,0.14872173270789318,0.0351616207358394,0.0351616207358394,1.3745229768516318e-05,2.8707136056606175e-05
335,0.027875464521498992,0.2535288203470958,0.17064209658540438,0.1699894050505242,0.1699894050505242,2.881216057730624e-05,0.2535288203470958,0.17064209658540438,0.027875464521498992
336,0.3804113462298172,0.3804113462298172,0.5771095005298464,0.2031056292631211,0.2031056292631211,1.3663934034428516e-05,0.07995612018801192,0.08439994441045337,0.05256369232270242
337,0.17492237064123092,0.17492237064123092,0.6217455855271147,0.08232307214192729,0.5498331504839078,0.015448423715102447,0.17492237064123092,0.015448423715102447,0.015448423715102447
338,0.08305941832265641,0.08305941832265641,0.053814876560764884,0.0777543233623737,4.816296419060119e-06,0.3410372094291097,0.0777543233623737,0.08305941832265641,4.816296419060119e-06
339,0.05462641309585877,0.2254784413710157,0.05462641309585877,0.41688341711335264,0.2254784413710157,0.05462641309585877,0.05462641309585877,0.05334553616879016,2.8942718404503117e-05
340,0.22017425628403417,0.22017425628403417,0.1541367938875193,0.08027182921047092,0.08027182921047092,0.08027182921047092,0.018665341852927557,0.1541367938875193,0.018665341852927557
341,0.22147440345624586,0.22147440345624586,0.4380239997472148,0.4204563708706447,2.932470597186005e-05,0.05230681772398042,0.08336302808494458,0.10147530439887098,1.379016403189298e-05
342,0.06402406769519331,0.06402406769519331,0.05163950604493538,0.4872122386968482,0.06402406769519331,0.06402406769519331,0.09997594704706846,0.06402406769519331,1.3725735014089125e-05
343,0.8723561284651901,0.08276560520267592,0.204835092649787,0.20424120341017282,0.20424120341017282,0.204835092649787,2.8808073291994953e-05,0.053426056979495866,0.1002628624845245
344,0.31876518863145553,0.31876518863145553,0.6154977292071434,0.03523421324494786,0.19433106412767362,0.03523421324494786,1.3745196602548638e-05,0.19433106412767362,0.08391455643282258
345,0.7140822650934747,0.08227350940348789,0.4853382891481184,0.05472789566496305,0.05472789566496305,0.05472789566496305,0.0808435660879194,0.05472789566496305,2.923950853350718e-05
346,0.12283080962073945,0.12283080962073945,0.43809313107758935,0.05228449678671148,0.08067357538114438,0.029474869619900618,0.12283080962073945,1.3799338115594961e-05,0.029474869619900618
347,0.12056112586109638,0.12056112586109638,0.12056112586109638,0.015550263141771058,0.05260002370690008,0.43440917119173905,0.4200139786886675,0.015550263141771058,0.015550263141771058
348,0.12024408925926666,0.12024408925926666,0.05469713243116278,0.4252879866384093,0.12024408925926666,0.05469713243116278,0.05469713243116278,0.05469713243116278,0.08293416762328033
349,0.2542823543864795,0.2542823543864795,0.17012005264366653,0.1727516556200896,0.02741578134732882,0.02741578134732882,0.1727516556200896,0.17012005264366653,0.08243919671387769
350,0.3089574774681297,0.3089574774681297,0.5909788150658367,1.0099149564892026e-05,0.20404106925010365,1.0099149564892026e-05,0.053604133093987746,0.10026665722861347,0.20404106925010365
351,0.3182886649409157,0.3182886649409157,0.21985359771398902,0.10421441967999161,0.10421441967999161,1.364025371420821e-05,0.10109629712364261,0.10421441967999161,0.21985359771398902
352,0.24935723163124807,0.24935723163124807,0.1720980488701989,0.43610491937933676,1.3806478792792041e-05,0.05341718632016249,0.08416113599164417,0.1720980488701989,2.9090443264936445e-05
353,0.12322684645137988,1.3799802296377106e-05,0.4377990682981885,0.4214171481952005,2.919920624464435e-05,0.12322684645137988,0.12322684645137988,0.08235861822721889,0.07991710780233559
354,0.07743011282377829,0.07743011282377829,0.43526527808002485,0.07743011282377829,1.393924563321951e-05,0.4161824554083209,0.08016674615702844,0.07743011282377829,2.892489348151757e-05
355,0.22206724574133396,0.22206724574133396,0.43702638041279307,0.0810387871566262,0.08244379530338891,0.0810387871566262,0.0810387871566262,2.8911870411281162e-05,0.10132604906180923
356,0.2534495527707619,0.2534495527707619,0.16887526170802322,0.17191684994570644,0.09821878322894642,0.16887526170802322,2.8664206665726845e-05,0.05236718297653078,0.17191684994570644
357,0.30745242752556184,0.30745242752556184,0.5880093311015532,0.5787602144023887,0.0809381920083099,0.10066063633136481,1.3718160149208026e-05,0.02961180560491163,0.02961180560491163
358,0.36849908659005637,0.36849908659005637,0.22024922721001222,1.403193022440731e-05,0.08409426296268385,0.5430623515247193,0.22024922721001222,2.8981570045216118e-05,0.10048395149455104
359,0.2500252722485038,0.17134555441758675,0.17134555441758675,0.08333565502655214,1.3901040545460762e-05,0.08333565502655214,0.2500252722485038,0.08389241595477544,0.08333565502655214
360,0.12450345041941475,0.12450345041941475,0.15569796913748613,2.8904761621053273e-05,0.42107403510655245,0.15569796913748613,0.09955567927666788,0.08053620266361816,0.12450345041941475
361,0.2199356502423643,0.2199356502423643,0.052536927131647246,0.08037733345147659,0.08037733345147659,0.029632465056211397,0.029632465056211397,0.08037733345147659,0.08067131429299072
362,0.12028143004123143,0.12028143004123143,0.43607484086985937,0.08212674605094172,0.08212674605094172,0.08212674605094172,0.05321317060185002,0.08383643492869744,0.12028143004123143
363,0.13703147243867342,0.13703147243867342,0.4797274325008258,0.1713577843881294,0.1713577843881294,0.13703147243867342,0.08195496645007741,1.3837273468967626e-05,0.10274528802844442
364,0.3088510665649101,0.3088510665649101,0.03481195560729998,0.20437467386534708,0.20437467386534708,0.08087172416548899,0.5869764278709122,0.08279089852300367,0.03481195560729998
365,0.31909900132501806,0.31909900132501806,0.21995085664715663,0.1924129773170632,0.1924129773170632,0.018587944216147782,0.21995085664715663,0.018587944216147782,2.8909142121973353e-05
366,0.7042860948890199,0.052642320349643876,0.1729474097633477,0.15446480136088261,0.0833450887696468,0.1729474097633477,0.15446480136088261,2.9028747034503413e-05,0.09884896134800161
367,0.12316109718089148,0.12316109718089148,0.4381125027911626,0.08154426401820622,0.08154426401820622,0.1007090217395965,0.12316109718089148,0.08154426401820622,0.05212313709436043
368,0.12081187596911105,0.12081187596911105,0.15377158192622442,0.052211879983882534,0.052211879983882534,0.12081187596911105,0.15377158192622442,0.052211879983882534,0.052211879983882534
369,0.22013433380377767,0.22013433380377767,1.0224049174826087e-05,0.08168330556546818,0.08168330556546818,0.08168330556546818,1.0224049174826087e-05,0.09892371285835769,0.4387922046551372
370,0.2512897403132162,0.2512897403132162,0.4762996294616548,0.17187271230031675,0.17187271230031675,2.869637005552424e-05,1.4040298169172605e-05,0.027302601117475588,0.027302601117475588
371,0.308692277557102,0.308692277557102,0.08128306641110085,0.20610952922105363,0.20610952922105363,1.3916088004621142e-05,0.09969307971723121,1.0225487662460582e-05,1.0225487662460582e-05
372,0.17406231191665275,0.17406231191665275,0.21889708130924976,0.10426363177595498,1.3856303124130374e-05,0.21889708130924976,0.10426363177595498,0.17406231191665275,0.10426363177595498
373,0.24939234043521946,0.24939234043521946,0.09350566602633069,0.43969950909841204,0.08035334390880147,0.09350566602633069,0.052562033202563634,0.09350566602633069,0.10008880642086648
374,0.22281662762307422,0.03540252110376834,0.43881726152869716,0.14820914189562104,0.14820914189562104,0.02973868494974957,0.02973868494974957,0.22281662762307422,0.03540252110376834
375,0.6241918618195113,0.05159568047232983,0.01561678769354735,4.844013083430337e-06,2.8489943911617435e-05,0.01561678769354735,0.01561678769354735,4.844013083430337e-06,0.08230788031370788
376,0.07866349958550124,0.07866349958550124,0.4353643171170941,0.14889772464991677,0.14889772464991677,0.07866349958550124,0.07866349958550124,0.03509368344517606,0.03509368344517606
377,0.25293581630772477,0.25293581630772477,0.17055564230657622,1.3935282262817806e-05,0.027740805508136925,0.4856380182321039,0.17055564230657622,0.027740805508136925,2.8803356311219243e-05
378,0.30429688790632553,0.30429688790632553,0.5847319463445032,0.11116338779345711,0.11116338779345711,0.11116338779345711,0.03559692912619948,0.07980909246478853,0.03559692912619948
379,0.1720467000087302,0.1720467000087302,0.6168662165608173,0.10437006638481666,0.10437006638481666,0.09960429527778282,0.10437006638481666,0.1720467000087302,0.0835249222271069
380,0.2502674382829438,0.2502674382829438,0.4851016520568429,0.05466544242486542,0.05466544242486542,0.05466544242486542,2.8465317024489772e-05,0.05466544242486542,0.08222492183444291
381,0.6361648003357774,0.018897689458114222,0.02924189799361822,0.4159065597134263,0.02924189799361822,0.018897689458114222,1.37885029035617e-05,0.027525890047110264,0.027525890047110264
382,0.05624505747209235,0.05624505747209235,0.08408423304020421,0.05624505747209235,0.4149929144847767,0.08408423304020421,0.08408423304020421,0.05624505747209235,0.05624505747209235
383,0.1210039635013164,0.1210039635013164,0.15512895016979897,0.14974892591933683,0.14974892591933683,0.1210039635013164,0.05261145180650491,0.15512895016979897,0.10074714465927112
384,0.13843274575437867,0.13843274575437867,0.4776124540419113,0.0924739861017354,0.0924739861017354,0.0924739861017354,0.13843274575437867,0.09968371179898093,1.3896181620129864e-05
385,0.30795761772717367,0.30795761772717367,0.21010872545252338,0.21010872545252338,0.5808483640939004,2.877889561164641e-05,0.029602236209883514,0.029602236209883514,0.09985880158584992
386,0.32010239114542266,0.32010239114542266,0.6176261793847859,0.027822502655332995,0.5454333007831996,1.3991937163461846e-05,0.027822502655332995,0.09903718168388244,0.05253148131470393
387,0.25192730043756517,0.25192730043756517,0.48801342290665345,0.03542926462687507,4.890899346417023e-06,0.03542926462687507,0.1549773799666072,0.1549773799666072,4.890899346417023e-06
388,0.12405258491963334,0.12405258491963334,1.4020741090109845e-05,0.41307775632039423,0.05202500595722703,0.082209593021277,0.09622802063316732,0.07978710481427642,0.12405258491963334
389,0.22111958576587407,0.22111958576587407,0.154449035006347,0.42087218941298343,0.0183392760198404,0.08016531501579863,0.154449035006347,0.0183392760198404,0.08199736253242927
390,0.07884622213588871,0.2220096664155534,0.15456678886691083,0.05252538011506245,0.034874074269726385,0.15456678886691083,0.2220096664155534,0.4225142792138342,0.034874074269726385
391,0.08968006625867572,0.08968006625867572,0.48140285306281005,0.17012663482298274,0.17012663482298274,0.08968006625867572,0.05227252760568571,2.88380885744419e-05,0.08968006625867572
392,0.3052203261273247,0.3052203261273247,0.5882144183063581,0.2021401882335291,0.08287687981904561,0.05254688299000626,1.013593787836956e-05,1.013593787836956e-05,0.2021401882335291
393,0.318436382731172,0.318436382731172,0.21940491231624398,0.1917702932505696,0.029440329169647766,0.1917702932505696,1.393187247189655e-05,0.21940491231624398,0.029440329169647766
394,0.2509640232982408,0.2509640232982408,0.17260237426344321,0.43614719440803584,0.09984408529515956,0.17260237426344321,0.02879906748028546,0.08017121583420249,0.02879906748028546
395,0.22538408525077905,0.22538408525077905,0.43533218900446846,0.0813951102975688,1.3945495660455821e-05,0.0813951102975688,0.0794026480259437,0.10185070607636823,0.0813951102975688
396,0.2203411681206456,0.2203411681206456,0.43158561176307425,0.07985683021036331,0.07985683021036331,0.08403633571184299,0.07985683021036331,0.10064907318175785,1.3839814559500336e-05
397,0.0792353919952413,0.11992848721996233,0.11992848721996233,0.08192280629606237,0.08192280629606237,0.09941692715432693,0.11992848721996233,2.8908228180239316e-05,0.08192280629606237
398,0.13696022955447795,0.13696022955447795,0.08401527180851188,0.17000328805080925,0.17000328805080925,0.07874575583906168,0.47996817671482517,0.13696022955447795,2.8835109601177185e-05
399,0.31042549239577427,0.31042549239577427,0.11317732766075683,0.20536694480859627,0.20536694480859627,0.11317732766075683,0.11317732766075683,0.07872921817750912,0.09907341175479503
400,0.11248820470451881,0.11248820470451881,0.6219983769595545,0.1918837120576511,2.8639357909156405e-05,0.11248820470451881,0.10100596638456323,0.1918837120576511,0.11248820470451881
401,0.2493930050929826,0.2493930050929826,0.17184433815610997,0.15346755305284032,0.15346755305284032,2.8273524747211194e-05,0.05152759496361481,0.17184433815610997,0.08073712140700354
402,0.12247413884378641,0.12247413884378641,0.15413282803020192,0.14765593258480716,0.14765593258480716,1.3918070368156422e-05,0.12247413884378641,0.15413282803020192,0.08424878630998334
403,0.11994658355892888,0.11994658355892888,2.9057032927123796e-05,0.052428724286250214,0.052428724286250214,0.052428724286250214,0.052428724286250214,0.11994658355892888,0.0517529440742832
404,0.12046865893383332,0.12046865893383332,0.1541728766866338,0.12046865893383332,0.4226943226493242,0.05335411582968634,0.1541728766866338,2.877845550783344e-05,0.08081986221055891
405,0.2513436380830714,0.2513436380830714,0.16922708644069234,0.17018359765453112,0.17018359765453112,0.16922708644069234,0.028371850075256517,0.08337956844429327,0.028371850075256517
406,0.16743729162841794,0.16743729162841794,0.5844803553411173,0.20425842801690625,0.20425842801690625,0.16743729162841794,0.08324867817037171,1.0131101718756917e-05,1.0131101718756917e-05
407,0.902234158494351,1.412662294080479e-05,0.620223706089104,0.1925367350145358,0.1925367350145358,0.10199122090010942,2.8836559631653704e-05,0.08303822458310163,0.053030437094359596
408,0.13544710957851544,0.13544710957851544,0.17142305530106236,0.17142305530106236,4.9215590375909e-06,0.08391614226278134,4.9215590375909e-06,0.4364669683796242,0.13544710957851544
409,0.22632573078693724,0.22632573078693724,0.43751086613051976,0.4182869005050072,0.05222562952036269,0.028300517724837142,0.10132595023108258,2.8926405502504483e-05,0.028300517724837142
410,0.22074237620743112,0.22074237620743112,0.08397780290333866,0.14828129999189635,0.14828129999189635,0.08397780290333866,0.08397780290333866,0.051911031950319056,0.08254708253025801
411,0.12080895587818019,0.12080895587818019,2.90908300420906e-05,0.08170233008954035,0.08170233008954035,0.08170233008954035,0.12080895587818019,0.053344766896475895,0.08227334498523493
412,0.13779958128807843,0.13779958128807843,0.47729829134259094,0.17118049446323916,0.029606767618359377,0.13779958128807843,0.17118049446323916,0.029606767618359377,2.8624464639148112e-05
413,0.1686450332071333,0.1686450332071333,0.2083983134084892,0.20502355936638283,0.20502355936638283,0.0183815333847817,0.0183815333847817,0.2083983134084892,0.1686450332071333
414,0.11274332993132355,0.11274332993132355,0.2173777165510048,0.2173777165510048,0.5413769137183883,0.09861630576973678,0.0814907327488095,0.11274332993132355,0.11274332993132355
415,0.24957796437282215,0.24957796437282215,0.17106025127892388,0.1536984753196895,2.8924398828062193e-05,0.17106025127892388,0.08146016319009952,0.09915528736642941,0.1536984753196895
416,0.07956341541985024,0.07956341541985024,0.43822091632993665,0.08040187175384428,0.08040187175384428,0.07956341541985024,0.10015396470110649,0.08040187175384428,0.07956341541985024
417,0.22203700801069198,0.22203700801069198,0.432495454935851,1.4158137517888474e-05,0.08332205546820852,0.420490848053737,1.0128553255416454e-05,1.0128553255416454e-05,0.051970827631700106
418,0.05651175959200346,0.05651175959200346,0.05651175959200346,0.08065281632254133,0.08065281632254133,0.08065281632254133,1.4058487083884792e-05,0.05651175959200346,0.05651175959200346
419,0.25390767213593385,0.25390767213593385,0.1707824417301382,0.06073301159793952,0.06073301159793952,0.08338363006967496,0.1707824417301382,0.06073301159793952,0.06073301159793952
420,0.16922985339415833,0.16922985339415833,0.08256730426940287,0.07994260010821619,0.20401863849870883,1.01792805127685e-05,0.16922985339415833,0.20401863849870883,1.01792805127685e-05
421,0.019069225195433956,0.3209540261452041,0.6160604186620879,0.19361417005127332,0.3209540261452041,1.4178071812005006e-05,0.19361417005127332,0.019069225195433956,0.019069225195433956
422,0.1360349808498104,0.1360349808498104,0.488484944277985,0.028294329902966358,0.1360349808498104,0.4368603518620127,0.08350254292505832,0.09816981005464583,0.028294329902966358
423,0.22992220696229204,0.22992220696229204,0.0994120987178596,0.05259139168117718,0.05259139168117718,0.05259139168117718,0.028124569726466608,0.05259139168117718,0.028124569726466608
424,0.2195361858188716,0.2195361858188716,0.15199978628259517,0.08106826682547667,0.08106826682547667,0.15199978628259517,0.10168837113144874,0.08106826682547667,1.4209751460323464e-05
425,0.22118424046610122,0.22118424046610122,0.08144789847723224,0.08144789847723224,0.08144789847723224,0.07872115231566901,0.05308339662389332,0.03511908373780261,0.03511908373780261
426,0.1374126919306297,0.1374126919306297,0.0918873617762732,2.8511874915428865e-05,0.05365533366226519,0.10087284717655635,0.0918873617762732,0.0918873617762732,0.1374126919306297
427,0.08269585452357892,0.30597870308298647,2.8835293693855332e-05,0.2052382300612311,0.03482051805037054,0.2052382300612311,0.30597870308298647,0.0797144854361334,0.03482051805037054
428,0.11321604847048068,0.11321604847048068,0.21938359972574886,0.1048235778634505,0.1048235778634505,0.11321604847048068,0.1048235778634505,0.21938359972574886,0.11321604847048068
429,0.0899090825436097,0.0899090825436097,0.08008155152029292,0.15488043445027116,0.15488043445027116,0.5713582173604457,0.0899090825436097,1.4134395410625357e-05,0.0899090825436097
430,0.22595879715857198,0.22595879715857198,0.08397029625637412,0.1491029555682355,0.09974907141937958,0.08397029625637412,2.877885121998661e-05,0.1491029555682355,0.08397029625637412
431,0.21967874029979126,0.21967874029979126,0.15208430841046378,0.4200528445422796,0.09988762706137996,0.15208430841046378,1.4358917066729974e-05,0.027674691654095362,0.027674691654095362
432,0.2207700026979051,0.2207700026979051,0.08402251106587363,0.08402251106587363,0.0811024697658827,0.08156959342436894,0.08402251106587363,0.42247034233046726,0.05213216616786181
433,0.2543758738274181,0.2543758738274181,0.47900299394101825,0.09259859964003378,0.09259859964003378,0.05330256672316867,0.09975093020445557,0.08184099418489567,0.09259859964003378
434,0.8750679530037279,0.05167188278456584,0.2066975819447774,0.05167188278456584,0.05167188278456584,0.05167188278456584,0.05167188278456584,0.05210220435672043,0.2066975819447774
435,0.37451272963931526,0.37451272963931526,0.26494257011201594,0.19249773526985453,0.19249773526985453,0.26494257011201594,0.08327716492539274,1.4103032159099175e-05,0.05286688844584431
436,0.24967758843870114,0.24967758843870114,0.1723905520496987,0.1723905520496987,0.02851838424307842,0.02851838424307842,0.052883080579118155,1.0155683831017248e-05,1.0155683831017248e-05
437,0.2250720494321243,0.2250720494321243,0.15591782197144116,0.14693881071200932,0.14693881071200932,0.15591782197144116,0.08128314394923888,0.05314390482778449,1.4171444061842617e-05
438,0.04239566416111874,0.04239566416111874,0.4388164405116007,0.04239566416111874,0.04239566416111874,0.04239566416111874,0.04239566416111874,0.10052717092395243,2.8359868239679406e-05
439,0.6300810002546312,0.02984891071588389,0.15362783245464726,0.08225121163800066,0.08225121163800066,0.09909017842689148,0.15362783245464726,0.02984891071588389,0.08225121163800066
440,0.25203038132323413,0.25203038132323413,0.17098685500415703,1.4197103902469002e-05,0.08403519445110368,2.8809357890736356e-05,0.09977108274623246,0.05206123707914344,0.17098685500415703
441,0.16800601438403523,0.16800601438403523,0.5825657545759009,0.11109657361543157,0.11109657361543157,1.4281535297821554e-05,0.11109657361543157,0.16800601438403523,0.10088051858278431
442,0.31959004031347565,0.31959004031347565,0.22031250725672086,0.22031250725672086,0.19276193352470625,0.19276193352470625,0.08544461964424192,0.05208197794243367,0.09930507815203991
443,0.08764231965126291,0.08764231965126291,0.17301833710370088,0.4387658152197245,0.08764231965126291,0.17301833710370088,2.8783639250264043e-05,0.09995697864681821,0.08764231965126291
444,0.6394391341814363,0.07930133936970757,0.43994378710217763,0.08041900757172472,0.08041900757172472,0.029138420393263885,1.4329483086510156e-05,0.08041900757172472,0.029138420393263885
445,0.11996491754309829,0.11996491754309829,0.43600512316446005,0.14790763820500516,0.14790763820500516,0.0188296102691267,0.07970880236259846,0.0188296102691267,0.11996491754309829
446,0.22331725855478066,0.22331725855478066,0.43810225189511104,0.05266628246665001,0.05266628246665001,0.05266628246665001,0.052035653505413476,1.4239552241763924e-05,0.05266628246665001
447,0.08858616775872435,0.08858616775872435,0.17015603876636745,0.17281535076922772,0.17281535076922772,0.17015603876636745,0.08858616775872435,0.08858616775872435,0.0796495924056867
448,0.30814519413865527,0.30814519413865527,0.11297456804476602,0.5814763305032135,0.11297456804476602,0.1000517954792155,0.11297456804476602,1.0154807711657686e-05,1.0154807711657686e-05
449,0.17183173773316499,0.17183173773316499,0.218619050380298,0.19283480393865066,0.19283480393865066,0.17183173773316499,0.03576908615945495,0.218619050380298,0.03576908615945495
450,0.2490648105722582,0.2490648105722582,0.4905259652293767,0.08448639652489665,0.08448639652489665,0.07977993091034075,0.08448639652489665,1.4296190633968987e-05,0.0831036517793255
451,0.2255432315049897,0.2255432315049897,0.08345340846681262,0.08023196958494704,0.08023196958494704,0.08345340846681262,0.08409792570552355,0.08023196958494704,0.08345340846681262
452,0.11952427554446951,0.11952427554446951,0.43083919911396124,0.14628814493452819,0.027901870008389087,0.11952427554446951,0.027901870008389087,0.14628814493452819,1.4153842316193828e-05
453,0.22050811780314988,0.22050811780314988,0.15431741173685384,0.1492230844174118,0.05289616376512112,0.1492230844174118,0.15431741173685384,1.4049016001284201e-05,0.08360393066249182
454,0.13811936213434137,0.13811936213434137,0.48095957018098334,0.09373777803504248,0.09373777803504248,0.03563337190719264,0.13811936213434137,0.03563337190719264,0.09373777803504248
455,0.3076839051921752,0.3076839051921752,0.11426167736069182,0.029370067089585165,0.08081329300884506,0.029370067089585165,0.052170538311996625,0.11426167736069182,0.11426167736069182
456,0.3192473742622273,0.3192473742622273,0.6174668657221424,0.5479127282183422,0.05255942545039893,5.50250690522832e-06,5.50250690522832e-06,5.50250690522832e-06,1.4163170006463478e-05
457,0.08881965235195619,0.08881965235195619,2.85044463168619e-05,0.4356935552741085,0.10035047950545128,5.084506425744155e-06,5.084506425744155e-06,0.08881965235195619,0.08881965235195619
458,0.22611910792737308,0.22611910792737308,0.15504251359165622,0.08093178350255889,0.08093178350255889,0.15504251359165622,0.08093178350255889,0.028223546632987193,0.028223546632987193
459,0.2202971748248929,0.2202971748248929,0.08188600182199082,0.08062839098347194,0.08062839098347194,0.08062839098347194,0.035152121130502575,1.426552290502651e-05,0.035152121130502575
460,0.22095037220880456,0.22095037220880456,0.15498613358194535,0.08129808275331851,0.08129808275331851,0.052750727499262545,0.15498613358194535,0.08129808275331851,0.0993414361302095
461,0.08911350497937821,0.08911350497937821,0.08911350497937821,0.17189987746175786,0.17189987746175786,0.08911350497937821,0.016259680289400585,0.016259680289400585,0.016259680289400585
462,0.10909851669775064,0.10909851669775064,0.5887927571752491,1.4253222459345442e-05,0.5772946680337078,0.08183597770908164,0.10909851669775064,2.889813127773075e-05,0.10909851669775064
463,0.17359879997225194,0.17359879997225194,0.10511172265800206,0.10511172265800206,0.10511172265800206,0.21967812627562056,0.08002384686006238,0.21967812627562056,0.17359879997225194
464,0.705901750038479,2.8748005182156807e-05,0.1742699439373746,0.0842180563985193,0.0842180563985193,0.0842180563985193,0.05288758563424208,0.09937725361195876,0.1742699439373746
465,0.22709806025659693,0.22709806025659693,0.05492722679718987,0.05492722679718987,0.1471753835865588,0.05492722679718987,0.1471753835865588,0.05492722679718987,0.08065990249150327
466,0.07779159966014051,0.07779159966014051,0.1520243438010355,0.07779159966014051,0.01836936891916197,0.07779159966014051,0.1520243438010355,1.4244200071393837e-05,0.01836936891916197
467,0.11968909731250059,0.11968909731250059,0.4426457590768962,0.02878900931446444,0.4231348890402538,0.09998540299634058,2.8620730437620325e-05,0.11968909731250059,0.02878900931446444
468,0.25252531869128336,0.25252531869128336,0.47821511852717086,0.17118781016434578,0.02924013156395324,0.02924013156395324,1.4561701971001594e-05,0.07995239993680808,0.17118781016434578
469,0.16678693961897992,0.16678693961897992,0.5932199520911327,0.20474438423512176,0.20474438423512176,0.027711981462959057,0.16678693961897992,1.4343224828077028e-05,0.027711981462959057
470,0.31889182675512145,0.31889182675512145,2.8255563455110945e-05,0.10533209311911347,0.10533209311911347,0.05236469345231819,0.09920568996082055,0.10533209311911347,0.0817447293671177
471,0.13480315018903138,0.13480315018903138,0.4887783451190419,0.052486495776703106,0.12112638258865424,0.12112638258865424,0.08231502374903168,0.13480315018903138,2.8430690048618358e-05
472,0.12251957976337445,0.12251957976337445,0.03507387756353908,0.12251957976337445,0.1482843829920357,0.4385473447607989,0.08188657832180508,0.1482843829920357,0.03507387756353908
473,0.21902416608648007,0.21902416608648007,0.08387097643561944,0.1474234532131197,0.1474234532131197,0.08387097643561944,0.08387097643561944,2.883373639178597e-05,0.0840071080283493
474,0.21939973473792795,0.21939973473792795,0.43556801887738705,0.1510087854033533,0.08307466594983076,2.864462365057498e-05,0.1510087854033533,0.035453985863069,0.035453985863069
475,0.2531622267044282,0.2531622267044282,0.4779300733877528,0.09380592321718358,0.09380592321718358,1.4475430855827596e-05,0.018325341262912916,0.09380592321718358,0.018325341262912916
476,0.07870161959728952,0.07870161959728952,0.5858325451217968,0.07870161959728952,1.0009291066272567e-05,0.07870161959728952,0.07870161959728952,1.0009291066272567e-05,0.10160754347517177
477,0.1722298289796826,0.1722298289796826,0.21930011833083585,0.5462282960890481,0.1722298289796826,0.21930011833083585,0.10039736532273888,1.4311382634708778e-05,0.08331561596476386
478,0.13586085102479195,0.13586085102479195,0.48943331855604916,0.15563358982620298,0.15563358982620298,0.09818043531199178,2.8492351869545404e-05,0.08258040446803651,0.13586085102479195
479,0.22532121799079521,0.22532121799079521,0.051613787412347394,2.8305005841569725e-05,0.08046214051261437,0.08046214051261437,1.4294170564726259e-05,0.10211044268703116,0.08046214051261437
480,0.11998445430900866,0.11998445430900866,0.15376617798758968,0.08134406356350186,0.08134406356350186,0.15376617798758968,0.08134406356350186,0.11998445430900866,0.08325981013126604
481,0.12073640121034715,0.12073640121034715,0.15540482708164982,0.08130000159909921,0.08130000159909921,0.0828588958246054,0.15540482708164982,0.08130000159909921,0.12073640121034715
482,0.25258118508559585,0.25258118508559585,0.4798815231855828,0.1724869242635739,0.08029749748578671,0.05215876646152507,0.08066147150959951,0.1724869242635739,1.4389228408041765e-05
483,0.10829254888559861,0.10829254888559861,0.20732042499442901,0.10829254888559861,1.425000655059589e-05,0.028039090169692558,0.028039090169692558,0.20732042499442901,0.10829254888559861
484,0.3166585644786479,1.413239638353865e-05,0.21998567340336614,0.028222983473583572,0.5435832693054248,0.21998567340336614,0.3166585644786479,0.028222983473583572,0.08393264240418224
485,0.11447953236439473,0.11447953236439473,0.17273557294015185,0.4384665963500893,0.17273557294015185,0.11447953236439473,0.05192008591067869,0.02845669183465679,0.02845669183465679
486,0.12269060453501056,0.12269060453501056,0.4364600309890545,0.1012008218774536,0.05238279102074414,0.05238279102074414,0.12269060453501056,0.05238279102074414,0.05238279102074414
487,0.2193588408323054,0.2193588408323054,0.43454612269239806,0.08025312273098015,0.4183874001477824,0.03552580355528909,0.03552580355528909,0.018662400613644322,0.018662400613644322
488,0.1207835062367289,0.1207835062367289,0.08495444693727955,0.4243042539181261,0.05279526174296747,0.08495444693727955,0.08495444693727955,2.8357713567543344e-05,0.1207835062367289
489,0.13748970780020195,1.4327653800805978e-05,0.382594569756763,0.08064771672243551,0.08477475563740212,0.13748970780020195,0.17067012335127663,0.17067012335127663,0.13748970780020195
490,0.30868582655073384,0.30868582655073384,0.2069185448627341,0.5774339873227484,0.2069185448627341,2.8659276901153592e-05,0.08299274190495794,0.053115690711890935,0.09919019239928657
491,0.32101353483242034,0.32101353483242034,0.0523039495026189,0.19389909458238697,5.0570380019989815e-06,5.0570380019989815e-06,2.8504964488790998e-05,0.08267654071145385,0.19389909458238697
492,0.25041568492067484,0.25041568492067484,0.48216901414000235,9.98041320942557e-06,9.98041320942557e-06,0.4318118124976781,1.4430450897497095e-05,0.08000576192346892,0.08432893987217431
493,0.12276954912307023,0.12276954912307023,0.43757007272811865,0.14833064604488277,0.12276954912307023,0.14833064604488277,0.07725973808933004,2.879420629002168e-05,0.0807266418421526
494,0.12054644916484183,0.12054644916484183,0.43305290715494177,1.4340602600113431e-05,0.01869421525859354,0.08303404592879784,0.12054644916484183,0.4188943209516162,0.01869421525859354
495,0.22021856164616607,0.22021856164616607,0.44261257365797374,0.05236787736325489,0.05236787736325489,0.05236787736325489,0.05236787736325489,0.07960336234919156,2.8950486681485682e-05
496,0.7142095571308604,0.05968993670506409,0.05968993670506409,0.48884652736967055,0.0831082972634136,0.05968993670506409,0.05968993670506409,0.09960260234115523,1.4470716576992005e-05
497,0.3077292457314555,0.3077292457314555,0.5874022224262586,0.09998967655654237,0.5845805478191797,0.01883413057671891,0.01883413057671891,2.8650949701958678e-05,0.08110608967282294
498,0.3191246585986935,0.3191246585986935,0.6189585269804515,0.19154486655607827,0.19154486655607827,0.07706925036639466,0.0984202290345065,5.097730884668847e-06,5.097730884668847e-06
499,0.1352983681826122,0.1352983681826122,0.1732997047031881,0.15547111249957682,0.1008432238871091,0.1352983681826122,0.0840961887248268,0.15547111249957682,0.1732997047031881
500,0.12277437447540158,0.12277437447540158,0.1552341326111684,0.1479788115998369,0.1479788115998369,0.10074096679531054,0.12277437447540158,0.1552341326111684,0.07905561084860054
501,0.12023068096938283,0.12023068096938283,0.42758503568962153,0.08108898655972056,0.05239545154310521,0.08108898655972056,0.08084163776064178,0.08108898655972056,0.12023068096938283
502,0.12160520215683517,0.12160520215683517,0.08438520705843366,0.4197957532787339,0.052562186766329254,0.08438520705843366,0.08438520705843366,0.12160520215683517,2.8478325475311606e-05
503,0.03539202330991349,0.2523748573649487,0.03539202330991349,0.47555357113481417,0.09370595075930682,0.08264336544874594,0.09370595075930682,0.2523748573649487,0.09370595075930682
504,0.16868266293039896,0.16868266293039896,0.5816171149672653,0.7209067121549941,0.052380968784131655,0.16868266293039896,2.854454762047984e-05,0.08398776346286853,0.07893083011562464
505,0.31944259895088406,0.31944259895088406,0.21740101967180014,0.03597179916731315,5.146048352436581e-06,0.03597179916731315,5.146048352436581e-06,0.052456050157374125,0.21740101967180014
506,0.2508965962394857,0.2508965962394857,0.4868837722189771,0.15350023399776236,0.15350023399776236,0.028274436264101952,0.1010403123681018,0.052582581371199845,0.028274436264101952
507,0.12371869359278576,0.12371869359278576,1.4389582058431766e-05,0.08022726241350939,0.08022726241350939,0.08022726241350939,0.05356232563379737,0.12371869359278576,0.07911129714868487
508,0.0772493685513217,0.0772493685513217,0.4338390212787962,0.1479302969532275,0.1479302969532275,0.0772493685513217,0.08300758582489019,0.0772493685513217,0.07828436566655797
509,0.12055802718809727,0.12055802718809727,0.15549326168397828,0.42283936674319633,1.4600635938115923e-05,0.15549326168397828,0.12055802718809727,0.05234480322741471,0.10010659528559732
510,0.13827834623070254,0.13827834623070254,0.08303900234087837,0.09313466928695623,0.09313466928695623,0.052138905739458084,0.4836741406583051,0.13827834623070254,0.09313466928695623
511,0.8748700834718195,1.0144047696538632e-05,0.11427416861945408,0.581420717238872,0.0793046910049437,1.0144047696538632e-05,0.11427416861945408,0.11427416861945408,0.0519575045252185
512,0.321245407900679,0.321245407900679,0.619311465657817,0.19157443528374096,0.19157443528374096,5.131183357428578e-06,0.07959518254470878,0.08342753772199327,5.131183357428578e-06
513,0.24854640530211686,0.24854640530211686,0.17222106795088277,0.08418459572276268,0.08418459572276268,0.08185604911433385,0.08418459572276268,0.0808559004397328,0.17222106795088277
514,0.12365281548218002,0.12365281548218002,0.15584050317608203,0.08382335236837457,0.4230270750539865,0.15584050317608203,0.09955389129135872,2.8219392892222197e-05,0.12365281548218002
515,0.22139577591626203,0.22139577591626203,0.4302372600275355,0.08365522977506978,0.14676190539689615,0.14676190539689615,1.0068864773013395e-05,1.0068864773013395e-05,1.4499450501324833e-05
516,0.11963795949059829,0.11963795949059829,0.43534101029184896,0.03532601853325837,0.42734446629730305,0.11963795949059829,1.4446424940934283e-05,0.03532601853325837,0.08276847375752157
517,0.08891518211411606,0.08891518211411606,0.1694059580124213,0.17204928427207056,0.17204928427207056,0.1694059580124213,0.08891518211411606,0.08891518211411606,1.454283759367548e-05
518,0.30852603424433683,0.30852603424433683,0.20751202871375382,0.5849433428669025,0.08554069439315647,0.03504072185625127,0.05318879055830331,0.20751202871375382,0.03504072185625127
519,0.3182718147408604,0.3182718147408604,1.4474337279744268e-05,0.19202325183264546,0.015435928112715961,0.19202325183264546,0.015435928112715961,0.015435928112715961,0.053216004835709464
520,0.13481409729561056,0.13481409729561056,0.13481409729561056,0.43718529624453994,0.09997304485331242,0.01854237546642538,0.17327073817255298,0.01854237546642538,0.17327073817255298
521,0.08019087144633658,0.08019087144633658,0.440578337532006,0.08078122220085882,0.08078122220085882,0.08085015249870109,0.08078122220085882,0.08019087144633658,0.08019087144633658
522,0.25246225367331077,0.25246225367331077,0.15290303643018271,0.19083249506915756,0.19083249506915756,0.15290303643018271,0.08098775042229586,0.018366655389127746,0.018366655389127746
523,0.2228358671743985,0.2228358671743985,0.43652042429386556,5.162902724641772e-06,0.08097994398612593,0.08331100246598819,0.035777342130537966,5.162902724641772e-06,0.035777342130537966
524,0.254333059684367,0.254333059684367,0.17061964506106322,0.17060869990679312,0.07858300974539242,0.17060869990679312,0.17061964506106322,0.029757773460234633,0.029757773460234633
525,0.07215152296942279,0.10936895240917252,0.5889099820929811,0.07215152296942279,0.07215152296942279,0.10936895240917252,0.10936895240917252,0.10936895240917252,0.07215152296942279
526,5.185896389381264e-06,0.8985885462136176,0.6212332577945903,0.19299681746193212,0.19299681746193212,2.8467499611897457e-05,0.052908876708644505,0.08112652469113088,5.185896389381264e-06
527,0.2497305751269484,0.2497305751269484,0.17124790971929577,0.1539027257811975,5.242305282282038e-06,5.242305282282038e-06,0.1539027257811975,0.17124790971929577,2.8506485157902264e-05
528,0.22655385939466657,0.22655385939466657,0.08448800793429061,0.14847361007459361,0.14847361007459361,0.08448800793429061,0.08317280879106626,0.08448800793429061,0.05292632058288118
529,0.21938983017432614,0.21938983017432614,0.4315647953911798,0.05205213372291237,0.05205213372291237,0.05205213372291237,9.948726826073396e-06,9.948726826073396e-06,0.05205213372291237
530,0.12194182023834463,0.12194182023834463,0.43986415969007114,0.42140185081526926,5.143521363567071e-06,0.12194182023834463,5.143521363567071e-06,0.035302438750724134,0.035302438750724134
531,0.2546402691247464,0.2546402691247464,0.48075830683591203,0.17191474651582217,0.17191474651582217,0.015277863528752473,0.015277863528752473,1.4610014028682408e-05,0.015277863528752473
532,0.3080911982245442,0.3080911982245442,0.11352005195583026,0.5830534897591755,0.028639206030744883,0.10244551979058507,0.11352005195583026,0.028639206030744883,0.11352005195583026
533,0.17308036870843183,0.17308036870843183,0.6209092055058681,2.8511274152470828e-05,0.0979125185079611,0.08194874800658365,0.17308036870843183,0.07901088239081182,1.4749042510810812e-05
534,0.24965232331815415,0.24965232331815415,0.17182624121267773,0.4415717349285346,0.018975978182919663,0.17182624121267773,0.018975978182919663,0.018975978182919663,1.4540527191392595e-05
535,0.2251219639001315,0.2251219639001315,0.07891711208843312,0.08136842496038922,0.08136842496038922,0.05212700734159789,0.08136842496038922,0.02910403015368642,0.02910403015368642
536,0.11984564053724621,0.11984564053724621,0.15487977212208662,0.08020754218330883,0.08020754218330883,0.08020754218330883,0.15487977212208662,0.11984564053724621,0.05135285279890104
537,0.07853935731193244,0.07853935731193244,0.43674298083201085,2.8543305813924044e-05,0.07853935731193244,0.07853935731193244,0.05120663951762422,0.4189417076907158,0.08209833729337963
538,0.25391000478657,0.25391000478657,9.984636636692448e-06,0.09968476146920163,0.4856787649987652,0.16966641941560073,0.0820879952765015,9.984636636692448e-06,0.16966641941560073
539,0.035321864178605354,1.0133045207753562e-05,0.5820228500808474,0.5783309415611455,0.01870439501287435,0.035321864178605354,0.8829704982101628,0.01870439501287435,1.0133045207753562e-05
540,0.1131437395294498,0.1131437395294498,0.21848279871979842,0.1131437395294498,0.5490345634856773,0.21848279871979842,0.1131437395294498,0.10044060632769705,0.08271100391827547
541,0.24782422114586222,2.8419261274313698e-05,0.4840090128094684,0.15354849202958976,5.1245086926932325e-06,0.15354849202958976,0.24782422114586222,0.08432052947394829,5.1245086926932325e-06
542,0.0529841011265684,0.22685842454166527,0.1533342443877807,0.029556253604336627,1.0055011242378738e-05,0.029556253604336627,0.22685842454166527,1.0055011242378738e-05,0.1533342443877807
543,0.21915189272992752,0.21915189272992752,0.15123468814080313,0.1493183078478372,0.1493183078478372,2.809953867077345e-05,0.08158601021140671,0.15123468814080313,0.08357975684388672
544,0.2226244399444071,0.2226244399444071,0.15324873823255022,0.15324873823255022,0.4221511931181789,5.135529101072301e-06,1.0039121423826412e-05,1.0039121423826412e-05,5.135529101072301e-06
545,0.25405863761532793,0.25405863761532793,0.17098632561637703,0.17208978044698356,0.05184055900989015,0.17098632561637703,5.179176681069268e-06,0.17208978044698356,5.179176681069268e-06
546,0.1664639927214656,0.1664639927214656,0.20623210289213517,0.20534175418964443,0.20534175418964443,0.1664639927214656,0.20623210289213517,0.08354872486624841,2.845090951576285e-05
547,0.3199113112004362,0.3199113112004362,0.22051613393636416,0.028567873184518058,0.19350335499323296,0.028567873184518058,0.19350335499323296,0.22051613393636416,0.05225189657019209
548,0.24791583310647536,0.24791583310647536,0.1731943293494217,0.08344241600815834,0.08344241600815834,0.08344241600815834,0.03577769031740055,0.03577769031740055,0.1731943293494217
549,0.12270262268069317,0.12270262268069317,0.10185910929979604,0.15004193071642485,0.15004193071642485,0.05231668561388464,0.12270262268069317,5.135546485807686e-06,5.135546485807686e-06
550,0.22083226208378753,0.22083226208378753,0.08369104911759946,0.052867038107373664,0.08369104911759946,0.08369104911759946,0.08395479966774683,1.4735311038171048e-05,0.4162859732780749
551,0.1215634032829529,0.1215634032829529,1.4804545735776366e-05,0.0814483864544209,0.0814483864544209,0.1215634032829529,0.05161125485523442,0.0814483864544209,2.8322392075344455e-05
552,0.2515288476773053,0.2515288476773053,0.16875262400496124,0.4846835315062623,0.019320382009144377,0.019320382009144377,0.16875262400496124,1.4702388813438286e-05,0.019320382009144377
553,0.3071592001555508,0.3071592001555508,0.20722421095948035,0.02909947564458859,0.02909947564458859,0.20602634347599702,0.20602634347599702,0.20722421095948035,0.0804372658036054
554,0.3197920030524909,0.3197920030524909,0.21905760114701586,0.1895436776833503,0.05191093297167899,0.21905760114701586,0.07936646086713553,0.1895436776833503,0.10218630133328262
555,0.13481316959913295,0.13481316959913295,0.1723614898453307,0.08373648636993279,0.08373648636993279,0.08373648636993279,0.13481316959913295,0.05289542492918993,0.1723614898453307
556,0.22717117397744174,0.22717117397744174,0.4355636591634165,0.14808443012744862,0.14808443012744862,0.08206844390192035,2.8050126897170344e-05,1.4566172941631992e-05,0.05224183892158951
557,0.0778507719403848,0.0778507719403848,0.15283406368320518,0.14705833190135528,0.14705833190135528,0.0778507719403848,1.4733854373398892e-05,0.15283406368320518,0.0778507719403848
558,0.12129544090434216,0.12129544090434216,1.4729955903179127e-05,0.12129544090434216,0.15018674233711338,0.43825449546900136,0.10032469439308604,0.15018674233711338,0.0826524056350042
559,0.25433154852605855,0.25433154852605855,0.1697923737256573,0.06081576436633384,0.06081576436633384,0.1697923737256573,0.06081576436633384,2.8434909164563122e-05,0.06081576436633384
560,0.3088344791598091,0.3088344791598091,2.8468239656693456e-05,0.5832721969817515,0.05214023613532242,0.20574627284499603,0.20574627284499603,1.484814379621198e-05,0.07941334658578758
561,0.9081115556552619,0.21912840220199029,0.21912840220199029,0.5482610452516815,0.09927442030992245,0.05337575768582731,0.03005018158884097,0.03005018158884097,2.8347782577412962e-05
562,0.24938448716038053,0.24938448716038053,0.08301425673727494,0.1536064978088547,0.1536064978088547,0.08012199230983304,0.052197470273193554,0.48815699741986446,0.09967708039898136
563,0.12062506583652656,0.12062506583652656,0.08414297629444543,0.416223821165863,0.052543764553843984,0.08414297629444543,0.12062506583652656,0.08414297629444543,0.08270669665860186
564,0.22110929690479506,0.22110929690479506,0.15342944460782054,0.15342944460782054,0.41772642966024653,9.869105623257141e-06,0.07934962497112857,0.05118404791283142,9.869105623257141e-06
565,0.6228927030087923,9.902197769288724e-06,0.15494619978516266,0.08129995917326831,0.08129995917326831,1.5074081659827915e-05,0.15494619978516266,9.902197769288724e-06,0.08129995917326831
566,0.25425267438021143,0.25425267438021143,0.47945012260936337,0.09252837607435364,0.09252837607435364,0.09252837607435364,0.09798948237718406,0.02746339863256719,0.02746339863256719
567,0.10890497856728476,0.10890497856728476,0.5882775746294073,0.1112282577642436,0.1112282577642436,0.10890497856728476,0.1112282577642436,0.05289932631253613,0.10890497856728476
568,0.3192880027173957,0.3192880027173957,0.11822651464275818,0.08292035604797716,0.19366454566590677,0.09792688591074422,0.11822651464275818,0.19366454566590677,0.11822651464275818
569,0.1358276933552196,0.1358276933552196,0.0927659571844182,0.15605863054358415,0.0927659571844182,0.08527332843671044,0.1358276933552196,0.15605863054358415,0.0927659571844182
570,0.057365044875143704,0.057365044875143704,0.057365044875143704,0.057365044875143704,0.05172504287341528,0.4373391784898663,2.8217715555294116e-05,0.08209787534332846,0.057365044875143704
571,0.22033214482756266,0.22033214482756266,0.1528139650454865,0.02929473786328079,0.41933975318916167,0.1528139650454865,1.4826665168022569e-05,0.102108833818951,0.02929473786328079
572,0.22173218133162906,0.22173218133162906,0.08403477811221804,0.4234859195569524,0.08403477811221804,0.08403477811221804,0.082500217916749,0.1011471424811256,0.05284501746284231
573,0.2523303796500167,0.2523303796500167,5.232464412283309e-06,0.48041992746719436,5.232464412283309e-06,0.08038032517073472,0.05192541653669164,9.928744327024363e-06,9.928744327024363e-06
574,0.30865120977983046,0.30865120977983046,0.2057454432165243,0.2064109119628074,0.10039702698727504,0.2064109119628074,0.08023831800830214,0.08322597324087833,0.2057454432165243
575,0.3210683191186405,0.3210683191186405,0.21950154338903644,0.19403162328014367,2.8265295112556704e-05,0.05232838226704519,0.19403162328014367,0.21950154338903644,0.0816037784317657
576,0.08781178290240571,0.08781178290240571,0.48960138946061016,2.8106388240958965e-05,0.43842660926879756,0.08781178290240571,0.09958797486253584,0.08781178290240571,1.4739184122540494e-05
577,0.22412430319995225,0.22412430319995225,0.15576965842481488,0.14792827656967222,2.8598663643922547e-05,0.14792827656967222,0.15576965842481488,0.05344402937690685,0.08486067355704363
578,0.07801645048818875,0.07801645048818875,0.15249358952996672,0.14935525528701618,0.14935525528701618,0.15249358952996672,0.07801645048818875,2.856831653412218e-05,0.07801645048818875
579,0.6281567695802285,0.012524203674078223,0.4395283979958432,0.15067495052079188,1.5046483740987156e-05,0.012524203674078223,0.15067495052079188,0.012524203674078223,0.012524203674078223
580,0.2541631933895891,0.2541631933895891,0.4820852121644439,0.09343691794179725,0.09343691794179725,0.029239820856657286,0.029239820856657286,0.09833996250328099,0.09343691794179725
581,0.3122480003393243,0.3122480003393243,0.1106831407793329,1.4869843629456857e-05,0.1106831407793329,0.1106831407793329,0.0805446679903735,9.987657820843468e-06,9.987657820843468e-06
582,0.31800172540420024,0.31800172540420024,0.2199365111423306,0.1939207335299621,0.1939207335299621,0.2199365111423306,0.05269927235181077,0.07933295486086729,2.839739286201103e-05
583,0.24991531188951455,0.24991531188951455,0.1723709816080636,0.0829129242892013,0.0829129242892013,0.0796681810459966,0.1723709816080636,0.10075204388242612,0.0829129242892013
584,0.15394068626977145,0.15394068626977145,0.19682464847935027,0.588950319335177,0.15394068626977145,1.0000166813118188e-05,1.0000166813118188e-05,0.08023442227817813,0.19682464847935027
585,0.12038603620312083,0.12038603620312083,0.020897406252768994,0.41723143771415855,0.12038603620312083,5.366250819997154e-06,5.366250819997154e-06,0.08059480307043372,0.020897406252768994
586,0.22170600016632086,0.22170600016632086,0.15366488528328318,0.4231591009203174,5.237075888652208e-06,0.15366488528328318,0.09987107770713767,5.237075888652208e-06,0.058903689709064684
587,0.08932336741664983,0.0792930707952878,0.052103103380877876,0.4864628807312806,0.4826122658110404,0.08932336741664983,0.08932336741664983,0.08932336741664983,2.8022744225062647e-05
588,0.10167941470878368,0.8666389673468498,0.5883145928883688,0.20555650778093354,0.08016514106102486,0.05272444035830211,0.20555650778093354,5.229261168076615e-06,5.229261168076615e-06
589,0.3189811726133327,0.3189811726133327,0.11935339335352667,0.06016941132696892,0.11935339335352667,0.5435734991874097,0.11935339335352667,1.5010459176964193e-05,0.07967995774698539
590,0.25141155732822795,0.25141155732822795,2.818492658891596e-05,0.15225817855822413,0.028607331447996293,0.15225817855822413,0.028607331447996293,0.053437120870086084,0.10161172984167413
591,0.2262993502111669,0.2262993502111669,0.15467095329958808,0.14842055610527394,0.15467095329958808,0.14842055610527394,0.060163319096347936,0.08042139571480096,2.8151680887366354e-05
592,0.22036772567996052,0.22036772567996052,0.4278596295955328,5.394514619820877e-06,0.08096425641252793,0.08096425641252793,0.08096425641252793,5.394514619820877e-06,0.09909043582682195
593,0.22299861952094088,0.22299861952094088,2.8455526012683116e-05,0.08236034580379843,0.08236034580379843,0.43941140184012095,0.05095398912489538,0.08236034580379843,1.503504295573036e-05
594,0.25501028480050647,0.25501028480050647,0.09226311389196522,0.1701363361501494,0.1701363361501494,0.09226311389196522,0.10189366794568579,0.06075137964435424,0.09226311389196522
595,0.10895441511210562,0.10895441511210562,0.10895441511210562,0.08084905723361127,0.09846322389844382,0.5829799461479918,0.10895441511210562,0.20330536733328017,0.20330536733328017
596,0.3199450967104526,0.3199450967104526,0.055179210046059364,0.5446040848307434,1.5025245376769187e-05,0.055179210046059364,0.055179210046059364,0.055179210046059364,0.055179210046059364
597,0.24857203286365104,0.24857203286365104,0.09375534640966046,0.08395973316413537,0.08395973316413537,0.09375534640966046,2.8060265697554455e-05,0.09375534640966046,0.08395973316413537
598,0.08014572533033985,0.08014572533033985,0.4351178483783489,0.41921231220631666,0.035084933147366625,0.035084933147366625,1.4930833553726586e-05,0.08014572533033985,0.08014572533033985
599,0.07766110608149308,0.07766110608149308,0.43421155182148663,0.08053216598170583,2.8031036005011513e-05,0.07766110608149308,0.08053216598170583,0.07766110608149308,0.08053216598170583
600,0.12077645348380252,0.12077645348380252,0.43376466587422186,0.14862511811044593,0.14862511811044593,0.0799049490755333,0.12077645348380252,0.10010071017680397,0.06025659576097852
601,0.2538011137763893,0.2538011137763893,0.4794672125579482,0.17033066833340743,0.0807183113216524,0.0597635499129495,0.097333177480797,0.17033066833340743,0.05190626489095912
602,0.30888496345502175,0.30888496345502175,0.01871802872729267,0.11194800144582015,0.11194800144582015,0.5866766495768336,0.0589815773899059,0.01871802872729267,0.11194800144582015
603,0.3192025567767186,0.3192025567767186,0.22042420910411267,0.5457922961515976,0.09941185078432331,0.22042420910411267,0.07978227320973325,0.060305025239354854,0.0523166552330216
604,0.25000344699390226,0.25000344699390226,0.1714855893522364,0.43546408312379803,5.3858567051501505e-06,0.1714855893522364,0.05222222565691127,0.060787361837983854,5.3858567051501505e-06
605,0.22656037578324073,0.22656037578324073,0.08476358810981632,0.1474216816861281,0.1474216816861281,0.08476358810981632,0.08476358810981632,1.5028121488686198e-05,0.08013989202367149
606,0.11947115576826602,0.11947115576826602,0.021400924965638248,0.08172759603671131,2.8112263797888327e-05,0.08172759603671131,0.11947115576826602,0.08172759603671131,0.021400924965638248
607,1.5067568623943531e-05,0.6264571325165407,0.15508128430391485,0.14849134150388676,0.14849134150388676,0.15508128430391485,2.8079254264528425e-05,0.059395242837249174,0.08036160026069712
608,0.2530251353771902,0.2530251353771902,0.4785484368662219,0.48151168882233525,0.07939812193372396,0.018296333088011395,1.5107685788263535e-05,0.06021943829535744,0.018296333088011395
609,0.1675304959324402,0.1675304959324402,0.20873569652052182,0.07283014043868113,0.07283014043868113,0.1675304959324402,0.07283014043868113,0.20873569652052182,0.07283014043868113
610,0.1716646246950614,0.1716646246950614,9.962249997179251e-06,0.6194285035434738,0.5481729563109446,9.962249997179251e-06,0.0352466557680037,0.1716646246950614,0.0352466557680037
611,0.25137561878423437,0.25137561878423437,0.48557338112437787,0.4337619889675565,0.018337962684381384,5.339304801284714e-06,0.07845607205092159,0.018337962684381384,5.339304801284714e-06
612,0.2275099639445577,0.2275099639445577,0.4441319737394035,0.08054290955498296,0.08054290955498296,0.08054290955498296,0.0606366794463614,0.08128513396031443,0.05154795512920964
613,0.2567061666480595,0.2567061666480595,0.08405706342492883,5.423139436794566e-06,5.423139436794566e-06,0.08405706342492883,0.08405706342492883,0.4217372632892606,5.423139436794566e-06
614,0.2217808382608335,0.2217808382608335,0.43694819589551337,0.42349130162153725,0.028804281481073012,0.028804281481073012,0.018241190773388132,2.8278107089536036e-05,0.018241190773388132
615,0.13760851571559735,0.13760851571559735,0.019380840142551994,0.17100967535612008,0.17100967535612008,0.019380840142551994,0.13760851571559735,0.48142102836565465,0.019380840142551994
616,0.10950902618012931,0.10950902618012931,0.10950902618012931,0.20335485439877155,1.515995071226363e-05,0.10950902618012931,0.20335485439877155,0.08213328500565575,0.1002313639225931
617,2.8366515186189546e-05,0.31887393010412773,0.21958378626769912,0.19532037971009694,0.19532037971009694,0.060560535079471824,0.21958378626769912,0.07896201925747344,0.31887393010412773
618,0.25120683232904406,0.25120683232904406,1.5028166577647088e-05,0.15350094329659755,0.15350094329659755,0.48907213069607547,0.0354302585816537,0.0354302585816537,0.06002351374185877
619,0.22540371288735225,0.22540371288735225,0.15483032890906911,0.1466633824166765,0.10085546808091618,0.15483032890906911,0.08179132218537852,0.05311387114175269,0.1466633824166765
620,0.22084819270199835,0.22084819270199835,0.15329348294716116,1.4986370454371245e-05,0.08022393025205825,0.15329348294716116,0.05935333458063092,0.08022393025205825,0.08022393025205825
621,0.12070140952442855,0.12070140952442855,0.43766388198670114,0.08161320355195942,0.12070140952442855,0.08161320355195942,2.8040241046738646e-05,0.08161320355195942,1.5180645186394624e-05
622,0.25178891542133275,0.25178891542133275,0.1694837964445502,9.933806697988938e-06,0.4850741042276562,0.1694837964445502,1.5196199120309928e-05,0.10153925075714748,9.933806697988938e-06
623,0.108449340521401,0.108449340521401,0.208215744788335,0.11259831162375226,0.11259831162375226,0.108449340521401,0.108449340521401,0.11259831162375226,0.208215744788335
624,0.17465449891368537,0.17465449891368537,0.6223336004807745,0.021577878674790177,0.19129602331461737,0.05337272823116369,0.19129602331461737,0.021577878674790177,0.17465449891368537
625,0.13523246465532301,0.13523246465532301,0.17118534286064174,0.4348192530525444,0.06090386582132177,0.17118534286064174,0.053201576886482735,0.13523246465532301,0.08058480639126091
626,0.22781262679489891,0.22781262679489891,0.08418735043323565,0.05244304062672876,0.05244304062672876,0.05244304062672876,0.08418735043323565,0.08418735043323565,0.05244304062672876
627,0.22156882412245907,0.22156882412245907,0.43240955702862865,0.14705513980836482,0.011806683899980233,0.011806683899980233,0.14705513980836482,0.05246738383352656,0.011806683899980233
628,0.12133659530313891,0.12133659530313891,9.871741108167848e-06,0.1502403020685906,0.1502403020685906,0.08071897078158609,0.12133659530313891,9.871741108167848e-06,0.059797833355024296
629,0.13794478755016,0.13794478755016,0.09139953112279285,0.4768307018539776,0.10069313343958126,0.09139953112279285,0.07947544287006852,0.13794478755016,0.09139953112279285
630,0.16913795431597634,0.16913795431597634,0.06105205883849256,0.1112370056964896,0.1112370056964896,0.03504507778065551,0.03504507778065551,0.1112370056964896,0.16913795431597634
631,1.5314992611695247e-05,0.9074896649052536,0.22053419416809802,0.19123002847653653,0.19123002847653653,2.8235882860464273e-05,0.059665058947565845,0.22053419416809802,0.07934310645299873
632,0.13645916730085755,0.13645916730085755,0.09318321116288937,0.43193177173515546,2.80722837670298e-05,1.5112396560759672e-05,0.09318321116288937,0.09318321116288937,0.13645916730085755
633,0.1223306398717063,0.1223306398717063,0.4404580816831882,0.4200434363851436,0.10088628980890316,0.1223306398717063,2.8132902433065488e-05,0.05995773692380656,0.07885773326308969
634,0.2216866586673223,0.05230721703560995,0.4319916201550248,0.05230721703560995,0.05230721703560995,0.05230721703560995,1.5201282832208743e-05,0.2216866586673223,0.060190966396829075
635,0.08140799007015445,0.6281600967177623,0.1545813456574409,0.08140799007015445,0.08140799007015445,0.1545813456574409,0.018472207027759212,2.847092729335621e-05,0.018472207027759212
636,0.13772250580194462,0.13772250580194462,0.07996636427336394,0.1688501275126288,0.13772250580194462,0.05322844720957883,0.1688501275126288,0.05964716682916682,2.8067495962149605e-05
637,0.07769925145583961,0.07769925145583961,0.5800875228053822,0.5831150562406765,0.07769925145583961,0.07769925145583961,0.07769925145583961,5.367967082135263e-06,5.367967082135263e-06
638,0.31756925787850226,0.31756925787850226,0.10106603766883865,0.10528214113397731,0.10528214113397731,0.015210353243212658,0.015210353243212658,0.015210353243212658,0.10528214113397731
639,0.24837808514860385,0.24837808514860385,0.060658249102591176,0.028423461307838807,0.43356403602496424,0.060658249102591176,0.060658249102591176,0.028423461307838807,0.060658249102591176
640,0.22532296546521935,0.22532296546521935,0.08439403512226674,0.14788839576964374,1.525041110527339e-05,0.14788839576964374,0.10058017832067828,0.08439403512226674,0.08439403512226674
641,0.22261768012823827,9.983291269944364e-06,0.22261768012823827,9.983291269944364e-06,0.08100979989654065,0.10222399082465773,0.08100979989654065,0.08100979989654065,0.43204054984837886
642,0.17130266356739923,0.17130266356739923,0.43610035570032224,0.15006224921420858,0.15006224921420858,0.021214029556882355,0.021214029556882355,0.05199683323544967,2.7783602086868323e-05
643,0.08941940356392265,0.08941940356392265,0.477945169332726,0.4857848319788186,0.08038507025720747,0.08941940356392265,0.08941940356392265,2.7955715124086256e-05,0.05296166314018832
644,0.3095571755629872,0.3095571755629872,0.20644691958862355,0.20415472513681915,0.20415472513681915,0.20644691958862355,0.018693351977546818,0.018693351977546818,1.5098945967903414e-05
645,0.17463329054148813,0.17463329054148813,5.353132512436234e-06,0.1279666491693227,0.1279666491693227,0.1279666491693227,5.353132512436234e-06,0.17463329054148813,5.353132512436234e-06
646,0.13540730594982245,0.13540730594982245,0.09264219801473576,0.13540730594982245,0.09264219801473576,0.05182011964847809,1.5164765060217422e-05,0.09264219801473576,0.06062820183936115
647,0.22468997695979737,0.22468997695979737,0.0851026081693128,0.4189099207125193,0.0800343909086523,2.7833190022293683e-05,0.0851026081693128,0.0851026081693128,1.522496897584713e-05
648,0.060614595360015566,0.6171866919245431,0.4344290798650195,0.07966980434051288,0.07966980434051288,5.439376204437787e-06,0.10051399468413504,5.439376204437787e-06,0.07966980434051288
649,0.12142657683599245,0.12142657683599245,0.08380844217745903,0.15108290655475176,0.08380844217745903,0.08380844217745903,0.15108290655475176,0.12142657683599245,2.8266110957673042e-05
650,0.028031890253400325,0.034860856714791735,0.476508143748724,0.17021157997455913,0.17021157997455913,0.034860856714791735,0.028031890253400325,0.25395434468652145,0.25395434468652145
651,0.31183600861903077,0.31183600861903077,0.5823816203052173,0.07260353195570429,0.07260353195570429,0.07260353195570429,0.02159011841319489,0.07260353195570429,0.02159011841319489
652,0.11264670529213447,0.11264670529213447,0.616488134401423,0.19124640441549023,0.059536222537420795,0.11264670529213447,0.11264670529213447,0.19124640441549023,0.08023904626530581
653,0.25087383433244526,0.25087383433244526,0.1731471982855462,0.4341946842670651,1.5142922658526531e-05,0.08037217099470978,0.1731471982855462,0.061041942460958606,0.05358071589242163
654,0.22488549645355915,0.22488549645355915,0.06101632070329812,0.14777529063658568,1.5293803324496863e-05,0.1559700301550942,0.14777529063658568,0.1559700301550942,2.7892320927878073e-05
655,0.21845386407764925,0.21845386407764925,0.1541702718667416,0.14747513186832178,0.14747513186832178,0.06164184902617045,0.053016124674611614,2.7828153191148994e-05,0.1541702718667416
656,0.07851843831566108,0.07851843831566108,0.43131207497206925,0.07851843831566108,0.15002112867698972,0.15002112867698972,0.0986007220024387,0.07851843831566108,0.05129549244883397
657,0.2539510732577696,0.2539510732577696,0.16863993038955968,0.17189343310858177,9.927513615033574e-06,0.16863993038955968,9.927513615033574e-06,0.17189343310858177,0.06117401417959772
658,0.10894524217515653,0.10894524217515653,0.20622898564472125,0.5784035916970579,0.20622898564472125,0.10894524217515653,1.567394830369033e-05,2.8001461356489435e-05,0.10894524217515653
659,0.1741589935492887,0.1741589935492887,0.19146864809483893,0.059721160203686556,0.19146864809483893,0.0530544009365089,0.1741589935492887,0.09949602913867311,2.7912161081237226e-05
660,0.24762632805030618,0.24762632805030618,0.05122198428600018,0.15521938978660288,0.15521938978660288,0.4842547948734379,0.07935182866504127,0.06101148599624534,2.864190789967548e-05
661,0.22584856011145585,0.22584856011145585,0.08397829210742976,0.14993239632783023,0.028703927054043912,0.08397829210742976,0.08397829210742976,0.028703927054043912,0.14993239632783023
662,0.2641615393175101,0.2641615393175101,0.1508857006231214,0.07959158170308199,0.060591305188815094,0.1508857006231214,0.07959158170308199,0.07959158170308199,0.10076504031943022
663,0.33011495548042213,0.33011495548042213,0.690560403794437,0.08014737121048492,0.2044633668062546,0.2044633668062546,0.06026418250953389,0.03508590786359786,0.03508590786359786
664,0.13685434188299567,0.13685434188299567,0.5952635080458324,0.09865285153227885,0.48823750831053414,0.07901048530320609,0.13685434188299567,2.7865953689390424e-05,1.5305740432709804e-05
665,0.23510156088312434,0.23510156088312434,0.5959295758404423,0.20651222396936458,0.20651222396936458,0.035499271555716076,0.035499271555716076,0.018371500331640596,0.018371500331640596
666,0.7416094061157765,0.01846690789461661,0.17306732428262767,0.10440133428315652,0.10440133428315652,0.10440133428315652,0.01846690789461661,0.17306732428262767,0.10012966104729897
667,0.2488618520608573,0.2488618520608573,0.17289333968377418,0.08480188883837608,0.08480188883837608,2.8375512404232795e-05,0.17289333968377418,1.5290685444512504e-05,0.08480188883837608
668,0.12285885827801928,0.12285885827801928,0.44242199565973606,0.14777224199798095,0.14777224199798095,1.5361429641707466e-05,0.028268606195656142,0.12285885827801928,0.028268606195656142
669,0.05332332578507896,0.21984516709387644,0.43176789465828397,0.09922274493741141,0.08123621697702524,0.21984516709387644,0.08123621697702524,2.7642759160021986e-05,0.08123621697702524
670,0.12157836035209978,0.12157836035209978,0.15605608015831948,0.05937097937322399,0.15011024147138616,0.15605608015831948,0.12157836035209978,0.15011024147138616,0.08011977800309524
671,0.25282649334527885,0.25282649334527885,0.16926147088946938,0.17020706529222412,0.17020706529222412,0.06188338294387867,2.7946403278953776e-05,0.16926147088946938,1.5367619242679487e-05
672,0.10835441400732368,0.10835441400732368,0.10835441400732368,0.5830974147183915,2.7916053085038086e-05,0.10835441400732368,1.544296520447826e-05,0.5822876545336825,0.09904363949964243
673,0.11264626282681259,0.11264626282681259,0.21966394877274187,0.5481252516230755,0.0788178940013135,0.21966394877274187,0.060585681483692144,0.11264626282681259,0.11264626282681259
674,0.13587118368257417,0.13587118368257417,0.09396476606845885,0.08374256228731397,0.08374256228731397,0.08374256228731397,0.09396476606845885,0.13587118368257417,0.09396476606845885
675,0.12265325168606232,0.12265325168606232,0.12265325168606232,0.03552171893639271,0.021785325177430176,0.05141623754598436,0.03552171893639271,1.552871734993419e-05,0.021785325177430176
676,0.11980201292315672,0.11980201292315672,0.08258372528567269,0.14861169037788902,0.08258372528567269,0.08258372528567269,0.14861169037788902,0.10034439033191679,0.11980201292315672
677,0.2217654267449968,0.2217654267449968,2.8182500042030195e-05,0.08153418186724916,0.08153418186724916,0.07853851653051724,0.052833329178950374,0.08153418186724916,0.43974814719223554
678,0.08901078859949428,0.08901078859949428,0.16815272262628142,0.17073008837071113,0.17073008837071113,0.08901078859949428,0.08901078859949428,0.05342559209328312,0.16815272262628142
679,0.1092975922686153,0.1092975922686153,0.5949939060087394,0.5829213943323412,0.1092975922686153,0.09869375535038463,0.07969870313216718,0.1092975922686153,1.5411794157510036e-05
680,0.31670611921384284,0.31670611921384284,0.21979252247455144,0.027959334714477018,0.1932893164564363,0.1932893164564363,0.21979252247455144,1.5547983676178966e-05,0.027959334714477018
681,0.08812855166886552,0.08812855166886552,0.17332065291788865,1.5423528736188924e-05,0.08812855166886552,0.17332065291788865,0.058855618646162816,0.08812855166886552,0.05194108980451702
682,0.22448172608939568,0.22448172608939568,0.44094844474817296,0.08071940358529801,0.08071940358529801,0.05793105625444241,0.08071940358529801,1.5474274363151682e-05,0.08067571111567687
683,0.09856087365942592,0.22060350804919182,0.43460804426256155,0.05130022539009159,0.1485037646612753,0.1485037646612753,2.8126368601537545e-05,0.22060350804919182,0.060976798637583846
684,0.22087315449040593,0.22087315449040593,0.08364722097998553,0.08144900513758761,0.08144900513758761,0.08364722097998553,1.5405918581266392e-05,0.08144900513758761,0.08364722097998553
685,0.25291217239238706,5.386593937808928e-06,0.16967574370319533,5.386593937808928e-06,5.386593937808928e-06,0.25291217239238706,0.16967574370319533,1.5222029201244734e-05,0.484958492844602
686,0.052244310593569494,0.31027831081231444,0.5889892075017551,0.2062019706897672,0.2062019706897672,0.31027831081231444,0.03505824079448952,0.03505824079448952,1.5631099905431492e-05
687,0.11277590514515815,0.11277590514515815,0.052905752779042706,0.1920170104431829,0.1920170104431829,0.11277590514515815,0.11277590514515815,0.08020898740760267,0.0996842557263648
688,0.2513729262632488,0.2513729262632488,0.09357375107660754,0.15420945665732344,0.09357375107660754,0.08006107512930467,0.05239717521910452,0.09357375107660754,0.15420945665732344
689,0.22515308858574312,0.22515308858574312,0.0844213107463357,0.0844213107463357,0.4185230820808669,0.10121546166406863,0.027964635075569247,0.027964635075569247,0.0844213107463357
690,0.21936695006125828,0.21936695006125828,0.08357899871908733,0.08056939983860309,0.08056939983860309,2.8289606925447186e-05,0.08357899871908733,0.08056939983860309,0.08357899871908733
691,0.221388034781046,0.221388034781046,0.4396364487368847,0.42712389547142016,2.983935880460539e-06,2.983935880460539e-06,0.021728335395075207,0.021728335395075207,2.983935880460539e-06
692,0.09888369960177013,0.7118752989050104,0.48152784080566446,0.060575468001836795,0.060575468001836795,0.051464048975993514,0.060575468001836795,0.060575468001836795,0.07985424724779466
693,0.16809257025530802,0.2055275561195755,0.2055275561195755,0.20494952004775704,2.773294661673603e-05,0.20494952004775704,0.16809257025530802,0.16809257025530802,0.05172248511451584
694,0.17252582173018935,0.17252582173018935,0.6194576517443996,0.19277919445327585,0.19277919445327585,0.17252582173018935,0.10110795318996862,0.05283280044915978,0.060580804558396636
695,0.2506098666231657,0.2506098666231657,0.48879632451751126,5.4322023005665945e-06,0.021206791897365882,0.555563953410017,2.749963638446061e-05,0.021206791897365882,5.4322023005665945e-06
696,0.15441497832898254,0.15441497832898254,0.6149482636806556,0.02110737081848046,0.15441497832898254,0.5491322109270451,1.5567728222624087e-05,0.02110737081848046,0.09961401485936512
697,0.0,0.0,0.0,0.0,0.0,0.0,0.052023270185826156,0.028763096326896283,0.028763096326896283
698,0.22359834017987643,0.22359834017987643,0.08458527482031501,0.15098410954937214,0.059734587507137726,0.15098410954937214,0.08458527482031501,0.08458527482031501,0.07991586341128322
699,0.08971690602305415,0.08971690602305415,0.17083957306319317,0.17008722573518237,0.08971690602305415,0.17008722573518237,0.08971690602305415,0.09980100900573834,0.17083957306319317
700,0.3082588532867991,0.3082588532867991,0.5828358414034152,0.07233784005693804,0.07233784005693804,0.07233784005693804,0.07943117013764402,0.07233784005693804,2.7734881450620565e-05
701,0.1745674864914409,0.1745674864914409,0.21899310139656916,0.02147877474048612,0.02147877474048612,0.21899310139656916,0.5461244661893799,0.1745674864914409,0.10007906645272399
702,0.25038238669328367,0.25038238669328367,0.1714296898859738,0.08404031302633369,0.08404031302633369,0.1714296898859738,0.08404031302633369,0.08098457285500033,1.5626945853597355e-05
703,0.2780276982575744,0.2780276982575744,0.1078290161914945,0.5244248979742162,0.1078290161914945,0.021308433561075115,0.021308433561075115,0.08142217094448964,0.1078290161914945
704,0.09499179767599437,0.09499179767599437,0.43187903753725077,0.2656521349886116,0.02808355694415393,0.09499179767599437,0.03573056811194713,0.02808355694415393,0.03573056811194713
705,0.12074774671982226,0.12074774671982226,2.7756620458424632e-05,0.08199285158065706,1.5663330225731507e-05,0.09928836156562154,0.08199285158065706,0.12074774671982226,0.08199285158065706
706,0.1376003917071046,0.1376003917071046,0.1685423871641503,0.17238613917629284,0.17238613917629284,0.07960306341241981,0.1685423871641503,0.1376003917071046,2.8334661057548094e-05
707,0.16690515123503422,0.16690515123503422,0.5881687923713365,0.20567111275869449,0.061313197950746724,0.20567111275869449,0.16690515123503422,0.0982717554352593,0.07882058049200816
708,0.018586150914328095,0.8985367025890932,0.035335905987054286,0.10544153741391592,0.10544153741391592,0.6195800309502042,0.018586150914328095,0.035335905987054286,0.10544153741391592
709,0.2515040036570239,0.2515040036570239,0.09493576120596274,0.4367036928776176,0.09493576120596274,0.09493576120596274,0.028166202355879456,1.5683493045490312e-05,0.028166202355879456
710,0.12207735279600339,0.12207735279600339,0.0789130625891613,0.14721583323238208,0.14721583323238208,0.43782305964521195,2.7306142193822288e-05,1.5553023194948432e-05,0.12207735279600339
711,0.22064541842853352,0.22064541842853352,0.14805022893769712,0.14805022893769712,0.15326242628825743,0.15326242628825743,1.5552621493455935e-05,0.06079697291825038,2.7801472583405785e-05
712,0.22210161181503757,0.22210161181503757,0.05513790445549662,0.08122416029370413,0.15069459023323045,0.05513790445549662,0.05513790445549662,0.15069459023323045,0.05513790445549662
713,0.2545317960521046,0.2545317960521046,2.765319619811191e-05,0.09430669657960242,0.0800018331878918,0.48142239841637074,0.09430669657960242,1.5501842141991324e-05,0.09430669657960242
714,0.10910085558662065,0.10910085558662065,0.20760528986901447,0.5846548720956901,0.03589678464369687,0.20760528986901447,0.10910085558662065,0.10910085558662065,0.03589678464369687
715,0.32033943440812906,0.32033943440812906,9.895825531050021e-06,1.5557456735659883e-05,0.10100456406676928,0.6196025331407602,0.06022567970706413,0.05260026197006405,9.895825531050021e-06
716,0.25034079019914957,0.25034079019914957,0.09367384409422556,0.15530880152665286,0.09367384409422556,0.09367384409422556,0.0994606582540016,0.053289033433713634,0.15530880152665286
717,0.22372279161851882,0.22372279161851882,0.15511465560961188,0.14720928708456543,0.14720928708456543,0.15511465560961188,0.052516406061925036,5.570997389969414e-06,5.570997389969414e-06
718,0.11942367502809886,0.11942367502809886,0.08343436440270056,0.08343436440270056,0.4165583407560062,0.08343436440270056,0.07963020172741292,2.7998036859078474e-05,0.11942367502809886
719,0.22161201412114892,0.22161201412114892,0.15499535301060693,0.4245540304865773,2.7633354399250826e-05,0.05281459858141233,0.15499535301060693,0.08052598829008738,0.05986644244018945
720,0.09003111636532092,0.09003111636532092,0.4786094780825185,0.09323455781260165,0.09323455781260165,0.09323455781260165,0.09003111636532092,2.7906513141501438e-05,0.09003111636532092
721,0.1690365315126923,0.1690365315126923,0.1690365315126923,0.11319787740362411,0.11319787740362411,0.20816080354277686,0.11319787740362411,1.5385686406493848e-05,0.20816080354277686
722,0.11288602687217131,0.11288602687217131,0.6264373958947108,0.11288602687217131,0.542867950262095,0.11288602687217131,0.10068034372180017,0.06145414700251697,2.8060954320878346e-05
723,0.2487554389874095,0.2487554389874095,0.09491401216682761,9.878174344237854e-06,0.028727095334014328,0.09491401216682761,9.878174344237854e-06,0.09491401216682761,0.028727095334014328
724,0.2256011558035588,0.2256011558035588,0.4376288262486263,0.14905045509469986,0.14905045509469986,0.03586664660456964,1.5565837660461175e-05,0.03586664660456964,0.08150732854025568
725,0.12030144562506942,0.12030144562506942,0.12030144562506942,0.4165487924966081,0.05225244826576641,2.7821124846619967e-05,0.061472648036797285,1.5563130004668008e-05,0.08033079186239908
726,0.22027067175089046,0.22027067175089046,0.1546723381577014,0.4217301901233368,0.10017187497124,1.5757888222603227e-05,0.1546723381577014,0.021104967596659977,0.021104967596659977
727,0.7194704126480405,1.5507347767960733e-05,0.48106820919185206,0.043094534692096,0.043094534692096,0.043094534692096,0.043094534692096,0.043094534692096,0.06068959488910914
728,0.16726231846153272,0.16726231846153272,0.052034230396332856,0.20499839290939983,0.20499839290939983,0.07977130123998202,0.16726231846153272,0.021412161115949548,0.021412161115949548
729,0.318865644669683,0.318865644669683,0.21947013266101373,0.5416584592773991,2.7898685238579413e-05,0.021088868594105248,0.0801659080026937,0.021088868594105248,0.21947013266101373
730,0.2508831843763196,0.09482715770214041,0.09482715770214041,0.4376243031420548,1.5656642231938353e-05,0.2508831843763196,0.053702508205626935,0.09482715770214041,0.061247082188798256
731,0.12244858446058032,0.12244858446058032,0.15545812562292735,1.575987793923456e-05,0.14900970741575342,0.15545812562292735,0.09972201919642279,0.14900970741575342,0.12244858446058032
732,0.11971857430691325,0.11971857430691325,0.08383059629601984,0.05247382293146366,0.4163817281296637,0.11971857430691325,0.08383059629601984,1.5751653392821967e-05,0.08383059629601984
733,0.156473666874459,0.6290746566033499,0.156473666874459,2.7539197910020215e-05,0.4259142495281986,0.05192259008059581,0.05934925819787915,0.09918209508866922,1.5467381163015097e-05
734,0.06396462568887781,0.06396462568887781,1.5799564724258566e-05,0.48233570741344495,0.06396462568887781,0.47975127820229685,0.06396462568887781,0.06396462568887781,0.07827753084735659
735,0.30852546367470984,0.30852546367470984,0.20894740122727135,0.5846235465457371,0.0210886856118708,0.20894740122727135,2.787796704630351e-05,1.5940596343694515e-05,0.0210886856118708
736,0.21383923426185555,0.21383923426185555,0.21721181353131325,0.21383923426185555,0.693740894013104,0.21721181353131325,5.5878892966102724e-06,5.5878892966102724e-06,0.052266247132641865
737,0.13646842365436238,0.13646842365436238,0.1727317969648469,0.09978330990730759,1.5758893347352914e-05,0.1727317969648469,0.09978330990730759,0.13646842365436238,0.09978330990730759
738,0.05686944393835306,0.05686944393835306,0.4392636825336041,0.05686944393835306,0.05686944393835306,0.11123751316770092,0.07872812459066406,0.11123751316770092,0.05686944393835306
739,0.21997826514315055,0.21997826514315055,0.15145877307195962,0.14683319472076606,0.052678003749803366,0.15145877307195962,0.036070873686079225,0.14683319472076606,0.036070873686079225
740,0.2222909893910788,1.5647769595841743e-05,0.0845308794689153,0.14925834589002593,0.14925834589002593,0.2222909893910788,0.0845308794689153,0.05161602031713834,0.0845308794689153
741,0.25144605509914975,0.25144605509914975,0.47926082357168837,0.02093752024887937,0.3613604893154786,0.08008085920278288,0.052515969703736474,1.5630845427124003e-05,0.02093752024887937
742,0.07773594803114142,0.07773594803114142,0.5856189424560592,0.20727531481886072,0.20727531481886072,0.07773594803114142,0.07773594803114142,0.07773594803114142,0.0607030687672545
743,0.32125599624617956,0.32125599624617956,0.22116674959718902,0.19346017486469821,0.020746512129233053,0.09937007726511746,0.020746512129233053,0.19346017486469821,0.22116674959718902
744,0.247808138825649,0.247808138825649,0.17281937892424792,0.05423476382855266,0.05423476382855266,0.17281937892424792,0.05423476382855266,0.07863844502212339,0.05423476382855266
745,0.22641221615935192,0.22641221615935192,0.434911415193788,0.028344079819369317,0.08091166595926977,0.08091166595926977,0.028344079819369317,0.08091166595926977,2.7923676577249046e-05
746,0.11893965090819018,0.11893965090819018,0.08368082038212339,0.14748934380516707,0.14748934380516707,0.08368082038212339,0.08368082038212339,2.821228731461303e-05,0.11893965090819018
747,0.12174045421597163,0.12174045421597163,0.5449722908967997,0.14846898243842296,0.14846898243842296,0.06083793140693689,2.7765937718941748e-05,0.12174045421597163,0.05333446525577194
748,0.13776235715396062,0.13776235715396062,0.47445066894592786,0.17123787901440313,0.17123787901440313,2.742819460372694e-05,1.57019294926817e-05,0.13776235715396062,0.10219164196309038
749,0.3070674528131299,0.3070674528131299,0.5920537525211239,0.01837195432881831,0.019026976379407107,1.56027851706117e-05,0.019026976379407107,0.01837195432881831,0.019026976379407107
750,0.31737072767104035,0.31737072767104035,2.7756704116416045e-05,0.5430551285858807,0.02162293526405519,0.018446915664458583,0.018446915664458583,0.6152670199472269,0.02162293526405519
751,0.03827278663959777,0.03827278663959777,0.4843779442239371,0.4373040963934224,0.03827278663959777,0.03827278663959777,0.03827278663959777,0.03827278663959777,0.03827278663959777
752,0.22625685428985648,0.22625685428985648,0.4358651844757647,0.08080757479245558,0.08080757479245558,0.09930534442884363,0.08080757479245558,0.060922809495502134,0.08062280519455321
753,0.11975661341642206,0.11975661341642206,0.15252701230113871,0.14811043314896355,0.021561527171271355,0.14811043314896355,0.021561527171271355,0.15252701230113871,0.11975661341642206
754,0.22123725232100552,0.22123725232100552,0.15392727552491378,0.08175802842351798,0.08175802842351798,0.07958433068647844,0.15392727552491378,2.7753011105937425e-05,0.08175802842351798
755,0.1374809914953883,0.1374809914953883,0.1374809914953883,0.17282588210862165,0.17282588210862165,0.16774853676222037,0.028516435365469266,0.16774853676222037,0.028516435365469266
756,0.16805441953315833,0.16805441953315833,0.20547157124765175,0.11151199087933418,0.11151199087933418,0.11151199087933418,0.16805441953315833,0.20547157124765175,0.09920767197087944
757,0.3177547909103903,0.3177547909103903,9.791078157149967e-06,0.01861375547367804,9.791078157149967e-06,0.6152941735388312,0.0978629810314465,0.07970525422931556,0.01861375547367804
758,0.2496420353101408,0.2496420353101408,0.09495427571034194,0.08472222901805711,0.08472222901805711,0.09495427571034194,0.09495427571034194,0.08472222901805711,2.7605454813133946e-05
759,0.2241990827129597,0.2241990827129597,0.09991911172338924,0.08045277288118001,0.08045277288118001,0.4389670986741289,0.08045277288118001,0.052818989628748966,2.798904039030172e-05
760,0.2214171092603021,0.2214171092603021,0.1555857853710405,0.42195231270342304,2.765769366377196e-05,0.1555857853710405,0.05281118953632633,1.5775237997510904e-05,0.09970652968553241
761,0.6284387436781933,0.08153968378646712,0.15479752561811894,0.149540996997714,0.149540996997714,0.15479752561811894,2.7502800154235054e-05,0.05957400856067856,1.5791381167083806e-05
762,0.2555397000378491,0.2555397000378491,0.17044985861036593,0.17147722706672044,0.17147722706672044,0.17044985861036593,5.597105562353998e-06,5.597105562353998e-06,2.7655176300047652e-05
763,0.1088229097292209,0.1088229097292209,0.20633865605707183,0.20500092375803483,0.20500092375803483,0.20633865605707183,0.1088229097292209,0.079257794685671,0.1088229097292209
764,0.31696108815974156,0.31696108815974156,0.07989445737105964,0.19251527085102582,0.19251527085102582,0.10033989875038467,0.02110447057157014,0.02110447057157014,0.6202966652418888
765,0.252017059040028,0.252017059040028,0.07910651495192929,0.1872620279363116,0.1872620279363116,0.059325260761345595,0.17299100740374526,0.10096158630585586,0.17299100740374526
766,0.08047401359325575,0.22625092817128548,0.01522643231689032,0.08047401359325575,0.08047401359325575,0.22625092817128548,0.01522643231689032,0.01522643231689032,2.7841491418524034e-05
767,0.11980560894501151,0.11980560894501151,0.15237954886433994,0.4172810390886724,0.035261560221695,0.15237954886433994,0.035261560221695,2.7435821307959607e-05,0.11980560894501151
768,0.6314551097377972,0.05211149679784235,0.15476418827899305,0.08131506122867199,2.7737325162567694e-05,0.08131506122867199,0.08131506122867199,0.15476418827899305,0.09939319341329957
769,0.1373551896389898,0.1373551896389898,0.17146782608436736,0.4846375148989091,0.17146782608436736,0.1373551896389898,0.01870388651478794,0.07883558271631659,0.01870388651478794
770,0.16921932348092852,0.16921932348092852,0.5885265653058498,0.5819649763555402,2.7726548493807016e-05,0.028767400373619557,0.16921932348092852,1.584282137486668e-05,0.028767400373619557
771,0.3192937236556741,0.3192937236556741,0.21853566396895105,0.1927253648204555,0.1927253648204555,0.05293851855061272,0.21853566396895105,0.09945373329814454,1.5718426418257866e-05
772,0.24773368011435626,0.24773368011435626,0.17176893791266018,0.4320016484490556,9.77327295426366e-06,0.17176893791266018,9.77327295426366e-06,0.1012991781303189,1.5672689948018153e-05
773,0.057257274151791715,0.057257274151791715,0.4373223275707148,0.1465152076387534,0.1465152076387534,0.057257274151791715,1.5934013627958086e-05,0.057257274151791715,0.057257274151791715
774,0.2189252757912119,0.2189252757912119,0.153200743229553,0.42211086126004105,9.885646210298059e-06,9.885646210298059e-06,0.05982443542425521,0.153200743229553,0.05279584295754174
775,0.2208736678698387,0.2208736678698387,0.15342029936801843,0.015556893778898722,0.015556893778898722,1.607922309368141e-05,0.4235417843850857,0.015556893778898722,0.15342029936801843
776,0.1374664113839529,0.1374664113839529,0.16945062755893345,0.17073974997751495,1.599030028264459e-05,0.16945062755893345,0.17073974997751495,0.052932996792788435,0.1374664113839529
777,0.3092244881405946,0.3092244881405946,0.20791128548198132,0.2049087893882297,1.5982473326228097e-05,0.03501989759961077,0.20791128548198132,0.03501989759961077,0.2049087893882297
778,0.11235785983319231,0.11235785983319231,0.6230080976760216,0.10528701079021777,0.10528701079021777,0.10528701079021777,0.11235785983319231,0.11235785983319231,0.09868563237305826
779,0.1353719135496517,0.1353719135496517,0.03536502664562006,0.1353719135496517,0.4420391184673229,0.49065146369964013,0.03536502664562006,2.7903957182648714e-05,0.0785912688745186
780,0.12276141640153385,0.12276141640153385,0.1544186094926565,0.09966268289272749,0.12276141640153385,0.1544186094926565,0.028325396308080952,0.028325396308080952,0.052352004856678014
781,0.1198110561101125,0.1198110561101125,0.15345867517774156,0.147815714724643,0.1198110561101125,0.15345867517774156,0.147815714724643,0.05989543177214741,0.07950516449213102
782,0.22138573583129545,0.22138573583129545,0.08408632687293666,0.053046143982432854,0.01162513794295202,0.01162513794295202,0.08408632687293666,0.08408632687293666,0.01162513794295202
783,0.2520658313420476,0.2520658313420476,0.09119828232072583,0.01844263229687665,2.758523971751814e-05,0.09119828232072583,0.01844263229687665,0.060754139823125525,0.09119828232072583
784,0.10873046507223996,0.10873046507223996,0.5801033974434415,0.11161666636676575,0.11161666636676575,0.11161666636676575,0.10873046507223996,0.10873046507223996,0.05180114612107466
785,0.02776629642327652,0.3190421104403633,0.21884050220437504,0.21884050220437504,0.021252881652929292,0.02776629642327652,0.021252881652929292,2.7869828619031036e-05,0.3190421104403633
786,0.2502513646723601,0.2502513646723601,0.48974888450324555,0.1537117360818,0.1537117360818,0.05296958279199789,2.7711180220736273e-05,1.6081436401821273e-05,0.09795474592808345
787,0.12391845449076468,0.12391845449076468,0.4375684324971754,0.14894683255002983,0.14894683255002983,0.12391845449076468,5.6349224175800434e-06,0.08035117489952646,5.6349224175800434e-06
788,0.21946545277038776,0.21946545277038776,0.08274665919569775,1.5877634648888358e-05,0.14985372478150133,0.08274665919569775,0.14985372478150133,0.08274665919569775,0.07856640509371082
789,0.11996885037480506,0.11996885037480506,0.4415899919794319,0.08099472585948993,0.08099472585948993,0.08099472585948993,0.09975102744384036,0.053049145545224066,0.11996885037480506
790,0.25350608817000625,0.25350608817000625,0.16814095605043108,0.16828971006688945,0.07967662635570187,0.10045319367887862,0.16814095605043108,0.16828971006688945,0.05280514918887973
791,0.07776960044433251,0.07776960044433251,0.20943192180993633,0.07776960044433251,0.5852395973878194,0.07776960044433251,0.07840068844388062,0.07776960044433251,0.20943192180993633
792,0.11196441245435533,0.11196441245435533,0.11976077887012387,1.5995867005840015e-05,0.11976077887012387,0.11976077887012387,0.11196441245435533,0.11196441245435533,0.05239227582237836
793,0.19015940775650544,0.19015940775650544,0.17072904096786257,0.34382954160463225,0.17072904096786257,9.719750835982153e-06,0.053157700929491764,9.719750835982153e-06,0.10024954412047968
794,0.22523724552201677,0.22523724552201677,0.05970322708918017,0.14750425920009763,3.061007332819614e-06,3.061007332819614e-06,0.14750425920009763,3.061007332819614e-06,2.7626293980376144e-05
795,0.11997701457484226,2.7559940167484e-05,0.08416513586859084,0.14680409589336982,0.11997701457484226,0.14680409589336982,0.08416513586859084,0.08416513586859084,0.11997701457484226
796,0.22271333937420937,0.22271333937420937,0.43607830323547,0.02107365641713064,0.08052652769543432,0.02107365641713064,0.03575403652936424,0.03575403652936424,0.051719732448507215
797,0.13769371199061944,0.13769371199061944,0.16880661018373316,0.17038523992157242,0.17038523992157242,0.16880661018373316,0.06004153009310584,1.6096630439961882e-05,0.13769371199061944
798,0.16729485623238613,0.16729485623238613,0.5871889717353952,0.20454255035401758,0.20454255035401758,0.053273774974794644,0.16729485623238613,0.05935114904565158,0.09893480851265826
799,0.17247768090958004,0.17247768090958004,1.5821979384006064e-05,0.02847825448681498,0.5470005749040996,0.09982614392683907,0.02847825448681498,0.17247768090958004,0.617965915476926
800,0.08444198405592683,0.7114515471035251,0.48919515990878976,0.08444198405592683,0.08444198405592683,0.07884802318838012,9.80662069450476e-06,0.052139477954157465,9.80662069450476e-06
801,0.12368447160926335,0.12368447160926335,5.655632707567771e-06,0.14881222983479528,0.43766959027471075,0.12368447160926335,5.655632707567771e-06,0.14881222983479528,0.0605785397584172
802,0.11895806340569902,0.11895806340569902,0.4292519072606233,0.03726269365206392,0.11895806340569902,0.03726269365206392,0.03726269365206392,0.03726269365206392,0.03726269365206392
803,0.12045367483391876,0.12045367483391876,0.08382467646280904,0.14953546277476754,0.14953546277476754,0.08382467646280904,0.08382467646280904,0.12045367483391876,2.7633946448006082e-05
804,0.13605547341580287,0.13605547341580287,0.1685033378916467,0.17137643604047315,0.1685033378916467,0.13605547341580287,0.01819476564690986,0.17137643604047315,0.01819476564690986
805,0.16854310983364204,0.16854310983364204,0.05187409031091237,0.20426821248094776,2.7549219169251876e-05,0.20776722797177938,0.16854310983364204,0.20426821248094776,0.20776722797177938
806,0.31658751619505143,0.31658751619505143,0.6152172323276967,0.028328629058842578,0.028328629058842578,0.03532254620764035,0.0601374401858907,0.03532254620764035,2.75736903224592e-05
807,0.13679757330820572,0.13679757330820572,0.17213633431325015,0.15410561533599518,0.15410561533599518,0.17213633431325015,0.10076100982430111,0.13679757330820572,0.08053147214751377
808,0.6355853037858005,0.03756388751451161,0.10028305014750158,0.03756388751451161,0.03756388751451161,0.03756388751451161,0.03756388751451161,1.611722438594308e-05,0.06076980984962993
809,0.21973694765522547,0.21973694765522547,0.05226162744951338,0.4228088969048682,0.09990486629239756,0.028668684017015823,0.1541548647733272,0.1541548647733272,0.028668684017015823
810,0.22108504253082356,0.22108504253082356,0.4391424985554575,0.09838667454118477,0.4234820000593588,0.01857912018292302,0.028274468535831307,0.028274468535831307,0.01857912018292302
811,0.1358262905972991,0.1358262905972991,0.48201789599818495,0.17107960822723586,0.17107960822723586,0.05940977144625223,0.1358262905972991,0.027846604718534913,0.027846604718534913
812,0.8683476730944758,0.07994723855962269,5.676612159109408e-06,0.060100799862490686,0.5732829045987675,0.5844356245648227,2.795833920674975e-05,0.0997390363247954,5.676612159109408e-06
813,0.3201935983397042,0.3201935983397042,0.2200011520866531,0.1921753964695867,0.1921753964695867,0.2200011520866531,1.620261266472084e-05,0.0601062376645402,0.07833423453969171
814,0.13547111845651993,0.13547111845651993,0.09230886614024462,0.15447351963260378,0.15447351963260378,0.09230886614024462,0.0519575906435057,0.09230886614024462,0.13547111845651993
815,0.22718259752137,0.22718259752137,0.08529681488374315,0.421047984267383,0.03574020638925558,0.08529681488374315,0.03574020638925558,0.08058334510936545,0.08529681488374315
816,0.07698096496148853,0.07698096496148853,0.1516599019560677,0.41632798779427616,0.07698096496148853,0.07698096496148853,0.1516599019560677,2.7900748802282343e-05,1.6127446696920952e-05
817,0.07813537883222216,0.07813537883222216,0.43585128071279844,0.011654500711214738,0.07813537883222216,2.7468723094161993e-05,0.07813537883222216,0.011654500711214738,0.011654500711214738
818,0.2548697153361021,0.2548697153361021,0.48096896566804,0.4810038334822167,5.6286033446474475e-06,5.6286033446474475e-06,0.06102366106115448,0.05250783455775982,2.7482584632928625e-05
819,0.30860806182761086,0.30860806182761086,0.20752946036853737,0.07323431130459725,0.07323431130459725,0.20752946036853737,0.07323431130459725,0.07323431130459725,0.08087340426673707
820,0.31949923838436095,0.31949923838436095,0.4861884257363095,0.028284452482219752,2.737774175592429e-05,0.54689505307447,0.028284452482219752,0.052143733759278235,0.09805454037912248
821,0.24950188372758772,0.24950188372758772,0.1735142954222049,0.0837391468181775,0.0837391468181775,0.0837391468181775,0.1735142954222049,2.7277128946615026e-05,0.0802050013496345
822,0.12294357808290833,0.12294357808290833,0.43996889721552845,0.08088295773329263,0.08088295773329263,0.08088295773329263,0.12294357808290833,0.019031316912346333,0.019031316912346333
823,0.22191939238523367,0.22191939238523367,0.15279057997931814,0.14831550917319627,0.14831550917319627,0.15279057997931814,0.053365256585466106,1.608298002902243e-05,0.06127881456715218
824,0.12071090370268503,0.12071090370268503,0.43772040916803273,0.08140865334650134,0.08140865334650134,0.12071090370268503,2.7502764021892402e-05,0.08140865334650134,0.0516519979686832
825,0.1375908669209066,0.1375908669209066,0.16882751212144534,0.1375908669209066,0.07916255555087111,0.03526199783557317,1.6148943377706897e-05,0.16882751212144534,0.03526199783557317
826,0.8768864398614544,0.11083567543879892,0.5836306265869041,0.11083567543879892,0.035488177058566266,0.11083567543879892,0.035488177058566266,0.05348634417059577,2.7565302140465155e-05
827,0.31906618955824423,0.31906618955824423,0.12004248329613565,0.19346494042736895,2.758722575243658e-05,0.12004248329613565,0.19346494042736895,0.12004248329613565,0.10155615209187419
828,0.2481194818813769,0.2481194818813769,0.4850723656670779,0.15436691467161448,0.053192873296067755,0.021801298745888736,0.021801298745888736,1.636164197282501e-05,0.15436691467161448
829,0.22766906062541492,0.22766906062541492,0.08450186947351244,0.4164898520049018,2.7491645889878275e-05,0.08038880784930129,0.08450186947351244,0.08450186947351244,0.10027568146289668
830,0.07774519317643418,0.07774519317643418,0.4331111105270757,0.14831600200847142,0.14831600200847142,0.05168142328906869,0.07774519317643418,0.05911426764663741,0.07774519317643418
831,0.6318867379131412,0.018539556201450706,0.1553351281083767,2.775453566790966e-05,0.14920724879170283,0.1553351281083767,0.14920724879170283,0.06037039488589811,0.018539556201450706
832,0.2529867672350993,0.2529867672350993,0.4834507705834728,3.091058697961624e-06,3.091058697961624e-06,0.17053201373696542,0.07909988495556097,0.17053201373696542,3.091058697961624e-06
833,0.16796199244116178,0.16796199244116178,0.20788230611006137,0.06091815704293204,0.1015280320364146,0.16796199244116178,0.20788230611006137,0.5792122708352591,0.05255699474569376
834,0.17462707196665492,0.17462707196665492,0.2168015526901442,0.19457387339994886,0.19457387339994886,0.2168015526901442,0.0519814221326329,0.07991197666328839,0.17462707196665492
835,0.2514579065493212,0.2514579065493212,0.17382311502067785,0.08390193532272358,0.08390193532272358,0.08390193532272358,0.035263883294833875,0.17382311502067785,0.035263883294833875
836,0.06069771584587654,0.22653040882924771,0.052443001343014876,0.052443001343014876,0.052443001343014876,0.22653040882924771,0.052443001343014876,5.687745595033764e-06,5.687745595033764e-06
837,0.12014441701410608,0.12014441701410608,0.4371079361047564,0.4190672997367492,1.6156721835611966e-05,0.12014441701410608,0.02136826866043217,0.02136826866043217,0.0792063508100622
838,0.22179386438968435,0.22179386438968435,0.08329621479889442,9.916895233332115e-06,0.15083561237931334,0.08329621479889442,9.916895233332115e-06,0.08329621479889442,0.15083561237931334
839,0.027822763308930454,0.7144411210840373,0.0922864028107598,0.0922864028107598,0.03544561785732636,0.03544561785732636,1.6297465029567778e-05,0.0922864028107598,0.027822763308930454
840,0.30923128630594343,0.30923128630594343,0.20820806246544982,0.20852174391395467,0.20852174391395467,2.7532399673012232e-05,0.20820806246544982,0.10294609482413668,0.05949289727383478
841,0.11272748948273419,0.11272748948273419,0.6223079018910878,5.7182600732084144e-06,0.5433830421643304,5.7182600732084144e-06,0.11272748948273419,0.11272748948273419,0.07913869199712546
842,0.2506664132230583,0.2506664132230583,0.17342349825607922,0.009913583897657225,0.009913583897657225,0.009913583897657225,0.009913583897657225,0.09839700907311467,0.17342349825607922
843,0.22502409945081897,0.22502409945081897,0.15405934861350018,0.08056582852531789,0.05970777420168565,0.08056582852531789,0.15405934861350018,0.08056582852531789,0.09982065600175105
844,0.22149995460088415,0.22149995460088415,0.15231283637581497,0.08068930247875523,0.08068930247875523,0.15231283637581497,0.052662290077219044,1.605362188489279e-05,0.08068930247875523
845,0.07867802431576619,0.07867802431576619,0.43806549463375505,0.10178279800294167,0.052583828005010276,0.07867802431576619,0.07867802431576619,0.07982534002012655,0.4239819998822661
846,0.08930085131055591,0.08930085131055591,0.4774803993262579,0.08930085131055591,1.6100756184896704e-05,0.05212485350274594,0.484820002212579,0.08088258595488944,0.08930085131055591
847,0.3066228681823821,0.3066228681823821,0.5869069836015935,0.11080987311787958,2.7689425328425873e-05,0.060599981190975226,0.11080987311787958,0.11080987311787958,0.07960996970215789
848,0.317362612804345,0.07905670478044548,0.21696115123669238,0.5450675156318054,0.05997939977975731,0.21696115123669238,0.03515979370834717,0.317362612804345,0.03515979370834717
849,0.24935148912953528,0.24935148912953528,0.09423181457114098,0.43248623237532896,0.061294332556672874,0.09423181457114098,0.09423181457114098,1.6185855455687317e-05,0.05210380493969649
850,0.2261598721499909,0.2261598721499909,0.18876402105518067,0.14855059845657673,0.020914433308249148,0.14855059845657673,0.020914433308249148,1.6344537251422344e-05,0.18876402105518067
851,0.05204317795773238,0.11976579576558549,0.4298498578387932,0.11976579576558549,0.14933888811253104,0.11976579576558549,0.14933888811253104,0.09990965731934388,0.07862236309981088
852,0.12106133632344619,0.12106133632344619,0.4368909343786538,0.4222931189912601,0.03545510830779712,0.03545510830779712,9.66990491778133e-06,9.66990491778133e-06,0.12106133632344619
853,0.25333158790307436,0.25333158790307436,0.09347248248208204,0.09347248248208204,0.060177306730577564,0.09347248248208204,1.6354833742716203e-05,2.7344540369395983e-05,0.10005198564136147
854,0.167245562299903,0.167245562299903,0.20678936541931814,0.2050865676252926,0.2050865676252926,0.20678936541931814,0.07796570321446289,1.6037526760343257e-05,0.167245562299903
855,0.1127633010074282,0.1127633010074282,0.2174562342931152,0.19280430899242204,0.19280430899242204,0.2174562342931152,0.1127633010074282,0.05332125204611473,0.1127633010074282
856,0.13701046858554328,0.13701046858554328,0.49196802846064897,0.15394646307644783,0.15394646307644783,0.07975639211909377,0.05204441382176304,0.13701046858554328,0.06004318557057387
857,0.021064125439908096,0.6359629318014566,0.010270624028461357,0.010270624028461357,0.41893912346841783,0.021064125439908096,0.15564935444705544,0.010270624028461357,0.15564935444705544
858,0.21879894026249902,0.21879894026249902,0.15268995137865918,0.018466788217740414,1.6112132961551035e-05,0.018466788217740414,0.41817266518602647,0.060815026591957616,0.15268995137865918
859,0.07842992350674038,0.07842992350674038,2.7066403054741714e-05,0.14822747995916707,0.07842992350674038,0.4390875207658668,0.14822747995916707,0.05293771388386042,0.07842992350674038
860,0.05298735458084492,0.7204234285123973,0.17066504218628095,0.4787326671458638,9.616291950539674e-06,0.17066504218628095,0.03516039469600985,9.616291950539674e-06,0.03516039469600985
861,0.16737921761294794,0.16737921761294794,0.11250153214537863,0.20330920674421207,0.11250153214537863,0.11250153214537863,0.06081242595731764,0.16737921761294794,0.20330920674421207
862,0.11299974824738031,0.11299974824738031,0.6182194461754587,0.10446346823291007,0.10446346823291007,0.11299974824738031,0.11299974824738031,0.10446346823291007,0.07944539888577244
863,0.249397344369463,0.249397344369463,0.48662387171188004,1.6218947666734897e-05,9.59936422763753e-06,9.59936422763753e-06,0.027498699675817573,0.027498699675817573,0.4365886846178204
864,0.22500516668646264,0.22500516668646264,0.1483137394571508,0.060297451739682824,0.15482668949363815,1.6406474230976982e-05,0.1483137394571508,0.10013536771948964,0.15482668949363815
865,0.11905709222438528,0.11905709222438528,0.1545107443789144,0.08030565476209836,0.08030565476209836,0.08030565476209836,0.1545107443789144,1.6201733483860833e-05,0.11905709222438528
866,0.2202925166078843,0.2202925166078843,0.1540703705325467,0.020631620849271216,0.1485452034333784,0.1540703705325467,2.7494848194234214e-05,0.020631620849271216,0.1485452034333784
867,0.7135137139143747,0.059753839896741455,0.16969000938016474,0.1706780515439755,0.1706780515439755,0.16969000938016474,1.642118845146412e-05,0.10089804861519223,0.052239189900100666
868,0.16837391387623113,0.16837391387623113,0.08157333728893076,0.20533725291989843,0.20533725291989843,0.16837391387623113,0.01840283884768737,0.01840283884768737,0.059963359443059756
869,0.31904091744872687,0.31904091744872687,0.21891048878245634,0.5490237572624964,0.21891048878245634,0.03500334523635538,0.03500334523635538,0.018378919839814344,0.018378919839814344
870,0.13803980499171575,0.13803980499171575,0.4874869713641644,0.15395956805240613,0.05222941329352134,0.0809466513940386,0.15395956805240613,0.13803980499171575,2.7273910218898634e-05
871,0.12184344814354867,0.12184344814354867,0.12184344814354867,0.14881529922908387,0.027929094345707995,0.14881529922908387,0.15510730542279558,0.027929094345707995,0.15510730542279558
872,0.07801141836216705,0.07801141836216705,0.15191806182540604,0.08096127252639339,0.08096127252639339,0.15191806182540604,0.07801141836216705,0.07801141836216705,0.08096127252639339
873,0.12097125001372011,0.12097125001372011,0.4380231536560138,0.05262713079999723,0.08030703760028415,0.12097125001372011,0.011897896207899977,0.011897896207899977,0.011897896207899977
874,0.2529749769168218,0.2529749769168218,0.09238235994023065,0.48016997653527843,1.6493611544392938e-05,0.09238235994023065,0.08088570979754954,2.752939200956051e-05,0.09238235994023065
875,0.308426562558309,0.308426562558309,0.20792045900321282,0.20301962928966458,0.03447490724492723,0.20301962928966458,0.20792045900321282,0.03447490724492723,2.7252185247318468e-05
876,0.3175898582102928,0.3175898582102928,0.21830926393623964,0.10524689780549916,0.10524689780549916,0.06099874063496646,0.10524689780549916,0.08154462122677958,0.21830926393623964
877,0.1717931753142252,0.25028516413713436,0.1717931753142252,0.4350410287722459,0.010307324924878802,0.010307324924878802,0.25028516413713436,0.07954744979117716,0.010307324924878802
878,0.2257895557595375,0.2257895557595375,0.1573532779219714,0.14829951868796626,0.0593215164647972,0.14829951868796626,0.05229376128622692,0.09977168781003748,0.1573532779219714
879,0.12078317225956718,0.12078317225956718,0.08347898459765034,0.07998068104290071,0.07998068104290071,0.12078317225956718,0.08347898459765034,0.08347898459765034,0.07998068104290071
880,0.22195754125038467,0.22195754125038467,0.08420078272891118,0.1493567441836552,0.1493567441836552,0.08420078272891118,0.035979160802651254,0.035979160802651254,0.08420078272891118
881,0.13842851762292432,0.13842851762292432,0.4815178876158755,0.4881676827394414,0.13842851762292432,0.07857069461138594,2.7376675099722944e-05,0.05296406598694069,0.09827006756580228
882,0.30855298292057126,0.30855298292057126,0.2082822991625544,5.81807143136194e-06,0.11221599804743064,0.11221599804743064,5.81807143136194e-06,0.11221599804743064,0.2082822991625544
883,0.08047348364808553,0.08047348364808553,0.08047348364808553,0.10516903432841523,0.10516903432841523,0.09840322337764039,0.08047348364808553,0.08047348364808553,0.10516903432841523
884,0.1368193178209176,0.1368193178209176,0.1746116934202785,0.1368193178209176,0.15404674527105672,2.7272103740606975e-05,0.15404674527105672,0.08134563019731941,0.1746116934202785
885,5.866567012796243e-06,0.63705901279706,0.15496699168048703,0.1465370863936732,0.1465370863936732,5.866567012796243e-06,0.07870581615552336,0.05297142405068743,0.15496699168048703
886,0.1202381028651398,0.1202381028651398,0.15383692305362667,0.41759702227881557,0.011471848285931757,0.1202381028651398,0.011471848285931757,0.15383692305362667,0.011471848285931757
887,0.27606173513502896,0.27606173513502896,0.0848985482801278,0.1999986771979833,0.1999986771979833,0.0848985482801278,0.0848985482801278,0.03519725975567736,0.03519725975567736
888,0.09820173848198725,0.2913002703630001,0.16906683324345662,0.060807539364916875,0.060807539364916875,0.060807539364916875,0.060807539364916875,0.16906683324345662,0.2913002703630001
889,0.10859017766536151,0.10859017766536151,0.5961557693949717,0.20484238718206524,0.08031540329593936,0.06055772809391574,0.10859017766536151,0.20484238718206524,0.10859017766536151
890,0.13593772087918723,0.13593772087918723,0.6171840131445002,0.10648608796503942,0.10648608796503942,0.13593772087918723,0.05292728673942803,0.10648608796503942,0.09946884890647757
891,0.24813292178336724,0.24813292178336724,0.49078864444696785,0.15357375991500896,0.15357375991500896,0.0812185630943937,0.034884597243637586,0.05249741492480751,0.034884597243637586
892,0.22728396015728983,0.22728396015728983,0.15430148886160894,0.14964795253323354,0.14964795253323354,0.15430148886160894,0.028905962555054315,0.05266959502752925,0.028905962555054315
893,0.6168676727260339,0.052245367687220656,9.635034141777774e-06,0.14708150035147805,0.14708150035147805,0.09980445481052357,9.635034141777774e-06,0.0806668353295836,0.4287296418006172
894,0.1224054907717518,0.1224054907717518,0.4394567141570101,0.08181132901705832,0.08181132901705832,0.05288072030247058,1.65384002872827e-05,0.1224054907717518,0.08181132901705832
895,0.25290496951494124,0.25290496951494124,0.04270282601165405,0.04270282601165405,0.04270282601165405,0.04270282601165405,0.4787494934315137,0.04270282601165405,0.059389875364221884
896,0.1678171841274961,0.1678171841274961,0.11293052366007897,0.20675811978480463,0.20675811978480463,0.11293052366007897,0.11293052366007897,0.1678171841274961,0.0799309638056718
897,0.11297202596977407,0.11297202596977407,0.6184276302878564,0.5456214340685601,0.07925324743485707,0.11297202596977407,0.021603625468413757,0.11297202596977407,0.021603625468413757
898,0.08885111546067749,0.08885111546067749,0.17371236751614597,0.1543414166581418,0.1543414166581418,0.17371236751614597,0.08885111546067749,0.08885111546067749,0.05957909026917796
899,0.12321005740563047,0.12321005740563047,0.43937451655046944,0.08161773705038355,0.05225423585621612,0.06081093993310875,0.08161773705038355,0.08161773705038355,0.12321005740563047
900,0.12085980627850433,0.12085980627850433,0.12085980627850433,0.14788362726085102,0.14788362726085102,0.10017404178774283,0.15244454324837964,0.15244454324837964,0.05222614438549416
901,0.12261509826292313,0.12261509826292313,0.4387182977677699,0.149078280389894,0.149078280389894,0.07994529387200738,0.052818041325452446,0.12261509826292313,1.655694030595571e-05
902,0.13738043808415057,0.13738043808415057,0.09261819071216683,0.09261819071216683,0.13738043808415057,0.09261819071216683,0.10081325722589311,0.4810117799508652,0.059286448613340065
903,0.16800442741001662,0.16800442741001662,0.20813584620770212,0.20360078650055427,0.20360078650055427,0.16800442741001662,0.028008040316823385,0.20813584620770212,0.028008040316823385
904,0.11323356696318941,0.11323356696318941,0.6274752316945549,1.6596627921616692e-05,0.19396368049033227,0.19396368049033227,0.11323356696318941,0.09879821523656755,0.11323356696318941
905,1.6695726407395005e-05,0.7059805147332711,0.17273215285769886,0.018434228078968024,0.4384946374798769,2.7305081302348822e-05,0.17273215285769886,0.10060204298908484,0.018434228078968024
906,0.12408900351659403,0.12408900351659403,0.10161898232861777,0.08035871822912852,0.05997079658570623,1.651568619266847e-05,0.08035871822912852,0.12408900351659403,0.08035871822912852
907,0.21965369700338405,0.21965369700338405,0.43475290556268315,0.149711628579755,0.019181007498236376,0.149711628579755,2.7422075508043343e-05,0.019181007498236376,0.019181007498236376
908,0.2202432045850532,0.2202432045850532,0.43991515050730523,0.14978383868000308,0.14978383868000308,0.018538016303869843,1.6523410054645354e-05,0.059941832666464724,0.018538016303869843
909,0.1368606943331518,0.1368606943331518,0.4768880037588381,5.859289734420024e-06,0.4825506729243448,0.1368606943331518,0.06080925858540865,2.7238038404196804e-05,5.859289734420024e-06
910,0.10933253612934649,0.10933253612934649,0.20691364956254102,0.5784700053761554,0.10933253612934649,0.20691364956254102,0.09982356355524544,2.7385395931808904e-05,0.10933253612934649
911,0.3230624296032094,0.3230624296032094,0.21826378179708977,0.19252812083176568,0.0800649842008467,0.10019520448999485,0.21826378179708977,0.19252812083176568,1.6525954179282514e-05
912,0.24933394572377218,0.24933394572377218,0.48952629011406484,0.08348668897464609,2.7401708808186526e-05,0.08348668897464609,0.052797294067818475,0.08348668897464609,0.06089749826049494
913,0.07991574923066178,0.07991574923066178,0.07991574923066178,0.14833677423732236,0.14833677423732236,0.43818506589306944,0.07991574923066178,1.6603810119579987e-05,0.05222292637952828
914,0.22141547206519546,0.22141547206519546,0.08311107239224427,0.028458902341330923,0.028458902341330923,0.08311107239224427,0.4181097548935079,0.08311107239224427,0.10085070733891023
915,0.2212240189143462,0.2212240189143462,0.15488986799669513,0.08183153869202657,0.08183153869202657,0.15488986799669513,0.08183153869202657,0.05238376924264838,1.6474799026732347e-05
916,0.13822295906487664,0.13822295906487664,0.170582763155265,0.1716282266718419,0.1716282266718419,0.13822295906487664,0.170582763155265,0.08073216120182551,0.05277788737064372
917,0.1684736569267529,0.1684736569267529,0.20675647388642523,0.20622024922931304,0.20622024922931304,0.06137488433663904,0.08063066937824413,0.1684736569267529,0.20675647388642523
918,0.3186586563042376,0.3186586563042376,0.6172136298716491,0.19254118641529436,0.19254118641529436,0.028249772867468787,0.021108487876113354,0.028249772867468787,0.021108487876113354
919,0.249721022934777,0.249721022934777,0.17284832062155636,0.43777054613796573,9.756458997627244e-06,0.17284832062155636,0.034896638577981434,9.756458997627244e-06,0.034896638577981434
920,0.22637184131846402,0.22637184131846402,0.15340124728907986,0.14939979772454373,0.02169941923775576,0.14939979772454373,0.15340124728907986,1.6426696334165003e-05,0.02169941923775576
921,0.6204839701717644,0.06082630108294348,0.15336670936426802,0.052686844327798535,0.052686844327798535,0.15336670936426802,0.052686844327798535,0.05405589716343194,0.052686844327798535
922,0.055942122502764556,0.055942122502764556,0.15409422823010108,0.42234438978072103,1.6703543739049187e-05,0.055942122502764556,0.055942122502764556,0.055942122502764556,0.15409422823010108
923,0.2547392316411782,0.2547392316411782,0.4780384694812863,0.16944120055865997,0.16944120055865997,0.09783555729665656,2.727651863934248e-05,0.01833431914063413,0.01833431914063413
924,0.3080815914130309,0.3080815914130309,0.5864095687901739,0.07264070818518203,0.07264070818518203,0.07264070818518203,1.6779472615554687e-05,0.07264070818518203,0.07972433012182653
925,0.3179205779227792,0.3179205779227792,0.21997978893309833,0.021247449048799848,0.021247449048799848,0.21997978893309833,0.053788264519417546,1.659332127602952e-05,2.68423939216081e-05
926,0.13504681156767517,0.13504681156767517,0.4897618535566963,0.15327132193765433,0.059567409641836815,0.052274898458167345,0.07987778373371109,0.13504681156767517,0.15327132193765433
927,0.22674473783808527,0.22674473783808527,0.05500173751281792,0.05500173751281792,0.41585648106097806,0.05500173751281792,0.05500173751281792,0.0996113494132571,2.7351495458483732e-05
928,0.21995420185979042,0.21995420185979042,0.42990999685926085,0.08044245116914182,0.08044245116914182,2.7015412145133758e-05,0.10001077696358168,0.08044245116914182,0.05904236266875545
929,0.22181236562529974,0.22181236562529974,0.437259762754008,0.08143734477327115,0.08143734477327115,1.6666788224644398e-05,0.08143734477327115,0.09890165686400648,0.05313182622891266
930,0.1379195675956464,1.6586695221573476e-05,2.72866429551766e-05,0.17429832630796022,0.17429832630796022,0.05962195734744918,0.1379195675956464,0.1379195675956464,0.4809598593810596
931,0.16762152781387077,0.16762152781387077,1.657242192936486e-05,0.20594478410736225,0.20594478410736225,0.16762152781387077,0.05980647844338693,0.20839872305279863,0.20839872305279863
932,0.3179820195357833,0.3179820195357833,0.6168398062566535,0.10507258201068664,0.10507258201068664,0.079859056875372,0.0525297137182064,0.09864004666157096,0.10507258201068664
933,0.7037299414382866,0.06095247937590264,0.17250287776813514,0.1540694587845218,0.1540694587845218,0.10038111916162351,0.08119039904682705,0.17250287776813514,1.66511773992837e-05
934,0.2270754902457725,0.2270754902457725,1.661089481822497e-05,0.06133564297169685,0.09961524102008916,0.4211984962504093,2.7384077396406376e-05,0.05235797159815823,0.4368889673514393
935,0.12103435085763932,0.12103435085763932,0.4302609617396539,0.08140699839537469,0.08140699839537469,0.08140699839537469,5.907501909608282e-06,0.12103435085763932,5.907501909608282e-06
936,0.22082078501697303,0.22082078501697303,0.15458058496218793,0.0790181223068048,0.08138335033070301,0.08138335033070301,0.15458058496218793,1.6862257938634446e-05,0.08138335033070301
937,0.13737692593225234,0.13737692593225234,0.1696265391861497,0.4803697113266082,0.03524578347229942,0.1696265391861497,0.13737692593225234,0.05330201756508277,0.03524578347229942
938,1.6653685222055076e-05,0.09967804874750219,0.5863773253821009,0.07222879218981787,0.07222879218981787,0.31066864067785066,0.07222879218981787,0.31066864067785066,0.07222879218981787
939,0.1727164310072059,0.1727164310072059,9.626387170458058e-06,0.5476508054959355,0.07956964259254824,0.1727164310072059,0.035870302077666304,0.035870302077666304,9.626387170458058e-06
940,0.1606112811246068,0.1606112811246068,0.053129792184221036,0.08409788448553472,0.08409788448553472,0.1606112811246068,0.05876576864828844,0.10128194023789665,0.08409788448553472
941,0.1222148355388805,0.1222148355388805,0.07948998081169444,0.4208008327759265,0.06062408195087726,0.15559509103885713,0.15559509103885713,0.1222148355388805,1.6706941188040914e-05
942,0.2195968063057921,0.08382165586197124,0.08382165586197124,0.41966499590970147,0.0603878361794643,0.052446202676622596,0.2195968063057921,0.08382165586197124,0.09993503758417258
943,0.1212475677516938,0.1212475677516938,1.6539264175389303e-05,0.4221290054083228,2.7035488256231613e-05,0.1212475677516938,0.05309920516513645,0.43850382329975957,0.09942362515213497
944,0.2517363767702493,0.2517363767702493,0.48228969052617127,0.09286606571103011,0.09286606571103011,0.09286606571103011,0.07992198758240672,0.053500779659253685,1.655492805271439e-05
945,0.306967782408901,0.306967782408901,0.11240191714637504,0.20586581936269083,0.035214753729223586,0.11240191714637504,0.20586581936269083,0.11240191714637504,0.035214753729223586
946,0.3164506768043353,0.3164506768043353,0.22126914235152723,0.5472330062309481,0.05235740614867097,0.1002976909840172,0.22126914235152723,0.06078556541063273,0.08041381405700954
947,0.1363788985162355,0.1363788985162355,0.48474145184643025,0.15371992744622595,0.018629581642514877,0.060439030656026835,0.1363788985162355,0.15371992744622595,0.018629581642514877
948,0.274480380635405,0.274480380635405,0.5143805798059162,0.10331150404639239,0.10331150404639239,0.07789314198140433,2.7047208712983955e-05,0.10331150404639239,0.05932695461946704
949,0.22054500004488745,0.22054500004488745,0.15355454381579725,0.14874146605993913,5.94411445638761e-06,0.15355454381579725,5.94411445638761e-06,0.14874146605993913,0.053084743970924955
950,0.12085382935356927,0.12085382935356927,0.4380746741371555,0.06035420428602429,0.028591380525010392,0.12085382935356927,0.10080514889266476,0.05222978739086898,0.028591380525010392
951,0.2537623571225828,0.2537623571225828,0.16921642360946532,0.17198338315251496,0.05196434939708197,0.17198338315251496,0.16921642360946532,1.6898228644416405e-05,0.05944320545640779
952,0.3084824105871212,0.3084824105871212,0.20832931468642912,0.10002062839520746,0.11077812916557038,0.20832931468642912,0.11077812916557038,0.11077812916557038,0.07915989871606331
953,0.32103176097252034,0.32103176097252034,0.6132939910162016,9.67178589885152e-06,0.5531877450852647,9.67178589885152e-06,0.061056024453189243,0.028140620112423933,0.028140620112423933
954,0.2507308366004719,0.2507308366004719,0.48777241410024885,0.08467625312198544,0.08467625312198544,1.6758308477126463e-05,0.028036123258610365,0.08467625312198544,0.028036123258610365
955,0.12289554327680864,0.12289554327680864,0.1539563356914448,0.1489301301927407,0.1489301301927407,0.09897422795115277,0.12289554327680864,0.053205823997842586,0.1539563356914448
956,0.12017948403156879,0.12017948403156879,0.3416573021918614,0.08068264929526246,0.08068264929526246,0.08068264929526246,0.05148838785782983,0.12017948403156879,2.702525754871223e-05
957,0.2228774147354914,0.2228774147354914,0.05443852289087579,0.018554583034303407,0.4246099614842642,0.05443852289087579,0.05443852289087579,0.05443852289087579,0.018554583034303407
958,0.13788251948151853,0.13788251948151853,0.47613390080449675,0.0356887218920731,0.48129611300745667,0.13788251948151853,0.0356887218920731,0.0790195092011286,2.7070210948339458e-05
959,0.30929265802867695,0.30929265802867695,0.5859541184652195,0.11033415345135245,0.11033415345135245,0.05288055236880648,0.11033415345135245,1.6743557039515177e-05,0.07939240691889336
960,0.17352739943848505,0.17352739943848505,0.6186770884908228,0.10434823726392158,0.10434823726392158,0.0807534375935002,0.17352739943848505,0.10434823726392158,0.061480418307558696
961,0.2495502889778667,0.2495502889778667,0.4858441216391631,0.4338959627707209,0.028112449772935297,0.020678753136740172,0.020678753136740172,0.028112449772935297,0.1016130720264841
962,0.2280596289423415,0.2280596289423415,0.15641903662326825,0.14782327879227158,0.15641903662326825,0.14782327879227158,9.504869349224313e-06,9.504869349224313e-06,1.6900512086396366e-05
963,0.21910574008325162,0.21910574008325162,0.15188627094868626,0.14893785016785346,0.14893785016785346,0.15188627094868626,1.6945261605631703e-05,0.021031036249348677,0.021031036249348677
964,0.12057136795944864,0.12057136795944864,6.007250215717863e-06,0.4165927167177203,0.1564863629689677,0.12057136795944864,0.1564863629689677,6.007250215717863e-06,2.6945439392189077e-05
965,0.7117581523161606,0.028526457655593543,0.4783201194046642,0.16956832420190546,0.16956832420190546,0.10022319723333416,0.018641459156554737,0.028526457655593543,0.018641459156554737
966,0.3036415507178114,0.3036415507178114,0.20740525841423235,0.2056206451229639,0.2056206451229639,0.20740525841423235,0.0793889940853983,1.6755690660184085e-05,0.09947138057524686
967,0.1742975789315989,0.1742975789315989,0.6175979196597049,0.06907879721364639,0.06907879721364639,0.06907879721364639,0.06907879721364639,0.05174741713782544,0.1742975789315989
968,0.08898355985432595,0.08898355985432595,0.09370411660588748,0.1532856488806588,0.08898355985432595,0.09370411660588748,0.08898355985432595,0.09370411660588748,0.1532856488806588
969,0.08017120990287392,0.08017120990287392,0.43956162009848476,0.14746417881316384,0.14746417881316384,0.08017120990287392,0.09932067527640039,0.05218921221631661,0.08017120990287392
970,0.12012972497963544,0.12012972497963544,0.08326111238379064,0.12012972497963544,0.42085873430763643,0.07898267846432089,0.08326111238379064,0.08326111238379064,0.06104800817955062
971,0.22127299754108187,0.019129563258507464,0.43332800916210645,0.14898528794797644,0.14898528794797644,0.019129563258507464,0.02173809741191413,0.22127299754108187,0.02173809741191413
972,0.25261664394634487,0.25261664394634487,0.16900459915465124,2.7306799869260218e-05,0.16998577875598117,0.09997501691540335,0.16998577875598117,1.6638654411671034e-05,0.16900459915465124
973,0.10942106494954817,0.10942106494954817,0.20613519835883143,0.20228746506986914,0.20228746506986914,0.20613519835883143,0.10942106494954817,0.05221184087445821,0.10942106494954817
974,0.3182479537640721,0.3182479537640721,0.6144528133453516,0.10618599761960913,0.10618599761960913,0.10618599761960913,0.08100313000790034,0.03442293811654816,0.03442293811654816
975,5.161837517258504e-06,0.7088784222181694,0.10097448984006013,0.08419766541894404,0.08419766541894404,5.161837517258504e-06,5.161837517258504e-06,0.08419766541894404,0.4901659320547518
976,0.12329492779965963,0.12329492779965963,0.4343527041506458,0.14741837506573188,0.12329492779965963,5.976981042342309e-06,5.976981042342309e-06,0.14741837506573188,0.09946283448119987
977,0.21958035488292638,0.21958035488292638,1.671958214971936e-05,0.011438715822652571,0.011438715822652571,0.011438715822652571,0.01948144743806524,0.01948144743806524,0.01948144743806524
978,0.05620453198665441,0.05620453198665441,0.10107933715818561,0.4255412773953016,0.05620453198665441,0.4386120301477902,0.05303313480075459,0.05620453198665441,0.05620453198665441
979,0.253497559602263,0.253497559602263,0.09308895802229035,0.09287162157831669,0.09287162157831669,0.09308895802229035,0.09308895802229035,2.662761341747107e-05,0.09287162157831669
980,0.10885701270165332,0.10885701270165332,0.20665042213564716,0.11202581934234986,0.10885701270165332,0.20665042213564716,0.11202581934234986,0.10885701270165332,0.11202581934234986
981,0.11361262726368851,0.11361262726368851,0.6210577212612751,0.19205520932221098,0.19205520932221098,0.11361262726368851,0.11361262726368851,0.02757985755620815,0.02757985755620815
982,0.13551911267666542,0.13551911267666542,0.17048644781933953,0.4388288403502695,0.13551911267666542,0.17048644781933953,0.08219847398601993,0.059801214634571595,0.1002511222911661
983,0.22611141352437245,0.22611141352437245,0.05213127233485808,0.14870148644733322,0.14870148644733322,0.07755583104683027,0.021253679281072593,0.021253679281072593,0.43985944284938455
984,0.218717861624865,0.218717861624865,0.15439336980613508,0.14898815456182005,0.07993245430609139,0.14898815456182005,0.15439336980613508,2.745627627761257e-05,0.09893368352259096
985,0.22175339150512172,0.22175339150512172,0.05264342926629908,0.08111211982495659,0.08111211982495659,0.43808224687777314,0.08111211982495659,0.09787384177371054,1.701897878433689e-05
986,0.2526049292273696,0.2526049292273696,0.1692741533011922,0.4799862243380344,9.634494535123604e-06,0.1692741533011922,0.05209035409541701,1.6862754933852494e-05,9.634494535123604e-06
987,0.3091732636255363,0.1131923170949155,0.1131923170949155,0.20548231311545315,0.20548231311545315,0.1131923170949155,0.09947584587998616,0.07979251161014657,0.3091732636255363
988,0.17390602191324545,0.17390602191324545,0.6173241039722771,0.19250272855344672,2.7191908519727634e-05,0.10100861445647542,0.17390602191324545,0.08217933312420866,0.19250272855344672
989,0.24833597006954644,0.24833597006954644,0.061374363006452735,0.061374363006452735,0.43264928346885684,0.061374363006452735,2.7194291762963193e-05,0.05225236240024318,0.061374363006452735
990,0.12310177687185214,0.12310177687185214,0.15558595039470724,0.14897184794846982,0.14897184794846982,0.12310177687185214,1.707035757684667e-05,0.15558595039470724,2.7074578870188168e-05
991,0.22077547642566436,0.22077547642566436,0.15259727542402637,0.0516527505520487,0.0516527505520487,0.0516527505520487,0.15259727542402637,1.7097315428872863e-05,0.0516527505520487
992,0.22131349063145847,0.22131349063145847,0.43886687797258067,0.14979052716576924,0.14979052716576924,0.01838260728646322,0.07916377043404867,0.06144627947039742,0.01838260728646322
993,0.13634904403979964,0.13634904403979964,0.1694994990730291,0.17229858027222672,0.17229858027222672,0.1694994990730291,0.13634904403979964,0.03544596725656218,0.03544596725656218
994,0.16828616618710562,0.16828616618710562,1.7072312140306148e-05,0.20428071202297704,0.5842845414550583,0.09913855130929733,0.20428071202297704,0.06059290022905646,0.16828616618710562
995,0.3194810384219433,0.1953762995681339,0.6172907191080709,0.020852501473532795,0.1953762995681339,0.3194810384219433,0.020852501473532795,0.018734663902011183,0.018734663902011183
996,0.13538006652160278,0.13538006652160278,0.17365279971015263,0.15516247356147372,0.17365279971015263,0.13538006652160278,0.10040932206032457,1.708821917390045e-05,0.15516247356147372
997,0.2257650817364849,0.2257650817364849,0.08393398203179282,0.14899937941728894,1.701929040476858e-05,0.08054639552347914,0.08393398203179282,0.08393398203179282,0.14899937941728894
998,0.05592533296056588,0.05592533296056588,0.43443757909848246,0.05592533296056588,0.41843472808571514,0.05592533296056588,0.053293125687025884,1.682330650610376e-05,0.05592533296056588
999,0.121156433079403,0.121156433079403,0.4357716031697782,0.02142817379897128,0.14861414574933354,0.02142817379897128,0.14861414574933354,0.0529794020972705,0.121156433079403
1000,0.13806461775613502,0.13806461775613502,0.09191063744272954,0.09345839422344912,0.09345839422344912,0.09191063744272954,0.13806461775613502,0.09191063744272954,0.09345839422344912
1001,0.30982511753370046,0.30982511753370046,0.5866134464841615,0.11067777663563308,0.11067777663563308,0.11067777663563308,0.0810649872440633,0.052289592627529816,0.060479726904676366
1002,0.173469002629577,0.173469002629577,0.6232049019730941,0.10533956112536236,0.10533956112536236,9.488866662382528e-06,9.488866662382528e-06,0.10533956112536236,0.173469002629577
1003,0.24891531190913183,0.24891531190913183,0.17331281252868808,0.07875525269353223,0.4346878758465934,5.978459285557343e-06,5.978459285557343e-06,0.17331281252868808,0.052577596746079064
1004,0.22709283804261543,0.22709283804261543,0.08434983398143447,0.149190482257208,0.149190482257208,0.08434983398143447,0.08434983398143447,0.05174887090621145,0.08062165772669734
1005,0.11974665358842285,0.11974665358842285,0.1536916793026035,0.14711077995076957,1.7057247602653566e-05,0.1025034343993442,0.14711077995076957,0.1536916793026035,0.11974665358842285
1006,0.22316028474283872,0.22316028474283872,0.4380616183289368,0.14992500333877307,0.028158013231100645,0.14992500333877307,0.10020265857663492,0.0608837299258226,0.028158013231100645
1007,0.051267126800964055,0.051267126800964055,0.47896360761755197,0.051267126800964055,0.48267635022050176,0.051267126800964055,0.051267126800964055,1.6849002469302653e-05,0.09901016276061389
1008,0.30821996113821226,0.30821996113821226,0.5833536390987393,1.7118592679696632e-05,0.097899367808078,0.0283635674577287,0.061264921132447386,0.0283635674577287,0.5780101711389621
1009,0.3224451830471381,0.3224451830471381,0.1191924358667582,0.19367472298810937,1.725343295950654e-05,0.19367472298810937,0.05222244969279267,0.1191924358667582,0.1191924358667582
1010,0.2481999075780755,0.2481999075780755,0.1741163813602758,0.05450325249380984,0.05991778395345713,0.1741163813602758,0.05450325249380984,0.05450325249380984,0.05450325249380984
1011,0.22782017349451944,1.6812658876475458e-05,0.08055797267655906,0.08055797267655906,0.08055797267655906,0.05213943583867892,0.028095452359198563,0.028095452359198563,0.22782017349451944
1012,0.21992809949396216,0.21992809949396216,0.1525827706246494,0.14741879090291815,0.05194827362326653,0.14741879090291815,0.1525827706246494,0.061187193397853175,0.08077288614074235
1013,0.12031054335891188,0.12031054335891188,6.013161197057593e-06,0.12031054335891188,0.07985357694166174,0.43728254250861937,0.03554493781380258,0.03554493781380258,6.013161197057593e-06
1014,0.13685530870132098,0.13685530870132098,0.16950567257380783,0.16975042732124007,0.16975042732124007,0.16950567257380783,0.13685530870132098,0.0187467503044858,0.0187467503044858
1015,0.307862983414944,0.307862983414944,0.11165185597866929,0.11165185597866929,0.5763460223143904,0.11165185597866929,2.683119172263167e-05,0.0800894431877783,0.10185652798540568
1016,0.3193548913473282,0.3193548913473282,0.21950910384744168,0.1925389226897502,0.1925389226897502,0.10095732926279376,1.7156840868205323e-05,0.21950910384744168,0.06085339241629107
1017,0.2504938973877624,0.2504938973877624,0.17248325446679225,0.15483543643650627,0.15483543643650627,0.061363049463304085,0.17248325446679225,0.09703886934209263,2.701741732321619e-05
1018,0.6417338836424954,0.08110453270260298,0.15381245047846345,0.08110453270260298,0.08110453270260298,0.15381245047846345,0.02107720546502205,0.08049586439348502,0.02107720546502205
1019,0.21939234845732003,0.21939234845732003,0.15079694220663087,0.08028003414497405,0.08028003414497405,0.08028003414497405,0.0524433526713408,0.15079694220663087,0.10030917903029804
1020,0.042614971750489956,0.042614971750489956,0.042614971750489956,2.674561044213137e-05,0.06020853589321339,0.042614971750489956,0.42431025060020167,0.042614971750489956,0.042614971750489956
1021,0.2509868999012414,0.2509868999012414,0.06061523843382409,0.06061523843382409,1.7224430838949305e-05,0.4786459044366393,0.06061523843382409,0.06061523843382409,0.09965448762702553
1022,0.16738198297143084,0.16738198297143084,0.20770518009254332,0.5796353619054389,2.7341128098323305e-05,0.20770518009254332,0.16738198297143084,0.03480539398924523,0.03480539398924523
1023,0.11304581508760499,0.11304581508760499,0.11901689976763616,0.11304581508760499,0.10042600426010284,0.11901689976763616,0.11901689976763616,0.05397268486164649,0.11304581508760499
1024,0.08801934536723993,0.08801934536723993,0.17263104673836202,0.153813629414296,0.153813629414296,0.17263104673836202,0.0822863076346114,0.08801934536723993,0.08801934536723993
1025,0.12340876921542872,0.12340876921542872,0.15457997194694592,0.05187134435552141,0.41916598581712433,0.15457997194694592,0.09970675087978645,0.12340876921542872,2.6527854988332508e-05
1026,0.21925107741862893,0.21925107741862893,0.1541114351502272,0.1541114351502272,0.14880813351953312,0.09990328655737421,0.14880813351953312,0.02122541337224769,0.02122541337224769
1027,0.12058981255980439,0.12058981255980439,0.43654712923915223,0.08210282815372935,0.08210282815372935,0.07934619704109551,0.12058981255980439,0.10076184935047612,0.08210282815372935
1028,0.2535076900538542,0.2535076900538542,0.02876661509489226,0.0604746316632387,0.0604746316632387,0.0604746316632387,0.4796557061955547,0.02876661509489226,0.0604746316632387
1029,0.3096427160088681,0.3096427160088681,0.034545643677224125,0.20433185564797987,0.20433185564797987,2.6743164368321994e-05,0.5904021646634323,1.7128357013841033e-05,0.034545643677224125
1030,0.17271367285917072,0.17271367285917072,0.21914982604150923,0.1934450338736908,0.1934450338736908,1.71301061913138e-05,0.21914982604150923,0.17271367285917072,0.05342320969617754
1031,0.24861032364431518,0.24861032364431518,0.15365547769034155,0.17109882424194156,0.15365547769034155,0.01811311045086789,0.17109882424194156,2.672551253083122e-05,0.01811311045086789
1032,0.12379719409883276,0.12379719409883276,0.08430957696661606,0.4234243219604126,0.059595070197386704,0.08430957696661606,0.08430957696661606,0.09889414093671856,0.12379719409883276
1033,0.12093401643088038,0.12093401643088038,0.15307573392674162,0.4231688877957702,0.15307573392674162,0.12093401643088038,0.018339931503784938,0.018339931503784938,0.10027871500208022
1034,0.3212955593761022,0.3212955593761022,0.7093642680837545,0.22661866364595087,0.22661866364595087,0.021090745849466765,0.021090745849466765,2.7069725458648054e-05,0.08114536361343759
1035,0.25327631225497704,0.25327631225497704,0.09227624491031391,0.1711834044530829,0.052918781483923545,0.09227624491031391,2.704403453919221e-05,0.09227624491031391,0.1711834044530829
1036,0.12538485309757436,0.12538485309757436,0.41255671244244313,0.20364122229087275,0.12538485309757436,0.09955642783143709,6.0867905282430504e-06,6.0867905282430504e-06,0.20364122229087275
1037,0.12758844635841302,0.12758844635841302,0.41111764729396594,0.12758844635841302,0.14421831261126733,0.14421831261126733,0.028316179341819642,0.0989249947805276,0.028316179341819642
1038,0.13599388152146255,0.03917820817661957,0.48456519453414204,0.03917820817661957,0.03917820817661957,0.13599388152146255,0.03917820817661957,0.03917820817661957,0.13599388152146255
1039,0.28012483936078314,0.28012483936078314,0.43981540930059676,0.148925283013414,0.148925283013414,0.07867821188175927,0.09970569464898976,0.05947153958901702,2.7172445483988518e-05
1040,0.09293590961196795,0.09293590961196795,0.5732963697624317,0.14772867932442071,0.09293590961196795,0.14772867932442071,0.09293590961196795,0.0527362717832249,2.6568163634621058e-05
1041,0.12099502981114502,0.12099502981114502,0.08450097916234345,1.7381353965629792e-05,0.08095447858637768,0.08450097916234345,0.08450097916234345,0.10112686679051223,0.12099502981114502
1042,0.13784109070007092,0.052444996373004316,0.4816799699043467,0.4848793859780555,0.07927953798758715,0.13784109070007092,0.09944059528235275,0.13784109070007092,1.718980319257367e-05
1043,0.31044868494347516,0.31044868494347516,0.028551575936175206,0.07216466190487009,0.07216466190487009,0.07216466190487009,0.07216466190487009,0.5888120778223064,0.028551575936175206
1044,0.8998246062016725,0.1910316953628642,0.617656214798172,0.1910316953628642,0.03474529610239913,0.03474529610239913,0.05227373100360967,2.6909430853961513e-05,1.7248428245509558e-05
1045,0.1348771275368396,0.1348771275368396,0.4877991394298799,0.15583171007552862,0.15583171007552862,0.05223832415995046,0.1348771275368396,2.6978016875485586e-05,1.6983601688323243e-05
1046,0.05217193992849573,0.6355958584609679,0.15455098327076744,0.011786311496487302,0.4173379099944953,0.15455098327076744,0.011786311496487302,0.011786311496487302,0.1008085026863825
1047,0.07777508313276697,0.07777508313276697,0.05179619896148539,0.41291268157319166,0.10088111413762449,0.07777508313276697,0.07805177194524424,2.686760580404335e-05,0.07777508313276697
1048,0.22338287383853653,0.22338287383853653,0.015211562583092085,0.15054095101167264,0.15054095101167264,0.06001223833524382,0.4388294014591401,0.015211562583092085,0.015211562583092085
1049,0.13719613340196937,0.13719613340196937,1.708706125106738e-05,0.4840546306767532,0.08099709679914556,0.16983617173455692,0.16983617173455692,0.13719613340196937,0.1006889287919211
1050,0.3076857821288543,0.3076857821288543,0.5846096957298721,1.7201313571501108e-05,0.05227760918986428,0.08007683167272013,2.654213365995531e-05,0.5841606406204314,0.05958381989147838
1051,0.17395519308276186,0.10026933174517519,0.6197479198782008,0.19374309404994505,0.19374309404994505,2.6829411296661703e-05,1.710146948899107e-05,0.17395519308276186,0.17395519308276186
1052,0.0890502028485591,0.0890502028485591,0.17233314727719934,0.4346156664021399,0.0890502028485591,1.7294988875435907e-05,0.17233314727719934,0.060085358590208776,0.0890502028485591
1053,0.22602912898787472,0.06019167796144631,0.43544276001146504,0.14820779904782547,0.018564634812944795,0.14820779904782547,0.22602912898787472,0.09858159892566373,0.018564634812944795
1054,0.22042601734258094,0.22042601734258094,2.670855009194831e-05,0.14901926344523483,0.14901926344523483,0.15350837353778563,0.10045605099895194,1.7286884447630917e-05,0.15350837353778563
1055,0.2223003259002014,0.2223003259002014,0.15356268433549713,3.2889797199470108e-06,0.0802548888205034,0.15356268433549713,0.4235357063024145,3.2889797199470108e-06,3.2889797199470108e-06
1056,0.25326046486333526,0.25326046486333526,0.6219785655132205,0.09351833385708687,0.019322738332237407,0.09351833385708687,0.09351833385708687,0.019322738332237407,0.019322738332237407
1057,0.10831660461789122,0.10831660461789122,0.5869179842518959,0.5762814415694171,0.018248592499158275,0.10831660461789122,0.10831660461789122,0.06001551591266392,0.018248592499158275
1058,0.3175955717258436,0.3175955717258436,0.5033627937817887,0.03591306437186301,0.1909959121598222,0.03591306437186301,0.01820566830479818,0.01820566830479818,0.1909959121598222
1059,0.2492630974990893,0.2492630974990893,0.48530030188449774,0.0588297470849985,0.0588297470849985,0.05182700935839962,0.028185582115805425,0.028185582115805425,0.0588297470849985
1060,0.29169102899704985,0.29169102899704985,0.08369814916913157,0.2000324441311101,0.2000324441311101,0.08369814916913157,0.08369814916913157,0.028150225186509704,0.028150225186509704
1061,0.11966254072743768,0.11966254072743768,0.6033948051573691,0.11966254072743768,0.2176004368501868,0.028372519185188988,0.06020410093587077,0.2176004368501868,0.028372519185188988
1062,0.0,0.0,0.05238478370912967,0.0,0.0,0.06011380266589597,0.0,0.028128901040773126,0.028128901040773126
1063,0.1822374624299678,0.1822374624299678,0.6271357456664398,0.1822374624299678,0.03510936767162803,0.17310608195664634,0.03510936767162803,0.17310608195664634,2.6773785781725535e-05
1064,0.1672844721334653,0.1672844721334653,0.5857809628095615,1.7297866877488074e-05,0.5719120840274176,0.1672844721334653,2.7029774620113484e-05,0.01860754968332862,0.01860754968332862
1065,0.1732598408973011,0.1732598408973011,0.2207005443274829,0.19255929951053155,0.1732598408973011,0.2207005443274829,6.134249592387562e-06,6.134249592387562e-06,0.19255929951053155
1066,0.25162124740762304,0.035634744238191296,0.4879639290909864,0.053583470373481545,0.053583470373481545,0.053583470373481545,0.25162124740762304,0.053583470373481545,0.035634744238191296
1067,0.2258109572833094,0.2258109572833094,0.08471313364396223,0.4119435935304263,0.021387148720066775,0.08471313364396223,0.08471313364396223,0.021387148720066775,2.710590851348789e-05
1068,0.09985462268999847,1.7369264629587163e-05,0.2040875466155047,0.5615459941771179,0.09985462268999847,0.09985462268999847,0.09985462268999847,0.08063509384894589,0.2040875466155047
1069,0.07834670112507146,0.07834670112507146,0.15416552438866565,0.07834670112507146,0.24837999885866352,2.713023752766922e-05,0.07873641707256647,0.07834670112507146,0.15416552438866565
1070,0.13815509746572077,0.13815509746572077,0.4824311222900354,2.6981273295704506e-05,0.06098631935392007,1.7265586784784023e-05,0.05260317145503708,0.07832500630225626,0.13815509746572077
1071,0.31065013913677536,0.31065013913677536,0.11304161186990239,0.5865585310605453,0.028082735110026746,0.11304161186990239,0.059938303308326966,0.11304161186990239,0.028082735110026746
1072,0.3176660263600965,0.3176660263600965,0.6208894279239688,1.7212949709510833e-05,0.23164777106288884,0.03531475827470058,0.23164777106288884,0.03531475827470058,2.6920492511616803e-05
1073,0.13625713919909033,0.13625713919909033,0.5262999548289864,0.09363414334048614,0.01862435746473077,0.01862435746473077,0.09363414334048614,0.13625713919909033,0.09363414334048614
1074,0.22680605901618256,0.22680605901618256,0.08487477154559926,0.11447096790430565,0.08487477154559926,0.11447096790430565,0.0984723364921817,0.08487477154559926,0.053134037796792224
1075,0.1203632423751084,0.1203632423751084,0.43287045510170713,0.14910333344564536,0.1203632423751084,0.059282671247812564,0.14910333344564536,6.058799317479057e-06,6.058799317479057e-06
1076,0.0788208662819799,0.0788208662819799,0.43345886071450296,0.41993624194803725,0.06097883255228311,0.0788208662819799,0.0788208662819799,0.10074201097001823,0.0526163638663921
1077,0.2516200141274097,0.2516200141274097,0.16977966740072561,0.17096780522625812,0.17096780522625812,0.08041113223214927,2.6299466271087987e-05,0.16977966740072561,1.745476715798339e-05
1078,0.3050055765884228,0.3050055765884228,0.1547963150377768,0.4604605422749088,0.07951177494599632,0.1547963150377768,6.102587579865394e-06,6.102587579865394e-06,0.05876882749505215
1079,0.3198028001716866,0.3198028001716866,0.2192671336761349,0.22765146765869004,0.22765146765869004,0.2192671336761349,0.07988798682777039,1.7315288520712004e-05,2.6717053759912048e-05
1080,0.24976683766050542,0.24976683766050542,0.17356485094618643,0.18875869641090537,0.09936717581708807,0.18875869641090537,0.17356485094618643,2.6900652612643694e-05,0.079633102071411
1081,0.22578070489513777,0.22578070489513777,0.15421723194174025,0.14801348043807766,0.14801348043807766,0.15421723194174025,0.05990426699336722,1.7354630404457057e-05,0.05252542094141144
1082,0.2201489967778301,0.2201489967778301,0.4306069148103487,0.08132851844554356,0.08132851844554356,0.08132851844554356,0.05240999034336775,0.07933905181641907,0.061194309414317326
1083,0.12111929980311216,0.12111929980311216,0.15354119175824218,0.07908303637025366,0.14733990920710385,0.12111929980311216,0.14733990920710385,0.15354119175824218,0.10025181010120078
1084,0.1376681449418544,0.1376681449418544,0.1693861839970958,0.48847719195731254,0.1376681449418544,0.1693861839970958,0.035530233991987785,0.07972880759333333,0.035530233991987785
1085,0.1674549858529318,0.1674549858529318,0.20680379412729727,0.5796501811116139,0.20680379412729727,0.08120676970347557,0.1674549858529318,0.01851601226214017,0.01851601226214017
1086,0.17452617143669275,0.17452617143669275,0.21773814772005287,0.07855614905850426,0.17452617143669275,0.03503383925457888,0.21773814772005287,0.03503383925457888,0.05196224994621158
1087,0.136446147582869,0.136446147582869,0.17157438245794224,0.08396158147817426,0.08396158147817426,0.17157438245794224,0.08396158147817426,0.10024192299603375,0.136446147582869
1088,0.1231554472397979,0.1231554472397979,0.43953095242857637,0.015210442680840906,0.1231554472397979,0.061257556806525705,0.015210442680840906,0.09964054498117134,0.015210442680840906
1089,0.05572364448121518,0.05572364448121518,0.15263598317139157,0.42132596469226613,0.05572364448121518,0.05572364448121518,0.05572364448121518,0.15263598317139157,2.6878621133883892e-05
1090,0.12052110703211726,0.12052110703211726,0.1548527395977453,0.05303788118140943,0.05303788118140943,0.05303788118140943,0.1548527395977453,0.12052110703211726,0.05303788118140943
1091,0.13854622816221407,0.13854622816221407,0.47379858460980717,0.17162539401864782,0.17162539401864782,0.01906224369827118,0.059224261154285925,0.01906224369827118,0.13854622816221407
1092,0.1684378309663107,0.1684378309663107,0.20632846678638717,0.1684378309663107,0.08056632712834959,0.20632846678638717,0.05214628404128751,6.1723985098253065e-06,6.1723985098253065e-06
1093,0.31974453402274333,0.31974453402274333,0.2188531024751583,0.1944032850237673,0.1944032850237673,0.2188531024751583,2.6951044606886446e-05,0.0796330397977359,0.10144352734675412
1094,0.2502684903631842,0.2502684903631842,0.48560606575681686,0.15428717667373057,9.43233152815671e-06,9.43233152815671e-06,1.7372462809033646e-05,0.15428717667373057,0.06063261410980186
1095,0.07993217617358711,0.6407173223872489,0.15279110587106418,0.14853697172915115,0.14853697172915115,6.189059833929572e-06,0.09985515790131881,0.15279110587106418,6.189059833929572e-06
1096,0.21826069544427673,0.21826069544427673,0.08042330206840632,2.6801694355222018e-05,0.099657815303636,0.4321589616934329,0.08042330206840632,0.07929886786600016,0.08042330206840632
1097,0.2219724489146715,0.2219724489146715,0.08428253903751072,0.0817211737150626,0.0817211737150626,0.08428253903751072,0.08428253903751072,0.0817211737150626,1.7280371415837678e-05
1098,0.048623453180390706,0.048623453180390706,0.09250941589771225,0.09250941589771225,0.048623453180390706,0.09250941589771225,0.048623453180390706,0.048623453180390706,0.048623453180390706
1099,0.3072443894847499,0.3072443894847499,0.03530197348363634,0.20606034292415193,0.20606034292415193,0.027432025614065433,0.027432025614065433,0.5874897952972638,0.03530197348363634
1100,0.17417176527611744,0.17417176527611744,0.735661783198842,2.6577131282095092e-05,0.19234948916760022,0.19234948916760022,0.06050193655914607,0.07991393740813539,0.17417176527611744
1101,0.08840015257278269,0.08840015257278269,0.1735473044057988,2.6793848194136e-05,1.7397964397793838e-05,0.08840015257278269,0.10006324643905185,0.1735473044057988,0.08840015257278269
1102,0.2259150281401964,0.2259150281401964,0.15490979359071289,0.4205833218296635,6.1493871127227645e-06,0.15490979359071289,0.05360872346350675,0.060732764381903476,6.1493871127227645e-06
1103,0.21984220195038157,0.21984220195038157,0.15206880177047824,0.10002103698139711,0.1473318508133968,0.1473318508133968,0.15206880177047824,0.08002689064944825,0.059215814321908
1104,0.12119965393338725,0.12119965393338725,0.4318467171220012,0.12119965393338725,0.1478799564630986,0.06002886615366096,0.1478799564630986,0.08111953459278382,0.05249163078292363
1105,0.7123976137625607,9.392186335537631e-06,6.158531201759336e-06,0.01564485256950372,0.01564485256950372,0.09980934326660548,9.392186335537631e-06,6.158531201759336e-06,0.01564485256950372
1106,0.3085642581187087,0.3085642581187087,0.20688964588569836,0.5782767606468475,0.05219105565501649,0.20688964588569836,6.196376112024424e-06,6.196376112024424e-06,0.0798906403327455
1107,0.17324035315926378,0.17324035315926378,0.053461739106451085,1.7546319186730067e-05,0.19385516051562537,0.6207081085207252,0.17324035315926378,0.07934941379865007,0.19385516051562537
1108,0.08758711447139367,0.08758711447139367,0.09891668057393857,0.42984585085843385,0.08758711447139367,0.17290057152324398,0.17290057152324398,0.08758711447139367,1.7551630105747234e-05
1109,0.22700702389847052,0.22700702389847052,0.12182884488889244,0.14809449979762995,0.0788795644164272,0.12182884488889244,0.14809449979762995,0.0523048367634833,0.05996219770452935
1110,0.22095404621341572,0.22095404621341572,0.15114590456740257,0.1488597475282905,0.1488597475282905,0.15114590456740257,0.10146262845546636,2.6665568018344318e-05,0.05201664332174102
1111,0.22108473732517503,0.05174764570945025,0.054803451387777126,0.42373784771273243,0.054803451387777126,0.054803451387777126,0.05969607388558717,0.22108473732517503,0.054803451387777126
1112,0.2550151787915584,0.2550151787915584,0.11627985886868179,0.11627985886868179,1.7453161579623745e-05,0.48660251082335804,0.028579661987698426,0.11627985886868179,0.028579661987698426
1113,0.16873308695166883,0.16873308695166883,0.5926486970943055,0.1115649177410701,0.1115649177410701,0.1115649177410701,0.16873308695166883,1.7509946063929817e-05,2.654779585025082e-05
1114,0.31758776167813313,0.31758776167813313,0.6204115372382041,0.19205028343428404,1.7654468500982876e-05,0.19205028343428404,0.05393785788186746,2.672671651201758e-05,0.05952051444978481
1115,0.13565162157299185,0.13565162157299185,0.17358831799050356,0.1532861272842843,0.07951029292881852,0.1532861272842843,0.17358831799050356,0.05279944231157666,0.13565162157299185
1116,0.22414654682068189,0.22414654682068189,0.44249622605458516,0.03785731581715716,0.03785731581715716,0.03785731581715716,0.03785731581715716,0.03785731581715716,1.7627819590673638e-05
1117,0.12144679570591047,0.12144679570591047,0.1513353301470926,0.4165963098101587,0.03598329122013233,0.051762873296156954,0.12144679570591047,0.1513353301470926,0.03598329122013233
1118,0.1200660696441069,0.1200660696441069,0.1542207628276129,0.14989624481698355,0.14989624481698355,0.1200660696441069,0.1542207628276129,0.058887972627597984,0.052242726599729374
1119,0.1364777512520394,0.1364777512520394,0.16995690963562365,0.4815512233865807,0.16995690963562365,0.03498624479682798,0.03498624479682798,0.1364777512520394,1.7504714559329686e-05
1120,0.16760281420340134,0.16760281420340134,0.11332378988600819,0.5769446604715718,0.11332378988600819,0.11332378988600819,2.706967234352611e-05,0.08006866621906251,0.16760281420340134
1121,0.318449280988098,0.318449280988098,0.2181637970764071,2.644748006727996e-05,0.5433730997201639,0.02847785239849019,1.7528828682688132e-05,0.2181637970764071,0.02847785239849019
1122,0.13511976573975515,0.13511976573975515,0.4853584004469684,0.1551035205187093,0.1551035205187093,0.13511976573975515,0.060020551655316154,1.7600471595493455e-05,0.10003166712338678
1123,0.22321831512814708,0.22321831512814708,0.43930892716372755,0.14752763886018755,0.14752763886018755,0.05955749906946829,0.01867201505650696,0.01867201505650696,0.10164926431673105
1124,0.22079724706272377,0.22079724706272377,0.1533438399362326,0.14841543872077595,0.14841543872077595,0.1533438399362326,0.07856209605815533,0.05980949363974297,0.052370063539107024
1125,0.22180452000950246,0.22180452000950246,0.08381159198330487,0.1494571677580024,0.08381159198330487,2.6794717372000532e-05,0.08381159198330487,0.1494571677580024,0.05182470764246842
1126,0.25174979631352645,0.25174979631352645,0.16823867529282358,0.09195016689689085,0.09195016689689085,6.227103679628297e-06,0.09195016689689085,0.16823867529282358,6.227103679628297e-06
1127,0.30941455113713184,0.05145177974518155,0.5836568292783841,0.05145177974518155,0.05145177974518155,0.05145177974518155,0.30941455113713184,0.05145177974518155,1.7636990574784256e-05
1128,0.11255333236994802,0.11255333236994802,0.21961515926538927,0.5407080748062627,0.1008331203591106,0.21961515926538927,0.11255333236994802,0.11255333236994802,1.7680868519241793e-05
1129,0.13662521591885132,0.13662521591885132,0.48679429209301084,0.018603131063408218,0.01921246300425663,0.13662521591885132,0.01921246300425663,0.018603131063408218,0.01921246300425663
1130,0.22429224370236392,0.22429224370236392,0.055080018248851594,0.08061697738719463,0.08061697738719463,0.055080018248851594,0.055080018248851594,0.08061697738719463,0.055080018248851594
1131,0.07693910963608956,0.07693910963608956,0.42975261655918734,0.07693910963608956,0.14846659580461052,0.05275093343301892,0.14846659580461052,1.784585328825573e-05,0.07693910963608956
1132,0.07858039791187146,0.07858039791187146,0.4392478652756022,0.08152493049051326,0.08152493049051326,0.08152493049051326,0.059822664491300956,0.07858039791187146,0.07858039791187146
1133,0.08931074340252322,0.08931074340252322,0.09275321587548727,0.05179893070793935,0.4840540794375794,0.08931074340252322,0.08931074340252322,0.09275321587548727,0.09275321587548727
1134,0.3078845286586143,0.3078845286586143,0.20786989776884154,0.20433599894534077,0.20433599894534077,0.1024261365748899,0.08034176282852035,0.20786989776884154,1.7880319390116288e-05
1135,0.318079713418888,0.318079713418888,5.179178331111602e-06,5.179178331111602e-06,0.10101996192919177,0.6171583525055147,5.179178331111602e-06,0.08090131066364767,0.546998615842387
1136,0.296087467563659,0.296087467563659,0.060573525856299444,0.17200705521420565,0.4381944711385258,0.17200705521420565,1.7627012612707925e-05,2.659968214254803e-05,0.10096123279651578
1137,0.12236945505098325,0.12236945505098325,0.12236945505098325,0.1488695376047457,0.1488695376047457,0.4362934234677349,0.053192995993410784,1.754102213772035e-05,0.10066901762211693
1138,0.12048338151312638,0.12048338151312638,0.15244949755360382,0.14764761804112816,2.6496470169061814e-05,0.15244949755360382,0.14764761804112816,0.12048338151312638,0.05958059209010761
1139,0.22127863606296547,0.22127863606296547,0.08373334025580419,0.14800326418940968,0.05255204656029313,0.08373334025580419,0.08373334025580419,0.14800326418940968,0.07989319875851253
1140,0.08850668205326052,0.08850668205326052,0.09266009350289824,0.17351964345753645,0.08850668205326052,0.09266009350289824,0.08850668205326052,0.09266009350289824,0.17351964345753645
1141,0.3082949762584331,0.3082949762584331,0.1134047917578124,1.7738640347029882e-05,0.05349338450967296,0.1134047917578124,0.09955998826719908,0.1134047917578124,2.6913428662447994e-05
1142,0.31615808026678455,0.31615808026678455,9.382998543908888e-06,0.19375001148505966,0.19375001148505966,0.060794071851482244,0.07977926827852777,0.052844602014866654,9.382998543908888e-06
1143,0.24767722112386517,0.24767722112386517,0.4891975371916059,0.15413344345227983,0.021486095429500505,0.07963996203961901,0.021486095429500505,0.15413344345227983,0.05300204795711748
1144,0.12249431230966044,0.12249431230966044,0.15380593225863468,0.08052394983778387,0.08052394983778387,0.15380593225863468,0.08052394983778387,0.12249431230966044,2.684686154095592e-05
1145,0.22309890727935533,0.22309890727935533,0.15204714172628814,0.08107468992978975,0.08107468992978975,0.08107468992978975,0.05233694273762071,0.15204714172628814,0.0797802090717151
1146,0.12082152160090207,0.12082152160090207,0.05173037876117359,0.15089635243538455,0.15089635243538455,0.12082152160090207,0.43609292631316193,2.6573648965382116e-05,0.10020616473477896
1147,0.25353268051713174,0.25353268051713174,0.0352449893808066,3.4262126189390967e-06,3.4262126189390967e-06,0.0352449893808066,0.1687451449802484,0.1687451449802484,3.4262126189390967e-06
1148,0.10899232881752931,0.10899232881752931,0.207820000850638,0.028562848862173314,0.5810681100186854,0.207820000850638,0.10899232881752931,0.10899232881752931,0.028562848862173314
1149,0.17361709658018074,0.17361709658018074,0.07942567320927846,0.5442062043430832,0.6200206722435733,0.052066913327776757,2.633113615438192e-05,0.17361709658018074,1.766438771836288e-05
1150,0.13572727989753616,0.13572727989753616,0.17267410582456963,0.15581633707291925,0.15581633707291925,0.17267410582456963,1.752553105591487e-05,0.08009092706370043,0.13572727989753616
1151,0.2273295915346815,0.2273295915346815,0.15563515757479945,0.08025345126486359,0.15563515757479945,2.6225545241606714e-05,0.09970214739858242,0.06087821532480245,1.7978609323892303e-05
1152,0.2191175272714185,0.2191175272714185,0.08337872080459388,0.14814326545159967,0.14814326545159967,1.778315782712135e-05,0.08337872080459388,0.06026494138397803,0.08337872080459388
1153,0.12134781415007305,0.12134781415007305,0.08466175136713609,0.08466175136713609,0.01871658972576357,0.12134781415007305,0.07853817471064836,0.01871658972576357,0.08466175136713609
1154,0.2546599089127292,0.2546599089127292,0.07846944979854914,6.329454284663842e-06,0.09348649550614264,0.09348649550614264,0.09348649550614264,0.05967388576220716,6.329454284663842e-06
1155,0.3057139216927655,0.3057139216927655,0.20816361522799884,1.7606979834753384e-05,0.2027449315699529,0.20816361522799884,0.06046725836945725,2.671803681669279e-05,0.2027449315699529
1156,0.11253398560707302,0.11253398560707302,0.11253398560707302,0.5466388855527667,1.7833281684858934e-05,0.059136377811742864,0.11253398560707302,0.02891573260812491,0.02891573260812491
1157,0.17164082617836657,0.7107654777386213,0.17164082617836657,0.4386712957400023,0.018791173105816232,0.07972511637216312,0.018791173105816232,0.02084038216076025,0.02084038216076025
1158,0.12281534014344439,0.12281534014344439,0.05477474556306379,0.12281534014344439,0.05477474556306379,0.05477474556306379,0.05477474556306379,1.7828867313775594e-05,0.07990645921126384
1159,0.05546682517264791,0.05546682517264791,0.4344467259017528,0.08184722848747773,0.41792713535772874,0.05546682517264791,0.10104772217284844,0.05546682517264791,0.05546682517264791
1160,0.22378704157822044,0.22378704157822044,0.4399768819398243,0.08089085947946703,0.0595816364934794,0.08089085947946703,0.08089085947946703,1.7664068046697623e-05,0.08106276504233657
1161,0.1375583268750014,0.1375583268750014,0.09292538813077833,0.02776006256269296,0.1375583268750014,0.09292538813077833,0.02776006256269296,1.775938016211813e-05,0.09292538813077833
1162,0.16924014764330017,0.16924014764330017,0.20626663461294545,0.20535760866194963,0.20535760866194963,0.0994764196421423,0.16924014764330017,0.20626663461294545,2.662631674211711e-05
1163,0.3182314207039722,0.3182314207039722,0.6182124619703951,0.5395705015218485,0.07930893874629019,0.05208573994038206,9.342835824539734e-06,0.06137898902239778,9.342835824539734e-06
1164,0.24945012861661917,0.24945012861661917,0.17476819874804306,0.15379421886706449,0.15379421886706449,0.080400799908015,1.779318110559565e-05,0.17476819874804306,0.09929925189704669
1165,0.0791469448189745,0.0791469448189745,0.0848911999137547,0.42044389767599216,0.0848911999137547,0.0848911999137547,0.06096521821186273,0.0791469448189745,0.0791469448189745
1166,0.12040231049004169,0.12040231049004169,0.12040231049004169,0.05224808396773453,0.05224808396773453,0.05224808396773453,0.43668574477527156,0.05224808396773453,1.7820867989847378e-05
1167,0.12009992214930594,0.12009992214930594,0.08463673402038481,0.05246371994411035,0.08463673402038481,0.06003998995343857,0.08463673402038481,0.10080154705059373,0.12009992214930594
1168,0.13619931875187843,0.13619931875187843,0.4819383861908152,0.17091953721873102,0.17091953721873102,0.13619931875187843,0.0990071298493459,6.243648774045588e-06,6.243648774045588e-06
1169,0.16843437495143604,0.16843437495143604,0.582109738643735,0.20458720194925412,0.052466441465182145,0.10104015165597893,0.20458720194925412,1.8020658326634902e-05,0.16843437495143604
1170,0.17366418423180688,0.17366418423180688,0.2191547302834083,0.544345386665119,0.10100437953217606,0.2191547302834083,0.17366418423180688,0.06062889399902324,0.08140769991280193
1171,0.2517269740528547,0.2517269740528547,0.010065490256480505,0.02067997117112584,0.43847307322158513,0.4911465168717808,0.010065490256480505,0.010065490256480505,0.02067997117112584
1172,0.12187480957214931,0.12187480957214931,0.0844498987397869,0.42517377566289827,0.12187480957214931,0.0844498987397869,0.0844498987397869,1.7926050277042967e-05,0.10119073338286289
1173,0.21900885204461437,0.21900885204461437,0.05427032223769819,0.05427032223769819,0.14876144288728688,0.05427032223769819,0.14876144288728688,0.05427032223769819,0.09951675506758731
1174,0.12014289533024494,0.12014289533024494,0.43679810725771934,0.15040970572510054,0.15040970572510054,0.12014289533024494,0.028219766709413212,0.10100501726831415,0.028219766709413212
1175,0.13815390807173855,0.13815390807173855,0.48641889472049926,0.4833249233296022,0.08091900362123886,2.6383524205044763e-05,0.13815390807173855,1.778386184933458e-05,0.05296636203221863
1176,0.16933657682777722,0.16933657682777722,0.5908865277817366,0.20498372972237575,0.20498372972237575,6.344311827526189e-06,0.10114555524663876,0.16933657682777722,6.344311827526189e-06
1177,0.3640176779380224,0.3640176779380224,0.6220193425873454,0.06833923602553615,0.06833923602553615,0.06833923602553615,0.021230634477937292,0.06833923602553615,0.021230634477937292
1178,0.13502181541779004,0.13502181541779004,0.01563398992408717,0.1546817796510768,0.1546817796510768,0.01563398992408717,2.6357676080513573e-05,0.13502181541779004,0.01563398992408717
1179,0.22766800330235762,0.22766800330235762,0.43582496420066974,0.41960253828937993,9.456030147264192e-06,0.018481901920647487,1.8018558704567368e-05,9.456030147264192e-06,0.018481901920647487
1180,0.11943714075036287,0.11943714075036287,0.052709991382743605,0.052709991382743605,0.052709991382743605,0.4336633609779994,0.052709991382743605,0.06000528566573242,0.11943714075036287
1181,0.12039465817016534,0.12039465817016534,0.054512360209394616,0.1499503822986341,0.1499503822986341,0.054512360209394616,0.054512360209394616,0.054512360209394616,0.12039465817016534
1182,0.1379800265216078,0.1379800265216078,0.169938250033693,0.48699509161260934,0.01870454010810926,0.169938250033693,0.1379800265216078,0.01870454010810926,0.0788149770797086
1183,0.169653854633617,0.169653854633617,0.2064469372392316,0.5760663438638127,0.034858817559061506,0.034858817559061506,0.052433533680650124,0.169653854633617,0.2064469372392316
1184,0.17392806090334828,0.019464420775440798,0.6215462088593486,0.17392806090334828,0.018557879491543115,0.17392806090334828,0.019464420775440798,0.018557879491543115,0.019464420775440798
1185,0.2513565346819741,0.2513565346819741,0.49472329702566425,0.15589751345378025,0.15589751345378025,0.011504473773528713,0.08112729621536836,0.011504473773528713,0.011504473773528713
1186,0.12317301866348968,0.12317301866348968,0.15562450520244728,0.05154985521608467,0.14881050708951854,0.15562450520244728,0.12317301866348968,0.06098750747481495,0.14881050708951854
1187,0.2171440425711213,0.2171440425711213,0.08404748103454524,0.08056762432882286,0.05234528407720514,0.08056762432882286,0.08404748103454524,0.08404748103454524,0.08056762432882286
1188,0.12036516358855534,0.12036516358855534,0.43816647327576247,0.05298650548491595,0.05298650548491595,0.12036516358855534,0.05298650548491595,1.784692036782928e-05,0.05298650548491595
1189,0.13769494385132933,0.13769494385132933,0.1694175799602819,0.48551010725745447,1.7738456716114846e-05,0.1694175799602819,0.059542380872810524,0.050834794400240815,0.13769494385132933
1190,0.16713967669123583,0.16713967669123583,0.1124395161730818,0.16713967669123583,0.5865721486390097,0.1124395161730818,9.305660818888628e-06,9.305660818888628e-06,0.1124395161730818
1191,0.11221960911837273,0.11221960911837273,0.6187217417886255,0.19298943691266143,0.19298943691266143,0.11221960911837273,1.7688451359251414e-05,0.11221960911837273,0.05951636681137773
1192,0.08841532004734991,0.08841532004734991,0.48938987056335975,0.0543387050407481,0.0543387050407481,0.0543387050407481,0.08841532004734991,0.08841532004734991,0.0543387050407481
1193,0.22811424645776746,0.22811424645776746,0.15446742792363732,0.4179269109697275,0.021064744057431396,0.15446742792363732,0.05330549856891695,0.021064744057431396,0.0994572103025729
1194,0.11985444846618695,0.11985444846618695,0.1522766691935464,0.4176569218889545,0.028348167058742376,0.028348167058742376,0.1522766691935464,0.11985444846618695,1.799662650288239e-05
1195,0.22288851651655708,0.22288851651655708,0.44038557722447996,5.0695823937568905e-06,5.0695823937568905e-06,0.10144411200640464,0.07990358983357443,0.4202384629281839,5.0695823937568905e-06
1196,0.2526810517430489,0.2526810517430489,0.09197766759227897,0.06048453259370183,0.03530879596054855,0.09197766759227897,0.03530879596054855,0.08056281778381504,0.09197766759227897
1197,0.30977615664527886,0.30977615664527886,0.5845568688600347,0.060701818467616686,0.20515914865301024,0.018687159419452988,0.20515914865301024,0.018687159419452988,0.10023461241644167
1198,0.1125368375726026,0.1125368375726026,0.02107384438076728,0.03508298071426234,0.5465942970206926,0.1125368375726026,0.02107384438076728,0.1125368375726026,0.03508298071426234
1199,0.2514396448820451,0.2514396448820451,0.17286934199039625,3.3109079447746836e-06,3.3109079447746836e-06,3.3109079447746836e-06,0.17286934199039625,3.3109079447746836e-06,0.09990799540020465
1200,0.22555531674052273,0.22555531674052273,0.1559407265119932,0.08141522334176757,6.368495208781627e-06,6.368495208781627e-06,0.08141522334176757,0.08141522334176757,0.1559407265119932
1201,0.055629159562097,0.055629159562097,0.42885201612699525,0.08034452069437038,0.1488935680777294,0.1488935680777294,0.055629159562097,0.055629159562097,0.055629159562097
1202,0.22328798543678963,0.053401809134208694,0.08396830399816732,0.08396830399816732,0.422355350170516,0.06059821384301553,0.08095246171818139,0.22328798543678963,0.08396830399816732
1203,0.13829811749799245,0.13829811749799245,1.7838373916558006e-05,0.47885081155844167,0.13829811749799245,0.48292855487639674,0.018863851894917693,0.018863851894917693,2.6601986677169928e-05
1204,0.30488360997926417,0.30488360997926417,0.11377338177347918,0.5794021156101272,0.011691202888395744,0.11377338177347918,0.11377338177347918,0.011691202888395744,0.011691202888395744
1205,0.17443816662701125,9.302545431464234e-06,0.17443816662701125,0.5458728940145136,0.05335816316921797,0.2192690180386823,9.302545431464234e-06,0.2192690180386823,0.17443816662701125
1206,0.24933064412911493,0.24933064412911493,0.17297492278589424,0.432089082862488,2.6506086261919794e-05,0.17297492278589424,1.8013298224363924e-05,0.07974884618150548,0.10138277205247351
1207,0.1233430700336561,0.1233430700336561,0.1549451760611979,0.14787766670252409,0.14787766670252409,0.1549451760611979,0.10006071282761975,0.0593844580663978,0.1233430700336561
1208,0.22096499946409706,0.22096499946409706,0.1526811400924179,0.052771088493835945,0.052771088493835945,0.052771088493835945,0.052771088493835945,0.1526811400924179,1.8130862471836538e-05
1209,0.07873166971009862,0.07873166971009862,0.43564345523465847,0.05260952789583522,9.371459521634235e-06,0.07873166971009862,0.07873166971009862,9.371459521634235e-06,0.06067471270339882
1210,0.25303799136753063,0.25303799136753063,0.17021827489417557,0.17021827489417557,0.03578648013122102,0.03578648013122102,0.011298532499316904,0.011298532499316904,0.011298532499316904
1211,0.8781817866084494,9.350082929395076e-06,0.11272347245936812,9.350082929395076e-06,0.028374056520513283,0.11272347245936812,0.11272347245936812,1.7925164381505354e-05,0.028374056520513283
1212,0.3173860204369796,0.3173860204369796,0.21863763513965717,0.19240227925178385,0.19240227925178385,0.21863763513965717,0.07999489163710122,0.03527248615439967,0.03527248615439967
1213,0.13566029109695502,0.13566029109695502,0.061231283045169074,0.15272443347649306,0.15272443347649306,0.08155623684115998,0.03563382088278447,0.03563382088278447,0.13566029109695502
1214,0.2622656422802567,0.2622656422802567,0.09850762994176701,0.41924796875578624,0.08479750459843494,0.08479750459843494,0.051942602619509684,0.08479750459843494,2.6502878086278725e-05
1215,0.22091281286362585,0.22091281286362585,0.432153467546766,0.05155439258328976,0.05155439258328976,0.05155439258328976,0.05155439258328976,0.10015005988726199,1.805461191157964e-05
1216,0.05610373848746032,0.05610373848746032,0.1530284079814258,0.4226464692633741,0.05610373848746032,0.05610373848746032,0.05610373848746032,0.1530284079814258,0.052271705979415016
1217,0.25189950888127793,0.25189950888127793,0.16792452998617882,0.487799833500891,0.02126099014876961,0.02126099014876961,0.16792452998617882,2.659212861668061e-05,1.7926628904250425e-05
1218,0.3077085570847738,0.3077085570847738,0.2085243071056002,0.20597278417266762,0.20597278417266762,0.05203043678298196,2.6520845636211832e-05,0.08063603282377012,0.2085243071056002
1219,0.05846692539784404,0.8967782014648471,0.21865219663819851,0.10586318975002595,0.10586318975002595,0.21865219663819851,1.7887440553489966e-05,0.05147369621528327,0.10586318975002595
1220,0.24918135697023466,0.24918135697023466,0.17346564521118737,0.08415204149761,0.08415204149761,0.17346564521118737,0.0281396774050986,0.08415204149761,0.0281396774050986
1221,0.22689751038597283,0.22689751038597283,0.0846190764032349,0.1497945670623312,0.1497945670623312,0.10206890291182062,0.0846190764032349,0.05295203172065613,0.0846190764032349
1222,0.11971788114469556,0.11971788114469556,0.1521502167831672,0.11971788114469556,0.10016057288833913,0.1521502167831672,0.05995842487781073,0.5335266148884822,2.627806599941125e-05
1223,0.2227217007556112,0.2227217007556112,0.07985533656428175,0.03773115417129365,0.03773115417129365,0.03773115417129365,0.03773115417129365,0.09977617261403313,0.03773115417129365
1224,0.25391342577513776,0.25391342577513776,0.4777106990955422,0.06037031814625815,0.06037031814625815,2.6289683462996317e-05,0.0994299521051756,0.06037031814625815,0.06037031814625815
1225,0.30522953697419986,0.01826099355327795,0.5851311206838048,0.2043297459083438,0.2043297459083438,1.8159243355048173e-05,0.30522953697419986,0.05966719687570675,0.01826099355327795
1226,0.17411578442178438,0.17411578442178438,0.6195273124294448,0.192518204346656,0.192518204346656,0.07993478427216417,0.05215700599179695,1.814330901632049e-05,0.17411578442178438
1227,0.0882576056735606,0.0882576056735606,0.4900746937675679,0.08304893689302406,0.08304893689302406,0.0882576056735606,0.0882576056735606,0.10055161800881164,0.08304893689302406
1228,0.12295048905830862,0.12295048905830862,0.12295048905830862,0.08106266928141238,1.814209976380572e-05,0.15356753750110347,0.15356753750110347,0.08106266928141238,0.08106266928141238
1229,0.22125558439233917,0.22125558439233917,0.05447435690147908,0.05447435690147908,0.05447435690147908,0.05447435690147908,0.059105483387963925,2.6177430925243636e-05,0.05317926517530461
1230,0.22301020864838741,0.22301020864838741,0.15354981384047317,0.14900876760219903,0.14900876760219903,0.0996118776934228,0.0818578962282725,0.15354981384047317,1.8191188783502014e-05
1231,0.25231722249196803,0.25231722249196803,0.48809444160593124,6.413496169995585e-06,0.47821156576040186,0.052556632154962805,0.10140408696487628,6.413496169995585e-06,0.07858114820555617
1232,0.16695775919007627,0.16695775919007627,0.580191184444063,0.08037048854290434,1.7960784519359534e-05,0.577355832157825,9.206061810103637e-06,9.206061810103637e-06,0.16695775919007627
1233,0.31828983537744143,0.31828983537744143,0.2162275851493888,0.06842123345746091,0.06842123345746091,0.06842123345746091,1.8019682510263168e-05,0.2162275851493888,0.06842123345746091
1234,0.2500478126235157,6.410285639567862e-06,0.48488880576990834,9.338745966986083e-06,9.338745966986083e-06,0.4369844564060116,0.2500478126235157,6.410285639567862e-06,0.08031350941744853
1235,0.12314764440066135,0.12314764440066135,0.44023632855786365,0.08072631203937038,0.09888904139431723,0.08072631203937038,0.08072631203937038,0.060088365434698136,0.12314764440066135
1236,0.6245249649955184,2.622370922694506e-05,0.03535880826664659,0.14948254585451698,0.02167386803323083,0.14948254585451698,0.42954093051990316,0.03535880826664659,0.02167386803323083
1237,0.12040244340135879,0.12040244340135879,0.15437074185154506,0.1498132385192043,0.12040244340135879,0.1498132385192043,0.15437074185154506,0.07944965515098189,1.807750597977037e-05
1238,0.137553474650689,0.137553474650689,0.47461287848687683,0.091817795310635,0.091817795310635,0.091817795310635,0.137553474650689,0.06083283357620665,0.09901440149356033
1239,0.16708559925743913,0.16708559925743913,0.20707521335006504,0.20453153372437985,0.20453153372437985,0.16708559925743913,0.05241574878559902,0.09982393093363034,0.20707521335006504
1240,0.3205921298471105,0.3205921298471105,0.21763319885354698,0.19297536027825232,0.19297536027825232,0.02091454416223675,0.21763319885354698,0.02091454416223675,2.617471514725393e-05
1241,0.24919682256355347,0.24919682256355347,0.17282885391981076,0.1550569675051876,0.1550569675051876,0.027821691626059405,0.17282885391981076,0.027821691626059405,0.05894087847577719
1242,0.07899116475422888,0.6398423258700668,0.1535878625324095,0.14788190160221631,0.14788190160221631,0.1535878625324095,0.10140491908116268,1.8310662817464975e-05,2.6289451010194677e-05
1243,0.11896926475356957,0.11896926475356957,0.4310546325094081,0.08072394945614354,0.08072394945614354,0.11896926475356957,0.08072394945614354,2.6397850878202235e-05,0.052623698985095474
1244,0.2222399661979661,0.2222399661979661,0.1548202289231308,0.08171523661199304,0.08171523661199304,0.08171523661199304,0.080224975469685,0.1548202289231308,0.059963121707054735
1245,0.13818971734693739,0.13818971734693739,0.4809797442664955,0.48457184018448657,0.0530042835847259,0.09848870958260485,0.13818971734693739,1.829899540764308e-05,2.6202596437876126e-05
1246,0.3069494581307576,0.3069494581307576,0.20655436659834764,0.5786210533833696,1.8150264161189448e-05,0.20655436659834764,0.021340819071392302,0.05399513927342443,0.021340819071392302
1247,0.17238179051446667,0.17238179051446667,0.118809860256701,0.036370997440376134,0.5471362642839613,0.118809860256701,0.118809860256701,0.17238179051446667,0.036370997440376134
1248,0.13590506138979483,0.13590506138979483,0.4885647056712095,0.15385991551108,0.15385991551108,0.13590506138979483,0.01886522138633682,0.01886522138633682,2.5975493709610925e-05
1249,0.22457409452771998,0.22457409452771998,0.08421714591331166,0.08421714591331166,9.233105617890848e-06,0.052529583840440104,9.233105617890848e-06,0.4143804281068756,0.08421714591331166
1250,0.6212422360196349,0.05219820466796256,0.15316787507166793,0.4181008012750443,0.06002234384289985,0.15316787507166793,6.386521242597089e-06,6.386521242597089e-06,0.09886444959559215
1251,0.12119218982328553,0.12119218982328553,0.4368451396187935,0.14780088124669324,0.018213435306339867,0.14780088124669324,0.12119218982328553,0.10198289604505376,0.018213435306339867
1252,0.17908334559353767,0.17908334559353767,0.6109022343504527,0.6803289585437815,0.17908334559353767,2.6236200474225332e-05,0.09835494572088573,0.05999024173496171,1.833688611598683e-05
1253,0.10903795609001832,0.10903795609001832,0.5919460894844233,0.10903795609001832,0.11260982079809848,1.81547768410904e-05,0.11260982079809848,0.11260982079809848,0.10903795609001832
1254,0.09544752674708279,0.09544752674708279,0.6228789445054705,0.15606356291331974,0.15606356291331974,0.09544752674708279,0.08009364220806311,2.6138338711216965e-05,0.09544752674708279
1255,0.1358565623166876,0.1358565623166876,0.09435799076886056,0.43484411067175965,0.09435799076886056,0.1005169919081485,0.09435799076886056,0.07957992903362157,0.1358565623166876
1256,0.2265428576393242,0.2265428576393242,0.05220181673028335,0.14880433392022333,0.14880433392022333,0.43835763515401116,0.021649579222556635,0.021649579222556635,1.840146542480291e-05
1257,0.04236099380702548,0.04236099380702548,0.04236099380702548,0.417911289645654,0.15449022978098256,0.15449022978098256,0.04236099380702548,0.04236099380702548,0.04236099380702548
1258,0.22187392915644163,0.22187392915644163,0.08447484685627893,0.08191813281112686,0.08191813281112686,0.08447484685627893,0.08191813281112686,0.08019266691534238,0.08447484685627893
1259,0.2528554470553191,0.2528554470553191,0.16962739062308899,0.09259957662643069,0.09259957662643069,0.09259957662643069,0.10091343566547048,0.08100184590973852,0.16962739062308899
1260,0.109440293999163,0.109440293999163,0.109440293999163,0.2070638096710786,0.5776322258920368,0.060487585547892866,0.2070638096710786,0.109440293999163,1.8124755356302068e-05
1261,0.3194148018756476,0.3194148018756476,0.11891303566020978,0.5409050439807528,0.035649420937535016,0.11891303566020978,0.052526466103770854,0.11891303566020978,0.035649420937535016
1262,0.24942369630675976,0.24942369630675976,0.17249955955152688,0.4351581570844952,0.051841355181332316,0.0278174764093631,0.0278174764093631,0.09875651849887769,0.17249955955152688
1263,0.22678971441464968,0.22678971441464968,0.15463117052909833,0.42090798452369577,0.03573474680356319,0.15463117052909833,2.6029406495711055e-05,0.07775410997456021,0.03573474680356319
1264,0.07740031245550907,0.07740031245550907,0.05998278698289106,0.1471084858546958,0.1471084858546958,0.07740031245550907,1.843570799087485e-05,0.09810877225869459,0.07740031245550907
1265,0.22238265068276347,0.22238265068276347,0.15570681535707173,0.15093149016932214,0.06178114463764594,0.15093149016932214,0.15570681535707173,2.607074649172524e-05,0.10139232128780751
1266,0.08886413563948709,0.08886413563948709,0.1686773342413943,0.1716925338217322,0.1716925338217322,0.098563763658425,0.08886413563948709,0.1686773342413943,0.08886413563948709
1267,0.30867312082481757,0.30867312082481757,0.2090906592542319,0.20467376440338475,2.621172464083614e-05,0.2090906592542319,0.20467376440338475,1.8431627859772033e-05,0.06027883256735472
1268,0.31951429086523847,0.31951429086523847,0.6166780046779081,0.5522287451220307,0.02098240405454519,0.0521097201524869,0.09892990763550434,2.6414806139104758e-05,0.02098240405454519
1269,0.24936506032533481,0.24936506032533481,0.010148473780302538,0.4371919396622679,0.010148473780302538,0.17201352682478915,0.05973083270344286,0.010148473780302538,0.17201352682478915
1270,0.2256775788886007,0.2256775788886007,0.1558456870507997,0.05320872729592719,0.1467350744952646,0.1467350744952646,0.1558456870507997,1.8513855660554645e-05,0.061204987073925514
1271,0.22158450780998273,0.22158450780998273,0.15233818110038172,0.08039308434942939,0.08039308434942939,0.15233818110038172,0.08039308434942939,0.10184431768981593,0.06108469957534516
1272,0.22212368656610956,0.22212368656610956,0.438411202196447,1.8187732461148866e-05,0.42059746935932846,0.05913082351288679,0.052322241408131756,0.07995748083810968,2.649464876969127e-05
1273,0.08915033355161037,0.08915033355161037,0.16961745996415134,0.16961745996415134,1.8199121883704203e-05,0.08915033355161037,0.0810933044456188,0.08915033355161037,0.491491564361107
1274,0.10883499612836198,0.10883499612836198,0.2049166319075124,0.10883499612836198,0.2019928414879063,0.2019928414879063,0.10883499612836198,2.5980667950118842e-05,0.2049166319075124
1275,0.32032113862222794,0.32032113862222794,0.12034878704251946,0.19217114856867962,0.19217114856867962,0.12034878704251946,0.12034878704251946,0.09980916902772301,0.05320194578057178
1276,0.24932590469193305,0.24932590469193305,0.48422688872103303,0.15432201466665998,0.15432201466665998,0.03508152181682778,0.03508152181682778,0.05340773832639402,1.836438077186868e-05
1277,0.2264250459294324,0.2264250459294324,1.8485602875410225e-05,0.08052075131863995,0.08052075131863995,0.08052075131863995,2.5680170798861573e-05,0.07992200940601071,0.0530105913413117
1278,0.22099648408523725,0.22099648408523725,0.15405018912706897,0.4192997038903894,2.6234304297184947e-05,0.08044100376023605,1.847957817313633e-05,0.05148782393177086,0.15405018912706897
1279,0.22135765474498859,0.22135765474498859,0.15515162902885243,0.15515162902885243,9.28386485275989e-06,9.28386485275989e-06,0.4187672620805132,0.05878735396688316,0.10039186821189611
1280,0.13805906964462644,0.13805906964462644,0.47880866621253276,0.17057632764714276,0.13805906964462644,1.8265218427784983e-05,0.17057632764714276,0.06026965054427534,0.05289821520417276
1281,0.16853046631529323,0.16853046631529323,0.25365635909435297,2.55825227787046e-05,0.5818993616841951,0.25365635909435297,0.02123717230284744,0.16853046631529323,0.02123717230284744
1282,0.17473405439934664,0.17473405439934664,0.21818015806057459,0.19222830640099606,0.05388336276296406,0.21818015806057459,0.19222830640099606,0.17473405439934664,0.08067368671444732
1283,0.13553502941949724,0.13553502941949724,0.17380463789625322,0.4381610055580046,0.06052341206845224,0.17380463789625322,0.13553502941949724,0.08043928312515981,0.10024143820916606
1284,0.07963244709059095,0.07963244709059095,0.15508417128164714,0.1481644515606164,0.1481644515606164,0.07963244709059095,0.15508417128164714,0.07963244709059095,2.6046391299241284e-05
1285,1.8233339761745756e-05,0.6268227037328764,0.4319927894023741,0.1485740835636662,0.1485740835636662,0.010085157952993494,0.010085157952993494,0.010085157952993494,2.6362713235195818e-05
1286,0.22146637183930162,0.22146637183930162,0.43680728742478525,1.8368610101084827e-05,0.05252021793121261,0.1491723319384033,0.02807272132409392,0.1491723319384033,0.02807272132409392
1287,0.1382280803773896,0.1382280803773896,0.17023171023208378,0.17249656143836578,0.052457547633115394,0.17023171023208378,0.17249656143836578,0.10040630864001357,0.1382280803773896
1288,0.31134188657935025,0.31134188657935025,0.20743316991521288,0.2068736193462814,0.2068736193462814,0.20743316991521288,0.1004029548979707,0.0597063462722837,2.5898272962635102e-05
1289,0.11318578457221681,0.11318578457221681,0.22082787788331143,0.11318578457221681,0.05268927574371999,0.05903311510321112,0.22082787788331143,0.11318578457221681,0.5429990479351764
1290,0.13596552141536036,0.13596552141536036,0.08002349476831438,2.6247929479063616e-05,0.15242190696573618,0.15242190696573618,0.13596552141536036,0.08002349476831438,0.08002349476831438
1291,0.2273021288007468,0.2273021288007468,0.15369536407174497,0.015354006350689781,0.14860584486867778,0.15369536407174497,0.14860584486867778,0.015354006350689781,0.015354006350689781
1292,0.11915903415808742,0.11915903415808742,0.15350563541695877,0.14795197567900775,0.14795197567900775,0.07939094533787139,0.15350563541695877,0.11915903415808742,0.10146548574874889
1293,0.12025791874487639,0.12025791874487639,0.1546897540645546,1.8547543818097284e-05,0.1546897540645546,0.12025791874487639,0.06107830211245956,0.14923469962983393,0.14923469962983393
1294,0.13772191198359293,0.13772191198359293,0.16897518201336617,0.4869976913419534,0.07967412269385399,0.09899226165607071,2.6052680874111422e-05,0.16897518201336617,0.13772191198359293
1295,0.30837317670843417,0.30837317670843417,0.11248927391820325,0.578564850894981,0.05324317662365594,0.11248927391820325,1.8642263147221954e-05,0.08070462800101039,0.11248927391820325
1296,0.08066769574635414,0.08066769574635414,0.623494100040122,0.08066769574635414,0.19408315281179542,0.19408315281179542,0.08066769574635414,2.6204001694741605e-05,0.08066769574635414
1297,0.08859156557552661,0.08859156557552661,1.8650044198302742e-05,0.08859156557552661,0.08859156557552661,0.4345304360941411,0.0798469790459756,0.052710393583690146,0.0995131062001078
1298,0.12259834771793068,0.12259834771793068,0.43691945814032807,0.08073163619782138,0.08073163619782138,0.08073163619782138,0.1000814842502848,0.12259834771793068,0.060197818889917806
1299,0.21966407539521904,0.21966407539521904,0.15347057235613876,0.15347057235613876,0.020982764540201853,0.41931542503307073,0.05313434757785409,0.020982764540201853,2.5924135169253833e-05
1300,0.11983302514156716,0.11983302514156716,0.1550512485412552,0.14850397065927506,0.021363366901951942,0.14850397065927506,0.1550512485412552,0.11983302514156716,0.021363366901951942
1301,0.2548544490808195,0.2548544490808195,0.47960339383684764,0.035814664702778505,0.09330582405255362,0.09330582405255362,0.09330582405255362,0.035814664702778505,1.8430649661562358e-05
1302,0.3102125769921121,0.3102125769921121,0.112033728241022,0.112033728241022,1.8506048557266313e-05,0.112033728241022,0.590162231291354,0.053289964825492156,0.08007540941191557
1303,0.9038992941337128,0.07873614375870096,0.11878730774752694,0.19184123481311913,0.19184123481311913,0.11878730774752694,0.11878730774752694,0.05221357815782335,0.10075504017635716
1304,0.08809427342810276,0.08809427342810276,0.17246789153626166,0.4358280927251719,0.052337451919343095,0.08809427342810276,0.17246789153626166,0.08085273290388133,0.08809427342810276
1305,0.22799618481719916,0.22799618481719916,0.15420934176772144,0.14863537274102526,0.14863537274102526,0.15420934176772144,0.05785882778308418,0.08037410853054282,1.8525379667268334e-05
1306,0.11932248769872784,0.11932248769872784,9.278179307340585e-06,0.43688583539115483,0.41809591155910686,0.03588082998219564,0.11932248769872784,9.278179307340585e-06,0.03588082998219564
1307,0.22122510309636056,0.22122510309636056,0.155143758349312,0.42413789040326333,0.155143758349312,0.0815249783143865,0.03571777298538115,0.06000181596006817,0.03571777298538115
1308,0.0609361910435791,0.7192371698130399,0.17178969202580163,0.060524418336569935,0.060524418336569935,0.060524418336569935,0.060524418336569935,0.17178969202580163,1.8784510908375012e-05
1309,0.1679287674252948,0.1679287674252948,0.5855026388891577,0.5783033575863081,0.052214243998999876,0.021270725779385182,0.07848320866787685,0.1679287674252948,0.021270725779385182
1310,0.3181964474002295,0.3181964474002295,0.2190842083163148,0.10502413389371294,0.10502413389371294,0.05190646524313293,0.2190842083163148,0.10502413389371294,0.07978333360459869
1311,0.0880119313879244,0.0880119313879244,0.39757769193126596,0.43808086201181007,0.0880119313879244,2.5894049501913974e-05,0.05268054904642544,0.0880119313879244,0.059546974141892965
1312,0.26735748938796516,0.26735748938796516,0.2038152247354147,0.14752018994419275,0.14752018994419275,1.8446149484988667e-05,2.6063183223153166e-05,0.08053065167809781,0.2038152247354147
1313,0.2208446470940008,0.2208446470940008,0.15344266709070062,0.42182090427689967,3.58078702312638e-06,0.15344266709070062,3.58078702312638e-06,0.0615944483436907,3.58078702312638e-06
1314,0.07882267694172626,0.07882267694172626,0.4343867918288008,0.08202431281180923,0.08202431281180923,0.07882267694172626,0.07882267694172626,0.08202431281180923,1.8545794512933014e-05
1315,0.25182618042051824,0.25182618042051824,0.09244751173400897,0.059538926225144166,0.48059620440963235,0.09244751173400897,0.09244751173400897,0.053167370417319025,0.07984470654760802
1316,0.3065144784125403,0.3065144784125403,1.8531607856424005e-05,0.051542443487921474,0.11095985639730813,0.11095985639730813,0.0595836272228622,0.11095985639730813,0.09956181310799535
1317,0.31853125879362565,0.31853125879362565,0.6172334062674613,0.19314843123859182,0.028552801621684467,0.028552801621684467,0.19314843123859182,1.851915624837493e-05,0.10204499596296325
1318,0.24945987197537994,0.24945987197537994,9.243450759347175e-06,0.4352121321387488,1.8645435072993252e-05,0.4926198200480616,0.08047734305693088,9.243450759347175e-06,0.060606338341127275
1319,0.22541711872494502,0.22541711872494502,0.0840129823510115,0.4218364531444219,0.05240343400046976,0.0840129823510115,0.035476023905519474,0.035476023905519474,0.0840129823510115
1320,0.22147630455814377,0.22147630455814377,0.05424469639558019,0.14803941155122297,0.14803941155122297,0.05424469639558019,0.05424469639558019,0.05424469639558019,0.053177050347052716
1321,0.05586215685207852,0.05586215685207852,0.4390060310387844,0.42501592069986954,0.05586215685207852,0.05586215685207852,0.05586215685207852,9.200885381701607e-06,9.200885381701607e-06
1322,0.1366753280092633,0.1366753280092633,0.4790608466119265,0.06063718379858359,0.06063718379858359,0.06063718379858359,0.06063718379858359,0.05156461094102896,0.1366753280092633
1323,0.3094838450065224,0.3094838450065224,0.07936194541971507,0.20437740688488332,0.20437740688488332,0.019174540455194268,0.05270648112196822,0.019174540455194268,0.019174540455194268
1324,0.3166657238799021,0.3166657238799021,0.21860893047434984,1.8538111213925833e-05,0.06028228166119875,0.21860893047434984,2.6099972258455635e-05,0.07842237491419868,0.09948994894869272
1325,0.25274071170928863,0.25274071170928863,0.17168928912732515,0.08361940470369136,0.08361940470369136,0.17168928912732515,1.849460541585679e-05,0.053214381952848555,0.08361940470369136
1326,0.22586187152875464,0.22586187152875464,0.43770602959165766,0.4210067405673614,0.02178514983776545,0.018690921963730366,0.02178514983776545,0.0996689054476111,0.018690921963730366
1327,0.2207276522480702,0.2207276522480702,0.43299065020430855,0.4174772996782512,0.028277270870862667,0.05952599608871503,0.028277270870862667,0.10003823515987481,1.8774356168815686e-05
1328,0.22197022367190808,0.22197022367190808,0.038944457391189305,0.42460133741577377,0.038944457391189305,0.038944457391189305,0.038944457391189305,0.038944457391189305,0.10031626377237648
1329,0.13826090336899374,0.13826090336899374,0.4805948022234939,0.17331473404470288,9.149212402972294e-06,0.17331473404470288,0.13826090336899374,9.149212402972294e-06,0.08230149159767204
1330,0.10904924761578923,0.10904924761578923,0.5836030844700328,0.11158284073042049,0.11158284073042049,0.10904924761578923,0.11158284073042049,0.07812377267402348,0.10904924761578923
1331,0.1741683794629913,0.1741683794629913,0.1741683794629913,0.19279212381058422,0.07894303892751828,0.19279212381058422,0.09962620643248254,0.060818673111405104,1.8460516977348896e-05
1332,0.08900486753972209,0.08900486753972209,0.08900486753972209,0.4398528170846675,0.17327283849682767,0.17327283849682767,0.05256838682297327,0.08900486753972209,0.10217621872092146
1333,0.08030534102326406,0.08030534102326406,0.4417086444502425,0.4185989850117909,0.09854514287258108,9.279324416496344e-06,0.08030534102326406,0.08030534102326406,9.279324416496344e-06
1334,0.6236108450035925,0.021280614927609406,0.1533048255584506,0.15048787967859995,0.021280614927609406,1.866703785709758e-05,0.15048787967859995,0.08730443188464615,0.1533048255584506
1335,0.2227873134485148,0.2227873134485148,0.1549245315687593,0.08147203639828052,0.08147203639828052,0.08147203639828052,0.1549245315687593,0.08025645762658196,0.08101695964006522
1336,0.25280846632735604,0.25280846632735604,0.4827469774301546,0.17165422455275772,0.17165422455275772,0.08135489997302607,0.10018538914733008,2.5398353955227893e-05,1.8591460922141073e-05
1337,0.30933107674088994,0.30933107674088994,0.20791145542729836,0.20358446089643414,2.578647346545025e-05,0.20791145542729836,0.08059769813474181,0.20358446089643414,0.10101423237318187
1338,0.3200699619425019,0.3200699619425019,0.22097931096158566,0.105239891842143,0.105239891842143,0.22097931096158566,0.07926373213455995,0.09046169314798948,0.105239891842143
1339,0.135020111955846,0.135020111955846,0.17159552777610976,0.15533602106562197,0.15533602106562197,0.135020111955846,2.6057022967737942e-05,0.07958914850691229,0.17159552777610976
1340,0.12365753251872294,0.12365753251872294,0.08953574489732702,0.14808821949944698,0.14808821949944698,0.4387141507445499,6.664685805368563e-06,0.12365753251872294,6.664685805368563e-06
1341,0.22036221763203195,0.22036221763203195,2.5611518241498824e-05,0.08153840423957691,0.08153840423957691,0.4288699830902392,0.08153840423957691,0.10179332003686795,0.07871993465405296
1342,0.2225918928928129,0.2225918928928129,0.08363986126797336,0.0901598919960634,0.42289989091631297,0.08363986126797336,0.08363986126797336,0.10166086503058848,2.5992535311539878e-05
1343,0.2540930202443752,0.2540930202443752,0.1700602853985227,0.17254108107410285,0.17254108107410285,0.1700602853985227,0.031182675018481626,0.10052023353304267,0.031182675018481626
1344,0.16903712874064697,0.16903712874064697,1.865395292436187e-05,0.08086986111861019,0.5789581009239866,0.20583095217823572,0.16903712874064697,0.20583095217823572,2.6036982296456818e-05
1345,0.17295315008230908,0.17295315008230908,0.11983399729414121,0.07917013478157016,0.17295315008230908,0.11983399729414121,0.09831306912352758,0.08718234488300253,0.11983399729414121
1346,0.2509535843662726,0.2509535843662726,0.4869730786181029,0.4358772309507786,0.015365056307001336,0.035032478584813016,0.015365056307001336,0.015365056307001336,0.035032478584813016
1347,0.22584424193392824,0.22584424193392824,0.15566912350347642,0.14976125016613673,0.14976125016613673,0.027148640192098984,0.027148640192098984,0.15566912350347642,0.0879616106699253
1348,0.11954462419908453,0.11954462419908453,0.15454547102832905,0.08098085945885948,0.08098085945885948,0.15454547102832905,0.11954462419908453,0.08098085945885948,0.08895720974435718
1349,0.6226141212999972,0.08334205352661268,0.08334205352661268,0.08127156780716754,0.08127156780716754,0.08127156780716754,0.08334205352661268,2.612938515992136e-05,0.10019376070183512
1350,0.25308442348423005,0.25308442348423005,0.4803059472669602,0.1719348568279399,0.027755892545452375,0.03079711451594552,0.1719348568279399,0.03079711451594552,0.027755892545452375
1351,0.10956602211584153,0.10956602211584153,0.5792373379960344,0.11121896554133455,0.10956602211584153,0.10956602211584153,2.6163731315806646e-05,0.11121896554133455,0.11121896554133455
1352,0.31318128120849764,0.31318128120849764,0.07953605926716417,0.031249272387097037,0.07637212522529377,0.6222492002113812,1.8635346474045235e-05,0.031249272387097037,0.10114814808957726
1353,0.24979445410583576,0.24979445410583576,0.17142039966436337,0.08079996154303312,1.8779875696719274e-05,0.17142039966436337,0.03520066381233622,0.03520066381233622,2.599154319813823e-05
1354,0.1236075769448279,0.1236075769448279,0.15528190843915923,0.1236075769448279,0.031607187664082596,0.15528190843915923,0.031607187664082596,0.07909531766834262,0.42515345234012225
1355,0.21982721447006914,0.21982721447006914,0.054668243032308675,0.08040104876189076,0.08040104876189076,0.054668243032308675,0.08040104876189076,0.054668243032308675,0.054668243032308675
1356,0.12112439073201621,0.12112439073201621,0.15418201480128926,0.08171906563367534,0.08171906563367534,0.15418201480128926,0.12112439073201621,0.08171906563367534,0.0893559612690306
1357,0.2515788047308856,0.2515788047308856,0.16813861095752672,0.48046854047911147,2.5721038754138367e-05,0.07989505143623261,0.16813861095752672,0.07906515439110313,1.8836180639327143e-05
1358,0.8761397241248029,0.20559843382836002,0.11344617384335885,0.20559843382836002,0.11344617384335885,0.11344617384335885,0.08003342728073916,0.07786418583041922,2.5973832969853283e-05
1359,0.17242087677404636,0.17242087677404636,0.21917653362077225,0.1932720581000461,0.21917653362077225,0.1932720581000461,0.027502538960054727,0.17242087677404636,0.027502538960054727
1360,0.13539267358502524,0.13539267358502524,0.17399648854955788,0.08009007355916699,0.43635895003192504,0.13539267358502524,0.17399648854955788,0.08812626448657992,0.08073514564841272
1361,0.08036614153723123,0.08036614153723123,0.10103424551667037,0.148104242095229,0.08036614153723123,0.148104242095229,0.08036614153723123,0.07821570728111368,1.8785726277167744e-05
1362,0.12057769608141825,0.12057769608141825,0.08394606910158856,2.594915453235797e-05,0.14856940097944116,0.08394606910158856,0.14856940097944116,0.08394606910158856,0.12057769608141825
1363,0.22404164377336583,0.22404164377336583,0.4342179963450698,0.4227550767753771,0.031649037524916185,0.019062106167484844,0.019062106167484844,0.019062106167484844,0.031649037524916185
1364,0.2525071371204186,0.2525071371204186,0.09183592967538808,0.09306765875076128,0.09183592967538808,0.09306765875076128,0.09183592967538808,0.09306765875076128,0.07733579665163286
1365,0.10913099072550676,0.10913099072550676,0.5875363491041661,0.20484445523419634,0.20484445523419634,0.10913099072550676,0.08836659128096072,0.10913099072550676,0.09965718875969733
1366,0.8962476503412602,0.0316498255217249,0.12002276936546939,0.10442828601421711,0.10442828601421711,0.12002276936546939,0.10442828601421711,0.12002276936546939,0.0316498255217249
1367,0.1371772854251749,0.1371772854251749,0.03581133164777515,0.1541992345393303,0.1541992345393303,0.07975966622609135,2.616815385966273e-05,0.1371772854251749,0.03581133164777515
1368,0.12294367316960378,0.12294367316960378,0.4391875367995681,0.4225906357862631,0.015341184387454678,0.015341184387454678,1.8898460195210014e-05,0.12294367316960378,0.015341184387454678
1369,0.22237218459516825,0.22237218459516825,0.08034746921745883,0.08034746921745883,0.08034746921745883,2.586334867619455e-05,0.07827369177922919,0.10032180501864148,0.08781232079431099
1370,0.12078390617116683,0.12078390617116683,0.43639732755441824,0.4202649701774248,0.028317001430336778,1.8714492182888437e-05,0.12078390617116683,0.07744610685404693,0.028317001430336778
1371,0.13744043004802883,0.13744043004802883,0.4792922742502823,0.48173156694187214,6.670567433742095e-06,0.08889095507329053,0.07978742740646444,0.13744043004802883,6.670567433742095e-06
1372,0.3082051707279953,0.3082051707279953,0.11350642363599389,0.5832495941531226,0.07996177773053043,0.11350642363599389,0.11350642363599389,0.07793645586016151,1.8869169504863303e-05
1373,0.11393234986797518,0.11393234986797518,0.11393234986797518,0.10501708222847861,0.07790402077889379,0.10501708222847861,0.10501708222847861,0.11393234986797518,0.0787450099587818
1374,0.13590315873258965,0.08066011981386717,0.48975925368145656,0.155254323567838,0.155254323567838,0.13590315873258965,0.0882460491717439,0.13590315873258965,1.873220879365731e-05
1375,0.03128695294806362,0.2251752268969119,0.08470810246749337,0.1488475731844479,0.1488475731844479,0.08470810246749337,0.2251752268969119,0.08470810246749337,0.03128695294806362
1376,0.11985758696515479,0.11985758696515479,0.15422337873599512,0.14725673099689995,0.07869534592758035,0.14725673099689995,0.09955211525694509,0.11985758696515479,0.15422337873599512
1377,0.12107292306357836,0.12107292306357836,0.153806837077979,0.153806837077979,0.42168845502566393,0.12107292306357836,0.0809547839855275,1.88926353656757e-05,2.5987317784753174e-05
1378,0.25259149847904705,0.25259149847904705,0.16937897699357202,0.1706874473884473,2.5972373125886123e-05,0.027764269205506228,0.16937897699357202,0.1706874473884473,0.027764269205506228
1379,0.1082705489660211,0.1082705489660211,0.58749142643177,0.10102813194383199,0.57628948193963,0.08905109170583322,0.1082705489660211,2.5637691004801263e-05,0.1082705489660211
1380,0.3194280200889072,0.3194280200889072,0.6212976760889832,0.10482949543287166,0.10482949543287166,0.09813794332338631,0.07791519592146517,0.10482949543287166,1.8724232568980234e-05
1381,0.24872137558976476,0.24872137558976476,1.8928709936779675e-05,0.07974107405618,0.08271677471138278,0.4841987627068609,0.08271677471138278,0.09078685701101134,0.08271677471138278
1382,0.027245420041133225,0.2253996637180864,0.15475632289083185,0.1480339964246305,0.1480339964246305,0.15475632289083185,2.5918861773808406e-05,0.2253996637180864,0.027245420041133225
1383,0.22020621968481122,0.22020621968481122,0.15418756604072167,0.08080510011590686,0.08080510011590686,0.15418756604072167,1.8771633111969856e-05,0.08080510011590686,0.09911838487177924
1384,0.22234793955654508,0.22234793955654508,0.08399805417095615,0.08119053091394543,0.4207722819401058,0.08399805417095615,0.08399805417095615,0.0909049893863163,1.878237284677989e-05
1385,0.2533413863094885,0.2533413863094885,0.47530746254418804,0.015292782184540773,0.015292782184540773,0.4784724815885646,0.08876502346063224,2.60903466347765e-05,0.015292782184540773
1386,0.1685053299536637,0.1685053299536637,0.586300852059426,0.11241090475946035,0.11241090475946035,0.11241090475946035,0.09968729590830308,0.1685053299536637,1.8938456372419226e-05
1387,0.11300185827608891,0.11300185827608891,0.6230880972863398,1.883483761728338e-05,0.19278743884319213,0.19278743884319213,0.11300185827608891,0.11300185827608891,0.07934536514964925
1388,0.24891438000951777,0.24891438000951777,0.4924693089405729,0.08389453122098614,0.08389453122098614,0.08389453122098614,0.0809465292339511,0.03200695034278013,0.03200695034278013
1389,0.07965453998562629,0.07965453998562629,0.07967923033483669,0.08067049139521955,0.43850283537647194,0.07965453998562629,0.14810032849080415,0.07965453998562629,0.14810032849080415
1390,0.6178981235398597,0.07791347153074937,0.1540301836998601,0.1485843978800614,0.1485843978800614,0.1540301836998601,0.027386398613264196,0.027386398613264196,0.0890698182711476
1391,0.12087395473277825,0.12087395473277825,0.15500666576906688,0.0808159942214681,0.0808159942214681,0.0808159942214681,0.15500666576906688,2.6118487856949326e-05,0.12087395473277825
1392,0.0891967635968921,0.0891967635968921,0.10056054141812015,0.07792980032356035,0.0891967635968921,0.0800725368270191,0.0891967635968921,0.48927423047452706,2.5686203096488027e-05
1393,0.3122661613156756,0.3122661613156756,0.07990901115716736,0.5821290449211625,0.0780746471096153,0.5894349670654371,0.08985129402184999,0.10019127884638336,2.6122722505521457e-05
1394,0.3203540202131965,0.3203540202131965,0.21802180588631653,0.19231545875415407,0.19231545875415407,0.21802180588631653,0.035731645542114124,1.9061411555735244e-05,0.035731645542114124
1395,0.24891640298974305,0.24891640298974305,0.17121347234444464,0.15403747358529155,1.901734188328987e-05,0.17121347234444464,0.15403747358529155,0.027157563078334973,0.027157563078334973
1396,0.2248016797176287,0.2248016797176287,0.08519788115494421,0.41528541134905855,0.02885458620613853,0.08519788115494421,0.08519788115494421,0.02885458620613853,0.08790928561617078
1397,0.2218681576557858,0.2218681576557858,0.15321675254400804,0.41585242634630126,0.09984181944642363,0.15321675254400804,0.08031518905914806,6.681339175699619e-06,6.681339175699619e-06
1398,0.30736876216129483,0.30736876216129483,0.21609560444426082,0.2187964116001292,0.2187964116001292,0.21609560444426082,2.6015694437621018e-05,0.0819814156511746,0.08790586315985519
1399,0.13801076308794372,0.13801076308794372,0.48225846154725827,0.09292272449379696,0.09292272449379696,0.10083202784981833,1.899140979369345e-05,0.13801076308794372,0.09292272449379696
1400,0.13377581558135,0.13377581558135,0.20555749902847895,0.5886565701800593,2.603876072977533e-05,0.20555749902847895,0.13377581558135,0.07895226153456139,0.10076350619862409
1401,0.27139838237056985,0.27139838237056985,0.6167946894074169,0.031047122120018224,0.19194843666074957,0.031047122120018224,0.19194843666074957,0.09913272820330335,0.07770059258292636
1402,0.2499676256285104,0.2499676256285104,1.8970409668234502e-05,0.1551872941147745,0.1551872941147745,2.5743351804606847e-05,0.08895730583126849,0.10119625358697584,0.07770547619311254
1403,0.22724829373329047,0.22724829373329047,0.1538170808683408,2.5742921609476473e-05,0.41504171885304597,6.719034665674203e-06,0.07651168717846424,6.719034665674203e-06,0.1538170808683408
1404,0.22044262572568318,0.22044262572568318,0.08279687354967613,0.08105965258099761,0.08105965258099761,0.08279687354967613,0.08279687354967613,0.08105965258099761,0.08022529432587297
1405,0.12012236866905594,0.12012236866905594,0.4411277154296199,0.08152915204461553,0.08152915204461553,0.08152915204461553,0.09930219304748833,0.12012236866905594,0.07949588845760622
1406,0.0891188659609702,0.0891188659609702,0.4756185140340201,0.09268894438238816,0.09268894438238816,0.0891188659609702,0.09268894438238816,0.07993421542166387,0.0891188659609702
1407,0.30564198735626447,0.30564198735626447,0.5874343348573631,0.07272329951011701,0.07272329951011701,0.07916893220664571,0.07977448917297095,0.07272329951011701,0.07272329951011701
1408,0.312935829330543,0.21768140897296648,0.21768140897296648,0.19245851234429187,0.19245851234429187,0.08027302073338935,0.312935829330543,2.5889340462162337e-05,0.09036295153377001
1409,0.13541926353027275,0.13541926353027275,9.024446169611092e-06,0.43707433830618986,9.024446169611092e-06,0.17270139635009787,0.13541926353027275,0.07847679428073985,0.17270139635009787
1410,0.22603741683683676,0.22603741683683676,0.15528901776205054,0.14807069777496706,0.07920684418536485,0.09953989310410943,0.15528901776205054,0.08826771231367524,0.14807069777496706
1411,0.621667041624831,0.08321944078347186,0.08321944078347186,0.4193531778737218,9.15357979852549e-06,0.08321944078347186,0.08962123392010132,0.07828444392307689,9.15357979852549e-06
1412,0.16048178420543066,0.16048178420543066,0.4404045881221455,0.16048178420543066,0.09864084608992157,0.14879797996387567,2.559314257220477e-05,0.07783878006764636,0.14879797996387567
1413,0.10073343300854681,0.10073343300854681,0.07922297209496298,0.0930059781165873,0.0930059781165873,0.10073343300854681,1.9062088406033607e-05,0.0930059781165873,0.09934058103626534
1414,0.16786028747791742,0.16786028747791742,0.5879940891725995,0.20499000457675695,0.03595665895210723,0.20499000457675695,0.07765552001588841,0.16786028747791742,0.03595665895210723
1415,0.1741250743191708,0.1741250743191708,0.1196059234374941,0.0795441310228149,0.1741250743191708,0.1196059234374941,0.1004715653893391,0.1196059234374941,1.9218609564529618e-05
1416,0.24928883239727198,0.24928883239727198,0.48523500106182055,0.05442155599439019,0.05442155599439019,0.05442155599439019,0.05442155599439019,0.08034609605506551,0.09097122585170198
1417,0.12275687381444036,0.12275687381444036,0.44197167154523387,0.14755592849226135,0.0989689107045192,0.07719562365226688,0.12275687381444036,0.14755592849226135,2.555572666948285e-05
1418,0.21945794032489527,0.21945794032489527,0.15248314065495797,0.4175871752033392,0.15248314065495797,0.0347037803062345,0.07902882988406075,0.08049997033475141,0.0347037803062345
1419,0.22216181283475978,0.22216181283475978,0.0814362411219008,0.0814362411219008,0.0814362411219008,0.08632416522178271,0.15613300413248377,0.15613300413248377,0.09989357587514763
1420,0.13752875509087142,0.13752875509087142,0.5986739954248987,0.017388785803039434,0.017388785803039434,0.07986358349482905,0.13752875509087142,0.07960042496141033,0.017388785803039434
1421,0.1679318496469333,0.1679318496469333,0.20661218987986185,0.2051471104359989,0.2051471104359989,0.1679318496469333,0.0895545093966665,0.08102084842481251,0.20661218987986185
1422,0.17461066569283842,0.17461066569283842,0.22070943903208629,0.03466720448034709,0.5464885346711089,0.22070943903208629,0.03466720448034709,0.17461066569283842,0.07805756167636807
1423,0.2489320130909737,0.2489320130909737,0.09389052445201224,0.15547436376467663,0.15547436376467663,0.09389052445201224,0.09389052445201224,0.10148315238903244,0.07730370773157158
1424,0.2835216755077105,2.563421830406997e-05,0.44170924030314573,0.08157296570734955,0.08157296570734955,0.2835216755077105,0.08157296570734955,0.10189897600284784,0.07737032235162135
1425,0.314643715721375,0.03518355111452064,0.5650171205728147,0.015320214572587124,1.914917753873708e-05,0.314643715721375,0.015320214572587124,0.03518355111452064,0.015320214572587124
1426,0.12084793887012737,0.12084793887012737,0.22476495923708573,0.22476495923708573,0.6190582327135085,0.12084793887012737,0.08066354792135036,1.9055743697380686e-05,0.07752889478326429
1427,0.0,0.0,0.0,0.0,0.0,0.0,0.0,0.0,2.5844673759479264e-05
1428,0.16823019939847497,0.16823019939847497,0.7643514013540211,0.16823019939847497,0.11090579039234025,0.11090579039234025,2.554440313815843e-05,0.11090579039234025,0.1008805764690119
1429,0.31944749115134585,0.31944749115134585,0.07755081493639668,0.19105716322665584,0.07755081493639668,0.07755081493639668,1.8999291638930672e-05,0.07755081493639668,0.19105716322665584
1430,0.13580996832527975,0.13580996832527975,0.17353984699727742,0.15618729217653057,0.15618729217653057,2.5758604813562026e-05,0.17353984699727742,0.13580996832527975,0.09984376064667524
1431,0.22501321580239778,0.22501321580239778,0.44064330254320205,0.08026978613917742,0.08026978613917742,1.904512017978316e-05,0.08026978613917742,2.566308552635303e-05,0.08808905835548049
1432,0.015503843840060918,0.6258697341606616,2.610267388690409e-05,0.14739250854831648,0.14739250854831648,0.030590870014190797,0.030590870014190797,0.015503843840060918,0.015503843840060918
1433,0.14611206386381867,0.14611206386381867,0.5610297046529353,6.833517893226608e-06,0.14611206386381867,0.5667664860646455,0.09992336507712038,0.08906448321408385,6.833517893226608e-06
1434,0.25254322665995416,0.25254322665995416,0.09242184342228812,0.07914626632978013,0.17061019800155924,0.17061019800155924,0.09242184342228812,0.0793278475925053,0.09242184342228812
1435,0.3070834874773818,0.3070834874773818,0.5882844667130817,0.0352134940177254,1.9105910647602394e-05,0.5801276433701552,0.07743603714295447,0.0352134940177254,0.089985022135559
1436,0.31757050017498356,0.31757050017498356,0.6219812526243683,0.06806032302681145,0.08038678764768459,0.06806032302681145,0.07922225707670608,0.06806032302681145,0.06806032302681145
1437,0.1357891986069779,0.1357891986069779,0.4882633241304624,0.054629139933048534,0.054629139933048534,0.054629139933048534,0.1357891986069779,0.054629139933048534,1.9033787625349512e-05
1438,0.22466055212262087,0.22466055212262087,0.15517011307624692,0.15517011307624692,0.07976727774049001,0.08059652624538455,0.08059652624538455,0.08059652624538455,0.09885685385405366
1439,0.2198927889352519,0.2198927889352519,0.15334520021913034,0.14695468874094153,0.10116440965335853,0.14695468874094153,0.15334520021913034,0.08062220897116386,0.07674842994107403
1440,0.2226940510736323,0.2226940510736323,0.43655062661575933,0.08125996926466768,0.08125996926466768,0.08125996926466768,0.03526433841738457,2.527941979350329e-05,0.03526433841738457
1441,0.2538569853677861,0.2538569853677861,0.15572678777529206,0.10041960932061106,0.17046468554726396,0.0774513586288395,9.069199917027368e-06,9.069199917027368e-06,0.17046468554726396
1442,0.3077285117981655,0.3077285117981655,0.2067954333154739,0.5837906666434599,2.5792630457999757e-05,0.08216313655889614,1.9054434332032654e-05,0.2067954333154739,0.10121389195547283
1443,0.3190379690103356,0.3190379690103356,0.2202266282229986,0.19273332866359807,0.19273332866359807,0.2202266282229986,0.05405338900515122,0.05405338900515122,0.0803300438625273
1444,0.13606352721376297,0.13606352721376297,0.09329797564604961,0.09940691433880712,2.5739236395717937e-05,0.09329797564604961,0.13606352721376297,0.09329797564604961,0.07902500137718674
1445,0.12304757297657389,0.12304757297657389,0.4390361888056827,0.1507958499591486,0.028038185068023892,0.12304757297657389,0.028038185068023892,0.423605863793001,2.5722111154754863e-05
1446,0.21829837236920432,0.21829837236920432,0.08114496297667083,0.08114496297667083,0.08114496297667083,0.10052686297751166,0.07677296025298175,1.898413195363359e-05,2.562428611157801e-05
1447,2.5974730286613773e-05,0.22049468448713536,0.1554140949175477,0.22049468448713536,0.09910794824150482,0.4222494849293904,0.1554140949175477,1.9166457650553778e-05,0.15595757982977188
1448,0.2531867162663316,0.2531867162663316,0.16752317823034696,0.060408166592106204,0.060408166592106204,0.060408166592106204,0.060408166592106204,0.16752317823034696,1.925653773754883e-05
1449,0.1684268018969637,0.1684268018969637,0.20581996716317874,2.5984504824031414e-05,0.20340158239437373,0.20340158239437373,0.1684268018969637,0.20581996716317874,0.078836802139448
1450,0.17341671036077308,0.17341671036077308,0.22106984183214182,2.578852968677475e-05,0.19184769207625585,0.19184769207625585,0.22106984183214182,0.10139487735879324,0.17341671036077308
1451,0.2504177424972386,0.2504177424972386,0.17287443684578516,2.5486070817860087e-05,0.019418012165976384,0.17287443684578516,0.019418012165976384,0.1534603387044543,0.019418012165976384
1452,0.1234434135012288,0.1484094033070521,0.44169051617846966,1.919935583496859e-05,0.1484094033070521,0.1234434135012288,0.15381174612781848,0.1234434135012288,0.10057864719227018
1453,0.12056177599733568,0.12056177599733568,0.15380647379342074,0.15477217139166807,0.14866189901178412,0.14866189901178412,0.15380647379342074,0.08044645719511412,0.12056177599733568
1454,0.12062884229475994,0.12062884229475994,0.1544414090937308,0.42141792365077946,0.035139464448702105,0.1544414090937308,0.12062884229475994,1.930697564194257e-05,0.035139464448702105
1455,0.7240088942857418,2.54257958009633e-05,0.4821273312897608,0.48171407012062273,0.01519276285585738,0.01519276285585738,0.07881712132134089,1.9211302484661582e-05,0.01519276285585738
1456,0.31140175867739645,0.31140175867739645,0.5882980634891851,0.11168405728608233,0.11168405728608233,0.02753942761801459,0.11168405728608233,0.02753942761801459,0.07912852704011258
1457,0.31789580363284825,2.5692856233865586e-05,0.11865063721419869,0.11865063721419869,0.31789580363284825,0.11865063721419869,0.07989509240717617,0.5441520059185825,0.07921402930911356
1458,0.2511878488368705,0.2511878488368705,0.17327605329011675,0.43377730581432217,0.17327605329011675,0.10103307526857214,2.559124365932141e-05,0.02828036146093416,0.02828036146093416
1459,0.22652393204209914,0.22652393204209914,0.1530631102186335,0.14618999786821202,0.1530631102186335,0.14618999786821202,6.674982454670224e-06,2.564998149385756e-05,6.674982454670224e-06
1460,0.11903054632215856,0.11903054632215856,0.43106899320357,0.4205502890516813,0.07859470157347304,0.11903054632215856,0.05417278741826492,0.05417278741826492,2.601487059102553e-05
1461,0.22132149656533165,0.22132149656533165,0.0841992778103978,0.15281585832775194,0.14843852427918122,0.0841992778103978,0.0841992778103978,0.08047915377029011,0.14843852427918122
1462,0.13682947906575726,0.13682947906575726,0.09316620226310568,0.09316620226310568,0.09316620226310568,0.153908315966132,0.13682947906575726,1.946250749424798e-05,0.0793047679848828
1463,0.1679838706313332,0.1679838706313332,0.5911413771077693,0.07902882879995698,0.11131388520510778,0.11131388520510778,0.11131388520510778,0.15326839314430693,0.1679838706313332
1464,0.31807707120582857,0.31807707120582857,0.22111453865404024,0.25902191369614763,0.25902191369614763,0.1572514648779177,0.10030554859296854,0.22111453865404024,0.08035867122589775
1465,0.13576105878940073,0.13576105878940073,0.48803459703443064,0.09501922416538103,0.09501922416538103,9.024827444984735e-06,0.07710988171993288,9.024827444984735e-06,0.13576105878940073
1466,0.12318041235496399,0.12318041235496399,0.1550615050797266,0.1550615050797266,0.12318041235496399,1.9276698647549393e-05,0.08008925994931952,0.15381851980683875,0.09900868027017433
1467,0.11875925946333409,0.11875925946333409,0.1534074771031662,0.14826604205721752,0.02761417040157332,0.11875925946333409,0.1534074771031662,0.02761417040157332,0.14826604205721752
1468,0.12147951434839302,0.12147951434839302,0.4410318525417838,0.08154827774796514,0.08154827774796514,0.10044884565878615,0.12147951434839302,0.0787843854796046,0.08154827774796514
1469,0.07893687442640573,0.7100501548733255,0.17079003734575574,0.09278415892195875,0.09278415892195875,0.17079003734575574,0.09278415892195875,0.10054292804996037,0.0791438244187662
1470,0.24658919229714865,0.24658919229714865,2.5458856234890504e-05,0.20496058828788527,0.0292402557066738,0.20496058828788527,0.0292402557066738,0.0292402557066738,0.07716159803693579
1471,0.3188750229711111,0.3188750229711111,0.10073473289978097,0.19237425813688724,1.9398676306481107e-05,0.15588565527877857,2.5697441922060616e-05,0.08046524796406282,0.19237425813688724
1472,0.13684889570657624,0.13684889570657624,0.4887282042887319,2.5452839835374038e-05,0.13684889570657624,0.4361291823258563,1.9389901162656484e-05,0.055309829381070416,0.055309829381070416
1473,0.6401585580891237,0.02749674184022283,0.08357536965158786,0.02749674184022283,0.08077674277694374,0.08077674277694374,0.08357536965158786,0.08077674277694374,0.08357536965158786
1474,0.1205151369284192,0.1205151369284192,0.1517325175043664,0.1205151369284192,0.1476022756846649,0.1476022756846649,0.09983679916359128,0.15418575428791725,0.1517325175043664
1475,0.22288900156645794,0.22288900156645794,0.1543736380639029,0.14784322240760478,0.14784322240760478,0.1543736380639029,0.0801845853093515,0.10037379234066283,0.15610469799297338
1476,0.13612025246976664,0.13612025246976664,0.4722835418986516,0.05999405474674722,0.05999405474674722,0.05999405474674722,0.13612025246976664,0.05999405474674722,0.15181988122532497
1477,0.16789895879455388,0.16789895879455388,0.5863093805069037,0.11125608475067508,0.11125608475067508,0.15547099429128222,0.07844758993812602,0.16789895879455388,0.11125608475067508
1478,0.17461787039985457,9.11860691749725e-06,0.6222668952435496,0.19425311411612514,0.17461787039985457,0.17461787039985457,0.19425311411612514,9.11860691749725e-06,0.10096531470022294
1479,0.2486378561849454,0.2486378561849454,0.0931671003692747,0.027135087357243685,0.43538908475578086,0.0931671003692747,0.0931671003692747,0.027135087357243685,2.5831353741766047e-05
1480,0.1218970202243532,0.1218970202243532,0.4410722484397054,0.0538274104941854,0.14859013538524146,0.0538274104941854,0.1218970202243532,0.07993458874721483,0.14859013538524146
1481,0.07778434270739099,0.07778434270739099,9.07210199463471e-06,0.14954171894878235,9.07210199463471e-06,0.07719652301201796,0.14954171894878235,0.07778434270739099,0.07778434270739099
1482,0.2221494929097602,0.2221494929097602,0.015486408626140062,0.4362624017525011,2.580541830316051e-05,0.015486408626140062,0.1006352941835687,0.07677022941670242,0.015486408626140062
1483,0.1377083242525094,0.1377083242525094,0.4759729806447254,0.035779522207074546,0.4807167366183738,0.1377083242525094,0.1577131184337488,0.035779522207074546,1.9551725241774377e-05
1484,0.16776737867080938,0.16776737867080938,0.208431536877367,0.583282859449367,0.16776737867080938,0.09869113237639407,0.07913695481191407,0.07938788570131193,0.208431536877367
1485,0.32126181392706,0.32126181392706,0.21766462586389757,0.1941981864167844,0.1941981864167844,0.21766462586389757,0.02808898863573632,0.02808898863573632,0.15217278053351696
1486,0.13589555882888807,0.13589555882888807,6.899707575383366e-06,0.08324917134706564,0.08324917134706564,0.08324917134706564,0.48817429334157086,0.13589555882888807,6.899707575383366e-06
1487,0.22526003715438075,0.22526003715438075,0.054450329218793767,0.08122476647206368,0.08122476647206368,0.054450329218793767,0.054450329218793767,0.054450329218793767,0.08122476647206368
1488,0.11931527601141527,0.11931527601141527,0.4336125742075121,0.08107071084422361,0.08107071084422361,0.11931527601141527,0.08107071084422361,0.0546225468765912,0.0546225468765912
1489,0.22153662589583079,0.22153662589583079,0.05472731669333262,0.05472731669333262,0.05472731669333262,0.05472731669333262,2.5570025169557655e-05,0.15492286262400065,0.07975090057720903
1490,0.13688854283715643,0.13688854283715643,0.481626054214395,0.16977950567469094,0.16977950567469094,0.09913954995322598,1.9347413676350478e-05,0.07678251810907288,0.13688854283715643
1491,0.308793894465284,0.07772766236529252,0.5903576874594565,0.11212364980930813,0.11212364980930813,0.11212364980930813,0.308793894465284,0.15237009766094714,0.09974707553732168
1492,0.11309671139883047,0.11309671139883047,0.621228140498153,1.9221288020285184e-05,0.5475668995900185,0.07978646623110336,0.11309671139883047,0.08115702398422851,0.11309671139883047
1493,0.13614986555590367,0.13614986555590367,0.48942253487370874,0.15389857712745192,0.15389857712745192,0.13614986555590367,0.15096991709225321,1.9486969704453674e-05,0.07814532820792118
1494,0.2268119684650602,0.2268119684650602,0.43919660122687904,0.1479696380353265,9.113841138531396e-06,0.1529223267760946,0.09938792683500403,0.1479696380353265,9.113841138531396e-06
1495,0.628303015332202,0.0784169932916547,0.15181121516661322,0.14740401667666486,0.14740401667666486,9.045031515541952e-06,0.15181121516661322,9.045031515541952e-06,0.15147524009027188
1496,0.22216212827930043,0.22216212827930043,0.43621241305347225,0.15018927842489677,2.5796917267785086e-05,1.9605339737544886e-05,0.0787506340784467,0.08145449457973332,0.15018927842489677
1497,0.0892513176008175,0.0892513176008175,0.09972816802507646,0.4804217475494301,0.0892513176008175,0.4828447436839688,0.0892513176008175,0.0809464807364217,0.07931940505976712
1498,0.30909055629601334,0.30909055629601334,0.20670336399981137,0.1116562281099549,0.1116562281099549,0.1116562281099549,0.15582200482688038,0.20670336399981137,2.559894149453141e-05
1499,0.17274530910771502,0.17274530910771502,0.6224638341638683,0.06836473555848131,0.06836473555848131,0.06836473555848131,0.06836473555848131,0.0980727487453335,0.17274530910771502
1500,0.24798351663340926,0.24798351663340926,0.061077654137766016,0.15604734577138088,0.15604734577138088,0.061077654137766016,0.061077654137766016,0.09956013144721367,0.061077654137766016
1501,0.12394372744559623,0.12394372744559623,0.08421406390466597,0.15089377253563654,0.08421406390466597,0.12394372744559623,0.07939993474976383,0.4186963301997634,0.08421406390466597
1502,0.21834313232986352,0.21834313232986352,0.4305567991919772,0.08072514553311316,0.05309395014887668,0.05309395014887668,0.10143878958864637,0.08072514553311316,0.08072514553311316
1503,0.22325314642756108,0.22325314642756108,0.15419838703571823,0.14913473944328082,0.14913473944328082,0.028184142618318805,0.15459496717555712,0.028184142618318805,0.15419838703571823
1504,0.2533260145892836,0.2533260145892836,0.16826751699796555,0.17135926078756128,0.16826751699796555,0.17135926078756128,8.997588569722699e-06,8.997588569722699e-06,0.10139138887572881
1505,0.167285377058422,0.167285377058422,0.5888691591902352,0.20439849200105575,0.167285377058422,0.10128094119373458,1.9651988376562657e-05,0.0771465663709983,0.20439849200105575
1506,0.31886119243953,0.2204409746817446,0.2204409746817446,9.097612413343447e-06,0.1933626244923429,0.1933626244923429,0.31886119243953,9.097612413343447e-06,0.1538488071927631
1507,0.13609544387861616,0.13609544387861616,0.0935021641101243,0.43704890595467716,1.9600499634925774e-05,0.0935021641101243,0.13609544387861616,0.07939514325333145,0.0935021641101243
1508,0.22534520501165936,0.22534520501165936,0.10043661762395359,0.054467991110518456,0.054467991110518456,0.4207104863880461,0.07849706270915936,2.5576935969097505e-05,0.4356941695924822
1509,0.0794226949443741,0.22052521404380826,0.432353103938372,0.08176900933538184,0.07979019719490951,0.08176900933538184,0.08176900933538184,2.5319953164904063e-05,0.22052521404380826
1510,0.12126469862212472,0.12126469862212472,0.08500349963709823,0.08103743925523028,0.08103743925523028,0.08103743925523028,0.08500349963709823,0.12126469862212472,0.08500349963709823
1511,0.1382279546825906,0.08147326833092132,0.4792355169509272,0.48311207296168296,0.05353453930691854,0.1382279546825906,0.09928200470996242,0.05353453930691854,0.1382279546825906
1512,0.16849307235145233,0.16849307235145233,0.5834392780547976,0.20570728350773523,0.028730364398853105,0.07814922961502843,0.028730364398853105,0.20570728350773523,0.16849307235145233
1513,0.1743801517171879,0.1743801517171879,0.21839540201105956,0.546585569305358,1.9583095492842368e-05,0.21839540201105956,0.15458194876186002,0.09960317825103417,0.1743801517171879
1514,0.08825434709356622,0.08825434709356622,0.03536443698232314,0.03536443698232314,0.1526787327933593,0.08825434709356622,0.08825434709356622,0.1526787327933593,0.15370519580992095
1515,0.12368204063399316,0.12368204063399316,0.1554554781458095,0.14776839282581652,0.14776839282581652,0.10029995394717076,0.1554554781458095,0.15302812090897397,0.12368204063399316
1516,0.22019199107168227,0.22019199107168227,0.30609846907681515,0.03763949949876209,0.03763949949876209,0.03763949949876209,0.03763949949876209,0.03763949949876209,0.07782188420616987
1517,0.2239378221203809,0.2239378221203809,0.035559380532876314,0.15111057992915478,0.15111057992915478,0.6093707737483749,0.15121103180647588,0.035559380532876314,1.9661502307434295e-05
1518,0.25176425051523676,0.25176425051523676,2.515015279323507e-05,0.17094549980152252,0.17094549980152252,0.0933126136348568,0.0778526751202616,0.0933126136348568,0.0933126136348568
1519,0.31118070430379713,0.31118070430379713,2.539538974926855e-05,0.11226425800665168,0.11226425800665168,0.20632651155429552,0.09898526913740052,0.20632651155429552,0.11226425800665168
1520,0.10081602867729003,0.17417042575706795,0.1187987609288836,0.19250222664094313,0.19250222664094313,0.1187987609288836,0.17417042575706795,0.17417042575706795,0.1187987609288836
1521,0.1350133758267491,0.1350133758267491,0.09495783504164322,0.15399480899041684,0.15399480899041684,0.09495783504164322,0.09495783504164322,0.09819340164063897,0.1350133758267491
1522,0.2271217375574535,0.2271217375574535,0.4386586263167104,0.14863162878270839,0.14863162878270839,0.15516661583946595,2.5605904740822577e-05,0.027339960606593484,0.027339960606593484
1523,0.6230902259621256,0.15613032710157967,0.08361310396316253,9.0468902812705e-06,0.09993245775206415,0.08361310396316253,1.954055072984457e-05,9.0468902812705e-06,0.08361310396316253
1524,0.22326796821191022,0.22326796821191022,0.43987109694305077,0.4226700530875492,0.09963809669056509,0.07780029234779548,0.028032615137665515,0.15519836512916182,0.028032615137665515
1525,0.1371290329398523,0.1371290329398523,0.48122914374931053,0.1729067732258729,0.1729067732258729,0.07933118119530204,0.05561125320609232,0.1371290329398523,0.05561125320609232
1526,0.16781886656566408,0.16781886656566408,0.5844241606813073,0.20606703383453503,0.20606703383453503,0.15557328724081948,0.16781886656566408,1.96647056914276e-05,0.07805489140551052
1527,0.17369437127271528,0.17369437127271528,0.07984516755629625,0.06884951491817025,0.06884951491817025,0.17369437127271528,0.06884951491817025,0.6148648986308234,0.06884951491817025
1528,0.13632306402361438,0.13632306402361438,0.17163432970404316,0.15372871895273646,0.13632306402361438,0.15372871895273646,0.0791604388776374,2.534667181346869e-05,0.17163432970404316
1529,0.12291790020907585,0.12291790020907585,0.15248393685124678,0.14745418915934702,0.14745418915934702,0.09975864347896234,0.43811170057644944,0.12291790020907585,2.0097109957932358e-05
1530,0.2205013933862205,1.967524901527948e-05,0.08347392436784892,0.08100583478593497,0.08100583478593497,0.08347392436784892,0.08347392436784892,0.2205013933862205,0.08100583478593497
1531,0.6315532999896273,2.5494225486990814e-05,0.4348514668172945,0.14841775776799368,0.14841775776799368,0.0550927763639201,0.10033967054541577,0.07786283598518547,0.0550927763639201
1532,0.0637930635847168,0.0637930635847168,0.03592512016819327,0.03592512016819327,0.4852236796545315,0.0637930635847168,0.0637930635847168,0.4785200138324038,0.0637930635847168
1533,0.30975272217390787,0.30975272217390787,0.11287860086415702,0.052932817489414,0.08221410039010132,2.5345408073109333e-05,0.11287860086415702,0.11287860086415702,0.052932817489414
1534,0.17401237948013779,0.17401237948013779,0.6273936603749896,0.10423581247285955,0.10423581247285955,1.942204810065802e-05,0.10423581247285955,0.15427167544820214,0.17401237948013779
1535,0.25018831122440655,0.25018831122440655,6.881359258636796e-06,0.1544693739374069,6.881359258636796e-06,0.1544693739374069,0.15366394646613904,0.48666653274374944,2.527437492600482e-05
1536,0.12261878814454923,0.12261878814454923,0.15427330941497325,0.12261878814454923,2.53304857607163e-05,0.15427330941497325,0.02807756362299414,0.02807756362299414,0.4207924594044341
1537,0.11922294475072169,0.11922294475072169,0.027624572558281754,0.08036575514575243,0.08036575514575243,0.08036575514575243,0.0995449909349087,0.11922294475072169,0.027624572558281754
1538,0.22301672790105354,0.22301672790105354,0.08360406860813029,0.15011313943681304,0.0781673619890359,0.08360406860813029,2.5087367650323866e-05,0.15011313943681304,0.08360406860813029
1539,0.13883826262664015,0.13883826262664015,0.4805969158580587,0.17053149283770033,0.13883826262664015,0.10128994292921088,1.9712789904279132e-05,0.07980762293385767,0.17053149283770033
1540,0.30999979428136487,0.30999979428136487,0.20875540109564322,0.09943735127217207,1.9758915716968916e-05,0.08078912398800298,0.02778760649968019,0.20875540109564322,0.02778760649968019
1541,0.31909913489696695,0.31909913489696695,0.0283196461234315,0.19344908561182034,0.19344908561182034,0.028084662299002385,0.6153268886003608,0.0283196461234315,0.028084662299002385
1542,0.13489266299318564,0.13489266299318564,0.17472552873287414,0.08336939440547998,0.08336939440547998,0.13489266299318564,0.17472552873287414,0.07794852300329365,0.08336939440547998
1543,0.22611714154681645,0.22611714154681645,0.08409017428556964,7.037616958338215e-06,0.14951102224110382,0.08409017428556964,0.08409017428556964,0.14951102224110382,7.037616958338215e-06
1544,0.1207885858271985,0.1207885858271985,0.43237161082630254,0.1485349927293415,1.9456945633321723e-05,0.1485349927293415,0.1207885858271985,0.07988411499957644,0.10014581262422609
1545,0.2233233099839338,0.2233233099839338,0.10033012995440715,0.4209291625172795,0.4374625106272446,0.055615985407027835,0.055615985407027835,0.02720514920410055,0.02720514920410055
1546,0.08911090656114991,0.08911090656114991,0.16959546023379407,0.1695940832369208,0.15269166955811472,0.08911090656114991,0.1695940832369208,0.16959546023379407,0.08911090656114991
1547,0.31119712293893736,0.31119712293893736,0.11327820110833377,0.11156946176791446,0.11156946176791446,0.11156946176791446,0.11327820110833377,0.07785717202107274,0.11327820110833377
1548,0.3198881769198668,0.3198881769198668,0.22016550162547177,0.5525967754118172,1.9690975776284453e-05,0.03563176883746215,0.03563176883746215,0.08021052804252063,0.22016550162547177
1549,0.1352514362033673,0.1352514362033673,0.17282230342549879,0.15478025084125627,0.15478025084125627,0.17282230342549879,0.1352514362033673,0.07818499559890853,0.08152466592289721
1550,0.12294113131471303,0.12294113131471303,0.4404332885292327,0.14713136316211056,0.02838976279903411,0.02838976279903411,0.14713136316211056,2.5457159477769464e-05,0.12294113131471303
1551,0.11948371393455433,0.11948371393455433,0.15349717303617524,0.41643918594639445,0.028389160461481752,0.15349717303617524,0.028389160461481752,0.15438861778090127,0.11948371393455433
1552,0.22234372015501888,0.22234372015501888,0.15555380174694172,0.0782043285803308,0.08093174961853013,0.08093174961853013,0.15555380174694172,0.08093174961853013,0.07940078067136713
1553,0.25340563364155044,0.25340563364155044,0.09313088471231415,0.1697145353124949,0.09313088471231415,0.1697145353124949,0.07767909977959744,0.15027947639750036,0.09313088471231415
1554,0.10887820200416834,0.10887820200416834,0.10887820200416834,0.08254118422982108,0.5798262776477819,0.10887820200416834,0.05477295155683487,1.9735748105125184e-05,0.05477295155683487
1555,0.3173199758565074,0.3173199758565074,0.11990269495618353,0.5439274484303495,0.0779242501122967,0.11990269495618353,8.998420189739395e-06,0.11990269495618353,8.998420189739395e-06
1556,0.13632664269068728,0.13632664269068728,0.07974553496500192,0.5254423877759574,0.028467911726360907,0.028467911726360907,7.035464304773596e-06,0.13632664269068728,7.035464304773596e-06
1557,0.12283644080571736,0.12283644080571736,0.4349557595998082,0.0800960900397677,0.0800960900397677,2.5675786010592724e-05,0.12283644080571736,0.1007248737746184,0.0800960900397677
1558,0.11969237591566732,0.11969237591566732,0.43047182579801296,0.08051905616475785,0.08051905616475785,1.9658230516336678e-05,0.08051905616475785,0.11969237591566732,0.08165050150769104
1559,0.22122829668654798,0.22122829668654798,0.0843608635335141,0.08164378039212934,1.9927559748515812e-05,0.08164378039212934,0.0843608635335141,0.08164378039212934,0.0843608635335141
1560,0.08094072428831851,0.07728915939099805,1.98742963964396e-05,0.4821738238762116,0.03423606870167702,0.1548397448101634,0.03423606870167702,0.4824042852023925,2.5450610194815305e-05
1561,0.1688282022497385,0.1688282022497385,0.20817438797564536,0.20449236964035372,0.20449236964035372,0.20817438797564536,0.1688282022497385,0.08237540008558024,0.10054412068979932
1562,0.320026007264893,0.02816820020116899,0.6200665412614558,0.10414607147238256,0.10414607147238256,0.320026007264893,0.02816820020116899,0.07889630948028921,0.10414607147238256
1563,0.13548795917339665,0.13548795917339665,0.4916056596218733,0.05440586744740471,0.05440586744740471,0.13548795917339665,0.07600441740738732,0.05440586744740471,0.05440586744740471
1564,0.08025595913701829,0.08025595913701829,0.15453310692720168,0.14933085187678938,1.9781388301511126e-05,0.08025595913701829,0.14933085187678938,0.08025595913701829,0.15453310692720168
1565,0.11992241824140472,0.11992241824140472,0.11992241824140472,0.08044405966922814,0.08044405966922814,0.08229026617282376,0.08229026617282376,0.08229026617282376,0.08044405966922814
1566,0.12083975527601433,0.12083975527601433,0.15344353905997457,0.42428988853725896,0.15344353905997457,0.05392950483379462,0.05392950483379462,0.07774578589717969,0.12083975527601433
1567,0.13777682643289163,0.13777682643289163,0.4827995587321837,0.09262542827537905,0.09262542827537905,0.10105466973789021,0.13777682643289163,2.5592308554869655e-05,0.09262542827537905
1568,0.3111376008596205,0.3111376008596205,0.5824070590164728,0.0729978036583886,0.0729978036583886,0.0729978036583886,0.0729978036583886,0.035488647392676764,0.035488647392676764
1569,0.31619488262716444,0.31619488262716444,0.22099294350261375,0.5429745925769317,0.15522915934583464,0.22099294350261375,2.5451728321455955e-05,0.0983959450068396,2.0017239618039998e-05
1570,0.13680429603456892,0.13680429603456892,0.4947245864098709,0.027910731756271595,0.13680429603456892,0.027910731756271595,1.9896657278677097e-05,0.43681208073331795,0.1508744595435888
1571,0.2259637868951177,0.2259637868951177,0.1552751953796412,0.08126515201947851,0.08126515201947851,0.1552751953796412,0.09844697211943192,0.07878426049282518,0.08126515201947851
1572,0.11967759939707054,0.11967759939707054,0.1529301811701536,0.41529609388554983,0.027642786484739352,0.11967759939707054,0.1529301811701536,0.027642786484739352,1.995651974051522e-05
1573,0.1202186924130838,0.1202186924130838,0.15463008247738802,0.14972441655489496,0.14972441655489496,0.15463008247738802,0.027404392860235084,0.027404392860235084,0.1202186924130838
1574,0.13823205705087566,0.13823205705087566,0.09202253195847926,0.17027680487073296,0.09202253195847926,0.09870114597146105,0.13823205705087566,0.17027680487073296,0.09202253195847926
1575,0.3104437636350232,0.3104437636350232,0.2081871690377792,0.07815465605820358,0.5781967476420709,0.2081871690377792,0.02859029633057261,2.533288636800772e-05,0.02859029633057261
1576,0.319649928863567,0.319649928863567,0.6223102544518027,1.9974454449821554e-05,0.028933932547739957,0.5419248216996172,0.15509379994254502,0.0993505739270564,0.028933932547739957
1577,0.13645552362950278,0.13645552362950278,0.09381608735736559,0.15364729904514657,0.13645552362950278,0.15364729904514657,0.09381608735736559,0.09381608735736559,2.5430431082486506e-05
1578,0.02841523789467388,0.7622065631960238,0.43874832182339507,0.052128460634202775,0.052128460634202775,0.052128460634202775,0.052128460634202775,1.9778014321799032e-05,0.02841523789467388
1579,0.11984449202836636,0.11984449202836636,0.4348398882234182,0.0805560871841906,0.0805560871841906,0.0805560871841906,0.11984449202836636,0.10961046602969374,0.09988767410518073
1580,0.22369970695738842,0.01937753906842114,0.08118058833659265,0.08118058833659265,0.08118058833659265,0.22369970695738842,0.01937753906842114,0.01937753906842114,0.4410644050913211
1581,0.1384762900907046,0.1384762900907046,0.4769956625240712,0.486506702980845,1.9809377529787668e-05,0.1384762900907046,0.15581036964920744,0.10022759010116253,0.10692856229101319
1582,0.3063238408563416,0.3063238408563416,0.20620779174131987,0.5764210986112352,0.08073083329193972,0.10994723140140782,0.20620779174131987,0.10094467597993034,1.991286463763135e-05
1583,0.9003899964985862,3.82786515748917e-06,0.21693718248028024,0.19388807669568964,0.19388807669568964,0.21693718248028024,0.11030124870415578,3.82786515748917e-06,3.82786515748917e-06
1584,0.25090405480641353,0.25090405480641353,0.17295646935236686,0.054933447395770024,0.4392677767721828,0.17295646935236686,8.857344829134758e-06,0.054933447395770024,8.857344829134758e-06
1585,0.1232008120800521,0.1232008120800521,0.15546425790396526,0.14862383887293057,1.988641063813113e-05,0.15481332566504113,0.1232008120800521,0.14862383887293057,0.15546425790396526
1586,0.09816340435147186,0.09816340435147186,0.15285076897300026,0.09816340435147186,0.4187051465932199,0.15285076897300026,2.0131432383718735e-05,0.09936559805029771,0.09816340435147186
1587,0.22134213349514004,0.22134213349514004,0.43945760727632516,0.05199895305372419,0.05199895305372419,0.05199895305372419,0.07951501868764076,0.05199895305372419,1.9956626169858802e-05
1588,0.13755403474650668,0.13755403474650668,0.1688003258709867,0.09319577350219961,0.11013116351579279,0.13755403474650668,0.09319577350219961,0.1688003258709867,0.09319577350219961
1589,0.3076142791335828,0.5770582679019076,0.20725147795434318,0.3076142791335828,0.03566707320040361,0.15741204442415357,0.20725147795434318,0.08176854228492811,0.03566707320040361
1590,0.3193838329349656,0.3193838329349656,0.22040433857174183,0.22040433857174183,2.5240470619447437e-05,0.10052433288632673,0.15359168949843618,1.9805894445673266e-05,0.0792375444591135
1591,0.24994078076366363,0.24994078076366363,0.15417121073922418,0.15417121073922418,0.10007317156176752,0.09445527334763891,0.09445527334763891,0.09445527334763891,2.5373570217094055e-05
1592,0.22642982118298888,0.22642982118298888,0.4406422118210978,0.1489306213601512,2.0100547144037614e-05,2.5207808650908616e-05,0.10016916183409949,0.08008950132043931,0.1489306213601512
1593,0.2205560346244161,0.05363470577526467,0.035589513501730605,0.07983544130246553,0.05363470577526467,1.9989270090674704e-05,0.2205560346244161,0.10951714805099351,0.035589513501730605
1594,0.22129944234829416,0.22129944234829416,0.4349228424922255,0.14837190098084893,0.14837190098084893,0.03828152867124462,0.03828152867124462,1.9888678968485513e-05,0.07983304531366053
1595,0.25211217743219944,0.25211217743219944,0.48161821485818546,0.49111128082211647,0.10078903370417183,0.029669693624185343,0.029669693624185343,0.029669693624185343,0.07943340465267763
1596,0.10875307893351147,0.10875307893351147,0.20668055383283665,0.20668055383283665,0.10875307893351147,0.10875307893351147,0.20435155259873958,0.09897482355065627,0.20435155259873958
1597,0.17486218907858053,0.17486218907858053,0.5250406555699798,1.9941698919773325e-05,0.1933071405339,0.07969560114790324,0.17486218907858053,0.1933071405339,0.15660609801923556
1598,0.25070708009054204,0.25070708009054204,0.17258423776596382,0.1080981158740425,0.09854693192046382,0.17258423776596382,0.07915796950197426,0.43900860576354983,0.15520801454108657
1599,0.22475277863703036,0.22475277863703036,0.3205972048385386,0.15039966128006324,0.10849450214937043,0.15039966128006324,0.3205972048385386,0.08014211527501838,0.15413416024553409
1600,0.22013528260780646,0.22013528260780646,0.06010609474885765,0.14790898580480277,0.14790898580480277,0.06010609474885765,0.06010609474885765,0.08005056827967953,0.15145691705312556
1601,0.22302683495391262,0.22302683495391262,2.5084109624037562e-05,0.01917728242722276,0.2820677564694033,0.01917728242722276,0.4238916798854264,1.999588319486265e-05,0.01917728242722276
1602,0.25225062935640924,0.25225062935640924,0.477880414774082,0.06036574277048192,0.06036574277048192,0.06036574277048192,0.06036574277048192,0.099981813421115,0.15572080020131374
1603,0.3098927950635361,0.20873264040527623,0.20873264040527623,0.11140323402136966,0.11140323402136966,0.3098927950635361,0.03612614650236501,0.03612614650236501,0.11140323402136966
1604,0.11260460341122092,0.11260460341122092,0.6188803002331621,0.19368533126276175,0.19368533126276175,0.11260460341122092,0.11260460341122092,0.07931201657847174,0.09844693241632445
1605,0.08806254699807549,0.08806254699807549,0.4858835605609494,0.15543083160257123,0.15543083160257123,0.08806254699807549,2.5023055174052997e-05,0.08806254699807549,0.10067569651728117
1606,0.22744376269609154,0.22744376269609154,0.10044782913501758,2.496680824709141e-05,7.1317386826454384e-06,0.08477063865348129,7.1317386826454384e-06,0.08477063865348129,0.08477063865348129
1607,0.12022971713647275,0.12022971713647275,0.154321850266729,0.14638566219208365,0.154321850266729,0.07990646876661016,0.14638566219208365,2.0155231027958157e-05,0.12022971713647275
1608,0.12123010781179466,0.12123010781179466,0.4425862876179531,0.08136056166746734,0.08136056166746734,0.08136056166746734,0.1087491981041005,2.007607072157096e-05,0.12123010781179466
1609,0.13822445527786603,0.13822445527786603,0.4801064345492629,0.17151654808368016,0.035332535543441776,0.13822445527786603,0.07874336499146613,0.17151654808368016,0.035332535543441776
1610,0.30781886288030863,0.30781886288030863,0.2071163893072423,0.5813828262867702,0.07970618207074688,0.10955975859398769,0.2071163893072423,1.9994670179526422e-05,2.49541730818877e-05
1611,0.3183225878713244,0.3183225878713244,0.2184731499962387,0.19259416034903956,0.10802102455006266,0.2184731499962387,0.15217453392663843,0.19259416034903956,2.5383544764434674e-05
1612,0.13707944322284674,0.13707944322284674,0.10723939391792872,0.4378794748219143,1.9955209126343675e-05,0.48827681334824197,0.13707944322284674,0.07935313054258784,0.10015351226928133
1613,0.22510844728601145,0.22510844728601145,0.15409725332768495,0.0802822854314767,0.0802822854314767,0.15409725332768495,0.0802822854314767,2.539567965395358e-05,0.1073991927585008
1614,0.21974413029302226,0.21974413029302226,0.05344200596827317,0.146777649539876,0.15059454006288567,0.05344200596827317,0.05344200596827317,0.05344200596827317,0.146777649539876
1615,0.12070609046479362,0.12070609046479362,0.43116293605469175,0.08088218746652996,0.08088218746652996,0.15378854581003973,0.10038967903039338,0.12070609046479362,0.08088218746652996
1616,0.2518666590395619,0.2518666590395619,0.0785956513645399,0.1708010355388375,0.1708010355388375,0.4829775474759603,0.15331136855741065,0.1005661835893052,0.10757543433262774
1617,0.4128687125490237,0.08045249047506763,0.27152857018985604,0.2975885442434938,0.2975885442434938,0.27152857018985604,0.1098743954118084,0.1547322113652901,0.4128687125490237
1618,2.481903186629881e-05,0.2634931913235501,0.11969983381607766,0.11969983381607766,0.438422391789465,0.11969983381607766,0.2634931913235501,0.10819896479853569,0.09780579836366823
1619,0.11041131741865007,0.11041131741865007,0.17068877419072565,2.5139106987902754e-05,0.10141362919774398,0.17068877419072565,0.11041131741865007,2.0280442096727027e-05,0.07914405630346506
1620,0.22528146152539774,0.22528146152539774,2.5031280665014607e-05,0.027864037946956535,0.148427954664708,0.43934635146746737,0.027864037946956535,0.148427954664708,0.1000922524059326
1621,0.22153565761880958,0.22153565761880958,0.1521901204900677,0.1477751723542079,0.1477751723542079,0.1521901204900677,2.510294971826931e-05,0.028290075630510822,0.028290075630510822
1622,0.22328824855095586,0.08015738933596654,0.15449004180986786,0.10827967011838469,0.41918340292839357,0.15449004180986786,2.0011605057562103e-05,0.22328824855095586,0.10022746892273675
1623,0.2528346307468197,0.2528346307468197,0.1690225271330033,0.09349827890702173,0.1070062763724121,0.1690225271330033,0.09349827890702173,0.079465407109728,0.09349827890702173
1624,0.30744342682365144,0.30744342682365144,0.07363686132475884,0.2065343036967101,0.2065343036967101,0.07363686132475884,0.07363686132475884,0.07363686132475884,0.08105751585074464
1625,0.3170228255216105,0.3170228255216105,0.21935068178478917,0.10505580460216007,0.10505580460216007,0.05472159943479943,0.05472159943479943,0.21935068178478917,0.10505580460216007
1626,0.13542979365353977,0.13542979365353977,0.4839191343554958,0.083254971125967,0.083254971125967,0.13542979365353977,0.09933129132699953,2.5141489203418404e-05,0.083254971125967
1627,0.6357860139983115,0.10141051619283037,0.15501289587346873,0.0524741821358437,0.0524741821358437,0.0524741821358437,0.11066167280883359,0.0524741821358437,0.15501289587346873
1628,0.11983609131702436,0.11983609131702436,0.43391632347913595,0.14905645570767548,0.14905645570767548,0.03514866073017549,0.11983609131702436,0.03514866073017549,2.5441749891272443e-05
1629,0.22182201076894364,0.028255762100789256,0.43819188748354704,0.08158263869721467,0.028255762100789256,2.5197165276588608e-05,0.08158263869721467,0.08158263869721467,0.22182201076894364
1630,0.2525056107697357,0.2525056107697357,0.05966669111970539,2.5339225748396867e-05,0.05966669111970539,2.0167797355513062e-05,0.05966669111970539,0.15723995234980795,0.05966669111970539
1631,0.306864508053919,0.306864508053919,0.2066193589367976,0.5756299648386524,0.15351437664451473,0.2066193589367976,0.07839655444494419,0.10966691636318875,2.5232953123102997e-05
1632,0.31879487153431574,0.31879487153431574,0.22148518156917743,0.22148518156917743,0.5517349227892662,0.10864790045587741,0.09934219381580942,0.07848997122337367,2.031103607969609e-05
1633,0.1349673690500506,0.1349673690500506,0.48519413699432057,0.1553993741632658,0.1553993741632658,0.0789968436909009,0.1349673690500506,2.0037529827466095e-05,0.09852272926716221
1634,0.2257196681067195,0.2257196681067195,0.08493212319758747,0.14738755329389916,0.14738755329389916,0.08493212319758747,0.1553227828415853,0.1000777652006613,0.08493212319758747
1635,0.0773959945829903,0.0773959945829903,0.4332339788467588,0.0773959945829903,0.15420203029756038,0.0773959945829903,0.10898108090706612,0.0356395338498941,0.0356395338498941
1636,0.2239492991610186,0.2239492991610186,0.4397422445951992,0.08117724314866298,0.08117724314866298,0.08117724314866298,2.501335980156064e-05,0.10013306773329805,0.10849134368429496
1637,0.25259592881377424,0.25259592881377424,0.17014858301287095,0.486469276594602,0.10916445804755485,0.17014858301287095,2.0246389132153623e-05,0.07880691611721406,0.15469969377377998
1638,0.30477859406493457,0.30477859406493457,0.07322390835048877,0.20355504620028128,0.07322390835048877,0.07322390835048877,0.20355504620028128,0.07322390835048877,2.0345845476670438e-05
1639,0.31827006990144424,0.31827006990144424,0.21863546606700734,0.19258712675914402,0.19258712675914402,0.03806583921920787,0.21863546606700734,0.03806583921920787,2.009745740563665e-05
1640,0.13564469435025003,0.13564469435025003,0.09887103357083697,8.774096514890287e-06,8.774096514890287e-06,0.15366199185260052,0.13564469435025003,0.15405631900035147,0.15405631900035147
1641,0.12277644579213239,0.12277644579213239,0.4401949435557279,2.033497693564538e-05,0.4229792372852059,0.12277644579213239,0.15266208492313035,0.08058319028781392,0.10813097681287928
1642,0.22184850642374088,0.22184850642374088,0.4363071631162883,0.0810293928146481,0.0810293928146481,0.0798792130558904,0.0810293928146481,0.15271315512244324,0.1080553713332102
1643,0.2210281186763481,0.035185895789466536,0.15619251553897823,0.08236223207748401,0.08236223207748401,0.08236223207748401,0.035185895789466536,0.2210281186763481,0.15619251553897823
1644,0.13742869197900912,0.13742869197900912,0.13742869197900912,0.17121012768462388,0.17121012768462388,0.09209509275737736,0.09209509275737736,0.10075504481418175,0.09209509275737736
1645,0.16744724498541727,0.16744724498541727,0.5820338328050187,0.10805483380474441,0.5860162903041183,0.055980371892464104,0.07985420321562574,0.055980371892464104,0.16744724498541727
1646,0.3189263633562874,0.3189263633562874,0.6215819347644189,0.5570033886183837,0.03915185516305553,0.10024235873857976,0.03915185516305553,0.0796157955552288,0.1540106095421325
1647,0.04834997400228104,0.04834997400228104,0.4873154587442731,0.15567531090570283,0.04834997400228104,0.04834997400228104,0.04834997400228104,0.04834997400228104,0.15567531090570283
1648,0.12396867137226883,0.12396867137226883,0.12396867137226883,0.08134730783751443,0.08134730783751443,0.4377062173454868,0.15555821880793916,0.08122415112773185,0.08134730783751443
1649,0.6211317737966062,7.124455022887574e-06,0.05405029110612008,0.4122698902974506,0.05405029110612008,0.05405029110612008,0.05405029110612008,2.5175091264225105e-05,7.124455022887574e-06
1650,0.12044659013204165,0.12044659013204165,0.08441697995009824,7.162195293257304e-06,0.08441697995009824,0.08441697995009824,0.42147782954766927,0.12044659013204165,7.162195293257304e-06
1651,0.2525677759933429,0.2525677759933429,0.16965366880953506,2.5018405274663624e-05,0.10992593075620209,0.16997339532461622,0.16997339532461622,0.16965366880953506,0.08024411946259295
1652,0.16606711174783403,0.16606711174783403,0.5876712097916947,0.1115217201897401,8.91412295077452e-06,0.1115217201897401,0.1115217201897401,8.91412295077452e-06,0.16606711174783403
1653,0.31719805639264687,0.31719805639264687,0.05406716027247525,0.545569476509129,0.05406716027247525,0.21904223794664576,8.84944895047328e-06,0.21904223794664576,8.84944895047328e-06
1654,0.24565861406853645,0.24565861406853645,0.4907386318249346,0.434899041742743,7.175811139606802e-06,0.02773395089235596,0.02773395089235596,0.1528613975833189,7.175811139606802e-06
1655,0.12329137432625766,0.12329137432625766,0.4376503651114932,0.42060676943600583,0.10875756378430913,0.09946710117114321,2.031049164262842e-05,0.15331029941608088,0.12329137432625766
1656,0.22220086010573192,0.22220086010573192,0.15433332470895447,0.14827596533823767,0.14827596533823767,0.15433332470895447,0.15163928691791748,7.2027910082024556e-06,7.2027910082024556e-06
1657,0.21968840909022783,0.21968840909022783,0.4352559409713141,0.0810965398254092,0.0810965398254092,8.98689372393207e-06,0.09977261061475842,8.98689372393207e-06,0.0810965398254092
1658,0.25229405351490874,0.25229405351490874,0.1552390010112972,0.17096668249652283,0.17096668249652283,0.03790500951293772,0.03790500951293772,7.170685849290231e-06,7.170685849290231e-06
1659,0.16726405412333661,0.16726405412333661,0.5841239453036817,0.2049940813968128,0.2049940813968128,7.196706603674909e-06,0.16726405412333661,7.196706603674909e-06,2.481139996953434e-05
1660,0.17333365639137216,0.17333365639137216,0.21927122808129507,0.19288381134273244,0.19288381134273244,0.17333365639137216,0.21927122808129507,2.0480648621370383e-05,2.52274945198709e-05
1661,0.24804053908172338,0.24804053908172338,0.1727979442775867,0.05487420230123711,0.05487420230123711,0.1727979442775867,0.05487420230123711,0.05487420230123711,0.15209213139225172
1662,0.12329396026172405,0.12329396026172405,0.4431774082935086,0.08078454711426715,0.08078454711426715,0.08078454711426715,0.15639179871730893,0.12329396026172405,0.10090376968273346
1663,0.07807579618080973,0.07807579618080973,0.43401873319572437,0.41652998392720714,0.0802107662656189,0.15260965225218942,0.07807579618080973,0.07807579618080973,0.10845689880665375
1664,0.22061548838273917,0.22061548838273917,0.05518023042469226,0.08145020179732541,0.08145020179732541,0.05518023042469226,0.05518023042469226,0.05518023042469226,0.08145020179732541
1665,0.13739300711723199,0.13739300711723199,0.47731107058597083,0.17203664759110873,0.035063622135907295,0.13739300711723199,0.035063622135907295,0.17203664759110873,0.10963152883802835
1666,0.16692843080186084,0.16692843080186084,0.20600652373719924,0.028907577386461082,0.20600652373719924,0.028907577386461082,0.028907577386461082,0.16692843080186084,2.021101515183006e-05
1667,0.17310696395596487,0.17310696395596487,0.11904623969914722,0.11904623969914722,0.11904623969914722,0.09962964155434022,0.08079022133245728,0.17310696395596487,0.1548185862041778
1668,0.08910391342749786,0.08910391342749786,0.4886698216732321,0.08910391342749786,0.15399217925302008,0.08910391342749786,0.15399217925302008,7.216003924449762e-06,7.216003924449762e-06
1669,0.12242045200704513,0.12242045200704513,0.4398566327210621,0.05241098377215278,0.05241098377215278,0.05241098377215278,0.10909678516079732,0.12242045200704513,0.05241098377215278
1670,0.08079893055583726,0.22001089118310782,0.08247965053979256,0.08079893055583726,0.08079893055583726,0.08247965053979256,2.4839832878536918e-05,0.08247965053979256,0.22001089118310782
1671,0.2226439873657561,0.2226439873657561,0.15413785545609981,0.08138089246401019,0.08138089246401019,0.15413785545609981,7.1755948671762215e-06,0.08138089246401019,7.1755948671762215e-06
1672,0.1393959448542977,0.1393959448542977,0.16987544491503936,8.879241357563686e-06,0.479484392818595,0.07798909568150886,0.1393959448542977,8.879241357563686e-06,0.16987544491503936
1673,0.31035033787997274,0.31035033787997274,0.20683985697278048,0.20338873901609253,0.02091717239083053,0.02091717239083053,0.20683985697278048,0.20338873901609253,0.02091717239083053
1674,0.31975036750003194,0.31975036750003194,0.2175373669194785,0.5430848322868221,2.4597144074628657e-05,0.10105084093493663,0.2175373669194785,0.1542931712606744,0.11068836536848217
1675,0.1364317537349605,0.1364317537349605,0.1716053232309799,0.1545097266050885,0.1716053232309799,0.1364317537349605,0.1545097266050885,0.07978164730067942,0.10727900460300646
1676,0.6361016563448775,2.0384403439011914e-05,0.15459774849088015,0.035033586400364775,0.14756178042736337,0.14756178042736337,0.035033586400364775,0.15459774849088015,0.10934722170937324
1677,0.21925426639153173,0.21925426639153173,0.15271119565542562,0.14725160566515838,0.028099064243997527,0.15271119565542562,0.028099064243997527,0.11017345381267227,0.14725160566515838
1678,0.12087388238184694,0.12087388238184694,0.15635837493987292,0.08023223782005243,0.42443085602269015,0.15635837493987292,0.12087388238184694,0.1522915728460966,0.10001112150084565
1679,0.25080415196173134,0.25080415196173134,0.476887500090231,0.09279613637170231,0.10054436621023123,0.09279613637170231,0.10984104376716958,0.09279613637170231,0.15245325976063745
1680,0.16845635582391497,0.16845635582391497,0.20712660308102088,7.208221551262742e-06,0.5808277268874509,0.16845635582391497,0.20712660308102088,7.208221551262742e-06,0.15220143909935277
1681,0.3176477640478287,0.3176477640478287,0.21973633607301318,0.19262553715896674,0.19262553715896674,0.05439648240225524,0.05439648240225524,2.4921783098228208e-05,0.21973633607301318
1682,0.24994548267495434,0.24994548267495434,0.1721847069082968,0.05489440334783539,0.05489440334783539,0.1721847069082968,0.05489440334783539,0.15359982759153792,0.05489440334783539
1683,0.146291979640545,0.146291979640545,0.05470124130911621,0.05470124130911621,0.41979711489429083,0.146291979640545,0.2082621734668688,0.2082621734668688,2.0380484435830038e-05
1684,0.11901543091361588,0.11901543091361588,0.1527887636683034,0.15460133366308978,0.41850677986769896,2.466863038786061e-05,0.11901543091361588,0.10930380942302109,0.1527887636683034
1685,0.22214446857131684,0.22214446857131684,3.9406760056334e-06,0.4244809825135228,3.9406760056334e-06,3.9406760056334e-06,0.4379057978796021,2.47825275529177e-05,0.10035559904871122
1686,0.2511806054007393,0.2511806054007393,0.16985391511404271,0.4870993648856015,0.10874697230909322,0.10197395362386937,0.16985391511404271,0.10352477434360453,2.0316232033516295e-05
1687,0.3081010290508047,0.3081010290508047,4.774862435881306e-06,0.5754353225210229,0.20759438647584535,0.20759438647584535,4.774862435881306e-06,4.774862435881306e-06,0.10434970373382269
1688,0.3184493801363887,0.3184493801363887,0.2188141492301047,0.10055464852161305,0.547201590588001,0.2188141492301047,2.0260309206128352e-05,0.10577295204782577,2.519399598834512e-05
1689,0.25003691699006664,0.25003691699006664,0.4877311571331847,0.08323734673259316,0.08323734673259316,0.028612190777189538,0.10796096700308934,0.028612190777189538,0.08323734673259316
1690,0.22608815951685837,0.22608815951685837,0.08405449996143172,0.0804155064671901,0.0804155064671901,0.0804155064671901,0.08405449996143172,0.08405449996143172,2.034153868972078e-05
1691,0.07800254912005866,0.07800254912005866,0.10828445306939112,0.07800254912005866,0.07800254912005866,0.4269194376104621,0.0988713457453847,0.10508655566003264,0.418952476858069
1692,0.222659274012572,0.222659274012572,0.15554156317061218,0.15065041934377438,0.15065041934377438,0.15554156317061218,0.08052815165156406,2.0523114764618073e-05,0.1110898674004885
1693,0.2509197120029411,0.2509197120029411,0.1684226028710503,0.09235167725271003,0.09235167725271003,0.1684226028710503,0.09235167725271003,0.03206155544948053,0.03206155544948053
1694,0.3088684992812995,0.3088684992812995,0.20676825346000366,0.09916587805461816,0.5777451755770598,0.20676825346000366,0.10194073620377754,0.08073768149547177,2.4673554763826286e-05
1695,0.17263630450517709,0.17263630450517709,2.0436849275557573e-05,0.10419671194649013,0.10419671194649013,0.6142897110303683,0.17263630450517709,0.09763332153463634,0.10419671194649013
1696,0.08866295020781989,0.08866295020781989,0.09330405199533194,0.08866295020781989,0.08866295020781989,0.09330405199533194,0.09330405199533194,0.4357675808242314,0.10108805989015097
1697,0.22456283725833912,0.22456283725833912,0.15440022609883428,0.08121854721582301,0.08121854721582301,0.15440022609883428,0.031961507199189804,0.031961507199189804,0.08121854721582301
1698,0.07731231098208492,0.07731231098208492,0.08317666860623779,0.4198151117090509,0.07731231098208492,0.08317666860623779,0.07731231098208492,2.486071380650857e-05,0.08317666860623779
1699,0.12111950536504043,0.12111950536504043,0.1550184877475706,0.42845103466528667,0.12111950536504043,0.1550184877475706,0.10034738850526982,0.09140241696020998,0.10312759918908528
1700,0.13666269587366295,0.13666269587366295,0.036467177274018506,0.09366513938261474,0.09366513938261474,0.13666269587366295,0.09366513938261474,0.48184882984245797,0.036467177274018506
1701,0.3099496674133698,0.3099496674133698,0.2089202997651711,0.5821511807399121,0.09115879177164801,0.2089202997651711,0.036581923957675705,2.0396852056659304e-05,0.036581923957675705
1702,8.746498632408022e-06,0.9096888921574788,0.22069205718098436,2.06038273393944e-05,8.746498632408022e-06,0.22069205718098436,0.079760502515779,0.10388526803319478,0.5403354900564485
1703,0.24843578075479542,0.24843578075479542,0.09369975032998747,0.15372073044693724,0.15372073044693724,0.09369975032998747,0.09369975032998747,0.09985874411133791,2.4682658398482054e-05
1704,0.12310195843157486,0.12310195843157486,0.12310195843157486,0.4187966564222655,0.02839965449809958,0.035035816064254335,2.481815004539034e-05,0.02839965449809958,0.035035816064254335
1705,0.06281545422030022,0.06281545422030022,0.4304191398950476,0.14752740493834543,0.14752740493834543,0.06281545422030022,7.244206530682064e-06,7.244206530682064e-06,0.06281545422030022
1706,0.1214992098599348,0.1214992098599348,0.44077823024359725,0.03183516074873266,7.197543371244261e-06,0.03183516074873266,0.1214992098599348,0.10440335105029079,7.197543371244261e-06
1707,0.254359350282311,0.254359350282311,2.0575770152429052e-05,0.08932771144299527,2.501748851997332e-05,0.4869368706959729,0.10014504912638049,0.48167780295894386,0.10382992787314398
1708,0.3078193002205971,0.3078193002205971,0.20685580846528548,0.07199868352468518,0.07199868352468518,0.07199868352468518,0.07199868352468518,0.20685580846528548,2.0643645192230143e-05
1709,0.31969024933679513,0.31969024933679513,0.22036487484983291,2.475206085707889e-05,0.19195459687365937,0.19195459687365937,0.09307637621994488,0.22036487484983291,0.10314307646141502
1710,0.13497810622267503,0.13497810622267503,0.10018994483267704,0.13497810622267503,4.69774996122272e-06,0.43399385899331655,0.4879272517249841,4.69774996122272e-06,4.69774996122272e-06
1711,0.6409612751481921,2.0430292901577273e-05,0.15494691059905488,0.08072727208914639,0.08072727208914639,0.08072727208914639,0.15494691059905488,0.07931776775644521,2.479619558074439e-05
1712,0.12022381533699936,0.12022381533699936,0.1522108136929591,0.1469429133345372,0.10421708399565935,0.1469429133345372,0.1522108136929591,2.463617717775454e-05,0.12022381533699936
1713,0.21958190036252492,0.21958190036252492,0.43758048603970084,0.03509781114759591,0.15175348804046085,0.15175348804046085,0.07901714523209193,0.09094178131583297,0.03509781114759591
1714,0.13763477933584445,0.13763477933584445,0.08110675840097747,0.09324220315068196,0.08881650670209953,0.09324220315068196,0.13763477933584445,0.4834022665486536,0.09324220315068196
1715,0.30833728413310674,0.30833728413310674,0.20622122924983247,0.20589490109903735,2.040977978927229e-05,0.037130493389414175,0.037130493389414175,0.20622122924983247,0.20589490109903735
1716,0.3176865152573767,0.3176865152573767,0.0777501777984807,0.0777501777984807,0.5458130297177851,0.0777501777984807,0.0777501777984807,0.07965360051024406,2.458307668450389e-05
1717,0.13546861100541494,0.13546861100541494,0.4932871431952472,0.15318705777297884,0.09118652975518043,0.15318705777297884,0.035156371446958976,0.035156371446958976,0.13546861100541494
1718,0.12292681739860122,0.12292681739860122,0.4378947143980256,7.314947658210099e-06,0.09997619326194297,0.12292681739860122,0.4157735317052039,7.314947658210099e-06,2.514630561917796e-05
1719,0.22093561324805197,0.22093561324805197,0.08311784360958371,0.051976134463401484,0.051976134463401484,0.08311784360958371,0.051976134463401484,0.08311784360958371,0.051976134463401484
1720,0.2222408088857302,0.2222408088857302,0.15477116008925584,0.15035317281568242,0.09884390723581699,0.07921802216035881,0.08996760034518325,0.15477116008925584,0.15035317281568242
1721,0.08961041997358755,0.08961041997358755,0.4831551411192857,0.0800280860874034,0.1712052666865573,0.1712052666865573,0.08961041997358755,0.08961041997358755,2.4900043888384807e-05
1722,0.30545201934311916,0.30545201934311916,2.067352718255306e-05,0.11124235398505675,0.11124235398505675,0.11124235398505675,2.478054208143135e-05,0.09147316319622585,0.5859188489831223
1723,0.31748332408640195,0.31748332408640195,0.11929115748993568,0.11929115748993568,0.5479603886557324,0.11929115748993568,2.0651983397300656e-05,0.08933348941726194,0.1025481111866947
1724,0.13741151370487245,0.13741151370487245,0.1737517375367195,0.15454018249282675,0.1737517375367195,0.13741151370487245,0.08131456565873345,0.08953247743835092,0.15454018249282675
1725,0.12258326354589995,0.12258326354589995,0.4381127487865487,0.08044825597495518,0.08044825597495518,0.09920494663769833,0.08044825597495518,0.08030439869277367,0.12258326354589995
1726,0.12052693091105088,0.12052693091105088,0.15349006914842356,0.1467122582596148,0.1467122582596148,2.4717184408570693e-05,0.15349006914842356,0.12052693091105088,0.09811384458935851
1727,0.22279222353088776,0.22279222353088776,0.09870117428877642,0.14876274497455663,0.14876274497455663,2.049225305269199e-05,0.09988864281147801,0.08052605213441992,2.4826510708595482e-05
1728,0.25320484866128495,2.0848088997183664e-05,0.16891032313299867,0.16891032313299867,0.1027539515996115,0.03184864586576066,0.25320484866128495,0.03184864586576066,0.4826375156289175
1729,0.1654534528325529,0.1654534528325529,0.20828154061010035,0.20399555987046278,0.20399555987046278,0.20828154061010035,0.0999756220550498,2.0742262803508223e-05,0.1654534528325529
1730,0.32102276913568867,0.32102276913568867,0.21902764675103975,0.550825134674608,0.036026790617578935,0.21902764675103975,0.032045097879086784,0.036026790617578935,0.032045097879086784
1731,0.09838967927857042,0.02841154771420437,0.17324130217969935,0.032136728692019584,2.448271715016223e-05,0.10373333382074564,0.17324130217969935,0.02841154771420437,0.032136728692019584
1732,0.12260540370851887,0.12260540370851887,0.08402294511472318,0.08146947379822343,0.08146947379822343,0.08146947379822343,0.12260540370851887,0.08402294511472318,0.08402294511472318
1733,0.12030660202368694,0.12030660202368694,0.43264206584559783,0.14830246546637077,0.10338142184968964,0.12030660202368694,0.14830246546637077,7.300455055164433e-06,7.300455055164433e-06
1734,0.22270740751194418,0.22270740751194418,0.15417428811060893,0.14877004993843992,0.14877004993843992,0.15417428811060893,0.07709699437107484,0.10431064487035037,2.0702998777138346e-05
1735,0.13744795682592875,0.13744795682592875,0.028948584199865884,0.48496905518125705,2.0649987385234425e-05,0.028948584199865884,0.4762154623039207,0.09166611731547351,0.13744795682592875
1736,0.3086742635272641,0.3086742635272641,0.11254918780966484,0.20627963814818862,0.1027904961034401,0.11254918780966484,0.11254918780966484,0.09913333156707664,0.20627963814818862
1737,2.504580432236277e-05,0.8950826850754522,0.19297787290075294,0.19297787290075294,0.028556284719333695,0.10121478854307564,0.10380837610014611,0.028556284719333695,0.09028217663854236
1738,0.0879357769483908,0.0879357769483908,0.17250518634001502,0.15489146416072333,0.15489146416072333,0.0879357769483908,0.17250518634001502,0.0879357769483908,0.10395372910897907
1739,0.07988101796947478,0.07988101796947478,0.07988101796947478,0.05245812182763147,0.09989642253477618,0.05245812182763147,0.05245812182763147,0.05245812182763147,0.07988101796947478
1740,0.11966471591311961,0.11966471591311961,0.1522968125876985,0.14749890450065822,0.14749890450065822,0.1522968125876985,0.11966471591311961,0.0327153410690972,0.0327153410690972
1741,0.12100844273843832,0.12100844273843832,0.43861092351150177,0.42155762812035646,0.027768101281234463,0.10288122628701775,2.4978078348213507e-05,0.027768101281234463,0.12100844273843832
1742,0.2540322253666475,0.2540322253666475,0.16935249121410773,0.1725164456563486,0.1725164456563486,0.16935249121410773,2.0834207886861907e-05,0.100618063857208,2.500598961454705e-05
1743,0.03191717192456334,0.8790476530773267,0.20480582259373858,0.2054938621572248,0.2054938621572248,0.20480582259373858,0.0352272898205378,0.0352272898205378,0.03191717192456334
1744,0.31667417440414497,0.03673980739995593,0.2184971550640591,0.19430379008124596,0.19430379008124596,0.0997445788046515,0.2184971550640591,0.31667417440414497,0.03673980739995593
1745,0.2495686364256746,0.2495686364256746,0.17159705796343708,0.08445273548946078,0.08445273548946078,0.17159705796343708,0.092064066395559,0.0801235174811114,0.08445273548946078
1746,0.122908339462014,0.122908339462014,0.15522253381218418,0.08002127774804527,0.08002127774804527,0.122908339462014,0.079480818265879,0.08002127774804527,0.15522253381218418
1747,0.11943299914240012,0.11943299914240012,0.43390925541453357,2.088816228271173e-05,0.08071434681062423,0.08071434681062423,0.11943299914240012,0.10497693493322449,0.08071434681062423
1748,0.22251540204610648,0.22251540204610648,0.15444512654572068,0.4227743034071353,0.031305443639143,0.031305443639143,0.15444512654572068,2.474727320256875e-05,0.10175059577825898
1749,0.1367519859528886,0.1367519859528886,2.4961432276194326e-05,0.03695642860711574,0.1367519859528886,0.16811418220976482,0.03695642860711574,0.48591849781437096,0.16811418220976482
1750,0.30937196304745285,0.30937196304745285,0.5916310857463898,0.11104896150112918,0.11104896150112918,0.10439143841720537,0.11104896150112918,0.09071129128021692,2.4873352814470067e-05
1751,0.035425793535928445,0.8962125056678132,0.03265456682060015,7.315051559969691e-06,0.035425793535928445,0.2199210281296327,0.2199210281296327,7.315051559969691e-06,0.03265456682060015
1752,0.24813845770974913,0.24813845770974913,0.17306792813501182,0.43618552468296906,0.03590495268080867,0.17306792813501182,0.03590495268080867,0.09127071440850011,2.484497494315182e-05
1753,0.12254700045933156,0.09979658109648576,0.4384243264513936,0.14747715519562157,0.14747715519562157,0.08080089263890838,0.12254700045933156,0.12254700045933156,2.0867212833755674e-05
1754,0.22107716427484506,0.08080241060963543,0.4318483352289583,0.08080241060963543,0.08080241060963543,0.22107716427484506,0.09038594064189422,2.08466322971433e-05,0.10554674295636017
1755,0.12043847896254142,0.12043847896254142,0.1549880561712776,8.88234111609351e-06,8.88234111609351e-06,0.12043847896254142,0.1549880561712776,2.084174754711504e-05,0.09960477130818801
1756,0.25300852469409507,0.25300852469409507,0.16828725000372569,0.17250660142861052,0.17250660142861052,0.16828725000372569,0.015141148331147481,0.015141148331147481,0.015141148331147481
1757,0.10966785149612208,0.10966785149612208,0.5821447678096775,0.5813154388825742,0.10966785149612208,8.766905052360518e-06,8.766905052360518e-06,2.0607151946699764e-05,0.10966785149612208
1758,0.3188739468326255,0.3188739468326255,0.6176523546611397,0.1042467264501635,0.1042467264501635,7.329434433183177e-06,7.329434433183177e-06,0.08058135808161558,0.1042467264501635
1759,0.13561634144896287,0.13561634144896287,0.03865812575694514,0.03865812575694514,0.03865812575694514,0.03865812575694514,0.03865812575694514,0.13561634144896287,0.10171208194897743
1760,0.22561397027213673,0.22561397027213673,0.43424881253598946,0.09148812174500265,0.1475102764501396,0.09899833191102524,0.10476593535213961,0.1475102764501396,2.465971160786261e-05
1761,0.22027546482142563,0.22027546482142563,0.08294743440640472,0.08055830633126874,0.08055830633126874,0.08294743440640472,0.08294743440640472,0.08055830633126874,0.10428063489355721
1762,0.08357306290924123,0.08357306290924123,0.6510531208596082,0.09275361664782698,0.6179609301872698,0.08357306290924123,0.08357306290924123,0.08357306290924123,2.5051708766430056e-05
1763,0.2533865200244761,0.2533865200244761,0.476297576766998,0.16944296911502266,0.10053880051876883,0.10636712067651716,0.09065043951687415,0.16944296911502266,2.4682673082296664e-05
1764,0.2436149728320844,0.2436149728320844,0.20632156304541172,0.11233819557658596,0.11233819557658596,0.20632156304541172,0.10321103551743219,2.4541088080022206e-05,0.11233819557658596
1765,0.24535094195321416,0.24535094195321416,0.16777735771478694,0.19280962021529818,7.2636066496277015e-06,0.16777735771478694,0.19280962021529818,7.2636066496277015e-06,0.10425603552811263
1766,0.2523384448928221,0.2523384448928221,0.17395289555042975,0.08353016803053663,0.08353016803053663,0.08353016803053663,0.17395289555042975,0.10077256504066201,0.08203029454040321
1767,0.6396931434839084,2.0905574003813922e-05,0.08013454596307386,0.08013454596307386,0.08013454596307386,0.07839834399567082,0.10415006793354649,0.09944296396669747,2.498638032640696e-05
1768,0.1185926277245026,0.1185926277245026,0.43842040032532836,0.42257851720011663,0.019210127100861275,0.019210127100861275,0.1185926277245026,2.099418127626272e-05,0.019210127100861275
1769,0.22173146761553214,0.22173146761553214,0.0839050412083158,0.14974012440627393,2.0689036879842192e-05,0.0839050412083158,0.08157319014865243,0.14974012440627393,0.0839050412083158
1770,0.2525467494544349,0.2525467494544349,0.48313738443524645,0.09349893289178135,0.032222922047130405,0.032222922047130405,0.09349893289178135,0.09349893289178135,0.10667703496608977
1771,0.10908211185733331,0.10908211185733331,0.20685843490322223,0.5750641117717994,0.10908211185733331,0.10908211185733331,0.20685843490322223,0.08845707810231337,0.10408834954733127
1772,0.17294917542183416,0.17294917542183416,0.22007863842345474,0.028049548668876646,0.17294917542183416,0.1047041341006888,2.4587639037823123e-05,0.22007863842345474,0.028049548668876646
1773,0.1358582271390659,0.1358582271390659,0.10234611930091325,0.15448764014457603,0.15448764014457603,0.47972631052168335,7.372287223013247e-06,7.372287223013247e-06,0.1358582271390659
1774,0.12289317871311406,0.12289317871311406,0.15414880865217048,0.42002468487560457,0.03487585983480549,0.15414880865217048,0.03487585983480549,2.4705949026103893e-05,0.12289317871311406
1775,0.21841059136197027,0.21841059136197027,0.1038529943840957,0.1491003228355118,2.0787548611388468e-05,0.43090121770301293,0.09190610780113781,0.1491003228355118,2.484128980738849e-05
1776,0.1206879953074359,0.1206879953074359,0.1048886740055464,0.4213341508793622,2.4632497327704505e-05,0.43764003596781687,0.1206879953074359,0.03179851789349004,0.03179851789349004
1777,0.1386649746084673,0.1386649746084673,0.09237701911339696,8.697455580202459e-06,0.48638151604967855,0.09237701911339696,0.09237701911339696,0.1386649746084673,8.697455580202459e-06
1778,0.3092457241893321,0.3092457241893321,0.20650226327170354,0.11249503518197199,0.11249503518197199,0.20650226327170354,0.0366937551550308,0.11249503518197199,0.0366937551550308
1779,0.1730042994867694,0.1730042994867694,0.2197020655815258,0.1914808283492035,0.07954928466263146,0.2197020655815258,0.1914808283492035,2.4822898111575673e-05,0.1730042994867694
1780,0.24975057850031454,0.24975057850031454,0.17178206426641118,0.08465423901450658,0.08465423901450658,0.17178206426641118,0.080968818738699,0.08465423901450658,0.10439902948781854
1781,0.2260872280815759,2.1254713800993878e-05,0.15597306316866866,0.14824440422597052,0.14824440422597052,0.15597306316866866,0.2260872280815759,0.08076590474592384,0.09189980518518565
1782,0.22155619847980484,0.22155619847980484,0.15257903573468046,0.0807882936662476,0.0807882936662476,0.15257903573468046,0.0807882936662476,0.032492202153482794,0.032492202153482794
1783,0.22159964071002322,0.22159964071002322,0.15511390850298476,0.09935764597508531,0.08179221027786171,0.15511390850298476,0.09046294884895091,0.08179221027786171,0.08179221027786171
1784,0.1380802447055133,0.1380802447055133,0.09250077676181738,0.17125697702021317,0.17125697702021317,0.09250077676181738,0.09250077676181738,0.1380802447055133,0.07871692444875075
1785,0.30934861356629334,0.30934861356629334,0.5922408076858943,0.2051144430642164,0.07902167840626796,0.2051144430642164,0.035422286335561014,0.1041472447219878,0.035422286335561014
1786,0.17291536170520372,0.17291536170520372,0.6173604871153124,0.06859079333018431,0.06859079333018431,0.06859079333018431,0.17291536170520372,0.06859079333018431,0.10510560571289712
1787,0.08744028425594477,0.08744028425594477,0.03500798171524871,0.15385104934607927,0.08744028425594477,0.08744028425594477,0.07967364494567321,0.03500798171524871,0.15385104934607927
1788,0.2253091178233909,0.2253091178233909,0.15533925108468563,0.08031761960339864,0.08031761960339864,0.15533925108468563,2.4269543399403383e-05,0.08031761960339864,0.09257703807332952
1789,0.2931829712859797,0.2931829712859797,0.1534283797689287,0.4179799837275033,0.10083673558158221,0.07886283896829528,7.413322316647082e-06,0.1534283797689287,7.413322316647082e-06
1790,0.02089832741738192,0.1806239771830972,0.6301543539716996,0.1806239771830972,0.09943500449502982,0.02089832741738192,0.02089832741738192,0.02089832741738192,0.1806239771830972
1791,0.1211677173170427,0.1211677173170427,0.28420385750728505,0.7630135808393534,0.1711106271179215,0.28420385750728505,0.1211677173170427,0.08118599937086429,0.1211677173170427
1792,0.0,0.0,0.0,0.0,0.0,0.0,0.0,0.10000863796326805,0.08061851030276791
1793,0.17428916668458785,0.17428916668458785,0.6213355442400432,0.10624032560762903,0.16926215667149455,0.10624032560762903,0.10624032560762903,0.17428916668458785,0.0804863519493423
1794,0.2516854400513837,0.2516854400513837,0.01130834604734974,0.15497378431771505,0.15497378431771505,2.4381296998398547e-05,0.01130834604734974,0.01130834604734974,0.01130834604734974
1795,0.08105843474578957,0.2272471084328907,0.08890819167444554,7.456391083043847e-06,0.14794648729537166,7.456391083043847e-06,0.2272471084328907,0.14794648729537166,2.4418772730190777e-05
1796,0.12007182494020834,0.12007182494020834,0.4327699163133858,0.1491317710682972,2.095448559558984e-05,0.12007182494020834,0.10143527749399253,0.1491317710682972,0.09082968561532756
1797,0.22084125448206646,0.22084125448206646,0.08382891041133636,0.08167710538030531,0.08167710538030531,0.10018722308014763,0.08167710538030531,0.08382891041133636,0.08382891041133636
1798,0.3391116652734111,0.3391116652734111,0.13487209981697085,0.7360357882974643,0.09120888430980201,0.13487209981697085,0.07995254730958143,0.13487209981697085,0.1671702401965267
1799,0.31004738861720343,0.03197401933411773,0.2039455707474034,0.1113301457885751,0.1113301457885751,0.03197401933411773,0.31004738861720343,0.1113301457885751,0.2039455707474034
1800,0.17380900678879455,0.17380900678879455,0.48691795927534887,0.06841018192749526,0.06841018192749526,0.06841018192749526,0.17380900678879455,0.08006189044341488,0.06841018192749526
1801,0.1362097608207263,0.1362097608207263,0.09372104530640042,0.1362097608207263,0.15576360737972061,0.09372104530640042,0.09372104530640042,0.16555696658711802,0.15576360737972061
1802,0.15590930958974147,0.6415516628282006,0.15590930958974147,0.10043836053182008,0.14787626344888688,0.08092566272934051,0.05939331350508829,0.14787626344888688,0.05939331350508829
1803,0.08134312225703416,0.1205118824498367,0.42605922220303366,0.14811490986693748,0.14811490986693748,0.1205118824498367,0.1205118824498367,0.0909839222045897,2.128998392349841e-05
1804,0.2212817187053558,0.2212817187053558,0.43775893114168696,0.0887063209793035,0.42405844826335143,0.03532731749740072,8.7407006686278e-06,8.7407006686278e-06,0.03532731749740072
1805,0.2518093448110351,0.2518093448110351,0.09117033391272093,0.48504288603339485,0.10070791227476009,0.09117033391272093,2.110258768270158e-05,0.09117033391272093,0.08903845704746588
1806,0.16783076954897394,0.16783076954897394,0.20896877790506546,0.03540210938411866,0.20648927260775674,0.20648927260775674,0.03540210938411866,0.20896877790506546,0.16783076954897394
1807,0.07922511465196587,0.31880080192514393,0.6179602662567419,0.10454985786252818,0.10454985786252818,0.10454985786252818,0.08928026706968671,0.31880080192514393,0.09871188987624517
1808,0.08770725602126002,0.08770725602126002,0.4906525652435886,0.05491730058405388,0.05491730058405388,0.08770725602126002,0.05491730058405388,0.05491730058405388,0.08770725602126002
1809,0.22651814163091652,0.22651814163091652,0.15525741062918977,0.4184706175829222,0.10204414835052383,0.16897884219271006,0.15525741062918977,0.07943202994045133,2.1128328539021344e-05
1810,0.22057370233391388,0.05889717602957531,0.15281090669180947,0.14687173231675274,0.14687173231675274,0.15281090669180947,0.08021077334726028,0.22057370233391388,0.05889717602957531
1811,0.11999571901031626,2.448656130966458e-05,0.43762556593442653,0.42201758653312965,0.09137104096690978,0.16250405420987332,0.11999571901031626,0.08086044819294698,0.11999571901031626
1812,0.25282008913299414,0.25282008913299414,0.09172420577258904,0.09172420577258904,0.09044956056795936,0.1707502147721378,0.09172420577258904,2.1193763557658516e-05,0.09877837231029354
1813,0.30787386652636195,0.30787386652636195,0.5859333383321336,0.5759749739399697,2.0917740231647374e-05,0.02812843343124791,0.0585397978172457,0.0585397978172457,0.02812843343124791
1814,0.9025238462415033,0.05841244771925707,0.6182955795488583,0.19134702287044777,7.409819114865769e-06,0.19134702287044777,0.09091217076579042,0.05841244771925707,7.409819114865769e-06
1815,0.032013474632188794,0.7028439883681388,0.0934882601849696,0.0934882601849696,0.08477297840802837,0.0934882601849696,0.08477297840802837,0.032013474632188794,0.08477297840802837
1816,0.22698561516971322,0.22698561516971322,0.43845301471416864,0.14867194102029274,0.14867194102029274,0.1651368661643599,0.10059960157599188,2.4378902346478427e-05,2.1300875336740516e-05
1817,0.1192084468748503,0.1192084468748503,0.43046402913269777,0.08077669994652313,0.08077669994652313,0.08077669994652313,0.1192084468748503,2.4813543662420456e-05,0.08994140516128576
1818,2.1085232013361884e-05,0.12072074977169747,0.4363557194546181,0.16818714443590085,0.4184775115189748,0.12072074977169747,0.027777371104360623,0.12072074977169747,0.027777371104360623
1819,0.2527066341653303,0.2527066341653303,2.1166205335123186e-05,0.1690608198206536,0.1690608198206536,0.17176998413343997,0.47665591103691923,0.07784531083734171,0.1002227996379868
1820,0.16873620043343884,0.16873620043343884,0.07930557787880226,0.2042186712819594,0.2042186712819594,0.08966216580048374,0.20846851397148064,0.16873620043343884,0.20846851397148064
1821,0.3178401749706292,0.3178401749706292,2.0934372118209446e-05,0.5432637100608018,0.05907487892505583,0.05907487892505583,0.6183694215412019,0.07959008991817813,0.08842007621516393
1822,0.1363708872236044,0.1363708872236044,0.09361752882077094,0.09224480069879192,2.092496173184951e-05,0.09361752882077094,0.09361752882077094,0.1363708872236044,2.4705621711050817e-05
1823,0.12188209718301325,0.12188209718301325,0.08430307044994988,0.4179929162494441,0.12188209718301325,0.034821118813194524,0.08430307044994988,0.08430307044994988,0.034821118813194524
1824,0.2199150803816214,0.2199150803816214,0.03252765808432869,0.07817667297134642,0.4166931941585802,8.680484571742752e-06,8.680484571742752e-06,0.10045462929559745,0.03252765808432869
1825,0.12137274977462656,0.12137274977462656,2.4616635733770446e-05,0.42340583609736404,0.09159252459769572,7.499490768627183e-06,7.499490768627183e-06,0.4345486995346239,0.12137274977462656
1826,0.13742809538167453,0.13742809538167453,0.17047270225011701,0.17081475585813383,0.17081475585813383,0.13742809538167453,0.17047270225011701,0.0993688104281406,0.09181324553621371
1827,0.30711053803786825,0.30711053803786825,0.5819032744343904,2.113199970275676e-05,0.11243138067830283,0.11243138067830283,0.11243138067830283,0.09927344978009167,0.16773402721829533
1828,0.17268609146498776,0.17268609146498776,0.0972987044734815,0.19261476518728546,0.19261476518728546,0.6169303336526367,0.16736002010054474,2.088569777192182e-05,0.17268609146498776
1829,0.08841564087408887,0.08841564087408887,0.17296576217686896,0.15551072179255462,0.15551072179255462,0.17296576217686896,0.08841564087408887,0.16954841888289982,0.08841564087408887
1830,0.12237664095012642,0.12237664095012642,0.15679247646258956,0.14881074889402146,0.14881074889402146,0.15679247646258956,0.09287863725739294,0.12237664095012642,0.16219608851893916
1831,0.22031705914813132,0.22031705914813132,0.15369465968047857,2.0885572101565656e-05,0.4209643146098003,0.15369465968047857,0.10021552441597863,2.4501127099101288e-05,0.07966682886464811
1832,0.07828379800946317,0.07828379800946317,0.08418580165284892,0.08941047804306831,0.07828379800946317,0.08418580165284892,0.08418580165284892,0.07828379800946317,0.10112725128435351
1833,0.2544337080655968,0.2544337080655968,0.09188752256812772,0.08926339282937348,0.09188752256812772,0.09188752256812772,0.05970283536900252,0.48382773683768865,0.05970283536900252
1834,0.16883326950619687,0.16883326950619687,2.1167952423778976e-05,0.2060666553835499,0.5841524892734223,0.16883326950619687,0.08152419950823524,0.16967965919381797,0.2060666553835499
1835,0.36308073688314285,0.36308073688314285,0.08000194380208041,0.08000194380208041,0.08000194380208041,0.09104470553110426,0.08000194380208041,0.07925719831090712,0.16328341245851957
1836,0.13659066867467423,0.13659066867467423,8.57437365764135e-06,0.08316180705712077,0.08316180705712077,0.08316180705712077,0.13659066867467423,8.57437365764135e-06,0.09000154757145176
1837,0.22518458897600227,0.22518458897600227,2.1225180070087104e-05,0.07912405653488065,0.03211989263797928,0.154393194055335,0.03211989263797928,0.154393194055335,0.16777887548117343
1838,0.11993680599040872,0.11993680599040872,0.434976425230509,0.16797944440332516,0.14803823585647546,0.11993680599040872,0.10053346427938524,2.1000667424573015e-05,0.14803823585647546
1839,0.07875710582815573,0.07875710582815573,0.08417637655922428,2.413506412320484e-05,0.42244466379205725,0.08417637655922428,0.08417637655922428,0.07875710582815573,0.07875710582815573
1840,0.13626110001298294,0.13626110001298294,0.16872586996293876,0.16899189922447008,0.16899189922447008,0.07947530322972447,2.4278105486225027e-05,0.16872586996293876,0.13626110001298294
1841,0.8775772419917967,0.20452130525201145,0.5899177555051777,0.20452130525201145,7.5387306758081515e-06,0.16765023567745405,7.5387306758081515e-06,2.4629401424536655e-05,0.08164570965550816
1842,0.1712309892010359,0.1712309892010359,0.6189238124125627,0.5402518956175039,0.059297669699646026,0.059297669699646026,0.1712309892010359,0.09992237158276418,2.436037085437e-05
1843,0.24710511211717323,0.24710511211717323,0.48645329539364457,0.05422866890381765,0.09944830675406405,0.05422866890381765,0.05422866890381765,0.05422866890381765,0.08017091062016199
1844,0.14387892984456918,0.14387892984456918,0.1553420972320313,0.42492014152994234,0.08995514641381708,0.14387892984456918,0.16475060727817076,2.108396694660684e-05,0.1553420972320313
1845,0.22082714949573906,0.22082714949573906,0.028379373986359754,0.14828713650359587,0.09927689602123273,0.43202947288812715,0.028379373986359754,0.14828713650359587,2.4295126843407868e-05
1846,0.22193178548127312,0.22193178548127312,0.08455798415921956,0.14771082039350286,0.14771082039350286,0.08455798415921956,0.08455798415921956,2.12570682630605e-05,0.08142878660884206
1847,0.1379316226565317,0.1379316226565317,0.1008455210833422,0.48739459309903704,0.059490957355311416,0.47124188674899725,0.1379316226565317,2.1312786658018862e-05,0.059490957355311416
1848,0.30561963494513045,0.30561963494513045,0.20707005113910287,0.20696136345669486,0.09108269048066257,0.20707005113910287,0.10058748259845149,0.20696136345669486,2.4669909221396364e-05
1849,0.3177810230910137,0.3177810230910137,0.21987645031419056,0.1958662296176173,0.1958662296176173,0.21987645031419056,0.16721569605433045,2.1259461779437508e-05,0.08014118744644727
1850,0.24722836979506216,0.24722836979506216,0.0353075090774099,0.0353075090774099,0.43989482761864523,0.17339631021507104,0.09368646867638346,0.07980984039375277,0.17339631021507104
1851,0.22614446089261203,0.22614446089261203,0.1552711569489115,0.05215531045018365,0.05215531045018365,0.1552711569489115,0.05215531045018365,0.0801171737570893,0.05215531045018365
1852,0.12042431301529072,0.12042431301529072,0.08346337081827529,0.08115301353439851,0.08115301353439851,0.08346337081827529,0.12042431301529072,0.08346337081827529,0.08115301353439851
1853,0.22218634182119879,0.22218634182119879,0.1553193835778928,0.15074620960438687,0.15074620960438687,0.09904090968048544,0.1553193835778928,0.1654528465457658,0.08935035581223257
1854,0.2523431847837653,0.2523431847837653,0.4827819361496807,0.1693087855057967,0.1693087855057967,0.09166438985656798,0.17219005143190694,0.10128481543264095,0.08021210737037117
1855,0.3056907221927611,0.3056907221927611,0.2073113832991651,0.08858816456221265,0.03540036552790558,0.2073113832991651,0.03540036552790558,0.5817179773988107,0.16372978052429896
1856,0.32115007775124105,0.32115007775124105,8.596350544737245e-06,0.5417501576495575,8.596350544737245e-06,0.6145437829210455,0.014904350312470225,0.014904350312470225,0.014904350312470225
1857,0.2533205415407594,0.2533205415407594,0.17220624743755442,0.15324354907797322,0.15324354907797322,0.17220624743755442,8.678470641443536e-06,8.678470641443536e-06,0.16778138338535317
1858,0.12326307983538579,0.12326307983538579,0.08393850363452839,0.09134418199639524,0.07785008389206889,0.08393850363452839,2.120751667076233e-05,0.12326307983538579,0.08393850363452839
1859,0.22095575820646376,0.22095575820646376,0.038914583462466214,0.1494766980120411,0.038914583462466214,0.038914583462466214,0.038914583462466214,0.038914583462466214,0.1494766980120411
1860,0.05628417365532639,0.05628417365532639,0.4351806931929656,0.07952164873598061,0.4255903723200276,0.05628417365532639,0.05628417365532639,2.1330831181391524e-05,0.05628417365532639
1861,0.13710150021981538,0.13710150021981538,0.09246693686003295,0.07767938752799881,0.09246693686003295,0.09246693686003295,0.08854046964392984,0.13710150021981538,2.1384570007944142e-05
1862,0.3080643009336413,0.3080643009336413,0.02863284258101019,0.5857017136394993,0.586468081681953,0.02863284258101019,0.05967358447771739,0.05967358447771739,0.08722804914531247
1863,0.16506630242762876,0.9048865190688721,0.02864338269350641,0.04869883251800209,0.04869883251800209,0.04869883251800209,0.04869883251800209,0.04869883251800209,0.02864338269350641
1864,0.03155588543404302,0.7053390520443658,0.17287812769385982,0.15486573550265526,2.4333589712168287e-05,0.09967360173649868,0.17287812769385982,0.03155588543404302,0.15486573550265526
1865,0.12361053982044386,0.12361053982044386,0.15629407505372386,0.17105462347006767,0.41863782104671393,0.15629407505372386,0.09900581031083679,0.08800628733500246,0.12361053982044386
1866,0.12053040924234681,0.12053040924234681,0.429917154238399,4.679874517561249e-06,4.679874517561249e-06,0.16390841723496638,0.12053040924234681,4.679874517561249e-06,0.0786155525172174
1867,0.1639620123144159,0.6288364126103926,0.15524177557529972,0.4271766255110689,0.15524177557529972,2.444950883614643e-05,0.032493209266102975,2.153096518270101e-05,0.032493209266102975
1868,0.2534180458595171,0.2534180458595171,0.48136714861026353,2.4667655238606008e-05,0.03196667688868771,2.1327288140052824e-05,0.028639580884686364,0.03196667688868771,0.028639580884686364
1869,0.30950653459524746,0.30950653459524746,0.5874525344026557,0.5779551970488871,0.034990622660489974,0.09128330206582662,0.16719763855026573,2.4407612481856894e-05,0.034990622660489974
1870,0.1129200824952745,0.1129200824952745,0.6142512306846106,0.19279433613519367,0.1129200824952745,0.1662867957493493,0.19279433613519367,0.1129200824952745,2.4534201591370535e-05
1871,0.25110193636605055,0.0842767669720365,0.09452450722939483,0.0842767669720365,0.0842767669720365,0.09452450722939483,0.09452450722939483,2.1404134000480068e-05,0.25110193636605055
1872,0.12339335034485699,0.12339335034485699,0.43593155883710416,0.1470034000378057,0.09966065015270464,0.12339335034485699,2.43114594189791e-05,0.1470034000378057,0.1674201047357172
1873,0.22003402545540118,0.22003402545540118,0.43375048125736304,0.09215342048532957,0.41643493671212783,0.05948360554370648,2.1211698633193327e-05,0.05948360554370648,2.429408708340498e-05
1874,0.22230920285018152,0.22230920285018152,0.15532974937505814,0.05280864046659379,0.05280864046659379,0.05280864046659379,0.05280864046659379,0.15532974937505814,0.16562382781937726
1875,0.13830287263876923,0.13830287263876923,0.09218570883487942,0.48620931303954534,0.08121526671798387,0.09218570883487942,0.13830287263876923,0.09218570883487942,2.4286143862279322e-05
1876,0.16773884184593868,0.16773884184593868,0.5835498541017373,0.01913002708079673,0.5829990949820865,0.01913002708079673,0.16577495826540076,0.16773884184593868,0.01913002708079673
1877,0.11301089361497366,0.11301089361497366,0.6249844226728622,0.5468007419295736,2.4719406256358417e-05,0.11301089361497366,0.0355136251768672,0.0355136251768672,0.11301089361497366
1878,0.7102811455080014,0.08395561405956677,0.0937828441703135,0.08395561405956677,0.08395561405956677,0.0937828441703135,0.0937828441703135,2.1511489231841048e-05,0.09016287777520321
1879,0.22468986574073907,0.22468986574073907,2.1525464562230764e-05,0.1473099992577518,0.02849968736845346,0.09155687921852665,0.162912152823343,0.1473099992577518,0.02849968736845346
1880,0.11949338238551237,0.11949338238551237,0.032033349024679254,0.08075498516746542,0.08075498516746542,0.08075498516746542,0.11949338238551237,0.07928574135197376,0.032033349024679254
1881,0.2192826625228262,0.2192826625228262,0.1541117769661194,0.42181060677114096,0.09994981738094152,0.08100712112305895,0.0893284979306593,2.470669018540648e-05,0.1541117769661194
1882,0.1376365062297568,0.1376365062297568,0.16895722312318676,0.17032046026661393,0.17032046026661393,0.1376365062297568,0.08114098530487467,0.09983967116675856,0.16895722312318676
1883,0.3102468279151752,0.3102468279151752,0.07350840815805469,0.11186645320261807,0.07350840815805469,0.07350840815805469,0.11186645320261807,0.07350840815805469,0.11186645320261807
1884,0.37828018911674777,0.37828018911674777,0.22025181453033865,0.12440319264513354,0.12440319264513354,0.060303568115264945,0.22025181453033865,0.060303568115264945,0.12440319264513354
1885,0.24908137497128643,0.24908137497128643,0.4907307954995535,0.08355647461521148,0.08355647461521148,0.08355647461521148,0.05911222436564524,0.05911222436564524,2.421890384157374e-05
1886,0.0678970501870637,0.0678970501870637,0.43474823647698263,0.41708159585927024,8.691967018120429e-06,0.0678970501870637,0.0678970501870637,8.691967018120429e-06,0.09904824263458664
1887,0.052026512746523486,0.21854937224459808,0.052026512746523486,0.052026512746523486,0.052026512746523486,0.4365989190661524,0.09802929290137088,0.21854937224459808,0.08911898301134509
1888,0.6269670792225835,0.08935178517899513,0.08476969231312352,0.1486931351022356,0.1486931351022356,0.08476969231312352,0.08476969231312352,2.142224938253464e-05,0.16901797273080535
1889,0.13659581559405745,0.13659581559405745,0.1706635796833933,0.17081698285416141,0.17081698285416141,0.1706635796833933,2.4310928072750174e-05,0.1012539843905076,0.13659581559405745
1890,0.16768665856192894,0.16768665856192894,0.2064330645106503,0.5806202694861516,0.09182200769260887,0.2064330645106503,2.144559437066611e-05,0.16768665856192894,0.16385336218473545
1891,0.31871672485561514,0.31871672485561514,0.6126538791400737,0.5464446581713662,0.017337208116764907,0.017337208116764907,0.017337208116764907,0.16829085625167436,2.138718399637837e-05
1892,0.25135492184535346,0.25135492184535346,0.17330829192022357,0.18444708265606866,2.453730100047246e-05,0.17330829192022357,0.18444708265606866,0.17090348053012985,0.07789039099476965
1893,0.121683972327463,0.121683972327463,0.0155724844884744,0.4192683904405729,0.121683972327463,0.15555984363109743,0.0155724844884744,0.0155724844884744,0.15555984363109743
1894,0.2188400849754827,0.2188400849754827,0.15273562096617485,0.032300497646610596,0.4183897944071142,0.0802413949176975,0.15273562096617485,0.032300497646610596,0.10067183017521016
1895,0.22130153215133502,0.22130153215133502,0.0533560500556777,0.0533560500556777,0.0533560500556777,0.03594587184750663,0.0533560500556777,0.03594587184750663,2.1397079004911637e-05
1896,0.08921719450242596,0.08921719450242596,0.4786736570888819,0.0927538908590293,0.0927538908590293,0.0927538908590293,0.08921719450242596,0.08096513197743278,0.08921719450242596
1897,0.11021690619811375,0.11021690619811375,0.5862326894730233,0.5803204439391206,0.035023717834558266,2.4154264046588084e-05,0.035023717834558266,0.11021690619811375,0.11021690619811375
1898,0.1738688212984248,0.1738688212984248,0.22011967318010656,0.5475329773895035,0.1738688212984248,0.22011967318010656,0.1679512538238247,0.03607927600765605,0.03607927600765605
1899,0.2502053077309902,0.2502053077309902,7.563624418642304e-06,0.15418079537407436,0.15418079537407436,7.563624418642304e-06,0.4876715509214185,0.08819245218431086,0.16678446025133087
1900,0.22532153053731094,0.22532153053731094,0.08431202812276987,0.14813962629539365,0.14813962629539365,0.08431202812276987,0.08431202812276987,0.0798153343781954,0.10112603495532162
1901,0.07799404473360234,0.07799404473360234,0.1535606455655448,0.08975396325370373,0.07799404473360234,0.07799404473360234,0.1535606455655448,2.416106375429053e-05,0.09989841192617126
1902,0.12104784031792847,0.12104784031792847,0.43881178548253214,0.421692309066882,0.03514957280875469,0.05878930812409641,0.05878930812409641,0.03514957280875469,0.12104784031792847
1903,0.13840539946676775,0.13840539946676775,0.09216019589190744,0.17075635860891558,0.17075635860891558,0.09216019589190744,0.13840539946676775,0.09216019589190744,2.4188883571088842e-05
1904,0.16892409398043884,0.16892409398043884,0.5879500917844581,0.11259241618065735,0.11259241618065735,0.11259241618065735,0.09132529953412288,0.16811716989581507,0.16892409398043884
1905,0.1730223064620447,0.1730223064620447,0.6204313328649399,0.1945735345065948,2.435351825351508e-05,0.08158710288236921,0.1945735345065948,0.1730223064620447,0.16861762989598938
1906,0.2529033084670881,0.2529033084670881,0.17230809714567732,0.15435340861959088,0.16436184093133982,0.17230809714567732,8.683666126727906e-06,0.15435340861959088,8.683666126727906e-06
1907,0.12363686000520616,0.0999900834570998,0.12363686000520616,0.14756705168414133,0.14756705168414133,0.12363686000520616,2.1539373071616946e-05,0.1628735003601098,0.43739964522055547
1908,0.1195262551989018,0.1195262551989018,0.4371138718379742,0.1480729854941846,2.4351665102776207e-05,0.1480729854941846,0.07888866132872709,0.1195262551989018,0.16654742739726322
1909,0.07851550180591543,0.07851550180591543,0.08392115128671235,0.42048116169077904,0.07851550180591543,0.08392115128671235,0.08392115128671235,0.16403159588500663,0.07851550180591543
1910,0.25255196719255013,0.25255196719255013,0.47207306258717147,0.17181282605296297,0.17181282605296297,0.09049305892192708,0.0355386609969387,0.0355386609969387,0.16938917885705596
1911,0.3089182981953143,0.3089182981953143,0.20527386446994106,2.1399203552281726e-05,0.1665922613765508,0.09906937728170703,0.5803807628082407,0.20527386446994106,0.07888293983243687
1912,0.3208171802240351,0.3208171802240351,0.2189042622314434,0.10380734424045063,0.2189042622314434,0.10380734424045063,0.10380734424045063,0.08913990031042535,2.1693421950559166e-05
1913,0.24862632526254957,0.09392379569004941,0.09392379569004941,0.027999374529224255,0.09392379569004941,0.24862632526254957,0.15394353613063305,0.027999374529224255,0.15394353613063305
1914,0.08000490035465968,0.08000490035465968,0.4409125295488636,0.418069307838184,0.10185705759741907,0.08000490035465968,0.08000490035465968,0.16302231618216712,2.4278533398523752e-05
1915,0.2219105461940033,0.2219105461940033,0.08366851056564545,8.619783469876744e-06,0.08366851056564545,0.08366851056564545,0.41671788702612095,8.619783469876744e-06,0.07950839863181612
1916,0.2212187129079969,0.2212187129079969,0.4403257478207311,0.08138215157532044,0.08138215157532044,0.1661463339000266,0.08138215157532044,0.09108988942455237,0.10061043787634238
1917,0.2514542059303024,0.2514542059303024,0.4780315726786323,2.1680537691212148e-05,0.01917185594668592,0.06024121116930699,0.06024121116930699,0.01917185594668592,0.01917185594668592
1918,0.8730748527775043,0.0723553956708188,0.20690519480760444,0.0723553956708188,0.07849450551712438,0.0723553956708188,0.08929851985653707,0.0723553956708188,0.20690519480760444
1919,0.3173219072621452,0.3173219072621452,0.2200451298721927,0.5424552269698123,0.03144847890146722,0.08168050234650313,0.2200451298721927,2.4453472654996787e-05,0.03144847890146722
1920,0.2493547378447046,0.2493547378447046,0.17160839671057257,0.0543412167676538,0.0543412167676538,0.17160839671057257,0.0543412167676538,2.468579036965842e-05,0.0543412167676538
1921,0.12341201288630899,0.12341201288630899,0.44203847913972405,0.14843204474225474,0.14843204474225474,0.12341201288630899,0.027973619170581023,0.027973619170581023,0.16794659486337069
1922,0.2184099368797534,0.2184099368797534,0.15209534590897048,0.4190978319720169,0.03575663428875985,0.03575663428875985,0.15209534590897048,2.4289635680794574e-05,0.16924495783701118
1923,0.0783430982537755,0.0783430982537755,0.15534010416204308,0.14673107483126274,0.14673107483126274,0.15534010416204308,0.0783430982537755,0.10124974857066742,0.0783430982537755
1924,0.254000341833089,0.254000341833089,8.494054851613752e-06,2.167681538833997e-05,0.032072801224449665,0.032072801224449665,0.09709286544685176,8.494054851613752e-06,0.4809592481999687
1925,0.3102780479167589,0.3102780479167589,0.20746498707442199,0.20461615331429558,0.20461615331429558,0.20746498707442199,8.627941083785455e-06,0.07876231163502657,8.627941083785455e-06
1926,0.21929858601483768,0.9095224151229783,0.21929858601483768,0.10455073804728586,0.10455073804728586,8.58359020577079e-06,2.170063050587207e-05,0.10455073804728586,8.58359020577079e-06
1927,0.08053461274591739,0.7012098080815756,0.13827925726710638,0.08372801243618284,0.08372801243618284,2.168647525165905e-05,0.13827925726710638,0.08372801243618284,0.09239833711146306
1928,0.22419926048958783,0.22419926048958783,0.15556351190998063,0.14719904612106863,0.14719904612106863,0.15556351190998063,0.08978564952434932,7.666512639825281e-06,7.666512639825281e-06
1929,0.11900815747021433,0.11900815747021433,0.43491259969644835,2.4345613942638744e-05,0.08058860044049301,0.11900815747021433,0.08058860044049301,0.08058860044049301,0.0811464106548625
1930,0.22450805575323415,0.22450805575323415,0.028441831109930593,0.15038085590662845,0.09961808495005427,0.15038085590662845,0.16915854146121917,0.4392280300322882,0.028441831109930593
1931,0.08946806184938977,0.08946806184938977,0.16998356667374787,0.47883388326215265,2.4320240329500168e-05,0.16998356667374787,0.08946806184938977,0.08946806184938977,0.08060305230796665
1932,0.16748944999155355,0.16748944999155355,0.20874264115993352,0.08050365033495353,0.20531336595585414,0.20531336595585414,0.20874264115993352,0.16748944999155355,0.16888926429698073
1933,0.3222723779066274,0.3222723779066274,0.2200202250919113,0.19093681165112508,0.0894628381815215,0.2200202250919113,0.08160167788540984,2.3834709209045995e-05,0.19093681165112508
1934,0.13622615281682865,0.08124197351280096,0.4942477397176288,0.13622615281682865,0.032292064375535966,0.5375310991553134,0.10041686993085717,0.032292064375535966,0.13622615281682865
1935,0.22618170067251736,0.22618170067251736,0.1543540088229706,0.0805728621714002,0.0805728621714002,0.0805728621714002,0.1639202145592703,0.1543540088229706,0.10131725411366614
1936,0.22220539842199272,0.22220539842199272,0.08334626950794381,0.08042509167883961,0.08334626950794381,0.08042509167883961,0.08334626950794381,2.4388648534745435e-05,0.08042509167883961
1937,0.12131443830130634,0.12131443830130634,0.05264230275752793,0.12131443830130634,0.05264230275752793,0.05264230275752793,0.05264230275752793,0.4401830943748812,0.0909616733466404
1938,0.2531635919848499,0.2531635919848499,0.16927264837488823,0.17234119047835847,0.17234119047835847,0.08042875034924492,0.09026817993075406,0.16927264837488823,0.09979989783516709
1939,0.30771497858331,0.09133921843390225,2.136595446948476e-05,0.0285100381380431,0.03233516211102116,0.03233516211102116,0.30771497858331,0.03233516211102116,0.0285100381380431
1940,0.11253966566113992,0.11253966566113992,0.21735566897910336,0.19208236520007907,0.19208236520007907,0.21735566897910336,0.11253966566113992,0.11253966566113992,2.4198036570164385e-05
