Step,AI_Eps_0.05_e0.05,AI_Eps_0.1_e0.1,AI_Eps_0.2_e0.2
0,0.5780192183723608,0.3524102073904506,0.2766410158176222
1,0.5461282573999874,0.3506839902015092,0.2824690941785173
2,0.4344744233463661,0.3497483981240387,0.2793335522878231
3,0.42370306798847346,0.4396911329547794,0.34955818373412967
4,0.4187484188794594,0.43063553369161867,0.3461838812599189
5,0.2280748567431652,0.44123773971261854,0.3479327403001314
6,0.4812122918427703,0.6384061898344471,0.34652438602026375
7,0.5783919868031241,0.5843776138694153,0.3515655416203171
8,0.6815851952413672,0.6228076176873607,0.3466461326152263
9,0.4367224346177526,0.4891163427337473,0.3520551634713882
10,0.208071672204772,0.43995708830895686,0.20841152504364382
11,0.4171201560861293,0.43293160262352803,0.35281838633080304
12,0.4234059202301375,0.27980034128161807,0.3496922210096224
13,0.48440805866218756,0.48188489738925055,0.3504419702856772
14,0.5839669883789923,0.5837371018659349,0.34845124620677026
15,0.542252617479567,0.6180642756079672,0.3513929493728506
16,0.4334815371388723,0.48554059685006035,0.707967488870854
17,0.41583192884821885,0.4333046478032986,0.6364137240424139
18,0.42087171686221037,0.4325952152933922,0.6215258179473009
19,0.4220741676845524,0.4421915608638348,0.6272899075186041
20,0.4808658573469579,0.47660943314412957,0.7178505871982822
21,0.574067207590212,0.5912546732101989,0.2766577356365014
22,0.5493028444718795,0.6201610469535624,0.907200932038452
23,0.43274595645400826,0.49328283328730443,0.7052265336532609
24,0.42048208305870577,0.4346492157035368,0.6365253280601157
25,0.41562087772896233,0.43230322133059285,0.34899433763489673
26,0.4214376641636269,0.43482235547813025,0.6267255268538249
27,0.4828886112592182,0.485085579623543,0.3512998069484034
28,0.5779193319797571,0.5882867779527506,0.8837324381887613
29,0.5437847639281732,0.6207861053437984,0.2818629887022005
30,0.4386982705074773,0.49514595206592976,0.7051706723669079
31,0.42139331488969084,0.43794357486886704,0.6461264542340458
32,0.4211194310181859,0.4377657626504943,0.6202304623739707
33,0.4202626524264183,0.4340045601557754,0.27557517507891255
34,0.4879029200106897,0.47925707271034534,0.7197845580226114
35,0.5765721996502899,0.5888298474701567,0.8704433978024759
36,0.5491646972803171,0.6154893419411585,0.9081717593829944
37,0.4339336749369371,0.48725833242572003,0.7035189665038818
38,0.41885516275737683,0.44015512065636175,0.6324976510344498
39,0.41744083911257684,0.4361240806626254,0.6263502665156745
40,0.42451205660686664,0.4334790088887765,0.628880031112965
41,0.24204156944074748,0.47718471708339233,0.2434848612817337
42,0.580184647540036,0.5878671484897877,0.8755176050655576
43,0.5447447019779426,0.6133228314691997,0.9010881068179301
44,0.4364386908400593,0.4896879704449345,0.7029269125570339
45,0.4163046817594214,0.4357559968570082,0.34811308489547943
46,0.41403134624950755,0.43609017423981516,0.2761078060753911
47,0.42341060956138965,0.4387253069018415,0.627760228857004
48,0.4880960978442944,0.4758224369927077,0.7141865407793282
49,0.5805596794313284,0.5864649442275015,0.8727151874105897
50,0.5483960808511127,0.6208286482048121,0.9041883758983507
51,0.43841529690522785,0.48614011614863634,0.35067630783525666
52,0.4202130536812758,0.4401986645413539,0.6332724432659532
53,0.4231596057234123,0.43779233181213517,0.6229062584184791
54,0.42124390328289113,0.43790541631540714,0.626997305224449
55,0.4820608793451725,0.47438798966096524,0.723561954749821
56,0.5818950606327385,0.5829117734988041,0.8759131426035213
57,0.5462812770219492,0.6228790827241693,0.8994650513370668
58,0.4339226983452218,0.48581795447057885,0.7120942509125541
59,0.4206410973166011,0.43740536463415075,0.6384257343209504
60,0.41629617275734054,0.4338701743216869,0.6183013260920895
61,0.42150610131372807,0.4388002383866232,0.630043362144285
62,0.47977448628485475,0.4853369319963187,0.7124376615232626
63,0.5825219541381195,0.5862462674789437,0.8737941551753762
64,0.5488393430494013,0.6198303256846954,0.9005786507321567
65,0.24297982482515787,0.24575373543899473,0.7084687491960286
66,0.4187939987758549,0.43830658787790544,0.638646620015637
67,0.41888160350431763,0.4346357320390861,0.6234309333320519
68,0.4208690903027735,0.43623378596011236,0.6256948256204022
69,0.48668296293026053,0.48161418579902265,0.7150888436715024
70,0.5757135783488977,0.581672064097572,0.87120735436349
71,0.27424350728800406,0.8988352858494991,0.27085087402259994
72,0.43873303616486337,0.34896011731818455,0.35115605515624265
73,0.419553236055408,0.3215385523511185,0.3218164447960237
74,0.4191193032593353,0.3106322800570822,0.31248100010313073
75,0.4213880366652756,0.43905270495034165,0.6290685078189014
76,0.48620648836298747,0.4823319638873527,0.7165520384218784
77,0.5813380755686439,0.5877873172608498,0.8731461941826629
78,0.5437017164234408,0.6220652916503269,0.8942026516460885
79,0.43726554490812,0.4854672582211235,0.7058271388260301
80,0.4181630720783562,0.4418095354269684,0.639840418803774
81,0.416740230506323,0.4371621226234691,0.6270179654671523
82,0.42231291206457183,0.4407749209551016,0.6242570777983
83,0.2428260375440144,0.4793713924399237,0.24086010778531247
84,0.5849592262711275,0.5840075001413995,0.8779667822822037
85,0.5480826293728785,0.621314705264612,0.905345836691952
86,0.43479517763686953,0.48328685901321816,0.707877101863495
87,0.21154364313976132,0.21053380010727893,0.6409070642814478
88,0.4169414073576861,0.42961139514353447,0.6219616910473794
89,0.4252341176776764,0.432000636069289,0.6249135040769793
90,0.4825489101724027,0.4729461260478127,0.7168673845729878
91,0.5819041615318061,0.5859466731863295,0.8701547855795431
92,0.5475504479934001,0.6178704544925976,0.9042342572268712
93,0.4381518815958507,0.4863611858912291,0.7063867791911438
94,0.4173429747176929,0.4371112890193196,0.6422039142121342
95,0.4170879306825101,0.4319344063855587,0.622754494987202
96,0.4236480555898471,0.4406119486917898,0.624419517452754
97,0.4824436622613642,0.4803023107211046,0.7149957378201182
98,0.5854511782217554,0.5817309210982177,0.8755153812753441
99,0.5437792054008628,0.6209715307997518,0.9024235988210798
100,0.4338291757576378,0.4906920157462267,0.5522770995972863
101,0.4211193132646802,0.4421734429775943,0.3519566289317639
102,0.4219033938416696,0.43029635509732844,0.6281042679826283
103,0.21136782569676799,0.21233247681425743,0.6327556952938126
104,0.4823617941657008,0.4822282730314668,0.7173305758316837
105,0.5805576105034193,0.587635380054598,0.8744937496654124
106,0.5469606575340469,0.6116845599735532,0.8988676875607706
107,0.4374332354326299,0.48811178949050765,0.7078906982801567
108,0.4185976368803987,0.44065646770907463,0.283811593509192
109,0.4173176478554451,0.4363665528353305,0.6176557044118227
110,0.4224057780763542,0.4380001461918408,0.631437338805928
111,0.48338078508912763,0.47997111036625933,0.7160563433680792
112,0.5809187243854813,0.5787014805919851,0.8742436734371676
113,0.270959758279766,0.6216408003295225,0.2689537558294063
114,0.43851654859976635,0.4906925989216924,0.7052592865241255
115,0.4199021824660455,0.34974304030451064,0.6438211341175595
116,0.4178222444617954,0.43213666879542606,0.6245871654006534
117,0.4241434757775309,0.43884209055864726,0.6329374028325281
118,0.48604728663741475,0.23962355466268123,0.23929297427230772
119,0.5773644307788298,0.5871951452096136,0.8658360836333229
120,0.5437631437548365,0.35645083882903533,0.3595035205795453
121,0.4353652914689287,0.4881346014474868,0.5831304818284385
122,0.4166906855542895,0.43834709124684806,0.6406078520714503
123,0.4197280553888587,0.43686830310927327,0.6277319643303175
124,0.4249483157159828,0.31298185529631706,0.31541206968686014
125,0.4842857874531334,0.48051558278551243,0.7126014458191329
126,0.5798026681807906,0.5869069235691167,0.8701109517482399
127,0.5443324560788096,0.622816118679261,0.9024984878616202
128,0.43080989180463586,0.48894124386989607,0.6990971436071175
129,0.4181832709954877,0.4409055162168699,0.6364678330236906
130,0.420494232357575,0.43634019143493047,0.6213267290448152
131,0.4255894891422346,0.43089934760289983,0.629607508483167
132,0.24395881023936827,0.24437709525157233,0.7150652556729729
133,0.5845814503172022,0.27738578393193414,0.5829134349902994
134,0.5451795028045436,0.6257489121828067,0.7160722744006256
135,0.4366384775506545,0.48953037114564607,0.7105992868292005
136,0.42138925413042344,0.4351378763540876,0.6435794369340525
137,0.27909535044961087,0.43463828719309433,0.6210500701922869
138,0.21927237968104693,0.21875111459840602,0.6307868938724547
139,0.24170293881236762,0.4798201427420084,0.24250926935657258
140,0.5811430626469121,0.5838421491624266,0.875305638301483
141,0.5410091006124202,0.6185266145400119,0.8950179604242818
142,0.4388987966882642,0.48979126622172553,0.5756709527451115
143,0.4190190833032153,0.43794616912669426,0.6366309262793861
144,0.41898797834802876,0.4289752715218525,0.6188459593904949
145,0.2109856584176905,0.42824046993771353,0.21155576803624768
146,0.48167318524879293,0.47963281226142457,0.7095517605918708
147,0.5788499584309631,0.586667529836317,0.2751964752551902
148,0.5449239177663386,0.6166700168396357,0.9021078413571021
149,0.4295439494308591,0.4890852084633676,0.34823249647858173
150,0.4161734209184166,0.21858401024228102,0.2178801870750766
151,0.4195732283632327,0.43173712313363816,0.6275877852460391
152,0.42479740834213753,0.43527666367909046,0.6292961206752505
153,0.4818882908987532,0.47716742417569924,0.34935084008788636
154,0.2785908837662641,0.5866750921351833,0.5850032656074816
155,0.5465059775269714,0.6219780859600168,0.9016451220018399
156,0.4381701869581525,0.283401281809074,0.7006824014990414
157,0.42076774584991966,0.4416903304504112,0.6380867038736158
158,0.4189803581271211,0.4285916245906332,0.626140155928115
159,0.22027256830892386,0.21662921160906168,0.6310485400790257
160,0.47566995138143814,0.35707441775091536,0.35847295196328205
161,0.5869226903252903,0.35218878444447765,0.8700653459539391
162,0.541313668219547,0.6147359113423005,0.898382035042446
163,0.44141789457296576,0.48143552036847787,0.7050485436967613
164,0.437421186056874,0.4209900156288478,0.27657374181294425
165,0.41683585084338365,0.43399308628539796,0.61181032262965
166,0.4259421779132356,0.3466616795523021,0.62919371334457
167,0.48049927622300775,0.4823969720540614,0.7117157451093037
168,0.578976604317411,0.586823821178724,0.8734965321191692
169,0.544065367502584,0.34849988902651535,0.276219016039339
170,0.4343507458024542,0.4876845381429656,0.7047373433198421
171,0.4194887104349292,0.4358896152942437,0.6342343291617119
172,0.21688675033980687,0.2158191287736033,0.6182706214857251
173,0.42389221152394524,0.43705097015197375,0.6300854900956216
174,0.48062152960941384,0.2790447994718421,0.7144847354418435
175,0.5816891908948929,0.5858151502170592,0.881283826733933
176,0.5404255908434342,0.617761839060329,0.90024470766329
177,0.4378220958963526,0.49096992867231815,0.7064847043003116
178,0.2097229113683971,0.4374860815689803,0.20775477412687865
179,0.4167491952559044,0.4344441194061581,0.626392394083966
180,0.4202382769007032,0.4367064644997724,0.6291919378914983
181,0.48471700271705054,0.47997193149585193,0.7110968525916381
182,0.5803144156779131,0.5958886812944836,0.8682797336213045
183,0.542516478474754,0.6239385213812715,0.7391071888020369
184,0.43410736237931435,0.4897542434515016,0.7069643168867452
185,0.4226133277659575,0.441168778271002,0.6375063774563723
186,0.4204439565728663,0.4352227043735585,0.6244219047140388
187,0.4212492542336519,0.28136187698175813,0.6298834732693515
188,0.28129563077335573,0.358426783926269,0.35745466889280336
189,0.5879952506253262,0.5855410878454504,0.8739294501055033
190,0.5427229099834268,0.6240733548207512,0.9103090827397451
191,0.43498487497205707,0.4875821491108077,0.7093285991155182
192,0.35432492227001056,0.4416015614307187,0.6355622419263289
193,0.41713838660534885,0.43128015008370996,0.6210950467945562
194,0.42147027144170107,0.4376803800226876,0.623423002913601
195,0.2427898863756445,0.4846255888063323,0.24252439679863225
196,0.5833244097137357,0.5866219464212971,0.8752410176144355
197,0.5502134560555652,0.6179179895333947,0.9014996344039529
198,0.4350964684097121,0.4905779197496516,0.7048821748160011
199,0.4187468003870934,0.4408153469379222,0.6337366848911529
200,0.3534648864212487,0.4331890708192964,0.416214455206966
201,0.42582759872381315,0.4394461315206319,0.6258001496626472
202,0.488463109749453,0.4840817938166814,0.7150797438457384
203,0.583354705215977,0.5827643191222975,0.8752692622877237
204,0.5465852798762678,0.6159976850778492,0.8955089729784376
205,0.4395176387695516,0.5826307384882305,0.7057389964078593
206,0.4180672455010138,0.4356876096541245,0.6409694837151211
207,0.42128340538355297,0.4322878709858384,0.6249498428855957
208,0.4200123903451798,0.4371617325091602,0.6310496454356128
209,0.24278334864506002,0.4785908961332898,0.2444014245179796
210,0.5772728913447039,0.5880866011068911,0.872052108750713
211,0.5438122641160512,0.6157503498530559,0.8958726768319308
212,0.43483728257443693,0.48744386300584885,0.7011331224936762
213,0.20674524922509185,0.20993632453369748,0.6379630078920239
214,0.415215808154558,0.31189659005835224,0.3110586593911717
215,0.42444281748922014,0.4415572399662991,0.6275887887992626
216,0.482140689124977,0.6242061635501559,0.7115407454286371
217,0.5790648744767707,0.5920359566025399,0.8724465742649904
218,0.5439411729867218,0.6189541735452989,0.8963041423406387
219,0.43860475660693765,0.3495140375455106,0.5878013309699377
220,0.2099842300190931,0.6362427019667806,0.21171270199802603
221,0.42054503444305746,0.4278796453574075,0.6225673606949077
222,0.4259939940842748,0.4413541455359764,0.6247264025261505
223,0.4836687333790681,0.48039880092252024,0.7107465586154557
224,0.577748395119853,0.5874223599045415,0.8735514312140699
225,0.5446009317001637,0.6277413786892896,0.9058439657578753
226,0.2417368654001741,0.24359332889994928,0.7018770290145868
227,0.4219421937394606,0.35016882439629526,0.6343907516109061
228,0.4174827095481847,0.4329585502451338,0.6269936068916228
229,0.6281455329929337,0.4400750494888855,0.35162148760089074
230,0.3568575412237087,0.47278054035136374,0.3615412650346624
231,0.436440068365793,0.5853025731683561,0.43684133384267154
232,0.452541742697659,0.6254678923877324,0.4499620758615204
233,0.3544183354648416,0.48544999346357554,0.352751510612803
234,0.41901531711024353,0.436509492462712,0.6412869131408879
235,0.4164370016337958,0.4281698146594626,0.6199921583348877
236,0.422218339269911,0.43511952670858667,0.34587414636224056
237,0.48078385399387374,0.4799727264654341,0.7121632494835801
238,0.5844649826505981,0.5891343417148741,0.8698579149910749
239,0.5481144872650682,0.6191073111343289,0.9051262342679804
240,0.43630836178223376,0.34652385834019084,0.7042871462469674
241,0.42205265001113457,0.4365088453335655,0.6403983149723903
242,0.415574699183554,0.21947928460810381,0.21770255854176404
243,0.4242392418964797,0.43834063635394915,0.6260657751419741
244,0.48449777144651957,0.27998336879738,0.7129025493113266
245,0.5799970085074722,0.5879929220247662,0.8714403723605598
246,0.5412462846267677,0.7240049206193803,0.9005565972771618
247,0.43306523643363737,0.4891984114561927,0.7097778519389505
248,0.4210001576564354,0.43683275797980553,0.6337863713744992
249,0.4173821735939075,0.4340236075525812,0.6204307798586067
250,0.42418909295941015,0.44101125671672,0.6300033472901249
251,0.48191314707923366,0.23802606919394195,0.24128646155409816
252,0.5729237077567712,0.5883484593576258,0.8736961776431661
253,0.548959799308066,0.6142771872164914,0.8994876319350008
254,0.43231403751207864,0.487039611503621,0.7015473668021168
255,0.4182911939282931,0.34717089567665427,0.6412635681195195
256,0.4187261860259544,0.4341209901758416,0.6238188459288934
257,0.42405271905617675,0.43529506748507013,0.6234419433173289
258,0.4809484089305251,0.4819086659494325,0.3489400348257725
259,0.5816396087719112,0.5867700392175738,0.8715594445369589
260,0.5470544604722352,0.6264670607153069,0.9063394547684277
261,0.24540440224332374,0.2439724353965526,0.7119195447352227
262,0.4233679204231718,0.44183133115187023,0.6392691722737562
263,0.20951052510269774,0.2098163959937604,0.6303342865822184
264,0.42415138835432575,0.4359904278247806,0.6297395015514776
265,0.4856215100216271,0.48394013716405554,0.7107059420042945
266,0.5764393386773099,0.5838110706522015,0.8748388605265569
267,0.5447426505286882,0.6179517982014593,0.8974609674382868
268,0.43099796742589946,0.48663340404065575,0.7075983404527674
269,0.42212117961808066,0.4397526677168,0.64236288385562
270,0.4152115181429983,0.4343837704939455,0.624317285101647
271,0.21717134505890587,0.21854251510628198,0.6300983291195937
272,0.48315669724348936,0.4805102982078354,0.7188612202190833
273,0.580057090995525,0.2924801259519334,0.2934867894631589
274,0.5525530001651711,0.6234490290478856,0.9031831817537422
275,0.4307571955139619,0.4878737744045815,0.7039274125850141
276,0.41593882070608124,0.4365751085102957,0.4882196598446983
277,0.4156004425442023,0.4379598010016447,0.6242163989658797
278,0.4259120144649226,0.4417481304340074,0.6230832641889653
279,0.4846929892223774,0.4781456992500413,0.7091593411829555
280,0.5737744335664064,0.5856444512573203,0.8797643645870911
281,0.5488556330149531,0.6141349883643455,0.8930614895861083
282,0.4389261202465338,0.48338476735696023,0.7069616150313904
283,0.4196049675833456,0.43545561746404776,0.6401307233985254
284,0.41656431035781416,0.431426631034992,0.6216320466912351
285,0.42233338418928335,0.43976338201235876,0.6304159956134909
286,0.4835398803286964,0.4767423788004126,0.7200746998928851
287,0.2815315401094919,0.5854809684043211,0.8722447027742012
288,0.5462276718765905,0.6177671215146641,0.9047209250572859
289,0.43512350420754575,0.49008883451387314,0.708633264093193
290,0.4191080119512518,0.4413490369152573,0.638916276439318
291,0.4228520847465101,0.4296321417094895,0.6227912710693077
292,0.4252725649059674,0.4375602908936562,0.6261681416843452
293,0.4817032526109216,0.4796641601189272,0.7112459541127278
294,0.5806758749903342,0.5869101169074926,0.873615768224496
295,0.5471174678237957,0.6173519086635509,0.905001494762448
296,0.4375349547531817,0.48750256035343165,0.7061466511390352
297,0.4178943194033056,0.43978399967142945,0.6359660061726867
298,0.4200404856026129,0.43444048101033006,0.6245429518142595
299,0.42609847722532934,0.6817364739152584,0.9390832305752241
300,0.4846066466686425,0.6172706476357644,0.7194350088854456
301,0.2945544308286235,0.29230033478999007,0.8797853284457675
302,0.5470370161647903,0.4305099850111805,0.714739106900385
303,0.43125737763385114,0.24465257545200175,0.24319271892647737
304,0.2087880719586931,0.43589140058208825,0.210406499295177
305,0.4157937472757632,0.43389284709836595,0.6238958799852059
306,0.4205104993580602,0.44076231699040336,0.3509648003211076
307,0.4870265557515036,0.4762585440741745,0.7130181115418713
308,0.5796469353386602,0.5877205719384828,0.8719918182430633
309,0.5451946040072495,0.17532549550074106,0.17518075763183158
310,0.4350516724560733,0.34571239817651517,0.7092470492376255
311,0.4147729158551366,0.44056960636260195,0.27664900780785906
312,0.41867513723034316,0.4333388397387854,0.6204608856522841
313,0.31410356740279854,0.43639602140755734,0.3131883743322012
314,0.4863052612825558,0.4793248909613308,0.709681564994193
315,0.5783838829199428,0.5792575500095698,0.8661447347437378
316,0.5440742111951102,0.6194228245971218,0.9051984292073206
317,0.440085809044877,0.4862559307989402,0.7025915626711507
318,0.4164769727431403,0.4408429739708173,0.6486724807884705
319,0.4210941786730383,0.6217076429752587,0.3495885170137232
320,0.426922813195533,0.43958890215031715,0.631178407352752
321,0.4835506274825009,0.581656132731575,0.7222760463779591
322,0.5814277237583153,0.5843068183224364,0.8757253302415612
323,0.5512056713194511,0.6192857422665042,0.35244542504273446
324,0.43471877624274025,0.4884334386697573,0.7009079804574306
325,0.41801938743902395,0.44231456088237914,0.6376099830406976
326,0.4188749823475617,0.43378920666440984,0.6275709850241075
327,0.4234295962899531,0.4405570121745345,0.6301796082856485
328,0.48069290186544245,0.6280798944241116,0.9466370697580518
329,0.820282596402981,0.8485468037988465,1.2968277005502202
330,0.5431391622829106,0.7541546826587813,0.9001979127382738
331,0.0,0.0,0.0
332,0.41764481420619426,0.43785506006812225,0.6356117265631217
333,0.42112730105029017,0.4323030945033865,0.6209145057050834
334,0.4238158794565396,0.4339739751780574,0.7980489850982371
335,0.4843012976322483,0.484013116619904,0.7131454808024481
336,0.5819994129140296,0.581694089660508,1.078339916872623
337,0.5434016649468298,0.6262977325124334,0.8960279977246488
338,0.22302269242331554,0.338906789611074,0.4302677255761995
339,0.41688299407982815,0.43443048881302787,0.6335918938986517
340,0.41884200102389846,0.4335671157697462,0.6240769748995811
341,0.21011286616053498,0.43840960421668435,0.20903603222622202
342,0.48195366519870153,0.48379508315206626,0.7120683744544689
343,0.5776492750352178,0.5862489221324327,0.8752224898010609
344,0.5459809478331138,0.6197171483203483,0.9047347812545555
345,0.44022452696190706,0.4919429155154986,0.7014872212969625
346,0.4179924653335459,0.4359736202810319,0.6388069467730877
347,0.42100693863085753,0.4388095613926757,0.6247483156393835
348,0.4207135605606348,0.43604717975272356,0.6266809053494835
349,0.481705266406307,0.47845205337116015,0.7202174349465978
350,0.5801047007532725,0.5871437657119998,0.875302005181614
351,0.5436913305246366,0.6182477729654073,0.9052276066573246
352,0.43769021451405765,0.48513105487848474,0.7038764442959087
353,0.42007365683533665,0.43808235781813987,0.6438993209375451
354,0.41596268417891047,0.34646886066513705,0.6223666936319496
355,0.4226419959530151,0.4382265302269383,0.6309072055888848
356,0.48463721380030067,0.47681660677002385,0.7162605834436827
357,0.5849196856171955,0.8775538826454333,0.5879680548693424
358,0.5472636119691744,0.6171192534789994,1.0484704007640646
359,0.21809035175091773,0.2166019691165538,0.7102522338430706
360,0.42349808048006354,0.4369730898568066,0.6334253172236637
361,0.41851209667248207,0.43647788572003765,0.6242707356936535
362,0.42507017945266745,0.34993672896894484,0.6267519107219127
363,0.481576224313586,0.3495041248979032,0.7124746094089905
364,0.5780362760055677,0.5906007549344242,0.8768135329556237
365,0.5472630544178583,0.6187575219204119,0.9065336795486759
366,0.4332003777123395,0.4896166860953519,0.707265135247857
367,0.41869061980131567,0.4355881183935805,0.2784487548559243
368,0.4151695785468617,0.34572215570437465,0.6206916003991365
369,0.42304678047464106,0.44126744632037734,0.6290194955398148
370,0.48355018449675435,0.4792297904162277,0.7212619088419782
371,0.28907867726762554,0.591205925175195,0.29183550715326345
372,0.27474910849468165,0.6229275568806699,0.27212170315173617
373,0.4338613127554343,0.4891437181855339,0.7042381076988383
374,0.42273862890942404,0.4386364501035888,0.6394686982660304
375,0.4199603861774642,0.43294580957127266,0.2784333213443895
376,0.42766679426741194,0.433852024099901,0.631582815370146
377,0.48845510337119186,0.48050480947589397,0.7100794852025243
378,0.5755434848207092,0.5838705520029432,0.8708658932928424
379,0.5448395422851973,0.6223850065978969,0.9035545911477688
380,0.43920678335596014,0.49198970252090796,0.7113763010924185
381,0.42168991718963966,0.43270213775689426,0.6363154753186513
382,0.41974486504228453,0.4359693834846042,0.6256456603082363
383,0.42429456174181207,0.4377900910448685,0.6279255832589071
384,0.4829749125107882,0.4758328816929315,0.717524830181731
385,0.5752804571564742,0.5843931261020232,0.8703747648096427
386,0.5475133830577459,0.6177186400804139,0.8981526078969939
387,0.4366757536762579,0.4870124492735459,0.34944848713048593
388,0.42038082331106524,0.43423808216407545,0.3502433413243716
389,0.421419058055799,0.431219987335165,0.6207339509799363
390,0.42552478785452996,0.43705142078517284,0.6309485736647205
391,0.4823850010026325,0.47895075617816624,0.7112738134645099
392,0.5759940024156935,0.28028246211355434,0.8710431499804425
393,0.5484127222792421,0.6176807147873176,0.9089877090288306
394,0.43262807342550413,0.4843741592305443,0.7072404733857567
395,0.4209900957304379,0.43785172662341515,0.6386525324142025
396,0.4181788584760173,0.43244550424204126,0.621101785290802
397,0.42464177970344574,0.31263746257033315,0.3124288963234851
398,0.4859759638806005,0.4777580076759165,0.7206671033120297
399,0.5872150308161111,0.3463603936191637,0.8753490516516083
400,0.5434652839734135,0.6166247292682296,0.899396519326365
401,0.4381587823533624,0.4872761832363965,0.7080860069263128
402,0.42031841828273714,0.43807971158629955,0.6368961402182857
403,0.42020036291570106,0.43530588033721546,0.6248150940292098
404,0.4237535084956394,0.43946192627770847,0.6318771026285324
405,0.4844156637967519,0.4773148338140165,0.2778816630026389
406,0.5828265938307776,0.5924266025656897,0.877470643197768
407,0.5473542606833091,0.614781550695092,0.27992381207436157
408,0.4399631053525797,0.48823811429174885,0.707157119072
409,0.41999711559981334,0.44070272554210005,0.6386393118640828
410,0.41789809030367736,0.21755800704466302,0.2174926726602853
411,0.4208926633570992,0.4394430785476322,0.6362544365456726
412,0.48296971963180496,0.47987685285458775,0.7171927117954936
413,0.57895448015527,0.5889462744387383,0.3447107044662277
414,0.5495285301056425,0.6242022722186444,0.9066853706221879
415,0.43717866949456813,0.4885509265447184,0.7147126012271662
416,0.4208492834580353,0.4376602834222326,0.6428144207662523
417,0.4212246213354596,0.43347249807022453,0.6258949215605981
418,0.42263159652371723,0.4394135652367149,0.6264457351430087
419,0.4788787652725616,0.4791832439469705,0.7100405669426344
420,0.577804488168844,0.2958034786130939,0.29458655854185184
421,0.5398680949036908,0.6168739172260062,0.898268789738924
422,0.21639942206531929,0.21707882812419085,0.708731147965238
423,0.41424338340033595,0.43973550897299246,0.639650897938316
424,0.4145093336786895,0.43248252770405854,0.6204872173254644
425,0.42064258695772605,0.4370410644613521,0.6277463291802138
426,0.48237573256904726,0.481014662053717,0.7109078350225481
427,0.5842619376957652,0.5863667521321361,0.868633014785514
428,0.5512574207801025,0.6147804305101767,0.3485087411196105
429,0.4368715660128439,0.5729604837074669,0.7049827909237428
430,0.41967482897059555,0.4398592421259574,0.6361697151765471
431,0.41611568365065305,0.42937205608425777,0.6202772668034081
432,0.4250593541050923,0.27857381141616,0.6285403999108974
433,0.48283118342780446,0.47874172287075956,0.715982189616922
434,0.5807021919089266,0.5822600627566333,0.8692268620904079
435,0.26866012087413066,0.7570644283890322,0.2723123361200553
436,0.4350953424751859,0.3523717309062897,0.35410595765004316
437,0.42103482428702155,0.4374081099424727,0.6376103806516726
438,0.41889565990408173,0.43778667249353076,0.6200180100337415
439,0.42400999067640927,0.4397347485145366,0.6286478953919713
440,0.4809749811697004,0.350293945660699,0.7174081864070802
441,0.5814280563707307,0.5864275958200756,0.8682079655632834
442,0.5478255980855518,0.6205219989119902,0.2832727026252292
443,0.436769604487838,0.4929179976450164,0.7056734225862277
444,0.2087774847950093,0.20764677490916683,0.6400362333108769
445,0.41817011538445203,0.42918408268823355,0.6234554722615704
446,0.419232247336158,0.44397672131613886,0.6234070011570262
447,0.4825464247451299,0.4765307067720211,0.7165758525142131
448,0.5825340127491417,0.5867078021135735,0.8794696540602401
449,0.5424341073834603,0.6126415833691733,0.9033797541678349
450,0.440088182138454,0.48938599224434015,0.7087628170424989
451,0.21092633729359836,0.4312086598811164,0.2114587313067255
452,0.21752426844878853,0.21515009507942773,0.6224572548116121
453,0.4185956997608065,0.3480429974976329,0.6320246924621887
454,0.4845096137576964,0.4858607478102318,0.7180869666568392
455,0.5782348025936951,0.5840314777973412,0.8640580314392684
456,0.31075244231704224,0.31054729003031845,0.8977504331143459
457,0.4409641698819809,0.4893415702929101,0.7028044352458427
458,0.4204264777066452,0.21881437828553368,0.21887264775498266
459,0.4146791707239455,0.43355697242707986,0.6242204747137443
460,0.21203339578399596,0.2124738933490388,0.6239478631384467
461,0.4803563080345426,0.480458009577569,0.7189560623062019
462,0.5789171822109691,0.5880146671534463,0.8784892722352233
463,0.5432143512491472,0.6288367429678032,0.9062211838754209
464,0.4345640428869516,0.24583212352980374,0.24460003558345284
465,0.42075836066410877,0.43574588430853983,0.6378197381188586
466,0.2810064364531087,0.4322371130153713,0.623167456307676
467,0.4185145696926472,0.43715145710564457,0.6283043413107711
468,0.483328851568698,0.479565283410479,0.7179178475608963
469,0.5763866198483693,0.28994723304688125,0.29381921365901925
470,0.5454926653307882,0.6158213094604474,0.8987312110594381
471,0.3415321855860927,0.35328710865324414,0.713021532101178
472,0.4208238474766651,0.2766091429796356,0.6358376582385871
473,0.41932527973307665,0.43673121395184283,0.6258896118304604
474,0.4261752078757313,0.4391121908289662,0.6257829415288314
475,0.48772758894335333,0.47575361838322483,0.7173145122812964
476,0.581641804500194,0.5906229267592612,0.868497034505526
477,0.5374572855027387,0.6111819027593111,0.9038237637891784
478,0.21901529818462057,0.21905146482548532,0.7091620345595182
479,0.41957698373712066,0.4358485173022504,0.6370540876782884
480,0.4213881633362587,0.4311100018646042,0.6178961951012379
481,0.4237651346036317,0.44117805940790195,0.6299955277229143
482,0.4782298238556129,0.48121655660193746,0.7199749733240564
483,0.5820130462632974,0.5842639722477495,0.8660839647141291
484,0.4459982019281026,0.6160777437228989,0.4536507928548198
485,0.4360711521714908,0.48806030529550176,0.5950212055931325
486,0.4169980494121556,0.4399640738706655,0.636642398489077
487,0.41724252982217735,0.4334183470533629,0.6252385005882465
488,0.41904249287290307,0.4387920706535453,0.3455848364845785
489,0.48176255444598465,0.18898927184859823,0.1915858782019138
490,0.5800961908100948,0.5822212639244034,0.8668087653356014
491,0.5482850387804535,0.6216835554921303,0.9039888994533569
492,0.43276691459232763,0.48884764248742213,0.7044941865042648
493,0.4234254771622782,0.44113130904322,0.6346959375191225
494,0.4160565650420906,0.43135942353709245,0.6174827777160877
495,0.4175506587829382,0.4404036141824824,0.6279491365088238
496,0.4896208680161921,0.4737087109948438,0.715240798639398
497,0.2926590220807438,0.2937073815326685,0.8763290831509436
498,0.5481239770997827,0.6183497570060559,0.9058774114254502
499,0.4361910278445152,0.4896372031005649,0.35033220532451753
500,0.4190905420965429,0.43900155547599307,0.6367660892434301
501,0.4192023816410727,0.43328715821620317,0.6192881048260969
502,0.4229777091974932,0.3468672442604254,0.628648166363299
503,0.4852741457133012,0.4807683520239528,0.7121654373555987
504,0.7273197627153929,0.5906562403107011,0.8692899351708703
505,0.5483062704847151,0.31023632543836255,0.31068171679489814
506,0.43889251495368803,0.49147301837312585,0.7114832859928761
507,0.42280045650534614,0.43647841109490765,0.6373129522850107
508,0.4171481436361386,0.43497082612519855,0.6167133245875235
509,0.42520961012463404,0.4357783584684413,0.6247972783030719
510,0.48780083138381763,0.47916813343231734,0.7226935354723654
511,0.5804529049338798,0.5829402196342113,0.8729498401184143
512,0.5482665983398644,0.618262459653737,0.9042584600659018
513,0.43884910931327514,0.4877439374303112,0.7037358418376682
514,0.4209018821079598,0.4423531186741076,0.6403304974022721
515,0.4162543958043491,0.4322234692632742,0.6256496813587846
516,0.42335616507582363,0.435880042777106,0.6239829350929826
517,0.48670262666196334,0.4752231427164613,0.7113472860333407
518,0.5794995729240933,0.5896816401738633,0.8731710982555259
519,0.5449707854458757,0.6220473165852393,0.8917582509428515
520,0.21805310953330242,0.48974967866354385,0.21681969785966335
521,0.4185730777321942,0.43392522055220417,0.6392386103969113
522,0.5431201966610777,0.43238254399253495,0.7217042501870042
523,0.4209657005875364,0.4404022337144002,0.6294752181622066
524,0.48718596925683755,0.35488011057654845,0.3567652858740843
525,0.5751925247100147,0.5872403899469634,0.34900844460098773
526,0.5401026595126536,0.6275800289304689,0.8977853623975997
527,0.4405033963651993,0.490452640670969,0.28319902441952244
528,0.4246504952844941,0.4357447740596712,0.6364671456198236
529,0.4202103027793573,0.43643213470186193,0.6238889738843747
530,0.42402787587335933,0.43821476773628604,0.6280769557037161
531,0.4823161202743197,0.23992374384811446,0.24042049553381117
532,0.5763684281462853,0.5902745538308106,0.8692736707830533
533,0.5467877604270777,0.6136059784654855,0.35179902644941774
534,0.4338926869465597,0.48874081956249066,0.7076152042520776
535,0.41988020048733254,0.4328273654181969,0.2832830445411703
536,0.4168164297849112,0.4334917324649375,0.2817821978764639
537,0.42544105902169344,0.4405687312081152,0.6287084980446767
538,0.2769974769702389,0.47907116403034256,0.7184320804731434
539,0.5773883832135123,0.5868542009550024,0.8714262724501559
540,0.5484050990142733,0.3463049207518799,0.912321835466044
541,0.44024953076321793,0.4933090937548423,0.7077749935362069
542,0.41910220543442794,0.43865972386250207,0.6381362834509428
543,0.2099846131432671,0.4359619579879382,0.20918870275645163
544,0.4249786504532385,0.282536549150358,0.6265512827392952
545,0.4816347342009403,0.3576358353471665,0.35798274422344234
546,0.5793706588525418,0.5835421133717915,0.8722358910100322
547,0.5415042386262635,0.6228512845587301,0.8968700305969651
548,0.435425770519521,0.490190361975949,0.7069470308993847
549,0.42182153225247787,0.4383378359849332,0.6399909386748904
550,0.20916897236263585,0.4308512656786645,0.20849436660255802
551,0.4200265513383832,0.35198703879428267,0.6285184808036145
552,0.4888245411601455,0.48208090309003815,0.7162429610935505
553,0.5823327069036924,0.5852025267804242,0.8793048030565286
554,0.3457428939143976,0.6147891742137795,0.2797084648325248
555,0.4361460457990905,0.4922591922698337,0.7084467893014755
556,0.35186025391165143,0.4355273031952701,0.6381409239603066
557,0.4181991701810321,0.4301694329544447,0.6200848522163804
558,0.42327151536781216,0.3471491806731961,0.6254264359017663
559,0.48432609594747267,0.48280689555183937,0.27607011073863175
560,0.5771731019560897,0.5782302137528014,0.86681771722563
561,0.5432577833568372,0.6206511410074961,0.8970842747662726
562,0.43336898781315797,0.4802333760714952,0.7018090713405304
563,0.41866502911874187,0.43816924124971196,0.6326072145491901
564,0.4159890203576824,0.43272731781484075,0.6206384472716222
565,0.422706478089738,0.4415953967834514,0.628143880624253
566,0.4828103892459176,0.47644449125528776,0.718861602442611
567,0.5819441305470581,0.5873873298229837,0.872424849017754
568,0.542360610174638,0.6162142540324976,0.9004447798160625
569,0.43273521284123784,0.4869967414640408,0.7037736890059483
570,0.4172140222500238,0.4395232519583843,0.6376471922431379
571,0.2091633526012057,0.43371311893919584,0.20949869850200253
572,0.4218477741242377,0.21707883634983152,0.22104169183597555
573,0.48580082770691946,0.47708389323077577,0.7197327264273549
574,0.5757042707044937,0.5822998687421275,0.8709096965651838
575,0.547667971397798,0.6259311951843995,0.8973156537682708
576,0.43296405812272715,0.48615536950522337,0.7028847183407829
577,0.4201904824074359,0.4357141704783718,0.35193253210365866
578,0.4169619067804458,0.43032885500716106,0.6217717827914858
579,0.4217934280324331,0.43839370467288136,0.622103717727661
580,0.48293958898245837,0.4762323860924807,0.7125573774823
581,0.5839009827947589,0.5815709763170095,0.8720284565294677
582,0.5454400190016979,0.618689974206934,0.9012338600085743
583,0.43660924678996127,0.4892330324492461,0.704686465987807
584,0.585925674621778,0.5560396475215316,0.28027235096255537
585,0.4220067979029559,0.4337318956308073,0.6207330989104242
586,0.4232595355600498,0.43735216562434065,0.631382603469408
587,0.4799188599787348,0.4806001665610113,0.7199787789156341
588,0.581732602953899,0.5857962673069389,0.8688203518682461
589,0.5448735008076873,0.6199830421104698,0.8970832571999975
590,0.43683517298958624,0.4896038767844136,0.7077656875744835
591,0.41854530111730875,0.4414647174632206,0.6417626557155495
592,0.2831574785505674,0.4351637513476061,0.6242709183361733
593,0.4236649297876881,0.2835021775460688,0.3494160396301367
594,0.23999697834921271,0.24268756910904923,0.7151366490408556
595,0.5743015058455802,0.5892520006657902,0.8752072744783386
596,0.5440868982145883,0.30745473303355714,0.30918971824848707
597,0.4377514465431943,0.35056512973978393,0.3491730933465425
598,0.4191211042596552,0.4400182643256214,0.6406118742825044
599,0.41854559931636115,0.4341180166443492,0.6284741687548853
600,0.42752978029289607,0.44080281522005793,0.6274703685819684
601,0.48718693489544584,0.4800708121585801,0.7135075321397474
602,0.5784761242907733,0.5835962041640737,0.8758083136616263
603,0.5427675607936493,0.6258892021624903,0.9033856234235833
604,0.43824348487872866,0.4865815588368663,0.7090529600247583
605,0.41795629469135415,0.43770971718465335,0.6381579418684674
606,0.21020093211031096,0.43150522268729247,0.20952668730642993
607,0.42156396532125046,0.17421435019646433,0.17528194565048485
608,0.4835189426730522,0.47846690588146484,0.7129808931802026
609,0.5769485675411666,0.5898513335861824,0.8711499753238071
610,0.5452675755369011,0.6202614552840485,0.8962277792420339
611,0.43246429349025733,0.487548160308343,0.7033042407571085
612,0.42363078933575593,0.3510581576962782,0.6399020424637485
613,0.420159780809451,0.43034368775748544,0.7230829783440686
614,0.4206936811029717,0.4355175645394279,0.34813896792176374
615,0.4840164785159953,0.4786965583310468,0.7099486163575042
616,0.578679948172644,0.5937980147384292,0.8762168992912628
617,0.5433291312375339,0.35160222230745425,0.9016982213338987
618,0.4355686667169649,0.48844752284902043,0.7081100186059763
619,0.4159633546828264,0.44001252572628974,0.6358437971104154
620,0.42106047129212004,0.42974309313646986,0.6197077099832239
621,0.4252568596192906,0.4360927311989429,0.6230095422830705
622,0.4885358566498245,0.48003764989027786,0.7158127253124846
623,0.5860393833310942,0.5865853798567335,0.8704773296310127
624,0.31319774968841824,0.3141049452502828,0.9020671327830163
625,0.43646086966053854,0.48295750722252573,0.7119955516892343
626,0.42038222089627325,0.44147449001208205,0.639862753514919
627,0.20880802382861513,0.4341602330395891,0.21090532969913947
628,0.4247207163569754,0.43266277199071496,0.622347304582078
629,0.4870764091637162,0.47803622350926567,0.7132748299470574
630,0.5825499867545154,0.5818934829019643,0.8734371217175098
631,0.5442007959610062,0.6212402185488574,0.9052011382612276
632,0.2177930100919421,0.2178003143338785,0.7032969678636709
633,0.41906781170093055,0.4373764528403333,0.6403332279188328
634,0.42078031134213434,0.4370363608840874,0.626780134076959
635,0.42264895274080666,0.4325337461043315,0.3491910251096257
636,0.48279092853340394,0.47878758490323603,0.7160183450343641
637,0.5807491841918574,0.3519089181390913,0.8740175983044881
638,0.2785372922938627,0.619727168470975,0.9016661644301794
639,0.351772570178415,0.4876102482154086,0.7056703122794209
640,0.4210298974369481,0.4402956833532234,0.6381675010733772
641,0.4227918585345033,0.431129822881521,0.624727165504994
642,0.4200855755139557,0.43666355375935423,0.48399713731633476
643,0.482090165870102,0.4838851968859,0.34771540362519604
644,0.5769928625035232,0.5811836497906676,0.8764659870093386
645,0.6607729531025512,0.6166707036658521,0.8951743643289117
646,0.4380542672171755,0.4848565301149123,0.7008019434468042
647,0.41929422660827786,0.44185574365136726,0.6424043115512792
648,0.416350388930236,0.43170746643809293,0.6277461423369235
649,0.4258342758950956,0.43817153301508555,0.6267095251662449
650,0.48245551046408447,0.4836267007149213,0.7182789975079683
651,0.5792755987852747,0.588019556626963,0.8709523722350385
652,0.5487688897454402,0.6137840086746568,0.8979159575037535
653,0.4312312744464701,0.48988533729838396,0.7084193609627986
654,0.4193771133233406,0.437104428201193,0.6390617345202178
655,0.41482312740303945,0.4370733375029374,0.6242248473468284
656,0.42395805019525706,0.35069746753115233,0.27827718598767087
657,0.48340444897923757,0.4753799438331577,0.7139979699195782
658,0.5840629798102221,0.5905485412385735,0.87434576439883
659,0.5498208236738055,0.6193269435462707,0.8904470461924552
660,0.4356241251749847,0.48955762720385865,0.7017234992946717
661,0.41760247316212457,0.43715034705002137,0.6377483387166369
662,0.41804742145410684,0.4316497684088504,0.7395333004994504
663,0.5838215228807625,0.686854407254487,0.9418617756832204
664,0.48564326459847673,0.5944162784147927,0.710862234088852
665,0.582385813892298,0.5917245494686498,0.6628100717231046
666,0.5429842616357307,0.4989399627336615,0.7393440762080337
667,0.436857212654586,0.48588618508362197,0.710109698880768
668,0.42283259046597826,0.440292731916647,0.6388398291212292
669,0.4193806595849773,0.4335951376734165,0.6241515716114796
670,0.41881888253405236,0.43476351285798964,0.6276199097710986
671,0.48331180280841957,0.47709491139645,0.7107541975646224
672,0.5773776091316678,0.5828128242388548,0.8730277370807485
673,0.5466402175552754,0.6223912617806437,0.9092827595741109
674,0.4368374973503564,0.48746821737494367,0.7049160194961747
675,0.4199159357719649,0.43812374697811496,0.643046244180291
676,0.41983544956772634,0.43109857130897083,0.6274312977951891
677,0.42275562454915155,0.4345475700810067,0.6261149193782193
678,0.4810013332478986,0.47679789977111925,0.7105135366744977
679,0.57992581272502,0.5822926877036064,0.8756535140116724
680,0.535016844611855,0.6228060893628018,0.8928968169994754
681,0.4361336436385701,0.48933791935146875,0.7032906113060733
682,0.4184277258240769,0.44102522820041223,0.6384221409767833
683,0.42285889924668163,0.43403550693328763,0.6269003382132804
684,0.412375795356365,0.4372092977816462,0.6256538882538382
685,0.48414147749167163,0.48163578174542065,0.7144409890659009
686,0.5779917131773459,0.5829902301876668,0.2818153057839191
687,0.35069025604276555,0.6206437938937877,0.8949077131982142
688,0.4379609490849776,0.49087129074114866,0.7055522469167114
689,0.4168965429877933,0.4376662536211228,0.6377833743078248
690,0.4181734349663998,0.4385603286114084,0.6217807555848337
691,0.42156183058347496,0.44151670502965074,0.3529153029509443
692,0.49225856399564183,0.47950550567001476,0.7095625586944597
693,0.5814914798873191,0.5817530205545143,0.8736750539146256
694,0.5464187167130643,0.6226570282578305,0.9066899621265814
695,0.5664057721849589,0.48810507329119784,0.707019002561119
696,0.5474420158836448,0.6069204618974721,0.8048314978558103
697,0.0,0.0,0.0
698,0.4244312089907573,0.4351235926755012,0.6293359527584811
699,0.2395104833450313,0.24309105747266055,0.7136459944054873
700,0.5800695934763948,0.5950074056474071,0.8745006488442297
701,0.5442445333650037,0.30991843753630105,0.3128180947835936
702,0.43821327778082286,0.48995519262202236,0.7108681282332611
703,0.529908884982327,0.5664133244844639,0.350810884681661
704,0.1325690511884531,0.4316884705588048,0.13195422309313795
705,0.4194042848718091,0.43768398365395816,0.6363970870145732
706,0.4830403864637091,0.4836685054756455,0.7146409372205447
707,0.5816316144366321,0.5868505793704648,0.8766446167300752
708,0.5480769478733211,0.6224759266964673,0.903130403101113
709,0.43413551624000857,0.4913335285326993,0.7053861545986324
710,0.4160948780949147,0.4360270843125661,0.6389983261345623
711,0.42178334396618267,0.43786600569159667,0.6189002921937312
712,0.4213476970081084,0.4370911986294641,0.630318810967831
713,0.24212248487339522,0.48022325075259437,0.24188961861567307
714,0.5761419239782534,0.5893460370828137,0.8647239994905418
715,0.2805382566531526,0.6189913892885398,0.9020331735673955
716,0.440738397571504,0.4878260264906473,0.7009268539264175
717,0.418210657893964,0.4371459751241919,0.6367986147905184
718,0.4206437201728083,0.43295766873411096,0.6212312778181424
719,0.42311781408091087,0.4375716203300701,0.6278244748413508
720,0.24206485042833442,0.24291738935418117,0.7211749312563579
721,0.5800485679080086,0.5839328179184918,0.8760682913922175
722,0.5406828969974593,0.6215469518884897,0.2799078751483194
723,0.4389216001642104,0.48656334086949876,0.7070309890588473
724,0.4225972346083437,0.4384028397000886,0.6413814320330822
725,0.4169251720847855,0.43221768247217707,0.6183580749607409
726,0.4248973454644878,0.4344397107552469,0.6247916071668328
727,0.48271327592823055,0.4728388513988741,0.7135454321183552
728,0.5876132952272947,0.5802454231108617,0.868784340823779
729,0.5467350522399477,0.6260339871632535,0.8975603266386175
730,0.4342466686690353,0.48636002902757214,0.7004016007468374
731,0.42559777755326134,0.4391817463805075,0.6377473719547992
732,0.41519260435065636,0.43576960442517265,0.625866314616154
733,0.41937188103959483,0.43601402371594444,0.6265138183359862
734,0.48673001534800636,0.48056644089361894,0.7117744190099187
735,0.29273220053238114,0.2895570454016299,0.8707713474333983
736,0.34627139733346735,0.34211323577232083,1.1029202950712427
737,0.5216906540241245,0.35261564673142015,0.35462061722232946
738,0.15697792793612048,0.15824260875201052,0.6434758660356681
739,0.4211493991541593,0.43334609405395097,0.6199350200871154
740,0.4182134880898882,0.4381833501850086,0.6259655134744331
741,0.3598871729810064,0.47997002108014736,0.7196696145494932
742,0.5782446172087906,0.5881632250918916,0.8739138055233758
743,0.27887884863023216,0.6234204412663018,0.8973963845194827
744,0.439333679828755,0.24214475604894276,0.2416173997633182
745,0.4186760514357737,0.4364312681824595,0.6391948132077259
746,0.4223277476685224,0.43405235952922205,0.6190726818720479
747,0.4245506477215036,0.5475651670145417,0.6317181349162042
748,0.48656094943911515,0.48009326252759005,0.7113299212212921
749,0.5752381000918327,0.5825834445144293,0.8726813364706754
750,0.5450178916932412,0.6151502066762998,0.9012350659807502
751,0.3538331475731555,0.48663829640045114,0.3537187202971504
752,0.4197272599845281,0.4382191461072091,0.6401641767868086
753,0.41537424544441204,0.4339607986457456,0.625026171160718
754,0.42678569048941,0.4352152564313661,0.6262645474014019
755,0.47879981076149936,0.2376338536910156,0.23955713436221326
756,0.2944940329157005,0.2935538669184653,0.8717295014255717
757,0.5472330560347204,0.6182330506732562,0.9131254949137678
758,0.43264634672237146,0.48962264811704154,0.7062379874670877
759,0.41727448934286726,0.43901297337176776,0.6418768993456064
760,0.4220897369306655,0.43200674297460856,0.6182399056554145
761,0.4224157290893054,0.4377720406272697,0.6286883230938961
762,0.4866068466860294,0.4773602708333135,0.7170867368864366
763,0.5745809087655123,0.5892553151539202,0.3505317540822511
764,0.45317377737577974,0.6217031127324194,0.4524980820965917
765,0.529830834343026,0.4858830773862368,0.707057688915271
766,0.414655150954086,0.2191000844377098,0.21781941828392373
767,0.42145375004515456,0.4329206636549566,0.6272436143447259
768,0.21142817742442535,0.4372562523073691,0.21098414744594535
769,0.48280358469198636,0.47791064409579,0.7132055958053085
770,0.5806325138351819,0.5809576298272987,0.8750409425145242
771,0.5468827908603688,0.6216512754480258,0.9059183272933522
772,0.4336971649583435,0.4839332695474734,0.7048356496534174
773,0.41657458787238966,0.4412605554930147,0.6410352815786218
774,0.415381132282053,0.4334564736374838,0.626685803990554
775,0.42266110084700814,0.2187290265957786,0.21915302972705664
776,0.4830367140177615,0.4794048293922734,0.7182862814175874
777,0.582879594280042,0.5834870403278526,0.8748409350901928
778,0.5467236463619266,0.6156542065403849,0.3534720263581421
779,0.435964521955953,0.48868020477067325,0.27731370007409495
780,0.41940766173284805,0.4355360078493668,0.6382532455649313
781,0.4198563951530725,0.4336493724585627,0.6241585237252567
782,0.427492383394968,0.31604532671284047,0.3150230989100363
783,0.4836360841749247,0.479436975968682,0.2796007065518747
784,0.5850997938110987,0.5895955672671755,0.8736501246363958
785,0.5411918735070015,0.619986873518564,0.9105048979988942
786,0.4306821236041056,0.48757586214247217,0.7093742301292127
787,0.42211465918478724,0.43748989976999714,0.6376604932745702
788,0.4230213111456582,0.43339986666729957,0.6236877697775399
789,0.4235722059860034,0.43634331468342547,0.3500276776621095
790,0.4849699057301016,0.4791672368468748,0.7120178898152125
791,0.5789408002159868,0.2918245023004717,0.29370463346475034
792,0.5426583195757865,0.6111595721402263,0.9045837093427136
793,0.3424554928676039,0.4899907408638853,0.5358180149922652
794,0.4177401007158639,0.4382521709844922,0.6348359142027381
795,0.4178683480936807,0.43129103732028057,0.6232719530852832
796,0.4210957194245557,0.43729895445043376,0.6235725361160686
797,0.4832053089736258,0.479276053605956,0.7141779542547096
798,0.5751363450604065,0.5840190430612862,0.8704177670336017
799,0.541940596679062,0.6151508941048752,0.9084247545815699
800,0.4315828212426891,0.4883539608144323,0.7029581298584406
801,0.4238311833455938,0.43909601555892097,0.6397513651600593
802,0.4185389862006767,0.43026137733380176,0.6227145232610499
803,0.4190407736851409,0.21796043129380951,0.21954842617452325
804,0.48462119311449064,0.4815895199135319,0.7167081551633274
805,0.5798562635462058,0.587284495164015,0.8734366143700436
806,0.5458154459703205,0.6165880157150444,0.8888103506258589
807,0.43293289087437964,0.49084168198952505,0.7079623508287397
808,0.420571869631698,0.43377602362470846,0.6396668839528732
809,0.41499764382508075,0.2807733889274476,0.6247895688498368
810,0.4247425209531623,0.44643421530071375,0.6286344595554342
811,0.48514069160076145,0.48080311185429947,0.7126908200644321
812,0.5837334969248628,0.5803011731924158,0.8698479150596888
813,0.5426415187790599,0.6226932197513839,0.899185425169893
814,0.4344282880708416,0.4848314311095681,0.7022487338013907
815,0.42189000098294066,0.43875418102965696,0.6386776867682518
816,0.4223020495085409,0.4341816723996026,0.6301793227603948
817,0.4185389222624796,0.4359634362791846,0.6284228129935941
818,0.4830921170698487,0.4850494025141493,0.7127315978679089
819,0.580564724152648,0.5860980597795817,0.8699730888095009
820,0.5446522890992491,0.4920017125877716,0.9024943297426083
821,0.43539098318038644,0.4892520409236142,0.710589991714447
822,0.4200678915981241,0.4408934694026092,0.6369226535001615
823,0.41472343422430535,0.437741078308304,0.6275637274240579
824,0.42369187884377946,0.4373095459291787,0.6314556960684269
825,0.48211323326159045,0.4774186366865104,0.712390319427911
826,0.5709898857427441,0.5834678875565734,0.8725469287448802
827,0.5507878341150749,0.6158671582269485,0.9088174885801293
828,0.4313671774885641,0.4911593749456417,0.7030450692106135
829,0.4166271387299329,0.4391779783206361,0.6415185824322859
830,0.28261157699268413,0.4304700513109658,0.6223563208387123
831,0.21708515564879385,0.21719958525642852,0.4214750352517268
832,0.48828016088103504,0.4825271610227064,0.7176276088931207
833,0.5795897970573074,0.5870211650630277,0.8760162700297053
834,0.5434308819653383,0.6210365287028364,0.9012839921977449
835,0.4399172257148786,0.4885381120538839,0.7071492437548128
836,0.4170331626382707,0.3195717908482083,0.31959147294021856
837,0.4213765776256777,0.43240068596282594,0.6251838926955829
838,0.4229300693656387,0.4316181797195736,0.6262191830189912
839,0.48035944714203216,0.47706220011198197,0.7200656012744223
840,0.35232200960735327,0.5899412195470571,0.8702837294138294
841,0.5458456780812865,0.617790478126005,0.9052086097528973
842,0.44135248785907283,0.495015247225349,0.703943998504688
843,0.209419517957557,0.210575639094167,0.34845198955367623
844,0.42043218079000366,0.42937101844752273,0.618725970119629
845,0.2113047605291701,0.43457611659056056,0.20938594641561037
846,0.2430765762336594,0.4765908513534363,0.24136073430050256
847,0.2900967029203592,0.2914843062580439,0.8698507354827149
848,0.54767896163508,0.6214214415363402,0.9024672683861734
849,0.4353825273601645,0.4844734513981569,0.3500666371042953
850,0.4183908506262891,0.5379479082037558,0.35262012102711926
851,0.4187854438684395,0.43142757784268715,0.624748015248687
852,0.42733996894633675,0.43551385290021694,0.6235518651001486
853,0.48454306572907774,0.24082209640043675,0.23918499216989003
854,0.5818794821105848,0.5825970656416128,0.35203096780104853
855,0.5464728982217775,0.3084308065889638,0.31047652568828343
856,0.4354333686336484,0.4922455578937036,0.7060379005783787
857,0.41944847666557034,0.43573812074171203,0.6428203135007377
858,0.2084393893385669,0.20889959396327315,0.6211832641868721
859,0.4210450850578809,0.4337888281760583,0.6277584863610726
860,0.24038851632151678,0.4764168469476814,0.24084046735626266
861,0.5802823636555468,0.3498736719727541,0.8704308744809313
862,0.5498361612014,0.6191781897611092,0.9017398633575017
863,0.4344849453058561,0.348091758256586,0.7109029045313373
864,0.4187242267577802,0.43846058310103003,0.6430969630050601
865,0.41545658247953937,0.43466964300567174,0.6233195152751602
866,0.4245211278648936,0.43773620174672934,0.6240588106197817
867,0.3463174480690816,0.48206158801377935,0.7181782620563049
868,0.5816858623449898,0.5891836684230601,0.8716597051813477
869,0.5512079795447742,0.30979123360446914,0.3095306504709564
870,0.21938161780649826,0.4852375425167498,0.21624288443444603
871,0.4201396067106819,0.4393694668603946,0.6404361261430039
872,0.41372199461770487,0.42923694866386297,0.6194503940242095
873,0.42192731385138477,0.2174484731345932,0.21981026433726075
874,0.48641991606624746,0.4800247153098869,0.7126438183688518
875,0.5775528783640009,0.5862111883764588,0.3461640926155389
876,0.5443633032595627,0.6219044493774777,0.9082156582059641
877,0.4370947156221327,0.49071066780807315,0.7091837342348896
878,0.4186529673660338,0.437250477099411,0.6367215616348022
879,0.4186694369711656,0.4335779888687659,0.6222569376320609
880,0.4190381504140965,0.4424611291314954,0.6274212143987092
881,0.48155936393695203,0.47960135145566624,0.7158292149114189
882,0.5809848277854538,0.5873641288520267,0.8649190918256698
883,0.5401229141922315,0.6176800169912791,0.8982435602955732
884,0.43708616314935483,0.48943225663023043,0.7054604203428962
885,0.41934630136918544,0.440038485358451,0.6378095469205337
886,0.4173123591292518,0.42787972974892574,0.6235984058465622
887,0.5637672196646112,0.43465747079057193,0.7786118555837036
888,0.477986181750079,0.4790773901328765,0.8282053554666785
889,0.578898435524156,0.5845885887135781,0.8660483275683093
890,0.5430309426015101,0.6174535772861085,0.7048378384687095
891,0.440079602831081,0.48976344229537055,0.7091288257533749
892,0.4190414040367531,0.43964693995770304,0.6378071569875973
893,0.4173469776767755,0.43511874010015156,0.6200911043201074
894,0.4253022492096542,0.4372994376688188,0.6257712388331865
895,0.48614159141167484,0.47996776552830206,0.7160646650038812
896,0.579311002695679,0.5863871369755117,0.8745395673779266
897,0.5415710094298741,0.62712799401121,0.902257635348801
898,0.43463887757473435,0.4862182057546805,0.701830250674921
899,0.4208949004191013,0.4394990837534006,0.634083795008633
900,0.4165658068298656,0.43272436588907126,0.6222270637903781
901,0.4211287604600097,0.4397787391777371,0.6285920012166051
902,0.48466288679664143,0.4725970219218953,0.7161826540112594
903,0.5746850638103718,0.5848932894923479,0.875330991568088
904,0.5438024946182575,0.6189693807052116,0.2799026530550963
905,0.4429111255840945,0.48782575708926906,0.27792387578476424
906,0.42179307106543296,0.43890717647498134,0.6356189499540069
907,0.41875665529757766,0.43457675029881887,0.6233397038174341
908,0.42361398000719586,0.44125723104181225,0.629002509446366
909,0.48390077314738694,0.48141130639720486,0.7115942191776534
910,0.5797711882261323,0.582659512882329,0.8688584561483067
911,0.5396070431978611,0.6166191629336488,0.9056986842320696
912,0.43277943764815474,0.4876282907374838,0.7060408711128455
913,0.4182734223412549,0.43878840723407886,0.6424616367192997
914,0.41534069464631457,0.43686912757228685,0.6243382661767942
915,0.4237196634898669,0.4413919649032167,0.6297753975981887
916,0.4863350261225809,0.4818425928878605,0.7130648061189381
917,0.5779503172359249,0.5833154866991489,0.8719502947401094
918,0.5457155419141346,0.6119709577441261,0.898160027524703
919,0.21990565174444515,0.4857910040723022,0.21633474381830406
920,0.4245814700219925,0.43505187994509315,0.6351345509716284
921,0.41710457628235564,0.43208105168009037,0.28207605873982156
922,0.4232069441170652,0.4399241271386577,0.623875870512005
923,0.4846775878333325,0.480692284859862,0.7213547031678772
924,0.5800264704707265,0.5816528386106017,0.8736553756135773
925,0.5497610795170107,0.6188712428224372,0.9042208209568664
926,0.43262529985359216,0.4820968766499681,0.27835987017903
927,0.4177354087876911,0.43745069004870185,0.6399356007613495
928,0.4148976712608961,0.4298515629986649,0.6224939994241815
929,0.4161532035106787,0.4383042718129211,0.6278780430177452
930,0.24141037515145433,0.4818756696743046,0.24271703552768342
931,0.5743562350165183,0.5887219479189807,0.867204637757863
932,0.275544554487321,0.6269446384115871,0.2711066467882104
933,0.44215046735409536,0.48926505903014744,0.7041232600916995
934,0.20936844086636275,0.43872312192911017,0.20913338979701954
935,0.42099216714932564,0.43418915596198204,0.627101646421498
936,0.42806670904475613,0.43844539891278594,0.6258845026119649
937,0.48159278822125035,0.4810031049948357,0.7136042111861405
938,0.5784100764876726,0.590954925903338,0.8700520160583967
939,0.5464252859921143,0.6192294653840131,0.2800306180925317
940,0.43652111687754924,0.48753585498815155,0.835384171069757
941,0.42245664540904526,0.4336753886352536,0.6379674591865054
942,0.42124952812630667,0.43620620777465713,0.6245008411403987
943,0.42357958308503585,0.4378706642574742,0.6230227767832119
944,0.4849528785736355,0.2806454406361197,0.7196733325277843
945,0.5836528448723836,0.5917842143801836,0.3510223601498038
946,0.5511380896221065,0.6146493434812103,0.34818064837663404
947,0.4404767541419858,0.4833457788737381,0.7073223410197844
948,0.5380161203612066,0.5222198103275694,0.7699642946151877
949,0.4175302632020832,0.4316650387369603,0.6250565787500042
950,0.4211182928430256,0.44011254082944773,0.6258824112733938
951,0.48226784325865885,0.4805724829948001,0.7114923601537013
952,0.35094001579868966,0.28136374479550913,0.8727555334354277
953,0.5480975775528942,0.6148909715036708,0.9002630908557993
954,0.439295076120995,0.48624332597274433,0.708633072111799
955,0.41689341066392954,0.4403619535108339,0.6356552168130275
956,0.4164195965773958,0.34079263937364046,0.6205971011727734
957,0.42164174825987677,0.43963440977835366,0.6305295758140415
958,0.4834547206984395,0.4780731853810462,0.7121468963775899
959,0.5845135534259571,0.5896150485224277,0.8710706561045257
960,0.5487025817388393,0.6207408227044395,0.9047661837345784
961,0.4342524991387257,0.4888915698292814,0.7067252910109733
962,0.4201583870567606,0.4410824360271932,0.6365942187006447
963,0.4184206836235256,0.4386193933371231,0.6200455628671476
964,0.42323677371147933,0.44095116060787815,0.6238571271075489
965,0.4827020926922154,0.48047357270081814,0.7112038678374054
966,0.585855078319332,0.582257406998202,0.8788020586494324
967,0.5498729745353766,0.6163196327270987,0.8987258612889714
968,0.4395823033210102,0.4900433728714169,0.7025030462545673
969,0.2100220629412067,0.6410466690390686,0.20815431759098207
970,0.41486217921305946,0.43247393596608663,0.34958811864444816
971,0.4234967530815697,0.4366680336068425,0.6265087320128874
972,0.47911485321844816,0.48055538780124973,0.7145164843768067
973,0.5804364155674955,0.5861472185392496,0.8655103940319656
974,0.5404433519843791,0.6140230314976425,0.8939512378641937
975,0.4365468319877228,0.4918640351431297,0.7065263583174192
976,0.21968790356926363,0.21719936400921439,0.6379140655137946
977,0.41928638923309103,0.43206996113643054,0.6216527520684207
978,0.4235668497209846,0.44145800130609597,0.628219967432894
979,0.4829429519689512,0.47773869286144277,0.7113269713494482
980,0.5804956369310826,0.5868953677611427,0.8668589839520999
981,0.2745769075182233,0.6202047098021576,0.2738199698499737
982,0.43553378322435465,0.48746733890693533,0.7085892432762456
983,0.4264303453613968,0.4367275164958741,0.6387835936583589
984,0.41826970291922416,0.4304058525483881,0.281986280506025
985,0.4270966904849129,0.4335550190815908,0.6262359876270783
986,0.48293273991328817,0.47819167466097573,0.7163492744548181
987,0.5782447746380558,0.5914038445109016,0.35137837555853485
988,0.5450427598555757,0.617488365586977,0.9075760159170978
989,0.43724281462632547,0.4839688045251718,0.7068601359830835
990,0.4187577615234689,0.44006828585926605,0.6378621911490095
991,0.4209644520554418,0.4331431166106686,0.6255782596257964
992,0.21239840532647244,0.43984840441059286,0.21329401027868095
993,0.483695730619947,0.48386601019671993,0.718351130278831
994,0.579830035009892,0.5850057191518137,0.8713046319708528
995,0.5438480849149353,0.6163218627057859,0.8992650892633752
996,0.4356731140173567,0.48554815811990776,0.7055114983728886
997,0.4183523907562423,0.4362681082453691,0.6392696698083412
998,0.4212136160087087,0.431888413808398,0.6252167823184454
999,0.41859461575531753,0.43517030221998443,0.6249383962815348
1000,0.486384378156181,0.4846489167544803,0.718139655705745
1001,0.5788823800176666,0.584381432658753,0.2774933556902377
1002,0.5429602538309486,0.6125966518577562,0.8939409140635816
1003,0.4335074896223041,0.4893561797177785,0.7047913695034813
1004,0.42506743165646305,0.43825500252102484,0.6372345829450742
1005,0.4156109160524008,0.4363035425855911,0.6279122519209351
1006,0.42755267153539867,0.4343573907172854,0.6274363760050883
1007,0.4813446719626257,0.4795932090345796,0.5734056862832942
1008,0.5799146517597362,0.28110877945241186,0.8672660683010687
1009,0.27244012601705914,0.6213178192317413,0.2731305857755057
1010,0.442388477333118,0.48772926350016815,0.7047884760980347
1011,0.42340318778709574,0.440705375725018,0.6351633719450182
1012,0.41476109699998015,0.4333449086498745,0.6261413573829029
1013,0.4221714466412939,0.4372563515481061,0.6263619987932628
1014,0.48926550791128787,0.48158937788863687,0.7162106057924096
1015,0.5844441156673791,0.35396926111429394,0.8681423975482436
1016,0.5475212704478416,0.6165964730495598,0.9008246811425963
1017,0.43898236523620826,0.24270760410174955,0.24595825572736257
1018,0.41589319855225404,0.44028356114266864,0.6407559101289587
1019,0.4189191728819228,0.4312069804472098,0.6207785036319043
1020,0.4202540223774565,0.4378270374772921,0.6295987291579314
1021,0.34960340571726284,0.4811979615633427,0.279940098550555
1022,0.5879282792668528,0.5792432402088281,0.8741081789638638
1023,0.547019517628205,0.6208288542897055,0.9044571090795287
1024,0.21916690939990818,0.4837427249598149,0.21988706813770037
1025,0.41902250672249797,0.4359048365788631,0.6353618031898124
1026,0.4147791273766188,0.17713223022821994,0.17396525981311223
1027,0.42245673006396856,0.43852940197465773,0.6271021246055063
1028,0.48061390216647454,0.47899267762535114,0.7195599610900189
1029,0.5772687925683558,0.5842194707207875,0.8750074607553038
1030,0.5427202873785111,0.6172230822765958,0.9100535627269148
1031,0.4412501556025172,0.4875733682018343,0.7094502060756176
1032,0.41681210826395076,0.4403654147685413,0.6398727820472008
1033,0.20975952574990084,0.2088099085007288,0.6258672469716114
1034,0.6517234840298666,0.7016943637379848,0.8986936223769423
1035,0.48818305212905216,0.48599922066168383,0.7162734308394837
1036,0.5755784516899418,0.4150886385968278,0.661249932393851
1037,0.4047199896251341,0.4099341936674884,0.6561107991433662
1038,0.43601292481854337,0.48864153241963354,0.6967426964099822
1039,0.4215997666379757,0.4367712244931638,0.7898613178785723
1040,0.4192161300341534,0.5710140931415733,0.7407329824761539
1041,0.42098807797875637,0.4376085473338237,0.6364770917753154
1042,0.24297330307593304,0.4789097562127371,0.2402695783877801
1043,0.5778133221973617,0.5864342803615391,0.8728452417975586
1044,0.5501261925332109,0.6178505918729745,0.9006191956933581
1045,0.43446950670286455,0.4850882939009625,0.707621371517259
1046,0.41620530690384416,0.43591137329575924,0.6385273566892676
1047,0.423326195363551,0.43076214554010134,0.6199291606024139
1048,0.211828776727593,0.43799662998786637,0.21385725793387783
1049,0.47640911516968454,0.48204161962418896,0.7142383844121439
1050,0.583059485375094,0.5856948991862277,0.28055005261026145
1051,0.5463042085504314,0.6206078948204131,0.8964115515548027
1052,0.4326980845742904,0.48736806167044033,0.7099913600380218
1053,0.4163588641948967,0.4416968879080911,0.6428766218064409
1054,0.41505000915636064,0.43178131813768306,0.6197060452501324
1055,0.4217291967304278,0.43827139491588923,0.6299458213284673
1056,0.47808207512988465,0.6298193532710356,0.7174110496091598
1057,0.5756846086756756,0.5911991058651476,0.8757467708578361
1058,0.5403112286781911,0.5098727400988402,0.8998054104199963
1059,0.3115969139237736,0.4849306890707194,0.7111855151750297
1060,0.21997995680202725,0.21947408872667348,0.824943309078241
1061,0.6126183763279379,0.604518140834382,0.6232979905417572
1062,0.0,0.0,0.0
1063,0.48393760459522356,0.6326872347675224,0.9543814789269597
1064,0.5924387861243643,0.5914155170041658,0.8733538796153931
1065,0.5453882258660728,0.6175860339175961,0.9019642240734415
1066,0.44009885114017383,0.486151981204396,0.7094679536420341
1067,0.42060415917587873,0.43372515720118754,0.6406098304345652
1068,0.551524462093088,0.2898798328323897,0.28926286157342396
1069,0.24943523096434111,0.4399932814234224,0.6269732411105722
1070,0.48748621427810934,0.4783697110254646,0.721943970452922
1071,0.5805258896117903,0.5804182390204121,0.8731264501286702
1072,0.6569773547209417,0.6186109633433912,0.9018964607998462
1073,0.5308933354611857,0.49389485548936884,0.703989810203772
1074,0.3251098291474657,0.44385277990728556,0.6430418248844288
1075,0.4170421543265553,0.43429936980369116,0.626337968921352
1076,0.4189960800150423,0.44370081084031054,0.6312756252066415
1077,0.48557030996631884,0.4818710936380335,0.7127976052192033
1078,0.46046950957053645,0.43227070011924673,0.8731252392488774
1079,0.6421264773415459,0.6143938132714429,0.9011019034597967
1080,0.5316862457622898,0.48414764769702906,0.7025901217514864
1081,0.41731477354807894,0.4413404298799737,0.6393390193045788
1082,0.4186353637494891,0.3122270810371486,0.3108269418953742
1083,0.2126181039485779,0.2091254439167206,0.6227708976848071
1084,0.4868002043425036,0.4796270610734905,0.7189486793445378
1085,0.5746566454843215,0.5847903922797492,0.8728989238397477
1086,0.5411055592047568,0.6139801087980674,0.9082424092990405
1087,0.43485055767087083,0.4917918528114448,0.7043164193053578
1088,0.20701119666293918,0.4396534343239492,0.20899697293337688
1089,0.4208626160282028,0.43547675230758714,0.6181356200676974
1090,0.42196170626944507,0.43539037775444905,0.6280720878505155
1091,0.4814195843877118,0.47871147435794187,0.7160687979392103
1092,0.5728533185177461,0.5901179442316168,0.8785421817594016
1093,0.28126937840736854,0.3481537814952503,0.894270117881132
1094,0.2412009405317345,0.24272998158817413,0.7080704896841487
1095,0.4200334922368672,0.4383370412079342,0.6407604542830223
1096,0.4224483006203014,0.43400464297730196,0.6215913529279109
1097,0.42506761719733316,0.4358584719224778,0.6263303125497641
1098,0.4859697043816947,0.48025209339272945,0.7107437260212841
1099,0.5874909459616056,0.29336419819514453,0.29086473647440897
1100,0.5450067256395924,0.3694599366765394,0.3680534305798295
1101,0.4349346415739145,0.482299762281435,0.7066525615444365
1102,0.415439766903528,0.43810993623480804,0.6377812761133265
1103,0.2090075207661199,0.20808958347168163,0.6239990285794826
1104,0.4192861536993197,0.4431719686665508,0.6267634153295132
1105,0.4815365176808434,0.35690353626944793,0.3566517034629784
1106,0.577214320892651,0.581437796801285,0.87926222750272
1107,0.543686030144055,0.6198308479951136,0.8953625715035783
1108,0.432967932313054,0.24359306901556743,0.24387844385017504
1109,0.4218483303809348,0.3391627002489996,0.6373290286211301
1110,0.4218198234967714,0.4251985573577258,0.6192253978676898
1111,0.4222474500460395,0.4356702765794986,0.6222586870166864
1112,0.4850521708578108,0.6054710814541416,0.7179743532049362
1113,0.5833173116264296,0.5783083332556519,0.8699551506361412
1114,0.543936439061638,0.4518686901773998,0.4493541396339547
1115,0.4350111837835344,0.48420109739941003,0.34676040682054415
1116,0.4151559978364464,0.44136753839762155,0.6373696355532191
1117,0.4185512187638972,0.4360376413392631,0.619238919122482
1118,0.4207162313134758,0.4384877692217634,0.6287870955708349
1119,0.48197405023724316,0.47821984750221885,0.7169068800605671
1120,0.5761356442487613,0.582956940219457,0.8770198953257334
1121,0.5434054114274112,0.6256778427732871,0.9004778927970032
1122,0.4389054315819285,0.4891331268158876,0.7091489674669582
1123,0.4182456655661847,0.4441093639352425,0.6373384916089639
1124,0.2089278844716664,0.4363447241905727,0.21052418711321144
1125,0.4228368013830119,0.4418973363054359,0.6238065549663271
1126,0.48060710123302464,0.4752281819163868,0.7143171966639495
1127,0.583160300907035,0.581167413959495,0.8688684709093593
1128,0.5493232993703369,0.6220126846913749,0.9063769186699258
1129,0.4318061494228119,0.48753341694741575,0.27960378010505904
1130,0.20882817739515747,0.4390796062322804,0.20968833883404706
1131,0.42215645705431243,0.43374105803245566,0.6252579497546432
1132,0.4271605766001234,0.4416625233810631,0.6282291624110707
1133,0.47892933435901364,0.47904517983544015,0.7225435583944013
1134,0.5809051908993543,0.5862328029640685,0.346789780638569
1135,0.5553569523513224,0.6199472967760357,0.901096152564263
1136,0.43646005219218836,0.4902538093549855,0.8371602356886061
1137,0.41816810210398875,0.43742294531009884,0.6414926359999396
1138,0.4235585611499241,0.6191604950329763,0.3512630632892561
1139,0.4204377841939843,0.4385460584521069,0.6291061423585758
1140,0.47736188475695956,0.23874314486277426,0.2385420086124294
1141,0.5880803798260803,0.5905382830593857,0.8766117975716039
1142,0.5460066485998157,0.6217610177697291,0.9055125490925247
1143,0.43672619245984856,0.48760816938821455,0.707952627192824
1144,0.4229680866425303,0.4385500017621294,0.6393090752251133
1145,0.41619935168013644,0.4296280019894812,0.6275326934175811
1146,0.4269027825459115,0.4357358392625584,0.626108061614574
1147,0.48360177124880666,0.47564351750559175,0.720778583150381
1148,0.5840319599031873,0.5890374877428899,0.8682578519166011
1149,0.5428233327957115,0.6228202790430529,0.8966135970191916
1150,0.43651975169531265,0.48790621571772,0.7076874147974433
1151,0.41865858302764375,0.28160224105359755,0.6388042228787775
1152,0.21084691517874055,0.4354348604815512,0.20709572941105286
1153,0.21225749907213362,0.43792677818532605,0.21058295209989958
1154,0.48335002149211764,0.4829095642464332,0.7136531179184418
1155,0.5756091060570024,0.5915218412335213,0.8775999531194041
1156,0.5475747468956011,0.6174878905758594,0.9108493512071784
1157,0.43896813882503394,0.48434398893533437,0.7078996220891379
1158,0.41958967051884793,0.4400022531825581,0.6433768800564512
1159,0.20970654885001178,0.21013023893860724,0.6254684783885867
1160,0.42258921290469226,0.2185550336298753,0.21951384382085826
1161,0.48363362916179153,0.3581771759263225,0.3565706907614291
1162,0.5817116457031283,0.4354871685457456,0.4374291507597132
1163,0.5409682504186629,0.6162659764404972,0.8995356306439899
1164,0.4357955786926632,0.4950455225632065,0.7017133833826017
1165,0.4195101656338684,0.43757183168151514,0.6424425361753701
1166,0.4223610936666346,0.4313488927407894,0.6222120165741937
1167,0.424968107750892,0.4374736873103296,0.6206898608723141
1168,0.4816337982057796,0.4805860889508119,0.7145095516570409
1169,0.5695849675678386,0.582745943751644,0.8761129438923768
1170,0.5515799869271443,0.6192278448072877,0.9025046789323977
1171,0.4397486779703137,0.4883331450098026,0.7041998157105104
1172,0.4190277404024917,0.4362631404637664,0.6386860557457247
1173,0.4211073595674919,0.43132571058746466,0.6211734214212158
1174,0.4224151782767503,0.4377728221617934,0.6326977413488705
1175,0.24195540357646955,0.24100751802324513,0.7139128228171658
1176,0.5810576196317208,0.5780210406783725,0.8783832994138435
1177,0.5417499430930448,0.6217111932199006,1.0365280760550033
1178,0.43526899729878143,0.48573050782912064,0.7080030963503691
1179,0.4207894811233709,0.43720994253592543,0.6381057744185209
1180,0.4195914558831442,0.4302283512018646,0.6228782555204371
1181,0.42271593480204983,0.43965736733183514,0.6285227201981981
1182,0.481810032372757,0.4814890287862389,0.7226886663369959
1183,0.5858816370840194,0.5882707346013049,0.8752194421943323
1184,0.5400958068395894,0.6231176282071481,0.8995225445338162
1185,0.4341155525120673,0.48872914279983326,0.7062956123585917
1186,0.42216462231787727,0.27761225115552535,0.6409138175920368
1187,0.41820334526902936,0.43192453202852693,0.6231852937663894
1188,0.31565138308345153,0.4352332308369312,0.3136159366805629
1189,0.48638963405581037,0.48284462167867087,0.7182218620395022
1190,0.5782185553855425,0.2797534557145077,0.8725838094323799
1191,0.5384750753194363,0.6199766840269832,0.9031505179496985
1192,0.43729532272470173,0.4865058872417028,0.7013242475625473
1193,0.4190847086195861,0.44074444079356767,0.6352759878276311
1194,0.20882001290359956,0.4343754482488443,0.2094060838637871
1195,0.42302509977772335,0.4366077958431676,0.6289082895947968
1196,0.48480904164815647,0.48162195610775516,0.7134986303623271
1197,0.5755937940422785,0.5905620418764823,0.8692229586477747
1198,0.5399237772319776,0.6227005064038669,0.8929688067464422
1199,0.43702609192603953,0.48664136465453606,0.7027121090219811
1200,0.418936724793673,0.43805078024727195,0.6396628107495831
1201,0.4125593651888852,0.43234910574296676,0.6250759082932538
1202,0.3473277255786495,0.43850009634883647,0.6242936472636369
1203,0.48897433830127324,0.4785084584116134,0.7173566707711098
1204,0.5772976964514005,0.5844615465168269,0.8757130232526039
1205,0.5455669149242929,0.3072860705113236,0.3079309852758599
1206,0.4347065033835249,0.4890001029957469,0.28004116213136326
1207,0.4209102137074118,0.4402297551059186,0.6448306091420029
1208,0.41932082638844886,0.4256616492097317,0.6243405955842034
1209,0.41961112908080095,0.437878511326753,0.6296247870350933
1210,0.4852162559454701,0.4762589613360589,0.7102181633971707
1211,0.5792791329846323,0.5828792732745296,0.8748022101554196
1212,0.5517906306521609,0.6177241894927435,0.8964710257627262
1213,0.44200049879824277,0.48353274176344885,0.7057791709328198
1214,0.4192444107436306,0.2782903764242314,0.7350927760037357
1215,0.42269577504505923,0.4338098565921814,0.2796785174147614
1216,0.42413575534477505,0.4400430948553367,0.6222931626565672
1217,0.4805831205907408,0.4785582553202647,0.7170844816502587
1218,0.5849682151910851,0.5896964546802326,0.8739914010958839
1219,0.5498886761882074,0.6190873009591046,0.9038615770265018
1220,0.4376382694362101,0.49153347959674687,0.7103515662781016
1221,0.42119456205933503,0.4418192895939269,0.6447845758091358
1222,0.531859171112973,0.43694749344660233,0.6205338082979569
1223,0.42166713513563403,0.43756156109753747,0.6270477575873769
1224,0.47887244664215634,0.4805941990602559,0.7121700711144912
1225,0.5837590414637261,0.5868054794088665,0.869094443579157
1226,0.551809934290647,0.6193215495822152,0.8982695498461805
1227,0.4366520037311798,0.4887703151804378,0.7064946414808079
1228,0.4161602011021054,0.4363800841660829,0.6427029091872264
1229,0.41777161965555565,0.43277066025491534,0.6245679222379932
1230,0.42230431521900513,0.44105304221937214,0.6271936406444327
1231,0.48357425128115084,0.47761832850142694,0.7227180985109781
1232,0.5839344915987721,0.5929036805269041,0.8747132174763487
1233,0.5483886965691649,0.6184341620444885,0.8994675538324804
1234,0.4338293363484847,0.4849867659628318,0.702920483416529
1235,0.3205324345337862,0.43983518818525635,0.3189533232139287
1236,0.41969806338480276,0.30924930842721504,0.31223652867607415
1237,0.4213406804516861,0.43580122150915035,0.628504333975689
1238,0.48581924577715985,0.4761289567391909,0.7175333137955123
1239,0.5702728853108049,0.2931634562088923,0.2978561968344376
1240,0.5470970263160337,0.6195293676381881,0.905815226481688
1241,0.21830655319315612,0.21980832883007553,0.7109284641159558
1242,0.41895425518049173,0.4405123536015658,0.6399182554440609
1243,0.41907311945418835,0.4325628215786681,0.6273385187710362
1244,0.4208535627691303,0.4340564376263605,0.6215688912824101
1245,0.48871404301732685,0.48090699915784435,0.7157344424456819
1246,0.5768933735178455,0.5890849838916187,0.870855438757556
1247,0.549989258175144,0.6241126191023395,0.28118837670979674
1248,0.43648195795010875,0.4897676214984691,0.6977700729270347
1249,0.4153975636953254,0.4401206748091833,0.636846438611487
1250,0.4188168242681457,0.4358602669566208,0.6229729222895056
1251,0.423938590074811,0.44297834423639454,0.6304300113474443
1252,0.6752103993537174,0.6191907845027529,0.9282962508177085
1253,0.5802467904481017,0.5782221935117057,0.8656149044093784
1254,0.43666709488317024,0.6198617923843595,0.7669897309894742
1255,0.43657478444812436,0.48419903035210277,0.710109777384232
1256,0.42537572970416,0.43665058826953285,0.6411672381545019
1257,0.4174250608416329,0.43055682037662896,0.6280652088257909
1258,0.4229336432821382,0.44010339211157584,0.622878200722115
1259,0.48484635397136755,0.47932586314019393,0.712604951020986
1260,0.5830595147244384,0.5907165150963177,0.8722101713430072
1261,0.5484628820059244,0.6174401129047136,0.8967975186998484
1262,0.4406619985472905,0.48349683991592474,0.7022498170169144
1263,0.4200105668508926,0.4436870204746216,0.6394578382523743
1264,0.41955207867114236,0.43279481639660355,0.619764243157274
1265,0.4202221707716893,0.3497719117709091,0.6287886942191424
1266,0.4824755279641918,0.48077116867368713,0.7160138804607675
1267,0.5849758686719392,0.5870131153686824,0.8709411595684682
1268,0.5450095607633016,0.6220070981341617,0.9061630439021773
1269,0.4379509768552076,0.4871278344411114,0.7033755882103141
1270,0.4216482657981151,0.434270960775362,0.6380177442831153
1271,0.42089569372289165,0.4366359403766085,0.622722395796568
1272,0.425372831969363,0.4406365890989949,0.6340634701920607
1273,0.24358959681485082,0.2418795673304962,0.7102040413731441
1274,0.5760221991367288,0.5852365265864083,0.8681616582038838
1275,0.5459168027191198,0.31245141109234903,0.307997053205846
1276,0.4358661964660828,0.35203346161635063,0.7085838862278359
1277,0.4210519839612436,0.4363105143034438,0.6348477483969015
1278,0.4162155979332431,0.43101087730241644,0.34958818308991896
1279,0.21075810209169601,0.4370503743454355,0.2119511563514618
1280,0.48379805087081923,0.4793868466502807,0.7158916126604635
1281,0.5755560323035516,0.7261866815132032,0.8742549136879467
1282,0.5444828213265368,0.6279783298993454,0.8935009289544136
1283,0.4313633922017559,0.48496446694883255,0.7050336058217851
1284,0.4206727795021515,0.43670522742875095,0.6393663982432988
1285,0.4178806973416521,0.43464014879411333,0.6214734270432958
1286,0.42433311551583086,0.4390726515449821,0.35070731620613366
1287,0.4889661017459137,0.4789554068944931,0.7187763631188461
1288,0.5817034456767585,0.5855963060110482,0.27648984874497684
1289,0.5455028353021278,0.6174356273192715,0.9002076478327578
1290,0.43717193469131854,0.41425827958763567,0.3489340322655556
1291,0.421383514864932,0.4381761002827562,0.35206360649702956
1292,0.42011089038883503,0.43461665388717385,0.6228213015027676
1293,0.4251799144315697,0.43722918567031865,0.6271991671553299
1294,0.4862503172256214,0.48001771371097224,0.716358030026678
1295,0.574567651112656,0.29096414960674594,0.29517331308512185
1296,0.5429028815274076,0.28189741951300645,0.9051943523227334
1297,0.43690025060849486,0.2803734760654423,0.7046787692698936
1298,0.4187581715695795,0.4386401114871417,0.6406576321040952
1299,0.42377060649570886,0.4318051999762224,0.6248250478994481
1300,0.4218439564723018,0.3133180880214385,0.3133613352923308
1301,0.4844253459555296,0.47925929543905743,0.7212765439202896
1302,0.5807779942195094,0.5883224636955351,0.8735960692767002
1303,0.5424913196100292,0.6175050080107297,0.8997524574172305
1304,0.43113904393066615,0.4831797405930159,0.7035101871257586
1305,0.421300280713818,0.44055969939033596,0.642898106104047
1306,0.41835416560547256,0.4349336675668553,0.6229466809765691
1307,0.41819962286511575,0.2795421198382002,0.3478899571721037
1308,0.4855334355241321,0.4787535410969416,0.719209780735677
1309,0.5823680654530448,0.5900013686198864,0.8672791501074988
1310,0.5451908134761378,0.6116301575548125,0.899661672624565
1311,0.4341862300187405,0.3966336909194129,0.7109004886244265
1312,0.4199997501219758,0.5797027874728512,0.7537465770020477
1313,0.41360745489705114,0.431381526412707,0.6262734927626252
1314,0.4218084076215953,0.4379089981157625,0.6322364344526192
1315,0.49010395123372996,0.48324885442369925,0.7200799821388365
1316,0.5779858364530684,0.5821523263462808,0.8652522662995653
1317,0.5433200997377645,0.6157394021504419,0.8984365343474101
1318,0.43525040885863736,0.491889495962562,0.708428053171655
1319,0.41860929534592634,0.4382687636035261,0.6371532260778219
1320,0.4178573974235659,0.4324414529814242,0.6240130904344682
1321,0.42368380518125637,0.43875554825598895,0.629546937144301
1322,0.4824345381927705,0.4825378292972127,0.7177277356542
1323,0.5823625001043468,0.5861148110711251,0.8681959947582331
1324,0.546833697600546,0.624835475197639,0.9110631263441424
1325,0.4326610503378872,0.4872385080823882,0.7046906804332159
1326,0.2096012617836442,0.21059329733476959,0.28061492443510594
1327,0.41434568531603927,0.43195055860158693,0.6245095668814259
1328,0.42487344653644854,0.437096762804563,0.626008977292305
1329,0.47940135608277534,0.47941011027681635,0.7125387426907923
1330,0.5788485793249379,0.2961734077995054,0.29358631164999865
1331,0.5424607335749008,0.3114624678397888,0.3094132495835169
1332,0.43137860086148677,0.49357849436599854,0.7020168229081485
1333,0.4171716643002753,0.2822390106729474,0.6402674241008744
1334,0.42170895299410033,0.43126707447869106,0.6240977490162088
1335,0.42369004156160656,0.43826913882966795,0.6250917186048338
1336,0.4821557321323742,0.47791411796719596,0.7181933871092564
1337,0.5756684379680506,0.5850123071006694,0.8700798774197722
1338,0.5410002251915517,0.6180511933313798,0.9018090729960434
1339,0.4317037099618658,0.48922189412532135,0.7097622903574988
1340,0.41731443583015243,0.44071707387528636,0.6387712104860913
1341,0.41911971298582257,0.431299483595198,0.6206959563185492
1342,0.42402983584885573,0.4394864275555143,0.6246131283832029
1343,0.47761896342789617,0.4848464058963564,0.7186018846441828
1344,0.5789790445964151,0.2944996388132042,0.29157310500923117
1345,0.5464610796096476,0.2816662228760669,0.9015816009134487
1346,0.4385520370779651,0.4881149738037861,0.713292414360663
1347,0.41794088780308597,0.43593901914371785,0.6372961601332047
1348,0.41797676302313325,0.4321228547433741,0.618977164060086
1349,0.42453237256254545,0.4366854557355894,0.6299819066088937
1350,0.48589780326776366,0.48455389023491674,0.3488829609527175
1351,0.5834642943528909,0.5826792254734584,0.8712163912033681
1352,0.34524767235514414,0.6140826631571403,0.913004843955727
1353,0.4344659128346061,0.48861106130335624,0.7071953836717941
1354,0.4200314690948481,0.4391185505340399,0.6419110437536524
1355,0.41843246940931367,0.4344882608658253,0.6224265270779143
1356,0.4195217551943736,0.31407502668588216,0.3131133271768322
1357,0.4813022887556148,0.48000520122744456,0.7168796926985325
1358,0.5820363101381639,0.5807113106562789,0.8724756142813771
1359,0.5446538251715525,0.6184894190071377,0.9010273067372279
1360,0.4302433473289607,0.7026633306760239,0.3514557734575664
1361,0.4197430781572097,0.4422659361044863,0.3505622823816473
1362,0.41740307807566146,0.4383915584592226,0.6230334586335735
1363,0.4200419952724531,0.22019411455567084,0.2211774533029277
1364,0.4815056717472592,0.2783562656953208,0.717840331615818
1365,0.5756996410377728,0.5873671330465664,0.8746251001309339
1366,0.5474671891273846,0.6253193586647131,0.9032756615490204
1367,0.43460275032267937,0.4900777221661847,0.7040068832861657
1368,0.42031171217560426,0.6385384238529342,0.28170373994561454
1369,0.4172261169845173,0.4313275583097374,0.6252366373813879
1370,0.4220459936997785,0.4406751820955765,0.6204710061834107
1371,0.4861510462115856,0.4781815928385039,0.7173716976678415
1372,0.5827180784821115,0.5796534588387772,0.868876449128462
1373,0.5473180787226913,0.6201168811486197,0.9068192343299231
1374,0.43399240179438814,0.49094198905206543,0.7062206916402759
1375,0.4206309992689895,0.43476020773418494,0.640151788477445
1376,0.4185235861988078,0.43514900809049006,0.6219170237062905
1377,0.42258556559451893,0.44222518244052567,0.6304245289114628
1378,0.4849977447580914,0.4781718527489654,0.7115067979071119
1379,0.5853810068548764,0.5907575576603185,0.8765901118980237
1380,0.5437284222337688,0.6153951010450551,0.9043486128394934
1381,0.43313265382439586,0.48366961161896416,0.7057347754899977
1382,0.4192066911549433,0.43977913842207395,0.6367438436554678
1383,0.41967919414982957,0.43171509878867076,0.3506306241669478
1384,0.4253339404391887,0.313524006743083,0.3136255266207882
1385,0.47687344980687535,0.4832084160162286,0.7153209115770668
1386,0.5863242220514868,0.5825267429679356,0.8719700722301592
1387,0.5501544968852575,0.6190099445108481,0.9019930451973373
1388,0.27791822185571896,0.48827708128459657,0.7078045361541981
1389,0.4197276947246141,0.4393894959006648,0.6390747004955697
1390,0.42227608425942964,0.43857869998344323,0.2798882893432477
1391,0.4184906087842373,0.6329682818517834,0.3538603178855099
1392,0.4818826383633371,0.3578683963336545,0.3557135432526786
1393,0.5742519438662519,0.5911559844646102,0.8707291465300497
1394,0.5436381814029544,0.6164917044187177,0.898576543109043
1395,0.43800248611706977,0.4881654481184162,0.3495260854855924
1396,0.41922516045599595,0.44260437212330556,0.6407616816778715
1397,0.20959152107125087,0.43463436994013893,0.2113932705837846
1398,0.6109604289496944,0.6189786671998201,0.8694497712528894
1399,0.49081920014708397,0.48303870804258897,0.7122456607808207
1400,0.5862249794931981,0.5802002884829732,0.6972272586913333
1401,0.5441129831538852,0.6184192010595373,0.7665490190546829
1402,0.43582644817518623,0.2787001077310174,0.7046314852969624
1403,0.4179062950346723,0.44051227515673963,0.350259165344399
1404,0.42002131459674086,0.4323738422410063,0.6229240911629145
1405,0.42438157198437704,0.440756506430387,0.6252046976194172
1406,0.48291583427660884,0.4793195851785827,0.7104377618681116
1407,0.5800167053056319,0.5871584887621789,0.8773763881064582
1408,0.5425705987017613,0.6193497427620551,0.8959960001146823
1409,0.43463078431746194,0.4896478947899906,0.7089354131422297
1410,0.20964452277423268,0.4415639075012333,0.20963222055997185
1411,0.4161502342302704,0.4311895195490247,0.6215630611674015
1412,0.4208955667592691,0.4387379117348718,0.8344708918577257
1413,0.482935973287787,0.47884905264272304,0.5158307879651354
1414,0.2877577580659591,0.2903892907429098,0.8770222045217283
1415,0.5449591150150017,0.61802313023302,0.9039792778448573
1416,0.4417633227920864,0.3508400692440653,0.7014301429359621
1417,0.4200000590783158,0.43951443165583387,0.6423202184678668
1418,0.4214443598914552,0.43239469083915777,0.6225109830781534
1419,0.4202382625602045,0.4435914731861628,0.6272878477960498
1420,0.4862975579924354,0.5987519130203495,0.714647907036343
1421,0.5791787557768169,0.5838485236806269,0.8756440879078393
1422,0.28003159471827926,0.6176954965166033,0.911477794871296
1423,0.4349452266730661,0.4892651540980869,0.7093617266441596
1424,0.4208548494380864,0.4385199315951331,0.807376912661781
1425,0.599664764766247,0.5609795809994634,0.35108103900537213
1426,0.6286874074758451,0.6388772578794261,0.6313973377156193
1427,0.0,0.0,0.0
1428,0.5755397106114293,0.4353569062072834,0.43315969425646356
1429,0.5436571392744367,0.6227628591394374,0.8997156255674723
1430,0.4355704487276357,0.4899299476162333,0.7063952937188823
1431,0.4184911595274105,0.43711381424364054,0.630129877976164
1432,0.41963541446327374,0.21678062676109672,0.2174560022924344
1433,0.572333669901312,0.56811794369394,0.7615632731282133
1434,0.48279441950513075,0.48190975810581016,0.7141219186369384
1435,0.5767864590785816,0.5867761785815003,0.8745641344802239
1436,0.5464153670885272,0.6216493066625549,0.8968768220597196
1437,0.43644564537879443,0.4849406766772384,0.7065221742817429
1438,0.41700188660966137,0.43671827506501426,0.6332915322159817
1439,0.4224596005540054,0.43396538974331555,0.6231726501359154
1440,0.4242416593837741,0.43612097578341175,0.625470257874376
1441,0.48686691503081075,0.48084100830536974,0.7143154019311537
1442,0.5779961326082304,0.591007347136165,0.34911751009879743
1443,0.5510686463740497,0.618996248762503,0.9025170570721145
1444,0.432215686841731,0.49244938009866424,0.7074091314934258
1445,0.42591537845941385,0.43578299364325024,0.6395936528000623
1446,0.41752841469468144,0.43446064684569086,0.6223007056716396
1447,0.4254221205190538,0.4379651507700711,0.6280479626656852
1448,0.4796356295290275,0.4832147998198486,0.7165290174077253
1449,0.5792819265249521,0.5878283045443989,0.8778596703045233
1450,0.5483189318607532,0.6246880731976716,0.8992272197412291
1451,0.4373104717746792,0.4947884883709372,0.709563394437977
1452,0.42001765383480943,0.44405310033358264,0.6412222655226104
1453,0.41948051012320414,0.4334616246960765,0.6228263493858907
1454,0.42342099193364674,0.4347400395677084,0.625571970349216
1455,0.4899855428653382,0.4775285342138119,0.27652920880492177
1456,0.5811987618183236,0.5882499833235618,0.8709967540094434
1457,0.5494020313576143,0.6162284699914043,0.9070896527380117
1458,0.4371602937981569,0.48829707888546486,0.7006420918470295
1459,0.413474893240997,0.4379277454180433,0.6413685616768443
1460,0.4176506492511907,0.4291235247403027,0.6181350802495292
1461,0.3513038793809342,0.4389456301750339,0.6287113491908972
1462,0.48303589455792817,0.47634625653980706,0.7159616073553423
1463,0.5813623200897907,0.2914400613876244,0.290469980883357
1464,0.7245988082391659,0.44990340371281473,0.45217055439527776
1465,0.26939860438735047,0.4879316829346339,0.7070636025945547
1466,0.42171172882136393,0.4409794367212205,0.6400332846301005
1467,0.41614404785632186,0.4306556082477481,0.6201930959644743
1468,0.42154959059123276,0.43934940588521276,0.6268856330496573
1469,0.47878106713151514,0.477730260103296,0.7116452802327595
1470,0.5826749443394018,0.5828964901842072,0.6829137152714331
1471,0.54940922498795,0.6187239292337053,0.2806823513688803
1472,0.4368660839411044,0.48676908140265646,0.7099726317803403
1473,0.4203817878612556,0.43871504866469224,0.6324210161830724
1474,0.2078398157900637,0.4331552596069294,0.21011398334759301
1475,0.4198431791893334,0.43760034691392224,0.6279407847685298
1476,0.48399323017908447,0.481463498108171,0.712593853822885
1477,0.5792559179766836,0.5872351309196174,0.8807384151698389
1478,0.5476718233178941,0.6187313692089899,0.900489037352033
1479,0.4375667409294646,0.48544771466828907,0.7063549060977891
1480,0.42061999844550724,0.43936969578535345,0.6376964745697355
1481,0.41713036718760144,0.42844213877551374,0.6214826785197601
1482,0.4244095639404564,0.4405062159106854,0.6250854012517705
1483,0.2438514306231316,0.4824757873171696,0.24339432409032458
1484,0.5800553547162755,0.583860766118589,0.8715248961018417
1485,0.5461413440104796,0.6245267944126366,0.8975594585147701
1486,0.4314368081443932,0.24509707460290134,0.242026815232305
1487,0.42273340539102366,0.4378097582429743,0.637411445810133
1488,0.4197222490048111,0.43088262554499274,0.6259359325602174
1489,0.21120553322476704,0.44115593063933883,0.21021766850810136
1490,0.2371232868762079,0.2382946415137126,0.23925966065937918
1491,0.5777674793987785,0.5910638632932069,0.8741051766893434
1492,0.5415817811333492,0.6171413898287202,0.9063607279062517
1493,0.43500323592173884,0.4899862343154148,0.7100619939575817
1494,0.41909429597539505,0.4395844640489433,0.6406238136618391
1495,0.4225609346866169,0.43409266964172094,0.6266389985493144
1496,0.4185940152797987,0.44312210138285885,0.6277205477066421
1497,0.4823245481865794,0.48404990020044547,0.7148305494298076
1498,0.577983257671892,0.5817227596631193,0.8768711675195371
1499,0.5437092514132601,0.6256144541599956,0.9038637396528939
1500,0.43700592966082696,0.48897680467839993,0.27654133696830907
1501,0.4125786696680083,0.4380749722331026,0.6417280237459292
1502,0.4189396141253202,0.43043584639097066,0.6178968118499244
1503,0.4242462944312095,0.43699774269701297,0.6268901594935492
1504,0.28116511932034755,0.48329262404524875,0.711992051868676
1505,0.5756602831558475,0.5913176174018192,0.8722200428579175
1506,0.5429004302064315,0.3501443731149376,0.9044277633672593
1507,0.27913912130477236,0.2445296284699005,0.24187446943425175
1508,0.4188033445851752,0.43815751356300353,0.6393603617407718
1509,0.4211530144344494,0.4315156735056084,0.6238510634859937
1510,0.4231067953056858,0.439367490976684,0.6281030249377313
1511,0.47818026034332245,0.4783241122290383,0.7256209183391068
1512,0.2798520191210628,0.5862450364043631,0.8710993132688418
1513,0.543544411454882,0.615816206950715,0.9085217033305498
1514,0.43469375206173466,0.49178803063685655,0.7024956283207983
1515,0.4220200189084161,0.4390937799275641,0.6419308678492314
1516,0.42221168285304095,0.30941246338281525,0.6227037198476643
1517,0.42215849448408127,0.6068596716505389,0.6291391944916346
1518,0.48055531270289914,0.2387397472923868,0.241043875303541
1519,0.5851885323148853,0.5827134571314395,0.869019472515214
1520,0.5430446022789964,0.6202204737193652,0.8982538417137527
1521,0.4339878721476991,0.4868475522492463,0.7091890351263312
1522,0.4206158075123086,0.439441917015665,0.6364721268133875
1523,0.41722322845589654,0.43240985022624256,0.6283833331535685
1524,0.4229881983648489,0.4393664266808278,0.6354744785213663
1525,0.48664504111517237,0.47559456195690175,0.7161541679633819
1526,0.5890912292368621,0.8719071118527989,0.3464464006827179
1527,0.5412835931253759,0.6181791519050156,0.8989287925195956
1528,0.432390603978715,0.4873709884084826,0.7013384735447141
1529,0.41875766064205,0.43531370242187717,0.6402721867613834
1530,0.4167329257425481,0.31045246152986594,0.3099293009586664
1531,0.4285177413068932,0.43787398427948665,0.6286330054480965
1532,0.48135995894038525,0.477492021097553,0.2794614779179264
1533,0.5804037078168525,0.5826790002005717,0.8646386544834834
1534,0.5439377069291381,0.619986471392209,0.9035634460803408
1535,0.4320915700499662,0.4933052952678727,0.7098073063594602
1536,0.42178883148930485,0.4390501722816021,0.6375893567476134
1537,0.4184865466864333,0.4337126983403617,0.6255225590663912
1538,0.4210945018009227,0.4381287623840077,0.6279036574093271
1539,0.4863281481551032,0.3480169335921692,0.715691538631221
1540,0.58055064831365,0.43537509137116015,0.4342044282847015
1541,0.5516570309689374,0.6176065587249026,0.9041519569076032
1542,0.4365462034130251,0.4931287231186206,0.7089644588718811
1543,0.422541193741143,0.4441031326526361,0.6378069884095194
1544,0.2166254810469459,0.21957645641031218,0.6206107292169039
1545,0.4199108998933347,0.44008997804285455,0.62586746356517
1546,0.484956836712554,0.24201004295388012,0.2399322029552127
1547,0.5813823286467218,0.5880377015410797,0.8778619987292033
1548,0.2735077934474735,0.6113725654869244,0.2721749003753279
1549,0.4329027293840329,0.4839039790155501,0.7037086117849224
1550,0.4172403712216673,0.4389679428700275,0.638033242032603
1551,0.4151338474059314,0.4387142094465897,0.6236720468917945
1552,0.4229797937922072,0.4337876712799685,0.6268973515145713
1553,0.488474203482313,0.47690664345458683,0.7107548081243428
1554,0.5756660903068204,0.5832221499829295,0.872671623722891
1555,0.5481490120379714,0.6207378620800998,0.8998072662457891
1556,0.5315761586260647,0.4874643339797679,0.708549420574268
1557,0.4187474928857969,0.43739176612526964,0.6360461146491354
1558,0.4181762563276424,0.4301909576296621,0.6283146079263315
1559,0.42646672389536133,0.4370733627923551,0.6297742039516017
1560,0.48487638092206153,0.48261053546863725,0.7190498570483457
1561,0.5777675911286261,0.5822243646373415,0.8741186798046023
1562,0.5444851653191196,0.3108915372791976,0.30741807233567114
1563,0.3509607971403592,0.4845212493889169,0.27811355145049643
1564,0.41988828625721436,0.4388349338388287,0.6343591413914141
1565,0.4158233845596641,0.43642085107212325,0.6251653640087445
1566,0.4236842263972012,0.43730119562250147,0.6275276188159992
1567,0.4807026215930899,0.4801331021496419,0.7194900930060838
1568,0.579673789110142,0.5905407203697174,0.8782312762780085
1569,0.5435297472424183,0.615582074740412,0.9037715279340047
1570,0.21704115110012032,0.4906938704926518,0.2187273334022149
1571,0.42251371078492667,0.43983105706518094,0.6415928014432662
1572,0.42075410274320274,0.4374532342743961,0.6201514029222716
1573,0.41938526739964427,0.439776696722953,0.6309546804253288
1574,0.2429029197407444,0.48035037428336846,0.24038546980293646
1575,0.583010330385655,0.2928217871321113,0.2920024799587493
1576,0.31068845065556566,0.310306060063914,0.5471472185603843
1577,0.4379998955839657,0.4888725876834714,0.7014319878155403
1578,0.42010152941934004,0.434655591195348,0.7607018728723564
1579,0.3108485721857782,0.43777212139673605,0.312705094573691
1580,0.4242453524515049,0.4419580233608681,0.6310196961367746
1581,0.48818891028370637,0.47601160769618656,0.716616232292324
1582,0.584690757455375,0.5931435761298699,0.8735276715737952
1583,0.5457442427539236,0.62185687996759,0.9036100665091338
1584,0.4389937535743695,0.4874311762941512,0.713744744329371
1585,0.42093747235789797,0.4370275462765711,0.34842621763448206
1586,0.4190132277434191,0.2176140890903402,0.2167381522842358
1587,0.42466883691302676,0.4417386545067748,0.6281328987146798
1588,0.48397396588308433,0.4768144996896583,0.7151115622219593
1589,0.5801859743209979,0.5898539015003265,0.8768211764444143
1590,0.5455342703566733,0.6206831784798114,0.8987379978452722
1591,0.4321079503628502,0.4851695294792063,0.7010758053478674
1592,0.21069424396197578,0.43424805705501535,0.21038222294501457
1593,0.42285410339763785,0.43398776485105867,0.6211551374503539
1594,0.4214462150317508,0.44001851875564046,0.6312198004640062
1595,0.48296639098898764,0.47919895838059723,0.7061528122196318
1596,0.5765500581745482,0.5859771973911213,0.8776613413035149
1597,0.3508181778806903,0.524872774378637,0.9037765800954872
1598,0.4377674854679723,0.4835264702222898,0.7058019962031399
1599,0.417749054962803,0.8966724424719095,0.6361698996093222
1600,0.41811417456626043,0.31263083919697104,0.6229951207851508
1601,0.4242044886483915,0.27951786775962995,0.6261552742837337
1602,0.48395935360069375,0.479127881025963,0.7110799827996117
1603,0.5811131467047197,0.5856606521264661,0.8775505980790248
1604,0.5500205143038334,0.621375253744106,0.8992315887467281
1605,0.43721665237361496,0.49207453629788855,0.346955670741398
1606,0.4228777927257067,0.4339317251254107,0.6446229224267084
1607,0.42077989928250004,0.4302635289688511,0.6169211045603362
1608,0.4229227106130009,0.43556499688878225,0.6296346438881206
1609,0.7108210191778798,0.4739559485945367,0.4833476032262223
1610,0.5845085984701104,0.585369408883505,0.8795993319618988
1611,0.4530969339194287,0.6200029249166833,0.45124381690413995
1612,0.21775573918243427,0.48738275509906037,0.2170874498103292
1613,0.13837806133277142,0.43582665680302785,0.13785619285726625
1614,0.2086403494049158,0.21048265530429144,0.6197118483197227
1615,0.4219664823168645,0.43708861439641955,0.2854323215568823
1616,0.48933178571813146,0.4812319767183036,0.7139688793559271
1617,0.8427810414550649,0.7619624581756868,1.1655480670039549
1618,0.44364961354527555,0.6221025142563589,0.7457215265267987
1619,0.4321979768881649,0.48308665084092983,0.5795667898025826
1620,0.42033117450797575,0.44008043692914967,0.6423865630824168
1621,0.4203589383673849,0.4320294470272693,0.6247982759094448
1622,0.4225467928122884,0.4397950021340138,0.6305232586695921
1623,0.48355266614040476,0.47631494830539334,0.7154686467122855
1624,0.5765518066647123,0.5856732508769787,0.8705818949010198
1625,0.5435889831439726,0.6282763073683659,0.8992602001538963
1626,0.43593072416646284,0.49184477606450994,0.7060348757322501
1627,0.42489931621215093,0.4369579276977622,0.6460937267561849
1628,0.420613297525712,0.4296989779098784,0.6248843529095311
1629,0.4245144315522336,0.4347705829385129,0.627035830413546
1630,0.4806075706883718,0.4791477938520265,0.7140464136370552
1631,0.2921967445415681,0.5872161849173636,0.2906343657030133
1632,0.5499266055461012,0.617823886771479,0.8968815097936249
1633,0.43752365402155774,0.4894006845858639,0.7151215148642842
1634,0.4199122631251523,0.43689343209580256,0.6384281163960516
1635,0.4204235562960731,0.43670560725420005,0.628640716278674
1636,0.4190261631435023,0.280550211013539,0.6254630973218834
1637,0.23826723044832013,0.24359355781353206,0.7150832689301185
1638,0.5766289541260057,0.5860452511457548,0.8703595825433051
1639,0.5471142308976545,0.6163500109546327,0.9007320378380106
1640,0.4382388592003367,0.24303291094054594,0.24215340339432526
1641,0.419518915695059,0.43791981370656585,0.6382751960993951
1642,0.42082850861727894,0.42923603962352913,0.6191673887064396
1643,0.42466467800951946,0.4388894212042922,0.6291801825583292
1644,0.48125522686570904,0.4789810071469873,0.7114672946236618
1645,0.582516757845697,0.5839074398875516,0.8864247006217524
1646,0.5443849364666388,0.6150493524372452,0.8960271221397383
1647,0.43382678031039307,0.35565636392932,0.35450378975071556
1648,0.2081992420231629,0.20747839861542838,0.6389951174055806
1649,0.42018657758176536,0.4333377089857638,0.6189413651815481
1650,0.42131772987763516,0.43779514007040193,0.35315937091792293
1651,0.4833636880302431,0.35291642554458735,0.7203726249773746
1652,0.28776462819916127,0.2910159967353118,0.8723440060089203
1653,0.5518788810724896,0.6244017557384561,0.9047405278308205
1654,0.43812668906499713,0.4889129852435462,0.6989380637405899
1655,0.41913090828184707,0.4352996663266734,0.6350457427208324
1656,0.4205645850539814,0.4351610514538348,0.620060854964408
1657,0.4231280457318958,0.43637525694183205,0.35021736868555536
1658,0.48787437603800476,0.2386684102420457,0.24288803791947527
1659,0.5827992881497444,0.5811746574034654,0.8696701625145162
1660,0.5420926647120151,0.6185925893787919,0.9059637644568685
1661,0.4348418884468137,0.4880271811579472,0.7049781118986804
1662,0.42117311533723734,0.4372017555512593,0.6386896685316793
1663,0.21047013870229148,0.2094170112086844,0.6255274870902076
1664,0.42682179711715534,0.4394041299096128,0.6248592113028439
1665,0.48361500282511627,0.47547260794454843,0.7147634552250565
1666,0.576537454605897,0.5875980623969322,0.8717990254759005
1667,0.5490995383460935,0.35137708604215356,0.8983061579984389
1668,0.4350411155459312,0.4883992341986059,0.7099977613897576
1669,0.42122141215419906,0.43895347129303186,0.34904865446956984
1670,0.4211026969601394,0.4312425420308774,0.6233052156407544
1671,0.42414729206782176,0.43884471963713007,0.6252898503368611
1672,0.4819304656575114,0.4778585204999278,0.7154999635099732
1673,0.2877127210087994,0.2901424852939981,0.8739510083160207
1674,0.5434350356590857,0.6170634667126002,0.9036614737842116
1675,0.43486216218635765,0.4892637331631598,0.3521620159422835
1676,0.42071900701762627,0.4433337950502832,0.6395119263307582
1677,0.4212716552026038,0.2791231838467103,0.6242177107992014
1678,0.42326199336339443,0.44137139079818083,0.6297453920107603
1679,0.48080748315184824,0.48167838933525303,0.7188060289342647
1680,0.5767385996562926,0.5859678514134042,0.8763735862287412
1681,0.5521830642285358,0.446014069508374,0.4493491869167344
1682,0.43491575291106577,0.4911549501481316,0.712276079417323
1683,0.4187278944276129,0.5807400557962664,0.7615423240198057
1684,0.4146530953768475,0.43483291967603094,0.6269711830322323
1685,0.42426056324037903,0.4354150472265165,0.6267891961903049
1686,0.48890262826914405,0.4783213584115013,0.7148340853074817
1687,0.279610534372863,0.5804364569621925,0.8752265580610608
1688,0.5440426148001156,0.6201039222259782,0.8931627542322955
1689,0.4397784989443652,0.3544528110332572,0.3520097714631336
1690,0.41714000935701845,0.43908254281189557,0.6413245642952266
1691,0.4221501698059673,0.43484917777873966,0.6220231664371823
1692,0.42387427231090197,0.43821832795518806,0.6283692848420104
1693,0.48112076732296294,0.48023418026950615,0.7148769556122919
1694,0.5786741187139808,0.5877096287562825,0.8724550527200583
1695,0.5442330196202795,0.4487090510725653,0.4491389799021024
1696,0.43653025131010365,0.48854792474495273,0.7074841955836536
1697,0.4161726524979297,0.43042482675243804,0.2758721231694932
1698,0.4222327292819313,0.4326336129614352,0.276964887961026
1699,0.42290718642943115,0.44062450632003825,0.6268167295381374
1700,0.2410345511817373,0.24113836903396915,0.714123176547669
1701,0.5736038488698051,0.5877908123595957,0.8690041045339295
1702,0.5477049932170679,0.6117383088089957,0.9051726439813378
1703,0.4360630710915838,0.4896748767913262,0.35116502526808663
1704,0.42090832955930746,0.4415476911707879,0.6400756218658787
1705,0.42059712657620885,0.43404971823506505,0.5036495719807381
1706,0.42103055034523595,0.4436227323304612,0.6298567180363124
1707,0.4790641519642337,0.4813465977246526,0.7150104843071676
1708,0.5813974007363502,0.5825048298174422,0.8708894869473969
1709,0.3548097148840567,0.6155173449529382,0.9053291793883959
1710,0.435102242193495,0.484945621244162,0.7081122855964023
1711,0.4218565231488395,0.4373270891858981,0.3486107149944698
1712,0.4207110134389391,0.4297508208990536,0.6213238453321823
1713,0.28196690902576077,0.43982012008593324,0.6342087614571253
1714,0.483226473727087,0.47732349017702763,0.7109544014857784
1715,0.5837759352573225,0.5839461729252886,0.87225354112633
1716,0.270756143366244,0.6163729444440799,0.27125056419843674
1717,0.43869142556895624,0.2847935672010122,0.7115359512485512
1718,0.41826619252305075,0.4448681547897848,0.6405965259321622
1719,0.4215487631050468,0.34573374617033487,0.6266234660787701
1720,0.42597944600882715,0.43762489281961625,0.6328036567409027
1721,0.24212990205286516,0.48006982551950755,0.24242394983561208
1722,0.5852468529802198,0.29295508181669566,0.29113251992299793
1723,0.5429016180331937,0.625898780542359,0.9051788573623851
1724,0.4399589532657761,0.4865242850438421,0.7043264348496522
1725,0.41746054683683936,0.43796835085749364,0.6433902500005939
1726,0.41624887247485587,0.43077346431346936,0.6229968458166111
1727,0.42216341041865457,0.217644838388163,0.21931635860894913
1728,0.480978980171673,0.48086788661928126,0.712204682945305
1729,0.576460226764621,0.5861621131303432,0.8699615252506415
1730,0.5504523795403294,0.6196203675930244,0.9012425235103385
1731,0.4358536739392212,0.48870364841382646,0.7076425713157316
1732,0.4212709569968719,0.2788522229473422,0.6363790901582003
1733,0.423844659117794,0.21598649090494934,0.21644915655760552
1734,0.4214466289974241,0.4436715438118274,0.6302028928362183
1735,0.48413564658289765,0.7141255172585418,0.4805309728837269
1736,0.582667436892689,0.5845784530181904,0.8671933139247696
1737,0.5421701361839041,0.346883644720873,0.8970653032230407
1738,0.4331250742720611,0.49213424456550214,0.7070573931547047
1739,0.4138718693122127,0.44073015552323114,0.6380933413376892
1740,0.41852152486279337,0.3526536124707604,0.6260095617580119
1741,0.42098504241296053,0.21729395745633712,0.21869302314727435
1742,0.4849093476066694,0.4741514877815784,0.7123652742934816
1743,0.5763740569691959,0.5862724690888185,0.28051454500203704
1744,0.5496174481798419,0.6177766217893337,0.8998693785915923
1745,0.21843021732224965,0.21557143217418043,0.7062297361185381
1746,0.42236458564586093,0.2206824142926962,0.22246211332075205
1747,0.4199462670515622,0.4313389230094374,0.6250247052703919
1748,0.42385115439361853,0.4377315241903448,0.6298097653008916
1749,0.48604295366053907,0.4787419975585963,0.7156266701240842
1750,0.2926900025922474,0.2906924818552032,0.8705266520171274
1751,0.5488559367088653,0.6228559347492298,0.893420868054054
1752,0.4346416435264646,0.48969224861684,0.7089353244634503
1753,0.4227386271576843,0.4385736543995825,0.6372838444735305
1754,0.4200578326836869,0.3142582778701391,0.31075589731002556
1755,0.424652491130372,0.4373677085707259,0.6320484107765714
1756,0.48435390492548286,0.4805458093676588,0.7124267215405464
1757,0.29400878523318946,0.29507434260584414,0.8675269211838089
1758,0.5504340067131072,0.6169586669111957,0.9015692748775676
1759,0.4359012809920023,0.4878496780474636,0.7015811461107032
1760,0.4204749983754774,0.44259784403851793,0.6384737046251785
1761,0.4198500521624704,0.43180029928012276,0.6264237065011132
1762,0.6204723070896199,0.649463671846977,0.929325008069188
1763,0.4864141529002349,0.47908140035138236,0.7189309285416325
1764,0.5769527226795799,0.5898474530236567,0.6874184685388828
1765,0.5445706641684568,0.4666376969480726,0.6997773316256302
1766,0.4385264155785772,0.4846488964151158,0.7095219456860641
1767,0.41969263268912177,0.4369230873506107,0.6357441850187535
1768,0.41667737519736914,0.42770085947022973,0.621478372579643
1769,0.4221686714134941,0.43810398661622285,0.6257556823450685
1770,0.48243129816764735,0.47937543101696,0.7109485001361265
1771,0.5794909945672287,0.5820472766838038,0.8753040609221311
1772,0.5443785251295318,0.6199888230951696,0.9008093384597242
1773,0.43581691024331787,0.4890629953935998,0.7068474007520639
1774,0.42338505488935707,0.4403626655500355,0.6431293273923463
1775,0.4194414600796095,0.43089225968423134,0.6220002643162582
1776,0.3478227645535259,0.43870830287548174,0.6283119079171048
1777,0.48530605010709044,0.4800930081932833,0.7118569233100389
1778,0.5832560304667039,0.5879237943307465,0.8734180971281654
1779,0.311478698132809,0.31265592678038157,0.9014058327355448
1780,0.4321838088387425,0.48946213958930296,0.7098650334040454
1781,0.41546679282122745,0.4381598375747877,0.350662617620101
1782,0.41617068257163164,0.43506423344865874,0.6215811439518816
1783,0.42376512934696015,0.43797217458735777,0.6290971447803734
1784,0.4905294021155059,0.4820609353642338,0.712312314670447
1785,0.5786160440791344,0.5849530947609859,0.8698489831674217
1786,0.5464078960259348,0.6227903040481433,0.9032055642231479
1787,0.4378081998406986,0.48455036043582217,0.7056608789946549
1788,0.4181595763766035,0.4391081470959457,0.6377137485709253
1789,0.4164733675111299,0.43224988967942973,0.8283694460663714
1790,0.586839789631329,0.6259553124611746,0.931021012815495
1791,0.7663226338488206,0.7933260299252283,0.9603662349069766
1792,0.0,0.0,0.0
1793,0.5430730717760588,0.6135151772135921,0.9040764708110348
1794,0.437312047434845,0.35204036794782445,0.35338272033531365
1795,0.4208030935172707,0.43952268482370055,0.6344654080033763
1796,0.42006779353955226,0.43175371853481376,0.6227272344313782
1797,0.41855500110005134,0.28074750696528444,0.6272347251723803
1798,0.37049715542333206,0.34920791026507153,0.3680437972841597
1799,0.5835485440983921,0.5824358760427877,0.8776298092490424
1800,0.5405953714377102,0.4867725500601524,0.8968512433967993
1801,0.43261604826169897,0.24332926046706782,0.24418381050198196
1802,0.4204266809231641,0.439971628262475,0.3539358790766819
1803,0.42157314914174276,0.4353528713314445,0.6252641613595792
1804,0.42496261027418414,0.4385968520834638,0.3464947884308536
1805,0.48601335972731524,0.2817875312405478,0.7091589312528631
1806,0.5857453120120021,0.5835206371177678,0.8730508379974672
1807,0.27323337736377146,0.6252527326753226,0.271650810876197
1808,0.4357965768608573,0.4898575526611871,0.7090232443294802
1809,0.42021811219702926,0.4390158010045646,0.6405179393182096
1810,0.41786020071400226,0.4318785079928336,0.6269958854042349
1811,0.4232305514424177,0.4364392081575636,0.34958021231886455
1812,0.48415499423689456,0.48114671924104435,0.716142142097834
1813,0.586875545826636,0.29358791519863814,0.29132983680623786
1814,0.5439669820450306,0.6173575164505631,0.899138690339651
1815,0.4346509943068065,0.488021344910411,0.7077055382558207
1816,0.4160409769099954,0.4404404126170281,0.6409064958178954
1817,0.41988553980340604,0.4365276848022727,0.6248963211108771
1818,0.42184369700733415,0.4367658025926205,0.6205069350049751
1819,0.48590647960883165,0.23948908545318415,0.24035182564132207
1820,0.5815103031538083,0.5833400085464008,0.878099453026721
1821,0.31223471277100584,0.3083260873685548,0.902168478113937
1822,0.43062786744645476,0.7044243127857154,0.27974007871867057
1823,0.4231516242213789,0.4365330635970104,0.6384230986340053
1824,0.4194559215380913,0.4312637726116034,0.6244525819871605
1825,0.42043696733348546,0.43825849845314163,0.6259389579431314
1826,0.481520879310428,0.4807158280605561,0.718722715953321
1827,0.58361982156059,0.5867116923445922,0.8721838494099757
1828,0.5496018738946014,0.6200399750729733,0.8988330978536784
1829,0.43423496892528196,0.4896328378781631,0.7049886576554331
1830,0.41942995394596355,0.4435196348328511,0.633837496687034
1831,0.41821467152142244,0.4285673444642411,0.6231608443710273
1832,0.422205654773653,0.439043959160704,0.6256647870233091
1833,0.48335737282589963,0.4833047945001644,0.7169665812876342
1834,0.5777613078039145,0.5884910585092089,0.35096404826754435
1835,0.6419684734669422,0.621315080612873,1.0334033938757003
1836,0.43887438474023477,0.4906125588144227,0.7018784840955176
1837,0.41855368492962164,0.44112121228248646,0.2824910787512082
1838,0.4182433402350198,0.43370435413383807,0.6207361681486386
1839,0.42433749448109004,0.4410704833658806,0.6279341173201257
1840,0.483200950722488,0.4838375813201481,0.7124023223583772
1841,0.2766387691007802,0.5876343533438778,0.876299646719727
1842,0.5454705838570872,0.6181514885400935,0.3524197739454681
1843,0.4344657732359915,0.48665237567922887,0.7072175282564733
1844,0.4160858028365877,0.44040827958070206,0.7458958376158075
1845,0.20874548964433598,0.4299223369886123,0.20817140628124828
1846,0.42518696892048,0.27878290894909796,0.6278164582717984
1847,0.49310068722967476,0.4800105139307477,0.717309911237046
1848,0.584030100100666,0.5819635579929094,0.8795909855758112
1849,0.5443992057305963,0.621364641567886,0.903104533564028
1850,0.434485588683901,0.48489836554378146,0.6999518742371392
1851,0.3173831934807933,0.4387119719437359,0.31829209858039414
1852,0.4171763663988335,0.4303739417845888,0.6244334574343926
1853,0.42092222944173685,0.4377185029991557,0.34828973378310196
1854,0.48618093442783167,0.47877922886107493,0.7131438782619128
1855,0.5836304636603814,0.29350964682024,0.2927711716988225
1856,0.5463548245338918,0.6196400295117828,0.9068120609013928
1857,0.4349909976238807,0.49006077841453366,0.7078049287531859
1858,0.42249252172838153,0.4406067477369982,0.6376984122552526
1859,0.41533538575056556,0.21507735537591136,0.21752174562887797
1860,0.42432856077662184,0.4397490310210625,0.6306123067965972
1861,0.4876548177858311,0.48525199800377705,0.718946802863892
1862,0.5777721953396883,0.5884424572115542,0.8710914450384588
1863,0.5439270408003828,0.45458456306207784,0.45184792058995954
1864,0.4342883722813407,0.48827677445664514,0.7051615209279449
1865,0.41824511915534324,0.43363440073711346,0.6389670916733782
1866,0.4237720527054875,0.43155492056301664,0.6283504331522468
1867,0.4281682838343112,0.43230231477855907,0.6274840608669241
1868,0.3475002069497304,0.4767437094374349,0.2785179049214665
1869,0.5797186822189412,0.4331904837035172,0.4401607597489892
1870,0.5462222104408777,0.3104546505841664,0.3112066340150494
1871,0.4380214083202031,0.4857594515770822,0.7039746056891367
1872,0.41943879774753734,0.43826621131740123,0.6392950987412549
1873,0.4154552396539649,0.4320341758262761,0.6202137746933343
1874,0.4225958106411191,0.43702707594037493,0.6282490308219767
1875,0.4807801088915284,0.2408581334936444,0.24022795980569886
1876,0.289989993004757,0.2880330045155257,0.28274284601599037
1877,0.5471186428124551,0.6181418607553544,0.9016113432406928
1878,0.43461745917409217,0.24553997388458584,0.24101641399117846
1879,0.4220751561888782,0.44362522467945203,0.6400155000663382
1880,0.41953095291097553,0.43724854369190863,0.623023487434148
1881,0.4252752946930385,0.4319280576697136,0.6301495416159975
1882,0.4841126218760143,0.4793892964751604,0.7217496957763121
1883,0.5803146914847417,0.5842649554604304,0.8725155832570368
1884,0.6456405833576744,0.2792146864354351,1.0647682553311981
1885,0.43650812878148904,0.4923564637884798,0.7052523917412719
1886,0.42407837175851637,0.43881054535718816,0.5445605763669378
1887,0.4207177615216897,0.4303198108659217,0.2780959504705173
1888,0.4203524511106254,0.4340973379070809,0.6258967428645081
1889,0.4855577949698048,0.48055459618034496,0.714370670094196
1890,0.5778793534470748,0.5819155509109465,0.8728506773391933
1891,0.5452752048272964,0.6268537076921282,0.9030344203145629
1892,0.2626630918424935,0.2621095956124559,0.7117216792699365
1893,0.4176482169360099,0.43432834941407994,0.6374960569111955
1894,0.4193529835258604,0.43697420761840905,0.6210138576108494
1895,0.42518291320488283,0.43686493788794806,0.6295774243266052
1896,0.48169541763441487,0.2748578954613463,0.715480594857842
1897,0.5850728079642347,0.5854309735074769,0.8691875428282092
1898,0.542384339538868,0.6193838608052112,0.2754742428845906
1899,0.43830514103282386,0.4890514468583786,0.713769609593942
1900,0.4194614026792805,0.3208748011490459,0.3193641041939229
1901,0.4184561853769483,0.4364814378511975,0.6186864934672422
1902,0.3139693806569685,0.2787677610348151,0.31566228762354726
1903,0.48413175784320983,0.1414381081426919,0.14140401994968899
1904,0.5811854034431793,0.5819716470587034,0.8708734004304088
1905,0.5463696940726469,0.6190023395873766,0.9011967944453646
1906,0.4336841875118714,0.34604811503878163,0.7017465483266461
1907,0.4194641885043709,0.43854808228339864,0.6423456920848716
1908,0.31182696921089714,0.4301788963705769,0.31225771423860166
1909,0.4232276205926267,0.4384010109481853,0.6322282290778937
1910,0.4845821902240661,0.4751754964133039,0.7203293262321545
1911,0.5764850618074611,0.5877933895025005,0.8684573623328001
1912,0.5421405020332716,0.6199107095014708,0.9022989606412456
1913,0.4372421279786083,0.4912357323895557,0.7116529852201858
1914,0.4191771451257817,0.4364914495171405,0.6399334463885719
1915,0.28120011277784934,0.43093174337214407,0.6257862337590414
1916,0.20970347131002645,0.438764945477452,0.21123431464834344
1917,0.23998634192086918,0.24267431114895904,0.7180745329547739
1918,0.5757885599315057,0.5864126955664077,0.8778955251021598
1919,0.5453361477797315,0.6204967431617981,0.8990342254377239
1920,0.4362282398031532,0.4900312422041431,0.7065443098849654
1921,0.42349799518488834,0.4408976116505552,0.6383411387879353
1922,0.41691900258002274,0.43506787626719035,0.6229209911648331
1923,0.41888033430882354,0.4381323450204737,0.625902778341217
1924,0.4818565289272113,0.4793114113099296,0.7158233248365224
1925,0.5736278183853619,0.596580374377273,0.8777950630309239
1926,0.5410758733230644,0.6205350503000276,0.8913848703843129
1927,0.43689389825289077,0.351063369259562,0.35514959044796307
1928,0.4207566721560303,0.4377707407642677,0.6362887012105104
1929,0.41958706796396655,0.4318491471517655,0.6308398351014207
1930,0.4192043124937528,0.4391298810715205,0.6331406585306836
1931,0.48118148088275503,0.47863600890902064,0.7182635909748548
1932,0.5759922305715924,0.5817589950397959,0.8757455075406319
1933,0.5416682195655517,0.6195808830143417,0.8904758552102505
1934,0.5451603833127885,0.4911074783972424,0.7033121312506904
1935,0.42245852355603214,0.44012187669318803,0.6362413625973239
1936,0.41818790872133527,0.43191742518024534,0.6188365072822634
1937,0.423393173833189,0.4387042178038054,0.6297612502649004
1938,0.4844758534386846,0.47959201344613667,0.7152897306033097
1939,0.5799044798027069,0.5860840047471549,0.8728066411660853
1940,0.4485787340718848,0.620451485716352,0.44963539334399577
