Step,AI_Eps_0.1_e0.1
0,0.21092095127989186
1,0.14100456286710905
2,0.12122900109563672
3,0.08492358447254979
4,0.11765207231978062
5,0.0
6,0.13904321332194886
7,0.07636272463391826
8,0.10479132978408907
9,0.011506404985574745
10,0.13594484532722254
11,0.09963792560269819
12,0.16590888891367178
13,0.09189690463821995
14,0.06009887231763948
15,0.11295449973683566
16,0.10598882460604538
17,0.13786350704908432
18,0.04772000857034481
19,0.07469495434769338
20,0.0670557411761604
21,0.09749456740150171
22,0.13732354631984234
23,0.12271061413446416
24,0.057518768526790866
25,0.0
26,0.10007291278131077
27,0.1282833774808166
28,0.20902483152584939
29,0.0
30,0.01958653963025482
31,0.08470187479651489
32,0.1486581670223971
33,0.0
34,0.04078895353640201
35,0.13099081248166125
36,0.11223968990795238
37,0.18048697944769393
38,0.07263547253488935
39,0.09673139188199523
40,0.08077479052152181
41,0.1034688299122394
42,0.10713474641927255
43,0.1012686041109061
44,0.035539888646936524
45,0.17503457235572087
46,0.13648314047932308
47,0.05529196812064182
48,0.1624557280472821
49,0.1421568230835329
50,0.0
51,0.046336288997122554
52,0.05687380517800073
53,0.15874764802361283
54,0.0646879801703454
55,0.07561390366412127
56,0.061566271837061086
57,0.144902223489507
58,0.13856763069834116
59,0.012887791080814504
60,0.12568539965884842
61,0.062059138020224294
62,0.07578283935060556
63,0.07479211912236414
64,0.12344234254317443
65,0.0
66,0.12889754235054668
67,0.07979809556290582
68,0.10339010522687397
69,0.07697088575194151
70,0.06385246918217835
71,0.06627180091892565
72,0.08606914072601331
73,0.06257906088053505
74,0.12844517849156403
75,0.0
76,0.10146013948587591
77,0.14240556066910676
78,0.11734175262581448
79,0.04733089481578671
80,0.15543650642042572
81,0.0020641634011805132
82,0.0
83,0.09670767673810184
84,0.15096913183054114
85,0.045111315635396936
86,0.06479335862024738
87,0.09930421694791813
88,0.17151313866336726
89,0.05490972996258618
90,0.24181851242756117
91,0.04162140647560872
92,0.09441050646234486
93,0.04645574580355915
94,0.13210103334068246
95,0.11267893731733772
96,0.08650827098683597
97,0.20954115815334173
98,0.10166111918812941
99,0.23703211073784525
100,0.10114922187600447
101,0.12293599400227796
102,0.12424243911216196
103,0.19880418908550482
104,0.08297438573401938
105,0.11116568408335431
106,0.13751916688066795
107,0.09219674360774825
108,0.10505108750740351
109,0.0928694267273373
110,0.20131372306580447
111,0.09274730658521442
112,0.125362765647829
113,0.16553087881824438
114,0.12098076602560674
115,0.042892438533356836
116,0.07051313491558883
117,0.08586290355291311
118,0.024552506066548713
119,0.0
120,0.08107126474397841
121,0.25819453332420084
122,0.09059381037513083
123,0.09748900874747765
124,0.08186525524773956
125,0.060465578416809294
126,0.11786677555673808
127,0.14339325419911722
128,0.16952048380410756
129,0.058365988567163164
130,0.17960349895579256
131,0.08564581089716429
132,0.07467392513262822
133,0.15019716749570897
134,0.1861160696184029
135,0.09143567190070548
136,0.06413362431414257
137,0.03383302988793632
138,0.07513102271306099
139,0.10416583631972055
140,0.12150834796685736
141,0.12322348047730072
142,0.02975588781765727
143,0.16766618042241652
144,0.10266976440141198
145,0.10590585717240013
146,0.21078136450594373
147,0.10960250060618089
148,0.058745512344783105
149,0.10420911304090387
150,0.10768186266965243
151,0.10536009940631445
152,0.06573331939903795
153,0.08206193096633739
154,0.24056379108653977
155,0.14677650003166784
156,0.10855684011708862
157,0.10926935017688647
158,0.19225200475810927
159,0.09890970237861728
160,0.12241621863894186
161,0.126457754515577
162,0.08133756186873241
163,0.0872286744831005
164,0.14853944914657863
165,0.06016011465435857
166,0.07105909948638518
167,0.12145811237839961
168,0.07957094297197415
169,0.058062745938831636
170,0.20028076177628906
171,0.090649126683533
172,0.11512010571544289
173,0.11888965145443632
174,0.18921154661807063
175,0.1454787566577393
176,0.08497987461199728
177,0.12454528894816577
178,0.20864616188762317
179,0.009787953164509727
180,0.09571054206501857
181,0.050326558510807085
182,0.1597468725629139
183,0.09529876757749602
184,0.10045170829933298
185,0.15218104781565378
186,0.11939868311740255
187,0.0006748363659102308
188,0.03956863887744005
189,0.11210301194047045
190,0.12382238896186858
191,0.0709731682967774
192,0.14845151700015383
193,0.09717672139065511
194,0.10319828638722627
195,0.14579504474960697
196,0.1476867087330893
197,0.15661376193387364
198,0.04770298200726767
199,0.04318658789020661
200,0.15989083517672187
201,0.08477215318780423
202,0.13245016715855504
203,0.15694556953775493
204,0.014374932979248814
205,0.24996582331397021
206,0.032574962861045956
207,0.1558214944747871
208,0.1057240407990527
209,0.15993350227770856
210,0.1150000324502155
211,0.15626357235658395
212,0.06720671667053002
213,0.05278671520844249
214,0.2318679589474614
215,0.016557179200135108
216,0.06231376652780619
217,0.11028948840732601
218,0.04123646399859848
219,0.10940867483775076
220,0.0
221,0.07220235199531798
222,0.02250406323567298
223,0.10780452894304984
224,0.16575860916220042
225,0.1646440155399469
226,0.13648387556263897
227,0.0969689375255096
228,0.04424015055812826
229,0.1480595039817828
230,0.09845919468768233
231,0.10960163402257328
232,0.0967620253040484
233,0.11502995062240347
234,0.138994964095154
235,0.21324603608903414
236,0.07882174667465384
237,0.003879577136618323
238,0.017304573553589303
239,0.0367616907939111
240,0.12802067885343954
241,0.09758572221172926
242,0.12599958785099072
243,0.0922699189464856
244,0.08569334377860323
245,0.0668410027839347
246,0.1257138696626242
247,0.05372256477522377
248,0.0023727071448321896
249,0.10451501584245215
250,0.09681599904348064
251,0.13514559371409857
252,0.13571321582257118
253,0.0869794270429527
254,0.13081773854375506
255,0.15101326066787726
256,0.03752721273830916
257,0.06796555168163529
258,0.08000601636995969
259,0.12662180016142713
260,0.1423865311340966
261,0.10953422700407121
262,0.09231742395973747
263,0.0
264,0.11826896255599718
265,0.1667438062522002
266,0.0
267,0.16431302944429355
268,0.1495430903388684
269,0.1333516543940407
270,0.03734786657670801
271,0.0
272,0.06760649553902331
273,0.08267277685699287
274,0.11436335777630033
275,0.04219612184173558
276,0.09830195797622611
277,0.11039302210985437
278,0.10314566391706005
279,0.1249961205072078
280,0.1549708039440094
281,0.18211568872879116
282,0.09794593964462467
283,0.023098989184101276
284,0.10896163567402727
285,0.08865917095640863
286,0.0
287,0.03280657038140454
288,0.13828217964550368
289,0.11017759567256745
290,0.09500043648539051
291,0.0
292,0.10746626917471402
293,0.14097160918806867
294,0.13505034264796756
295,0.1593183234482105
296,0.08400693758610144
297,0.1339247847182356
298,0.1429777583411178
299,0.009714489821532987
300,0.06145952252662534
301,0.05756968780005442
302,0.10649120041848066
303,0.10469801338134802
304,0.20166632389032774
305,0.13241224644296878
306,0.08165158577904759
307,0.08789896316350419
308,0.18703151412666688
309,0.013137818366654137
310,0.0
311,0.02682386646156252
312,0.10557988485917047
313,0.12271650959554858
314,0.02299615550748528
315,0.15569105638859515
316,0.09161528573135139
317,0.05287854887635358
318,0.11381415910468
319,0.07994657549674529
320,0.09266013938808199
321,0.029707981547215573
322,0.0
323,0.0
324,0.08430873297892923
325,0.09882050800618178
326,0.02645208949154143
327,0.12425949748363938
328,0.0
329,0.04153692786306293
330,0.10825588007905376
331,0.025114663152795272
332,0.06873212403069259
333,0.07163351324314098
334,0.07884688413251208
335,0.11344184377252305
336,0.06793517396731441
337,0.12803619622663204
338,0.14394343761553735
339,0.03213194568875165
340,0.10501626694921279
341,0.14635907856924435
342,0.034704485763261725
343,0.010338283088264136
344,0.07432655706095712
345,0.010877717822534359
346,0.1470571911322065
347,0.07633681239704884
348,0.007735076720455647
349,0.01394840006504535
350,0.1552594731469253
351,0.16912862040576904
352,0.1370214589569353
353,0.0394217590938975
354,0.1279779861617631
355,0.0
356,0.07047065173527242
357,0.1436808306944341
358,0.1370511604806735
359,0.0033988880804299987
360,0.16619145486493883
361,0.08346330896895716
362,0.024271979696136953
363,0.03956245862968344
364,0.10654978086722972
365,0.15817758594908124
366,0.07046331630803745
367,0.03189256779179207
368,0.0
369,0.1549831289074963
370,0.11765182270726
371,0.14700269820171769
372,0.13449147487526258
373,0.030264903090020043
374,0.12669500614246765
375,0.0517377140773003
376,0.10249485581511797
377,0.09234846147260195
378,0.056775400593445026
379,0.14440159954307286
380,0.04338423232730714
381,0.04908149938817359
382,0.09050173443395093
383,0.1689428367753213
384,0.05260210789954601
385,0.07540944729002304
386,0.0954590588778592
387,0.05284596009445228
388,0.1785230736308755
389,0.2061676256503291
390,0.08465095576460466
391,0.044547840306078314
392,0.02437006234505046
393,0.07985293554374721
394,0.025530880598769012
395,0.0
396,0.07178785763881003
397,0.10971945904639438
398,0.08564926401080501
399,0.12025008797897664
400,0.17381942487230925
401,0.10242655008770754
402,0.10884836422566392
403,0.022711109157106307
404,0.05439349251692694
405,0.04035500893072145
406,0.0
407,0.07826295424418775
408,0.13572212728745614
409,0.06951712385412478
410,0.04464943817342862
411,0.044987999287207585
412,0.16169294036770857
413,0.10188776853538686
414,0.10111101216527739
415,0.08071837316581776
416,0.20734868001437667
417,0.11200044742312111
418,0.08044352952094412
419,0.027281777802932367
420,0.14909380831997626
421,0.1472573038591216
422,0.12867632855953276
423,0.09989322977283092
424,0.058665797041740006
425,0.03229879124900692
426,0.09561826896174137
427,0.08092737365105973
428,0.1700951209226316
429,0.03308738476256916
430,0.09462705072580538
431,0.07519842625301834
432,0.05192333762067537
433,0.024082523373417847
434,0.15902156051933017
435,0.031084775398584633
436,0.012546243940213767
437,0.1497749176632646
438,0.056821478361684476
439,0.05043653533536968
440,0.1043134814447788
441,0.16794901649813349
442,0.0
443,0.08355949112013783
444,0.050845520713089454
445,0.17304503807002014
446,0.11779808221512791
447,0.02264121127001431
448,0.11018152695663702
449,0.043303708829364795
450,0.09566574745397975
451,0.028158911615000996
452,0.13544819436235336
453,0.07871026732088383
454,0.164283650714675
455,0.14138926154320203
456,0.0775414361095111
457,0.09732568290787778
458,0.167996580125871
459,0.05853988027414241
460,0.08996551638322661
461,0.16336301069145043
462,0.1526764594868046
463,0.06919012311032842
464,0.0638414834773704
465,0.026360941730926277
466,0.10840224620275646
467,0.1298091171941645
468,0.15455530217606994
469,0.24129741108274952
470,0.0563230519525002
471,0.045569165397256355
472,0.1472662264159838
473,0.05626596848178081
474,0.1804509229211873
475,0.027018114409904898
476,0.11077080345273059
477,0.0
478,0.021463016405471602
479,0.10635337372327287
480,0.14677266256711297
481,0.026565484629126113
482,0.07064276892891325
483,0.13039568445233446
484,0.04880671984443566
485,0.0857567617230931
486,0.1457668754919858
487,0.16493417754009063
488,0.001361238552873928
489,0.15069684656074894
490,0.03175996617918789
491,0.07973361960148694
492,0.1342262074430242
493,0.05579165142738209
494,0.21435758390786863
495,0.12031265986678354
496,0.14340401036234954
497,0.10881410615283606
498,0.16076242692701292
499,0.1702450480888137
500,0.1306108229718866
501,0.07130236163937881
502,0.05230461571801551
503,0.16352188640414544
504,0.1402873054326962
505,0.15013982997745182
506,0.0
507,0.08409682505204125
508,0.13718020738169373
509,0.08315384958188535
510,0.13643085888579848
511,0.15133823974999525
512,0.10637514624118313
513,0.17805492686717095
514,0.04268707886528481
515,0.07984607035633413
516,0.11615618111606217
517,0.07492700447072824
518,0.16498561051635385
519,0.09184884448160062
520,0.1280889830787645
521,0.022472439088055615
522,0.13027911532035433
523,0.11569982501230348
524,0.14539209889977414
525,0.11114040512196927
526,0.018023172717588395
527,0.179195905369604
528,0.007191989798619463
529,0.23007967611088523
530,0.15140798746599837
531,0.0981247826060794
532,0.1052285088345076
533,0.08837796008716949
534,0.0
535,0.09628475303140713
536,0.0689694912058954
537,0.08643984035121062
538,0.08417637992434955
539,0.12745566822100524
540,0.12013996661656035
541,0.04114143282482327
542,0.10339446730279642
543,0.09701508993684524
544,0.009433943456669105
545,0.04204890362564048
546,0.11894890444056212
547,0.18873340370991826
548,0.08528274238139512
549,0.1421418690500028
550,0.07980872005902137
551,0.10645113837593193
552,0.13352358482749183
553,0.08172869136610393
554,0.038361900501574966
555,0.09428386724902547
556,0.0985056238382613
557,0.1294078478606604
558,0.06719391739395444
559,0.04416531050718378
560,0.09562760319458127
561,0.0818412208088781
562,0.010760583896746296
563,0.08923899941850787
564,0.08383682202623433
565,0.02856708889006808
566,0.06528679844126112
567,0.08009696315085649
568,0.10548462962922146
569,0.09927950883957155
570,0.06574089325230503
571,0.009329441604822297
572,0.12333863785646142
573,0.08575699129410685
574,0.08497893914894546
575,0.06648377194194119
576,0.13987438416954673
577,0.12047678852094028
578,0.13837808014518324
579,0.09298588211514226
580,0.06202762934055459
581,0.0903364232526531
582,0.05214455991575604
583,0.06516614283527901
584,0.10049895324879526
585,0.07735169723242998
586,0.053465206011456594
587,0.12029367586167386
588,0.030596462324817636
589,0.19189983913348263
590,0.11656810681227532
591,0.12178497543631087
592,0.07518620117326946
593,0.05306388175918524
594,0.10276846962805429
595,0.13459983256345018
596,0.10324738327758372
597,0.13081417501846238
598,0.028567674687763257
599,0.07549893941098239
600,0.1266399946039739
601,0.11871625528345928
602,0.07661775868825767
603,0.08034431108897046
604,0.14533962450812274
605,0.0
606,0.11394364539974709
607,0.12334210158783632
608,0.04715901690265655
609,0.12775180079844603
610,0.18072726329765876
611,0.010195394796087165
612,0.10213093402381618
613,0.1673981137686823
614,0.04134932491242271
615,0.0
616,0.12098115945919834
617,0.1265662095956144
618,0.1554054206515233
619,0.11900194154996305
620,0.06834233437555706
621,0.11081580357272829
622,0.2020211027551526
623,0.1498003175959695
624,0.09867052889604994
625,0.06475512427258973
626,0.11154334734358377
627,0.1097638494643754
628,0.14249691703086387
629,0.11617728021000495
630,0.06470227345397246
631,0.07261495031427856
632,0.13689565216597838
633,0.0877010672337179
634,0.054545199932607175
635,0.0131916617890281
636,0.15774613378282812
637,0.05568086058681354
638,0.0
639,0.15035023216974877
640,0.14096527141134155
641,0.05348446242620324
642,0.1438824387924216
643,0.10399958939692315
644,0.1342211489805818
645,0.10739713257774479
646,0.16612742134483435
647,0.15299159558907455
648,0.1236248391242728
649,0.12354049689160536
650,0.10625921225039747
651,0.07642675857919139
652,0.11110013133099644
653,0.09716609157151057
654,0.01627741445065476
655,0.026095089969459265
656,0.03527278693492533
657,0.08228698268375302
658,0.152674858472241
659,0.08447383966714564
660,0.0
661,0.07190719418636349
662,0.10393529820315577
663,0.13167722915252783
664,0.1964523309032299
665,0.1212047675070827
666,0.0681083007297135
667,0.09607657749370213
668,0.021434064098382152
669,0.12602958194582686
670,0.098147569945821
671,0.2069579471705868
672,0.13882725871428775
673,0.16114043915345627
674,0.02097290760161777
675,0.11465972431478036
676,0.045684224162273225
677,0.11352705609293696
678,0.03548062549666117
679,0.06976223397138757
680,0.11742933660807561
681,0.14176519850847483
682,0.02164566376276819
683,0.0
684,0.028021914496888595
685,0.09588795429435336
686,0.07566903217719403
687,0.08343523181522804
688,0.026333632333148102
689,0.04071546668284462
690,0.10312113147978473
691,0.11174311893771718
692,0.05722767932428503
693,0.03199483354476926
694,0.014318098319907352
695,0.1371721390117892
696,0.13793582582454572
697,0.0226617377140695
698,0.06488566873684035
699,0.16206727121995862
700,0.15765550145904003
701,0.06390001486326893
702,0.14053017523121558
703,0.08429210161113793
704,0.09609652575230637
705,0.09834680209736678
706,0.057684455788547195
707,0.19328121444889373
708,0.10962965860498189
709,0.05892075085773652
710,0.1335359341650959
711,0.11615887913394841
712,0.0850274110438954
713,0.15982984294579614
714,0.012027603735463055
715,0.08719071487278442
716,0.14286579394150922
717,0.1152885921883512
718,0.08738986746894148
719,0.1145583975623742
720,0.08147129987519632
721,0.19906550625136468
722,0.15575363359168584
723,0.04531891251254483
724,0.08822939689221007
725,0.12362255158616318
726,0.24324261371822187
727,0.18477052973133207
728,0.0
729,0.058592104980489244
730,0.09314980532818068
731,0.15228827446056836
732,0.04548822100101116
733,0.16841057640741472
734,0.10117527147208255
735,0.1474872928623512
736,0.10711859787301625
737,0.11626963405811241
738,0.08529720050081267
739,0.10127687370642224
740,0.09686070127963252
741,0.04268493083639751
742,0.1644552028038494
743,0.14247558153504292
744,0.0
745,0.1351539792894743
746,0.12741961035141733
747,0.09639464958935508
748,0.12343226733402679
749,0.12292299158813996
750,0.05431793753223763
751,0.07514801718304444
752,0.02940466965216043
753,0.18584740627678298
754,0.17880676678070137
755,0.04220386501162439
756,0.08361063588179574
757,0.06590178666425417
758,0.03846621998021968
759,0.0
760,0.17428511714498252
761,0.09560471837028446
762,0.13611509538314773
763,0.07434287142512373
764,0.006210272926517296
765,0.09450718755651151
766,0.15320493764493168
767,0.14365115326011124
768,0.1445218612092203
769,0.05929560867330154
770,0.16128724743407544
771,0.02941135154579759
772,0.061694257393373905
773,0.09143147463826501
774,0.07958766397963007
775,0.14766099159097013
776,0.12754102281608454
777,0.19536907538128773
778,0.0
779,0.11462292766937476
780,0.17084219360294994
781,0.038042531945183825
782,0.06579198642875
783,0.1119256829076462
784,0.0
785,0.12192156416408001
786,0.10638167899728268
787,0.03483666011787788
788,0.10832648093279722
789,0.14945686275915468
790,0.2095865001299352
791,0.07504981569432795
792,0.0308438790604771
793,0.12289972011256538
794,0.18978922805914267
795,0.11900723434902744
796,0.11204488454722589
797,0.2000120817021509
798,0.20815818416253962
799,0.148147068820502
800,0.18391739167047189
801,0.12384759953431279
802,0.05590755133823669
803,0.08781365675271997
804,0.08129921226123592
805,0.11182421727775885
806,0.1507019369859847
807,0.1244140762755948
808,0.09226718780409306
809,0.15625735023105589
810,0.12546900355268026
811,0.035868471066629146
812,0.09313425626629339
813,0.14418904016828213
814,0.06572824113681347
815,0.0
816,0.1209954662345421
817,0.11423115612614221
818,0.03906336256332308
819,0.029898674754094287
820,0.013746449788774191
821,0.023295845156698386
822,0.07041608596016163
823,0.10274560019908714
824,0.07692988745989354
825,0.14913227381001207
826,0.10374895517944284
827,0.050570137144253444
828,0.07211109358094027
829,0.13251702798119153
830,0.0
831,0.13383713897491645
832,0.09754424428275547
833,0.09075990380179551
834,0.07808807569332507
835,0.10407333579279168
836,0.13893978370690213
837,0.13394681260481145
838,0.11625099969063427
839,0.07207916580174474
840,0.10449870718998477
841,0.27139373220987206
842,0.01841572886331236
843,0.09317713816605387
844,0.08526784159627088
845,0.0893368894080695
846,0.11712543579632934
847,0.09903224668680012
848,0.03405462101324107
849,0.15055575051676404
850,0.06011450410828298
851,0.10357684899556631
852,0.19103328968473204
853,0.09494220371560702
854,0.0643814372973919
855,0.09173848115635432
856,0.02689360505670567
857,0.11693172004708526
858,0.1457883153969536
859,0.12684009827291395
860,0.09911609845744637
861,0.0774182659044757
862,0.11759226988085342
863,0.06115004467964224
864,0.020855771636695136
865,0.10593678654580867
866,0.06270781557489212
867,0.1149429861439429
868,0.0868347584081807
869,0.15285991528788115
870,0.0401267316918571
871,0.19422839734293454
872,0.09526085748485323
873,0.14034127633895513
874,0.1295691294344619
875,0.10348897938719437
876,0.03550045387442932
877,0.1566467858763583
878,0.06089826905343428
879,0.09246505273262741
880,0.15510477632590564
881,0.13318015296080804
882,0.1128114989536458
883,0.16984206665573814
884,0.114303313259732
885,0.08785703788160776
886,0.029343144589122613
887,0.09954128740051049
888,0.17917030071006307
889,0.0859366637870268
890,0.08422242524020161
891,0.1741357096629022
892,0.1313066841449537
893,0.049227480587451036
894,0.1926801259520756
895,0.09753001485996296
896,0.050274094764960205
897,0.06089771426056747
898,0.06606940331455746
899,0.010166087970522597
900,0.11804639667507184
901,0.10493934043135889
902,0.0
903,0.05516981150016143
904,0.07741930968016578
905,0.04932404617053873
906,0.026795878406279658
907,0.18586395031603986
908,0.1079797905253509
909,0.13948561130327083
910,0.13808921992914489
911,0.10445834488409683
912,0.045068551949503016
913,0.09533571202544754
914,0.16127843487474317
915,0.0
916,0.1306141382102465
917,0.02208383229826673
918,0.21593442218571712
919,0.01721385846146342
920,0.08288867789496057
921,0.1890115837981553
922,0.05421881498113723
923,0.12114158171264304
924,0.1380748288489847
925,0.039165224589606945
926,0.09927608684750346
927,0.07881028816150557
928,0.028081125817663033
929,0.07045507615011604
930,0.0966998877462244
931,0.09058103238372191
932,0.05122069391961929
933,0.030683057805781844
934,0.0
935,0.026257173156774977
936,0.09826437131330677
937,0.08432494058999868
938,0.1290687344516675
939,0.0
940,0.1057059704757886
941,0.08949551771063936
942,0.1681105035557321
943,0.15082125832878826
944,0.11036415654166642
945,0.03483972383176828
946,0.09162171235918165
947,0.004898117699594057
948,0.0
949,0.14545691858109594
950,0.01668095029139468
951,0.06310090830712212
952,0.10581705264317884
953,0.022746166982398897
954,0.12387516583457556
955,0.08379992423349679
956,0.19762549970187734
957,0.14465501867329417
958,0.044465444917131836
959,0.12775639523746068
960,0.14483599467400732
961,0.08571711648452061
962,0.19168352140902717
963,0.0
964,0.1573588337841407
965,0.11744358267526062
966,0.0
967,0.09396041303799285
968,0.05043896762482245
969,0.181445758310948
970,0.020110893277933167
971,0.10698640947527083
972,0.15853136128219314
973,0.08739548409021866
974,0.12309520611177861
975,0.14681048849895
976,0.07629474160892472
977,0.12271783274066686
978,0.16658388949669842
979,0.05085761989295199
980,0.09061567130242029
981,0.0626820530069899
982,0.05978076071338175
983,0.14776848902161638
984,0.11792350150376556
985,0.13397800842132632
986,0.15585842546005907
987,0.2188626128922595
988,0.15811738454818083
989,0.10844955735792644
990,0.14553296908220525
991,0.053770522333699285
992,0.07270550320702278
993,0.1599899339395876
994,0.05803890481646259
995,0.07239187465023406
996,0.0
997,0.02739440367596556
998,0.14306023590490197
999,0.15445559037452994
1000,0.09993798269700208
1001,0.1091274300056645
1002,0.10322029869824217
1003,0.05862762833741122
1004,0.10923674777754043
1005,0.07289724418748861
1006,0.1394271868062551
1007,0.14327139841945835
1008,0.08089305107576972
1009,0.0
1010,0.050391154412712025
1011,0.14251468119342564
1012,0.12653801267180892
1013,0.18717555216100878
1014,0.06199023268156657
1015,0.026052055065526224
1016,0.08021050257148771
1017,0.15143174373065837
1018,0.14957020520356049
1019,0.05108646636342565
1020,0.05741693454783084
1021,0.094785743648012
1022,0.13223980847278122
1023,0.0470890113764204
1024,0.05589106207142311
1025,0.0
1026,0.13215480428743698
1027,0.14077362006627703
1028,0.15158016460701423
1029,0.13630179151234117
1030,0.12489484182057578
1031,0.05336718793990303
1032,0.0
1033,0.11154933598700455
1034,0.16120734809128662
1035,0.13168742231981667
1036,0.031361312636462524
1037,0.09690763689951204
1038,0.11600683516515074
1039,0.11450018791484973
1040,0.14184314934704867
1041,0.05278257537904052
1042,0.01983134834564179
1043,0.015267227190992078
1044,0.09922969204081468
1045,0.012740026743774682
1046,0.07794867313074616
1047,0.21319393885842583
1048,0.09303461602028391
1049,0.11442148383059214
1050,0.133556107937983
1051,0.016786272054714
1052,0.08906766525128075
1053,0.000791040877161725
1054,0.14566784633125257
1055,0.04591356542343891
1056,0.0
1057,0.0
1058,0.09848843911297296
1059,0.09130594384159307
1060,0.11282218469275958
1061,0.11658380394731582
1062,0.16224384034173667
1063,0.14730608093877545
1064,0.04700231930248916
1065,0.10190387772858443
1066,0.15512603966921706
1067,0.0779220361543971
1068,0.1582544807715949
1069,0.14755391111841423
1070,0.073360117264791
1071,0.1181971201693519
1072,0.15773112552842483
1073,0.09093617156516752
1074,0.024213714734936775
1075,0.05272412782670375
1076,0.053710280785070036
1077,0.11562225428585877
1078,0.01936539050838948
1079,0.12305814837929412
1080,0.10150236159596013
1081,0.0919687122999212
1082,0.10395956107286192
1083,0.05685714950275093
1084,0.15523646536686794
1085,0.05188177229824671
1086,0.0
1087,0.04525381970352778
1088,0.07759724619516292
1089,0.016834300738295227
1090,0.1733407136143345
1091,0.2039614459281885
1092,0.12318201955579548
1093,0.12085394487722959
1094,0.06201469062510175
1095,0.16207019522067267
1096,0.18546094723267753
1097,0.18972932999996547
1098,0.11124711829542538
1099,0.13234269498910536
1100,0.1532807661721068
1101,0.1344383155276095
1102,0.16336656394188903
1103,0.030570279912571552
1104,0.06824603366566531
1105,0.08007576957305704
1106,0.1104264541813194
1107,0.06570514331279317
1108,0.022793849582109532
1109,0.11583448047747882
1110,0.0866917841006875
1111,0.033323855536011554
1112,0.1141811379949042
1113,0.12021966450229672
1114,0.12845117209796275
1115,0.0
1116,0.09961611232448543
1117,0.13788266827243306
1118,0.008727555698898978
1119,0.04917225999791526
1120,0.06913202162624536
1121,0.08103033898226292
1122,0.053501600620363944
1123,0.10008704547194915
1124,0.04843618677666489
1125,0.09811157879097268
1126,0.10902880824371165
1127,0.1015606988984553
1128,0.06495529891438356
1129,0.14796759454532174
1130,0.07522434341495259
1131,0.13766145728505907
1132,0.07520808637565154
1133,0.1627342172049892
1134,0.07996120639730796
1135,0.17590430828061296
1136,0.09235020936368302
1137,0.020267220863337522
1138,0.15715992445733046
1139,0.047756250737083686
1140,0.17747193115314652
1141,0.20192286528020456
1142,0.04352444539107199
1143,0.07211964335532646
1144,0.18021225196390045
1145,0.16609304236127492
1146,0.04916434859593724
1147,0.0
1148,0.11444870567372517
1149,0.07889320120364812
1150,0.17230591321293748
1151,0.06963692694119121
1152,0.1136019169572618
1153,0.09616364379077073
1154,0.1083263299390357
1155,0.03352501107391889
1156,0.11842123946223647
1157,0.08340950378661166
1158,0.0657829498692992
1159,0.06676980751363215
1160,0.0
1161,0.12734548920460237
1162,0.08823603228739986
1163,0.06125447264237655
1164,0.19620097755537924
1165,0.010912571854930919
1166,0.13682003710371435
1167,0.09072567339627208
1168,0.08205595707669656
1169,0.04315412561401316
1170,0.07809594138346539
1171,0.10501307050976091
1172,0.03594540823696844
1173,0.21345991208762186
1174,0.04419686241755732
1175,0.016438898370827078
1176,0.0589352875392338
1177,0.10074159596703595
1178,0.16847739336191261
1179,0.18866169717780293
1180,0.06370527407513793
1181,0.017781494260140668
1182,0.12074229116601183
1183,0.13272471767512267
1184,0.10288566972431742
1185,0.13658442002563703
1186,0.0798672309108381
1187,0.0
1188,0.09323182191130774
1189,0.1047374054734924
1190,0.11422807390453184
1191,0.01928748489641416
1192,0.11155805102429046
1193,0.10009686123714223
1194,0.10369025770964571
1195,0.033078087067087016
1196,0.0
1197,0.0869577792109249
1198,0.0345495608292906
1199,0.15390125101138047
1200,0.14122796179870142
1201,0.13167282791790452
1202,0.04756267541139622
1203,0.025978781250356835
1204,0.11579823604051849
1205,0.015322946612303448
1206,0.1283147131550396
1207,0.10470681235618923
1208,0.11927898192130698
1209,0.06274409204970072
1210,0.09352633421149417
1211,0.12860049551040195
1212,0.09680810777467831
1213,0.041533400080946005
1214,0.10478333799117859
1215,0.14061816915804734
1216,0.07522141999840139
1217,0.05993770781829752
1218,0.144441376407958
1219,0.10860538504713797
1220,0.057351809019052936
1221,0.09098986847729684
1222,0.15411505430872144
1223,0.05068757716246672
1224,0.16588051959733105
1225,0.09492811333505352
1226,0.12272948109431793
1227,0.1328144141191694
1228,0.037001313801750466
1229,0.1324611640475657
1230,0.17088840515236647
1231,0.09742341950736604
1232,0.05332172443099144
1233,0.11450455116501235
1234,0.12894084069952105
1235,0.2158449951488033
1236,0.08335609596315308
1237,0.0461405530948856
1238,0.08383886606517782
1239,0.1790292272940039
1240,0.02137241621604427
1241,0.0
1242,0.12717519935046775
1243,0.13318112293205328
1244,0.07182340346298013
1245,0.09882625173185136
1246,0.020722668942341996
1247,0.10597743346481023
1248,0.0048467611823509865
1249,0.08449599202799055
1250,0.0
1251,0.04629723008498648
1252,0.06948298505718294
1253,0.03785126431440178
1254,0.07806517137031582
1255,0.08735737016588839
1256,0.045807667866972046
1257,0.106546847125662
1258,0.09858880143299946
1259,0.08576632689405805
1260,0.08418200157047145
1261,0.1568905036628531
1262,0.03130854565433328
1263,0.1531595797935907
1264,0.060512218475249034
1265,0.1449047413110009
1266,0.13069591767170993
1267,0.15080567358874153
1268,0.10250138814411833
1269,0.02018553554036631
1270,0.026355379845324156
1271,0.07130123177856106
1272,0.17211696830191903
1273,0.1332447210385625
1274,0.06839965638367121
1275,0.11910385675338396
1276,0.06113573615981147
1277,0.18558432056445476
1278,0.07851760951988673
1279,0.17807352538075136
1280,0.11512217021327104
1281,0.1118581086213887
1282,0.1656127955879877
1283,0.06499878064806572
1284,0.16768715309032386
1285,0.14183979842902955
1286,0.015299408598077963
1287,0.09163162475427424
1288,0.16035036637651312
1289,0.10901124198031993
1290,0.06098684105314961
1291,0.0684415889393919
1292,0.07357969284624653
1293,0.03069447275228046
1294,0.17949879915005287
1295,0.13248306081266137
1296,0.12557929360992964
1297,0.05424848295966631
1298,0.05840018564303105
1299,0.0687147502548198
1300,0.009041161898659292
1301,0.032485321448311386
1302,0.12708076311562994
1303,0.1755851319803105
1304,0.11068585386201693
1305,0.128756849552577
1306,0.15161196824085985
1307,0.023843988823673695
1308,0.08766525923669313
1309,0.10066818288798435
1310,0.059177571712592414
1311,0.06630820163215517
1312,0.23965096808412736
1313,0.0747102854086534
1314,0.1433586692807434
1315,0.13571564576661865
1316,0.06254560791803633
1317,0.20252526935655826
1318,0.1200190775570337
1319,0.13038910844393403
1320,0.02375727663103718
1321,0.0
1322,0.10039110465765567
1323,0.13975277126944924
1324,0.15739709525167983
1325,0.1275875358451984
1326,0.05446441346553662
1327,0.07109502267639053
1328,0.16690768284972057
1329,0.028129579548284017
1330,0.1079327404683635
1331,0.12724359657705778
1332,0.13001089491528114
1333,0.07736268372693791
1334,0.21688734290858236
1335,0.15934098201757832
1336,0.1563505837782213
1337,0.0989951528578446
1338,0.01992164985701124
1339,0.07523559584977223
1340,0.10192095891281114
1341,0.09880935898161781
1342,0.08217152215368649
1343,0.149112050636949
1344,0.06402845734709081
1345,0.16266784499123627
1346,0.0662287211922698
1347,0.01706839617001711
1348,0.046089548269120845
1349,0.12284088023340753
1350,0.1221770832440184
1351,0.07522785045886167
1352,0.1319368668890544
1353,0.13725504809607902
1354,0.13096926506046191
1355,0.0223730487560903
1356,0.15384338249995988
1357,0.05317855746342462
1358,0.036407618114034354
1359,0.041683184213338324
1360,0.09745134852796342
1361,0.05141992330478194
1362,0.14630749246391944
1363,0.15990914702356906
1364,0.03285455373796564
1365,0.08077574226164508
1366,0.14593189857890082
1367,0.12755389865202946
1368,0.16938307509155148
1369,0.06360860895281034
1370,0.0
1371,0.10957112147503006
1372,0.04859281785184168
1373,0.0
1374,0.09758665316879599
1375,0.10874227210090152
1376,0.12894208238995605
1377,0.011105069359248126
1378,0.2726686677882829
1379,0.15853596382286794
1380,0.0
1381,0.033914607845791006
1382,0.07642402277745938
1383,0.13346932469364386
1384,0.022168922379984426
1385,0.0664318662570505
1386,0.06317645781264472
1387,0.09721930725909836
1388,0.13829333441990216
1389,0.11108432653322318
1390,0.11867715260165167
1391,0.10669607144766889
1392,0.17479443328686523
1393,0.13541522129660216
1394,0.06889044961294247
1395,0.10217313989647163
1396,0.17024512832947597
1397,0.1848713813117429
1398,0.09702969621024453
1399,0.1516743678406537
1400,0.03435448727934989
1401,0.13159649770291104
1402,0.14954146567533363
1403,0.12090371272049287
1404,0.013021001394662272
1405,0.15712481445164822
1406,0.04372102905860073
1407,0.19017773939758892
1408,0.09444646281174734
1409,0.003578060516432016
1410,0.13006008407713365
1411,0.09138369274343729
1412,0.07369943606754617
1413,0.07755584670212601
1414,0.09165923858471298
1415,0.04007583580607931
1416,0.0
1417,0.03188624625193376
1418,0.017116597608031192
1419,0.0681106421008571
1420,0.10136273307769787
1421,0.06942152938145794
1422,0.016810993297640464
1423,0.08329100964964249
1424,0.1984911037313005
1425,0.0986351840364067
1426,0.08119035486888748
1427,0.05636845578055348
1428,0.14451152786019533
1429,0.08326232943349152
1430,0.0974049914540211
1431,0.03629234087902147
1432,0.12512381986799898
1433,0.08128109030624145
1434,0.07875437128456861
1435,0.11136307625320843
1436,0.051176018252965104
1437,0.0524547523689053
1438,0.10970358589511904
1439,0.11423304099721064
1440,0.08177580056375267
1441,0.08229869427639303
1442,0.10290864339105014
1443,0.09801387718958439
1444,0.15051476301099753
1445,0.15121944083394084
1446,0.12371022925556982
1447,0.0884080529442471
1448,0.022753173143868967
1449,0.10840096593306625
1450,0.029733082728628055
1451,0.15134159655815613
1452,0.09024889553833544
1453,0.024532442488917408
1454,0.17785748563321632
1455,0.1302310978591189
1456,0.17212844493279034
1457,0.0474348032793859
1458,0.1552118458184055
1459,0.052688965250471606
1460,0.22632391084261624
1461,0.06110573218656588
1462,0.07204633011382608
1463,0.09575294652689573
1464,0.08730379324917904
1465,0.08907504413943847
1466,0.016176879097976295
1467,0.08254209478040406
1468,0.19240537625212983
1469,0.1656689289028116
1470,0.06173604417714268
1471,0.060111438954213434
1472,0.1843037470001921
1473,0.14209514077515847
1474,0.09175714281602032
1475,0.17645537251010351
1476,0.14184825162176323
1477,0.10182514069978911
1478,0.14650878396336792
1479,0.0507632738972333
1480,0.0828091389883445
1481,0.1137716942881891
1482,0.09780169083203313
1483,0.05817185958949979
1484,0.09103043472245165
1485,0.15318539353694172
1486,0.038076703750668274
1487,0.0674281957873275
1488,0.10688026476700942
1489,0.1439230481791453
1490,0.08384982677705781
1491,0.0699355074328484
1492,0.08906104895410044
1493,0.0034579293492833646
1494,0.09382269206087494
1495,0.09097334832073492
1496,0.08498842659240181
1497,0.08836370151641953
1498,0.14297301472741653
1499,0.10776643181515913
1500,0.13183966959111523
1501,0.1277089719314383
1502,0.07731290956366745
1503,0.10929728871717465
1504,0.08153038726985418
1505,0.10216762525484004
1506,0.09072657399690806
1507,0.039004825685854165
1508,0.06447944185897769
1509,0.13163541375317384
1510,0.02836520688664415
1511,0.09426737545723536
1512,0.16731179514143724
1513,0.027887083680185193
1514,0.19799061923563163
1515,0.09970073593714292
1516,0.21612395685268235
1517,0.060058392980464566
1518,0.08013693899538757
1519,0.13878633840161664
1520,0.1651587459879829
1521,0.047492981787564906
1522,0.09030836906741636
1523,0.022085825682401555
1524,0.00414985271558499
1525,0.040437573833254296
1526,0.06141926297829794
1527,0.09094482995391716
1528,0.08776807212379609
1529,0.15615328190458522
1530,0.038691523676012
1531,0.13466722700012462
1532,0.09811967182517568
1533,0.058989744379875926
1534,0.026666557103014896
1535,0.026259864019868157
1536,0.1458626045889243
1537,0.19613991096227673
1538,0.011055475662739636
1539,0.1562482429093669
1540,0.11433211085169513
1541,0.04217526913138278
1542,0.06948349634885274
1543,0.1353599069271263
1544,0.04797346938640945
1545,0.12644511563596694
1546,0.18336264572658473
1547,0.07514341256154199
1548,0.14359095704573452
1549,0.04558575629472167
1550,0.14909982177239398
1551,0.09630521260828719
1552,0.1350329777809415
1553,0.04345613530098748
1554,0.09520925901446581
1555,0.18498893885390824
1556,0.07569292397320568
1557,0.12038656609357395
1558,0.12832704485698782
1559,0.11572033808640435
1560,0.13227074175811712
1561,0.14267354055650483
1562,0.08436479144055464
1563,0.06438432819918313
1564,0.11431499447234712
1565,0.07992109344104337
1566,0.07166223368224978
1567,0.1658007582287001
1568,0.04053722856751836
1569,0.0846157918501203
1570,0.16979540421814768
1571,0.04925533467133891
1572,0.09221855527840024
1573,0.14355501296057818
1574,0.11830884401661015
1575,0.13622213359381083
1576,0.051718590332513796
1577,0.1710695097795667
1578,0.06627954739974481
1579,0.0889715511069718
1580,0.05610040984413673
1581,0.18135762171382286
1582,0.07535416495115879
1583,0.0007645888243669879
1584,0.1684766144794997
1585,0.019944611695990225
1586,0.11727104487959766
1587,0.10619992001158561
1588,0.09506536110858332
1589,0.09741372569795095
1590,0.10381122510834415
1591,0.0997536569146809
1592,0.09920967256914351
1593,0.069252423652964
1594,0.10853995570495031
1595,0.039515254243925435
1596,0.08821322513299068
1597,0.13424336921268246
1598,0.015491035736316772
1599,0.12862815592827775
1600,0.06031968465916719
1601,0.08666440022676808
1602,0.06281402979389822
1603,0.2222563305910644
1604,0.022289733397309927
1605,0.1631713041943783
1606,0.10765571855619163
1607,0.1356104153400819
1608,0.10095452858700939
1609,0.040714765068552344
1610,0.027527167356297857
1611,0.07617783831198141
1612,0.07648716772495301
1613,0.09332902371728957
1614,0.12117934074305661
1615,0.16127150270558277
1616,0.14950757000991158
1617,0.10300011585483554
1618,0.12448319866779509
1619,0.11081488002913611
1620,0.03467483581612493
1621,0.06607175816405642
1622,0.19736035748822117
1623,0.09903819409007407
1624,0.13924926618070196
1625,0.14408053593574835
1626,0.13949159092015925
1627,0.04067637457293199
1628,0.17307735579415634
1629,0.056401234684716195
1630,0.08651944242648704
1631,0.10312114602252273
1632,0.0
1633,0.04048852491408871
1634,0.04527927742558126
1635,0.08158390891339783
1636,0.1331322692474616
1637,0.12162382349516043
1638,0.09567300006452638
1639,0.15640164256415007
1640,0.22733639578471668
1641,0.14154164007546594
1642,0.10026739503381663
1643,0.02140123104378677
1644,0.10186102262325379
1645,0.08583574991311871
1646,0.08569790354540285
1647,0.06476459927404904
1648,0.16160126616906692
1649,0.08469965710304606
1650,0.08780133943643793
1651,0.0
1652,0.08614880379359023
1653,0.11187200692648118
1654,0.054682059082006185
1655,0.15166455048221344
1656,0.043237945030496175
1657,0.16766046903641368
1658,0.10952208297236729
1659,0.06775418014828652
1660,0.05621311392980415
1661,0.09396308781168249
1662,0.047785201657976055
1663,0.04696503189755499
1664,0.12701252841626315
1665,0.09958779592912688
1666,0.0978240055785692
1667,0.0909108275624118
1668,0.11751815981269424
1669,0.15933107295506466
1670,0.12611939147978696
1671,0.1963289597119601
1672,0.13124706353520965
1673,0.01701057700883532
1674,0.14146740918487516
1675,0.12565112670347442
1676,0.17494065081538326
1677,0.21092821665369565
1678,0.16843640063495807
1679,0.11405934373570419
1680,0.004313005373272713
1681,0.1870704544365974
1682,0.0819637656869669
1683,0.06874662858520542
1684,0.08422028821917313
1685,0.15508454162531898
1686,0.04925782537169539
1687,0.14595010844061387
1688,0.01495450099243642
1689,0.13669825180503284
1690,0.06855538212158188
1691,0.11594513293861716
1692,0.10773920793226476
1693,0.13543011011821002
1694,0.14298011379550402
1695,0.1078757729183479
1696,0.15033772403952517
1697,0.0728552894308323
1698,0.09097084113854757
1699,0.14362976937871444
1700,0.009495720743832993
1701,0.06364581843118117
1702,0.0795486398502544
1703,0.07679973269301803
1704,0.015298117789064189
1705,0.12212660231513253
1706,0.17724109571102897
1707,0.1435636674935392
1708,0.16918450053260353
1709,0.026027509413023828
1710,0.029568505882740445
1711,0.16701350710289986
1712,0.08946356218275163
1713,0.05327281279544586
1714,0.09184439271397461
1715,0.035094288234225834
1716,0.15104483520236547
1717,0.07672036443989964
1718,0.0638475778606053
1719,0.1190920128735248
1720,0.12465900994578011
1721,0.19789680732323817
1722,0.12033101193147654
1723,0.1960316498719333
1724,0.0
1725,0.0
1726,0.1918974352813764
1727,0.08008458358728057
1728,0.11747704047079091
1729,0.06912542478217377
1730,0.0032593825727604553
1731,0.10301262330837442
1732,0.1517377998402748
1733,0.20592591118917158
1734,0.06274242503457915
1735,0.10571851943017133
1736,0.12298604901409145
1737,0.11049908626394844
1738,0.10766393296460766
1739,0.030542166868974534
1740,0.06135589479074699
1741,0.08638856998025052
1742,0.009481411080366464
1743,0.1293121938188846
1744,0.0890108208676043
1745,0.06107077897825067
1746,0.08242704130604055
1747,0.054264741069029176
1748,0.1874832371115742
1749,0.07856848126206151
1750,0.052238462354284976
1751,0.07862880538149948
1752,0.09727783035836833
1753,0.08320842096654857
1754,0.13806722565499932
1755,0.05844184968043012
1756,0.11942842769174346
1757,0.13270149058881286
1758,0.09101926711542252
1759,0.11206068007552152
1760,0.04195654814791965
1761,0.038443196680637226
1762,0.1193875704775006
1763,0.10084081196473703
1764,0.08007792744840876
1765,0.023679843958679406
1766,0.12814007976000422
1767,0.04420762860493439
1768,0.07247235391226786
1769,0.11553024330815674
1770,0.040623412101719006
1771,0.035929809596138826
1772,0.12378343465993563
1773,0.021451829501326833
1774,0.12539456474894217
1775,0.1579262378824764
1776,0.14749554151122682
1777,0.05947817259277803
1778,0.051622010615007825
1779,0.06337769322976572
1780,0.0976569521976004
1781,0.08382440280773511
1782,0.03984691552960157
1783,0.10135468209841901
1784,0.07503157117380158
1785,0.11144929925135427
1786,0.23787969673959125
1787,0.0917150165634693
1788,0.06653586942171191
1789,0.09309842363147874
1790,0.1450853346451967
1791,0.07205014627150073
1792,0.019389731654234216
1793,0.0691728393885731
1794,0.0866449860284281
1795,0.12921072027874606
1796,0.11426093200873802
1797,0.08844243428436716
1798,0.0023485916143838187
1799,0.13360759704589942
1800,0.10081699583342858
1801,0.09948167387015894
1802,0.10001672371180152
1803,0.01720508319377208
1804,0.1343548678246993
1805,0.0857590413408929
1806,0.08566065774621597
1807,0.050119958462582465
1808,0.03422335899521581
1809,0.05480507321533539
1810,0.046549731942893004
1811,0.18630822472735226
1812,0.08237524405037483
1813,0.12474963835403154
1814,0.16708369732527673
1815,0.0023753178406421827
1816,0.07450473781331456
1817,0.12771503485332047
1818,0.10698640363508952
1819,0.15101362387912856
1820,0.0
1821,0.07219647422868383
1822,0.11145455599412644
1823,0.059271417055060185
1824,0.18098602944996622
1825,0.1712395081168936
1826,0.06828378542212013
1827,0.11531279824996646
1828,0.048747637749783114
1829,0.11644439866459616
1830,0.10015725162298363
1831,0.06098999495224197
1832,0.0862124000903467
1833,0.03736230308231059
1834,0.13166109123207578
1835,0.11623632498607765
1836,0.11730138156071211
1837,0.16093764442926986
1838,0.13104139103991236
1839,0.10998515938036382
1840,0.09654457932426062
1841,0.10684020061889489
1842,0.04681991993729542
1843,0.11864387813604953
1844,0.012254500336757554
1845,0.04118549492767908
1846,0.2019788001518939
1847,0.15012923680223
1848,0.14685379391207132
1849,0.21023469763092395
1850,0.0
1851,0.10187650977560639
1852,0.0
1853,0.0770369616188677
1854,0.11841538557974972
1855,0.09915324676446477
1856,0.09573174944634544
1857,0.11531059718814021
1858,0.17506195045374123
1859,0.038379563156160305
1860,0.034183780159808094
1861,0.06512722802076946
1862,0.05409370816611807
1863,0.029524692136652934
1864,0.0800999796922144
1865,0.15612024958966253
1866,0.10550731008469522
1867,0.0874410100141423
1868,0.16106662457149257
1869,0.12945703647963508
1870,0.06567451266010926
1871,0.125320718869725
1872,0.06967428780485675
1873,0.18539321920702143
1874,0.0856597152195189
1875,0.017316633883823405
1876,0.08283435047441218
1877,0.13783839316544022
1878,0.12190016343052776
1879,0.12379712473829857
1880,0.16362582554284794
1881,0.035505610303107074
1882,0.0024005246914983597
1883,0.09259650910041184
1884,0.04322904430111977
1885,0.06256302957233378
1886,0.017459224429413
1887,0.22589222082078958
1888,0.02065680771527917
1889,0.029922636192883253
1890,0.1796813939242023
1891,0.06457487462734926
1892,0.14443113977437336
1893,0.05706729662964333
1894,0.015018931525526191
1895,0.07690406742775494
1896,0.07773672841162162
1897,0.0827502456181541
1898,0.1253947162146864
1899,0.06746627502200078
1900,0.06768046388549578
1901,0.0822639317609164
1902,0.0829856745573236
1903,0.014188005327883918
1904,0.1211675486925283
1905,0.1354030009467488
1906,0.12468407736659651
1907,0.01654895777807224
1908,0.13579656746507382
1909,0.13651924221282447
1910,0.14419546800979402
1911,0.10782089639017682
1912,0.02767376847727311
1913,0.04006607933581126
1914,0.15583433410757885
1915,0.07746789055362101
1916,0.0
1917,0.11034068382517266
1918,0.07465775673840468
1919,0.0183278228733059
1920,0.17388499617423453
1921,0.07452874462128195
1922,0.0
1923,0.09399212001630486
1924,0.09426539314507404
1925,0.12864343392353364
1926,0.011065169844744163
1927,0.12858368803172898
1928,0.20068773685550317
1929,0.14061473949342507
1930,0.19027194593903754
1931,0.08369186993269445
1932,0.08957291767159875
1933,0.09998827400416471
1934,0.1150202526409226
1935,0.10106775269450129
1936,0.08955441217003467
1937,0.03091727796723237
1938,0.0
1939,0.06583900161691639
1940,0.08874550228051784
1941,0.04236136009126812
1942,0.08310436461098462
1943,0.05125265616903439
1944,0.11876374444695945
1945,0.06930083792930397
1946,0.11371532393001574
1947,0.06620080496555877
1948,0.1118844602741711
1949,0.031211344247645753
1950,0.07987231330336797
1951,0.22569182047662514
1952,0.08611011373236528
1953,0.013475295334475265
1954,0.09555318713487088
1955,0.12422508516422404
1956,0.10138543068470134
1957,0.11980812624833108
1958,0.01760876381445195
1959,0.07316228418018351
1960,0.0383666264094825
1961,0.10271702274082409
1962,0.0
1963,0.07865905131669128
1964,0.08686512792418437
1965,0.11077719007704218
1966,0.08501703683052139
1967,0.11990988082870538
1968,0.14003063490345255
1969,0.07002366474302195
1970,0.09129628521863319
1971,0.10438571229288335
1972,0.10362087804005228
1973,0.20431655068787247
1974,0.1567812530555418
1975,0.1160839796671927
1976,0.05433040856988056
1977,0.13507115478793225
1978,0.14900389378464982
1979,0.11087539117063838
1980,0.14958736482686633
1981,0.10168103747263334
1982,0.1276636575281821
1983,0.07405234191844252
1984,0.149622593955405
1985,0.08161510273711581
1986,0.12362422191051578
1987,0.10501409948967297
1988,0.16406813495799707
1989,0.05721063069466331
1990,0.07755578588678765
1991,0.06412336560108699
1992,0.006829276932196732
1993,0.016742898316853133
1994,0.13229140297133962
1995,0.1213180212314289
1996,0.1864136564655838
1997,0.12034674470055305
1998,0.09162746915387877
1999,0.12326784424854854
2000,0.15631075242517187
2001,0.07625113195618063
2002,0.1087082867342485
2003,0.17525430625391067
2004,0.12928105237653015
2005,0.11336203619736711
2006,0.07558131316127148
2007,0.16162813702234605
2008,0.12338327770945057
2009,0.0767771125851335
2010,0.1575998257276155
2011,0.12943699089322908
2012,0.09042802769400088
2013,0.2570166535716223
2014,0.13161290726585748
2015,0.1478663921231203
2016,0.17550723543170213
2017,0.18515036668309878
2018,0.11093880603906778
2019,0.06906360239394245
2020,0.1429379077780959
2021,0.1669389241474591
2022,0.1408391263126964
2023,0.10463744096349847
2024,0.0
2025,0.17919960186636882
2026,0.1532193797734983
2027,0.07157951993589082
2028,0.0
2029,0.0670466757237635
2030,0.03136235909117392
2031,0.18646990677840744
2032,0.20484682792729753
2033,0.13820325341146097
2034,0.11351123591142484
2035,0.09471472561974524
2036,0.09434726031401916
2037,0.13948776986845593
2038,0.21877927447318668
2039,0.1579314855404908
2040,0.01382216590370007
2041,0.11841290648167632
2042,0.0020150802913656285
2043,0.09784653939940077
2044,0.08854373738094487
2045,0.13390591007813693
2046,0.12051484342388127
2047,0.15861970121839042
2048,0.12332583024569214
2049,0.10104309569377057
2050,0.13852994089637322
2051,0.0809260552394935
2052,0.1325043736930298
2053,0.02626758279179528
2054,0.030726566514342545
2055,0.12468684584941638
2056,0.15444287296145265
2057,0.12301064748373725
2058,0.029740895127660358
2059,0.04869920723591264
2060,0.06952707493346275
2061,0.08747622359411915
2062,0.0
2063,0.05892913910822853
2064,0.13145399801766183
2065,0.12534098478548025
2066,0.12198972680910235
2067,0.07063901984120613
2068,0.0034318100890815967
2069,0.15642830500669994
2070,0.10832165626889297
2071,0.08855997072324828
2072,0.11033308408967275
2073,0.04757750005194464
2074,0.07247635542165634
2075,0.19641535024705953
2076,0.14103906099887212
2077,0.05488127468231523
2078,0.039082203799776394
2079,0.0921576502141265
2080,0.1331391279772295
2081,0.10614857144067527
2082,0.11960881217577887
2083,0.1464198886607161
2084,0.0559106919750304
2085,0.09501551074499871
2086,0.13450627756550312
2087,0.09420666285528374
2088,0.0006474409178560958
2089,0.21462715260143897
2090,0.16210345284392957
2091,0.21748058465635467
2092,0.10366125458747205
2093,0.10121407451996818
2094,0.014559778778946
2095,0.13186433747905119
2096,0.0
2097,0.12760635003087298
2098,0.036900208952480695
2099,0.10873920121523353
2100,0.09968523254545412
2101,0.12955943320517835
2102,0.062218861386171526
2103,0.07126600797264826
2104,0.07547677747650092
2105,0.09860885219179517
2106,0.09441028671184915
2107,0.1234596954849907
2108,0.12994326653395755
2109,0.14012289111618292
2110,0.15533283641452528
2111,0.08415306901214809
2112,0.13699711369974046
2113,0.13227750710251934
2114,0.054095855669306886
2115,0.06948498452628718
2116,0.14863963575376843
2117,0.09074327407756848
2118,0.06236513197600354
2119,0.03632272388263931
2120,0.09275262450121737
2121,0.13998011983703143
2122,0.08894024561736583
2123,0.07208752896905303
2124,0.06859173462243756
2125,0.0917616128663503
2126,0.0
2127,0.1169962841284537
2128,0.11185949278204646
2129,0.09129242448944258
2130,0.06332521019606621
2131,0.07320313769236139
2132,0.15835361672883846
2133,0.15144914773810797
2134,0.1267715303504644
2135,0.08042988957149792
2136,0.02536322686211728
2137,0.048474474806625076
2138,0.05637844223034266
2139,0.05724668085717548
2140,0.032452972769696484
2141,0.03094352232728663
2142,0.04458682330395794
2143,0.04306397055825548
2144,0.11578595532967852
2145,0.10458614700898271
2146,0.12952574778152642
2147,0.12050850895724004
2148,0.03172321827167689
2149,0.04799169462977974
2150,0.19195585838685092
2151,0.01791207518582881
2152,0.12822781077410428
2153,0.1997998076985923
2154,0.06393999099309985
2155,0.17588085049142205
2156,0.15288465676680135
2157,0.07670381426126674
2158,0.0993672850581811
2159,0.0822461865775011
2160,0.11145557094648799
2161,0.05927107641509457
2162,0.10546258307929227
2163,0.16867344028959919
2164,0.0795350651282311
2165,0.0
2166,0.028495714020227467
2167,0.10510430768503257
2168,0.0
2169,0.1496910179912519
2170,0.13247202515521384
2171,0.12218480197242812
2172,0.039404376528187846
2173,0.11181815178464108
2174,0.0
2175,0.21345784014818847
2176,0.14568149378827477
2177,0.031597390182513646
2178,0.0
2179,0.07911858480666127
2180,0.10078430777763986
2181,0.0645261833844861
2182,0.07843662585882703
2183,0.1837579887322892
2184,0.10927667981754959
2185,0.1703927171442366
2186,0.18597362621269833
2187,0.08090217286282297
2188,0.10143558060910965
2189,0.08310607245743187
2190,0.0
2191,0.09431649769560384
2192,0.07499612024714451
2193,0.09758200577083817
2194,0.14435666964195748
2195,0.09802238704639904
2196,0.1628196402904218
2197,0.10375742766994464
2198,0.035161415042861036
2199,0.0
2200,0.10501843508170888
2201,0.10847694840717015
2202,0.10403149346337942
2203,0.1427839887893193
2204,0.14290611671339004
2205,0.09933360149837817
2206,0.06861884754123329
2207,0.13374647081009658
2208,0.002850317352676879
2209,0.07243207030908902
2210,0.11211875602853585
2211,0.043460788251459194
2212,0.0791152349698861
2213,0.07627537311484782
2214,0.04607403396508747
2215,0.10817336670055973
2216,0.16964821929448937
2217,0.07992009578341573
2218,0.1797513549519995
2219,0.15418353236984184
2220,0.09744289425124691
2221,0.0672500820887772
2222,0.052336055054827746
2223,0.01927218463859738
2224,0.13587664963799947
2225,0.13449710635260964
2226,0.1278697856289077
2227,0.19248288159212848
2228,0.21352189797316276
2229,0.0026394168083468394
2230,0.10814554410952547
2231,0.02068312423255147
2232,0.15005939198333842
2233,0.09340466717889181
2234,0.01737772049812632
2235,0.12742343980666962
2236,0.0780043242833911
2237,0.1045357544480436
2238,0.10741197325548166
2239,0.048124790753371186
2240,0.05094197713845461
2241,0.18125886989084042
2242,0.05808775551653995
2243,0.0651856624090455
2244,0.029468570588810847
2245,0.09738943503625822
2246,0.06322727100905995
2247,0.091840870489234
2248,0.18449418048562563
2249,0.0208801709237718
2250,0.0
2251,0.10501380697634675
2252,0.0
2253,0.1427095606195363
2254,0.08319049096343062
2255,0.10053171228666641
2256,0.09961607061261883
2257,0.13202539103180655
2258,0.0
2259,0.11258274174776142
2260,0.09773019166407362
2261,0.11814161265780491
2262,0.13504081139263854
2263,0.0
2264,0.16440627506750144
2265,0.0353693942831686
2266,0.1152804344251052
2267,0.07925328622023181
2268,0.07777540493132587
2269,0.08309360319753369
2270,0.12135744939296718
2271,0.0
2272,0.2354791021195285
2273,0.010509425761654492
2274,0.11649816811243457
2275,0.08034503833020457
2276,0.07833553982075478
2277,0.13325691224950775
2278,0.02849216355052798
2279,0.1947038652948218
2280,0.07454979501442643
2281,0.07108413519483583
2282,0.08679085141516882
2283,0.038679921852405964
2284,0.17083243431059492
2285,0.06740549526539945
2286,0.08897537035347572
2287,0.23394097435029723
2288,0.09633472081637649
2289,0.10886997373468037
2290,0.08481289924058374
2291,0.13577734206912445
2292,0.08039325133288551
2293,0.005859920500263016
2294,0.12447731670568916
2295,0.12699506551719858
2296,0.10895562404774113
2297,0.22201329007260012
2298,0.0
2299,0.08576107417917622
2300,0.1832738131545702
2301,0.07297312000837126
2302,0.11436265767751985
2303,0.08344453770128707
2304,0.09472384952629263
2305,0.013202510911274225
2306,0.14211242411079666
2307,0.17829525097821772
2308,0.11996638149514319
2309,0.17628880795774093
2310,0.038288518030434274
2311,0.005595585292292704
2312,0.06910167935425095
2313,0.14889413649829236
2314,0.0655172134688424
2315,0.14150263046361378
2316,0.07160196278716459
2317,0.05606723102445615
2318,0.07763357513014738
2319,0.12135604591875954
2320,0.023711639365071743
2321,0.025555338295902674
2322,0.12643014576593625
2323,0.10872951637964773
2324,0.06337729875514615
2325,0.07779024322872538
2326,0.15229379767704898
2327,0.07595075301305865
2328,0.08155044720873424
2329,0.1329189246407761
2330,0.059619735474139963
2331,0.05289208397406487
2332,0.09169800958434948
2333,0.11195583834769679
2334,0.17300305307118602
2335,0.03434117533478935
2336,0.13481011574254695
2337,0.09105908174367983
2338,0.051650666207715586
2339,0.004707726078451942
2340,0.05567210274182258
2341,0.0
2342,0.11133369308801533
2343,0.053651060711219854
2344,0.023430650828317388
2345,0.14968809924687346
2346,0.14777163795490517
2347,0.07159330019871189
2348,0.10130208924853652
2349,0.08160211460260478
2350,0.10510226783484888
2351,0.07219601584061752
2352,0.17952118691407723
2353,0.12549419224135233
2354,0.06129035051080114
2355,0.0
2356,0.07935801122051332
2357,0.07235759073159238
2358,0.016306490844970392
2359,0.20348270414064715
2360,0.07895480386794677
2361,0.0940874804550967
2362,0.08944514564820749
2363,0.11777902429901688
2364,0.06408446210352685
2365,0.055768915414348884
2366,0.0
2367,0.1043187551891777
2368,0.13871424170353736
2369,0.10126520391955421
2370,0.08658784004699661
2371,0.19366753139356874
2372,0.009989148133591919
2373,0.0
2374,0.14943183014389447
2375,0.16632446733705014
2376,0.07313904903406662
2377,0.052138808308844556
2378,0.0
2379,0.16194691585965593
2380,0.0
2381,0.15889845513874448
2382,0.1364202223268407
2383,0.12812985278449043
2384,0.07382212677230972
2385,0.08658118906234749
2386,0.06517070242529706
2387,0.1395320848088653
2388,0.05244101570032783
2389,0.11880360957840906
2390,0.08000638226556342
2391,0.18892043966658434
2392,0.08794874629797855
2393,0.07244629972425198
2394,0.09606056625578836
2395,0.0
2396,0.09596655070111197
2397,0.1484500437049534
2398,0.11042087475256192
2399,0.12339045370296027
2400,0.17670435513254026
2401,0.10604231202436981
2402,0.08448366514126068
2403,0.14897252432599783
2404,0.09590993065443436
2405,0.020563866050475513
2406,0.06358916229935899
2407,0.20223969808943965
2408,0.047711687377094185
2409,0.0045569063927845994
2410,0.09449574858503614
2411,0.19498230458579352
2412,0.033567036199194863
2413,0.060173390832355934
2414,0.04091604488448414
2415,0.005111442150055295
2416,0.12120504602832831
2417,0.12316383965098711
2418,0.16922556385938883
2419,0.09598661548010283
2420,0.047501918116248765
2421,0.13175298058459808
2422,0.10263132427011269
2423,0.1116748404440798
2424,0.06666285701218153
2425,0.02663690700377606
2426,0.11939724446164174
2427,0.09181492677105951
2428,0.21770765297264733
2429,0.10235939362154337
2430,0.12868515745592662
2431,0.06619880031009118
2432,0.05402134882556596
2433,0.15447366036050697
2434,0.04823949039224078
2435,0.22420236565778545
2436,0.07372363884540199
2437,0.05691369899404111
2438,0.1310094088626487
2439,0.1157023142284775
2440,0.028161612518740345
2441,0.07097327757838093
2442,0.15250086726642825
2443,0.10977456603795796
2444,0.12413003498413984
2445,0.06639724868901345
2446,0.10298481695301799
2447,0.12477488697419421
2448,0.0
2449,0.0233668053761332
2450,0.026065265320755968
2451,0.0
2452,0.23635546232107352
2453,0.09636988746278849
2454,0.06349246271006462
2455,0.10664124365374411
2456,0.1327569297919127
2457,0.09705560058316896
2458,0.10423952022984795
2459,0.15028416580444726
2460,0.11796728191848849
2461,0.14715581780000947
2462,0.13668227284156212
2463,0.13539008298489164
2464,0.12272959436622224
2465,0.09567716615297135
2466,0.1615985035309795
2467,0.06930473071396319
2468,0.0699950856020128
2469,0.18683366743708282
2470,0.11621400186828358
2471,0.024980410979535017
2472,0.12773328533261616
2473,0.08716792944740064
2474,0.14261924213153357
2475,0.0503644543285946
2476,0.04953504415310228
2477,0.08799643601636266
2478,0.18605428952354708
2479,0.1192028258711656
2480,0.14170437522527474
2481,0.12329231047604142
2482,0.12817234547423614
2483,0.05134223963632812
2484,0.0
2485,0.02403678580920568
2486,0.10068954821064494
2487,0.05795257784775818
2488,0.06714628984114088
2489,0.06417057363154884
2490,0.07584696175685245
2491,0.11730462290359131
2492,0.04368548745009735
2493,0.13475529670075875
2494,0.08083035780408492
2495,0.024743597748931513
2496,0.10983652046316437
2497,0.015787062408738214
2498,0.02103327090873416
2499,0.0800913701728006
2500,0.1508497198662918
2501,0.10389654012020871
2502,0.15454846260382488
2503,0.10960744584524222
2504,0.0
2505,0.01716226122630407
2506,0.16239052857372868
2507,0.12918213296842865
2508,0.0
2509,0.015681852360385273
2510,0.039209845457747215
2511,0.0827525973060966
2512,0.10939346081529838
2513,0.0
2514,0.20486207211265695
2515,0.17381061266776346
2516,0.12024379511177617
2517,0.0
2518,0.0
2519,0.1997490024035058
2520,0.12397562797286898
2521,0.05322934380110325
2522,0.15881531091921003
2523,0.01907869513623034
2524,0.08013867910626923
2525,0.14636469862821838
2526,0.0443287665732181
2527,0.10479144407417174
2528,0.0632259928775738
2529,0.08961042124635588
2530,0.0925339846395308
2531,0.17339533893445236
2532,0.1299567907960144
2533,0.10016348087058959
2534,0.11759611254600319
2535,0.07384353380034234
2536,0.1525444922174054
2537,0.16158152715607446
2538,0.12698872968820374
2539,0.07169807547061754
2540,0.056382919769024493
2541,0.10929028795190819
2542,0.15164072164591255
2543,0.16215389242104672
2544,0.04244407936058049
2545,0.02729613759719657
2546,0.05849784672586103
2547,0.12170121914152722
2548,0.17115114326480785
2549,0.15269924750401773
2550,0.1437260118843992
2551,0.06977738418267135
2552,0.07181781513207355
2553,0.03627469787681781
2554,0.14757020498882945
2555,0.17954559831646397
2556,0.16909145103275441
2557,0.13615582949384333
2558,0.10745640645290237
2559,0.10068972984098584
2560,0.09738814279823484
2561,0.15164217571385727
2562,0.05264233971946958
2563,0.17041019697416154
2564,0.11471706399604437
2565,0.1165502789994581
2566,0.0650417068888071
2567,0.16031965133328976
2568,0.12992039464657443
2569,0.10372989911269194
2570,0.16764551844196018
2571,0.027558504059751934
2572,0.04885219629471387
2573,0.0909043268914111
2574,0.10388533300923716
2575,0.03680422151745359
2576,0.1437110697815792
2577,0.15321255578355267
2578,0.08843987117607273
2579,0.0491690331674604
2580,0.11506376747486644
2581,0.08471339881340645
2582,0.020289600245883343
2583,0.011106664406114714
2584,0.08148635308410453
2585,0.15585662466453848
2586,0.05460986866204827
2587,0.14021497383701326
2588,0.17163109206353788
2589,0.12089003151517425
2590,0.164486906222332
2591,0.13241064984318632
2592,0.0537913567102373
2593,0.07416040184511019
2594,0.03174187808667822
2595,0.09928220006113235
2596,0.04826662602649778
2597,0.1415523534204796
2598,0.04696879646883839
2599,0.04617124675575575
2600,0.053381312540582565
2601,0.09024994121099716
2602,0.1798972156462714
2603,0.12061327813297369
2604,0.11954160876804416
2605,0.09008055498353801
2606,0.12571747432108932
2607,0.044606803131398115
2608,0.11343755487518195
2609,0.019112460201270404
2610,0.19605438879167583
2611,0.11773168949943846
2612,0.01671142145350675
2613,0.14520763111758497
2614,0.09780967275357935
2615,0.15713348707098332
2616,0.1488451642256426
2617,0.1136753162350311
2618,0.04588764583542376
2619,0.06275534070088852
2620,0.17471872982882108
2621,0.09262366062905038
2622,0.07398857155894656
2623,0.1310502276908368
2624,0.08818991214125883
2625,0.062305291510061506
2626,0.08721380137334984
2627,0.14450541449505247
2628,0.028579246766492324
2629,0.11537186399602675
2630,0.12019836553871494
2631,0.16745158004027377
2632,0.10222533929280675
2633,0.015574820410541304
2634,0.11233417405329583
2635,0.17005905873472021
2636,0.06349869454371221
2637,0.14469550872997305
2638,0.021127981059820097
2639,0.12819551770617593
2640,0.08805663446138284
2641,0.02079776110645558
2642,0.1080625307729069
2643,0.0680140093519119
2644,0.16227524727365966
2645,0.17808640074652768
2646,0.020732509701827287
2647,0.017921400501467816
2648,0.18624210047296666
2649,0.025967489267076156
2650,0.16962881740488361
2651,0.017284183025663202
2652,0.14261908074148905
2653,0.10909083049374149
2654,0.13743442924575178
2655,0.1451851719718682
2656,0.058301387881718215
2657,0.1960360070771114
2658,0.07392104069430036
2659,0.20636818092600973
2660,0.047295210411078925
2661,0.013728606313527944
2662,0.04957691956730856
2663,0.08387152589969166
2664,0.1056617947639069
2665,0.017315534185500317
2666,0.10132982706307538
2667,0.06540043826359238
2668,0.03329320154208175
2669,0.123798405584601
2670,0.10278284862868647
2671,0.13057414673714024
2672,0.11711915906201051
2673,0.11212606712465721
2674,0.13093985868383443
2675,0.15416800535690597
2676,0.005471819876195744
2677,0.09546775503920077
2678,0.13621802731777646
2679,0.0
2680,0.003014617653915322
2681,0.06653509299634476
2682,0.11062533364168127
2683,0.08345034188602088
2684,0.0
2685,0.14742102928462084
2686,0.16331362936709504
2687,0.08940433062935146
2688,0.14242328354268297
2689,0.029446288351976123
2690,0.03006259148918977
2691,0.06618720813978685
2692,0.03940552408057111
2693,0.07716508602447358
2694,0.013795188540466172
2695,0.11048083479329551
2696,0.14086891582005545
2697,0.1821030833896657
2698,0.11684923924238985
2699,0.1062191126991962
2700,0.09223894511654816
2701,0.14235557638596766
2702,0.11341219994002517
2703,0.141320291758628
2704,0.10189570609688962
2705,0.012016578173866617
2706,0.11302882687613684
2707,0.031404542960859164
2708,0.1526025221317203
2709,0.01686540939742223
2710,0.0
2711,0.1195553142854418
2712,0.12554271718348142
2713,0.011425098617193138
2714,0.18064508186191047
2715,0.0032636423499296102
2716,0.1302834558122774
2717,0.1314260746144621
2718,0.15202465368539347
2719,0.04743778223247468
2720,0.13285519271933421
2721,0.12168158650790646
2722,0.1596178150984961
2723,0.15046672841267075
2724,0.15790301268972642
2725,0.16767737539884175
2726,0.13468280633758795
2727,0.1800686798990926
2728,0.13124696214950018
2729,0.10712020429900615
2730,0.12727706400351763
2731,0.13481407546062757
2732,0.03334134482842127
2733,0.14935711018102535
2734,0.13834846073206153
2735,0.11044535545379304
2736,0.0277210048294061
2737,0.058415114186637536
2738,0.12486753164968895
2739,0.01949122786327205
2740,0.0901302820671567
2741,0.09470269507273005
2742,0.07865982693862054
2743,0.04413461276402152
2744,0.03794168936593435
2745,0.14318744088388152
2746,0.10625013136002805
2747,0.11560744131147188
2748,0.14578286540215896
2749,0.1411499865234077
2750,0.020595904093374556
2751,0.09026377338613109
2752,0.07812945953326533
2753,0.0259316049321093
2754,0.17956774762301778
2755,0.11775697315037935
2756,0.1041024377757736
2757,0.09699928023429756
2758,0.05696463081071715
2759,0.04675213457443078
2760,0.059927007700409915
2761,0.1626834562248356
2762,0.020543647864507714
2763,0.12901573935865374
2764,0.11159822761609088
2765,0.14101298969176781
2766,0.03953662393143298
2767,0.056902079773894484
2768,0.09674705833002964
2769,0.08380168543935382
2770,0.08405053336825277
2771,0.12806339841207287
2772,0.061241135300617
2773,0.09298333149460165
2774,0.03492032996529215
2775,0.01948026136975628
2776,0.0044187007929144245
2777,0.16149727731799482
2778,0.003078778858330883
2779,0.07830328239717159
2780,0.012244719588771394
2781,0.19070953832122914
2782,0.17584240693919276
2783,0.1631158860076966
2784,0.08999449307728496
2785,0.08741493082109057
2786,0.11197291427110125
2787,0.04919108982484817
2788,0.139563698505075
2789,0.023572056335526767
2790,0.03606914691776446
2791,0.08776404181286585
2792,0.12292739848832208
2793,0.07282320868050743
2794,0.15824098063308542
2795,0.10338084647026667
2796,0.06487593609482206
2797,0.1517657886262418
2798,0.1258942307722022
2799,0.014950833433027043
2800,0.027342911335737005
2801,0.10225814399937647
2802,0.1454281539907945
2803,0.09927041696517866
2804,0.040077959844582005
2805,0.042474940114109905
2806,0.18145651465174395
2807,0.1819820698029037
2808,0.016538083395782804
2809,0.05547818950862843
2810,0.1483190603790622
2811,0.09098594736359163
2812,0.14695672172149524
2813,0.08742156302636629
2814,0.17656828640614136
2815,0.0824662673045247
2816,0.12411754548377225
2817,0.09403739344922052
2818,0.0
2819,0.10346003224674695
2820,0.1241000224466771
2821,0.1762946541585288
2822,0.060021074047228486
2823,0.11398564894402102
2824,0.08716165256829815
2825,0.13210960537943195
2826,0.19088130275008103
2827,0.17197814784763688
2828,0.13985346142623778
2829,0.09356706897434937
2830,0.016073509829198793
2831,0.028837025834162318
2832,0.12128097274580404
2833,0.1598882910759793
2834,0.08637204804202664
2835,0.11899283014070215
2836,0.15028487903500468
2837,0.01153329179172169
2838,0.05853902524291487
2839,0.10104043885597352
2840,0.07282602046071367
2841,0.17490006854308598
2842,0.1381266313644466
2843,0.10085015828037537
2844,0.0
2845,0.16547174914944013
2846,0.061263995284216985
2847,0.1296250044717118
2848,0.15719373578562626
2849,0.19965543533425234
2850,0.0828972212419437
2851,0.05970931402113516
2852,0.10158428083848045
2853,0.0
2854,0.13026965683419792
2855,0.0738155743806842
2856,0.10931798939117973
2857,0.0
2858,0.10441996870688557
2859,0.06713827786830864
2860,0.017051630291663566
2861,0.08660713421199112
2862,0.11509264642207453
2863,0.1580456092371764
2864,0.15362894122700171
2865,0.12952591405637762
2866,0.07269259271620182
2867,0.04739267140763079
2868,0.11873923432034555
2869,0.05211449519391735
2870,0.04917508429836688
2871,0.019775679348102475
2872,0.10360123978191291
2873,0.08877037576834189
2874,0.11009636198419345
2875,0.0505351873072899
2876,0.12292050090080506
2877,0.03917068808069131
2878,0.08901910597767007
2879,0.09725158608370674
2880,0.12478705605841528
2881,0.1464268189966939
2882,0.15776848465784502
2883,0.10431522370502201
2884,0.1850921158166619
2885,0.027192043807409062
2886,0.12381534709129241
2887,0.06135690429960682
2888,0.03804763564801214
2889,0.01066261829830141
2890,0.1338616854956783
2891,0.1750140177843974
2892,0.06424470961891152
2893,0.08143609701375751
2894,0.037087078859981706
2895,0.05714640738439306
2896,0.056681587388973886
2897,0.08727749442778154
2898,0.14449514110287426
2899,0.06721360724298375
2900,0.044288190489506885
2901,0.061444181800533126
2902,0.1695097634671841
2903,0.0572930666979475
2904,0.07264476054285315
2905,0.05953521732451487
2906,0.09752177472427669
2907,0.09568477911530997
2908,0.10756487550764328
2909,0.10149149930273837
2910,0.083315800025858
2911,0.11991724938392762
2912,0.10406797461075289
2913,0.15368903389435173
2914,0.07209985084103727
2915,0.02945026394839735
2916,0.07396511752311186
2917,0.12349751597821115
2918,0.05587879211536244
2919,0.0697905872350946
2920,0.12744063370521314
2921,0.10296522280859705
2922,0.11579188745198239
2923,0.10393854735727555
2924,0.06490908409328788
2925,0.056855929749379586
2926,0.12180392958825782
2927,0.09399750625167178
2928,0.08120015719125093
2929,0.05756339625585808
2930,0.025645887004396295
2931,0.16276506349621717
2932,0.10770302387591875
2933,0.017153910906754555
2934,0.05044442354187886
2935,0.11295187240332874
2936,0.09832181241700255
2937,0.0
2938,0.18394569320067478
2939,0.022968809463230568
2940,0.11979828338511608
2941,0.12524427302812016
2942,0.11590641430759752
2943,0.043381333606432385
2944,0.0815599428284752
2945,0.10041214291241006
2946,0.1664990203471496
2947,0.1797493305573945
2948,0.06691035246882707
2949,0.12988512619294573
2950,0.1026185128828353
2951,0.08409235540269899
2952,0.11552899094703063
2953,0.09834724340416959
2954,0.023399120650276554
2955,0.1617976594789215
2956,0.10488361266446927
2957,0.1286825598807709
2958,0.13239675822991448
2959,0.18106868104914928
2960,0.05871739676240978
2961,0.0
2962,0.03655479720346204
2963,0.2139570735441007
2964,0.154157910552567
2965,0.1148670228965262
2966,0.09474506839308076
2967,0.14405186055497798
2968,0.09773023922274335
2969,0.12437440904926747
2970,0.1773138478257539
2971,0.0917215711406982
2972,0.09983423337277053
2973,0.008376128283476197
2974,0.13408158703153997
2975,0.17175012501062187
2976,0.1398535106636007
2977,0.06354624010720239
2978,0.06515430006609971
2979,0.1014032195282842
2980,0.10966477104253337
2981,0.1200812151362686
2982,0.05295631849085492
2983,0.11461616867480842
2984,0.062135113060506474
2985,0.13517676912602578
2986,0.1770622641486294
2987,0.11843481917698404
2988,0.15162030781076163
2989,0.11476981831919564
2990,0.025082841787756202
2991,0.08073114259587981
2992,0.0405433852618481
2993,0.11742233814038892
2994,0.09534508154416044
2995,0.009792165478611446
2996,0.1187738178906435
2997,0.11238212218111474
2998,0.01835568647202461
2999,0.15259376013649498
3000,0.13176122506219443
3001,0.1384355345851191
3002,0.06808773732144671
3003,0.1177346900518421
3004,0.03201510405516554
3005,0.06192777803472607
3006,0.15147932462716684
3007,0.12777875094450716
3008,0.11510736943839074
3009,0.12943465595331985
3010,0.1908340860625553
3011,0.11622154417092496
3012,0.03880173690564921
3013,0.16042868361127938
3014,0.06498828146039651
3015,0.02627071512365846
3016,0.17826181866525634
3017,0.04434553310326307
3018,0.03586864012651479
3019,0.10024971287615467
3020,0.1084338096814049
3021,0.008377219494918028
3022,0.10486462945896043
3023,0.06898888225889664
3024,0.09899520774679499
3025,0.1503684255615646
3026,0.0284018071581095
3027,0.007688645984700392
3028,0.07331870995902794
3029,0.010479860539973546
3030,0.06182569462256546
3031,0.030704455235513906
3032,0.12223844987846988
3033,0.06316411063364191
3034,0.1097670673050842
3035,0.1300695258622455
3036,0.08466001470058146
3037,0.08065598971032094
3038,0.08669912899503543
3039,0.19504496103695743
3040,0.04392864815227992
3041,0.11341858089913533
3042,0.046115312486471695
3043,0.21798227189142294
3044,0.10667101824299384
3045,0.07025387919556933
3046,0.05082112906454177
3047,0.11006707535840679
3048,0.1465449451561457
3049,0.06964241052478135
3050,0.18557201365387113
3051,0.04435796726543844
3052,0.05071230873134435
3053,0.05732629718755951
3054,0.195521723403617
3055,0.16844235937942378
3056,0.061896382357779806
3057,0.09301350620333046
3058,0.160168866219652
3059,0.11568483155699634
3060,0.11858613495568107
3061,0.009280741286324062
3062,0.08960613885668675
3063,0.12279379251544648
3064,0.13828035381905304
3065,0.10999725926965193
3066,0.0
3067,0.1678214739066074
3068,0.1878840351896328
3069,0.06894385479320839
3070,0.05166731986617991
3071,0.09320188902997499
3072,0.0812711369170693
3073,0.0629933234966136
3074,0.15623581197768027
3075,0.06997131504974491
3076,0.0755911931668746
3077,0.12498707986614949
3078,0.1161345262165455
3079,0.11942444838321105
3080,0.12992262754742073
3081,0.10380876161920324
3082,0.013501995523293205
3083,0.09417427551104071
3084,0.18778197120051696
3085,0.034251728302922765
3086,0.19138126118411783
3087,0.07800951649208089
3088,0.14348180638729735
3089,0.055280414148342685
3090,0.13591276586905546
3091,0.13556326630297927
3092,0.08560894597962097
3093,0.12989142477176857
3094,0.09705283779663322
3095,0.10228852942431761
3096,0.17262873538023757
3097,0.0
3098,0.04986346832854102
3099,0.06133515169856529
3100,0.12604477370610484
3101,0.06564354643407475
3102,0.20240483001350618
3103,0.0
3104,0.10535765688944797
3105,0.030694244187340403
3106,0.2102195129595537
3107,0.0481242610906634
3108,0.11870894927585021
3109,0.11147771371879861
3110,0.0
3111,0.15892178167533166
3112,0.17067555252681782
3113,0.045434032903651014
3114,0.0
3115,0.007281632193385484
3116,0.05203115340390779
3117,0.15238684478019
3118,0.10150531689470485
3119,0.0667793328999883
3120,0.037050028586156386
3121,0.1333059058622104
3122,0.14801368102459794
3123,0.11289082854243881
3124,0.11954773593376186
3125,0.058787177801468166
3126,0.009918594681728685
3127,0.06835376470919279
3128,0.02993832843340548
3129,0.15448257384385683
3130,0.13370955833065204
3131,0.0
3132,0.12853279563425507
3133,0.1575022128395935
3134,0.2041936634508327
3135,0.1533415609606384
3136,0.11350487971370249
3137,0.1565435278084883
3138,0.0
3139,0.06320224332221908
3140,0.08978619281412761
3141,0.08449979037362429
3142,0.04684321390779742
3143,0.004197035149989939
3144,0.2145424831536673
3145,0.09324410886505416
3146,0.03673885711053597
3147,0.04100575802688137
3148,0.07560089740918714
3149,0.09707077933770271
3150,0.159342382168108
3151,0.09786669066596974
3152,0.19046008937659112
3153,0.10404284741053241
3154,0.0855789000102064
3155,0.0651848362439928
3156,0.09405498874224161
3157,0.051610110351070534
3158,0.04799851594491205
3159,0.08390077509137739
3160,0.04783161992413159
3161,0.10274126731557688
3162,0.0666759553635084
3163,0.13586137718329677
3164,0.12454425042761416
3165,0.08121761451139933
3166,0.05802396109478418
3167,0.011604610743081625
3168,0.17259959932684737
3169,0.13877240719412393
3170,0.07091840148994044
3171,0.07861690743953668
3172,0.08724534271580903
3173,0.11673678696258191
3174,0.003145371699556393
3175,0.17130003148698947
3176,0.12206146954225566
3177,0.14022075583174531
3178,0.19333911739271722
3179,0.10412945323063866
3180,0.12932728347923655
3181,0.11117028607799202
3182,0.053337641584304506
3183,0.09644593150086896
3184,0.1616263055373379
3185,0.009330530535559052
3186,0.1462161487771086
3187,0.05696608760312272
3188,0.0
3189,0.10426025289933602
3190,0.10160725048037816
3191,0.10476357743720872
3192,0.05478881063849178
3193,0.1662546327278851
3194,0.03594043842311344
3195,0.10352606799990596
3196,0.0797867907091745
3197,0.12202888595211968
3198,0.1227851916816789
3199,0.0394610212461619
3200,0.03188170379662887
3201,0.17826363934399989
3202,0.1083813521414152
3203,0.09607076900680266
3204,0.05758845844915837
3205,0.0028738712857939303
3206,0.03570685119227844
3207,0.12336558998022525
3208,0.15891725659291048
3209,0.11679009972229859
3210,0.05340029008014288
3211,0.11455895535994923
3212,0.14277492923481355
3213,0.12864533180060514
3214,0.0
3215,0.141950352796879
3216,0.07689358871187506
3217,0.0
3218,0.07426599007581992
3219,0.08155842265628122
3220,0.08970992272835678
3221,0.0
3222,0.06329415608218072
3223,0.10474428535524714
3224,0.10983660424645804
3225,0.1889644135981552
3226,0.014483763218329171
3227,0.1661198636642675
3228,0.0
3229,0.04282228292673393
3230,0.0
3231,0.10541697528124923
3232,0.08157874692805978
3233,0.13906554974202406
3234,0.08485951571921921
3235,0.11084522244437493
3236,0.030335395946855234
3237,0.12790653688460615
3238,0.12336938813157924
3239,0.1234081223727051
3240,0.1309924410351058
3241,0.08936925453579134
3242,0.13652121963297975
3243,0.08321688922026725
3244,0.07479276491200847
3245,0.13929746757064912
3246,0.09121228071514857
3247,0.05277882775512679
3248,0.0
3249,0.14438744755292754
3250,0.10480983350726229
3251,0.1251258994588435
3252,0.06483640496733092
3253,0.06119778958296935
3254,0.0
3255,0.026453109588488982
3256,0.14090639020595866
3257,0.10938414094069511
3258,0.10714841331622574
3259,0.03840876724653091
3260,0.06549500531449037
3261,0.11678711452190126
3262,0.09169417882575989
3263,0.02726338695691071
3264,0.2075371073345569
3265,0.08997913600932889
3266,0.09952728150931484
3267,0.10615725909533454
3268,0.09203298993802717
3269,0.14069117286394464
3270,0.11692334789689555
3271,0.08650977504866297
3272,0.08594082622743592
3273,0.109653531943553
3274,0.09731269799003263
3275,0.14369348855165726
3276,0.05512192598878504
3277,0.21191674980778474
3278,0.0007405219185672024
3279,0.1093827961661338
3280,0.09610493141381747
3281,0.018786451572400747
3282,0.0
3283,0.07854715613999057
3284,0.1450261982327568
3285,0.10740440798148373
3286,0.09422261245301454
3287,0.11799760656188683
3288,0.030066721710981
3289,0.06665998424638692
3290,0.14637421776607315
3291,0.0938650188320669
3292,0.22160442097769747
3293,0.11223890290590313
3294,0.0967111744959987
3295,0.12474659779505443
3296,0.06532922353210432
3297,0.08416273133308984
3298,0.08743299756739382
3299,0.05391190246586703
3300,0.12654914826562408
3301,0.0
3302,0.07768614853286825
3303,0.0
3304,0.02560958119433518
3305,0.1175018548313474
3306,0.13885277233802917
3307,0.18329941837452018
3308,0.11567953299562037
3309,0.15273716327163825
3310,0.11106228480283081
3311,0.031227606999482266
3312,0.07997147114936383
3313,0.10372265923320788
3314,0.0
3315,0.05628500490628904
3316,0.05212976405882114
3317,0.1574660392592161
3318,0.08190551079789911
3319,0.12780162358685881
3320,0.17377280500043393
3321,0.0
3322,0.10889659280061313
3323,0.1167710432490457
3324,0.15288852003705955
3325,0.09492265084778641
3326,0.0
3327,0.14116726958877487
3328,0.15166301078012792
3329,0.1202393466679981
3330,0.12147863220862334
3331,0.10768793220557532
3332,0.0712630652955359
3333,0.12859276266169312
3334,0.13229811164324368
3335,0.06269420607286849
3336,0.09564166439498673
3337,0.032564302042392454
3338,0.18762009738767366
3339,0.08233749030033921
3340,0.07679350943444632
3341,0.023547243019555242
3342,0.0
3343,0.19863813817206388
3344,0.15614505774181903
3345,0.12215881828632717
3346,0.15592136825858682
3347,0.07951863378077499
3348,0.17055592000383107
3349,0.04750382384535992
3350,0.10134478635270897
3351,0.0052168586482408685
3352,0.06343696696543016
3353,0.06069295836590651
3354,0.06954942683097538
3355,0.10766712678095196
3356,0.16069302302401528
3357,0.10375300755412312
3358,0.08041779269959028
3359,0.14242599677251874
3360,0.09721544042551981
3361,0.1462522384072377
3362,0.20050410888922787
3363,0.13349179592990823
3364,0.11759093605011711
3365,0.10733848456710099
3366,0.18173134605166935
3367,0.12656069664214184
3368,0.13569511553155011
3369,0.12391509120421644
3370,0.09865666582313239
3371,0.04932505194010611
3372,0.0629872743722671
3373,0.04898871334865995
3374,0.026972355609731574
3375,0.0
3376,0.17603980046672452
3377,0.19118873217299026
3378,0.08312763598711473
3379,0.09018176929951721
3380,0.045333477189577226
3381,0.12554294808103847
3382,0.06442221720143418
3383,0.1006316318410401
3384,0.1064673965160123
3385,0.13659732155671572
3386,0.11723894791985746
3387,0.0695131194164903
3388,0.12826436596708843
3389,0.10198152188953212
3390,0.13822102111645268
3391,0.21992621304991133
3392,0.13663837725570763
3393,0.150892838909587
3394,0.090569277554814
3395,0.11960499848087283
3396,0.025878418863241534
3397,0.13574507929672258
3398,0.12464322372162322
3399,0.20503057374203262
3400,0.06535691064112864
3401,0.08302477286253822
3402,0.09458085681655802
3403,0.0
3404,0.0729162831932908
3405,0.06292491217423146
3406,0.18697330771743853
3407,0.11276778106538775
3408,0.15949182129740122
3409,0.13839518716775162
3410,0.15222581953530345
3411,0.05123675631614309
3412,0.0576184012185989
3413,0.0217843969864582
3414,0.08683554916371566
3415,0.10742624037850348
3416,0.015690095786139127
3417,0.07556923715880373
3418,0.012764644974197626
3419,0.0479416555199005
3420,0.057971105453497866
3421,0.1224598553071371
3422,0.077255923021771
3423,0.17474015417628308
3424,0.028490193003386524
3425,0.18341745751988342
3426,0.09228406149152449
3427,0.06293483035051123
3428,0.10449108121838782
3429,0.10434396984202145
3430,0.12978580419948813
3431,0.14859486985118198
3432,0.07760119911901393
3433,0.11625046682388117
3434,0.05500291979441789
3435,0.1848527126530066
3436,0.04891805999938387
3437,0.11354076544382792
3438,0.174055585187267
3439,0.13029331535917105
3440,0.18526882310658496
3441,0.11383381953616117
3442,0.025923616043504044
3443,0.0
3444,0.10422798555814676
3445,0.0
3446,0.1413773251684777
3447,0.14212157322258917
3448,0.08120104508104961
3449,0.07065198146802683
3450,0.10896934330655444
3451,0.06129459977443946
3452,0.04301022076406578
3453,0.07605883740772057
3454,0.09703151935829454
3455,0.13211928966756895
3456,0.034254065790688584
3457,0.06161361600989239
3458,0.14081370923042805
3459,0.15384829824822605
3460,0.011618427364549114
3461,0.19934490552140377
3462,0.14320921541039097
3463,0.0
3464,0.12637411536678592
3465,0.007906978943017076
3466,0.04941165093874274
3467,0.1339211922870221
3468,0.12331130048866852
3469,0.10477940981680409
3470,0.06443425711619874
3471,0.07646356132845009
3472,0.06766637443373946
3473,0.07206500044726993
3474,0.15070235797942674
3475,0.11350840261052622
3476,0.11132004037043719
3477,0.084757016067394
3478,0.02872093431864911
3479,0.09977157513124849
3480,0.14680156401906952
3481,0.14484142762905347
3482,0.0635932087774782
3483,0.12870161516939602
3484,0.044518706084344696
3485,0.1633737861422444
3486,0.0
3487,0.1202384762949258
3488,0.04915173768629088
3489,0.0990122966863957
3490,0.13913360597263222
3491,0.07378527423600735
3492,0.16052223514109443
3493,0.13346217842520358
3494,0.09384220515015523
3495,0.13142938136536345
3496,0.11828360723071324
3497,0.0919577828330822
3498,0.1469427165889814
3499,0.116513600072836
3500,0.1606467432458525
3501,0.10286044667510041
3502,0.15449083013015724
3503,0.12829620751226167
3504,0.07871310514394902
3505,0.19303711571510823
3506,0.11436503964294492
3507,0.08346524120775665
3508,0.08312322026627658
3509,0.1255487972956347
3510,0.13009770914354996
3511,0.0889727179617075
3512,0.12735504172981404
3513,0.08262166805122008
3514,0.07468125554180685
3515,0.0
3516,0.0754420647293899
3517,0.05941964506762282
3518,0.07868337684060552
3519,0.1142182575799883
3520,0.06882485578951726
3521,0.05518518869754219
3522,0.1889499227854899
3523,0.0
3524,0.053407686136594114
3525,0.060135015443420904
3526,0.10877195408797032
3527,0.16121124287515728
3528,0.1308518856458275
3529,0.0955114798513675
3530,0.04637189539746511
3531,0.017054221262892938
3532,0.11263846911416311
3533,0.027828226741106812
3534,0.12029812743868279
3535,0.0005952488682497425
3536,0.05822379281135401
3537,0.13724255704845595
3538,0.14836409233793593
3539,0.1849991333138653
3540,0.16113499925593477
3541,0.1792737449150136
3542,0.14053976572227056
3543,0.024338781349883307
3544,0.18850485254030774
3545,0.12314712985892556
3546,0.07662808975908024
3547,0.13573551268006395
3548,0.09126514407959294
3549,0.16688346982619465
3550,0.0
3551,0.011222594527444799
3552,0.17022335130528554
3553,0.06300885875779152
3554,0.1525030738708094
3555,0.1873901727329877
3556,0.18636158481246534
3557,0.02556594929490373
3558,0.070237248109103
3559,0.14686180222667933
3560,0.03040627657514247
3561,0.15482402191413755
3562,0.0
3563,0.08438912828989988
3564,0.15439109922991873
3565,0.13526637353831025
3566,0.12050733680247083
3567,0.1205724971590046
3568,0.16156993140418197
3569,0.03789919595197475
3570,0.025705449935761335
3571,0.08593888580194145
3572,0.10808493474247251
3573,0.1826500005837713
3574,0.08218537119446559
3575,0.05463143273775588
3576,0.0691962817556786
3577,0.11770875191406462
3578,0.08399943349265054
3579,0.10089904413146535
3580,0.1370616182953583
3581,0.12547122039746872
3582,0.12551672004967407
3583,0.13093021545015604
3584,0.08975426497782786
3585,0.05598984994667583
3586,0.08947326880585009
3587,0.05532954186421787
3588,0.16204768026148655
3589,0.027473844278273513
3590,0.050532004019425925
3591,0.13856878852606017
3592,0.1296681876779631
3593,0.04360174165429657
3594,0.1382649303056206
3595,0.11317014591655053
3596,0.06149056840583222
3597,0.08241238405308728
3598,0.06072909895470899
3599,0.08935893908940581
3600,0.13245178794209161
3601,0.07607365279129866
3602,0.12610031128175572
3603,0.1029004951572321
3604,0.20702758996135207
3605,0.11514172576507577
3606,0.02597642791485468
3607,0.07354364644227282
3608,0.029545077303858885
3609,0.11803213706963031
3610,0.07824642616266957
3611,0.0
3612,0.02710938289758026
3613,0.09406145444681044
3614,0.01590050575660526
3615,0.08094902811036035
3616,0.08912405031246427
3617,0.07616049023764768
3618,0.06763557958069479
3619,0.07267585858274375
3620,0.07152070146994577
3621,0.15383049061293405
3622,0.08007743719172634
3623,0.15596681825128067
3624,0.07151633498293217
3625,0.06869192105029823
3626,0.09658691375524117
3627,0.14506787107968294
3628,0.12381113961981016
3629,0.0837420047035421
3630,0.045604026464119755
3631,0.1094722401460572
3632,0.11430283413921848
3633,0.10579167189234223
3634,0.13231953326046272
3635,0.1929584567016658
3636,0.11312675384285553
3637,0.02931056018329113
3638,0.177547456151926
3639,0.12255618099030881
3640,0.08985363758363218
3641,0.0
3642,0.12897552477489763
3643,0.10841535063556468
3644,0.15052544113876568
3645,0.12009562987931088
3646,0.10665031569754008
3647,0.014979070590902671
3648,0.046582135748067466
3649,0.17826256549106884
3650,0.11736497091392527
3651,0.07716131132197734
3652,0.11457082330547347
3653,0.10398300115402781
3654,0.17313695004555774
3655,0.022946283416371616
3656,0.10923301779525503
3657,0.07649035560348226
3658,0.14092477029158423
3659,0.1113426960222736
3660,0.16323895350475692
3661,0.12118512459985212
3662,0.12859196338392437
3663,0.13808174395684608
3664,0.07874748499770129
3665,0.0716561474424197
3666,0.22575110213338934
3667,0.17588494198514612
3668,0.06612012768670972
3669,0.05766065821371533
3670,0.17097802968984976
3671,0.017909377640305174
3672,0.02770399158664783
3673,0.10334968797325332
3674,0.07617159375475391
3675,0.0
3676,0.10884720278345442
3677,0.04665238157475163
3678,0.10849209006518504
3679,0.1482906477407788
3680,0.029242041040193664
3681,0.09201292174503199
3682,0.15560463574786326
3683,0.03409277215623867
3684,0.14051653612923642
3685,0.00774447093192792
3686,0.04835153612423179
3687,0.18633575917556194
3688,0.0
3689,0.022621116727448588
3690,0.08084285030252672
3691,0.07617298602275839
3692,0.21104773141968478
3693,0.11267596901373073
3694,0.12291477098610212
3695,0.05985813167241766
3696,0.09950056214711973
3697,0.007847679422768096
3698,0.08770407171483924
3699,0.13048248443747387
3700,0.16012849655569816
3701,0.13184375179492325
3702,0.0902786939199031
3703,0.1196528930980901
3704,0.10377730007296825
3705,0.07074662491330252
3706,0.03256297310519422
3707,0.04187433149754208
3708,0.03831965595325524
3709,0.12544574219835186
3710,0.11064935352690991
3711,0.017152394997125422
3712,0.13900345741699
3713,0.042747399702911575
3714,0.013558079324108248
3715,0.11147606570449199
3716,0.07904612740812411
3717,0.095616199694022
3718,0.12257049662997095
3719,0.21690729520119173
3720,0.12204504430818712
3721,0.16292434789348575
3722,0.038842848591771756
3723,0.0777081394322937
3724,0.033450711489535295
3725,0.12419022469412735
3726,0.0017459456292809317
3727,0.06625823076838311
3728,0.12941373976376191
3729,0.14740190121156577
3730,0.046056021856825
3731,0.017857816488361336
3732,0.10915880699601607
3733,0.11126685031532065
3734,0.028912258789227402
3735,0.17028516140910546
3736,0.10220596504426742
3737,0.16108291617200693
3738,0.08059662885291609
3739,0.0844878559095367
3740,0.1616863105808224
3741,0.05275803416588214
3742,0.1374437013748107
3743,0.10741550662880585
3744,0.09052738599010746
3745,0.14165707953215925
3746,0.10136396179949936
3747,0.03914095518002774
3748,0.05503322516267997
3749,0.08764354219216956
3750,0.10298410344359567
3751,0.11546717419066989
3752,0.05608081642449424
3753,0.028262094945831227
3754,0.08139067444459769
3755,0.11286191121632055
3756,0.06570338291571096
3757,0.07572420076805152
3758,0.06068810308067949
3759,0.042145918301251965
3760,0.13794972705786296
3761,0.10759290498202051
3762,0.12476288758715305
3763,0.15828447048758532
3764,0.041245312527824735
3765,0.11296416836992569
3766,0.11082680638564095
3767,0.07757836039861471
3768,0.07152857665351839
3769,0.08596831003322584
3770,0.0
3771,0.08380939341141708
3772,0.10126174512450821
3773,0.021003501885141454
3774,0.05539928023984165
3775,0.01999562348030577
3776,0.0
3777,0.039687733111750084
3778,0.12579759643368638
3779,0.11923019439826454
3780,0.018032955811613932
3781,0.12115157603108613
3782,0.06282048159100004
3783,0.07323888936461236
3784,0.045896753957569585
3785,0.14537155399932455
3786,0.10700799718707439
3787,0.1121480482552053
3788,0.10597689620419934
3789,0.16789381007690285
3790,0.07351021793360635
3791,0.1849614112646852
3792,0.09699104349572508
3793,0.19847991657288555
3794,0.13468969059737823
3795,0.10694388970221504
3796,0.09754763390559058
3797,0.0
3798,0.11015475071531272
3799,0.15626213111220835
3800,0.02676513388155831
3801,0.06763277200591608
3802,0.09115509110421392
3803,0.01697473050062226
3804,0.0415440711165381
3805,0.06059163722193797
3806,0.12297875336433174
3807,0.15957776294385012
3808,0.057505458638582675
3809,0.06093427714145751
3810,0.05082459678676479
3811,0.13478829989416247
3812,0.0
3813,0.020151431655060406
3814,0.03078181696330695
3815,0.07546293020981
3816,0.09463685001128976
3817,0.0811763539247152
3818,0.08629597532052771
3819,0.17968708051936508
3820,0.04916068310035591
3821,0.09938981872026169
3822,0.10933420419628914
3823,0.05080658396996976
3824,0.07357230044906377
3825,0.11940313257216072
3826,0.08333453177468063
3827,0.15730469986913576
3828,0.008519909572217573
3829,0.14242280255441572
3830,0.1140395147313772
3831,0.06977427411519402
3832,0.1331036613318404
3833,0.10441350977669604
3834,0.15230512029933163
3835,0.03813802684401703
3836,0.12481383362897079
3837,0.0
3838,0.16235980678396508
3839,0.1710021144742339
3840,0.055677013860782845
3841,0.17075458715600433
3842,0.04120285398417372
3843,0.11847032448904767
3844,0.16171816208303486
3845,0.06040618694646073
3846,0.058557865884189916
3847,0.13268497796762768
3848,0.10327494514396958
3849,0.13377700170638357
3850,0.012980143606306933
3851,0.14000629871295409
3852,0.015090515883368238
3853,0.10670071237418967
3854,0.0983534577210835
3855,0.08051540496562784
3856,0.09569884334670775
3857,0.15233977893996997
3858,0.11913841219628116
3859,0.07516558938849055
3860,0.16617691594630904
3861,0.046368048296357295
3862,0.1074308295958515
3863,0.10266400527869322
3864,0.03853327216868855
3865,0.09118101986278207
3866,0.0
3867,0.17861757236038928
3868,0.11496421494501047
3869,0.0
3870,0.13137454929392112
3871,0.04262102117322038
3872,0.16924896234849357
3873,0.11785517371066942
3874,0.10419643209020969
3875,0.048517188118427014
3876,0.004147279625213024
3877,0.08836405066723615
3878,0.09247175912205213
3879,0.03442123681683669
3880,0.07827113790203952
3881,0.1403767251214108
3882,0.029633251834398786
3883,0.0
3884,0.1957430906393118
3885,0.0
3886,0.17563517823288202
3887,0.11671241193327392
3888,0.02478178905796294
3889,0.11411487807365192
3890,0.09670580307522675
3891,0.11635743695174132
3892,0.13386670649729757
3893,0.1447991153255485
3894,0.07961462769232056
3895,0.07139906458828744
3896,0.07262428798541834
3897,0.16092796645656005
3898,0.15527658275245818
3899,0.14159173698796695
3900,0.12100799999283145
3901,0.08544885015064427
3902,0.029665518952238443
3903,0.17856214389536773
3904,0.10314988519795543
3905,0.10807989198729048
3906,0.12792475883845597
3907,0.07379539984789352
3908,0.09634011461008583
3909,0.01984365798607599
3910,0.12980264795071617
3911,0.18273543118265984
3912,0.11832128830756468
3913,0.02359895725800705
3914,0.11727597564042908
3915,0.02305965326092306
3916,0.03380948337858124
3917,0.0
3918,0.044749804158295436
3919,0.09751758011376552
3920,0.06446307469980728
3921,0.15409488504465882
3922,0.0699281785777095
3923,0.17221226486591457
3924,0.09104576165245354
3925,0.0
3926,0.10490086487708507
3927,0.12490060011012287
3928,0.07205807240427116
3929,0.034782347816051634
3930,0.21951622397838114
3931,0.11868276672341928
3932,0.061127005559073
3933,0.1126527542298981
3934,0.12576593222450821
3935,0.19293400581845135
3936,0.10427676696701726
3937,0.10809727222598418
3938,0.0
3939,0.057228003718400276
3940,0.06909778813693249
3941,0.09111261706119637
3942,0.15137252872490026
3943,0.11738861027431757
3944,0.10803901472680733
3945,0.1426460774540902
3946,0.050975194594235836
3947,0.07305671331754188
3948,0.15613300700032035
3949,0.11483528812820835
3950,0.08386994560208151
3951,0.13699337752665797
3952,0.011569646944226866
3953,0.10876754631905405
3954,0.10803811740996452
3955,0.043589066574259
3956,0.07070630385518015
3957,0.1496315852315915
3958,0.08174605323752762
3959,0.17204632231298966
3960,0.15612529041923048
3961,0.08542023568328698
3962,0.025571350684029725
3963,0.08611435396546005
3964,0.12445099365514362
3965,0.08660768620095868
3966,0.19913905686796868
3967,0.010515040616976945
3968,0.19271479980185444
3969,0.07792297848849206
3970,0.17021470533189403
3971,0.21917953454781536
3972,0.07194456606621982
3973,0.0702297037170786
3974,0.19464973716124734
3975,0.13790085326028612
3976,0.0
3977,0.12479732015386209
3978,0.06713703573298306
3979,0.02911145307940928
3980,0.10582447444205134
3981,0.09654867039689793
3982,0.13814796366122148
3983,0.10873188696978171
3984,0.06770629874563991
3985,0.15518000083710382
3986,0.10237162969192022
3987,0.12834605718352757
3988,0.09995799820096865
3989,0.049330020483978915
3990,0.11395550572782559
3991,0.058024286423735014
3992,0.033807972485042664
3993,0.18365917923195585
3994,0.1646267662721978
3995,0.09247241162607782
3996,0.2678397036437644
3997,0.08951330468416893
3998,0.0
3999,0.07454348123053398
4000,0.15944987015545403
4001,0.10400399827583652
4002,0.08981440519905116
4003,0.05226890750822631
4004,0.0466096752279605
4005,0.08056813702662002
4006,0.11609642647931456
4007,0.12608124982050112
4008,0.10105168075579189
4009,0.13501775704474522
4010,0.06744605548090983
4011,0.11837204609003632
4012,0.14638821771529914
4013,0.014257445041207378
4014,0.0302920879130784
4015,0.13660285615944767
4016,0.07477501825613193
4017,0.13226811167142768
4018,0.13733362040942196
4019,0.12572406568932193
4020,0.048972757019135005
4021,0.17399252104867324
4022,0.10357535516044378
4023,0.11995280251168663
4024,0.1355140522963822
4025,0.14750754414952627
4026,0.07648201879535141
4027,0.13669936639443953
4028,0.015227977724871557
4029,0.1320577215281032
4030,0.05760306667289994
4031,0.10002325989440662
4032,0.0816174769546904
4033,0.11389945339639362
4034,0.0786063860957428
4035,0.0
4036,0.12066655919984595
4037,0.018694755286971176
4038,0.20697770173544172
4039,0.18091587991937347
4040,0.0
4041,0.1690702161151834
4042,0.09372994216897675
4043,0.033568679328026305
4044,0.09014216502806355
4045,0.1719405543953761
4046,0.09428070314368002
4047,0.07975052652988215
4048,0.1238051807746263
4049,0.14317680080820633
4050,0.1804212407731002
4051,0.026260919984002696
4052,0.018595547403431098
4053,0.06424533750880942
4054,0.15068418979629525
4055,0.09626133441355741
4056,0.06647585557478455
4057,0.09894056578454916
4058,0.05842690130991475
4059,0.04266419203465786
4060,0.10660091406644745
4061,0.11202925448928823
4062,0.16016650891652934
4063,0.1482894199111209
4064,0.0
4065,0.15293531953368153
4066,0.04426214550657259
4067,0.049934176485291054
4068,0.0863909634822784
4069,0.07102246913263587
4070,0.05438945325728518
4071,0.0
4072,0.07431118342415656
4073,0.1572730489330837
4074,0.12789567241000557
4075,0.10809964369994886
4076,0.04942148927228701
4077,0.04811755832990186
4078,0.1607208590641071
4079,0.10612466223361913
4080,0.07955392424672811
4081,0.11998866393787126
4082,0.0
4083,0.11476622610701957
4084,0.07287860915318534
4085,0.07831529240195156
4086,0.07447268084269405
4087,0.0673444291464915
4088,0.1062862018506199
4089,0.09845604517001465
4090,0.13218162335074762
4091,0.14239504675988174
4092,0.16102014248690288
4093,0.14293180984671106
4094,0.0474920931797638
4095,0.0
4096,0.1363311060121285
4097,0.12154924023317609
4098,0.04887644966081705
4099,0.10107584223924858
4100,0.08262678773455887
4101,0.13283555334465175
4102,0.10351865718953061
4103,0.06323635742403472
4104,0.15268088408501543
4105,0.015120003877399996
4106,0.03467937438373021
4107,0.1423504713477127
4108,0.12689315691122507
4109,0.09433640894495819
4110,0.15660618862080505
4111,0.04585698626133085
4112,0.08848589496375489
4113,0.1243108869589257
4114,0.12974803682241626
4115,0.022087482867179695
4116,0.06778762807313196
4117,0.039853007979636736
4118,0.15012193194163606
4119,0.17126483721150193
4120,0.10005082632031705
4121,0.17453509746822327
4122,0.13022599636538948
4123,0.1521881736102283
4124,0.07479331296767494
4125,0.0543836473196451
4126,0.03004610378345279
4127,0.12854279873063934
4128,0.06199998534239765
4129,0.04164852136604372
4130,0.08858189015516826
4131,0.046609022471513974
4132,0.015059495641913388
4133,0.1371218412309692
4134,0.04765688773741065
4135,0.017501010029014247
4136,0.0560566071276396
4137,0.11301371808734634
4138,0.12517670787338842
4139,0.1076072028710846
4140,0.15971933199041924
4141,0.0
4142,0.07951467930710242
4143,0.11883400403992349
4144,0.17026264073463043
4145,0.10058558716833736
4146,0.12400924539893082
4147,0.15037225919287725
4148,0.012014947205513271
4149,0.0
4150,0.09892678420216804
4151,0.11533483373676683
4152,0.023961822077614513
4153,0.1483074758169666
4154,0.07213585436415254
4155,0.09536899964301596
4156,0.12293080155581754
4157,0.06484718024765326
4158,0.02776076694549688
4159,0.0
4160,0.11390472851124245
4161,0.15688978714088017
4162,0.06726560838643272
4163,0.09133022402567176
4164,0.09384577078652849
4165,0.02636162367483548
4166,0.04728828396409834
4167,0.17805897657879532
4168,0.0
4169,0.11567446981840744
4170,0.07541018725147901
4171,0.12591168104580647
4172,0.021371486478857837
4173,0.0885849247857276
4174,0.1410715030525139
4175,0.08703203567664768
4176,0.02997382035922841
4177,0.12352202371356763
4178,0.12821624013543353
4179,0.1285962150302951
4180,0.055603233387947176
4181,0.024498643775083862
4182,0.04371450985389437
4183,0.0
4184,0.06964264549761937
4185,0.11869519897429819
4186,0.11879291444192833
4187,0.2227481880362847
4188,0.1458530680106818
4189,0.14045091060029083
4190,0.13433437797611614
4191,0.09181189935507936
4192,0.08099364750285014
4193,0.038987849470224004
4194,0.16067462005052813
4195,0.1055020263500332
4196,0.08197118331920498
4197,0.022327054144250284
4198,0.12933178965829767
4199,0.20355205270846785
4200,0.0
4201,0.05048043887617984
4202,0.0750170786927275
4203,0.1053487848517841
4204,0.13964326135494703
4205,0.021942631090481824
4206,0.013906199270291103
4207,0.10309121981309434
4208,0.12004999138301005
4209,0.07945855697884134
4210,0.15037043847974244
4211,0.15239452657982194
4212,0.057999527323411355
4213,0.08887720354254064
4214,0.059622219399090036
4215,0.1387470817406651
4216,0.13044004885157395
4217,0.1193870817841379
4218,0.10204145385615493
4219,0.13295575994330053
4220,0.17687114307152402
4221,0.16656851390186156
4222,0.12214959911375672
4223,0.12296383519580638
4224,0.14359129018028038
4225,0.0
4226,0.16440818033264293
4227,0.06601554488142344
4228,0.14253795361544394
4229,0.033510008291488494
4230,0.0
4231,0.0447865287286115
4232,0.0836103943220055
4233,0.13777781924684368
4234,0.11446740508874922
4235,0.04348967179644515
4236,0.09801834829128227
4237,0.0
4238,0.09856283593064111
4239,0.0
4240,0.11486631866628116
4241,0.07017416356862512
4242,0.10044956734511014
4243,0.10655846359538311
4244,0.07116209750012396
4245,0.12057110362941881
4246,0.08935468813812565
4247,0.0760451181558445
4248,0.09243962724129526
4249,0.0
4250,0.058262629475532186
4251,0.05426020309428578
4252,0.08439423681091954
4253,0.021512698418052437
4254,0.02918346713053243
4255,0.18289368806713793
4256,0.10506541036983957
4257,0.12495427714502132
4258,0.08965493063805208
4259,0.14335449931969338
4260,0.0670228115211946
4261,0.1658063382479677
4262,0.07081525503916247
4263,0.1863073610964877
4264,0.12583270395444635
4265,0.026452170144523418
4266,0.08530628100887952
4267,0.09833115120888088
4268,0.11823714131426594
4269,0.16934446729963926
4270,0.028672853360989348
4271,0.18321081150494278
4272,0.047645448002226955
4273,0.10753252487851706
4274,0.11425723103217683
4275,0.07196874272276693
4276,0.08586360221227607
4277,0.1533553909386042
4278,0.10710244691885322
4279,0.15633428610670289
4280,0.037118662208297445
4281,0.09940339228768577
4282,0.09469585877005574
4283,0.055302460112322156
4284,0.12672772020737672
4285,0.07679846040206816
4286,0.128625042402364
4287,0.06956394733169301
4288,0.1734935185296569
4289,0.1418959706409317
4290,0.15027329704058895
4291,0.12682639933427015
4292,0.022962404911029105
4293,0.07664850577642439
4294,0.06982276082250001
4295,0.19133025450983474
4296,0.09203348550980724
4297,0.11529837754607178
4298,0.1095919606036356
4299,0.07232741140744334
4300,0.10554805394093218
4301,0.0734903766844736
4302,0.07511658094971842
4303,0.0
4304,0.19239915597519866
4305,0.10139906593377837
4306,0.0822002787930198
4307,0.010529380163978141
4308,0.09152737501209192
4309,0.09091243781054537
4310,0.06185104039430203
4311,0.04169922293187868
4312,0.10590804885099392
4313,0.12100791206272901
4314,0.007647509917544162
4315,0.07943020270165958
4316,0.11772897298947722
4317,0.17857837054620757
4318,0.08653738278173034
4319,0.1493877753702528
4320,0.09049089000781424
4321,0.09850261653953113
4322,0.10999236891110332
4323,0.1166287246032546
4324,0.027088563442346086
4325,0.09924458018142003
4326,0.08920563904979335
4327,0.03878811860497611
4328,0.14378943910680297
4329,0.09814172153162484
4330,0.16958647465299787
4331,0.14631121657875373
4332,0.08411942697460308
4333,0.086714536197459
4334,0.08665539592063749
4335,0.1241533038842982
4336,0.10885174621102528
4337,0.0
4338,0.08564006028309352
4339,0.1234274033796294
4340,0.09501095818867226
4341,0.05418365515514268
4342,0.12555817157310106
4343,0.13230372773611385
4344,0.07357032963753395
4345,0.11322702339754737
4346,0.0860865792111073
4347,0.11760250870519831
4348,0.13526572435026846
4349,0.05542745667496543
4350,0.05726675783436308
4351,0.037111959978755146
4352,0.12022329621638153
4353,0.04740961696815219
4354,0.2270540199442801
4355,0.11343303787575693
4356,0.13910192811931701
4357,0.10491788922475781
4358,0.009565735339244472
4359,0.10383509228540003
4360,0.1036806934137246
4361,0.06987102271711988
4362,0.03190566195776906
4363,0.06414855463068658
4364,0.15509716529009548
4365,0.10062748149636654
4366,0.11407381209090835
4367,0.08907276561253646
4368,0.12035034404887437
4369,0.19134128670533682
4370,0.09490233905006328
4371,0.13134797441629203
4372,0.09591020654079677
4373,0.04965881316587372
4374,0.0
4375,0.0
4376,0.12671032156885426
4377,0.12202242389208943
4378,0.10969411117105403
4379,0.07123554216253253
4380,0.07764262395672848
4381,0.14799589360358323
4382,0.0690607224310521
4383,0.10790583092240973
4384,0.008651988093434176
4385,0.03263679270041968
4386,0.0008613717571925965
4387,0.04675256589488872
4388,0.10671423299491235
4389,0.14797753291492818
4390,0.16802498005906225
4391,0.09375237579876512
4392,0.08554801055668923
4393,0.06813729363176482
4394,0.00418492967620257
4395,0.05859036404181159
4396,0.08534332827864344
4397,0.08109356902069957
4398,0.1632974692406431
4399,0.09180347611073891
4400,0.11933641653947913
4401,0.08805903825777667
4402,0.1497301733535089
4403,0.0
4404,0.09910020111189857
4405,0.1271144419466116
4406,0.1251287913148783
4407,0.011042689767699869
4408,0.09060921262152843
4409,0.08743945106296742
4410,0.15047903218644282
4411,0.08403994252104464
4412,2.6373640713596436e-06
4413,0.13599626930708675
4414,0.11661195330831822
4415,0.04699139011894041
4416,0.060489772388342564
4417,0.030340755267622074
4418,0.15362752882427294
4419,0.08688813264030931
4420,0.10476523576421977
4421,0.03401159564606464
4422,0.0191781305521321
4423,0.12059376776445443
4424,0.0
4425,0.10756934331141191
4426,0.15299465840195725
4427,0.09780915274049437
4428,0.015561850674644646
4429,0.15387851689024803
4430,0.08784169913497651
4431,0.12526038815728696
4432,0.12361871272638493
4433,0.09853226723269669
4434,0.15949965372015673
4435,0.013780571675770535
4436,0.09865292357077331
4437,0.0
4438,0.10065620427914468
4439,0.07759362013565133
4440,0.13348030323903187
4441,0.10867350003018138
4442,0.15936669754838087
4443,0.17642528450574171
4444,0.05832317915025434
4445,0.11114621090209577
4446,0.14826477997997617
4447,0.10487640278956888
4448,0.07779325219852166
4449,0.026517614271811027
4450,0.11348956197064763
4451,0.0
4452,0.18475452275921173
4453,0.004222041961984668
4454,0.0784032184263573
4455,0.09026653234326075
4456,0.08297847409611223
4457,0.047150564332435585
4458,0.0
4459,0.09577384459724914
4460,0.015569658953364776
4461,0.09155967010589859
4462,0.12995733693939893
4463,0.09575303844090027
4464,0.07474212205875413
4465,0.03004063797373384
4466,0.11888832945606854
4467,0.1136219016938063
4468,0.08592677802509571
4469,0.06163746602575702
4470,0.16047365520098428
4471,0.0756146890960352
4472,0.14657050845616587
4473,0.04835189474793741
4474,0.02663061683460581
4475,0.1714999713719549
4476,0.009955823637753413
4477,0.06927861051389127
4478,0.11179479505179067
4479,0.11844466943914479
4480,0.021042518893853238
4481,0.10140170263532043
4482,0.028011749044415418
4483,0.11574995942852456
4484,0.11548200589383434
4485,0.18779357493242546
4486,0.11772178559616744
4487,0.06975200800926779
4488,0.14320811541256864
4489,0.08815178834180833
4490,0.0
4491,0.17798200611114537
4492,0.11182038828406432
4493,0.05506055288435838
4494,0.11481830306025179
4495,0.12260503644855991
4496,0.0800408940090642
4497,0.135428397314651
4498,0.05258111190455517
4499,0.06387865823431876
4500,0.0828349642946127
4501,0.12559252641152058
4502,0.19647976240755965
4503,0.0907217212317961
4504,0.12967389279856198
4505,0.0987079793888513
4506,0.0695370145114557
4507,0.06956262328154586
4508,0.015932965688670513
4509,0.18259183699757162
4510,0.13223084012866304
4511,0.07797613635671036
4512,0.06554481447864745
4513,0.18607618942939314
4514,0.038815655204818424
4515,0.13209910950287754
4516,0.12954860431407034
4517,0.15199199130239338
4518,0.0
4519,0.06707856284206351
4520,0.04937633097553299
4521,0.1340028329873734
4522,0.07684444836698152
4523,0.048809603947209006
4524,0.09413952350558027
4525,0.20886851114695468
4526,0.09259889629828548
4527,0.08823213171903897
4528,0.05215832842150205
4529,0.10737209991301283
4530,0.18755442977547468
4531,0.10494145053286746
4532,0.0
4533,0.10957085826245098
4534,0.0935256912849105
4535,0.1526641507395599
4536,0.11559183246589824
4537,0.13378133437920772
4538,0.0026016908594366506
4539,0.0246240650968038
4540,0.15316875433685123
4541,0.09711559294530162
4542,0.032980201410513
4543,0.09177836808160016
4544,0.11512867061486766
4545,0.10391976893041241
4546,0.0918371239552535
4547,0.15692052239873805
4548,0.1103966934848269
4549,0.1668649328559883
4550,0.16175461416761402
4551,0.08923991468492685
4552,0.03337606431518589
4553,0.12949250199934073
4554,0.1330181567807375
4555,0.14023925748261445
4556,0.16790596130653315
4557,0.1088298853326845
4558,0.058662216164914904
4559,0.10493546998148492
4560,0.12403518286752949
4561,0.014885898692169986
4562,0.15964774525827838
4563,0.06387621053419093
4564,0.14728295502132144
4565,0.0
4566,0.0131632280167444
4567,0.12426327884663492
4568,0.053829614374989475
4569,0.08313654119049717
4570,0.1327306589952167
4571,0.0896468814875814
4572,0.16315115814192555
4573,0.01592249504256152
4574,0.18548354026290112
4575,0.14288013921478382
4576,0.18938357231405667
4577,0.03262602596832363
4578,0.11181986432488876
4579,0.06996708973250326
4580,0.1253393378050278
4581,0.1435425504040884
4582,0.023666152120613765
4583,0.19503322170499782
4584,0.09842757106208734
4585,0.0028570820809064867
4586,0.04738497123168465
4587,0.04630857463165791
4588,0.16078369273822873
4589,0.08089522615092849
4590,0.07824064898779289
4591,0.06758531027936288
4592,0.14320105022185944
4593,0.0
4594,0.09443285652986914
4595,0.13110251733615058
4596,0.057263487351369206
4597,0.028920517304620724
4598,0.05382302784963142
4599,0.09276353603078646
4600,0.12588300162141944
4601,0.09010719748591182
4602,0.12540950675470758
4603,0.10062328642835847
4604,0.15402745205746796
4605,0.13425322815604243
4606,0.07699332729607752
4607,0.11487627871919734
4608,0.09178723634117522
4609,0.1541350245192939
4610,0.07626044309308125
4611,0.07349839653245528
4612,0.11123320613199124
4613,0.12569077826230302
4614,0.11827796469866482
4615,0.136582060078662
4616,0.07172696652349146
4617,0.0753356019662588
4618,0.1062887031283315
4619,0.03192797346029642
4620,0.0
4621,0.19020080686797042
4622,0.06993111901454271
4623,0.15676424438896777
4624,0.14220334860969722
4625,0.10954249655052904
4626,0.14787754122401944
4627,0.07005950630591243
4628,0.0595410894207212
4629,0.1106658876660663
4630,0.0
4631,0.0971601251336743
4632,0.07156871213098516
4633,0.05586115327114535
4634,0.0744297674650987
4635,0.14874741480332815
4636,0.10222127475939488
4637,0.11360779821100239
4638,0.038881801742937476
4639,0.07789249895892951
4640,0.08708570371034359
4641,0.17735652071662972
4642,0.019614246464926696
4643,0.08421515089804393
4644,0.03678789456557516
4645,0.10768240452540333
4646,0.07723573757074063
4647,0.04654176333354252
4648,0.036947090916006856
4649,0.16283832357288922
4650,0.09098378407964855
4651,0.008311695319259266
4652,0.12313375484511699
4653,0.028803058220130476
4654,0.10160407494051606
4655,0.10755785850004625
4656,0.1594085449796818
4657,0.058082007723765594
4658,0.14828003953690447
4659,0.011522161369358545
4660,0.14924123531741937
4661,0.01386919156994168
4662,0.13105522847705342
4663,0.07023579947303503
4664,0.11773866306416243
4665,0.11490602307724047
4666,0.050349759846321826
4667,0.12155152542358302
4668,0.08801762311723192
4669,0.0
4670,0.11487574184215688
4671,0.11699513758071917
4672,0.13510252098895129
4673,0.08981211387599516
4674,0.08977378295073625
4675,0.07204783886778357
4676,0.046214778449723375
4677,0.09818896478531318
4678,0.0631313832105192
4679,0.123568638292163
4680,0.0
4681,0.08326296986773161
4682,0.09336123983252466
4683,0.05897972567850027
4684,0.021587965979923462
4685,0.24234459260868246
4686,0.12175652263100965
4687,0.06788546377209972
4688,0.0317218049411246
4689,0.017574512317053075
4690,0.0
4691,0.07260498240020205
4692,0.14027780162199285
4693,0.09268358204540232
4694,0.03224996355624057
4695,0.055704851968943925
4696,0.21271285242758753
4697,0.050167498304299875
4698,0.12693542609748784
4699,0.09253805650003753
4700,0.15710022841518592
4701,0.14380274142887636
4702,0.14960278086911782
4703,0.06412982224855482
4704,0.0
4705,0.01738638341528878
4706,0.10410239218087655
4707,0.11178826190582239
4708,0.0
4709,0.12407084315304866
4710,0.1077770854419568
4711,0.10967123564658789
4712,0.07426671327265383
4713,0.09139215833676699
4714,0.12144815989584476
4715,0.11622709983422269
4716,0.10783696036587886
4717,0.09990829224841767
4718,0.033643022531804706
4719,0.06127484997448117
4720,0.20873524868428428
4721,0.07798906171279446
4722,0.1375260585553649
4723,0.10635870105361281
4724,0.10765923581378692
4725,0.017459619284097408
4726,0.02911204345209238
4727,0.0481202325622765
4728,0.11041938272366891
4729,0.1507729052837887
4730,0.025608914711935146
4731,0.18233743318828316
4732,0.08356603130825707
4733,0.13860148662143704
4734,0.13899842267463203
4735,0.15522164115578738
4736,0.0139613561833372
4737,0.20017705924437348
4738,0.02397528520224465
4739,0.12764072513306196
4740,0.1399661427788676
4741,0.06500055633603086
4742,0.02768193870303809
4743,0.14485884815258646
4744,0.11410527914153099
4745,0.17240913837062144
4746,0.05625407208805805
4747,0.08165827955405092
4748,0.043041551250846855
4749,0.10003197615684761
4750,0.1171987122726732
4751,0.06595677111369252
4752,0.11247547635209766
4753,0.0241384048091636
4754,0.11470379255353985
4755,0.021809965406675152
4756,0.09972073165513437
4757,0.08625115594355495
4758,0.17174512456860902
4759,0.05771563819620654
4760,0.13663930700090865
4761,0.07460248923272332
4762,0.061756481942049024
4763,0.15839404864704712
4764,0.1209805284296128
4765,0.12530101083372278
4766,0.07755159329024808
4767,0.14032740308483302
4768,0.06988050277158363
4769,0.04259475594236663
4770,0.057141847034939026
4771,0.1295817724179554
4772,0.1417349051198004
4773,0.19135058323725312
4774,0.07184865724649232
4775,0.09869728722938884
4776,0.08333896603575995
4777,0.023916422347946137
4778,0.01340191822063785
4779,0.09532934733104313
4780,0.19017890226472903
4781,0.1598158773576736
4782,0.18220849323940505
4783,0.06295938904637238
4784,0.11821991987426489
4785,0.16930916921066141
4786,0.09590207542005022
4787,0.024572934271518104
4788,0.08891389999836591
4789,0.0
4790,0.1335734483378323
4791,0.09532470707954326
4792,0.0
4793,0.14606306625782697
4794,0.0922981988786003
4795,0.08655395362228302
4796,0.0996118521510812
4797,0.0984887760592016
4798,0.1586534032051266
4799,0.1011351104265375
4800,0.13852001806494818
4801,0.13074722011844375
4802,0.02732729118164097
4803,0.18587089047297006
4804,0.08161930320932793
4805,0.11372781968681381
4806,0.09747312496179468
4807,0.11073777861905441
4808,0.07708247590576355
4809,0.07568027783488995
4810,0.12160886683427914
4811,0.057394531732772786
4812,0.12370994985844158
4813,0.09055149621036772
4814,0.11252194912683366
4815,0.08226673075647864
4816,0.12948873494423896
4817,0.0657185490004871
4818,0.07753567919269942
4819,0.12498559150400139
4820,0.047990258141885636
4821,0.06703369673188869
4822,0.12755772890520486
4823,0.0
4824,0.013000446009094321
4825,0.12170924181544043
4826,0.001412317696194959
4827,0.015138964791687188
4828,0.12311365736215743
4829,0.10305330837243057
4830,0.09215652935553066
4831,0.13037309134786054
4832,0.09301839872197502
4833,0.06091294342279458
4834,0.12096936225414985
4835,0.1756692203091945
4836,0.012355793868082943
4837,0.1908054508028845
4838,0.14600627594456356
4839,0.09331171488275183
4840,0.1429911426217998
4841,0.023016557807104904
4842,0.16145505793252454
4843,0.14383268788699993
4844,0.06510693210000207
4845,0.0936720851876366
4846,0.20670474979932044
4847,0.06578900896440773
4848,0.10253247238449108
4849,0.004431129395500243
4850,0.11636745361542951
4851,0.06080848108431528
4852,0.16957341544052335
4853,0.10871397475327442
4854,0.0
4855,0.12650913074047337
4856,0.09367367456384387
4857,0.026720447106347786
4858,0.0
4859,0.16712354528196333
4860,0.1015547665543473
4861,0.12356804187784665
4862,0.17597815552213372
4863,0.0037954871905430954
4864,0.10838208495928829
4865,0.07940507588298204
4866,0.07611097603239729
4867,0.13693870243548753
4868,0.13102314959417877
4869,0.0
4870,0.1560817924720178
4871,0.10375468422561858
4872,0.04888358543263456
4873,0.1135377534281011
4874,0.08356629775793467
4875,0.16375214275281144
4876,0.12798275753762048
4877,0.14981550478533384
4878,0.07206564746952655
4879,0.01090929827833185
4880,0.013345244897385644
4881,0.16516072129740167
4882,0.10437469787536728
4883,0.1299632354666129
4884,0.13769127099702813
4885,0.14245934401928184
4886,0.13168547235429803
4887,0.14148753782610973
4888,0.11424302518015633
4889,0.13628532790464729
4890,0.17921268444926491
4891,0.10823132651177107
4892,0.025762718476825597
4893,0.11814574547369737
4894,0.11915640920067752
4895,0.20692338812218516
4896,0.07650102234354565
4897,0.11067053505207552
4898,0.11672521999306201
4899,0.13688285835551237
4900,0.123668264015851
4901,0.05671770089064025
4902,0.06855363869981948
4903,0.08896224987000002
4904,0.15395690557319758
4905,0.16979040566353198
4906,0.09062763860983881
4907,0.09943540758702638
4908,0.04262249405279063
4909,0.09818834465127206
4910,0.03966833353452759
4911,0.1626479006230821
4912,0.14338806679900495
4913,0.13899502288668164
4914,0.16730414985739422
4915,0.10718853374026946
4916,0.02671989251048265
4917,0.1192449982693656
4918,0.0
4919,0.06542064355826999
4920,0.15295304865402545
4921,0.11310145339943395
4922,0.18407157991064482
4923,0.10151031964644319
4924,0.033715016567261655
4925,0.1225448263454823
4926,0.1322160302086975
4927,0.13850098870618177
4928,0.18875043028455768
4929,0.030917702421328117
4930,0.1236341832637171
4931,0.05349519766229707
4932,0.1498453110283854
4933,0.11244155398612338
4934,0.1380136310523252
4935,0.13178819324327673
4936,0.16346730292716752
4937,0.1183245266201248
4938,0.1127021701319604
4939,0.0160267992132229
4940,0.1538345803890708
4941,0.12812105104369734
4942,0.07624859009026931
4943,0.025450296706306885
4944,0.021960759711980683
4945,0.031210122902568686
4946,0.10286032251588047
4947,0.062011759496564685
4948,0.07136110094685164
4949,0.0
4950,0.10721863997329403
4951,0.1392285770879837
4952,0.044483948056915606
4953,0.05770220909605805
4954,0.06468594075190646
4955,0.12998282393310046
4956,0.009958044733593147
4957,0.11870667674009289
4958,0.011247093795492491
4959,0.11902733928469456
4960,0.12781086471200045
4961,0.022917190365884785
4962,0.10612704798652241
4963,0.1920305540906384
4964,0.08259472585426272
4965,0.13387795909290537
4966,0.12508918739489977
4967,0.061809091550786066
4968,0.20252963923647224
4969,0.10598680635406599
4970,0.04412160254017958
4971,0.1141891758250079
4972,0.14952166245041698
4973,0.01080932761871882
4974,0.11052104800666815
4975,0.08666615994256517
4976,0.03961556396951204
4977,0.19752214017980424
4978,0.1286960575870551
4979,0.094750747779749
4980,0.11932468529953508
4981,0.16829454548385836
4982,0.047764914030590314
4983,0.07867603167698038
4984,0.10849541556722891
4985,0.12073974212825787
4986,0.022037204561677196
4987,0.012248080894388846
4988,0.11807481156289755
4989,0.08490988784513333
4990,0.011393431130365644
4991,0.12138359670111053
4992,0.05271373084866552
4993,0.06011317630237603
4994,0.12916498282992078
4995,0.0214005542394681
4996,0.08782664668171752
4997,0.0509613978380597
4998,0.09476929264806865
4999,0.1832065089709468
5000,0.10682585852775922
5001,0.034732680183630404
5002,0.11763356756796672
5003,0.17451519080954098
5004,0.1399328858480851
5005,0.0
5006,0.08195976257017859
5007,0.15160861020118752
5008,0.08907333825270813
5009,0.09675605937008097
5010,0.15724453438077163
5011,0.1313654311086237
5012,0.056178149426262564
5013,0.061131281356244564
5014,0.029684713284716224
5015,0.09029884145549083
5016,0.16149673142994972
5017,0.12461560595933623
5018,0.08378085984337542
5019,0.016879646494682654
5020,0.08631773614630947
5021,0.13770536089919957
5022,0.01395567841062588
5023,0.005420316443593164
5024,0.16888966104575148
5025,0.04438549377722617
5026,0.13549431030495948
5027,0.03865772756733915
5028,0.004228641075166989
5029,0.14813404076664
5030,0.09318430051464054
5031,0.05422314689935196
5032,0.06643819678434743
5033,0.15249964648537467
5034,0.09602073646542617
5035,0.09841929553943704
5036,0.06465371443966378
5037,0.18295280506541506
5038,0.12822423109977912
5039,0.08111859245781845
5040,0.11911572615073242
5041,0.0
5042,0.08132667496846999
5043,0.13692489876686578
5044,0.07106832448655694
5045,0.08695916747500126
5046,0.07842953654427443
5047,0.08192910839028711
5048,0.14112069954644207
5049,0.10197562989543338
5050,0.09232987139587902
5051,0.1275147338614258
5052,0.007928427736416527
5053,0.12679666721526994
5054,0.14895845854625275
5055,0.08610229975635375
5056,0.021180338896236633
5057,0.15454403314647439
5058,0.10217798351579195
5059,0.1262026747663489
5060,0.0694915676689225
5061,0.0750477691779342
5062,0.09825760274956151
5063,0.09884191962226935
5064,0.15419466047502836
5065,0.06272858165263138
5066,0.007174802771640093
5067,0.020570470100926677
5068,0.1450515654524558
5069,0.1362302255487488
5070,0.012297626931925133
5071,0.04652445300936874
5072,0.1482951958210073
5073,0.0730236090157458
5074,0.014449251546671885
5075,0.03591748799413097
5076,0.08043524906787056
5077,0.12322910785283116
5078,0.0752689766831616
5079,0.11419108948022401
5080,0.08895931904260801
5081,0.1282021243739602
5082,0.08848871409113811
5083,0.09399295728625527
5084,0.16290924615369398
5085,0.04674024559277176
5086,0.08968725693672557
5087,0.059100561251373064
5088,0.16063855092610788
5089,0.11897634823062761
5090,0.05586115967330201
5091,0.1997568595444783
5092,0.16630192022418194
5093,0.08255728789756371
5094,0.12116516045570658
5095,0.05744858804966674
5096,0.042622767971098846
5097,0.10026944351158339
5098,0.014908054710588927
5099,0.10747140868064775
5100,0.06254557501449927
5101,0.0
5102,0.02244588537376142
5103,0.0
5104,0.06061175619823453
5105,0.10543591877934784
5106,0.08774726983938248
5107,0.11058376105788432
5108,0.15576905219635245
5109,0.09229336979811538
5110,0.1067473161506315
5111,0.13494319421949857
5112,0.17014124163768268
5113,0.047028927769727946
5114,0.15368950911553161
5115,0.12234925226116415
5116,0.055360822068667506
5117,0.0
5118,0.0837149489336008
5119,0.1489589514854994
5120,0.18126001946455383
5121,0.0992052457998795
5122,0.19970548902278248
5123,0.07745395877015783
5124,0.0031919771597822832
5125,0.039785774819347954
5126,0.037645999090827144
5127,0.10239749121707092
5128,0.007578716683791897
5129,0.07319232622272076
5130,0.11779898311008563
5131,0.059720494535662416
5132,0.08171564082353244
5133,0.040494906326253355
5134,0.08115718849366188
5135,0.061841079123928486
5136,0.10099994220581938
5137,0.11861152747772219
5138,0.06522536345377078
5139,0.10293939737617817
5140,0.12393961994449071
5141,0.10750535867269433
5142,0.11799958824336983
5143,0.08065355227750257
5144,0.13879826745832388
5145,0.03425964705607122
5146,0.13471643102402855
5147,0.17088589956899253
5148,0.01119294847576259
5149,0.02155964373844106
5150,0.13085646427005387
5151,0.11349131554936116
5152,0.09355645919917699
5153,0.16138657206203624
5154,0.10858389838823254
5155,0.06976286123559383
5156,0.1427139270251174
5157,0.13128364717437804
5158,0.08560000515189276
5159,0.015207419662139551
5160,0.046874931059667904
5161,0.12489644493474165
5162,0.16090148437156604
5163,0.18171354799390427
5164,0.013697039237829223
5165,0.1708362444593921
5166,0.1510522257215171
5167,0.06778187031511615
5168,0.05871858725352773
5169,0.14434221219074064
5170,0.07340220262224055
5171,0.09290779609052865
5172,0.09851086553897535
5173,0.1333845377844411
5174,0.1317166268937601
5175,0.12498702301075693
5176,0.02632381518858723
5177,0.10347759206930732
5178,0.0988821940763164
5179,0.09957991329773642
5180,0.04061731898861431
5181,0.09559123009017016
5182,0.015424674247577402
5183,0.2322670387068894
5184,0.08363220392991429
5185,0.1635221341927694
5186,0.12231258335173822
5187,0.03236830160717123
5188,0.16051256774119693
5189,0.12734338012126759
5190,0.18056876935318267
5191,0.13940407573491204
5192,0.06937921378351629
5193,0.09754607659522285
5194,0.14474303923375623
5195,0.13410673977637405
5196,0.06007835777970564
5197,0.07552559634407532
5198,0.20339690856652198
5199,0.06990301366621521
5200,0.041810060165272604
5201,0.0
5202,0.07800934301016925
5203,0.0962856956971494
5204,0.07603194540063685
5205,0.010466957693395104
5206,0.09988412990892273
5207,0.02499090319056424
5208,0.17894741846692336
5209,0.07050603706626764
5210,0.06891494884785376
5211,0.014262824419394169
5212,0.1041957813363293
5213,0.036263336231541876
5214,0.020964531917376194
5215,0.08649727795384546
5216,0.08782268140979976
5217,0.03297634118721833
5218,0.03839805004050222
5219,0.059885898826219724
5220,0.23014408380473664
5221,0.15081967741754104
5222,0.032582333118526
5223,0.017980814255791205
5224,0.11225936805559636
5225,0.09889479018512162
5226,0.10402580270273543
5227,0.045267627245908194
5228,0.03615380576996731
5229,0.13991905892972833
5230,0.0627833518390514
5231,0.0270492329673844
5232,0.034329406768245654
5233,0.14242494290507743
5234,0.05364885199160622
5235,0.11189759324508698
5236,0.0890033657820127
5237,0.15786656110793873
5238,0.10478055306743944
5239,0.24309021106083661
5240,0.04057300422346545
5241,0.14244209472864736
5242,0.07836499836159086
5243,0.12068109591636988
5244,0.10852446397748969
5245,0.10909711814376377
5246,0.1468912968898244
5247,0.08951365781896398
5248,0.09173725822447036
5249,0.11628798730000618
5250,0.004460499724905618
5251,0.13683806273215382
5252,0.07482703724778657
5253,0.13995028002204757
5254,0.06096786403980985
5255,0.039978562712037126
5256,0.0
5257,0.10268534264908719
5258,0.06219389956227332
5259,0.06752332991599874
5260,0.043801658118003683
5261,0.11793429980473417
5262,0.11499761457249622
5263,0.10711779741773635
5264,0.1905660708108328
5265,0.11640968807764537
5266,0.12128187288027921
5267,0.17355284556843203
5268,0.15289298983171748
5269,0.011186348510577357
5270,0.07900334627004632
5271,0.1014033677895749
5272,0.04253995964316665
5273,0.0
5274,0.0845951382347593
5275,0.16569057184436448
5276,0.08536673188279179
5277,0.1223591465741378
5278,0.06576514102048608
5279,0.09456858182608503
5280,0.10287355240091083
5281,0.09357037958378554
5282,0.22894034791370732
5283,0.14688912925673187
5284,0.006198826124362719
5285,0.07677743254881034
5286,0.0628668863155431
5287,0.0745438607695473
5288,0.08532663011102273
5289,0.0907752460196035
5290,0.1052620596111025
5291,0.06393990891995696
5292,0.0838883715020346
5293,0.18093507231829076
5294,0.0
5295,0.12996246247860152
5296,0.07761342070965212
5297,0.0
5298,0.11437784705078874
5299,0.019376971316898556
5300,0.20165112144920488
5301,0.04289742705989879
5302,0.13202941935199067
5303,0.06501663230304977
5304,0.1251657249911223
5305,0.05981851025270912
5306,0.1228132326834373
5307,0.135015852866509
5308,0.14928902953287104
5309,0.16623150753035215
5310,0.11991915746573284
5311,0.13974746794736423
5312,0.0
5313,0.10720450562297842
5314,0.06648323676979884
5315,0.19751263239530836
5316,0.1362884793429458
5317,0.1281275018736422
5318,0.07831040056897931
5319,0.09052601168288062
5320,0.12401350647084249
5321,0.1128706916715049
5322,0.07893329287514764
5323,0.12521196615696445
5324,0.050887708663529124
5325,0.11919445932204453
5326,0.048680754781380335
5327,0.13357896003303724
5328,0.04347656742026984
5329,0.1062199867718451
5330,0.11727946551014552
5331,0.03220229489701823
5332,0.03532191426772255
5333,0.12771264644543512
5334,0.08466975090681572
5335,0.06934905071093318
5336,0.11434576903046091
5337,0.0
5338,0.027378545527556836
5339,0.1193443380031365
5340,0.11909434505809087
5341,0.07858236787860993
5342,0.05790210329448192
5343,0.06791740063530327
5344,0.07720649763869243
5345,0.15329071176041476
5346,0.015814123880670175
5347,0.08540714602850437
5348,0.05515186579044015
5349,0.07199475909373301
5350,0.0503304099898693
5351,0.11882189982580466
5352,0.08628686389332198
5353,0.14509098671849432
5354,0.16355651906463387
5355,0.09377995012905051
5356,0.07800274087394661
5357,0.0
5358,0.07158601256596604
5359,0.06633939914037346
5360,0.18706811384571442
5361,0.1229658733087052
5362,0.1633254157890774
5363,0.1623024580977918
5364,0.04086042127956098
5365,0.03651024152865595
5366,0.0063457179193878565
5367,0.12281764533857858
5368,0.128182287403796
5369,0.1082434136042815
5370,0.13017492299843086
5371,0.14013891973149792
5372,0.03796272567963665
5373,0.09235075599016312
5374,0.09451620760147099
5375,0.13725426060141402
5376,0.1527797244852446
5377,0.04992861594597073
5378,0.10831237259312089
5379,0.07022232189320572
5380,0.06607464115735667
5381,0.05101212651538606
5382,0.19109656353019425
5383,0.1169292327594844
5384,0.16377924559395785
5385,0.1254454397402924
5386,0.06980972137029028
5387,0.173979944344044
5388,0.08222877413769064
5389,0.03025231672803555
5390,0.10798245794145928
5391,0.14641224436785308
5392,0.12248404209406528
5393,0.08120564938869326
5394,0.18046896815497115
5395,0.13150073915078817
5396,0.07546789062761576
5397,0.06386364267719602
5398,0.20034675014704065
5399,0.06892377821502386
5400,0.12020601897169877
5401,0.05879402284034213
5402,0.028787914851974773
5403,0.1851788613864651
5404,0.11165965947102584
5405,0.10082425602156593
5406,0.12233150862116812
5407,0.0499186425036785
5408,0.1770637667405148
5409,0.05674025864919682
5410,0.12654744065923776
5411,0.11618001645177048
5412,0.09784422561111353
5413,0.14108338131313714
5414,0.08888459095777841
5415,0.0980830185727161
5416,0.12072818196843657
5417,0.17714825356555464
5418,0.10441482149236962
5419,0.07734407066902187
5420,0.08415856600858251
5421,0.1318093635513761
5422,0.013038268053812823
5423,0.10748287789230748
5424,0.01926494300414555
5425,0.03378921290989176
5426,0.12032544875384243
5427,0.0
5428,0.1248291679619259
5429,0.0008588538546832405
5430,0.17108254667908457
5431,0.018882375373377905
5432,0.06069883805047693
5433,0.06244573970590188
5434,0.09928115494897366
5435,0.10243705505570162
5436,0.18330483356618338
5437,0.021300363128050556
5438,0.0974079921030602
5439,0.1800289397462418
5440,0.11085446147617907
5441,0.11531054155062231
5442,0.020004011343234002
5443,0.08377146048846239
5444,0.061393946864255894
5445,0.03018522064789761
5446,0.06594341666975317
5447,0.07157068508678809
5448,0.15078533322538354
5449,0.10163179350309738
5450,0.12868610149684367
5451,0.09778788819366481
5452,0.0
5453,0.12193958271913616
5454,0.1335265504715336
5455,0.09165002986810437
5456,0.016106940530409328
5457,0.12187440203616405
5458,0.08501529685462335
5459,0.13399576122618898
5460,0.10297279414012227
5461,0.060232212393358
5462,0.027305434014504026
5463,0.13925116838117835
5464,0.15573741533692304
5465,0.06148669154946356
5466,0.09808605974291168
5467,0.16928597127006328
5468,0.059803427312889484
5469,0.0
5470,0.0
5471,0.10104727210604625
5472,0.09821315737459096
5473,0.19227845076587427
5474,0.10311331006493771
5475,0.12809476505769124
5476,0.23928621959325708
5477,0.09063404996586345
5478,0.07663505447801283
5479,0.17117411355495438
5480,0.084108789681834
5481,0.10348947580335076
5482,0.18294347517574297
5483,0.18475575064689295
5484,0.1480212130168264
5485,0.029394897851054314
5486,0.1125462017214039
5487,0.013926333004552108
5488,0.18993351272313086
5489,0.1112764112237465
5490,0.04004899475008175
5491,0.042583064066139355
5492,0.10443725871860225
5493,0.056933416342758524
5494,0.11016796761812495
5495,0.09158200435017588
5496,0.07912371400261498
5497,0.11104835160514018
5498,0.1293777143912542
5499,0.1205613080294303
5500,0.17750615398925546
5501,0.04868310796619357
5502,0.08182098087748356
5503,0.16594949646619156
5504,0.09035023479202338
5505,0.11058375150158865
5506,0.0599111843728309
5507,0.15829541916493828
5508,0.1092579003095038
5509,0.0778271062456769
5510,0.08442689814906335
5511,0.08150246176006098
5512,0.11000295143559548
5513,0.21694118888907882
5514,0.1403803602014595
5515,0.1429554768295239
5516,0.13300191241378492
5517,0.017888953533375426
5518,0.059494018075475656
5519,0.034655515986461854
5520,0.07684967611830928
5521,0.11674191985159205
5522,0.05247277617561073
5523,0.09168371858756719
5524,0.15916407655509524
5525,0.0
5526,0.1302910021591163
5527,0.13461671367901976
5528,0.13471065431924065
5529,0.0
5530,0.1595888938499998
5531,0.1736896241686034
5532,0.00831320630449292
5533,0.08986268694953953
5534,0.06394007743341584
5535,0.09660084720045922
5536,0.14735220442368246
5537,0.04611249621005628
5538,0.014722041263501545
5539,0.016990067399623294
5540,0.0
5541,0.08293090532781315
5542,0.10734782035497387
5543,0.13390457040918552
5544,0.0
5545,0.009934626228289348
5546,0.0
5547,0.09383695588056401
5548,0.014121047579542727
5549,0.08734184710340323
5550,0.0261977263057889
5551,0.0
5552,0.05329380381285387
5553,0.14394994923626195
5554,0.0494418998416853
5555,0.05648047611952148
5556,0.09191345173920376
5557,0.05428433829308527
5558,0.08314994768535483
5559,0.12539336632683568
5560,0.09560469773572672
5561,0.07467185889696411
5562,0.13863249879021727
5563,0.06659496438716805
5564,0.09124531460125533
5565,0.0948868495295952
5566,0.19101912634668985
5567,0.07006869671858318
5568,0.12691850100491187
5569,0.08035172696509642
5570,0.13479084026650964
5571,0.18486478634212203
5572,0.0
5573,0.13696485337304204
5574,0.1018133317206368
5575,0.026736012749011745
5576,0.1287989631772738
5577,0.11335322850321942
5578,0.11131971747556166
5579,0.05762287184464216
5580,0.201314957061141
5581,0.12513068477412775
5582,0.06233900640235093
5583,0.12550698530918983
5584,0.08651796756337246
5585,0.004512655182599884
5586,0.03608126537799569
5587,0.11607321263993983
5588,0.0572632245189058
5589,0.13443803987033404
5590,0.0347620374213754
5591,0.11689984052841061
5592,0.10760019013375696
5593,0.02581460879333125
5594,0.07052939376154757
5595,0.10015778531868799
5596,0.11609419935964294
5597,0.1606472591420916
5598,0.05494270624939169
5599,0.039535203921473076
5600,0.14847790585995801
5601,0.12544169473700822
5602,0.050974817874080106
5603,0.14648310068252107
5604,0.11507232835015704
5605,0.1235378638441085
5606,0.09140295701094113
5607,0.0
5608,0.07389968564685032
5609,0.019663033723403316
5610,0.06321555841180035
5611,0.025990807499731972
5612,0.08257560479172621
5613,0.028003711827044628
5614,0.0913262853452611
5615,0.0
5616,0.10316355542927289
5617,0.1719189017452195
5618,0.13297479852519323
5619,0.04615200372425922
5620,0.08666742419296244
5621,0.13101731597860006
5622,0.033621368023961914
5623,0.02416043204974665
5624,0.05929532629143661
5625,0.234880326049878
5626,0.06117299570018311
5627,0.08249538231823274
5628,0.03155543918999967
5629,0.18400645079085926
5630,0.019713185308774417
5631,0.07893659664903857
5632,0.09088005465345943
5633,0.001977983819771628
5634,0.07187137125706732
5635,0.09629790347479607
5636,0.09731757795648313
5637,0.13047250550291625
5638,0.18457881607009263
5639,0.12402828478376032
5640,0.07604721938912613
5641,0.04750409774280413
5642,0.027857444589110172
5643,0.0708942375038118
5644,0.1529828237920671
5645,0.1095003075080034
5646,0.21962106884770083
5647,0.16643769268627223
5648,0.12340930889563755
5649,0.09526132675539041
5650,0.07516308804400565
5651,0.14218497285535456
5652,0.06655113965019216
5653,0.2117169953652676
5654,0.12917774646182253
5655,0.04374457081804019
5656,0.10848986081779072
5657,0.12737734858664662
5658,0.12018742452615633
5659,0.1217666314776591
5660,0.17337437516235849
5661,0.051682441892608844
5662,0.18389323311362152
5663,0.04295022946917007
5664,0.05192738855287438
5665,0.08422262140984343
5666,0.11830568976394629
5667,0.0
5668,0.07459462015423934
5669,0.1168615634474171
5670,0.11711107663560005
5671,0.05853159158640239
5672,0.07379969529440622
5673,0.12509301815932017
5674,0.0
5675,0.10900305750997945
5676,0.07863020288193702
5677,0.1378541150556471
5678,0.11539749491468773
5679,0.20625575974957838
5680,0.11275866465972767
5681,0.0405686231061618
5682,0.0663262990497682
5683,0.11054903483803796
5684,0.11573579041877669
5685,0.1326724731005931
5686,0.05453807425052367
5687,0.0
5688,0.13725099653027645
5689,0.05549421739603257
5690,0.14109736790656838
5691,0.01881796318798
5692,0.11593129914440291
5693,0.07675818586538366
5694,0.10744542780131042
5695,0.1540303823022854
5696,0.07831330987256163
5697,0.02035584469995451
5698,0.10323096595124606
5699,0.17734135521278516
5700,0.056163784804683016
5701,0.07657333549991663
5702,0.0759434189621775
5703,0.11063923062886005
5704,0.1280274265842538
5705,0.05488442670575261
5706,0.19005440008860083
5707,0.02647829515958887
5708,0.1727845710111
5709,0.19141183054769148
5710,0.017697154584860583
5711,0.16486143207060627
5712,0.07207196779339353
5713,0.005300782658323525
5714,0.10761990728485889
5715,0.12445958726305197
5716,0.09751291132123538
5717,0.0632983038296254
5718,0.11967288883052352
5719,0.07112785410329142
5720,0.0
5721,0.1608406586641411
5722,0.06198264768896263
5723,0.06493384120704296
5724,0.17320743226989058
5725,0.019505564682264123
5726,0.1366620236364073
5727,0.004625050879497397
5728,0.0967495708440545
5729,0.1023464826777135
5730,0.17928529174168512
5731,0.17357098656188744
5732,0.1817716150311649
5733,0.1369480157341517
5734,0.11703162903961334
5735,0.19162257531509624
5736,0.15851853277375128
5737,0.09521284311115086
5738,0.1360865120928097
5739,0.04430312158991965
5740,0.13857754892441382
5741,0.05503328361735362
5742,0.02009509929747782
5743,0.07656189917808295
5744,0.0795515879822784
5745,0.08523820766596238
5746,0.028243953129012803
5747,0.21339918682206388
5748,0.03450958606740005
5749,0.06242170756856396
5750,0.1179307931754215
5751,0.009483646515858174
5752,0.09754384212341875
5753,0.11891006721201441
5754,0.15338484302170768
5755,0.12172546231326407
5756,0.1451753069410344
5757,0.030529689733019158
5758,0.10546206211730268
5759,0.11367942290590123
5760,0.17415037468978903
5761,0.09202385035605448
5762,0.040084325175812265
5763,0.007437431712090889
5764,0.10226929830727932
5765,0.08570484952431669
5766,0.21808688601877332
5767,0.0850375868703682
5768,0.154254180472098
5769,0.08741115578464222
5770,0.17728655892571546
5771,0.002883636292287592
5772,0.12134084330158615
5773,0.0
5774,0.100033781460698
5775,0.2022181502153234
5776,0.08624427663674547
5777,0.02067275837032477
5778,0.01907800435633181
5779,0.07863366036325432
5780,0.12432048269510149
5781,0.1615393039281573
5782,0.08024003737199942
5783,0.05160462526964685
5784,0.10050457055461794
5785,0.08673667521806502
5786,0.22832173676420803
5787,0.13726874225981986
5788,0.11194006466252723
5789,0.14022453020639625
5790,0.10884132856613012
5791,0.027290217288726118
5792,0.07078375918592532
5793,0.24354321403766666
5794,0.06408677266589295
5795,0.083327670939152
5796,0.005853844251620943
5797,0.10961574121017634
5798,0.06623476537460568
5799,0.10608365538282091
5800,0.1582423607601564
5801,0.029124942943689683
5802,0.15275419335757254
5803,0.04576575051139699
5804,0.04734144728119566
5805,0.1148813454332536
5806,0.15061126486917123
5807,0.02216463227050361
5808,0.09550589324402804
5809,0.09740873621394296
5810,0.03510884304987284
5811,0.07116239506166751
5812,0.05518220822750672
5813,0.07590600257068347
5814,0.10218868588325507
5815,0.0572948938005228
5816,0.07462966112074845
5817,0.014376940618282277
5818,0.02655193817801009
5819,0.18205242365983582
5820,0.17016114398122711
5821,0.20821151494088674
5822,0.13997791359892076
5823,0.152199461229172
5824,0.07665691013111041
5825,0.07329634324510732
5826,0.05680319671854183
5827,0.14296761583985562
5828,0.0891704213145668
5829,0.08259213514811614
5830,0.11204089416339505
5831,0.020263740183069756
5832,0.10658308536148826
5833,0.11757657847403488
5834,0.11878977950249046
5835,0.0830181655664758
5836,0.09509019588581968
5837,0.018297358531797904
5838,0.0
5839,0.08261187130327469
5840,0.15006396808590214
5841,0.15877519588401828
5842,0.042979913700431464
5843,0.11731243172381277
5844,0.12055209551054327
5845,0.14266893511643564
5846,0.09793027820522843
5847,0.14134544851103362
5848,0.13857358060853542
5849,0.09983218944806029
5850,0.017043003498085324
5851,0.11845489942175119
5852,0.10478284763228776
5853,0.0061186100260069674
5854,0.12325972874899375
5855,0.06581269367813589
5856,0.061813946463221775
5857,0.11803747733603887
5858,0.03928752289175267
5859,0.027245271107214836
5860,0.025766170360105006
5861,0.089479402322723
5862,0.07963265273140306
5863,0.07382754101738383
5864,0.1085385559655421
5865,0.08243998281273031
5866,0.030212338538051886
5867,0.07298669427705941
5868,0.08568677691135364
5869,0.046175900840852546
5870,0.12590625209845485
5871,0.1405928302800686
5872,0.11598902804314043
5873,0.09719950493365052
5874,0.1126107153268319
5875,0.019162048255418673
5876,0.10790019042280855
5877,0.03639379885667604
5878,0.1956773928517573
5879,0.09025505691327018
5880,0.1020375926940748
5881,0.01074133397829425
5882,0.06764940658806862
5883,0.04877566231044056
5884,0.0
5885,0.11569927450262645
5886,0.06658575860220334
5887,0.06328574176035727
5888,0.09683868387873198
5889,0.12175604372351635
5890,0.05046558072237244
5891,0.12777305802996589
5892,0.1000341141235633
5893,0.14816559053567513
5894,0.13785445425165094
5895,0.16105633427514124
5896,0.12034074431142971
5897,0.10968472107351762
5898,0.10403257221984827
5899,0.04650355684084863
5900,0.10997681443537421
5901,0.08568045581469667
5902,0.0
5903,0.0
5904,0.0768634092811294
5905,0.11923860525246349
5906,0.025681198239397178
5907,0.04330044636653507
5908,0.01703830443294671
5909,0.07380387000419517
5910,0.07141960398050842
5911,0.1993416504127673
5912,0.028651782742814505
5913,0.03591265448704875
5914,0.2044314816184853
5915,0.13864846248826995
5916,0.1170729494515649
5917,0.13983922521970826
5918,0.16572447140307095
5919,0.13632339760735218
5920,0.09305681792602985
5921,0.09790408031017445
5922,0.1270558822625925
5923,0.11942650413391262
5924,0.0819717799329995
5925,0.013791854674062916
5926,0.09430527979015771
5927,0.18422702600353363
5928,0.0789457229459275
5929,0.08085744737341478
5930,0.06277270162505341
5931,0.0
5932,0.058930443163017175
5933,0.017969914193757305
5934,0.1520800463228131
5935,0.09219600932679059
5936,0.1921504165115941
5937,0.2215927715549598
5938,0.08420607186951276
5939,0.12310197480779778
5940,0.09294255752353327
5941,0.07644496241924231
5942,0.10338774471123707
5943,0.08531510705288728
5944,0.16207840199356569
5945,0.1095954776104335
5946,0.027971095947648447
5947,0.09394746490985503
5948,0.0790617647286966
5949,0.04621639263967708
5950,0.07983292945876068
5951,0.14849096961094674
5952,0.07517765635540581
5953,0.10758816018451453
5954,0.1465898684225535
5955,0.035503424726792715
5956,0.07114298051840338
5957,0.08779948409497074
5958,0.0
5959,0.08702870543905022
5960,0.061470584349316265
5961,0.1680427182386583
5962,0.00662807154135954
5963,0.09515317944296235
5964,0.11403639608077036
5965,0.0826763887231991
5966,0.08185774473975223
5967,0.0019883032622073082
5968,0.10727678676882635
5969,0.05718497460607393
5970,0.12725218505994607
5971,0.0
5972,0.130407129623844
5973,0.0
5974,0.15223191359057425
5975,0.11303741571823656
5976,0.09071417981001575
5977,0.0
5978,0.09735500816413357
5979,0.07312352656205115
5980,0.10059590936840705
5981,0.12953900204705648
5982,0.009575110083184733
5983,0.10980581987957709
5984,0.14698719653635275
5985,0.0
5986,0.10501507730431271
5987,0.09858179189203525
5988,0.10057572076503585
5989,0.12312414616910103
5990,0.12223551895520945
5991,0.18734562485818415
5992,0.1596125123253741
5993,0.06619224078554006
5994,0.1137600462059847
5995,0.026565142598446893
5996,0.13874563747421242
5997,0.04674355906412734
5998,0.036322527895539844
5999,0.07588504874451638
6000,0.10909562404975502
6001,0.11190090122450877
6002,0.13172170716144044
6003,0.0861606264099795
6004,0.04023012765388363
6005,0.05609607755722277
6006,0.0031805097100588778
6007,0.18319721440841147
6008,0.06287945623915984
6009,0.11696452877470055
6010,0.07060618289670237
6011,0.0426674401672986
6012,0.15372835071847243
6013,0.0
6014,0.09221958809124078
6015,0.11035151825263537
6016,0.05719378544435008
6017,0.15205789181912427
6018,0.10765756887570413
6019,0.12746089359770812
6020,0.09722045959349998
6021,0.09986632342710468
6022,0.020517959329107896
6023,0.0
6024,0.11056466584222346
6025,0.07202828432128847
6026,0.02762532120852694
6027,0.16942353487090628
6028,0.14487272964767892
6029,0.0
6030,0.12620473838621646
6031,0.0
6032,0.18381930125087292
6033,0.15645740268792105
6034,0.16747054793630334
6035,0.09766775224262567
6036,0.10523966991840707
6037,0.10525891573953569
6038,0.1547046160071892
6039,0.15033280944919641
6040,0.13511358622653238
6041,0.007769852603764213
6042,0.051486559378313826
6043,0.03752174862287706
6044,0.20432141092357206
6045,0.17968252061334178
6046,0.06263980457731058
6047,0.1313323081694126
6048,0.03826981693152315
6049,0.09990185347538774
6050,0.08846734835310882
6051,0.06360737116215315
6052,0.041982659787655155
6053,0.13559303522981508
6054,0.11592216729031536
6055,0.06732771021892783
6056,0.11528032803485135
6057,0.08628227163920117
6058,0.0750838110561293
6059,0.15332399273984834
6060,0.02507722473042434
6061,0.0
6062,0.0385149659179505
6063,0.13162680188015383
6064,0.21375045937619908
6065,0.07409620527894731
6066,0.1066618784903168
6067,0.0
6068,0.15393395319990855
6069,0.1561347676290884
6070,0.0933350488481233
6071,0.053505288588839135
6072,0.1227381872099402
6073,0.0
6074,0.10372500505713203
6075,0.17024057874087867
6076,0.14716424819069301
6077,0.05633838794597486
6078,0.1631145672244081
6079,0.1630075363846596
6080,0.14514521368456548
6081,0.14349844717326693
6082,0.1019455078238013
6083,0.14731224386604183
6084,0.16014702383003793
6085,0.1040503968625972
6086,0.09302101869772744
6087,0.10291218005397057
6088,0.13887435743030413
6089,0.05200917762006105
6090,0.06387938875010728
6091,0.021813712338665373
6092,0.1659520076792625
6093,0.1391488619925838
6094,0.15222613466602686
6095,0.04753541940333829
6096,0.05490816386790245
6097,0.09265304136120708
6098,0.14589213743784815
6099,0.18572600391786603
6100,0.04620695647556027
6101,0.09201370664948885
6102,0.05754008771809035
6103,0.1107364273052191
6104,0.037784228656492266
6105,0.1496024603722837
6106,0.1384775872905331
6107,0.1999513334189017
6108,0.13317520703519728
6109,0.039162462394817465
6110,0.0717159532152985
6111,0.11160320650603624
6112,0.16296818087220605
6113,0.08590982319814598
6114,0.1197888892702968
6115,0.1007493541609304
6116,0.14450242144137346
6117,0.03814892050535569
6118,0.0709856650094324
6119,0.1118513204731089
6120,0.0
6121,0.13256385348973043
6122,0.12023105440356258
6123,0.13737081524247494
6124,0.07556758556258729
6125,0.10319671621865392
6126,0.0555438471255785
6127,0.09282714193794911
6128,0.05080791215125612
6129,0.1799312699839368
6130,0.11192727758783835
6131,0.07195990784081335
6132,0.13330477411639652
6133,0.13041138622946297
6134,0.10473386290828192
6135,0.03343328956882398
6136,0.17273234086748718
6137,0.17248681692951862
6138,0.14377605085015327
6139,0.15316358787651443
6140,0.14531606567662847
6141,0.08714380378413772
6142,0.11593383624378595
6143,0.1053977229099318
6144,0.08129033290858231
6145,0.16217898576785755
6146,0.05007987625930598
6147,0.01782310126861952
6148,0.10206041930639251
6149,0.07319334340350159
6150,0.15664536937492607
6151,0.12568668736625185
6152,0.09711546149537367
6153,0.09917430617894643
6154,0.09359052063544815
6155,0.12364844677156747
6156,0.01951086195757097
6157,0.1430581826583424
6158,0.05599307908153825
6159,0.10584797913908667
6160,0.10023894519592005
6161,0.11365182432136947
6162,0.07880136180710746
6163,0.14580217112150948
6164,0.12456845282713616
6165,0.07807206164297627
6166,0.07667837399576322
6167,0.15850849466277142
6168,0.152730770388594
6169,0.14191480404326273
6170,0.16229047524755322
6171,0.11637725477530375
6172,0.02271715496733326
6173,0.11020509159782735
6174,0.09593114592427154
6175,0.02039683881073169
6176,0.07769886499617444
6177,0.10752395348582582
6178,0.13864058183231082
6179,0.12342875966262067
6180,0.15919509066286258
6181,0.05676359414910699
6182,0.0577010507585675
6183,0.11734074920930221
6184,0.13319408230734653
6185,0.014085955911135567
6186,0.0665425409547733
6187,0.0834358404385376
6188,0.02756199460658961
6189,0.0942452116853181
6190,0.09834118650492449
6191,0.14257270581943618
6192,0.0
6193,0.014848597304513655
6194,0.15259374552013125
6195,0.09469772239938337
6196,0.0798658531070245
6197,0.1132986879278273
6198,0.007501057063755055
6199,0.07761497350979364
6200,0.10052838380322388
6201,0.10076871610126074
6202,0.137422783820024
6203,0.046303972565078226
6204,0.054112445343447196
6205,0.14993482447106637
6206,0.11896246701548491
6207,0.13770316871324617
6208,0.214501126041704
6209,0.008143306800364188
6210,0.1356230815436906
6211,0.14041790349199762
6212,0.0
6213,0.15586375765983115
6214,0.20305866646226448
6215,0.2115212138533603
6216,0.10592875111846313
6217,0.115741755784274
6218,0.09500810409875955
6219,0.1198448243045419
6220,0.10227772634558366
6221,0.04581891146011944
6222,0.05446958729596185
6223,0.11362749786637932
6224,0.11365178578346488
6225,0.06240619754749181
6226,0.14183481941728845
6227,0.1488670579349048
6228,0.0831499872256496
6229,0.0606779168242218
6230,0.0
6231,0.0
6232,0.06777326934342756
6233,0.09108742440595305
6234,0.2040584972291663
6235,0.08578958918370944
6236,0.014432225747781448
6237,0.0
6238,0.12462591683527252
6239,0.1680285282628592
6240,0.14834087521056594
6241,0.06385293348388033
6242,0.0
6243,0.007265230895314251
6244,0.20816614124873992
6245,0.13100471931440635
6246,0.04054704726883798
6247,0.13716924441944187
6248,0.11418340340165813
6249,0.09005008984810799
6250,0.11973787817652196
6251,0.1035604922620695
6252,0.08275424756184639
6253,0.07128017035698014
6254,0.1963252788442377
6255,0.1445008207592436
6256,0.11394194171486921
6257,0.0
6258,0.12499013909948373
6259,0.1357802458836459
6260,0.06483933997195068
6261,0.038549081137268584
6262,0.1286593347963875
6263,0.14639691450312106
6264,0.11993771717214818
6265,0.16085906970452743
6266,0.088039686198541
6267,0.05922551930506759
6268,0.14000367647595222
6269,0.10829583737357974
6270,0.03780099791343304
6271,0.0
6272,0.10474460858948177
6273,0.055828451489954745
6274,0.09865812521758614
6275,0.08955995133080792
6276,0.14719939679139465
6277,0.05007209551259575
6278,0.012056667228547212
6279,0.06957749381860519
6280,0.1588232536776278
6281,0.1966287658359927
6282,0.06280066247488422
6283,0.11022921352019595
6284,0.20890218179169126
6285,0.12491059675444846
6286,0.06677261998701722
6287,0.11649618306746592
6288,0.08624792409952532
6289,0.101696033707918
6290,0.0
6291,0.09016551239523467
6292,0.014045566461800843
6293,0.09776992400463573
6294,0.08685950484589934
6295,0.18742190581042062
6296,0.09605546268680651
6297,0.02519978142488044
6298,0.18081535394527237
6299,0.17822698358239197
6300,0.16140277335820546
6301,0.057811194804520204
6302,0.20218753581625945
6303,0.04606904782194065
6304,0.08846961370357151
6305,0.04353080950165994
6306,0.0868276231153949
6307,0.059883719565763445
6308,0.03850684301849155
6309,0.046540785789251915
6310,0.1472080306202742
6311,0.13555598314705763
6312,0.055053087197107886
6313,0.02345246368481478
6314,0.039744876794011175
6315,0.09977736698381647
6316,0.08814745578770326
6317,0.07251108114471641
6318,0.09106894411684247
6319,0.12611923987668214
6320,0.0396287788565885
6321,0.0
6322,0.020325783461554614
6323,0.1643658227202517
6324,0.08317303787367912
6325,0.1527043111428798
6326,0.061705701545192865
6327,0.09468323770985884
6328,0.09363256543398019
6329,0.1767669281294646
6330,0.0589930011832322
6331,0.019390764614902658
6332,0.16347878684407838
6333,0.11707646939112162
6334,0.04461617209059815
6335,0.0978849702008518
6336,0.006788948830914118
6337,0.0790543978878637
6338,0.11670476528349147
6339,0.10961895448628566
6340,0.07370289896925353
6341,0.10329366869666429
6342,0.12237106351946651
6343,0.1458676818065103
6344,0.05816347075812836
6345,0.04514606560299375
6346,0.07467241518036524
6347,0.08910163465906981
6348,0.17642916966285277
6349,0.03291831495266778
6350,0.24954380909435103
6351,0.0
6352,0.06320088901282611
6353,0.1383823792693894
6354,0.15938269193551655
6355,0.08554598721947022
6356,0.10236533610061163
6357,0.11905040011033635
6358,0.13734730564296
6359,0.06632005268507227
6360,0.11778692391923799
6361,0.08731189710289824
6362,0.23722295045770606
6363,0.08737680296386625
6364,0.14162037217542375
6365,0.04785929599346336
6366,0.03246041906036962
6367,0.04223427330782468
6368,0.06449113057538422
6369,0.16399447411471013
6370,0.11898081416609241
6371,0.09860214379912301
6372,0.08669383067076619
6373,0.06578266931327109
6374,0.05920499623860521
6375,0.035788077738507354
6376,0.0901310938406231
6377,0.0
6378,0.16782714936648296
6379,0.1176204376160322
6380,0.1500904541932072
6381,0.17338026906772044
6382,0.12445163051964632
6383,0.10879908864415906
6384,0.19110090607783106
6385,0.06841113138724622
6386,0.13548354734369672
6387,0.13504116779313438
6388,0.13293036283185528
6389,0.13637545217205896
6390,0.11758450509859389
6391,0.1197887403273149
6392,0.10463361592640007
6393,0.053777445469291564
6394,0.06744914039217956
6395,0.10922511681315061
6396,0.10795319850659113
6397,0.057260483326244796
6398,0.10224504392485857
6399,0.04134820175839478
6400,0.10199667148505501
6401,0.07631572187762219
6402,0.0695479247091243
6403,0.07174686596085655
6404,0.09972671802024898
6405,0.08263839053143453
6406,0.08062012445039823
6407,0.07868686279930746
6408,0.10913840671474345
6409,0.09711473021361909
6410,0.19007647766300018
6411,0.09405817536072963
6412,0.17404061259384884
6413,0.029748229215877248
6414,0.064467295556812
6415,0.12276336121613088
6416,0.1339819039546961
6417,0.14241781201825668
6418,0.13932638494019645
6419,0.06316131776826503
6420,0.0565796369038295
6421,0.10824420305549334
6422,0.13444112047226636
6423,0.13283038059499933
6424,0.12313393720429275
6425,0.0
6426,0.1354123663353975
6427,0.11622164144548558
6428,0.08446423589182381
6429,0.0
6430,0.0985262518216407
6431,0.04378548761471575
6432,0.09946844254358499
6433,0.05806916646893328
6434,0.04335748259787271
6435,0.21541389792982382
6436,0.0902336730184791
6437,0.18134588837310478
6438,0.04473793783845852
6439,0.15075205248649157
6440,0.11052469899542047
6441,0.07524874792866926
6442,0.06087319659047366
6443,0.1696671463537146
6444,0.09225692238187036
6445,0.021439455815800507
6446,0.0556476965900563
6447,0.1767509587763532
6448,0.05158516357802021
6449,0.0
6450,0.19450996358396053
6451,0.07555474343885443
6452,0.13003159010949253
6453,0.14883267131051758
6454,0.09499567516094626
6455,0.0
6456,0.15302751888796656
6457,0.0
6458,0.12699902513949757
6459,0.13018670698913787
6460,0.07092473571251168
6461,0.04532266997566048
6462,0.10421327887978546
6463,0.02846352112372616
6464,0.001356697919762416
6465,0.1517204870156833
6466,0.0689265482223152
6467,0.11986526996767889
6468,0.0905463491914116
6469,0.018576541881090286
6470,0.04166980866756699
6471,0.11617377498091455
6472,0.02532478056723153
6473,0.11341008955250208
6474,0.15390104941772242
6475,0.023200531787945955
6476,0.1276695163314801
6477,0.11214141197624082
6478,0.06715192486050015
6479,0.1726188522106415
6480,0.07146814440892223
6481,0.05571559110189871
6482,0.04755999443526768
6483,0.06776238386152642
6484,0.016900516535452464
6485,0.14040078620878718
6486,0.08591842779647699
6487,0.09638875847523211
6488,0.09277622896609296
6489,0.08717223482316502
6490,0.1254984457174182
6491,0.09093574560493772
6492,0.010802036856088115
6493,0.1379473588773058
6494,0.09975387762039943
6495,0.16374038539985458
6496,0.16750478795427945
6497,0.06183463509198251
6498,0.10711559252071859
6499,0.05333519061597978
6500,0.08983617835124992
6501,0.08960529025147326
6502,0.12233159086013114
6503,0.1136346312735633
6504,0.13005818713051426
6505,0.04903775938616494
6506,0.0640308873394213
6507,0.1261989906969352
6508,0.14304726804148626
6509,0.09886516138411519
6510,0.11643077783937192
6511,0.1056782103954756
6512,0.038224801803843536
6513,0.1494821211343512
6514,0.09831519636905525
6515,0.005328976101542329
6516,0.11436368399643985
6517,0.05421849644282842
6518,0.0
6519,0.07089868798106315
6520,0.014677835818772484
6521,0.10759750225405963
6522,0.055857735255489926
6523,0.17528284025237545
6524,0.055449656112761786
6525,0.10050957593653205
6526,0.1459935681764435
6527,0.021739075773848798
6528,0.1647458108134818
6529,0.09377241633994607
6530,0.055584586193794576
6531,0.016072213573587138
6532,0.13990361687197417
6533,0.14882470760749555
6534,0.09057592758904391
6535,0.051060841524555
6536,0.04087038399444004
6537,0.09527595778362713
6538,0.11111681330139288
6539,0.11656069491462598
6540,0.06756461771882821
6541,0.1277064827500509
6542,0.11003257204066966
6543,0.10381635261699579
6544,0.19365479804976743
6545,0.0
6546,0.0
6547,0.0
6548,0.1521907641691706
6549,0.05343984538125408
6550,0.15285983472721976
6551,0.08930614466128221
6552,0.08583513930579108
6553,0.0009434886355679933
6554,0.06365209415920954
6555,0.03718566885563837
6556,0.09028398217391473
6557,0.1390995201413726
6558,0.0515252230312873
6559,0.03345168661916928
6560,0.1472083658915085
6561,0.013535875495292893
6562,0.02907494013718881
6563,0.06561462137259085
6564,0.0
6565,0.12427674250759475
6566,0.05336983696629799
6567,0.11139114859628217
6568,0.03956959291374029
6569,0.051131753061349455
6570,0.07016476585446485
6571,0.06516220443350504
6572,0.1139220455033851
6573,0.10412050228356935
6574,0.06995603667372885
6575,0.0232688409654217
6576,0.04222798486288756
6577,0.18063740999994574
6578,0.06886139365610772
6579,0.08935530527939764
6580,0.17999916105814742
6581,0.0457740007026671
6582,0.06254803339663968
6583,0.13627507984992887
6584,0.11476070049117668
6585,0.1599053202522633
6586,0.08255598049206306
6587,0.09310948375262745
6588,0.12369796712421031
6589,0.15088281720321287
6590,0.13910613380944292
6591,0.16098815963947746
6592,0.1553149814618832
6593,0.10204720615175755
6594,0.0750609128090033
6595,0.0
6596,0.05062566077609121
6597,0.14251677905092622
6598,0.053153531492671616
6599,0.07332764077688261
6600,0.01203386905704836
6601,0.15956651330285976
6602,0.14589222803433632
6603,0.13995562701234743
6604,0.0
6605,0.11765669270983506
6606,0.017351560017617677
6607,0.033943743543907154
6608,0.0
6609,0.12544073676467327
6610,0.017306797316894176
6611,0.15261820887267866
6612,0.08743811407231306
6613,0.1463645152247011
6614,0.16083848043233767
6615,0.03257920894580078
6616,0.11692109212046399
6617,0.0
6618,0.1382516158354498
6619,0.06749980881468762
6620,0.14459765512875417
6621,0.13749259775544823
6622,0.17695436600495681
6623,0.07673688805680084
6624,0.06321484098769103
6625,0.0
6626,0.14009328381759045
6627,0.02830211950168875
6628,0.12021719824910312
6629,0.08368808166496522
6630,0.05902201934426761
6631,0.07052948134960549
6632,0.20457727935794973
6633,0.07823777510115557
6634,0.12558242369006778
6635,0.07714121077507566
6636,0.1015329440532023
6637,0.08652278646266834
6638,0.075312383747439
6639,0.039714655011833466
6640,0.17217365951908392
6641,0.02181387264089653
6642,0.05941800123615827
6643,0.1732849418963658
6644,0.12443947846569986
6645,0.10902634741583048
6646,0.0832205945205561
6647,0.04352745057930451
6648,0.09336281188374916
6649,0.04268420917565707
6650,0.03645394902648745
6651,0.10125553993025242
6652,0.18430215663267988
6653,0.1172749109542212
6654,0.07743247703824516
6655,0.1069478856705077
6656,0.10684261571767456
6657,0.0888586921166741
6658,0.16066994420341674
6659,0.13735023627005483
6660,0.16083186221581547
6661,0.16215280940121246
6662,0.1201496115795036
6663,0.0
6664,0.11773234075534839
6665,0.15478700534761441
6666,0.06653364377597346
6667,0.09608831439477977
6668,0.16854215991066152
6669,0.1026162494654992
6670,0.11772477551681568
6671,0.14588545505174852
6672,0.11439292024879716
6673,0.11434913377143154
6674,0.12592640992291043
6675,0.10470243435547782
6676,0.16668234026021894
6677,0.13220318465191083
6678,0.15973185270350684
6679,0.092365011895458
6680,0.005528717456270954
6681,0.00558582801989814
6682,0.02189388454114674
6683,0.11329148695228221
6684,0.13363151758324582
6685,0.07501194450019777
6686,0.0930954811890445
6687,0.10745957276081063
6688,0.09882597730003297
6689,0.09599879122342753
6690,0.087740955975165
6691,0.1576567432323056
6692,0.14632937646286664
6693,0.0
6694,0.06420890497120327
6695,0.05923731904609105
6696,0.1357326517342435
6697,0.08938796073309807
6698,0.007932909114968384
6699,0.15116077749303897
6700,0.1815326281065229
6701,0.019062000935659743
6702,0.1293510111702131
6703,0.14056217317517755
6704,0.18162514433657534
6705,0.08581901871673661
6706,0.12558615471514592
6707,0.09947697752047996
6708,0.1020958012361035
6709,0.07352517529345702
6710,0.08332588404364633
6711,0.003422928382360732
6712,0.11091191564823294
6713,0.08298204842318782
6714,0.0854049097050969
6715,0.06519478162233358
6716,0.1467411251988313
6717,0.10122688366018777
6718,0.1738728177163465
6719,0.09684610557848694
6720,0.19001452717559014
6721,0.17011585852391858
6722,0.16307613733598258
6723,0.1860366753162457
6724,0.10459295391413248
6725,0.07328066257752266
6726,0.12528233817787407
6727,0.08421253983540833
6728,0.0929421291538664
6729,0.1013206121892367
6730,0.1524367872625661
6731,0.13273667955900376
6732,0.10948877454307841
6733,0.05826459358498111
6734,0.18159421774832035
6735,0.151644033092551
6736,0.07058674661556405
6737,0.11040142973398265
6738,0.05417512331722916
6739,0.09763265543809627
6740,0.22800847025505344
6741,0.180087279223885
6742,0.07817682875467051
6743,0.1555348099265086
6744,0.13536917789248
6745,0.07539358469757185
6746,0.22537735046949653
6747,0.0731278927955988
6748,0.132616964739486
6749,0.07640346403956826
6750,0.04348358452945481
6751,0.010271355383997552
6752,0.16700850593614902
6753,0.17233755955085772
6754,0.0256716005369316
6755,0.03616919367624409
6756,0.07016095345630309
6757,0.08968111175539363
6758,0.08495232469590767
6759,0.15720398930705104
6760,0.1341537340295532
6761,0.11198149484619878
6762,0.172718786029954
6763,0.12654490613075497
6764,0.07326947473492582
6765,0.17540926937005058
6766,0.10586814859781936
6767,0.011654521815640091
6768,0.03731753685226835
6769,0.09611963294258019
6770,0.0
6771,0.08391121367232594
6772,0.12388568826071267
6773,0.13668235496617703
6774,0.0318118009547705
6775,0.08961220470085815
6776,0.06921579438531492
6777,0.12243081597820638
6778,0.13872627570311657
6779,0.11017153403771283
6780,0.0013047046616436742
6781,0.17345782615427424
6782,0.07355468989601943
6783,0.09520370670997298
6784,0.0331727840950897
6785,0.0771431602812833
6786,0.16439408745795636
6787,0.07703903621219027
6788,0.07175060500535864
6789,0.0
6790,0.09970228466285426
6791,0.08414899006811946
6792,0.10244931832868341
6793,0.022345419411009648
6794,0.1407465629311551
6795,0.04655204498995709
6796,0.024700058615350007
6797,0.12874114360935532
6798,0.0443857245904996
6799,0.16545470144103175
6800,0.15545183304923113
6801,0.09449048373382567
6802,0.07075555889308374
6803,0.06839752882712992
6804,0.17280062320591527
6805,0.09961186923483228
6806,0.06620107961532512
6807,0.06602755285212694
6808,0.0785944063882098
6809,0.05695877539950639
6810,0.16587905238951012
6811,0.03301897408792566
6812,0.12253852573867327
6813,0.1313056822102201
6814,0.16248856101568399
6815,0.09362002416144079
6816,0.19497806430517306
6817,0.06396458402940383
6818,0.07057486786162215
6819,0.0
6820,0.16696121615259008
6821,0.019809710592870997
6822,0.15321104522285925
6823,0.1722813036438401
6824,0.00826933284038034
6825,0.05967088616604524
6826,0.04613553100634245
6827,0.112802435763151
6828,0.01064369364754829
6829,0.24154153077645316
6830,0.1193475682195338
6831,0.09968321927939149
6832,0.027745322096314515
6833,0.0993065238550294
6834,0.03227267298990648
6835,0.09796513024501886
6836,0.18062251395418166
6837,0.04178018419188664
6838,0.029909154343577757
6839,0.1088886336505947
6840,0.1707719453582413
6841,0.08103892504443083
6842,0.12815449710311286
6843,0.05388397394346802
6844,0.08186656999995036
6845,0.06296133748023391
6846,0.0
6847,0.16429393867014397
6848,0.08607597247905949
6849,0.07574240526082907
6850,0.0867312647013023
6851,0.09043572803439259
6852,0.07751417765243489
6853,0.0
6854,0.06572946948667027
6855,0.11910468777497843
6856,0.07909743379923208
6857,0.09078791535020436
6858,0.04222465373158416
6859,0.07309318477596764
6860,0.10247394130509808
6861,0.1500625921172523
6862,0.08421667868683891
6863,0.08401794181668594
6864,0.1402092869286482
6865,0.12719806817507337
6866,0.1717358008862157
6867,0.09887381530344831
6868,0.05638335446730009
6869,0.05966131095495283
6870,0.04111871952206336
6871,0.05143004225432706
6872,0.13770266167627732
6873,0.09351473632644651
6874,0.06049616583824718
6875,0.11641648629680432
6876,0.16248089608537764
6877,0.19140241146457324
6878,0.11546493721747195
6879,0.08914379017098702
6880,0.07980577151305099
6881,0.06059654887961313
6882,0.051194364685398536
6883,0.114847863713196
6884,0.1537016709610164
6885,0.05424176002530446
6886,0.04307829503623187
6887,0.03443937564609534
6888,0.0
6889,0.13857528941805342
6890,0.027504933611231228
6891,0.10957182909204013
6892,0.14856582925719639
6893,0.07624087250579198
6894,0.05837855977576257
6895,0.07679011729919606
6896,0.04579928176440894
6897,0.08010351590104342
6898,0.09846391068761885
6899,0.08811257323495397
6900,0.04690872159014006
6901,0.10561195537620965
6902,0.02266952808805278
6903,0.16918405277329668
6904,0.12342209545584606
6905,0.0
6906,0.09754108092472225
6907,0.04817073578728229
6908,0.0918042776562782
6909,0.13951526674408649
6910,0.13680937006973412
6911,0.0
6912,0.0
6913,0.0
6914,0.12007301686661351
6915,0.11475620729732294
6916,0.12472897671222025
6917,0.15851206728992334
6918,0.1121191164544827
6919,0.11709563868843094
6920,0.04361445858974131
6921,0.0
6922,0.10330556070882561
6923,0.12997435408982008
6924,0.0
6925,0.06003791295670394
6926,0.034551318676492304
6927,0.07946516978268982
6928,0.176712187152103
6929,0.07259325994380651
6930,0.00930387107821115
6931,0.09307990941241938
6932,0.13343174067176247
6933,0.13275317256957514
6934,0.11239709324014445
6935,0.18999180563941725
6936,0.12075358962588
6937,0.07517403412738184
6938,0.16026147896460607
6939,0.00991580935353573
6940,0.01279425228478473
6941,0.08190775058654229
6942,0.07054087558540002
6943,0.10251866118861849
6944,0.14427054621857704
6945,0.0
6946,0.2100760928023876
6947,0.08915935577027859
6948,0.1697852145249627
6949,0.10801394934332303
6950,0.11248468225534318
6951,0.0370235555103921
6952,0.0
6953,0.0649726199103247
6954,0.06025048052015333
6955,0.11580536539833035
6956,0.18276585526207983
6957,0.06349322525386167
6958,0.193453779912272
6959,0.0535447155409647
6960,0.17896070303076808
6961,0.17220667583997717
6962,0.14689396540907212
6963,0.04356179510909163
6964,0.005035304024014878
6965,0.055781834792815975
6966,0.1413379430665095
6967,0.08235718613209739
6968,0.17510189279125224
6969,0.08390280305176163
6970,0.14268910720862127
6971,0.13511374451191852
6972,0.14092139973703044
6973,0.12752601719274811
6974,0.20304878199325202
6975,0.05114845745542894
6976,0.08942770410517059
6977,0.11389701820087121
6978,0.15597244777558744
6979,0.03138649013515671
6980,0.10770830913127498
6981,0.16601816422144824
6982,0.05065219230457991
6983,0.09120188080076502
6984,0.013925917008982741
6985,0.04385109866883287
6986,0.014516875875649926
6987,0.08662261527810958
6988,0.130750586225316
6989,0.17013171563485951
6990,0.12835067103978737
6991,0.1302123382995653
6992,0.00700073757072886
6993,0.23376266746016108
6994,0.05622670703663335
6995,0.12651851553238566
6996,0.14036205476301966
6997,0.1538155494586288
6998,0.030873566386871942
6999,0.04965221529807215
7000,0.03420328950673636
7001,0.19682582133906887
7002,0.10245631607978105
7003,0.11702100883538818
7004,0.0
7005,0.012631091080343243
7006,0.0568289145331954
7007,0.06552674176596157
7008,0.1315146691083331
7009,0.12954651631429126
7010,0.10245199902503793
7011,0.09187034053864568
7012,0.09527150441701192
7013,0.06262605237541707
7014,0.11079902019031064
7015,0.23119123580453727
7016,0.1275334455560322
7017,0.124554491053705
7018,0.12721856537737053
7019,0.0798223695701536
7020,0.1827620117324765
7021,0.16298600817661202
7022,0.09438952463202868
7023,0.017899760508596457
7024,0.0
7025,0.1657525417744229
7026,0.0744359462750667
7027,0.06868907492130888
7028,0.10665994550767606
7029,0.1597576476963695
7030,0.07790240815549244
7031,0.10571769157952791
7032,0.03873830902602681
7033,0.10326357075738375
7034,0.09577785656207821
7035,0.10295997756417428
7036,0.07713599996417139
7037,0.0886828947186974
7038,0.21745851582893574
7039,0.10391631046169351
7040,0.04495050646217879
7041,0.05804121038199913
7042,0.020443480708205782
7043,0.11171216375898538
7044,0.0444886555990274
7045,0.10588880214105713
7046,0.08483833652655341
7047,0.060800438807873024
7048,0.02392504385344217
7049,0.12669746743850016
7050,0.1376388866010666
7051,0.0008397457069776182
7052,0.0004391967973997324
7053,0.011554307538195738
7054,0.12833431455729802
7055,0.12163926716570454
7056,0.11534093002361012
7057,0.0711782982626655
7058,0.06408460705082938
7059,0.003274962647212179
7060,0.04270278953521466
7061,0.08766378556078824
7062,0.07974221217712169
7063,0.07103598003849264
7064,0.13055189178407584
7065,0.1063718701833813
7066,0.01597500218198794
7067,0.04616627899377307
7068,0.109261121939999
7069,0.07387435279247484
7070,0.0668720867178221
7071,0.03533256244077439
7072,0.05528970597185035
7073,0.03357474646409212
7074,0.15546015839109967
7075,0.111868118125737
7076,0.03714978870664443
7077,0.11734649986986953
7078,0.09450465870664905
7079,0.11450441972664335
7080,0.12043316492438046
7081,0.13396049005516392
7082,0.0871521325860469
7083,0.08202260518785214
7084,0.10453540362138276
7085,0.11225323145218226
7086,0.0452492797387628
7087,0.14870580998555818
7088,0.09856627340238251
7089,0.11320816066704772
7090,0.1738716304864819
7091,0.07330426116974834
7092,0.13593516314664203
7093,0.0031583441212806214
7094,0.1634723328654697
7095,0.11333893181365128
7096,0.09944849030037724
7097,0.048667946385886375
7098,0.16739062670829574
7099,0.0
7100,0.190961091261157
7101,0.1461665843916583
7102,0.09494508740340804
7103,0.1660906422827919
7104,0.1313913062427252
7105,0.050608047211574005
7106,0.13736334282966356
7107,0.06141277548955033
7108,0.11459541848372003
7109,0.06948755066060455
7110,0.14968445550139103
7111,0.06936700010487633
7112,0.0703622206980915
7113,0.05066143048444668
7114,0.03874771581693828
7115,0.16795928601418872
7116,0.15275542083417004
7117,0.06079994661788969
7118,0.10131575126287978
7119,0.1880212124342885
7120,0.08194295283794797
7121,0.15356840575880296
7122,0.10798989079072294
7123,0.062246173108427595
7124,0.1668298823272339
7125,0.1365728791750689
7126,0.05053677178148494
7127,0.014327741570797262
7128,0.09356128798397781
7129,0.13061346120738018
7130,0.1370044807996689
7131,0.0
7132,0.11483836841064704
7133,0.10107473077426436
7134,0.07648258542617088
7135,0.009163394025958678
7136,0.18018368162850756
7137,0.10016893902889296
7138,0.10732353917566308
7139,0.09744084786601266
7140,0.14997163532778715
7141,0.0864890612504265
7142,0.05406541329539445
7143,0.10284762523409927
7144,0.04397046142854082
7145,0.14445321186150248
7146,0.10880250863140287
7147,0.11081503295394773
7148,0.10137004905873803
7149,0.025715472224688576
7150,0.040477010526860494
7151,0.14326250977431873
7152,0.13948850008491054
7153,0.11255488782231887
7154,0.06858984887766842
7155,0.0634327736161869
7156,0.03615716835431847
7157,0.0759059590032696
7158,0.13785971165920927
7159,0.08786098646092863
7160,0.15272013343487137
7161,0.06639144032759982
7162,0.10246829501000274
7163,0.15323143871599393
7164,0.05752717381779441
7165,0.03463465450232345
7166,0.15191390721572834
7167,0.06640896578112332
7168,0.05272934549144999
7169,0.18129276952705645
7170,0.013468579658564295
7171,0.1375861472257185
7172,0.12729233170516827
7173,0.09192514890388269
7174,0.0690332230349745
7175,0.057491159330945736
7176,0.0
7177,0.06742689281436504
7178,0.12108831201457688
7179,0.11841586494150731
7180,0.18531859252961866
7181,0.06798636316504134
7182,0.05217977176805449
7183,0.1033400234623591
7184,0.10021307989174756
7185,0.05872850796427083
7186,0.049876889813826035
7187,0.07241760174481877
7188,0.018076407585984625
7189,0.06964075988392035
7190,0.1284526095873753
7191,0.0790185708594654
7192,0.10076704327569516
7193,0.08021067684676665
7194,0.10513848090285972
7195,0.0946516735943233
7196,0.11722481726826206
7197,0.12522803808494873
7198,0.030249336332192074
7199,0.07167515102029404
7200,0.046038967606890385
7201,0.0
7202,0.015675006502804317
7203,0.054825600743489876
7204,0.18580764003676395
7205,0.18192886748421727
7206,0.03310907668779597
7207,0.054231244980740924
7208,0.1320776739791451
7209,0.2040116607429493
7210,0.023947355615184712
7211,0.11507070258445974
7212,0.08569162610801262
7213,0.08093289668414372
7214,0.09341130691104303
7215,0.19403698117241083
7216,0.16927085376299555
7217,0.02477437653182612
7218,0.0584854587815631
7219,0.06589242651261903
7220,0.0
7221,0.07688885021262129
7222,0.12348189205534527
7223,0.13426288324076818
7224,0.05587259482766979
7225,0.16943570507853445
7226,0.0022990519381780976
7227,0.17321718985537232
7228,0.1393563496945437
7229,0.13030017878432903
7230,0.05301849032903682
7231,0.10076563124358939
7232,0.031467810630093546
7233,0.04799867432012316
7234,0.07056849276691587
7235,0.08228775865370691
7236,0.006675600300572876
7237,0.09540672597319609
7238,0.1764803231223145
7239,0.04071553714157594
7240,0.01310867207429324
7241,0.07869424701353908
7242,0.16760655313974254
7243,0.1015044851030786
7244,0.10393621075038217
7245,0.07924010114809253
7246,0.14333095624388426
7247,0.0
7248,0.09864952100095171
7249,0.014315310213418309
7250,0.19103171879196781
7251,0.10202507146761719
7252,0.06738968793647454
7253,0.0426945410453472
7254,0.0
7255,0.11209660061884155
7256,0.027633306809182565
7257,0.09824890857405782
7258,0.13740078526390886
7259,0.09920387922296041
7260,0.14188691726117914
7261,0.07758865198578388
7262,0.18853457440103522
7263,0.10128062648413023
7264,0.1535062413849299
7265,0.11502974109720919
7266,0.07798364709608617
7267,0.09863199208856283
7268,0.05324545776369232
7269,0.185421396428986
7270,0.015195622311995158
7271,0.10322199678816374
7272,0.0028039936095979046
7273,0.10245258350969963
7274,0.09744951561287565
7275,0.06551243077182
7276,0.1132542380356735
7277,0.12178308919946938
7278,0.08379934815284469
7279,0.10215728516319428
7280,0.12971369134313204
7281,0.07389039172280007
7282,0.19908264302328596
7283,0.108149088416729
7284,0.12721572411823592
7285,0.1210620141221474
7286,0.1461356021838665
7287,0.016853773166452674
7288,0.18218883210774173
7289,0.1982827812614676
7290,0.19318196770533327
7291,0.06590270554687075
7292,0.07892385232839297
7293,0.17903472649916843
7294,0.12813898566578513
7295,0.13446716575897819
7296,0.1730974421626899
7297,0.1410280630750561
7298,0.10254187086774458
7299,0.13504435559764333
7300,0.09423317585338047
7301,0.03462015699650371
7302,0.1542960844985185
7303,0.08697752151316776
7304,0.11922270636480885
7305,0.16984913766545945
7306,0.1367509946472203
7307,0.05394058641646585
7308,0.10444387852281553
7309,0.11211371087475423
7310,0.10739728256471368
7311,0.0
7312,0.12125572438982214
7313,0.14634432050448376
7314,0.11176805153309342
7315,0.033316485649693015
7316,0.17372374618522113
7317,0.0705708336645437
7318,0.12915869989434509
7319,0.0819060620838853
7320,0.012926111574411994
7321,0.015875736454410056
7322,0.1525331338164454
7323,0.07503348581628361
7324,0.09035645641044471
7325,0.0
7326,0.11718406215701407
7327,0.10132718448633359
7328,0.03763161067262556
7329,0.07501095709431412
7330,0.09897495327948873
7331,0.06977144563195946
7332,0.021618269899501365
7333,0.12693384788195172
7334,0.08987260770742311
7335,0.16456429895820934
7336,0.03782800207662196
7337,0.21899319576886145
7338,0.03857391016299183
7339,0.1517260099073635
7340,0.04774362485729249
7341,0.035571574022444805
7342,0.0
7343,0.09813782413830219
7344,0.20625698327888528
7345,0.11926219185707237
7346,0.10058135665113281
7347,0.0769461018052027
7348,0.10975761069602893
7349,0.05361966462528314
7350,0.1416322272307102
7351,0.04113998850294494
7352,0.11881022006180555
7353,0.17122116605618615
7354,0.08033729431093309
7355,0.10310653597443369
7356,0.10657028196148115
7357,0.015948156874133396
7358,0.19348847502220481
7359,0.07037500508000144
7360,0.1309080953491486
7361,0.019548232300898964
7362,0.06924641534823638
7363,0.02490300094899466
7364,0.07267185264875367
7365,0.04515377996429257
7366,0.08205210212436294
7367,0.09747171750929401
7368,0.04855833679955229
7369,0.11133379889987176
7370,0.12104781528576056
7371,0.05457148527249001
7372,0.09897880120079443
7373,0.04953528477538293
7374,0.045607469296553266
7375,0.039946958457839965
7376,0.11449246012234088
7377,0.125663855633769
7378,0.10374045438040444
7379,0.03692824620334835
7380,0.07798303504054763
7381,0.13053243294965297
7382,0.10641464639327346
7383,0.10780130243560265
7384,0.15916642725349012
7385,0.10612714742295155
7386,0.0
7387,0.16106277431336116
7388,0.07490112834190946
7389,0.1383829653803822
7390,0.0
7391,0.1482131121746027
7392,0.09534083381812124
7393,0.17733542438561822
7394,0.24038896222054104
7395,0.10824519636752132
7396,0.00672741157322479
7397,0.12308368407256469
7398,0.0
7399,0.10579361039115483
7400,0.07975736947826215
7401,0.11786305371936959
7402,0.04444642950346202
7403,0.05087820062865288
7404,0.0829845702283659
7405,0.07933299615390751
7406,0.1319885002064841
7407,0.06200588118240504
7408,0.06304785978385552
7409,0.04519870909455764
7410,0.08478702963964764
7411,0.12513851146880997
7412,0.1691789927612013
7413,0.09268788997422744
7414,0.1446040888200575
7415,0.09364684982015813
7416,0.02892846844920155
7417,0.09817540364927081
7418,0.10878697407512272
7419,0.11486359025008036
7420,0.03456381161680673
7421,0.1304669344963186
7422,0.012705452649548518
7423,0.13872296961422156
7424,0.1405483039662288
7425,0.17478320325981445
7426,0.1965323394962779
7427,0.04934330313487539
7428,0.1133712679624172
7429,0.15606454859025884
7430,0.12082090087070871
7431,0.0
7432,0.10697678470957588
7433,0.024887144425381494
7434,0.1559502020061776
7435,0.14552669482850394
7436,0.027683050463526204
7437,0.14539144612782257
7438,0.12199408240886717
7439,0.11451960510352496
7440,0.12727206525745782
7441,0.11679240767961993
7442,0.05657204477091616
7443,0.0
7444,0.1595838112289246
7445,0.01803065599068289
7446,0.011547502060713786
7447,0.16200988221719978
7448,0.13522673427770834
7449,0.11195615385040224
7450,0.07643055184488298
7451,0.15207032363325088
7452,0.13496942617177082
7453,0.1117456982124106
7454,0.12188943619989451
7455,0.11472087751393192
7456,0.10413347822144227
7457,0.08688592324161597
7458,0.0
7459,0.0829953373960726
7460,0.08831749403487454
7461,0.21212045247196892
7462,0.13620582781846574
7463,0.05578822957917176
7464,0.04389641177516074
7465,0.07079419077473897
7466,0.0
7467,0.0820355791026495
7468,0.23350509885158266
7469,0.11613146563337912
7470,0.08826036122072839
7471,0.08540756921041816
7472,0.14795252215357235
7473,0.187669021763094
7474,0.10412433808424636
7475,0.062180040191440175
7476,0.06713748109168821
7477,0.1006415453265545
7478,0.09876576448163978
7479,0.11889209805645833
7480,0.015088184000583978
7481,0.07718569160082697
7482,0.046121433878549035
7483,0.07779048848575289
7484,0.0
7485,0.1656108703201472
7486,0.08592139063839038
7487,0.10162471020086034
7488,0.11203863608174248
7489,0.16085934809513236
7490,0.05533868997606607
7491,0.07425018256989499
7492,0.03911266428321312
7493,0.06205447450426051
7494,0.1329775119436316
7495,0.03461669985875852
7496,0.054669046508802555
7497,0.0587682422344035
7498,0.07807540065150087
7499,0.009031626209286103
7500,0.004101873810039625
7501,0.12725926603312365
7502,0.1059071495089546
7503,0.05601006316337636
7504,0.0944784755069382
7505,0.1975073369813799
7506,0.12923105385946695
7507,0.05240891533959734
7508,0.03757396406166809
7509,0.0929010832640912
7510,0.014424190022212534
7511,0.13143510163798472
7512,0.2227994983116547
7513,0.07448747463916285
7514,0.0
7515,0.04434108133887561
7516,0.0
7517,0.10186271234161555
7518,0.213022215008434
7519,0.0840584876956509
7520,0.11522293626389374
7521,0.0921082801766779
7522,0.01968494444425599
7523,0.08944188891078317
7524,0.2028970622795785
7525,0.06918470692808022
7526,0.09905026537652314
7527,0.13030734872760114
7528,0.14383095629397005
7529,0.06052760070246417
7530,0.019754073381794926
7531,0.0624671518035944
7532,0.13293723001840546
7533,0.11051789291101367
7534,0.0927007729263529
7535,0.046289999638161675
7536,0.13018030451101864
7537,0.15323951702333583
7538,0.10156956117031114
7539,0.0
7540,0.12835188960215943
7541,0.09026937852259435
7542,0.05554989931080184
7543,0.16222115396689737
7544,0.22703409977720215
7545,0.11985233521478861
7546,0.10845912055005016
7547,0.014485024351729353
7548,0.07429895723305868
7549,0.09047416679496659
7550,0.1084149751203865
7551,0.08939251647575591
7552,0.14637354179819262
7553,0.08976138496375699
7554,0.0
7555,0.06976868040335656
7556,0.0800537392916624
7557,0.03950790222804458
7558,0.08166888309050803
7559,0.042261267967873085
7560,0.15903557794146622
7561,0.0325762033991332
7562,0.10120665739867318
7563,0.05065478224673968
7564,0.1327405984343215
7565,0.013637183820319018
7566,0.06775856663423555
7567,0.0747831501779319
7568,0.14093945027164909
7569,0.15069760471219867
7570,0.04641019766687049
7571,0.07916139014832382
7572,0.07354604756023
7573,0.07767915134867005
7574,0.11388460448357704
7575,0.02807047826871327
7576,0.1749123256125496
7577,0.21090484329936085
7578,0.1107362204307455
7579,0.06380978179410146
7580,0.025766575926775948
7581,0.07621393111849516
7582,0.0013035185865530458
7583,0.10169588150357527
7584,0.018281384281106833
7585,0.0
7586,0.10335313013958586
7587,0.1039304936066351
7588,0.16121293743547932
7589,0.12667801467565973
7590,0.07718372387891151
7591,0.12335533748839345
7592,0.2073321419493357
7593,0.10126685207640825
7594,0.07199338511547784
7595,0.11782847928861134
7596,0.08914742680684645
7597,0.08923878636796519
7598,0.06555844838468122
7599,0.027106062576688277
7600,0.10609287150042936
7601,0.015951311237977397
7602,0.042910560509156016
7603,0.10930887341741091
7604,0.07456806004285675
7605,0.11001364149292704
7606,0.046045023542988145
7607,0.07957312447496534
7608,0.03110371283314821
7609,0.09837452772050455
7610,0.09566606729353505
7611,0.14894999521282956
7612,0.21053917810002265
7613,0.12267512440834141
7614,0.030097243123572634
7615,0.09819734059722768
7616,0.1263705634066455
7617,0.0
7618,0.1420381829045479
7619,0.15129838154172245
7620,0.12118995198149549
7621,0.166198680462334
7622,0.07273544282005485
7623,0.10574603449232602
7624,0.16098160156805977
7625,0.10006580482166595
7626,0.020191728999340602
7627,0.09084151177819912
7628,0.10419449871668258
7629,0.19533037519007448
7630,0.0883578648919964
7631,0.09432958626064841
7632,0.10095469335622653
7633,0.00966117048320881
7634,0.0
7635,0.048936548035264864
7636,0.16215215300879748
7637,0.05257465400251732
7638,0.03273489219707315
7639,0.05716212116049949
7640,0.06942909089661559
7641,0.06324774031984726
7642,0.04377138854770951
7643,0.12614426042871507
7644,0.06453064103864092
7645,0.21329635523931317
7646,0.0
7647,0.13767162922450782
7648,0.10995359895829053
7649,0.09485813423491193
7650,0.01306890604842964
7651,0.0
7652,0.09006160638953234
7653,0.03581894311573648
7654,0.04165625779521629
7655,0.06376388955739788
7656,0.15165350175177883
7657,0.03831486351625699
7658,0.08518647070964795
7659,0.07290680387068683
7660,0.14966391611296195
7661,0.10712934689941458
7662,0.1332775474958571
7663,0.011156976126164148
7664,0.04965653234537222
7665,0.019148925827387808
7666,0.054330579752274066
7667,0.09864518479282751
7668,0.03524056254457318
7669,0.0920667816503199
7670,0.08914508931851828
7671,0.07836982279129938
7672,0.03183856445420713
7673,0.13812945251972938
7674,0.11072153547130649
7675,0.18969378143817006
7676,0.05645795009153892
7677,0.06651602215495056
7678,0.17442941740695295
7679,0.07181361800463903
7680,0.08204354754933196
7681,0.0551376523003481
7682,0.03026839119235193
7683,0.11270527122494547
7684,0.14618452180224203
7685,0.1336369236240893
7686,0.2126583719814568
7687,0.13632154465684918
7688,0.14571467168647123
7689,0.09226029583755053
7690,0.0
7691,0.029929968303709184
7692,0.22651354551451247
7693,0.13424625809737586
7694,0.07561037462845507
7695,0.10173777071823586
7696,0.1111378388800087
7697,0.10684500041151164
7698,0.14379020489845798
7699,0.13518813454649853
7700,0.13452139089704956
7701,0.05884068774899352
7702,0.0975820645182847
7703,0.1724625613043435
7704,0.05667712954747359
7705,0.18679230087863452
7706,0.08928558984989854
7707,0.14561216520375625
7708,0.1441268258448156
7709,0.15452494269278527
7710,0.0
7711,0.13457238396395307
7712,0.12431124637233992
7713,0.12706068568311396
7714,0.1314611589637155
7715,0.1593362302970523
7716,0.090746779686481
7717,0.0907665408953216
7718,0.16758443962907976
7719,0.044467739694442024
7720,0.09521770325386256
7721,0.07416961572824465
7722,0.06903851229464064
7723,0.0987572012936779
7724,0.0
7725,0.0
7726,0.13267166801441696
7727,0.1462993348891361
7728,0.09514421418571099
7729,0.017050208757893058
7730,0.09934771310605292
7731,0.014958845996901584
7732,0.15522251941910237
7733,0.08084952913895171
7734,0.0026190426393421923
7735,0.11237338986696961
7736,0.14283974073424036
7737,0.16629285745264438
7738,0.09256284820401546
7739,0.01326875176724554
7740,0.2418066404195999
7741,0.11303763681121087
7742,0.12812291991716412
7743,0.032829017021266546
7744,0.1135290563259784
7745,0.1548054231567108
7746,0.05392203233889386
7747,0.2020648440881389
7748,0.13234115301463442
7749,0.08681476299266058
7750,0.10613769656704845
7751,0.13336266165810826
7752,0.020519206385101477
7753,0.15433474711606648
7754,0.08178545047658586
7755,0.021620857450328577
7756,0.05821176369209419
7757,0.1048843664773805
7758,0.12220933826033635
7759,0.01922398878133835
7760,0.12939365019812019
7761,0.1156086258336793
7762,0.05527508209745338
7763,0.06789711349133223
7764,0.19519677169671315
7765,0.09772835600729199
7766,0.021280153482785513
7767,0.07245268561919427
7768,0.18232983199456998
7769,0.017242523941543936
7770,0.02477475880435826
7771,0.16807105802949293
7772,0.07871793263271173
7773,0.10497654797207706
7774,0.11455986715881067
7775,0.11804137441745846
7776,0.08862819533646364
7777,0.09238015366578532
7778,0.08705738937829177
7779,0.12437433138738936
7780,0.07009252231804651
7781,0.10130463778116279
7782,0.1486053520164224
7783,0.13036044886656417
7784,0.18977973448071334
7785,0.04922672530796969
7786,0.07378543448736169
7787,0.10723296209718752
7788,0.25036182296961185
7789,0.06423292021505717
7790,0.1263720400822554
7791,0.04318967654968077
7792,0.0952567026960774
7793,0.16615189617472254
7794,0.17667431216528662
7795,0.03481808316221775
7796,0.13001018161491373
7797,0.1291812979226155
7798,0.08813524349628508
7799,0.0
7800,0.05414178208503426
7801,0.12919933509771736
7802,0.14711057193640675
7803,0.20549773946259878
7804,0.17063939064229183
7805,0.01813154974617205
7806,0.07229585446059625
7807,0.12062313925779575
7808,0.18962609787036958
7809,0.16235293528366634
7810,0.1072731095608011
7811,0.08388990615783472
7812,0.19293780705318492
7813,0.026327115690746417
7814,0.15552166488178623
7815,0.15186491674489747
7816,0.12980021517346613
7817,0.0
7818,0.09895078529007323
7819,0.10342493974677941
7820,0.029424106506920164
7821,0.17414308434773912
7822,0.012951725600279212
7823,0.13661180858949654
7824,0.07276423210025727
7825,0.05266815618005933
7826,0.08418170842075469
7827,0.11866165925083189
7828,0.050400127187582605
7829,0.07427864614814153
7830,0.18418279215594743
7831,0.15598499954996314
7832,0.03144130501653729
7833,0.06258353134776384
7834,0.061832592808027914
7835,0.13803568280242645
7836,0.17426752255827516
7837,0.1043675000619697
7838,0.1745126215322111
7839,0.03083714308925986
7840,0.11631573217031076
7841,0.11490269318874788
7842,0.06587599229489521
7843,0.005091571719834348
7844,0.018930378094153145
7845,0.1070685653467064
7846,0.08694341540533476
7847,0.07597492473122393
7848,0.13296500047279491
7849,0.06643687075902288
7850,0.08804204579632656
7851,0.07717384394332967
7852,0.05089927646015697
7853,0.10502736658770957
7854,0.08687662408141936
7855,0.05655949384090694
7856,0.015246426920918545
7857,0.12404935826882159
7858,0.0786969034876999
7859,0.043355467368548097
7860,0.1233503397750895
7861,0.031610242394046695
7862,0.03660810927951007
7863,0.21992241302946566
7864,0.12896125160053304
7865,0.18061462220095947
7866,0.11007111800521008
7867,0.04539642117749705
7868,0.09243848489108643
7869,0.0
7870,0.14803629926792075
7871,0.14441401009743798
7872,0.07101023908221854
7873,0.18241647185358126
7874,0.23007121258978747
7875,0.12594378871239806
7876,0.018779335638000876
7877,0.057950173147764066
7878,0.005738952352754992
7879,0.16222390532944123
7880,0.09311749996559998
7881,0.04409360033356113
7882,0.1186344163088122
7883,0.0
7884,0.016032328431273904
7885,0.10576670116627682
7886,0.08028457175097527
7887,0.1078112260597054
7888,0.07379695716572038
7889,0.07608785639026829
7890,0.15441004031084243
7891,0.10433693247742995
7892,0.05672320164632052
7893,0.12309610465130563
7894,0.12165703948080786
7895,0.08518644973829344
7896,0.07370653415207845
7897,0.13989366942627945
7898,0.07139656368590451
7899,0.11420410971480835
7900,0.06961486969433496
7901,0.05109986394328145
7902,0.09127260871601656
7903,0.14987890811061533
7904,0.02168957871708528
7905,0.05883042722026168
7906,0.14037705771944473
7907,0.0185812654008876
7908,0.1676432235052397
7909,0.10629958273758339
7910,0.13171812623822524
7911,0.0909596244685504
7912,0.09226793912612337
7913,0.07906307106725963
7914,0.05001543058770932
7915,0.16940584871430056
7916,0.036091613636709916
7917,0.05167329371097118
7918,0.05885016223151716
7919,0.22638493026557283
7920,0.07290729555678083
7921,0.1058719209612086
7922,0.03651759105774084
7923,0.19699519043252103
7924,0.11881615516024317
7925,0.0870095457644964
7926,0.14575063527332405
7927,0.029175278520327697
7928,0.05279026603180247
7929,0.16119705722440503
7930,0.10537025809412565
7931,0.052650666266725175
7932,0.060252472871903835
7933,0.15492604292371293
7934,0.009316293052934355
7935,0.0444564790308317
7936,0.13162910823970364
7937,0.1375823448361402
7938,0.07446236418970394
7939,0.14839555451504016
7940,0.12209499413437751
7941,0.09841344229177898
7942,0.11265460763750082
7943,0.16556412257730635
7944,0.14601105327955352
7945,0.05005949816037844
7946,0.031625389630695916
7947,0.09796123196160252
7948,0.09114091407641303
7949,0.0787762504149835
7950,0.13001973042366335
7951,0.12651112397933498
7952,0.1080229042806935
7953,0.049051303228619274
7954,0.07369944048855101
7955,0.10441639221661833
7956,0.15462252469
7957,0.045869192060667155
7958,0.11723602842661007
7959,0.06280127629009787
7960,0.06959667343698848
7961,0.0756428847891175
7962,0.07580113465437285
7963,0.0439631125183022
7964,0.17110792127157481
7965,0.05194069271030662
7966,0.12017031402033655
7967,0.0
7968,0.1607074787557582
7969,0.15015066561253762
7970,0.1097786728166436
7971,0.0006640459799047843
7972,0.06024854285036055
7973,0.0763852712140694
7974,0.13525394539490027
7975,0.09738234702995485
7976,0.08954198922046479
7977,0.1376400401308276
7978,0.14343474605955972
7979,0.15306814204946284
7980,0.17622891776503558
7981,0.12924149769403848
7982,0.10663570570665247
7983,0.12289174604786322
7984,0.1622756955056251
7985,0.002434930131167648
7986,0.14029493334961984
7987,0.19559580098727417
7988,0.017518704780515745
7989,0.05407172390505143
7990,0.07311235554119064
7991,0.0
7992,0.08185409374406338
7993,0.13007259623640383
7994,0.07965511855134882
7995,0.055978036582814104
7996,0.061298229813723744
7997,0.20775018098812967
7998,0.13699811745431117
7999,0.08680236587112376
8000,0.0838819057378875
8001,0.10340441502676564
8002,0.14166581400051126
8003,0.06249477826403855
8004,0.08305068122929755
8005,0.048447364100395275
8006,0.07364991191595828
8007,0.1718075484487316
8008,0.05515009830289633
8009,0.17609383066696527
8010,0.12202442718556977
8011,0.06362947114565731
8012,0.04772816299121416
8013,0.0705755672070732
8014,0.04673231177588413
8015,0.11772019499961871
8016,0.149835231884074
8017,0.10084900211277521
8018,0.04624596164417684
8019,0.08555691060886784
8020,0.050397422762433086
8021,0.10413319470033236
8022,0.05278285025144574
8023,0.027389896306160136
8024,0.0
8025,0.10511327096080736
8026,0.0
8027,0.1229961501165072
8028,0.06183118667083898
8029,0.15409576241583028
8030,0.07239035430366289
8031,0.08995055802679212
8032,0.08720915647360672
8033,0.04128855264214362
8034,0.10016027917557309
8035,0.13963588351599626
8036,0.1151941810058574
8037,0.033325527723419054
8038,0.09364115480461177
8039,0.1289743076809112
8040,0.05410591832975395
8041,0.043462718358845444
8042,0.15764187964329535
8043,0.13256683530453464
8044,0.04354466499093293
8045,0.03525995135603181
8046,0.047812261049639586
8047,0.051041692540386346
8048,0.0
8049,0.1241762324534725
8050,0.02571648097623931
8051,0.1168101315772698
8052,0.12535290057426046
8053,0.12107122128237938
8054,0.09723693908206002
8055,0.08845066062251833
8056,0.0271295822595002
8057,0.09424895069422405
8058,0.1512486221956471
8059,0.08977666665245804
8060,0.11472924454311396
8061,0.09458020991713355
8062,0.15781478849436423
8063,0.09883578087680246
8064,0.1769266074242426
8065,0.0476130688428407
8066,0.012245561199799276
8067,0.057611637730868664
8068,0.11772464300644012
8069,0.01153754988133876
8070,0.13555140508051894
8071,0.12916181061928653
8072,0.13132224332628084
8073,0.1603573311651973
8074,0.13039938584717042
8075,0.03362844635631217
8076,0.10178899616348284
8077,0.04282439557681338
8078,0.0
8079,0.053610894648221
8080,0.11906792309991093
8081,0.11038367695863224
8082,0.09608383165614465
8083,0.10756742460848198
8084,0.11425036389366436
8085,0.11989169103827053
8086,0.11286820161092231
8087,0.08517979035888444
8088,0.15060957208607884
8089,0.13626897041758776
8090,0.1568359226612156
8091,0.10601654070493308
8092,0.11180453951631923
8093,0.11744107564558454
8094,0.16806549666252407
8095,0.04848517339413108
8096,0.112357936921684
8097,0.07519505143828023
8098,0.07284495434481968
8099,0.09135325422171027
8100,0.08694240177116061
8101,0.08447423673893044
8102,0.07191074353533305
8103,0.1001495236196545
8104,0.0
8105,0.04429026759749525
8106,0.09646411237145948
8107,0.09279062932628399
8108,0.1835155164194248
8109,0.03475960103632052
8110,0.0
8111,0.09426406361419495
8112,0.1599236520012741
8113,0.10486345577582065
8114,0.11271436971060521
8115,0.07352800451938699
8116,0.07272140638722097
8117,0.10570894005245787
8118,0.08339435807987922
8119,0.07586548270020546
8120,0.15451166973377534
8121,0.005822646048904357
8122,0.029186853951187877
8123,0.07855992417401388
8124,0.06301816503351232
8125,0.10128171892805679
8126,0.12278735651994477
8127,0.07090230404403947
8128,0.14200595897840476
8129,0.16997240326783183
8130,0.13289767298433325
8131,0.055858395228082135
8132,0.0005775804009710422
8133,0.17266592727995786
8134,0.1153800580248556
8135,0.19059197889807544
8136,0.17685909294888913
8137,0.13180745607402874
8138,0.07650188843735883
8139,0.20576003850206956
8140,0.11242651836594353
8141,0.13304047012068387
8142,0.08326767950302692
8143,0.09287321855439311
8144,0.13800698487460916
8145,0.11108764335052607
8146,0.10010541789907293
8147,0.09742067929856063
8148,0.13750153216428584
8149,0.1529471857250379
8150,0.049506362377965824
8151,0.15357503710867393
8152,0.04458978332317364
8153,0.09495004390976428
8154,0.14640525335760435
8155,0.18128266648427385
8156,0.151894506418571
8157,0.07580471279082923
8158,0.17033846973307576
8159,0.06568542080354231
8160,0.15839594102596324
8161,0.11624028262978714
8162,0.14074223359660468
8163,0.07872491201159348
8164,0.14181364830595425
8165,0.10727225872028653
8166,0.06705732676285661
8167,0.0
8168,0.0
8169,0.14889765303931007
8170,0.05876854144459615
8171,0.1098969935105986
8172,0.14266062582876812
8173,0.052131862635055114
8174,0.10141145387648542
8175,0.08616295815112593
8176,0.03822979621741316
8177,0.13608402465732874
8178,0.15238488428362287
8179,0.05926873178373778
8180,0.08442960726618905
8181,0.09418088436138089
8182,0.11184915488958178
8183,0.10680690339538733
8184,0.11700235245878791
8185,0.05376877113252751
8186,0.16505436387685818
8187,0.08089222369856128
8188,0.05828255968393663
8189,0.058859651177162506
8190,0.10212862725834966
8191,0.0646625786399902
8192,0.06837651085835336
8193,0.14367940248262648
8194,0.04180770454811742
8195,0.06237456150922714
8196,0.10912741664046692
8197,0.04204624093389321
8198,0.18024165416017504
8199,0.21441346060514396
8200,0.1015191985654097
8201,0.02707998596983617
8202,0.19007332371904284
8203,0.06414584387912672
8204,0.057592721751838855
8205,0.06482750066932283
8206,0.17561769063495603
8207,0.07123155651206886
8208,0.09652142878775974
8209,0.08230678523563852
8210,0.08475499976039141
8211,0.001563136102029173
8212,0.07461937409103817
8213,0.021696721077976943
8214,0.07956520822911378
8215,0.11578100963686123
8216,0.0640409286022927
8217,0.02781382318721992
8218,0.07455753897192834
8219,0.07841198075208897
8220,0.1323560505710908
8221,0.10942252898667554
8222,0.12119349285121125
8223,0.13751450175299296
8224,0.08524671819535579
8225,0.04801757664516431
8226,0.1107198575186754
8227,0.03360239593127301
8228,0.08594753024677049
8229,0.12309344519007039
8230,0.05007934824818716
8231,0.059054220205637595
8232,0.011682131765571334
8233,0.09592654616134343
8234,0.04260086220652283
8235,0.174784351842766
8236,0.07809237349347223
8237,0.11859907271730659
8238,0.1481020174913671
8239,0.03600279239999024
8240,0.007648920913250564
8241,0.11158197333346304
8242,0.08982121237363606
8243,0.13354334506108123
8244,0.10474764592416101
8245,0.14566349423608244
8246,0.05622442238110755
8247,0.09277780958610915
8248,0.13214229589661988
8249,0.10279638778078819
8250,0.0
8251,0.031169941327330995
8252,0.013694309473012839
8253,0.0
8254,0.12257604020318241
8255,0.12952390695936028
8256,0.06041426833439504
8257,0.14927161897020363
8258,0.1188817083311936
8259,0.011201782839462368
8260,0.028494970591802567
8261,0.02307358350304254
8262,0.14612858316027377
8263,0.05155131496091232
8264,0.07224260577336973
8265,0.1161773902850775
8266,0.10498959014906256
8267,0.08766120793494404
8268,0.1289821514546503
8269,0.1396865453386092
8270,0.135260766614402
8271,0.10823899368484925
8272,0.14119676246925933
8273,0.09095944245529405
8274,0.147635649830346
8275,0.12516844068609956
8276,0.0
8277,0.1336874830266595
8278,0.1624438652262754
8279,0.10783328637994044
8280,0.14206608436666954
8281,0.08414908037792927
8282,0.122599586786004
8283,0.06462681591270916
8284,0.1145830730480045
8285,0.14101334617378924
8286,0.12568147030705623
8287,0.10375125892808097
8288,0.0
8289,0.07999903044060795
8290,0.12343790452498263
8291,0.013593929224827567
8292,0.17097246361736015
8293,0.07580529229232255
8294,0.12489915103116286
8295,0.17478699525348007
8296,0.06994013864157159
8297,0.12146485062868265
8298,0.16727401500941846
8299,0.10014753514698892
8300,0.023340649748460115
8301,0.09406243221773936
8302,0.10257659473620787
8303,0.028363798287558827
8304,0.24319468474412953
8305,0.17442957975257745
8306,0.0971368040475723
8307,0.11987935684341254
8308,0.09433767876982348
8309,0.09659340330578418
8310,0.040617342015993305
8311,0.04962711639505161
8312,0.14688707416638733
8313,0.0
8314,0.00898602840022641
8315,0.09590346340204986
8316,0.06761393821634534
8317,0.057983683551573274
8318,0.04120711493006615
8319,0.1459563183091797
8320,0.10595982419042675
8321,0.18889188585986788
8322,0.048168187960908375
8323,0.055449037262285866
8324,0.0
8325,0.0
8326,0.0022330842554960095
8327,0.11631753645697651
8328,0.11362190675337573
8329,0.1251770793306616
8330,0.060259235789846106
8331,0.11478752212333032
8332,0.12757435757642205
8333,0.05198528712358725
8334,0.10629974762369118
8335,0.059063599522172196
8336,0.023329343425042347
8337,0.06451741898046603
8338,0.09748820969788027
8339,0.13029340525456723
8340,0.12895837757947287
8341,0.08998147215475638
8342,0.12485294011255149
8343,0.11385820627693215
8344,0.040294358297983945
8345,0.14363552155264767
8346,0.057663363120369335
8347,0.11057274277477275
8348,0.0839275804219339
8349,0.08039193331284905
8350,0.12292819948508228
8351,0.04011986905013855
8352,0.11417621023057448
8353,0.08228578660592983
8354,0.11308901594890419
8355,0.01616564194548359
8356,0.17266206499423783
8357,0.087851334694768
8358,0.07428467388490073
8359,0.08765328219079295
8360,0.1227439761220972
8361,0.13650048731947756
8362,0.1076702665895539
8363,0.09610433136450795
8364,0.1016928817798654
8365,0.0070435382299347035
8366,0.023877470972148068
8367,0.11790779911804862
8368,0.20884466462825027
8369,0.06551710915996428
8370,0.0909671120588485
8371,0.06502448784551146
8372,0.0546465387341637
8373,0.12036764004642972
8374,0.15604201091034076
8375,0.16832499827693242
8376,0.10312359642729167
8377,0.13790180923870082
8378,0.0642382985692024
8379,0.17056757122386207
8380,0.17797594145430862
8381,0.13997762199014038
8382,0.11884216388506948
8383,0.10984814607582206
8384,0.08211004897185799
8385,0.03409077083932978
8386,0.03257893572342438
8387,0.07971568474944189
8388,0.061787393467378215
8389,0.19025969108164242
8390,0.15518365262722844
8391,0.10195409434454865
8392,0.1571694546579555
8393,0.03657306625555311
8394,0.0951692514127862
8395,0.03403599876290979
8396,0.011295565363415708
8397,0.14232343780856105
8398,0.1188051537353485
8399,0.06056858299963016
8400,0.0503509004730271
8401,0.09877605522312972
8402,0.17317596133051594
8403,0.009748427050883399
8404,0.14432121751535362
8405,0.057780596209053965
8406,0.07620441619242217
8407,0.162202370719104
8408,0.20270868720926713
8409,0.0
8410,0.033444542330075544
8411,0.0991731081091511
8412,0.10328231689713605
8413,0.07451330320636546
8414,0.13455404800843113
8415,0.10702232247336127
8416,0.121716019993372
8417,0.0034607710268039354
8418,0.06339338257033628
8419,0.1635449442997366
8420,0.05248845736548399
8421,0.18676458603727217
8422,0.01633295419487806
8423,0.09509062764766274
8424,0.1712018152954315
8425,0.13029753070433808
8426,0.0855655755004129
8427,0.19346867839786866
8428,0.14518813593699506
8429,0.10175008449121402
8430,0.10357297740419681
8431,0.08026522163069978
8432,0.05395215477833837
8433,0.1933715338801517
8434,0.07072994200250289
8435,0.13550750479576384
8436,0.01881738012537783
8437,0.15938011670066085
8438,0.03734081912874615
8439,0.03702588873354612
8440,0.01693101792477872
8441,0.01739342204718866
8442,0.0449167964014502
8443,0.0885660197081382
8444,0.037191739735584026
8445,0.19529309532907918
8446,0.14465733304526765
8447,0.1046065251171361
8448,0.19012778409218234
8449,0.06238077522919227
8450,0.018660458821418632
8451,0.21727126809024477
8452,0.1135563386428584
8453,0.16045941623985543
8454,0.012512947407285896
8455,0.18838629140623556
8456,0.0
8457,0.18605008483710442
8458,0.12166971656602826
8459,0.10019114527976845
8460,0.030091466124935712
8461,0.03880606406383894
8462,0.18629577541963432
8463,0.039903413573504014
8464,0.07933816835665214
8465,0.21701452516871378
8466,0.05580892811440208
8467,0.15853468069213386
8468,0.0
8469,0.12060897604786008
8470,0.09761552036105137
8471,0.09930046220663195
8472,0.24032492827010177
8473,0.062075650668656106
8474,0.041796065592204334
8475,0.13145463449354222
8476,0.0793435706711752
8477,0.12604584122476115
8478,0.11975964603223824
8479,0.15504608828563216
8480,0.12756869405582963
8481,0.14506431920130441
8482,0.16973428085668668
8483,0.08016382154926185
8484,0.12424296533956686
8485,0.08343681779228901
8486,0.08264205502377285
8487,0.08958654379505401
8488,0.20219573920289502
8489,0.06598051824519072
8490,0.05135269181334489
8491,0.08968470935567026
8492,0.05839664304295082
8493,0.14037948402105221
8494,0.11087189438457834
8495,0.0198747477117318
8496,0.1503800739668697
8497,0.07757388554485053
8498,0.0
8499,0.06946913682609543
8500,0.06866919321579687
8501,0.11648924416060799
8502,0.09637286235627038
8503,0.0773142069210473
8504,0.13408286379453097
8505,0.10438020231737319
8506,0.03383834469302063
8507,0.05585563442269831
8508,0.1577579537036309
8509,0.06034757900503607
8510,0.1365957068893052
8511,0.10969340219654547
8512,0.11792167423877815
8513,0.20497174856954048
8514,0.10978666928074275
8515,0.12987524283341656
8516,0.06010467770976626
8517,0.0
8518,0.10991644159042403
8519,0.09456004381714506
8520,0.12462532370687707
8521,0.09104018680159257
8522,0.08462323279670023
8523,0.10333515143835485
8524,0.1351779502595072
8525,0.1262562073165676
8526,0.08873098808679386
8527,0.036194612750823904
8528,0.049404369526037634
8529,0.11021791001857416
8530,0.04374137199172538
8531,0.09852875897143624
8532,0.08780992365437962
8533,0.051027952340010965
8534,0.12105642316993974
8535,0.04426061845015383
8536,0.06943772698369129
8537,0.09493416360523758
8538,0.08851364337483728
8539,0.024152548155430442
8540,0.01428099655544146
8541,0.1859126852861467
8542,0.10561207633239643
8543,0.19255293793417316
8544,0.053657580839172575
8545,0.08673021975476898
8546,0.16531174403986026
8547,0.09136396036669775
8548,0.0
8549,0.17935155748071985
8550,0.021446324822614354
8551,0.15957440289184655
8552,0.07614331217706555
8553,0.14619119829682842
8554,0.15305465763233653
8555,0.0939502052895489
8556,0.16726923177599043
8557,0.13205748695765773
8558,0.08420884145268448
8559,0.07085144935484189
8560,0.20489216744536717
8561,0.20416652083433198
8562,0.05963991532110213
8563,0.04697298411187522
8564,0.11470419476694224
8565,0.1340615036570652
8566,0.051099003648892416
8567,0.1504542164670182
8568,0.13107741885865357
8569,0.11065249048051858
8570,0.059948942025822155
8571,0.0605174951423037
8572,0.03417977148073725
8573,0.11636069665364998
8574,0.04460481287543934
8575,0.0
8576,0.049358251671423006
8577,0.055835105950940524
8578,0.024316072067795416
8579,0.09134473907064611
8580,0.07571140699894476
8581,0.0
8582,0.06614784392707473
8583,0.007575466828316002
8584,0.06932143318104433
8585,0.16297340632358698
8586,0.07106689595480149
8587,0.04017710442071977
8588,0.11752177242693922
8589,0.0756759720277777
8590,0.21714109669106096
8591,0.11273863957847993
8592,0.1181256513069682
8593,0.0
8594,0.13853365917711902
8595,0.14677674546157574
8596,0.0939509225234198
8597,0.027644268221402604
8598,0.06278915601686202
8599,0.15368461101876268
8600,0.0
8601,0.10751188562707947
8602,0.046819090779053135
8603,0.058899172544496226
8604,0.15137052108891885
8605,0.09826688504352622
8606,0.12816715000350892
8607,0.15710016262602186
8608,0.12449170807112585
8609,0.08428152402325753
8610,0.13702977210817338
8611,0.12700918941960726
8612,0.0
8613,0.04182815370507224
8614,0.0
8615,0.033022555831378114
8616,0.05919754322524603
8617,0.10519702205475753
8618,0.04462417823861492
8619,0.16951004237004016
8620,0.03361848921254913
8621,0.13155996217557203
8622,0.09615506101742102
8623,0.09175141625438879
8624,0.08143667109254486
8625,0.14159585534180316
8626,0.08184745421420843
8627,0.09325444739843289
8628,0.05100667160382023
8629,0.11844672469494981
8630,0.0
8631,0.12506933181200736
8632,0.05649341732775173
8633,0.16096902688113313
8634,0.0
8635,0.14990749949901658
8636,0.07373636672622773
8637,0.11343437250725566
8638,0.03033298185792835
8639,0.18080857209160345
8640,0.06991691612628098
8641,0.07423256242062369
8642,0.11256665698649856
8643,0.08881327153016783
8644,0.1307906986599286
8645,0.14468593968467436
8646,0.11573740953244932
8647,0.0
8648,0.09991457230026891
8649,0.16096143476114075
8650,0.15915352776709332
8651,0.11054666368746431
8652,0.09353248645576925
8653,0.12319502316545437
8654,0.1239806580581821
8655,0.04559508292953784
8656,0.07851457572724196
8657,0.0841985388528836
8658,0.1889397494761589
8659,0.10558298146551746
8660,0.13764208030814717
8661,0.039208327538692536
8662,0.16448327351013167
8663,0.16128243535021652
8664,0.11713724323576437
8665,0.12208148047773207
8666,0.13606453643460745
8667,0.17833235246070944
8668,0.0817656755289316
8669,0.03023811958512647
8670,0.09565218653169588
8671,0.026088041298220205
8672,0.08339665721073312
8673,0.10038320164620637
8674,0.16370400203721686
8675,0.1032397218628202
8676,0.23691093941357655
8677,0.12561118027229223
8678,0.1265845737568087
8679,0.11886327876254328
8680,0.13017601283084362
8681,0.11645846012010025
8682,0.09625257034010229
8683,0.10855342673287773
8684,0.0708794740825071
8685,0.1312772999686641
8686,0.024024152198557247
8687,0.0927448026649554
8688,0.12074693425258438
8689,0.08680210259330111
8690,0.1395244772010071
8691,0.03195575262595303
8692,0.1347262742872689
8693,0.1415377216497944
8694,0.07624139586495125
8695,0.06283548883084056
8696,0.11663170287504333
8697,0.20457317490173485
8698,0.1420161993838961
8699,0.06222412136826044
8700,0.01163669909738839
8701,0.14016213391798127
8702,0.08922602643007807
8703,0.10616090556044289
8704,0.15445389536588008
8705,0.1100125604911878
8706,0.044197401321829956
8707,0.13973311046156442
8708,0.07731677491285928
8709,0.0453673218263163
8710,0.14902101976871596
8711,0.10091679504049005
8712,0.21506573827794825
8713,0.16495376815664642
8714,0.1729348821885403
8715,0.07159581345510835
8716,0.07548707896727692
8717,0.09963042001439902
8718,0.11223721173247483
8719,0.09129473763369782
8720,0.06581704955513393
8721,0.08330669191045073
8722,0.11970806490667826
8723,0.06682489600874578
8724,0.08849296456744762
8725,0.13072092573532298
8726,0.09103331973705382
8727,0.07233097797187818
8728,0.1560249052467902
8729,0.07178960756065934
8730,0.07077702989046872
8731,0.08301174355708887
8732,0.09317171719348329
8733,0.18211470902815774
8734,0.1114018159679068
8735,0.10925414722630941
8736,0.0
8737,0.15780433070499855
8738,0.1424997253489214
8739,0.12145374527517161
8740,0.20492073607546302
8741,0.06303705230198892
8742,0.06779069837232818
8743,0.0
8744,0.07176262884716415
8745,0.16231958885752526
8746,0.14213431679598285
8747,0.0
8748,0.12124054037152546
8749,0.130831727928291
8750,0.17783879102383726
8751,0.02255976009739777
8752,0.09781331124885519
8753,0.1468270897707294
8754,0.06933443201554505
8755,0.0
8756,0.07829256231906413
8757,0.2376820516749371
8758,0.13385914522885148
8759,0.1304637629904463
8760,0.03035909603133176
8761,0.11617448024374818
8762,0.12571693358839703
8763,0.0
8764,0.02995545823803536
8765,0.10406129184212194
8766,0.20269924280836338
8767,0.17011871322826452
8768,0.12052168209091384
8769,0.0
8770,0.1262061488545536
8771,0.09717361973938925
8772,0.15682328223546507
8773,0.0
8774,0.13311744224649905
8775,0.14912209503612045
8776,0.0705929646053626
8777,0.07953854524652348
8778,0.09083852149089938
8779,0.14024956336748373
8780,0.09824807614858243
8781,0.0855186285948278
8782,0.1262846844851338
8783,0.0
8784,0.09909834651107033
8785,0.10584169082075097
8786,0.08217219562349021
8787,0.12125069957805662
8788,0.10151997311733307
8789,0.09647868134710653
8790,0.04545011115008961
8791,0.05482352771687405
8792,0.07170171646908621
8793,0.05264579168205541
8794,0.053925038962025953
8795,0.05857274547207877
8796,0.1675203672463884
8797,0.049441847616921025
8798,0.136853152397777
8799,0.05201605496521043
8800,0.11739242432475719
8801,0.1846653806208271
8802,0.0
8803,0.049308205318078724
8804,0.1773633570189308
8805,0.12809540689927415
8806,0.0
8807,0.06163988552977546
8808,0.1321185059952955
8809,0.08134372841166537
8810,0.0
8811,0.06461923513454468
8812,0.0
8813,0.0363028362828999
8814,0.034253904160594914
8815,0.05604987951203775
8816,0.09885082325312657
8817,0.03351962996679565
8818,0.17705029523760168
8819,0.016745241093115065
8820,0.09539069908711618
8821,0.11176904811485826
8822,0.02160358354400176
8823,0.08350802170918786
8824,0.06318476316599458
8825,0.020109076827748547
8826,0.2120289711670265
8827,0.11407682103046547
8828,0.08605011016690753
8829,0.10688213975816269
8830,0.11018746873962702
8831,0.11809368232784287
8832,0.0
8833,0.11070281952540484
8834,0.04956260078320626
8835,0.0719681326726579
8836,0.013148897231984844
8837,0.12109201227770693
8838,0.15612457157614695
8839,0.189878966266908
8840,0.1377445462693457
8841,0.13610142811712977
8842,0.07226680923467782
8843,0.08970899304692204
8844,0.08185995216232822
8845,0.13911172485439172
8846,0.14203032857943299
8847,0.0
8848,0.09229332991419822
8849,0.0034167605381077992
8850,0.07758930635962497
8851,0.1262799480065468
8852,0.12356091393901716
8853,0.1211886737787666
8854,0.0609746976795686
8855,0.08980652680518197
8856,0.0189946630399358
8857,0.08854928271472008
8858,0.018652331296029893
8859,0.0
8860,0.03824518125271455
8861,0.14143366069899588
8862,0.021983945555740875
8863,0.12066123915422325
8864,0.017122852830721152
8865,0.14988884917223919
8866,0.0
8867,0.18961125780348329
8868,0.15534429956341986
8869,0.11154509663395269
8870,0.10713950056411337
8871,0.06979016631564071
8872,0.16956543355753106
8873,0.09653182060711757
8874,0.14055119280684888
8875,0.14639820578911453
8876,0.12785276153389474
8877,0.01345035192730044
8878,0.08160501521609209
8879,0.012441007813355026
8880,0.09784930126946173
8881,0.08571362307365604
8882,0.13058285248977933
8883,0.1831976325768093
8884,0.11540430059478422
8885,0.045916719341344475
8886,0.0
8887,0.1118581640907061
8888,0.09321200457185029
8889,0.09886691812101654
8890,0.0
8891,0.14414726569644548
8892,0.09202864297029835
8893,0.1004145563905987
8894,0.1338449583058564
8895,0.13550848992107367
8896,0.1375067097457091
8897,0.17104512409066686
8898,0.012467512952615986
8899,0.04615513744626124
8900,0.10141950439702865
8901,0.10054787367853645
8902,0.03271598823653303
8903,0.13145066708310804
8904,0.12809349922821645
8905,0.12387519163101943
8906,0.02571025437027885
8907,0.05470180951614085
8908,0.14735653258065062
8909,0.12963568636545822
8910,0.07077070962600097
8911,0.10745483517810395
8912,0.02026434895481459
8913,0.08809093959776952
8914,0.046183021121031745
8915,0.0
8916,0.0
8917,0.08026407310813374
8918,0.10326527365117058
8919,0.09877982078381056
8920,0.08461722189820879
8921,0.056722098781685215
8922,0.014649626950551798
8923,0.16181378448846379
8924,0.1048614743085685
8925,0.08832688774757452
8926,0.12649062008762857
8927,0.14495057195235808
8928,0.14803138397842108
8929,0.004526964785962512
8930,0.1914195895776944
8931,0.09593622631531926
8932,0.11718748342986207
8933,0.0995455765914803
8934,0.036397214128773114
8935,0.0
8936,0.154067562972617
8937,0.13434995964316754
8938,0.10842031750141506
8939,0.02398827045374393
8940,0.06364730113958617
8941,0.07100596915143344
8942,0.05546587911362703
8943,0.06892494709021485
8944,0.04799362224730278
8945,0.0
8946,0.06244659628001252
8947,0.16234431386362141
8948,0.11089803511764519
8949,0.05581765714559272
8950,0.0746610317210743
8951,0.1977224796251139
8952,0.15365532636264606
8953,0.10170919489324359
8954,0.12731811852543037
8955,0.11753165108913717
8956,0.13449505959929065
8957,0.10196365239291562
8958,0.0
8959,0.08382739164729287
8960,0.1228591754146126
8961,0.03385220015978556
8962,0.15384824773728237
8963,0.13117742615471217
8964,0.13562985286353635
8965,0.10154492867145053
8966,0.08205593071876942
8967,0.020024537050586336
8968,0.12142598305381667
8969,0.1646532173488347
8970,0.0670157975195485
8971,0.058490554298297796
8972,0.0
8973,0.12603654411268758
8974,0.08866319415607969
8975,0.019335296728679785
8976,0.11015730070209521
8977,0.08048305947171283
8978,0.017019913907103307
8979,0.0070804455198787
8980,0.05223886153505413
8981,0.0
8982,0.049882698255979255
8983,0.049472776803145206
8984,0.07291704342007221
8985,0.15337858143869731
8986,0.16433146527346448
8987,0.1831970532709594
8988,0.15458229891182249
8989,0.0908098609073966
8990,0.00917926180299089
8991,0.12187598239497717
8992,0.07397745532021933
8993,0.16583119647850192
8994,0.12750054291500984
8995,0.19267580508570553
8996,0.04438553269728131
8997,0.12411451943781936
8998,0.0954844575983299
8999,0.14079223537437008
9000,0.13112363723797918
9001,0.1300474280568672
9002,0.17897678000902617
9003,0.054241554663169905
9004,0.08366143118228975
9005,0.11849120348073934
9006,0.06713418438373969
9007,0.1820128356765356
9008,0.13833568036439073
9009,0.09780649713503482
9010,0.1077294897898149
9011,0.05873489019991271
9012,0.07880873284387528
9013,0.014578277729409533
9014,0.1524773966609655
9015,0.07810465868010442
9016,0.06714655584630723
9017,0.13809257826285778
9018,0.08779681882423812
9019,0.13687572840638962
9020,0.10544031259651261
9021,0.15930199070155415
9022,0.09569207944459254
9023,0.04234839081316119
9024,0.056798551962015865
9025,0.035472121283325664
9026,0.037093633946388094
9027,0.06163084053543778
9028,0.11443097201832106
9029,0.06835629482751082
9030,0.10287022270740973
9031,0.07841326745073712
9032,0.15570253141167373
9033,0.017796937379456937
9034,0.0
9035,0.0
9036,0.107557097283898
9037,0.17829139402324912
9038,0.10780320991553127
9039,0.12191043310958961
9040,0.09553608527205806
9041,0.15615331323802817
9042,0.08465646496245399
9043,0.0
9044,0.02820633826279495
9045,0.0005783710423486882
9046,0.18203793827019726
9047,0.145953188197705
9048,0.07584950203061544
9049,0.1348549073218312
9050,0.013341308981758147
9051,0.10206033959309568
9052,0.11900081724546488
9053,0.0649530708651029
9054,0.11290660147329867
9055,0.12055450572244805
9056,0.0
9057,0.08565681246782447
9058,0.15044304862568503
9059,0.007779715911016852
9060,0.15122023440699991
9061,0.11186702223821843
9062,0.06863741247008864
9063,0.11288015668612812
9064,0.1083595852042911
9065,0.23653149493624437
9066,0.1073776381754944
9067,0.123004766682452
9068,0.16910957668940482
9069,0.13926647646670975
9070,0.12337371650180287
9071,0.04951928652379365
9072,0.07700753380533713
9073,0.151867778571229
9074,0.15802783451387353
9075,0.10995884292565791
9076,0.10005003361791834
9077,0.16007663716599407
9078,0.0003645940236331746
9079,0.12447118405265294
9080,0.11804689792589602
9081,0.04826275232801436
9082,0.0818512075375853
9083,0.17707539540330702
9084,0.09725082056118495
9085,0.03259719016161566
9086,0.138055358976328
9087,0.10207049438366163
9088,0.06527619352711553
9089,0.044881097113620594
9090,0.12754711118383266
9091,0.12535999023617872
9092,0.1190934805635885
9093,0.13795180443661753
9094,0.14963124018723223
9095,0.03760581698203938
9096,0.05207661576019343
9097,0.11058724823960478
9098,0.008222798747943141
9099,0.04221000623943984
9100,0.1384502316351975
9101,0.12218260435493224
9102,0.14671528433124043
9103,0.16336188552614805
9104,0.0
9105,0.13135853203946793
9106,0.11383765312272229
9107,0.03305183554858149
9108,0.17504940752248907
9109,0.07224184052998991
9110,0.2048790504036535
9111,0.09737587973051003
9112,0.14175074846434393
9113,0.028676509987894408
9114,0.20733836210484857
9115,0.055738049404077325
9116,0.2278972945781939
9117,0.11166212336498069
9118,0.15550223126796692
9119,0.09944943070006008
9120,0.1801472780984016
9121,0.02663999567006274
9122,0.11673090655232811
9123,0.12169974594396085
9124,0.21494349135372068
9125,0.12920990001009025
9126,0.07251068136816224
9127,0.07513058142729279
9128,0.07169605132361831
9129,0.07893451906584176
9130,0.019688402685264575
9131,0.08621779973876137
9132,0.016757673966699665
9133,0.10570019579199341
9134,0.11005234514567776
9135,0.12442809185981049
9136,0.047303310642828694
9137,0.08891232486128484
9138,0.08011045087432592
9139,0.042827913809876696
9140,0.08493201634160728
9141,0.10912269602527179
9142,0.15776178779840053
9143,0.09692412110804693
9144,0.11237448663200975
9145,0.06519735899135354
9146,0.12993936422194574
9147,0.07661102070492373
9148,0.06221375053605108
9149,0.113618918750649
9150,0.07443535438737453
9151,0.04574948153663362
9152,0.0
9153,0.0701959245948369
9154,0.08349547424181183
9155,0.096293712444543
9156,0.15134410448720514
9157,0.03756895068620965
9158,0.09202818117438387
9159,0.18833921461169364
9160,0.04528031201117258
9161,0.19159219012323517
9162,0.11019980545690637
9163,0.13056787206526893
9164,0.09618728953449612
9165,0.12592879411663346
9166,0.11104550858285836
9167,0.138753702490427
9168,0.1015170189607395
9169,0.04658677340581213
9170,0.14324635310726577
9171,0.04077372535297157
9172,0.16035186910403776
9173,0.16297264062331185
9174,0.1529558876704194
9175,0.17441101928932723
9176,0.04759409489175456
9177,0.09112364952735337
9178,0.07128767368505998
9179,0.10984927306010941
9180,0.06806286786731583
9181,0.027094647527266036
9182,0.1385089034459404
9183,0.12270716580307711
9184,0.06787335431690125
9185,0.0672243904605833
9186,0.15358640545649319
9187,0.13399779924994284
9188,0.0
9189,0.06595170883456727
9190,0.1456563699871099
9191,0.020985009182944978
9192,0.14619504891036156
9193,0.009984688112560897
9194,0.125715526300951
9195,0.04410248425722825
9196,0.1099715773353602
9197,0.12017080668026765
9198,0.11054971114016904
9199,0.17284041622689567
9200,0.09674796977745467
9201,0.16585810854508856
9202,0.04481319395156194
9203,0.05346182025216791
9204,0.04390403933212921
9205,0.11961002217377302
9206,0.14380388983586345
9207,0.07863117058052052
9208,0.011464720797562958
9209,0.05072699061333677
9210,0.0
9211,0.08759454364306084
9212,0.10725683800642992
9213,0.1689900427836584
9214,0.06498252603174781
9215,0.0
9216,0.25557554220333206
9217,0.0
9218,0.08954873585171633
9219,0.04419304432629272
9220,0.10425547094613138
9221,0.0945176921825478
9222,0.18774714474791887
9223,0.054835336523470286
9224,0.13202894552997543
9225,0.1406408710051019
9226,0.09033673606583073
9227,0.18031998765265428
9228,0.0175920387233557
9229,0.19859009278874373
9230,0.14626564813323795
9231,0.16267147079564837
9232,0.1955342738294037
9233,0.10016030617082457
9234,0.05719497646502053
9235,0.16263138048308012
9236,0.06429118306070158
9237,0.030930836230525047
9238,0.1265581916675464
9239,0.05121741887032524
9240,0.0925010543061535
9241,0.1422282054992393
9242,0.052770928013849305
9243,0.05994957710123798
9244,0.1676561120916985
9245,0.057520411819505
9246,0.16772333232862602
9247,0.05020102969966461
9248,0.10925581522757183
9249,0.0487793653661151
9250,0.20996045398317068
9251,0.09472510974397319
9252,0.033584418220644105
9253,0.03794004536397615
9254,0.1505186933793912
9255,0.1666503712784913
9256,0.08035207957121006
9257,0.14591357004909766
9258,0.11039253374239351
9259,0.18473638865415734
9260,0.12664170101432007
9261,0.13758508859175916
9262,0.12801559069762272
9263,0.12015212346775776
9264,0.10589757062537589
9265,0.12201883876744496
9266,0.07140709317435856
9267,0.014654887839918501
9268,0.1636790657665021
9269,0.03501758501144964
9270,0.1719207660805488
9271,0.17782913051503532
9272,0.011208107930390432
9273,0.08893565184607735
9274,0.1288776520658689
9275,0.0778379576655436
9276,0.0664574520184899
9277,0.007863240347977155
9278,0.06316654475307407
9279,0.05069192108072584
9280,0.137448863544537
9281,0.07008949127169628
9282,0.1280398078842348
9283,0.0680864606926755
9284,0.057757917980438826
9285,0.004530773156636829
9286,0.05563954276799286
9287,0.06561159795832103
9288,0.11147726415938604
9289,0.09391321814643618
9290,0.0
9291,0.10616455742793052
9292,0.0
9293,0.0
9294,0.021498550436412994
9295,0.1881116473462649
9296,0.14681180034217983
9297,0.09620102975069009
9298,0.0916537260466137
9299,0.17909547721202002
9300,0.12156803368750307
9301,0.08827003504246175
9302,0.12460286326253203
9303,0.025594455214487402
9304,0.12577113636852838
9305,0.1488415676086139
9306,0.10972299042261355
9307,0.15635045339384457
9308,0.15033560330952872
9309,0.08317374292053924
9310,0.15658790669634012
9311,0.005653136267634626
9312,0.10785609736439565
9313,0.07404174935156878
9314,0.05825182696206252
9315,0.09153457590120935
9316,0.08531711354937846
9317,0.050463972094624915
9318,0.16536916445264171
9319,0.007647571508430956
9320,0.0907330303245913
9321,0.02052017028231934
9322,0.09694695305139431
9323,0.1270785036848377
9324,0.08885287851698638
9325,0.10843525239370962
9326,0.0734211132675305
9327,0.1426146721850764
9328,0.05717987005873775
9329,0.10365933389335757
9330,0.0
9331,0.11037434702518445
9332,0.1641522570922137
9333,0.09283159153466843
9334,0.1386872165343095
9335,0.12366867333339422
9336,0.05207019302529904
9337,0.11785132386961426
9338,0.051345204502736254
9339,0.1439337417178488
9340,0.213876763462983
9341,0.13978077108705092
9342,0.15982988100411338
9343,0.14714544571740618
9344,0.10788429823884374
9345,0.0
9346,0.022354880792917503
9347,0.15464737420856825
9348,0.017783258140448996
9349,0.08643093072064306
9350,0.08635344080096029
9351,0.10631970570230063
9352,0.14933588737968584
9353,0.09722522844340949
9354,0.02789095019887171
9355,0.1985952122411621
9356,0.09750937526024833
9357,0.0029799282885918654
9358,0.08350459239748927
9359,0.11489578839731719
9360,0.10528634618734081
9361,0.11013802200973635
9362,0.06304724187500156
9363,0.17892916953467047
9364,0.17922143278342562
9365,0.04554210319938349
9366,0.10456922813407031
9367,0.05104746412101697
9368,0.07176992429787032
9369,0.03342720974530649
9370,0.16957834165816205
9371,0.055492338121280564
9372,0.11171149990990989
9373,0.1572566994997905
9374,0.076332813325062
9375,0.10154315780782266
9376,0.125471086524028
9377,0.0
9378,0.05928778225769182
9379,0.18322590500008876
9380,0.0
9381,0.0961238333893548
9382,0.09983515833920946
9383,0.09996868508800148
9384,0.0
9385,0.18075628713848346
9386,0.06386649092392044
9387,0.14636064383645728
9388,0.09234447363790795
9389,0.09718457933721918
9390,0.1360649740787169
9391,0.10510675863356837
9392,0.0
9393,0.061882808587984894
9394,0.020477300384069308
9395,0.07256688392948019
9396,0.14148974237871148
9397,0.09427368755546987
9398,0.03196292098024309
9399,0.0
9400,0.14047316247752428
9401,0.10834743122141573
9402,0.14766375562618408
9403,0.10339374975971631
9404,0.07546329402375472
9405,0.11429447437805206
9406,0.13434456152537844
9407,0.06923521176205066
9408,0.202995062489556
9409,0.17003860461992543
9410,0.10431346450339027
9411,0.14378123498344286
9412,0.12463699277990237
9413,0.11162706310509998
9414,0.06192673587263856
9415,0.04155040025595611
9416,0.12003466194618703
9417,0.12747308195186255
9418,0.1253138575212576
9419,0.1141509543017226
9420,0.14512125204825946
9421,0.1641110480025233
9422,0.1665543543365975
9423,0.0
9424,0.18897807531060962
9425,0.1231710639870702
9426,0.04825193998062708
9427,0.08216799335670795
9428,0.034266138707142735
9429,0.023161428261660552
9430,0.08373552386612383
9431,0.04326804598603478
9432,0.12700371118517456
9433,0.1267319954073314
9434,0.09368045365298752
9435,0.09868304205737126
9436,0.027264182147625868
9437,0.0901089899548485
9438,0.13615717367663036
9439,0.0734972507471737
9440,0.09229589495778955
9441,0.02248983933076612
9442,0.02543956336212748
9443,0.1594782931107777
9444,0.11086058462914897
9445,0.0
9446,0.1238784454961957
9447,0.07351030408109582
9448,0.08930160899399192
9449,0.03742315386299415
9450,0.2071703020383563
9451,0.17483050800665778
9452,0.07910358678025083
9453,0.15560879851473006
9454,0.06318665379467932
9455,0.15883131747434195
9456,0.13198344335490975
9457,0.12408134227103298
9458,0.07225769431104379
9459,0.0
9460,0.10210160973398136
9461,0.0
9462,0.15088550236875795
9463,0.15250889927098266
9464,0.12717151070956312
9465,0.0072181673230907045
9466,0.004610038362906783
9467,0.07091327658938276
9468,0.14996795183133046
9469,0.04398666557892712
9470,0.05386753942411536
9471,0.09389982869602165
9472,0.05966577583091206
9473,0.13199532434305505
9474,0.0
9475,0.2389495951625332
9476,0.12199335342956646
9477,0.19088935049402622
9478,0.10725783704622781
9479,0.0915189387155651
9480,0.05441395326379704
9481,0.1508234344331087
9482,0.18327132958967413
9483,0.04166361541016694
9484,0.024969908830970174
9485,0.01036491163273355
9486,0.10618066555323849
9487,0.19588121162818478
9488,0.011567497540799505
9489,0.06962531283974252
9490,0.11749601834945624
9491,0.0624887108503084
9492,0.06372990783386845
9493,0.08418745835309847
9494,0.030001438248416362
9495,0.08698583892677886
9496,0.12929450135724882
9497,0.03509422519888249
9498,0.12616717258250634
9499,0.06847108972973007
9500,0.06322910940366236
9501,0.10332243146689256
9502,0.14938497178807378
9503,0.15166555944079554
9504,0.0814602786861387
9505,0.16727584552269753
9506,0.0
9507,0.09560145231032656
9508,0.04548090811758451
9509,0.0952705683343737
9510,0.09121943235464541
9511,0.09155651331959452
9512,0.016786320467584492
9513,0.10665957590853282
9514,0.11381655981788107
9515,0.034069621535749404
9516,0.05245081236015613
9517,0.11359656485195158
9518,0.12494361997722404
9519,0.11512437028165591
9520,0.19814256322334434
9521,0.07174618275379159
9522,0.08746577882723891
9523,0.10512884660800152
9524,0.14678267220235972
9525,0.1862359589518626
9526,0.0
9527,0.11180401618063675
9528,0.05111962954538354
9529,0.15905059303530505
9530,0.11491072614124118
9531,0.25100187956161235
9532,0.03643186818148239
9533,0.11515156694435051
9534,0.10033485073043784
9535,0.20415651114362565
9536,0.062056367293293294
9537,0.03503918544041078
9538,0.06995168722723524
9539,0.10689549839566814
9540,0.08016077188192013
9541,0.16072731974741655
9542,0.0
9543,0.0
9544,0.08401844150556816
9545,0.13496427307481956
9546,0.0
9547,0.10838778023739074
9548,0.06742721472198819
9549,0.08217168194398222
9550,0.1079255759231179
9551,0.08864416677496148
9552,0.07058482474922084
9553,0.08714841109742379
9554,0.06672233930326191
9555,0.04241573514195103
9556,0.05937547507920699
9557,0.06772991616526468
9558,0.0718539304155609
9559,0.15032077730228474
9560,0.045233478854643516
9561,0.09087269488215262
9562,0.18923234305766995
9563,0.022939525062068408
9564,0.19224135684405091
9565,0.14633117797179238
9566,0.07598183364441735
9567,0.20741351028632132
9568,0.13782802356059734
9569,0.05250980174139727
9570,0.1466283459691115
9571,0.1466480430310536
9572,0.17106901634546184
9573,0.08800655860700621
9574,0.06698524786160187
9575,0.04344358835485526
9576,0.1553276674413937
9577,0.20587979160573067
9578,0.10915136818304692
9579,0.15939773819191463
9580,0.16094674744729837
9581,0.1317713599066439
9582,0.14254372325323464
9583,0.11282422536664105
9584,0.020362117352243487
9585,0.1262914710498832
9586,0.0189699228170276
9587,0.06964126674514763
9588,0.028708434191240903
9589,0.027667526497493294
9590,0.19810703722165438
9591,0.025914280398404196
9592,0.08118457190215357
9593,0.0006411934584141799
9594,0.12003671306477869
9595,0.10134074397335212
9596,0.0
9597,0.011154967333856528
9598,0.07203811856675521
9599,0.0
9600,0.12681261992759746
9601,0.03322887381974725
9602,0.05714468763412907
9603,0.06947590883639143
9604,0.2126010484488717
9605,0.07071664473254066
9606,0.12371349315848718
9607,0.0
9608,0.14694915461796226
9609,0.15597734385498818
9610,0.08246947918508869
9611,0.08360607948305389
9612,0.041882596740032266
9613,0.0727915225698358
9614,0.10362293282708987
9615,0.09248662956569571
9616,0.07229313136703477
9617,0.14260544396157102
9618,0.15269927426360844
9619,0.024659337452472167
9620,0.16784189030294583
9621,0.0
9622,0.0805256236638445
9623,0.09668161388677333
9624,0.14936223301065973
9625,0.06677184629011207
9626,0.1025186905363423
9627,0.11954123499310879
9628,0.12889001366917485
9629,0.07887549012218437
9630,0.13371469131940503
9631,0.07566495584973598
9632,0.13289249196542102
9633,0.13050877832881996
9634,0.10434805670702627
9635,0.1627615785162585
9636,0.1272780658367585
9637,0.0972352437062762
9638,0.06212353911320434
9639,0.11412122506475905
9640,0.050498035159862446
9641,0.1402696212791837
9642,0.08196422331000314
9643,0.0
9644,0.12106345114652478
9645,0.10389138305112397
9646,0.09114066929202849
9647,0.07670511693358872
9648,0.1758539127060474
9649,0.09218917587433058
9650,0.12811990972196988
9651,0.027056301074407516
9652,0.12216327376774153
9653,0.14405014894659293
9654,0.02393027040427488
9655,0.10946614577714636
9656,0.08856281225861179
9657,0.1475908464491743
9658,0.08124417050978186
9659,0.01120970802903378
9660,0.0
9661,0.0702050999290115
9662,0.08128846291801371
9663,0.160100008451969
9664,0.04585043920807535
9665,0.149391514921329
9666,0.09288928261064903
9667,0.06609717079377886
9668,0.0644435284644862
9669,0.03617735803018078
9670,0.09310781364932755
9671,0.05426515872098741
9672,0.1321154070113345
9673,0.0
9674,0.08575963878375001
9675,0.09246897845452058
9676,0.07177815100253485
9677,0.07077777531143054
9678,0.1376622567613614
9679,0.0836305968713303
9680,0.0053405761773936515
9681,0.08790891024193731
9682,0.16680480451684895
9683,0.1620108320694471
9684,0.11050434038642583
9685,0.09723547816922506
9686,0.10592710298694454
9687,0.05196496301951482
9688,0.028607805714958398
9689,0.15049912736084053
9690,0.02332264204314098
9691,0.13975948585981496
9692,0.143486280273446
9693,0.1788686084678653
9694,0.10566566784562077
9695,0.08356566259988057
9696,0.09926505641372504
9697,0.04303017186878168
9698,0.09711823269535555
9699,0.1614900883898723
9700,0.012382255760206018
9701,0.0485044886686752
9702,0.0
9703,0.07650457242932511
9704,0.09730868369803007
9705,0.09914970474579636
9706,0.06756805539266511
9707,0.12198846796502799
9708,0.14977030530150212
9709,0.10976193152881733
9710,0.08375759337251505
9711,0.14333527906435647
9712,0.13706307336172285
9713,0.15920728735016756
9714,0.15909189576213179
9715,0.1307004272305757
9716,0.014167299568115351
9717,0.0
9718,0.16418959808796532
9719,0.08019334505189538
9720,0.0864422760810835
9721,0.22530690026120143
9722,0.12755099554451646
9723,0.06051535884216692
9724,0.08959216010233303
9725,0.09776425508533006
9726,0.11307345538252728
9727,0.0157186767562517
9728,0.011137543362732358
9729,0.0009166859275131292
9730,0.12251728290328812
9731,0.11862205278521379
9732,0.12914585483304722
9733,0.1089576096185936
9734,0.0828674164887741
9735,0.050855393407101365
9736,0.014018779711246654
9737,0.0
9738,0.16341229270114188
9739,0.0014040692709040153
9740,0.05114411969279023
9741,0.15644504324244132
9742,0.12901878689017152
9743,0.12127126639097205
9744,0.07702188902101725
9745,0.13564099501336035
9746,0.1767904364617049
9747,0.09827047941828676
9748,0.04530283024082942
9749,0.0991417299135751
9750,0.0871105822579796
9751,0.12451600928938181
9752,0.1049476959852975
9753,0.08970848499751276
9754,0.1379694221846648
9755,0.08465355139970221
9756,0.19164256282529116
9757,0.0
9758,0.09156004265881898
9759,0.14327944077845006
9760,0.11040901021023049
9761,0.11762461824431353
9762,0.10117335079662129
9763,0.1477495832728889
9764,0.06340286780557278
9765,0.1297972820519284
9766,0.026196051039233205
9767,0.22482768419888793
9768,0.15186294805308903
9769,0.03147034832803201
9770,0.07118394646231102
9771,0.14251130954174235
9772,0.08940765422378437
9773,0.08338972770076572
9774,0.14142300477521824
9775,0.05237927607804072
9776,0.08002593924969256
9777,0.12794007414966968
9778,0.0
9779,0.11379413568286238
9780,0.0742923788505275
9781,0.03311122663646229
9782,0.05409994050086293
9783,0.17904901851187613
9784,0.02557539939999505
9785,0.010358553961840058
9786,0.1126701208809122
9787,0.1397953283655916
9788,0.10998016750605596
9789,0.0
9790,0.05999252841839402
9791,0.14961988712272628
9792,0.0755719847001567
9793,0.01940029899599935
9794,0.09999460914596925
9795,0.11264959566172145
9796,0.08571779491080353
9797,0.12203375506771089
9798,0.05753236638733179
9799,0.11980026716253714
9800,0.029365491425002464
9801,0.06954906139416438
9802,0.1207672427488761
9803,0.016155010950286416
9804,0.07186453181218458
9805,0.09863071063890386
9806,0.07949655109647599
9807,0.0378669352309125
9808,0.0913552050163006
9809,0.12650386384563939
9810,0.18020067795136382
9811,0.09653824550035975
9812,0.10594484219369762
9813,0.18321970941574584
9814,0.057801492161844756
9815,0.07844038939075025
9816,0.11653546650647663
9817,0.17971182144547787
9818,0.10760036147362544
9819,0.09580607190845675
9820,0.05046088870140231
9821,0.08086886990541375
9822,0.1226360833672069
9823,0.11273817169836335
9824,0.15851043739991583
9825,0.03819712335394067
9826,0.03529474250405781
9827,0.1387432630667394
9828,0.17184834163792712
9829,0.08667657849396726
9830,0.14830861057600392
9831,0.04957160903507485
9832,0.16175757757087003
9833,0.03849735971800283
9834,0.06231156900237361
9835,0.09308737540788105
9836,0.044105179938695054
9837,0.11298805910619608
9838,0.12538411467416066
9839,0.1003593395020078
9840,0.1947609489952933
9841,0.020947068189275032
9842,0.09621910985213153
9843,0.11344705016374258
9844,0.15743572923189447
9845,0.15816414969802878
9846,0.07238485702331433
9847,0.013748885426236042
9848,0.0684927080369253
9849,0.17414229564757416
9850,0.030916144698207734
9851,0.02278558740461939
9852,0.2377280230539098
9853,0.11822577226845858
9854,0.014907092394917013
9855,0.03462880774872902
9856,0.027470721775291015
9857,0.126596433465954
9858,0.05767184629727935
9859,0.1330619676450399
9860,0.09565569474648992
9861,0.03920138445018714
9862,0.09256120753089692
9863,0.13158934113997905
9864,0.0810480471166949
9865,0.0924172362120754
9866,0.038094810706492926
9867,0.03953860036747814
9868,0.12308326025954254
9869,0.0711872518366391
9870,0.05552281481201612
9871,0.13439333022023287
9872,0.035655993876589784
9873,0.01871336747052023
9874,0.17649984874301095
9875,0.08045359231897914
9876,0.068127156165259
9877,0.10866895375583825
9878,0.09959246280843018
9879,0.09896614443811762
9880,0.08718453146822361
9881,0.13658215928659329
9882,0.11871622836586242
9883,0.029002445815054068
9884,0.14407380383034465
9885,0.14157561745030026
9886,0.13847783766957042
9887,0.10790562302122125
9888,0.07659421737339593
9889,0.1284524925545861
9890,0.031190254192391936
9891,0.11966696999828488
9892,0.056358134520545104
9893,0.04497130180885672
9894,0.1301234994940733
9895,0.11886121059628674
9896,0.015312706399682519
9897,0.11380886139106008
9898,0.07850932002639105
9899,0.0766131709221754
9900,0.10442785435519697
9901,0.09056440688230145
9902,0.09969363742335624
9903,0.020035773528720307
9904,0.0892276075572903
9905,0.15210868575839342
9906,0.1387078626970853
9907,0.12714975957760802
9908,0.09348265866253894
9909,0.19624508585729553
9910,0.10516211567985367
9911,0.13530872340169015
9912,0.06390329341539136
9913,0.11928134227343871
9914,0.02050249936063874
9915,0.16409473393064572
9916,0.0393086690396858
9917,0.0527601946100094
9918,0.09673441881011985
9919,0.17300140469919034
9920,0.07333566456348686
9921,0.15665591422082456
9922,0.1666574591614457
9923,0.1465844627562346
9924,0.14927132486082986
9925,0.09168079230894871
9926,0.14031518191273554
9927,0.07498710642758423
9928,0.20223974980808218
9929,0.13788088953157285
9930,0.09109692342712358
9931,0.1318298061607058
9932,0.20727749053388714
9933,0.1138497828046286
9934,0.08095244079136901
9935,0.04693313340862296
9936,0.13626749024676443
9937,0.0022375376148775494
9938,0.14589855183492353
9939,0.10699813921553014
9940,0.08761774395049499
9941,0.11128836901713159
9942,0.078987582400734
9943,0.03712184455256383
9944,0.11378570305121288
9945,0.009991055603816829
9946,0.14416793866832267
9947,0.05156387736778743
9948,0.060680973198970936
9949,0.12272145209560613
9950,0.12078084042596118
9951,0.08730783992062957
9952,0.08132382842159998
9953,0.031117009277329397
9954,0.08518993087010232
9955,0.12642823044573984
9956,0.13999499139040517
9957,0.057458711457380435
9958,0.1222274739768134
9959,0.15201372503734106
9960,0.06882820007419824
9961,0.09389962051642134
9962,0.16319954579110404
9963,0.22052564094662774
9964,0.06081515091605079
9965,0.056648710655851586
9966,0.16761435855867174
9967,0.13344028969210947
9968,0.10649502543389265
9969,0.12951828798196335
9970,0.09792452336840475
9971,0.12712816098338164
9972,0.08081789780680997
9973,0.01215825235265535
9974,0.14284872914082905
9975,0.07801035828138064
9976,0.08244154317350527
9977,0.12707214650853638
9978,0.00020301406784865167
9979,0.09433331528058644
9980,0.13176407280133984
9981,0.12271420744122957
9982,0.069650944024474
9983,0.09232035941532847
9984,0.15151159894445781
9985,0.08382160626390647
9986,0.20348553800283126
9987,0.1300287414083325
9988,0.11521234667314433
9989,0.17292008304948223
9990,0.008929572549369437
9991,0.08798885767673273
9992,0.09699483170244948
9993,0.009814185153606735
9994,0.08528956036354049
9995,0.013644727576178073
9996,0.08286289242562109
9997,0.0905121597949319
9998,0.017276994995477718
9999,0.052735684483193726
